t,dx,dy
302.54,7.993783969266644,-4.102040056683791
302.56,2.566409603518011,0.349151485647095
302.58,-9.326574507319314,-15.244436145366052
302.6,-28.46886890148521,-26.51486046295468
302.62,7.413294256800281,-3.857355540162338
302.64,11.012736942507736,3.0457811904419216
302.66,-8.856191261959886,-24.034337566363057
302.68,0.057545711634517716,-0.13399055959174433
302.7,22.13106121140556,53.4609328510963
302.72,-127.95186596597776,30.40035168928455
302.74,-0.13224039018939493,0.08772130931014743
302.76,-0.34062466793316304,-0.13150957994465529
302.78,-0.11250489680015363,-4.125263490462771
302.8,5.721009219529346,1.6017959171517901
302.82,-0.21676458213325844,-0.0401212294320743
302.84,-0.0012793813849896196,-0.05042188542088155
302.86,-0.15684540097250022,0.29901743074138665
302.88,12.040451868363906,-0.8122470195672946
302.9,-0.023419256016623535,0.14043886260356686
302.92,-0.023974952846849362,-0.13055002667034188
302.94,0.0064196965364935465,-0.2918493202847472
302.96,8.764428691460399,-0.8156863674314394
302.98,0.13762814561995285,0.03265959369121063
303.0,-0.05003046798688615,-0.2864682157057601
303.02,21.314354935621893,-2.160871747012628
303.04,2.9720083018515417,1.4777105643430524
303.06,0.29188154568855396,0.03671765648658365
303.08,-0.10200788744858613,-0.8029034700324331
303.1,11.025194585418362,-3.3868365673761787
303.12,-17.179136432583782,-3.243422883045234
303.14,-0.014608020813291489,-0.02386791533754007
303.16,-17.95206472084373,-31.00170116053969
303.18,11.55527356684448,-2.2966425565853044
303.2,0.27331357916360943,-0.21411079604912686
303.22,-0.016524024976384055,-0.20569007103597414
303.24,-0.18274076359617197,-0.37483886889950924
303.26,14.06216158179754,-0.4128959055619461
303.28,0.010440455627726664,-0.175870444743083
303.3,0.02018475844852574,-0.09145316732754338
303.32,-0.005321550819083143,-0.25549528879633954
303.34,11.798961115429577,-0.3909636625172297
303.36,-0.05304024409355179,-0.31738864373618014
303.38,-0.02807443078618377,-0.08284823231795713
303.4,0.020395965562588714,0.4653518978936866
303.42,5.701032717463949,-0.2168962595725361
303.44,-0.07686143615607932,0.19764319759404358
303.46,-0.0021800142719925475,-0.1503962394980789
303.48,19.466127444023925,-2.2180738745832898
303.5,0.9578740211699284,-0.1964041776633394
303.52,0.039866582507663395,0.12797865196104397
303.54,0.07296582388583772,-0.25258837641154486
303.56,0.14680939405905846,1.6569474131849375
303.58,0.03012577573867503,-0.3316026334887212
303.6,0.04157868603987325,0.01620550809422383
303.62,0.10298640370172407,0.02872324285882044
303.64,15.560157228703172,0.8306347386857702
303.66,0.07682216078642057,-0.27837172781324426
303.68,-0.02699894150860871,-0.08895182713249028
303.7,0.06887245248721285,-0.23242610915725948
303.72,25.603684296572133,-1.6134775502836618
303.74,0.06504983118108498,-0.08887267584574232
303.76,-0.002939222248919293,-0.11455548563858997
303.78,-0.05787905815589056,-0.13117834385919735
303.8,1.14071059587436,1.4847267903427408
303.82,0.03438162887383811,-0.3657343497664627
303.84,-0.05627981468591514,-0.024976527303010698
303.86,0.09181988453121903,-0.0529835747369205
303.88,-1.2719782876110415,-0.9445786983635074
303.9,0.03408155477177033,-0.15314912117833757
303.92,-0.0919548140648132,-0.20218252393832614
303.94,-0.41578686344345783,0.85001174156994
303.96,3.1266242858440236,0.37728720176286856
303.98,0.13759898016750327,-0.28989781343237553
304.0,0.06223948782687927,-0.46685430092264113
304.02,0.6295384956733514,1.2366660133487848
304.04,-0.1009342729545466,-0.370264075560911
304.06,-0.06481677618565129,-0.18160595873523988
304.08,0.1025115819266702,-0.28683646647332495
304.1,6.337467517887124,-1.8094618807535525
304.12,0.020034928399713436,-0.4026140529447986
304.14,-0.010210696325302138,-0.1628924144413162
304.16,0.04653880995645565,-0.07296562484102509
304.18,-1.0573603138604426,0.8734878640340646
304.2,-0.1322957515453851,-0.2803443873453588
304.22,0.0240703619507876,-0.11346677855775056
304.24,-0.0019187228345600715,0.12349654800560117
304.26,-0.02369700037733935,-0.4087815930751475
304.28,-0.19369503342390715,-0.33880235592139485
304.3,-0.004652470357456195,-0.17117805614974202
304.32,-0.09441377442123411,0.040666690050972676
304.34,-0.3760282321570756,-0.08640351658377199
304.36,0.07882567842645116,-0.28596483267210004
304.38,0.07127964401063025,-0.21997322355622373
304.4,14.957946758470726,0.47310521440763864
304.42,2.1121387440941994,0.41658610178206246
304.44,-0.06930655035888833,-0.12829906734022956
304.46,0.09634458849147975,-0.3486469804116936
304.48,-0.07909024287098276,0.8825656218087232
304.5,-0.0011644404992168234,-0.26091182372468325
304.52,-0.049282446935727364,-0.07157117990438167
304.54,0.10161203480695491,-0.14570420562552755
304.56,11.63792158115541,-1.3788083777915148
304.58,0.027306750315869266,-0.18653060659790555
304.6,-0.019432063701479763,-0.10778041611710165
304.62,0.014776605577779378,-0.10691905135813329
304.64,-1.131299078383698,0.8269189155101699
304.66,-0.00037392335146790856,-0.14084041786570367
304.68,-0.04445093978651471,-0.06214304870623266
304.7,-0.10523595089728133,0.11280192680564127
304.72,11.143584588879701,-4.436842524674773
304.74,-0.10565242271474062,-0.03302553906996053
304.76,0.002410231794357287,-0.15736608776528271
304.78,0.028706029138721334,-0.05364613282321784
304.8,-0.30548716929106234,-0.49428959415747187
304.82,-0.15902339853813885,0.051287975136308006
304.84,0.036259111737368954,-0.1963370039142731
304.86,-0.34473647601272006,0.40260184612508
304.88,-29.874552579071512,-5.6845427318245285
304.9,0.10684024984835006,-0.08868613572091988
304.92,0.032493443140062084,-0.33538562166700814
304.94,0.47891261693717624,0.055840987448032564
304.96,-0.046863359227863555,-0.2915176494297711
304.98,-0.04728917622738038,-0.08804930834136826
305.0,0.03636913900142247,-0.21585090801799822
305.02,-0.08300518323533623,0.07338494417973607
305.04,0.013386326721828823,-0.4582775084550974
305.06,-0.05015259465674404,-0.18755542389256874
305.08,-0.14046552467092255,-0.31564022707597417
305.1,9.067339644432789,-3.1226523584645562
305.12,-0.12814248204523437,-0.5047855897166613
305.14,0.06449147154581425,-0.13503740362899208
305.16,-0.04417527241754726,-0.07125168480760635
305.18,-11.171110104488278,-2.4572118408197454
305.2,-0.2691814960472172,-0.588845637422331
305.22,0.003899202945660818,-0.20620158355351492
305.24,-0.3704117144473926,-0.15915810670714592
305.26,8.698532463195402,1.3240576412402127
305.28,-0.2953687381252763,-0.2737996506005871
305.3,-0.11711955758428161,-0.09570650867713937
305.32,-0.21681965768523526,0.006056782079188139
305.34,1.3074261839128987,0.07902486460170621
305.36,-0.22875351867285332,-0.10964650390319264
305.38,-0.058461378974818956,0.06529026537682725
305.4,-0.2718791960926552,-0.9086056224286168
305.42,0.2075498985032489,0.15358845373976848
305.44,0.02748905734076601,-0.10352450439081196
305.46,-0.006597383899325848,-0.13466705145979319
305.48,11.87709336982909,-2.8306904691696317
305.5,0.024164997871839233,0.09940643079124811
305.52,0.022999983234804233,-0.0863379959388979
305.54,-0.06545665118213861,0.04609292293752887
305.56,8.886775324054561,-2.5923296700031457
305.58,0.004464011491926101,-0.08622069219863704
305.6,-0.032372584679329464,-0.17556903603604468
305.62,-0.1413111769264077,-0.16978403443049928
305.64,-0.23139739706574147,0.46682609807150044
305.66,-0.1163894695061174,-0.21856326780730484
305.68,-0.036473204977156115,-0.1626197149695514
305.7,-0.24619508941749757,-0.07525035899316634
305.72,0.40399729888824965,-0.03890355372619325
305.74,-0.24423950164108277,-0.056144431004348405
305.76,-0.07180369456303737,-0.07980991464794585
305.78,-0.2559919092023364,-0.1579360334731561
305.8,0.7429130414746581,0.4023314891457197
305.82,-0.18359680519351684,-0.06891355425696588
305.84,-0.16477671756447876,-0.1612138913817489
305.86,-0.28545876051238395,-0.6850267515053332
305.88,0.16589782717116108,0.019812837019710372
305.9,-0.014541363821741982,-0.09225454275081546
305.92,-0.11205114311332665,-0.13905866489489682
305.94,-0.24247640494176892,0.5326468956422516
305.96,0.17993704989897807,-0.002284460125125065
305.98,-0.0022067516099113504,-0.08459096314990688
306.0,0.1234672571311961,-0.0439437376797116
306.02,0.006750317453203536,-10.244881353745612
306.04,-0.030711955215103615,-0.22465054121997952
306.06,0.03985317245017228,-0.11013713090080302
306.08,0.00500871158798688,-0.22003843752440133
306.1,-11.711369347408692,-2.491016634080772
306.12,-0.13981878587318164,-0.18080228279140442
306.14,0.021528762145713642,-0.14297437307890704
306.16,0.007502472403718485,-0.0058171308639884955
306.18,0.05712245445557329,-0.08859788223647769
306.2,-0.18702145610937748,-0.1989101347450415
306.22,-0.08743368939135365,-0.07170654959241318
306.24,-0.06323971741780099,-0.027125981339736427
306.26,1.0048161896823942,0.656435094406298
306.28,0.04033527887603938,-0.15696457014145437
306.3,-0.09146819086124225,0.06213895127063296
306.32,0.0008658834638666235,-0.8032217623083469
306.34,0.007043124151181246,0.20764725815280372
306.36,0.032180726670645754,-0.1218587821778172
306.38,0.04662319625781208,-0.06287281493871433
306.4,11.312418754904197,-2.4872209321791843
306.42,0.03601782559044864,0.06354851645964033
306.44,0.027883663553648574,-0.0597980221857739
306.46,-0.03196437553337006,-0.14867591401838354
306.48,0.44183772109314035,-0.04834043619352002
306.5,0.03815432100506655,0.08847170595261744
306.52,-0.013380957053350073,-0.12630239093859075
306.54,0.02403308095228951,-0.24179386901143118
306.56,0.20865893678515945,0.3913291344754519
306.58,0.0194315845612536,-0.15224391028686313
306.6,-0.06219829968943458,-0.11648943429266012
306.62,0.19117040233857807,0.19850121079783634
306.64,-14.311839485130783,-2.564138754181684
306.66,-0.0593419832844333,-0.14548265902055846
306.68,0.059177898661911144,-0.03617279732296197
306.7,0.07037585881177577,0.010823195139362696
306.72,0.8043704879139213,0.06842318469571751
306.74,0.012891825367049137,0.04678951374891582
306.76,-0.2541750278446955,-0.15117191147569287
306.78,0.24213716574530864,-0.1402962758363131
306.8,-0.055853156886037425,-0.20796619791109094
306.82,0.006048786314828192,-0.1380634628642241
306.84,-0.08886866123291526,-0.2542506273674192
306.86,14.709432627375236,-1.2757671101170516
306.88,-0.11239951360293077,-0.0329854867450976
306.9,0.0021445636602877016,-0.08813937977822661
306.92,-0.07900792648324284,-0.14414608588447209
306.94,13.398657826411732,-0.7644030197858314
306.96,-0.03172911067335349,-0.07476380577264763
306.98,0.054222059633609376,-0.09878130485903824
307.0,-0.2129657294930709,0.0784170649758309
307.02,0.3659986269443465,-0.24652023343279694
307.04,0.07440585469549887,-0.20801951551480613
307.06,-0.03482032041394234,-0.12848641108615055
307.08,0.22497043039149744,0.2091201986871809
307.1,0.13939976603199966,0.023244621685247324
307.12,0.03855075556447929,-0.19756843164202564
307.14,0.14995629558200108,0.19294071328763351
307.16,-0.12498400009477706,-0.5979288490106498
307.18,-0.0967178354564524,-0.12722501364597605
307.2,0.03963014982462809,-0.11328504851704935
307.22,-0.004792467323120775,0.126288770995874
307.24,0.1236498827596968,-0.28429550942843207
307.26,0.08677392929758199,0.06735321169583841
307.28,0.028089964053375382,-0.046651699622074716
307.3,-0.06702868513328042,0.0829510482325162
307.32,-10.407345386683815,0.3729779219004925
307.34,-0.002961040720862229,-0.14785920057851598
307.36,0.044384907767199167,-0.12027741547978366
307.38,0.06998127094570705,0.052670917049518096
307.4,13.095500637150842,-0.6411105871107523
307.42,0.0222454137636241,-0.15342409601613127
307.44,-0.08722355248818303,-0.05897539893120296
307.46,-0.0025813436672237344,-0.2564114992239439
307.48,-0.39045637528385413,-10.917720289780782
307.5,-0.2520117945381557,0.16695543864734574
307.52,0.0023928950017584327,-0.2568389347694051
307.54,0.0403832034799656,0.192931116217693
307.56,-12.965608337846078,-1.8015576191802296
307.58,0.08947750564685109,-0.032000817695752914
307.6,-0.2592617738519323,-0.223287862460964
307.62,-0.103054339648466,0.5780660578643761
307.64,0.578356057578663,0.23933514266400735
307.66,0.03908933807090875,-0.08143496333792655
307.68,0.18810472183971783,-0.12871785352723464
307.7,12.799414937721593,-2.69084858335561
307.72,0.046463851318343075,-0.21536207997681345
307.74,-0.0003133429633450646,-0.0035991351600941357
307.76,0.026326055651580305,0.049784708670092215
307.78,-18.562255271157575,-7.871449494066759
307.8,-0.037275769336893916,0.03149930988905325
307.82,-0.02286039765836989,-0.07432650343921665
307.84,0.07866417520855506,-0.03896780227628227
307.86,12.523773508524773,-0.9743274055631375
307.88,-0.07678853147204734,-0.029394344081119073
307.9,0.023765039236209873,0.12598007115145293
307.92,-0.03671894961277644,-0.23118682452988537
307.94,-0.21755558159168942,-7.413338617884804
307.96,0.2546059803789049,-0.028786056642530866
307.98,0.13501378945492348,-0.20801478687709363
308.0,0.1522664200658923,0.591795248334325
308.02,-0.055583966834085174,0.5931243493961134
308.04,0.015899124007969334,0.07696465487623882
308.06,-0.11415130261831052,0.3656677355630116
308.08,0.13870714469303635,-0.17027081787165343
308.1,-1.1038479160856909,-2.7718971080522863
308.12,-0.040059238442893275,-0.08887244334828637
308.14,-0.06107273839412386,0.053798118523246785
308.16,12.105340433589252,-4.6136929406540546
308.18,0.04726427558030366,0.06435670345553746
308.2,0.0067131138306919524,-0.09960882403957072
308.22,-0.21548288824350692,0.13345236242955494
308.24,11.420907952318238,-2.6784946037917194
308.26,-0.13386348355643918,0.17906999867944862
308.28,0.025698041646137426,-0.01836239956107022
308.3,0.11529531242769764,-0.08287063868012012
308.32,13.046329200418914,-0.8193652916223826
308.34,-0.025413822853472823,0.08043083253743433
308.36,0.0532229759671452,-0.11145361973676415
308.38,-0.0750024396143445,0.20844589446310735
308.4,1.215141888601405,-10.085787117684248
308.42,0.011996961805913031,-0.19249127055763182
308.44,0.14176288567940531,-0.09229002568121558
308.46,17.946052483790297,-5.88823442307789
308.48,2.000715989250441,0.8068759193341037
308.5,-0.08510413722472521,0.022262358909074464
308.52,-0.247168718690979,0.17904427933398992
308.54,-0.0830208861353654,-0.23708566925147778
308.56,0.1791754350388537,-0.24533547635060415
308.58,-0.05804169797920622,0.017639180299159563
308.6,0.02802361091091754,-0.052026275334512206
308.62,13.185357935927573,-2.562614343837332
308.64,-0.16792124513865758,0.2636122584955274
308.66,0.04401802205210359,-0.15945880799216638
308.68,-0.04350522451822769,0.1687956103043753
308.7,12.250530825488468,-2.827024090501652
308.72,0.1030015389839889,0.34041735661496375
308.74,-0.005585089680955946,-0.008295083310983387
308.76,0.12131046891074959,-0.2009627702765684
308.78,-5.08879945989861,-7.080142050364749
308.8,-0.29265390713176487,0.01692195405696495
308.82,-0.046410601739808044,-0.2992613365201393
308.84,-0.29904997347194495,0.6240613481259878
308.86,6.203103684102921,-0.854743471194972
308.88,-0.04079395098342076,-0.08224096188818919
308.9,0.23730889227322294,-0.14807997537896256
308.92,9.172857615757966,-2.8206005246228756
308.94,2.5910043367700304,0.6669790596891119
308.96,0.10690641541174273,0.08828603896924747
308.98,-0.010934022246146924,0.04665999759673056
309.0,33.85248146580222,-121.53891585925362
309.02,0.09569711993741237,0.0663237252182185
309.04,0.028234480098607406,-0.04441057479640875
309.06,-0.13990603436283067,-0.23775708784993554
309.08,12.806233333335971,-2.9093047617063093
309.1,0.00399541889155941,0.1477691814238895
309.12,0.02368634621615584,-0.06345660352574356
309.14,0.04854588918837166,0.3686374265381325
309.16,14.374195828726307,-0.16246296987961273
309.18,-0.19543123666728235,-0.4194631863496241
309.2,0.005818880767062495,-0.06237682624705343
309.22,0.12449211773163427,-0.34481364098135003
309.24,-4.959418328770859,-3.909903414368941
309.26,-0.029541626446821567,-0.08038388501890381
309.28,-0.05036039954845961,-0.23336434388225769
309.3,23.270958871352917,-2.796817875459979
309.32,7.738536254515125,1.5509826974855407
309.34,0.05167518118584624,-0.3153575664567825
309.36,0.11440544715103584,-0.13254736320705973
309.38,10.763331064520784,-5.837211353549691
309.4,2.284399609570567,0.45830958569250413
309.42,0.05565354927106725,-0.08004774913670332
309.44,-0.08588526570403587,0.0453904026300016
309.46,12.680205244152404,-3.4884686267014544
309.48,-0.24990533839515905,0.1928352230045185
309.5,0.03814743753399341,0.008525816907628325
309.52,-0.32845270053967823,-0.23379407396054575
309.54,14.761087646441016,-0.8052876766994643
309.56,0.12820168823078149,0.5548395872315197
309.58,0.022109431944770108,-0.3223087746528108
309.6,-15.015443677205973,-5.198270481492713
309.62,15.262263016827827,-2.0032147185378477
309.64,-25.772656567945354,-14.43444942166581
309.66,22.966637709610104,-0.8611615102782082
309.68,8.246756348457943,-4.8593344081371015
309.7,5.485985115812802,-0.08136599739489725
309.72,-7.9904030964004775,14.238279306088092
309.74,18.97283979069295,-7.246475169740371
309.76,12.428783008357705,-1.6608287511000626
309.78,-1.9062258071310652,5.449645392570488
309.8,29.227228859051714,3.91581542195199
309.82,40.57150969544783,-24.748379948131507
309.84,9.665933211220693,-0.1835240358357879
309.86,12.89921277084191,8.633628107501622
309.88,-26.43663284362949,-1.9322224578044924
309.9,9.82780567983913,-3.7984679023901435
309.92,-11.650800670619816,-2.670311907139805
309.94,-26.70929715779227,7.1326670789597415
309.96,16.199669532771537,-4.308333865708519
309.98,17.425040483418186,0.2263160737846519
310.0,1.7364400354450318,0.11243853694822192
310.02,-29.333908963748215,12.821118458782216
310.04,15.593199185642867,-9.662980623719896
310.06,13.656727185942405,-0.0284875037082557
310.08,-23.96199981296492,11.588842286675018
310.1,4.812889461119667,-6.022278522409252
310.12,10.210722603819832,-1.3435954804848436
310.14,11.115245354939937,0.3639022841865369
310.16,17.385504033105672,0.8868563047838158
310.18,14.950681618175796,-7.536985832804113
310.2,12.243009387739086,-4.312225883853145
310.22,8.172501380223657,-0.2838056900996051
310.24,13.761355353260292,10.752514868257329
310.26,-13.550469701903644,-19.395420203425807
310.28,23.480338848145344,1.5685673248418581
310.3,-10.026525329991912,-4.077421448650021
310.32,-9.944252029815367,8.292169244499725
310.34,31.195914715360672,-7.364910652822914
310.36,17.03178141457115,0.09745989248372311
310.38,-11.898907326183952,-2.738065287626725
310.4,-12.349825709108032,4.715984570057202
310.42,8.155554848977506,-1.667784171133249
310.44,15.663370598941455,0.7486070640820301
310.46,-7.554814516007532,-4.696602665888342
310.48,-7.590752243256823,3.5434381609964447
310.5,11.206179229272308,-4.550461930698759
310.52,13.239497758349128,0.552776627093376
310.54,270.35976300370135,-114.8600475137157
310.56,-10.045836841369344,1.64624155631968
310.58,18.292293589550823,1.789414379424553
310.6,-7.669383838261595,-4.7964060951736585
310.62,5.294726344979747,8.404274720217806
310.64,-27.205285532761046,-4.704337180205336
310.66,19.8006285119247,2.51116000835696
310.68,-7.87490127998543,-4.045715074228504
310.7,11.37101007070234,14.167605092808579
310.72,9.99352605819169,0.008243384270585352
310.74,18.007528528136334,2.974184792829437
310.76,-0.018218875387631783,-5.3926026286763005
310.78,-18.025763224879086,3.678047338083317
310.8,9.49623159748645,-4.143905352723294
310.82,17.824450910177383,4.285249573875479
310.84,-13.293354819035848,-4.542370940921863
310.86,-13.250884060532314,0.7912810686488889
310.88,-28.760140020656507,14.48197107846407
310.9,12.344862685153092,-15.16907295805634
310.92,-18.14992775171507,0.9095705814439228
310.94,2.688673192782076,3.140363117748553
310.96,-10.250543141586732,0.17334324152299985
310.98,-6.005676047836673,-1.956214877829666
311.0,-17.634796708148862,1.4198280019440155
311.02,9.092108995268834,-3.2863737622345255
311.04,-27.736162347063434,12.877555815196473
311.06,-2.6440541605216055,0.6522917729889066
311.08,-17.408803429286486,0.5358361965289689
311.1,10.31105804914445,-3.8048680230124177
311.12,-15.844680581870968,-9.760792735266271
311.14,-8.262475921943377,-1.9614373845497681
311.16,-8.822460187230938,-0.2837157794514198
311.18,31.627915727141605,16.5142266549338
311.2,-21.935605285896088,-11.252132564210832
311.22,-20.572692088093078,0.47214460604542197
311.24,-8.288735410209675,1.2842914395782579
311.26,25.278877894232572,5.584996381256907
311.28,2.249257061196989,-2.9651543269762044
311.3,-9.585370352730457,-3.3741898812600866
311.32,-7.827162980647181,0.12743775880772645
311.34,-5.889121263519712,11.42324070345639
311.36,24.575901862311184,-8.271563480937502
311.38,-20.758441833046156,-1.3416452862487844
311.4,-5.167454957689067,9.476063465711611
311.42,14.366890769994605,0.9923423875783577
311.44,16.498932075793565,-11.402248405992644
311.46,-13.36974249177213,-3.5427460351903903
311.48,26.0308755056877,10.409270439900194
311.5,19.445744999442148,-0.4994354920752784
311.52,0.3796287071150459,0.1695640594502308
311.54,-15.676666564143197,-0.3635299820106468
311.56,-31.494763408844435,-6.336908824644048
311.58,5.235095148209904,-3.7495328130011742
311.6,-28.334742618556746,-7.901299600757845
311.62,11.444139679937024,-8.809169579294917
311.64,19.898877532397766,7.766474300249062
311.66,14.434929187464704,-0.9180268217478442
311.68,-3.5485140053830335,-8.489955877588422
311.7,13.6183313236753,-1.2131466528594643
311.72,11.149944609227681,19.73260560386526
311.74,4.039440522155246,4.412170933644575
311.76,30.90751896820904,-2.559496267668301
311.78,12.774055353411988,-1.0445941254190316
311.8,-11.09973134969978,-14.888088564618712
311.82,-40.05149473335642,-20.903792295879654
311.84,-11.776321187474736,-4.581106842991957
311.86,-4.269635934250509,11.15539645605243
311.88,-0.24074890095981516,0.22070169737651568
311.9,-7.61991005297196,-11.138893254029185
311.92,-9.266176670130314,-4.159902961811397
311.94,-11.895256292246678,9.246676093744934
311.96,-12.659870786145113,0.6499896946867132
311.98,25.665410656170344,-3.3804412397069896
312.0,-10.672274506726652,-3.9381146861841927
312.02,19.94291480315656,11.34325471962693
312.04,-14.638679527962843,-1.4886057281713647
312.06,-34.96875076649371,4.487578509396599
312.08,8.399203883689932,-1.2403202656940806
312.1,-3.4658254606309526,15.24227969185499
312.12,-14.324805354981763,-11.05697989177473
312.14,19.91010898720814,-4.757424770722949
312.16,6.472470410970217,-0.8663055394202601
312.18,-52.17182074790172,12.3724773063982
312.2,-6.777406932725846,-10.574105665740163
312.22,23.059544983568657,-3.754599740482753
312.24,-5.709768306280097,-2.8297289327529924
312.26,-3.818619001799995,13.518554054320823
312.28,-1.6189332038953523,-6.948187358136373
312.3,14.401471819564602,0.46987767425518356
312.32,-43.98495863468297,7.242433199030462
312.34,-30.905892746628403,2.967098287127399
312.36,-21.747136562299076,-10.877294939560713
312.38,4.418508329474822,-0.5280163880035786
312.4,22.384736826689696,-5.828393981258962
312.42,-15.155393763876482,-2.549103725511472
312.44,32.60666287141149,0.4400170878090286
312.46,9.652625335948724,-2.7371608060041552
312.48,-8.994202545138116,13.34724491263777
312.5,19.99241316655216,-0.03991334316967965
312.52,-1.5557256142678,-14.781920646181604
312.54,8.207045616557753,1.3021547592632032
312.56,-3.0636879580963665,16.911855949146116
312.58,0.05931925874871169,-0.7194345152624706
312.6,12.492667556865623,-0.04183122303733455
312.62,-8.377123317516777,10.204080463076757
312.64,16.67033364636734,-0.07871060027916599
312.66,-9.904869582817383,-11.443206340593612
312.68,14.72796622277691,0.2947318753419239
312.7,-2.344924456675095,-4.230756007820389
312.72,17.601403443734018,11.868464495704
312.74,-22.740476620835317,-7.832835465175457
312.76,7.016876358631695,2.19714752729562
312.78,-13.414638327334778,11.6453499359157
312.8,2.4681966694012267,10.87479158109257
312.82,1.0229576890649419,2.840025509099547
312.84,10.561481422928296,-23.91368629567407
312.86,29.09384574674738,8.847211264952389
312.88,30.901375836947366,-11.068154073863766
312.9,-3.043620978533923,0.3936252976274801
312.92,10.757023188767281,0.018714075604819413
312.94,-11.306059026611692,10.312973876405042
312.96,-28.374675012502507,-8.443147538313987
312.98,11.156554295226147,-2.5811421519134967
313.0,14.125235405077394,0.9255630493022693
313.02,-12.237466074534538,0.31851394402370303
313.04,-23.14886703958053,27.793337651512104
313.06,18.081523197944826,3.2120687890785824
313.08,-10.175811763879054,-4.538939260687592
313.1,-16.070283034497173,4.611724893612884
313.12,7.384343222161942,-1.309940738292724
313.14,17.802791503800297,2.5406915533336125
313.16,-10.015563140551713,-4.150535854978699
313.18,-17.686020643275405,0.7026355839586031
313.2,11.626181959942233,-4.107231835229847
313.22,7.516802803357141,3.632999714031815
313.24,-29.80288846524722,1.4694877259199117
313.26,-5.541852910885687,2.817127882238456
313.28,9.996707536703866,-2.2091376111726007
313.3,3.313127287864333,2.7711375636816307
313.32,-1.450951943544183,0.09289342343157614
313.34,-8.559969706649767,1.151629361099637
313.36,-28.565002595540896,6.959466919713943
313.38,23.66864402819221,-9.442179773955871
313.4,-16.640753067498707,0.9395882851939739
313.42,11.836730877299168,-4.206809414801818
313.44,5.213605881275392,11.862645120966544
313.46,-13.432173104882004,9.87244748758756
313.48,-7.993404022856232,4.698141567203468
313.5,-20.7709082257576,-5.208328794466269
313.52,-0.2728068947855533,0.29481566065461706
313.54,-9.962006309118081,-3.4258070686742457
313.56,-7.56794013623972,2.7739497648472238
313.58,1.6114691107323829,-3.3140708471566356
313.6,17.268416799229065,4.309224873879096
313.62,-4.543577102193467,-6.832064184490932
313.64,-7.93748611743996,1.435104985686987
313.66,0.12945809829498955,-0.16174839994450707
313.68,26.267826733933592,-12.313355444496501
313.7,-12.543605781304947,-3.879704796455414
313.72,-3.9655934587945083,1.9285950618349013
313.74,-7.167688901894145,37.64061901215764
313.76,-19.805113134435146,-6.370815451486358
313.78,-12.89666814268653,-3.376535113481637
313.8,24.69786318396734,-1.8939047279418162
313.82,-20.151311139378826,4.53952468778202
313.84,-31.130838686365436,-6.388586311571238
313.86,-8.15409105414578,-1.6243893432711616
313.88,-3.820839551571922,2.8273920611875667
313.9,25.086482123979813,9.513094483707153
313.92,-17.63916231921685,-6.20400354618647
313.94,-14.440253378811406,1.0665756913101987
313.96,3.2005403421087095,13.308527164717006
313.98,19.021706283577192,-10.084801484522686
314.0,-9.378317918685681,-5.43753095653156
314.02,-10.085290415088004,0.2617651929497953
314.04,-0.7512839345618048,-0.05502749842246146
314.06,17.324135903169235,-10.481168835279824
314.08,-17.511037928304134,-0.8218153921822449
314.1,-7.384475258445441,-0.1228675278228053
314.12,-0.23561909192856945,-0.18832118641411455
314.14,-1.008389430528105,-0.24532532522581363
314.16,-17.435701211304433,0.6924644499482433
314.18,-6.146258970365032,0.3383557803101418
314.2,0.13172244035709468,0.7457053063880004
314.22,12.849909995016812,-15.287863447895603
314.24,-9.657275827013315,-1.4443144225077162
314.26,0.013251558519048245,13.146499771706996
314.28,0.1614311603450851,-0.8532904039798836
314.3,11.852123054535507,-14.388468303771518
314.32,-11.514639483936534,-0.47569459876974207
314.34,-0.3117765651399864,14.205076254958286
314.36,-21.25135573371299,-5.071554719356449
314.38,-8.920526685444727,-10.437033497699339
314.4,-9.364736015312616,-1.330932433809764
314.42,22.407511642979593,4.173491124875653
314.44,19.051940935802786,1.887495058389412
314.46,-20.08639841998452,-8.67335609130889
314.48,-5.9644801028986265,-0.9134985121192187
314.5,31.463334933626513,12.33961570051681
314.52,-20.84177985164755,-6.445845217137958
314.54,-29.243551425678177,1.2474811294204287
314.56,4.323367063464797,-4.04103472586997
314.58,-2.687086095775662,14.857308838543496
314.6,-2.3892048997145423,-11.212007997943743
314.62,-11.330968677077898,-4.212606039792831
314.64,12.12705709933094,14.67127320296576
314.66,13.127254109357654,2.1774535408168205
314.68,4.781078480565636,-15.77110252532512
314.7,-14.069923514675189,-1.3839443384620154
314.72,0.3616741451015848,16.131688272390367
314.74,-0.49169189873276764,0.029508236444343083
314.76,-14.885582768293709,-12.600347731886352
314.78,-4.7927679175032125,-3.4444103699003747
314.8,0.058773931441653104,0.05203580614127645
314.82,0.5225446606812127,0.050595127779917703
314.84,17.224922996281016,-14.174839496578805
314.86,-13.06872878824749,11.419533774576955
314.88,0.006317280711282791,0.7442530344149709
314.9,19.831185375642143,-11.031396218057758
314.92,-12.323974506163879,-1.0006442614569053
314.94,-14.713933838514293,18.832237281060607
314.96,0.32311388532720287,0.02402417120579159
314.98,-11.304389993635368,-9.875988937080024
315.0,4.812429530673356,-9.770996830160513
315.02,-9.448830760430234,15.292061679286327
315.04,0.49999394254749774,-0.04292445742916584
315.06,-28.42965946208527,-11.920787418855262
315.08,-10.08753351747606,-5.940400320772525
315.1,-24.656982295849062,-0.6646443586527653
315.12,-11.207967363534287,-0.023214758398850677
315.14,16.772901889826375,-10.558854216443159
315.16,12.394293851399809,-2.3144016349297303
315.18,-0.3043784211157785,-0.46370978805082785
315.2,19.842855908897533,0.9372566566789686
315.22,27.871752038477712,-14.326662809284343
315.24,5.243936638308092,-0.6645896855926878
315.26,-1.6541927032633907,-0.02709563232031087
315.28,-25.908783380323186,-0.09370436480067212
315.3,16.07188796029407,-0.49518576578775964
315.32,25.503214397409018,4.174180483258084
315.34,-21.356645577145592,-0.8364583447326268
315.36,-28.0122299631346,-11.977836938958617
315.38,8.978133264699373,-3.230288206345172
315.4,0.5695378253930024,15.445779381690656
315.42,-22.87995549800089,-0.07726176251510708
315.44,-4.6859121445327006,-9.798599073016028
315.46,12.048833884814567,-3.9589367004277563
315.48,25.576074738332323,15.672606385175278
315.5,2.6109626628234395,0.8731589715936501
315.52,18.77495766039998,-12.44433169351381
315.54,6.3685100666750465,-0.008585373730369383
315.56,0.27921481347603105,-0.16815843427978194
315.58,-1.398523722967937,-13.953056074202102
315.6,12.490734317886691,-4.990290321613202
315.62,3.9246340096206183,0.41675518740144213
315.64,-3.913023388648199,15.064878382622958
315.66,0.6103599323964275,-12.493452692047384
315.68,20.907775545526775,4.607005098642077
315.7,-4.955355705073828,-1.4824572199548385
315.72,0.34540812144025423,-0.29404852881462773
315.74,-0.847335256361518,-15.993154680894072
315.76,8.647851121845118,0.535517257549806
315.78,-7.667265202409951,-3.095450064308153
315.8,-2.0900278539642585,-12.526347323975166
315.82,-0.8190284850570393,-6.224998825685596
315.84,12.722128599458728,0.2789209338251517
315.86,6.185468171715598,0.3206003032973541
315.88,-82.19710803261394,-11.229620955585546
315.9,8.423973314121959,-3.6768323102059526
315.92,9.93306382400111,1.4767701375706679
315.94,0.06020908929457036,-0.22271347272294406
315.96,17.385564763932948,-11.338125937560065
315.98,19.62969840743925,0.23190100061857066
316.0,-8.347232271444241,-4.127487860802276
316.02,-0.0997190058966595,0.085256609249452
316.04,-6.203860987892504,-20.29730231391035
316.06,17.68590677275731,2.4203425149914217
316.08,-8.583635295025026,-3.460740095465006
316.1,19.43385947496391,-4.924528301886795
316.12,-0.0782135440640559,0.4171977405882039
316.14,18.419909727176954,0.8555548511607967
316.16,-7.700601753451878,-3.7328553047712774
316.18,-0.8615565485723735,-0.3486382114134372
316.2,5.968206824632087,10.907189953990493
316.22,18.536821180918622,-10.984376655117444
316.24,-11.103615565937638,-4.0714434792959295
316.26,-7.177593054065277,5.017136753158056
316.28,10.282809383443382,-4.988693457468955
316.3,17.466325216382153,3.766896444064699
316.32,-11.19474955821719,-3.6007419899172604
316.34,-6.9726625037435355,4.191876466932889
316.36,12.393079258974502,-3.681677266256159
316.38,6.910988399843564,2.606812957429316
316.4,-27.479574315230046,-6.813818687231823
316.42,-44.784547766604845,2.0218919336137873
316.44,12.827913599100903,-0.021351061120839177
316.46,-4.5439332241832275,-0.34251386618118573
316.48,-8.997046071420115,-4.447430280751192
316.5,-1.4247946001738612,1.5296763638141897
316.52,4.407558858238765,12.543813683641314
316.54,12.558384878714524,-15.354099230015514
316.56,-18.743329088202827,2.6595660664820038
316.58,10.763237884582953,-4.228571815028488
316.6,0.10158187301929189,0.20687184738044095
316.62,1.1546077955544476,0.6519158127170357
316.64,-16.135542092638914,1.1074311226729918
316.66,1.1094074366427975,-2.9995935806340057
316.68,-0.31033202186033293,-2.426533651066883
316.7,-10.656608056843247,-4.224895728120188
316.72,-14.873247801125721,1.5564812481038857
316.74,3.863378858323884,-3.9331555861227514
316.76,11.174469660412555,-9.344839232469312
316.78,-10.341234325592225,-3.1707023735151196
316.8,-9.634965739828935,-0.8795024392101851
316.82,0.5503272004683559,0.8149707954773859
316.84,11.526040764386668,-13.68330217401327
316.86,-13.542358723858037,-0.07575075817402421
316.88,-0.1472809829802486,14.33305821976472
316.9,-20.84038451877541,-1.0248864488611744
316.92,-0.599395141061521,-4.572527202162291
316.94,-13.55456695720514,0.548561316190419
316.96,37.6913800291146,-1.2853656660941795
316.98,-2.2309448017123117,15.537281003184109
317.0,11.90035733392164,-13.61172892888807
317.02,-12.471392565487896,-0.13077982090283058
317.04,18.712945088925046,0.3179163734135706
317.06,5.781273678126954,-0.02469217676956248
317.08,-15.697896948311723,9.253030277367465
317.1,-16.357386312501063,1.5168632937447342
317.12,7.189557572522734,15.148945738029514
317.14,0.2944001187243295,0.010340620892190344
317.16,-19.051895467030974,-0.24349004850074607
317.18,-9.846518221332417,-0.19406909377841686
317.2,-21.622124255023373,0.011597086472949769
317.22,-11.368994199509366,0.20717622561212679
317.24,-10.750097494825368,0.5981852852338996
317.26,-5.196163292484265,-0.18002995442626002
317.28,-3.239202686486962,15.860624143666218
317.3,16.6186359363275,-14.241012720968222
317.32,-13.509681359210326,-3.2935421299798193
317.34,0.3023947835025389,-0.03459147287427555
317.36,22.499869653636395,0.4745879391393757
317.38,14.72853780998043,-14.63961962625254
317.4,-11.197783298724424,-3.153286953095801
317.42,6.01611302507516,-0.504125005721832
317.44,-0.16415021928347784,-0.028921204869313044
317.46,-4.6369336752512496,-0.40115887534317096
317.48,-9.77272081764746,0.3348176153615583
317.5,28.52453023743002,3.8659368947562207
317.52,0.3142140022816484,-0.3063838775625598
317.54,5.248595437768472,4.874226264244484
317.56,-10.916181613683179,1.32930375679695
317.58,12.433245052691849,0.15949982035048293
317.6,-0.23146990575357762,0.016901049346547126
317.62,8.372600406025377,-13.774498625961392
317.64,-6.901754791925676,-2.5604805428364728
317.66,12.049376293050262,-0.12853816117798544
317.68,0.08467791648959988,-0.40375763594472147
317.7,-9.714179227369954,-4.1209891179940925
317.72,-7.9998062870190125,13.815949364649828
317.74,-8.28589978617132,-0.07061189913242316
317.76,28.686643415453332,-11.708256618177721
317.78,-9.454906423543697,-2.394089471625257
317.8,-4.992895568534756,0.31254915996844446
317.82,0.6263115741770058,-0.02493613720670851
317.84,-11.094501176715276,-15.740468121219038
317.86,11.197349644308087,-3.359274632147077
317.88,0.29344400767675083,-0.15266048746308059
317.9,-0.8670392369172575,0.012927807468859243
317.92,-17.67217442590492,-17.987952340730025
317.94,-387.54682059607666,-203.99576375147663
317.96,0.24931204152845154,0.018036812108022104
317.98,-0.0968102943469944,-0.33029098020598013
318.0,-3.8547394616209942,-15.086038746272294
318.02,-21.92325333723916,15.98894626129977
318.04,1.5683176432937032,0.8591928188930282
318.06,0.09470981137394929,-0.6750755302970077
318.08,-11.192681646835211,-1.1535006565759218
318.1,-6.342742380637311,11.912313039896059
318.12,-0.43899413417710775,0.22893484222759497
318.14,-0.08589183649997523,-0.1576405786241608
318.16,2.0128914704526473,-6.016497349454362
318.18,5.69149074602705,19.911768061929855
318.2,-0.651195272845861,0.021249130519660042
318.22,15.181922094000583,-14.009002029169856
318.24,-9.49880796388205,-4.581484198602546
318.26,11.837263325217474,-0.38751604433508646
318.28,11.450216320536352,0.06604463190500454
318.3,-0.00041059449216618304,-0.22370023749029855
318.32,12.107849285807536,-0.24004521671638912
318.34,-3.379796550097552,16.64264596237785
318.36,-0.0009456613458240781,-0.38291817892546476
318.38,-2.125556074238503,-16.809806660745636
318.4,10.753761368905337,0.46812723160892133
318.42,11.231879722490824,13.736796625513616
318.44,-4.313733652100723,-11.557798520720759
318.46,14.298672565891987,-0.3463061060426469
318.48,-22.900216017995895,-11.15409705596499
318.5,0.024271588207245287,-0.035866674905001616
318.52,-1.386271739928631,-0.1085754511505641
318.54,16.021805794682948,-0.6681230843442449
318.56,0.5745314640777863,0.6738944948440277
318.58,0.06367432818893448,-0.10697241711262961
318.6,-9.210214418441282,-16.761229952240456
318.62,11.817145039911882,-1.8274301650706022
318.64,-8.335807238142785,13.176583125256723
318.66,0.2865296458592006,0.09966630326186987
318.68,18.196034670019486,-12.241240658941443
318.7,-10.211220762995147,-4.310359743498729
318.72,-0.08793052318026184,-0.2591474085639831
318.74,0.7522027349132365,0.19036905824453143
318.76,21.70539867111919,-0.9206357989849892
318.78,-11.054618478984622,-3.111380071733201
318.8,-6.204334540501499,15.875398710232709
318.82,0.6611007754554947,0.8270968319497989
318.84,15.251318618450728,-4.038295961408046
318.86,2.1126368130899706,1.4616631155374868
318.88,-0.27882332151769873,0.2570986798744599
318.9,0.17477134065415356,-0.1396387392075269
318.92,13.862188785218091,0.48270200826396703
318.94,3.204926606782376,-0.9880609360130279
318.96,-0.07800488206938638,-0.150208101668575
318.98,-0.7791835182899476,-16.78553663522876
319.0,3.8159393225686493,0.22791518544311984
319.02,-0.17386513407223703,-0.1695044214464403
319.04,0.3602652843885785,-0.08055363839670804
319.06,18.376586329167612,0.0902022396351434
319.08,28.332853828752555,4.687312620809649
319.1,0.0358200881523274,-0.6109192530265446
319.12,-0.05285906579199917,-0.24186145975175322
319.14,15.34016416877854,2.4462823924600805
319.16,-0.4288558389539716,-1.9381978628736505
319.18,0.07150585436396284,-0.24768074191545963
319.2,0.7799484491176969,-0.47932930176916955
319.22,16.907630325918134,0.8648935287845418
319.24,-3.0075656946371083,-1.9988135714542494
319.26,0.10806205928694368,-0.4457363018000535
319.28,0.1813834723139678,0.0021581668321886127
319.3,17.877744804405083,0.44242662459833326
319.32,-12.326538522509338,-3.199571275737952
319.34,-8.284262956679171,-0.2519574185884963
319.36,9.086306837298569,-4.396181763759664
319.38,15.680459497436974,0.5110990362162795
319.4,-3.2451772530394862,-3.968918903999459
319.42,3.2802667106341055,-2.4365640088131215
319.44,1.7492945784470102,-0.7904539196806439
319.46,13.753142601935018,0.002627447821144102
319.48,-11.18335344213601,-2.8571022184928054
319.5,-2.4435382390451394,4.293114278812993
319.52,12.076047466017727,-3.1814465068535753
319.54,12.250318331634524,0.5485481361813491
319.56,-11.251018783270084,-0.3467060159830453
319.58,0.4163674514383473,-0.23792517577042105
319.6,4.265649296124582,-3.8579544074317766
319.62,1.4951469607178858,0.26244322821851185
319.64,7.505808843357283,-0.42321546760976503
319.66,-0.06585180648282574,-15.226630714852831
319.68,16.410657699087224,0.3100561535068671
319.7,-9.486199121632644,-0.5953787839886431
319.72,0.5382600578133712,-3.0637175663225804
319.74,0.26266623148719503,13.592890932651844
319.76,-20.50212633160298,17.493997363620522
319.78,-13.602627681229876,-1.0763361257120536
319.8,-8.260981446835707,3.200381317400602
319.82,5.5311038717750165,0.4396377213424998
319.84,0.4338728126489144,-1.5419593690244113
319.86,-11.808530360439008,-3.0507038106834514
319.88,-5.241665242755737,6.362897774797677
319.9,-0.281331302743034,14.215507661922544
319.92,15.066172315334214,-14.67056082458911
319.94,-19.335134617585695,2.6719821385376683
319.96,0.31920838387599204,-0.21967866158643545
319.98,0.06561810983887639,0.24196884242058303
320.0,-0.08591950460014885,0.14937038713730644
320.02,-18.38398692764993,2.8723233190442627
320.04,10.201649145962495,-4.435100459748803
320.06,0.8189140961614534,-0.06493723996872802
320.08,-0.4673709451163006,0.048985840001932957
320.1,-15.697885883828604,0.5960108283866639
320.12,1922.293189759793,264.2656060052182
320.14,1.23458861971978,3.6427876217385666
320.16,-2.616520639663449,-1.8039166839480885
320.18,-6.64432009503583,2.310206374741494
320.2,-2.3582530819260583,13.765138443826874
320.22,-27.30714978438119,6.258437349133356
320.24,-2.148761032116738,-1.172336968014136
320.26,-1.410648243003621,1.0092499725088082
320.28,7.597872010726022,-1.5060931112912073
320.3,-1.1418711501999184,0.15167086354188086
320.32,-4.053823070758554,-5.825913403251967
320.34,-10.211958597569264,0.4303923098452671
320.36,-0.053895214338282926,0.2206163711916176
320.38,15.272304215845079,-14.906389540835072
320.4,-9.244020109855128,-1.5372390111764034
320.42,5.059442872051946,-2.1564272199301158
320.44,-4.367777534677167,-0.1624236263437453
320.46,-0.31825702634147035,-0.11933838030090271
320.48,-15.717445757434,-0.4623669748345307
320.5,0.06313061639837159,1.6326449985884288
320.52,-4.695718186229932,17.434414795054398
320.54,-4.6445437186189125,-0.2164969961386305
320.56,-12.215835556182277,-0.05890334777513573
320.58,23.608379622303385,0.8840680221294939
320.6,-0.026349687685005563,0.12619586897296386
320.62,-5.644315336774021,-0.6894789116712943
320.64,-2.9480793178465348,0.23712710153538552
320.66,-7.552139630252256,-1.2152474438263567
320.68,-3.5823178163458635,-1.2946124428423929
320.7,3.9362992086194097,-5.2348493657178565
320.72,-0.30966672936438755,0.8120049828493201
320.74,-0.5106258369724301,0.8209103720460753
320.76,0.6732269736766838,-0.8493795049274055
320.78,-15.68179966459384,-1.211052459526428
320.8,-0.011695346373748805,0.08473124598109294
320.82,0.4633661926074879,-0.6259184189056413
320.84,13.702666305967217,-18.01153031773864
320.86,-11.28113799824969,-1.845147849109992
320.88,0.013037463178577013,-0.09099152919058184
320.9,0.12180452635778138,0.45802684248614156
320.92,0.5414977358672637,0.7811137043087797
320.94,-14.869909089544905,-1.7967920401750561
320.96,-0.14203753638599892,0.6402307775994842
320.98,-0.00586818052559579,-0.13499197662174822
321.0,0.021145929706388955,-0.1377253247331609
321.02,7.836533257955395,4.311909738212265
321.04,-0.12094263110988379,-0.31134942459699744
321.06,0.08205738057195688,-0.15053509188526704
321.08,0.31940317592994205,0.0013810247831322897
321.1,-3.359355410644639,0.6539635792070406
321.12,-0.05674553823352824,0.11636310894514423
321.14,0.42801564522016733,0.8226003223571396
321.16,0.031446479535034655,0.776182867575212
321.18,-0.1950541696414234,1.8192410743718952
321.2,-0.14126729323858456,1.4428836287953608
321.22,0.028869203290028622,0.35264387794179797
321.24,-0.1502331729571864,1.0425558804209487
321.26,-0.30129335991166073,0.5031568336012953
321.28,0.07893614585593767,0.1230196764602347
321.3,-0.15002274832144735,0.29955772961800164
321.32,0.1545122676808255,0.38535852303744633
321.34,-0.05862444668144917,0.01208621464988724
321.36,0.09873140736419472,0.17980620804400615
321.38,-0.0029442045619205715,-0.12306423773725328
321.4,-0.5994780980040275,-0.07725513689988617
321.42,0.07531394170478833,0.2935373361421547
321.44,-0.034298385083637584,-0.03196914486133551
321.46,0.07406231604043256,-0.1318531413463262
321.48,-14.361194838082795,-0.48212416642634537
321.5,-1.5064438791798196,-1.8818639987337846
321.52,-0.12234467781809144,-0.44208786514376186
321.54,-0.26858721838117106,-0.5070568228912933
321.56,-0.3712279650470123,-0.650131226656697
321.58,-0.20058100939085222,-0.14063232983713192
321.6,-0.15050368216610366,-0.25584646474540307
321.62,-0.6662524703735784,-0.8764658037151634
321.64,-0.07940142207138479,-0.4036759882118446
321.66,-0.033798415858868225,0.010394753238017529
321.68,-0.004161408835194891,-0.1892409322917743
321.7,-0.06551150891638002,-0.30511751186276825
321.72,0.45748952488202477,0.152764171941147
321.74,-0.07727825391966547,0.15799673074615583
321.76,0.18901944818908945,-0.0009168987741077217
321.78,0.6224000725253589,-0.04711532113579864
321.8,0.3635752340779561,0.26635228410124157
321.82,0.1402006318090443,0.04641817200977272
321.84,0.4326913470963625,1.08534746750232
321.86,0.21146977526012378,0.4973938120441126
321.88,0.10941523060735392,-0.2990703405409505
321.9,-0.23641803306508535,-0.027402380657171932
321.92,-0.02864333188663437,-0.12220806034019205
321.94,0.015631656900101376,-0.10915010175074258
321.96,0.08662338288426596,-0.10017148952391608
321.98,0.30407453339270774,0.20313683735552956
322.0,-0.5961136235452642,-0.4170657952782122
322.02,-0.2823427127045406,-0.3654636772518245
322.04,0.053516634857718515,0.09243998711361456
322.06,-0.3208065547742365,-0.1263955445203777
322.08,-0.33889403333490264,-0.31981420270425787
322.1,0.0999295636322195,-0.06767495015637337
322.12,0.017609935082205652,0.13443417179017558
322.14,0.09562596461694284,0.44451435603059153
322.16,-0.18944855613239753,-0.13677806184551144
322.18,-0.017687908102004712,0.19043269520339123
322.2,0.330866467002231,0.28240255994312236
322.22,-0.4495183757971759,-0.48118138347264505
322.24,0.28660278165075326,-0.39666207816863874
322.26,0.2892346753120272,-0.07456500575302272
322.28,-0.020803056237028272,-0.06614547491319911
322.3,-0.131353267730681,-0.0581851860581466
322.32,0.010169190446706722,0.11780016700503992
322.34,-0.12048543499313524,0.05417778195028333
322.36,-0.05929321662639353,0.12930552970728826
322.38,0.16347522419511407,-0.20446518007107528
322.4,0.06030432376541839,0.3198929865692435
322.42,-0.023899297110148154,0.01555644296564651
322.44,0.2038153710221593,0.30682417967354425
322.46,-0.1048796708108739,-0.27273621376852475
322.48,0.017119255303128966,0.20122532516277047
322.5,0.11404730219854287,-0.12880460017877482
322.52,0.2582178934449715,0.074437348511605
322.54,-0.2225775837965287,0.19715125006175782
322.56,-0.010545345223533786,-0.008596022963153871
322.58,0.024679768586867823,0.013906591241397592
322.6,0.004425599930907964,0.2177549401476
322.62,0.3202963895294211,0.1037846422913411
322.64,0.30656165122427126,0.025082568064316746
322.66,-0.023138354277570272,-0.08886797299950189
322.68,-0.2236990310489375,0.18024014988051107
322.7,0.2951766393137838,0.20034400336231428
322.72,0.025990485834473276,-0.028112606486210723
322.74,0.08231811954629364,0.04124226293371436
322.76,0.30508103820398347,0.42285293569989335
322.78,-0.22709114988177248,0.013939891189163944
322.8,0.04123335016944196,-0.0034769989592646766
322.82,0.04985191490843377,-0.05202144037344425
322.84,-0.2128988499121931,0.09552541307869689
322.86,0.13285938212202808,-0.15601263329391202
322.88,0.2591943206648679,-0.10381272675050468
322.9,0.05417294694947472,0.08184844342726194
322.92,-0.04626822720906887,-0.07591921993940076
322.94,0.17297134787270352,0.013664323705370407
322.96,0.6845860090474147,0.04564173638462421
322.98,-0.3584027875722384,-0.12257462609502312
323.0,-0.03707574495627597,0.2596288701012206
323.02,-0.03498383888686618,-0.012008554423019291
323.04,-0.04636946654495944,0.13819380450398455
323.06,-0.0464087499640371,0.10453004640239172
323.08,0.14275594535410363,0.022381114651988554
323.1,0.032018291087617,0.004743770006072623
323.12,0.3485791722890106,-0.03636680259051417
323.14,0.026025141715440014,-0.020834680641065972
323.16,0.004380204388962028,0.021377955174919805
323.18,0.09171227594637799,0.02498670479158349
323.2,-0.010391653584186145,0.25075232441949424
323.22,-0.15127149300025167,-0.04262817400483243
323.24,0.04692096719955785,-0.05666039758090591
323.26,0.05965846402335018,-0.05569959631197463
323.28,-0.1071802508885824,0.2752663960865114
323.3,0.19645595598595023,0.018971832092550045
323.32,-0.052788406951130185,-0.09902246390656444
323.34,0.05592019198040532,-0.010814562149043638
323.36,0.16358039393954726,-0.29860906455020597
323.38,-0.19346206199716676,0.08070776404285951
323.4,0.282520459582269,0.08156382920374483
323.42,0.025226153977538246,0.266990127195907
323.44,0.06463371300839427,0.23701671430539406
323.46,0.25595956741657133,0.10185203215610272
323.48,-0.048268611670302164,-0.05999214074741843
323.5,0.15308307381414465,0.007705919654412696
323.52,-0.21922195487715612,-0.13046937618012322
323.54,-0.0864849933318581,0.0367558289815797
323.56,-0.02250205760982027,-0.05637624158476484
323.58,-0.4769897824021925,-0.011069780706144172
323.6,0.10783444830905253,-0.04177223658474816
323.62,0.28067262779809,0.004064022427073155
323.64,-0.027926867045508175,-0.08085058196849815
323.66,-0.37034089068142606,0.027723193666290058
323.68,0.10958559062142115,-0.030175482674430043
323.7,0.031688526090015046,0.01512434199720758
323.72,0.14120215158416016,-0.006452574072085326
323.74,-0.3015288792883908,0.06429883821567728
323.76,0.06913900942964446,0.03712562860171431
323.78,0.24627065202955833,0.12505277386185654
323.8,-0.11273203264470055,-0.36284070279510416
323.82,-0.25420872198284883,0.22374769603879585
323.84,-0.06676593380220197,-0.08244785868519244
323.86,0.14322255015239094,0.09700532591892497
323.88,0.14464566258539335,-0.16810127005937403
323.9,-0.2361772222984868,0.4390821137742904
323.92,0.11459728880974751,-0.04544568252524073
323.94,-0.1128127823561158,-0.023330344337978204
323.96,-0.12878334091797683,0.032938691694287314
323.98,-0.23622304553514795,-0.07340460227077727
324.0,0.02412477070396335,0.08048820198004236
324.02,-0.11371843099252033,0.17941712408128652
324.04,0.2608395226489293,-0.1342127094475032
324.06,-0.1839681741226471,-0.1130625705902304
324.08,-0.015067296878591208,0.1558398997296564
324.1,0.2045812051801441,-0.0725593074952755
324.12,-0.044708967495679985,0.1907299553321593
324.14,-0.17000233533819653,-0.17171702792722954
324.16,0.22056122054802074,-0.0928957739888574
324.18,0.19267844564876313,0.024816128564001616
324.2,-0.1045007004412497,0.20368704227709955
324.22,-0.19575157630008988,-0.3613347401393625
324.24,-0.11970378382208935,0.013891560686250415
324.26,0.026414947685097445,-0.0638349849499491
324.28,-0.13238883297088222,0.24667742940684434
324.3,0.2978077809615094,-0.15180462995751753
324.32,-0.03066359593792356,0.09463811112326326
324.34,0.16794280682407603,-0.059690857819198584
324.36,0.13572277828500745,-0.392471935815756
324.38,0.17346571081649031,-0.12449088512439488
324.4,0.012662896925625944,0.03537665163196735
324.42,-0.05182115354569561,-0.07161717648933319
324.44,-0.14237964102399303,0.08751920503471666
324.46,0.2485644537893812,0.15047935903029597
324.48,0.1309042036070025,0.019423881847121294
324.5,0.0060092854311228905,-0.036072377220541796
324.52,0.024461100465064334,-0.132842673693645
324.54,0.0789094895095026,-0.02338270464665726
324.56,-0.05748809619346673,-0.03276595457479203
324.58,-0.09505724879416988,0.2705723240529103
324.6,-0.07624383993404393,0.142326823336969
324.62,-0.013371589900735614,0.147787520193166
324.64,-0.04701185281458464,-0.11828421465435213
324.66,0.049735308654344834,0.2515081654661877
324.68,0.11156833348479012,0.2490540653946809
324.7,-0.019354679451026868,0.0038833189229876552
324.72,-0.08388396752764038,-0.03620148438631077
324.74,-0.0564629681674802,0.28877237105207243
324.76,0.09002849978935501,-0.05172031885582129
324.78,0.05269945663938458,0.01455678885159628
324.8,-0.057003903873344086,-0.15323493922204534
324.82,-0.13112224639515802,0.18928334207082287
324.84,0.12829173836852448,-0.003272222965804872
324.86,-0.11999149357920658,0.06357706411352382
324.88,0.058292544149477266,0.08322537409441466
324.9,0.2215461244583885,-0.020996485652148067
324.92,-0.14916780035557053,-0.2584559657815646
324.94,-0.02279419341789435,0.08588142993602332
324.96,-0.12445488006702021,-0.3298968810844727
324.98,-0.020243841874808766,0.20596425657165796
325.0,-0.11308674746718594,0.11004175095218471
325.02,0.24600447147365045,-0.12948809093292368
325.04,-0.2608997380341336,-0.06203060065070076
325.06,0.04629222243354292,-0.1141588622905303
325.08,0.3103346782813574,0.183475146608302
325.1,-0.19042203071378339,-0.1366905568114234
325.12,0.0052425867970242734,0.4478382525253579
325.14,0.1562634173492512,0.03024838648475381
325.16,0.07537672965407793,-0.05371195389130179
325.18,-0.021709248552532756,0.19132671357374775
325.2,0.16197617670590958,-0.07598082274455464
325.22,0.054560534604981115,-0.17741232957770592
325.24,-0.023934218661281648,0.0595978445329024
325.26,-0.2292859431324601,0.2194129028820342
325.28,0.13918031795024532,-0.1953544643747236
325.3,0.08334629608246757,0.00892866271986037
325.32,-0.0237494978070103,-0.06349311618750875
325.34,0.07152461387433462,0.37948409290104124
325.36,-0.08526817037991208,-0.06857618048559289
325.38,-0.013309529330214787,-0.02791132931898943
325.4,0.016777097550022546,-0.3359965389190762
325.42,-0.04737143317331771,0.6114718141230995
325.44,-0.039400625135193934,-0.1854069009355328
325.46,0.21112933549894564,-0.08426574653149288
325.48,-0.13148327654569414,0.008294932962467527
325.5,0.0994824775095573,0.4129432925279133
325.52,0.10766955221068386,0.12639879544699184
325.54,-0.0373446974036824,-0.08416238133391829
325.56,0.271259924903827,0.06246183320924814
325.58,-0.010542011537857832,-0.06895413592921074
325.6,-0.04351464002950678,-0.15590184891822645
325.62,-0.3358000534331467,-0.521056029219757
325.64,0.06538823563264273,0.6736293380355427
325.66,0.005612621207585988,0.0058426216341374015
325.68,-0.12578638649317497,-0.2698226305831639
325.7,0.002182522490635108,0.16969985984781033
325.72,0.1622996997378081,0.17238487853795803
325.74,-0.06197172857513067,-0.12096913103962237
325.76,0.02904350366295816,0.03318599573231751
325.78,0.10134135266065769,0.26277386420639814
325.8,0.01877697297132741,-0.29216570613257176
325.82,-0.17467261899331277,-0.2163595199284032
325.84,-0.42556565318817263,0.06824460229158191
325.86,0.275820160314062,0.2685270263299415
325.88,-0.19384553565287632,-0.3850345827111923
325.9,-0.6346654749710865,-0.14250092325422514
325.92,-0.11446325146671654,-0.06211959460557637
325.94,0.13618357241273316,-0.12084462457328016
325.96,-0.0724830796724163,0.07361324351462173
325.98,0.11910366113863802,-0.08027250411031872
326.0,0.24358302960524725,-0.03280581340777644
326.02,-0.2863577012641656,-0.5287866962657191
326.04,0.07203630136114114,0.12191670076380845
326.06,0.3247538770539222,-0.03673474530921084
326.08,0.2700181349982351,0.04130154683218379
326.1,0.04994532000951324,0.20848117355328455
326.12,0.024207143773885775,0.011950989048731486
326.14,0.1880098353603472,0.12951094932677165
326.16,-0.009417964525965772,-0.1822643653637357
326.18,-0.0989428898125837,0.1130509030784701
326.2,0.005126044043485933,-0.12451819070084014
326.22,0.006137333721316196,0.026971726517700745
326.24,0.27680052154258306,-0.267014088558966
326.26,-0.3338762614331543,-0.4547471424073066
326.28,-0.09171342471046273,-0.0867077025576819
326.3,-0.012091252763006821,0.13339961427879743
326.32,-0.003918241249756704,-0.10864881823946604
326.34,-0.017668417258917657,0.0661777430415178
326.36,0.1144845900142073,-0.006962383546891715
326.38,-0.017836651591444763,-0.11216240206585582
326.4,0.01289032741580698,-0.07406861301125645
326.42,0.33135408360274354,-0.13842745390589073
326.44,-0.011024439010206777,0.1385634069344519
326.46,0.10196860247799222,0.018510700518753254
326.48,-0.0769547155223762,0.19889803940635176
326.5,-0.014337042473542283,-0.30256760379323566
326.52,-0.2549073505032595,0.3360063540293545
326.54,0.136526986054335,-0.09374058401841978
326.56,-0.26462050331838327,1.2390749432151758
326.58,-0.3900080298205779,-0.12309384780013488
326.6,-0.23910234188056023,-0.10875613506564719
326.62,-0.029880620325215546,0.22033241923830715
326.64,-0.04863362608882227,-0.014321069104418882
326.66,-0.04249621819314342,0.1013362361393888
326.68,-0.02673781205069048,-0.05042345714494445
326.7,0.0073018210932502825,0.23159129446786508
326.72,-0.21631240713811906,0.7565673660637877
326.74,-0.025227468485852,0.004328302943498841
326.76,-0.002505648885723133,0.04518153544375991
326.78,0.21680528842570368,0.03513624519898784
326.8,-0.12710267027252087,0.1944224726172763
326.82,-0.10175191650539261,0.0024772154263494883
326.84,0.12035769732742096,-0.022799889141616347
326.86,0.07780999450994486,-0.03740095115799846
326.88,-0.29869854838160137,0.1368585781672529
326.9,0.16707079359928656,0.00012839027934674618
326.92,0.11699996008306712,0.02302949515300412
326.94,0.12566669178114154,0.44116028496413406
326.96,0.11763900324128329,0.08067614248198751
326.98,-0.2748882339954051,-0.1202612942287189
327.0,0.155071536467549,-0.08419154900923331
327.02,0.35155431798693826,0.705706358878686
327.04,-0.21735376300291875,0.008292371128725051
327.06,-0.060258388792981066,0.13200533125835534
327.08,0.035499183279281254,-0.00917879601516347
327.1,0.2289274065401159,0.02794817901864377
327.12,-0.059863655244427605,0.0009229991170549567
327.14,0.1331187233989084,0.06974607350870698
327.16,-0.2261458348039227,-0.21967391296256977
327.18,0.16812989303702963,-0.03195137586561714
327.2,0.07776770767950225,0.09548807721320429
327.22,-0.08673002084935177,-0.08771049956018118
327.24,-0.04315954743317718,0.07409378534270772
327.26,0.20595818028543889,0.13677378930489326
327.28,-0.059697909175092434,0.007671574476368903
327.3,-0.03561482900237678,-0.2684708105331737
327.32,0.14038274913715654,0.3892807337411064
327.34,0.037230478289306035,-0.08421216249223562
327.36,-0.07803065011522392,-0.06274311087348394
327.38,0.26637889048487295,-0.219193551092161
327.4,-0.05684602225509394,0.27236942072198644
327.42,-0.047025844341554546,-0.07331896742639543
327.44,0.031767261386942636,0.119236373590077
327.46,-0.01402413036729655,-0.1899504303307964
327.48,-0.29475854021229253,0.1274500759337549
327.5,0.02099701805536469,-0.06323473736974705
327.52,0.12517670441693696,-0.053957642728377664
327.54,-0.07303119813919778,0.08331513317991579
327.56,-0.1002183064058002,-0.07277164009293813
327.58,0.13770017565202153,-0.010437191594455442
327.6,-0.10597486369245246,-0.1553305601500128
327.62,-0.07899822831795689,0.36339486941498933
327.64,-0.1805152979736917,-0.014583990256376467
327.66,-0.10158267005528643,-0.23012939604576843
327.68,0.12169522324292714,-0.1631025759583693
327.7,0.10783040897691976,0.11982914093632147
327.72,0.09125163862294272,-0.09806321788896355
327.74,0.25901256559690466,-0.07893160445857461
327.76,0.3219726098867959,-0.018112137203885936
327.78,-0.31807642472946895,-0.21663464464646864
327.8,0.0026376145675968132,0.12679607943918825
327.82,-0.026123630904933748,0.014136578906395414
327.84,0.01575997044707833,-0.22426289634881869
327.86,-0.006518814593277966,0.000833941137614147
327.88,-0.08913177797453642,0.03627497022336712
327.9,0.08797595526994684,-0.040049722548239686
327.92,0.09873619348966756,-0.21692692121595059
327.94,-0.25834949088906,0.1926013142137748
327.96,0.10264265435267816,-0.1566773259558829
327.98,0.13207446415344037,-0.020665720120099706
328.0,-0.20556196482313283,-0.11367946684316621
328.02,-0.06890240999285879,0.12376304939389371
328.04,0.2522822957057471,0.06738404893299688
328.06,0.08847400987360743,0.016948090776004676
328.08,0.044629810590095076,0.06397633041338224
328.1,0.06611561444773884,-0.005523778304578286
328.12,-0.17081874581874246,0.08757226413970898
328.14,0.0286610527913993,0.20327356233779525
328.16,-0.21338749489871844,-0.2845009887265135
328.18,0.09213313851298821,-0.0017709304417650173
328.2,0.1114686304580772,0.011365375055746085
328.22,-0.029010130798496903,0.02194778638796535
328.24,-0.1546912072043014,0.15160529133080658
328.26,0.14365368664549294,0.028416122143003264
328.28,0.01218743442520065,-0.18008684984663148
328.3,-0.1078771629942139,-0.17788460364154446
328.32,0.049540701812752275,-0.005736785761072838
328.34,0.2137539615381172,0.06633530504637264
328.36,-0.08144210589510692,-0.06393196796881284
328.38,0.1443295582928492,0.03839989479039829
328.4,0.18496346536286978,-0.31656854718399785
328.42,-0.08752140302728151,-0.15923389142312772
328.44,0.043685780983320655,0.010551170405882715
328.46,0.19727357885937735,0.06667335109673189
328.48,-0.044293721506079464,-0.1403692716366436
328.5,0.010914953033008601,-0.020834119647503258
328.52,-0.09732609908788703,-0.11943388861731563
328.54,0.05429369214281721,0.24133905418122836
328.56,-0.09109643081318097,0.29177583708533916
328.58,0.032874903611340045,0.02560202449900828
328.6,-0.015175376872413437,-0.051339179253488965
328.62,0.04921307003779418,0.24258701893412393
328.64,0.019621491129129254,-0.041852083694422504
328.66,0.045333425225631885,-0.014263615302787969
328.68,0.1386681616448442,-0.05649563207305164
328.7,0.06433382449775138,-0.015996323898718856
328.72,-0.03500793242881173,0.16035828887752146
328.74,0.18391339394188222,0.004954041558093536
328.76,0.03932206435428043,-0.2131026080030054
328.78,0.15840528536934784,0.48767985756356325
328.8,0.06574541575975346,0.14448038972892618
328.82,-0.10597265983000881,-0.03577885484897081
328.84,0.06253567736138521,0.15133226431967728
328.86,-0.019911379535450635,-0.029060662733193965
328.88,-0.020031348634162782,0.004934066809429538
328.9,0.02676741544500061,-0.1766370702362039
328.92,0.03702817002229608,0.5865480644899606
328.94,0.323205532147405,-0.09427637015611623
328.96,0.08132456077228056,-0.16778015083407638
328.98,-0.24202582570499942,0.007971162881489136
329.0,-0.15938172695103958,0.23165542634822955
329.02,0.16311043134583159,0.055570683624381445
329.04,0.050694055064635535,-0.0703555958182136
329.06,-0.10835850889928622,0.11260090787035182
329.08,0.2801804692145069,0.08146585047942878
329.1,-0.05145087778047497,0.029916029906434716
329.12,-0.14341560675444498,0.0032643107260668103
329.14,0.00590898885469926,-0.10428264123543585
329.16,0.07546823673747127,0.2154501116588996
329.18,-0.006679813566712767,0.039977443468057317
329.2,0.004190146353963087,-0.1857763468930287
329.22,-0.18906586853655938,0.30684633066498535
329.24,-0.11409490818404322,0.0818285066974127
329.26,0.08790088622940573,0.006697632289501598
329.28,0.3717736029127252,-0.16675920477349848
329.3,0.05959681432708308,0.13782998762397725
329.32,0.1285430026957215,-0.12580452141459375
329.34,-0.20633850990711977,0.010935272241063387
329.36,-0.004322675856826663,-0.19161528980654907
329.38,0.0008739976067673183,0.23386601447169397
329.4,0.17318161322153003,-0.05796361335445965
329.42,0.09888653697213812,-0.04765541324769629
329.44,-0.04300729699237138,0.23606249854432804
329.46,0.015324045128508601,-0.16820160368169468
329.48,0.08320147525662946,-0.002510919958751856
329.5,0.10381649007796412,0.018077669721371592
329.52,-0.11009778022064864,0.14900068549718526
329.54,0.030636987121070547,0.4457991832921948
329.56,-0.057480468859836265,-0.15839592469484387
329.58,0.02340468782348637,-0.004708835436495917
329.6,0.3961939721002352,0.1654920180210233
329.62,0.048356266881491194,-0.18753958816332528
329.64,-0.06909223576128909,0.1296686454285556
329.66,0.0018099917984883973,0.019451626077870543
329.68,-0.2838539914927125,0.2011096153362999
329.7,-0.06657937847673168,-0.05778880186769442
329.72,-0.08155816225367118,0.029886111381028257
329.74,0.03541531484377458,-0.176003654300537
329.76,0.09916372992798372,0.2298188595186943
329.78,-0.07919240424750029,-0.09784889949648345
329.8,-0.05818598672615849,-0.11615434156488647
329.82,0.3577418761764264,0.27207473326237164
329.84,-0.16780779516270883,0.12911657387986963
329.86,-0.22646144140988156,0.003409039307236128
329.88,-0.16205888418557635,-0.2477619799784634
329.9,0.06720348440039103,0.08770021036874454
329.92,0.08665887899029556,-0.06176071393466742
329.94,0.15775821296281478,-0.2795361138562811
329.96,-0.06671317535796106,-0.35145994558892824
329.98,-0.37204742417998204,0.41551232076304245
330.0,0.010247890203302745,0.05460617601474027
330.02,0.005723993028269092,-0.005244914873252071
330.04,0.44748106698426326,0.32849171275268674
330.06,-0.015328701150977508,-0.600398329086886
330.08,-0.15063767677558104,-0.15945875716715108
330.1,-0.17165168494805982,-0.03779915305000969
330.12,0.34109989685911657,0.10435835218942557
330.14,-0.036487584161889686,-0.05103977445636332
330.16,0.12491437140668893,0.3322996768547135
330.18,0.26855657579960024,0.036457553087185346
330.2,-0.1791385883868486,0.12218596974753382
330.22,-0.340191720727546,-0.1791403788338286
330.24,-0.03695323806307016,-0.1048824993675126
330.26,-0.00022658575327483277,0.1355679806340433
330.28,0.10781688939474421,0.04824117025987107
330.3,0.07576599802317219,-0.305629429536765
330.32,-0.07353325840701075,0.2172865900773857
330.34,0.023063358379310728,0.010387194041307168
330.36,-0.0059338643364554855,0.005464444589936335
330.38,0.02619528339798194,-0.029852764074803417
330.4,-0.06933036110951463,-0.25766784189652725
330.42,0.23157434837055035,0.011986371970809984
330.44,0.06813854604120095,0.029105602446620082
330.46,-0.1259586261928618,-0.3488083672315554
330.48,0.17122529324656455,0.09505262044482876
330.5,0.0024770038112436055,0.006244842757340052
330.52,0.1716579308736641,0.23442158008139202
330.54,-0.19584261130288638,-0.24056606135036418
330.56,-0.06665260138491647,0.09352566264537643
330.58,0.16760127131373892,0.048132965726043864
330.6,-0.19951850070011545,0.12677038564130072
330.62,0.03100446776955934,-0.3706106553077717
330.64,-0.09898463329477636,-0.3003395247129319
330.66,0.002525276303916968,-0.12480108021655667
330.68,0.11061978605601297,0.0061600324644999205
330.7,0.04510573432759912,-0.10934402502821428
330.72,0.015061141009152124,-0.02916309600077227
330.74,0.32178939562565745,-0.07716404462689042
330.76,-0.042281498066778056,0.48601039113000155
330.78,0.437991089021903,-0.19289160235617686
330.8,0.1198182482209198,-0.0871760088116531
330.82,-0.07940960166812516,-0.4239625806701852
330.84,-0.11801338203219558,-0.14395842739668296
330.86,0.19754635970942758,0.2027614734873957
330.88,0.14620118167074025,-0.017619788543413506
330.9,-0.006444553568513811,0.33447503024924785
330.92,-0.17503431443858375,-0.1887749065177715
330.94,-0.052797500644182094,0.08390705882317917
330.96,-0.004929970469405021,0.05981041451514102
330.98,-0.24239082890483132,0.47013279701740984
331.0,0.043582352695267446,-0.11756741041911312
331.02,0.2558733608484296,0.18325637950367835
331.04,0.03642066993070614,0.03868563650092938
331.06,-0.3063496199917495,0.14441261758821256
331.08,-0.011239241534973132,0.02861696208533715
331.1,-0.06069981077349951,0.06776097147702487
331.12,0.10589426812032698,-0.11461082005961032
331.14,0.06028837509114027,0.15330988449966299
331.16,0.10039714316151915,-0.04336101815383131
331.18,0.03063288111543372,0.0673542757290484
331.2,0.11981604266070534,0.17245679873952824
331.22,-0.05110625389089307,-0.20679501485145124
331.24,0.03023343874001938,-0.02474700165782906
331.26,0.26016342034796835,0.036197039373544015
331.28,0.22569364409245907,0.05658053019376652
331.3,-0.08487356221571218,-0.19949094944427515
331.32,-0.03466528153585102,0.18058261411224308
331.34,0.16831163473817412,0.042834989203690554
331.36,-0.43510754580713495,-0.39748204641383467
331.38,0.24566972629060047,0.11174462911894167
331.4,0.27699606886543293,0.12311909539391053
331.42,-0.03476018879841547,0.06862096369129489
331.44,-0.12814209334371895,-0.07713763395268813
331.46,0.3074058210553261,-0.12467186653311302
331.48,-0.13846305819451032,-0.000154582991370944
331.5,-0.25475917075572596,0.3298604375836085
331.52,-0.01727286420485541,-0.111918174101298
331.54,-0.05619558100263333,0.019265440113940713
331.56,-0.10475556208865555,0.015582308452831484
331.58,-0.10368353393393903,0.3075855765730111
331.6,0.08310632728464284,-0.03415403560804009
331.62,0.03138247489094326,-0.033199509513259784
331.64,0.07466233523116728,0.07394054355609825
331.66,-0.09173380640837081,0.00026387405793570906
331.68,0.08892340684366218,-0.03183401086847226
331.7,0.13385579118407165,0.024520828175617737
331.72,0.2341196445748004,-0.20197790964773787
331.74,-0.046942442126912454,0.3867778872770451
331.76,-0.022680493048170547,-0.11667896489228013
331.78,-0.030883225825263594,0.1594831498510949
331.8,0.050783996483986016,0.053051849891559755
331.82,-0.014293044141304279,0.23693039695394802
331.84,0.007055365198645802,-0.04600505270666133
331.86,-0.07428373836506807,0.060181898757328156
331.88,0.23604643585318996,-0.11272501111001532
331.9,-0.025448404838165573,-0.01426778132849904
331.92,0.35692403903766134,-0.026896739579512996
331.94,-0.14281786881968372,-0.6577813808539617
331.96,-0.24333163619718334,-0.04481628901638146
331.98,0.07146946077729766,0.24544898725044817
332.0,-0.24476368386653036,-0.2532953635142263
332.02,0.14424480760920844,0.034135569967794765
332.04,0.23739199517011755,-0.2184313915127163
332.06,-0.26291981568368783,0.004940171920701175
332.08,-0.014974435999597802,-0.13251206857754028
332.1,0.5333032197900778,0.07329380920048578
332.12,0.17938896249014036,0.11836434914157223
332.14,-0.29525976213700744,0.028487124532428965
332.16,0.05799896864942511,-0.05916311377080774
332.18,0.2627758438575043,0.03659644885550861
332.2,-0.3333820554856928,-0.04400472985059878
332.22,0.10383231578538243,-0.006976440725054545
332.24,0.23674792986687265,-0.017717262726904437
332.26,-0.07217466551183804,-0.3002500988244208
332.28,-0.08402012392218694,0.1648053632907036
332.3,0.1533746200996262,-0.1395024770777482
332.32,-0.06294740835897272,-0.08111046646436648
332.34,0.05119914268808401,-0.043451687615394974
332.36,0.02604287228543356,-0.007529091817588096
332.38,0.10351715230096303,0.08566237443119462
332.4,0.155269819218379,0.008801437129140055
332.42,0.1399017712331414,0.06311400109661136
332.44,-0.1167087146030994,-0.18148263780586404
332.46,-0.040232034115945225,-0.1510566048237152
332.48,0.05190638186532226,-0.023885336540367064
332.5,0.11635248364465767,0.03392715615143871
332.52,0.4115014213791106,0.1487805698682756
332.54,0.16522933278035978,-0.2605817453988877
332.56,-0.06663920929366896,-0.18255513933750933
332.58,0.1750668711910386,-0.1179090149450488
332.6,-0.22275913477605513,0.21423098748286762
332.62,-0.09521040264343128,-0.13621613763454832
332.64,0.17264540945159013,-0.12364139086007953
332.66,-0.22113336398776084,-0.012625644757726207
332.68,0.276676976543186,0.21406278256622358
332.7,0.05701521454210834,0.09879390046264191
332.72,0.038399254225254253,-0.11321662725971748
332.74,0.196940556386199,0.23625429530613928
332.76,-0.0024713142046977055,0.07271925896902331
332.78,0.060739598925732,0.0309503837569558
332.8,0.18368442463858514,-0.06290109142576483
332.82,0.05780420019640786,0.10908842272707986
332.84,-0.01754642954600172,-0.15836387719062373
332.86,0.04043960259616597,-0.1278644175864656
332.88,-0.07426903710165789,0.2642938379680402
332.9,0.5216441818969741,-0.48549251110139124
332.92,1.0951513110222386,0.25206516666611023
332.94,0.6325077718774281,-0.09003820624555203
332.96,0.41693007492650835,0.2992198428440247
332.98,1.8838938360224127,0.8336820156764944
333.0,0.002810263010829317,0.04978381252098529
333.02,0.26953703519953365,0.018137428921896515
333.04,-0.005783211098410845,0.21093671651605206
333.06,-0.14081215066787678,0.1976242363176013
333.08,0.08991996821901083,-0.011340054036978131
333.1,0.13796682480832345,0.14553875583840536
333.12,-0.4025564007910418,-0.010431551691873153
333.14,0.09238746025432576,-0.0577060963650311
333.16,0.007578189743096431,-0.00836519477184794
333.18,0.19397663072246019,-0.24757670748011407
333.2,-0.12698917343951166,0.36287131345512336
333.22,-0.6527510484242569,3.018693644788467
333.24,-0.17380652365556415,2.275786214070976
333.26,-0.30031247318467535,1.503075713782394
333.28,-0.33121712111621804,1.6906163664909926
333.3,-0.4119587412832857,1.27835366474714
333.32,-0.12507540797739836,0.9161879750352604
333.34,-0.03453178944005941,0.8176809961001581
333.36,0.15671919458677763,0.30120482210984534
333.38,0.04692277810385903,-0.3692138229545989
333.4,0.2069780616764909,-0.05000721911765993
333.42,-0.08899819440940604,-0.011468481826142352
333.44,0.10592458346814482,0.4922647927675179
333.46,-0.04413729836566205,0.17067053294513812
333.48,0.03761898855123391,-0.03470680441702001
333.5,-0.04648823091532961,0.22364955739021752
333.52,0.018789568321388117,-0.08449053839665055
333.54,0.18034397095844312,-0.6462772862006716
333.56,0.18967582299942976,-0.3875027530827069
333.58,-0.16089279771455267,0.43982831875213435
333.6,-0.11135548226725689,0.20615171404973154
333.62,0.003287387568168043,0.010023114944004874
333.64,-0.002663400136121652,0.34212542995645734
333.66,0.033821302596987124,-0.1274229065461583
333.68,0.3329898407228562,0.08213584176164446
333.7,-0.06497195268289602,-0.23930711403087201
333.72,0.11994363492019033,-0.07314969498579416
333.74,0.08861972771136806,0.12477171263538622
333.76,0.42274668923371195,-0.26501830843913154
333.78,0.11496687618521051,-0.4335322487047861
333.8,0.034551876093985356,-0.20265258474393733
333.82,0.15832705180281437,0.2621522279905477
333.84,-0.17071574787478028,0.24747680106135306
333.86,0.12849722703639443,-0.08472293225203487
333.88,-0.1397500093635884,0.1777176342278537
333.9,0.02182621876433899,0.20335947538788446
333.92,-0.030600431117093763,-0.08703773927954472
333.94,0.08823856746227321,-0.20903353498524524
333.96,0.03614978858668039,-0.2625518421686124
333.98,-0.034621927326469404,-0.03336091486559667
334.0,-0.042373230161992126,0.38041890947637924
334.02,0.12237498218064147,-0.4875671822185197
334.04,0.08561697188399364,-0.1141316630909941
334.06,-0.14163487209381032,0.21642828123190228
334.08,-0.06132333117049882,-0.02812344255033139
334.1,0.03493868670375022,0.13645730629749053
334.12,-0.06030325785434343,-0.1179541463376097
334.14,0.301126740247625,-0.6479819614755868
334.16,-0.037093518226342326,0.16627105647505047
334.18,-0.19194675356232693,0.5205081049233229
334.2,0.16080762386529557,-0.05698548450425989
334.22,-0.12352550206474433,0.25466694519219857
334.24,0.044881367126301086,0.19383605143039517
334.26,-0.06445679921050385,-0.1348718601804606
334.28,-0.08887164410950277,0.03692514612928832
334.3,-0.10489678516528045,-0.021499367658975643
334.32,0.11311250571507969,0.04544097043426376
334.34,0.026821069886281634,-0.06739231705198279
334.36,0.024095273769280112,0.02716494388891988
334.38,-0.08584972887582154,0.008820970199742817
334.4,0.2490936650897666,-0.6317545969220291
334.42,0.12658501341516626,-0.35199013650548494
334.44,-0.13379489128395505,0.27831688692615586
334.46,-0.14869412455691844,0.6591272861162238
334.48,0.08136912360410875,-0.04951991747504536
334.5,-0.048188663185072755,-0.021012065181260198
334.52,0.20292825002945492,-0.2487528384068085
334.54,-0.17854472677210254,0.10813087656464404
334.56,-0.029031666941257583,0.016135456312056817
334.58,-0.10247315519099232,0.1141854858845619
334.6,0.13488317709106568,0.2516454707421829
334.62,0.021341192590362823,-0.29096501725486945
334.64,0.2959366051962782,-0.7599662989873011
334.66,0.19067478994239195,-0.22247805833629997
334.68,-0.23642735100758472,0.5788013286984572
334.7,-0.003420204400093496,0.19400204564005108
334.72,0.24973647891386364,-0.4370920457287468
334.74,0.07861682654332114,-0.23044149976694683
334.76,-0.16545040394566257,0.35856239401540435
334.78,-0.027839560284483866,0.17420939088450282
334.8,-0.120549216904557,0.5551909028982784
334.82,-0.04321482960941836,0.5031139917960772
334.84,0.02174220348300082,0.2209580648261884
334.86,-0.002071445491679924,0.056968194112364756
334.88,-0.2596923020532884,0.12374070730571063
334.9,-0.3409484371067606,0.06188560865581039
334.92,0.2871878339220473,-0.3792011314070862
334.94,0.09640889615727488,-0.22503314939851293
334.96,0.14475908528614667,0.29100261621406176
334.98,0.008024089315167515,0.07885844205755532
335.0,-0.0166310963042946,-0.00986733241290949
335.02,-0.15109406154507354,0.3065858972837212
335.04,0.47760447870113865,-0.9014516188446038
335.06,0.10338012622696624,-0.47094319452837397
335.08,-0.17589806686305565,0.29243804828788456
335.1,-0.10983411039089219,0.28951820791842664
335.12,0.1242510587929111,0.139564456511593
335.14,-0.03459745866243935,0.05045771413343303
335.16,-0.12417212946664336,0.18520359814111131
335.18,0.12317094499972825,-0.25664000472554704
335.2,0.1600461812692906,0.04825923360622042
335.22,-0.09368143026471643,0.05640185507462192
335.24,0.02590840494913138,-0.02730482674856205
335.26,-0.28195721165681675,-0.012145413695066054
335.28,-0.012192059632347707,-0.03935117621201556
335.3,0.35657416360032457,-0.9811099862829451
335.32,0.016392977622384564,0.3271205058140936
335.34,-0.0015318039787004523,0.4291755101104151
335.36,-0.05214484067247582,-0.1316396882007851
335.38,-0.10473266281407945,0.026018731621288538
335.4,-0.27551598875993477,-0.1660433170657285
335.42,-0.08275862106695087,0.3228211243228216
335.44,0.1560080000525197,-0.151964771524149
335.46,0.015122362765495723,-0.2959532544506871
335.48,-0.16722290064193857,0.02748166334844271
335.5,-0.03300693763544871,-0.10012314852737347
335.52,0.06874117295165405,0.13785012553736564
335.54,-0.0644524917652447,0.07661473293601517
335.56,0.08710986395547593,-0.2720625979608329
335.58,0.34748341995141985,-0.5151857120899948
335.6,-0.27251485341936643,0.17530702611641047
335.62,-0.20340794867146883,0.18641336045298118
335.64,0.12345594048269959,-0.14009019930482225
335.66,-0.16275281886402126,0.2706666477724795
335.68,-0.19978099769729596,-0.6311954609015729
335.7,0.3988686418334275,-0.728288739803979
335.72,0.1602332721068862,0.25855312596673485
335.74,-0.24725195229241592,0.058566890524019755
335.76,0.09330543244444556,0.5848580938111994
335.78,-0.1897861839803312,0.011365380824955196
335.8,-0.12245368191373274,0.298835669878315
335.82,-0.31760180693442663,0.03375493494072046
335.84,-0.0228010613850671,0.061497420005071746
335.86,-0.10982984830795317,-0.05030434222052094
335.88,0.07941979240080244,0.18915615307964373
335.9,0.11066837444132105,0.10883025012902792
335.92,0.002491175979617566,-0.2640962842232568
335.94,0.29398865383749495,-0.9195409027459149
335.96,0.09493145272836756,-0.3125774207853169
335.98,0.11883856596904963,-0.15957892066984414
336.0,-0.0363751728983317,0.47075791966623015
336.02,-0.17715455848720296,0.679564165927264
336.04,-0.041775608886190696,0.06058331365002445
336.06,-0.10388195144793855,0.19135636286761581
336.08,-0.011105192583016787,-0.11887003735518675
336.1,0.14286536994855936,-0.2458102628826211
336.12,0.1430007787661829,-0.5288690258242212
336.14,0.058362775321253224,0.4728605992676336
336.16,-0.42650539306299606,0.27784388865623555
336.18,-0.03126707158364894,0.06169032087189308
336.2,0.10795424302357404,0.005719348750684361
336.22,-0.011450448512121625,0.15877388094224543
336.24,-0.09461476413941483,0.25234547381952765
336.26,-0.3303133455980216,0.20491603048116858
336.28,-0.12263380798469825,-0.031859430538858646
336.3,-0.10366451829552403,0.21831105305894383
336.32,0.23145911471275227,-0.13287014044912127
336.34,0.14792799217915586,-0.0014404295724546046
336.36,0.0008892201170880298,-0.1800043315968054
336.38,-0.05491158578599453,-0.22772806082578256
336.4,-0.060572037638586096,0.18370144886853623
336.42,0.06900313158284632,-0.3679659474168204
336.44,0.35486553696872036,-0.4041179982313565
336.46,-0.05096388995104917,0.3576303042762703
336.48,0.179911433822312,-0.01900690255382642
336.5,-0.05034302033195104,0.09334620516705527
336.52,-0.05587904908760777,0.444585737187122
336.54,-0.0180855542014271,0.044618515398781255
336.56,0.35882349583359385,-0.0655606868275953
336.58,0.17734043992803805,-0.03372424872087265
336.6,0.010125763646094299,-0.16960360739024338
336.62,0.003138459075280764,-0.28233789588178837
336.64,-0.008678183187086574,-0.4757751649215294
336.66,-0.02402540221077487,-0.35347529330124416
336.68,-0.22177804661884437,0.24435317173867688
336.7,-0.2066966186551582,0.4994909883617282
336.72,0.05926860222804464,-0.3324016191670651
336.74,0.18658488898353554,-0.046448117919773324
336.76,-0.13169314820882505,0.18354846124239899
336.78,-0.057545802237044086,0.22041283042868187
336.8,0.08009585160784383,0.0824527111913902
336.82,0.15209652645907923,-0.027905590429718075
336.84,-0.16146889516934948,0.3256396867917495
336.86,-0.022580981048548665,0.09286804448159103
336.88,0.0007167782315562476,-0.040859201092125375
336.9,0.0004627525088913842,0.15774758043820114
336.92,0.4075441602343055,-0.3954171698104787
336.94,0.1965449056507147,-0.051288054315335785
336.96,-0.1784779306467641,0.29520713162257906
336.98,0.06536188417804567,-0.1947848322881498
337.0,-0.26267777234315304,-0.06047598624212469
337.02,-0.13208606194172035,0.07378920534226907
337.04,0.017624825392076104,0.11685376278077797
337.06,0.06760583369302609,-0.38114067596652745
337.08,0.3495399334084155,-0.1456066841107031
337.1,-0.032647525871134064,0.47121365620573386
337.12,0.0929114651868268,-0.06229434463614325
337.14,0.04393174986549653,-0.20591862151037077
337.16,-0.05013461064201152,0.3499955403102639
337.18,0.1444433834213008,-0.26976702443168676
337.2,0.046780611446418874,-0.28263367262652395
337.22,-0.09156124496159634,-0.07336526290695389
337.24,0.09541076596382325,0.15391200133419147
337.26,-0.16033301233973418,-0.061627209524900195
337.28,0.10841498279048167,-0.049527119372868356
337.3,0.4281735847360082,-0.522064826362282
337.32,0.022647099145860494,0.38887484359089797
337.34,-0.12937926888022133,0.6222694439002474
337.36,-0.14694350075439644,-0.635492367955095
337.38,0.5144043837361494,-0.9000517550871265
337.4,-0.05283523404592927,0.2971885694292986
337.42,-0.7241736328449448,0.7817854725157503
337.44,0.2403046819467889,-0.35396429980584543
337.46,0.24826044252458246,-0.4834868075442529
337.48,0.23730237222076056,0.18739091050414558
337.5,0.19944859147581795,0.7868664354362593
337.52,-0.17785357376374833,0.2845467022541648
337.54,0.024736784807583234,0.11706012380044228
337.56,-0.14235823247186374,0.1503832801327043
337.58,-0.1195224124130263,0.09102330639408152
337.6,-0.0955382680443364,0.01773653722112556
337.62,-0.12479043525753042,0.31575735385251136
337.64,0.22087259212699806,0.09214882385165524
337.66,0.32201550981730165,-0.20552664644411323
337.68,-0.04487478541027201,-0.026588302807887487
337.7,0.10374964359357364,-0.20490826555153063
337.72,0.10268816943661108,-0.28753747919665784
337.74,-0.021827786837768315,-0.2606814153512289
337.76,-0.10943813352842824,-0.010315421318466633
337.78,-0.09213937981249387,0.03456647386390088
337.8,0.20847275112726749,-0.41037287763010966
337.82,0.17037893699597362,-0.3382447799348469
337.84,-0.10072067318264288,0.12707444620082953
337.86,-0.10676710628625585,0.09379503238229248
337.88,0.23816821349943496,-0.5142126541208611
337.9,0.09355430425254596,-0.4347792880372481
337.92,0.3917510193221787,-0.4668335610178431
337.94,-0.3849360780422799,0.4319946337167657
337.96,-0.09902135834083481,0.21219025396690583
337.98,-0.03193438341964594,0.20462793552256997
338.0,-0.4297274209037738,0.696466024325268
338.02,-0.04082244750115649,0.15250295326769603
338.04,0.26200218712790146,-0.9530294494826848
338.06,0.2781414200961443,-0.09891022163144925
338.08,0.06067528284576795,0.4454408401151575
338.1,0.01436592176146334,-0.6616131283459694
338.12,0.08292826397539343,0.35405851400169297
338.14,-0.8958311274817135,-0.16253632278408503
338.16,-0.11826746177064962,0.3461948652457991
338.18,0.07720427864495605,0.1704696160234036
338.2,-0.23612011791102816,0.11781270589970916
338.22,0.22839378907878682,-0.2962704526645723
338.24,-0.0032729118726564366,-0.28841197331580304
338.26,0.1687958499791833,-0.7159451086719031
338.28,-0.07779097856199257,0.09572212474421349
338.3,-0.12893083929517957,0.342617488258977
338.32,-0.06797755622679347,0.2406134153466084
338.34,-0.019640113911755464,0.012066364348296332
338.36,0.15902741174001633,0.07046505696571614
338.38,-0.16731480419458222,0.28508733938256725
338.4,0.07798470911035693,-0.08186317876783278
338.42,-0.13426313829845782,-0.18633460461338558
338.44,0.08916871066483978,-0.6624608703462513
338.46,0.32827993039544623,-0.37924214630335484
338.48,0.31261671244031675,0.2815622345101403
338.5,-0.7565829106519857,0.9095091947811582
338.52,0.06695619058547919,0.38736262016844236
338.54,-0.17621144855996107,0.46345818561264807
338.56,-0.22364746317690276,0.07064875072049404
338.58,0.3680552696895276,0.2245256846112973
338.6,0.1517173845958979,-0.2836066326881266
338.62,0.1026208103844759,0.14421408413675962
338.64,-0.22470024931543264,0.38041186852042586
338.66,0.042479546276418034,0.02098237507073719
338.68,-0.005371078243939564,0.01804262174934479
338.7,-0.09497817042068846,0.2165261902022202
338.72,0.1980743910717102,-0.8611460807024542
338.74,0.26523425852765925,-0.18889721902381496
338.76,-0.08553524746167085,0.40100557795127045
338.78,-0.04120693262221664,-0.3560004112637145
338.8,0.4336376671577433,-0.9042268940401357
338.82,0.14476554582966372,0.6086692694632454
338.84,-0.3899617021792068,0.3493075128933931
338.86,0.15670850482385035,-0.09201309212392772
338.88,0.2200831845816147,0.24799285939770854
338.9,-0.27601591038907713,0.5561255401742997
338.92,-0.06680395318455368,0.19999254601274785
338.94,0.6067595361135112,-0.6858053666326356
338.96,0.2386270399923731,-1.1288077426719738
338.98,0.08466857429804264,0.3571151577488578
339.0,-0.598328924964342,0.8885612096074205
339.02,-0.09492966860976537,0.34364725654571515
339.04,-0.15832244484710856,0.4525917829891348
339.06,-0.050762169721188855,-0.2620447154652865
339.08,-0.3630581087570093,0.3990200706074454
339.1,0.023699655376841378,0.5572270107772042
339.12,-0.1680732841650041,-0.038653333358986686
339.14,0.31602469810598777,-0.7129102420512723
339.16,0.08234367184907043,0.12182712624954206
339.18,-0.27550758731531744,0.20881778983603994
339.2,0.018490832188550854,0.15211971184627515
339.22,0.0657759341229287,-0.02632081554875043
339.24,0.06271254525574932,-0.2446837072607977
339.26,0.03426499154551976,-0.19993836541366505
339.28,0.6421126731150082,-0.5997381350121316
339.3,-0.005286253852638367,0.19986150142116443
339.32,-0.19743751470071658,0.3487702416461751
339.34,0.023496393306018604,0.06236450077469158
339.36,-0.24086196426959106,0.6696272258764537
339.38,-0.02800013770938392,0.3422750990713084
339.4,-0.17989323375771704,0.2571248997561284
339.42,-0.3386936354401371,0.7085992893023842
339.44,0.13406103265325342,-0.1336526614437048
339.46,0.026594167916492495,-0.11262958850306859
339.48,-0.15683987534276866,0.18004937051705028
339.5,-0.02747642486482249,-0.410397443342184
339.52,-0.15460246377277542,0.2620881614810351
339.54,0.02831160949121525,-0.1882246365884157
339.56,0.03320640510830586,-0.11893523294312303
339.58,-0.1863797827850675,-0.22511224165261723
339.6,0.07100737551273184,-0.07072503791513185
339.62,-0.18791492333831172,0.052052219577827685
339.64,0.2554616087860744,-1.0933998982369744
339.66,-0.3612845048592348,0.4821122306048302
339.68,-0.008165877056782733,0.06745366615978199
339.7,0.19630025309319876,-0.26295688704470876
339.72,0.2625445451503623,0.18165226664591927
339.74,-0.09192273133768225,-0.05775826605831469
339.76,0.04551571944439203,-0.13559377217310953
339.78,-0.07701623577644767,0.23414209918795947
339.8,0.22031351860117354,-0.41532345129438397
339.82,0.07151219665297859,-0.03993699980959775
339.84,0.10166253497721911,-0.18422275030653168
339.86,0.6398552739919694,-0.9484058830308371
339.88,-0.13841173281520724,0.5538568264248482
339.9,-0.14032088809329935,0.2210157333306917
339.92,-0.11180109176917341,-0.47872284965547607
339.94,0.2080601994272584,0.782526174646474
339.96,-0.1229999893368543,0.01188457637248419
339.98,0.14824819239401776,-0.02491845959397665
340.0,-0.014154749009762213,-0.25288261757170716
340.02,-0.282456940558788,-0.4011036408516233
340.04,0.15321867592754046,0.10930829098146688
340.06,-0.07514337272375826,0.11121592893644916
340.08,0.12112694777836097,0.1340501757782775
340.1,0.08725734091493464,-0.11921575666022477
340.12,0.38460180416848644,-0.2219430658349566
340.14,-0.02065998180053441,0.13248424028473593
340.16,0.00021716377320757374,-0.3375535532096663
340.18,0.07588888739114807,-0.10874271894577703
340.2,-0.2052003039889101,0.22252764347194898
340.22,0.39712498988469846,-0.33271432762226993
340.24,-0.10768287630976658,0.058851793597487045
340.26,-0.08669933789283135,0.1010375206936942
340.28,0.03437953826081852,-0.1819138605877626
340.3,0.6936646377083875,0.04806319504076484
340.32,-0.1274520169498814,-0.11470642540672316
340.34,0.11090410538718132,-0.01052847363462206
340.36,0.0017496215568648665,-0.1526126008375357
340.38,-0.30270936018991534,-0.25567737673766544
340.4,-0.05963604433519265,-0.017949883782179654
340.42,-0.13862764200076327,0.2894864245148767
340.44,0.1927069137332289,-0.033458345714706184
340.46,0.07212742291329377,-0.1239081953568828
340.48,0.0421564501706726,-0.03458887059532145
340.5,-0.001981534802233398,0.10433170028251837
340.52,0.1467392771697682,-0.08220076485757488
340.54,0.5925717595618494,-0.9814799067080173
340.56,-0.11565105745741278,0.3036277954550144
340.58,-0.17342346462049107,0.3438693826990047
340.6,-0.10416493991640863,0.05617843081504503
340.62,-0.07492796278024372,0.4505667254710204
340.64,-0.2931185125165712,-0.03374534296204246
340.66,0.03755864555705202,0.0679264575631251
340.68,-0.13628404139436867,-0.010613614189217913
340.7,-0.0486136454065047,-0.3852118162478959
340.72,0.19332889926620922,-0.03146324940703238
340.74,0.11406402540878702,0.6829627029517056
340.76,-0.07408120547120234,0.04749015064996698
340.78,-0.6449063769225347,0.4046669075815892
340.8,-0.13445218782349144,-0.37727410152233176
340.82,-0.08655128862094585,0.02363602474930815
340.84,0.03963982714246583,-0.003465974358839219
340.86,0.293059065906224,-0.38322921177612557
340.88,-0.08634359942462311,0.30261744106764255
340.9,-0.07626995464268305,0.24483057391096352
340.92,-0.21405617506512442,0.016565998275169136
340.94,0.05651368796561229,0.13358815378687794
340.96,-0.1285010765775496,0.22578521053550915
340.98,0.032339778090861415,-0.34793752609066786
341.0,0.012345345715914391,-0.04575447058375204
341.02,-0.03808506330651795,-0.13060715500937903
341.04,-0.11422146904314445,0.06977924620660403
341.06,0.08495919018188758,-0.10951381201086718
341.08,0.5944527174482346,-1.2203299991774585
341.1,0.4425890969265005,-0.48278696526919873
341.12,-0.01435580374898393,0.259480871492233
341.14,0.1044725166034759,0.5928630437104836
341.16,-0.15193103523171203,-0.19345411618667185
341.18,0.6250200735157954,-0.9319655905070405
341.2,-0.21268440902342434,0.7899114179843423
341.22,-0.4065448416838393,0.5546112850166409
341.24,0.0030211631194632105,0.14189802877960744
341.26,-0.038301123863661246,0.5030005019374464
341.28,-0.14117022031529558,0.20621803859111054
341.3,-0.13521891270052322,0.0278592694089852
341.32,-0.009168837679823127,3.905138769866312e-05
341.34,-0.2533730063371067,0.05259803554888265
341.36,0.06389367153333936,0.0032839982684969016
341.38,0.1748598593031936,-0.2878641307846337
341.4,-0.012003915434867451,-0.22715282970219874
341.42,-0.5796362013904925,0.34513137906274594
341.44,0.30956089444752166,-0.3663660286161061
341.46,0.2567154318578382,0.36399378638217783
341.48,0.07444337785515032,-0.18433540728997855
341.5,0.0539734793269524,-0.02311365533736165
341.52,0.02715455834610836,-0.028451729567066764
341.54,-0.010381326557528325,-0.1734515542869417
341.56,-0.11031880377046832,-0.018067086682258093
341.58,0.2996717131868998,-0.8666604555512549
341.6,0.19783146543470664,0.12806374351731264
341.62,-0.07689182565564323,0.10413262820398117
341.64,0.07761557855983625,-0.027858484836826847
341.66,-0.05701553376523805,0.03381022674363621
341.68,-0.005522935966489229,0.22067389171673213
341.7,0.07433239767022215,0.3004738097623978
341.72,0.16929807466535962,-0.07059784117619472
341.74,0.09139769379837048,-0.14919281031731657
341.76,15.582983104391097,1.648659893972905
341.78,-0.06915420173805842,0.27509741088193707
341.8,-0.1525669661900011,-0.2498535675895326
341.82,0.00478906823542502,0.3822024492579139
341.84,0.029830026319789482,-0.3692470319434591
341.86,0.0991688288767989,-0.14724982157596855
341.88,-0.019194934717994272,0.11055019039961778
341.9,-0.20109302587707845,-0.18920831788946657
341.92,-0.3816112049713283,-0.08968899970655286
341.94,0.002972931360545772,-0.40578001551574516
341.96,-0.058877226919562986,0.4080922710649979
341.98,0.17158948553999664,-0.8492400143620742
342.0,0.18734259171770162,-0.12675834534246633
342.02,-0.20289586518111946,0.323473142689231
342.04,0.021251255935197833,-0.1194459878546823
342.06,-0.2228305818138665,0.2348981932195393
342.08,-0.2707993524026264,-0.0992560904868256
342.1,-0.0919006162185454,0.3754673422025334
342.12,0.19909532736412316,-0.16197738248280302
342.14,-0.06527794914175189,0.07317337678544789
342.16,0.0914622989829823,0.003801086425230693
342.18,0.31139561834408624,-0.40539740744979014
342.2,0.61720644662282,0.3299382917329332
342.22,-0.04090422882184441,-0.015002355940566758
342.24,0.04557279372657774,0.18670862678162692
342.26,-0.5954301903791901,0.11927141096457916
342.28,-0.5181544255487793,0.3180464491297954
342.3,0.3252542140402497,-0.892260637555907
342.32,-0.19200347992914857,0.16976865922639917
342.34,-8.140097357492834,-3.5196159086076264
342.36,0.111293093386859,-0.20698454484795548
342.38,0.12287658765081844,-0.664156495527827
342.4,0.4462166689718252,-0.30744990003289274
342.42,0.011881776589454773,0.24454839251192695
342.44,-0.20879975280793417,0.5418786791590939
342.46,-0.3870464013508865,-0.15894730090876408
342.48,-0.06657243977130634,0.12298855050685376
342.5,-0.1381606062454992,0.03418234323334701
342.52,0.005459649250177279,-0.30428329420103495
342.54,0.5582775380995955,-1.1552147921825338
342.56,0.17305104313806297,-0.4622669598368887
342.58,0.007486974352843845,0.35082894082801275
342.6,18.37103325995489,0.19418028810638077
342.62,0.41911127220070554,-0.3306450549236146
342.64,0.2445263220942202,-0.1180248451062127
342.66,-0.05075319825933633,0.1888238323648217
342.68,-0.29529156038516646,-0.01344108013048384
342.7,0.005650758356139818,0.5343017751137253
342.72,-0.21346675102564916,0.36420884293301725
342.74,-0.03987416644240227,-0.21731134374810068
342.76,0.6092006572048234,-1.0707835559260843
342.78,0.04959138682232478,0.17571635057058899
342.8,-0.5512174475278613,0.731870693537271
342.82,-0.3439557572481746,0.26061893280312987
342.84,-0.01149587499356386,0.5875196512409957
342.86,-0.20191504894189904,0.2527389643344691
342.88,-0.09815494963909543,0.0785449907969138
342.9,0.2983430028577665,0.305433151145845
342.92,0.1153588386083193,-0.07471467856889547
342.94,0.052803907130993366,-1.0507477906885256
342.96,0.5979420918622544,-1.6910868836099837
342.98,0.07038190218865381,0.5315932312618017
343.0,-0.4279504359972037,0.48435244360160823
343.02,-0.25542531402319213,0.3169586153889057
343.04,-0.17511930144866028,1.5587547966315434
343.06,-0.20822978218483712,0.14413198189626186
343.08,0.06292931895045584,-0.20257754384171278
343.1,-0.08250316456944518,0.5638670045955045
343.12,-0.3605627523636912,0.4914931416668544
343.14,0.11983181922417074,-0.7438759036295153
343.16,0.4471228702136685,-1.0741909723428478
343.18,-0.49656686645501225,1.1249116462331195
343.2,-0.19804059617108294,0.14550758281749765
343.22,0.16054513872281717,-0.10379470558280701
343.24,0.18156824578353437,0.003047006076581482
343.26,-0.87185930174806,0.8242931103247138
343.28,0.13132486713664449,-0.3403075601294745
343.3,0.12585287576918702,-0.07324262879682664
343.32,0.006430573591206468,0.4589880211971682
343.34,0.14712164260457428,-0.40939011458576147
343.36,0.15372942571876536,-0.8017805200740398
343.38,0.2912052620650307,-0.2721393358257629
343.4,-0.4251205898296959,1.1233304158455653
343.42,-0.11873933186262775,0.30793592655841806
343.44,0.025407242005133668,0.1536385707497665
343.46,0.00408123745346245,0.05277283260118537
343.48,-0.027236851921287553,0.6190523384931268
343.5,-0.12932836964280625,0.18724410140614012
343.52,0.027608260294545772,0.07242031975513186
343.54,-0.2070866858537599,-0.029125476651344684
343.56,0.1094581515936035,0.0710632314014994
343.58,-0.07274295872485226,-0.012541742063937988
343.6,0.03743754733514848,-0.2673637829177409
343.62,0.26685195187726407,-0.008224335752494483
343.64,-0.12858419160208712,0.22213284903592267
343.66,0.08901797898230512,-0.427220988149557
343.68,0.039981687381160924,-0.07458341432082705
343.7,-0.08991094087230778,0.1701227195119941
343.72,0.04463801293972125,-0.10834070838217968
343.74,0.15136244024269985,-0.12032353210886271
343.76,-0.031967651423535415,0.23690971611557288
343.78,0.23790517636914643,-0.8744162733770011
343.8,0.061340138038012526,0.09048976626976213
343.82,-0.17796445982241238,0.8695988186136567
343.84,0.14070358231794344,-0.42397648311784053
343.86,0.1353129613670312,0.18573912605819132
343.88,-0.24494573561873523,0.7269758781317748
343.9,0.41891005535185855,-0.06366333653851797
343.92,0.040488371470303264,-0.13296104001355502
343.94,0.06265627567834642,-0.7125448999868524
343.96,0.3225395066701928,-0.2255117568972551
343.98,-0.23414702233921503,0.6377981187544144
344.0,-0.126365524016407,0.3402450854566581
344.02,0.24908322473853062,-1.0111761004238957
344.04,0.3254563100412149,0.1293201382496676
344.06,-0.2078067834845143,0.5044282427760791
344.08,-0.05704735527200455,0.011042787355854955
344.1,0.15156498037633526,-0.006999501662811269
344.12,0.1166232202866766,-0.39669189181679343
344.14,-0.15696832438681696,-0.09632493028155409
344.16,0.049494837648417445,-0.13557594255738792
344.18,-0.031871441026041225,-0.08511237300742636
344.2,-4.635216955387534,-0.27022977598914366
344.22,-0.030511950402903665,0.01228669299660723
344.24,0.13482365504949456,-0.028269494544453266
344.26,0.08667109071159018,-1.4512680080320948
344.28,0.5595045017765266,-1.5183651393222135
344.3,0.035272184339760315,-0.2853230983678401
344.32,-0.569229426405947,0.667145144617102
344.34,-0.9703149527634736,0.13418186823181344
344.36,-0.05197407751694527,-0.09421960566108112
344.38,-0.27335068099392146,0.3397567687654828
344.4,-0.02496799015271023,-0.8171885069346914
344.42,0.47878464035547097,-0.7449939600022404
344.44,-0.08368641767429352,0.29349533921412885
344.46,-0.24251055201363414,-0.031449319846551305
344.48,-15.893323775559857,-27.835423803616628
344.5,0.04676007936052784,0.0680875528503897
344.52,0.03793228592752129,-0.016227284305756484
344.54,-0.011304905239278185,-0.6702367873495092
344.56,0.6388590251675552,1.6712289061750596
344.58,-0.017724700628399148,-0.37279050038836203
344.6,-0.08254419467012752,-0.19818097878540897
344.62,-0.1592715160559095,-0.22391974637686474
344.64,-5.024410794085881,0.01426101996648299
344.66,0.038115198392343785,0.06637295223119821
344.68,0.25157626845286885,-0.040335513655811894
344.7,-16.41069390998669,-0.4713847768993986
344.72,-0.2012687665287558,-0.8195031209702748
344.74,0.17694022348801397,-1.5393799500161194
344.76,0.26030619894942575,-1.3577986501358552
344.78,-12.396688819472871,0.361391816215459
344.8,-0.24701410849640837,-0.7603789279174435
344.82,0.1623031658400329,0.17497969509210165
344.84,-1.0079654420172872,-0.1997689083757237
344.86,-9.691661315418635,-0.1546270445050908
344.88,-0.08089607621732853,0.09025104721040123
344.9,0.321609160709194,0.2862884444813645
344.92,-2.219538161848014,-1.3627172817285143
344.94,-5.7814585423492275,-0.5601934815621945
344.96,-0.525974096258075,0.24434395249727103
344.98,-0.14378901835284807,0.8404447478742547
345.0,-16.383223297777384,24.456405253093617
345.02,0.9580898249562608,1.9933049162501177
345.04,0.1423284094143824,0.3141474746710067
345.06,0.40434925676470357,0.525839229944463
345.08,7.942510069713794,0.7575894700453851
345.1,0.31607374340370953,0.29344314489428314
345.12,0.10109042795701484,-0.22389394053730882
345.14,0.3126950799763968,0.14679889378153632
345.16,-0.06452026232483377,-0.17401597869027796
345.18,0.06056522732790626,-0.08215964716159618
345.2,0.06988944107675721,-0.02993786585298608
345.22,0.05164353989819759,0.002361492629379569
345.24,0.5391471970147848,0.3784435045153316
345.26,0.08841393958064003,-0.3259546901150898
345.28,0.13946601981384532,-0.06780072936878412
345.3,-0.07575385512998167,-0.3032918445373056
345.32,0.05899704186455068,0.7371011191875425
345.34,-0.04435469045561291,0.07991641590184528
345.36,0.21184419514510466,0.3191373841059253
345.38,-0.0457445371818892,-0.357272563608241
345.4,-0.08504665042337933,-0.014000976532123843
345.42,-0.16225230743211227,-0.005154150149969894
345.44,-0.1347428249462581,-0.5608439359125512
345.46,-0.6468810360753068,-0.9451832099968982
345.48,0.07902596353796554,0.20816673440791789
345.5,0.08448516466935985,0.23825021514061362
345.52,-0.129896447415625,0.21891018198711265
345.54,0.10740089442894174,-0.14689255787630628
345.56,0.0719354577439475,-0.1063335417057587
345.58,-0.04009060811199561,0.208105546650998
345.6,-0.22851847657513247,-0.26167413141814677
345.62,0.09928598976463121,0.4174078139874595
345.64,-0.023608917228472137,0.02221265674179307
345.66,-0.027778522166613584,-0.03381948710830329
345.68,-0.0946242056554567,0.11996617353869254
345.7,-0.026552118429570726,-0.013589873476398395
345.72,-0.030649582600979386,-0.2379902200491344
345.74,-0.012247117429332377,-0.2638406440662777
345.76,-0.12952249614013311,0.3786816361224332
345.78,-0.0012469610991914237,-0.008816006120433428
345.8,-0.08099092873433733,-0.13461087842971864
345.82,-0.0332378049666886,-0.16880091512721407
345.84,-0.4999284502192154,0.5728058413955921
345.86,-0.06840949257460949,-0.4317579580535451
345.88,0.36135709828569773,-0.2335631724673064
345.9,0.06845054519458316,-0.20268342540565243
345.92,0.03563340145993976,-0.5599915256506307
345.94,0.20554245528201065,-0.24208034527936206
345.96,-0.028915952039014314,-0.012319634593872308
345.98,0.22900159052606384,0.0333391434742083
346.0,0.1723804246154934,-0.014315401316672194
346.02,0.04377473902853879,-0.13609111932190388
346.04,0.0895206254412102,0.18517571156099066
346.06,0.16374938088017288,0.038687817788375156
346.08,-0.06310137684953787,-0.822347402665919
346.1,-0.07351927177442263,0.005398783053305323
346.12,0.08412239421603473,-0.0341011982047803
346.14,-0.2466653608241387,0.12968469052049514
346.16,-0.5881418840571939,-0.7787300697340314
346.18,0.31868059407096894,0.19662617380143388
346.2,0.18338647531530228,0.24157389683901087
346.22,0.09290516170884544,0.08912496892995492
346.24,-0.01697291032197512,-0.08174242433445045
346.26,0.029064514346249126,0.2117270747443527
346.28,0.00622085885263246,-0.014573588672618598
346.3,-0.18885946040318657,-0.007230222467171643
346.32,0.08162235392722295,-0.3525371869334393
346.34,-0.047797529467963784,0.21743463675305819
346.36,-0.02732932601514193,-0.28899247302203435
346.38,0.22151566446914117,1.6505503875273746
346.4,-0.05656062579323873,-0.20989107331529056
346.42,0.15567320028724296,-0.1184007364225863
346.44,0.002391537440239233,-0.6549224244876655
346.46,-0.2881320758474786,-1.4813548106368586
346.48,-0.38797801138026244,-0.2618320910312235
346.5,-0.3906646464922261,0.2990800980952564
346.52,-0.47924516181075916,-0.2772549179633117
346.54,0.15071941222507945,0.2959235772131663
346.56,-0.17701369338228545,0.025463359806597197
346.58,-0.30782108709491496,0.18994484207974693
346.6,-0.07132648091588578,-0.15670414787364706
346.62,0.2530761162295967,-0.04345050581499521
346.64,-0.30231696058805824,-0.08250186173786744
346.66,0.025001406442530794,-0.12844295637388825
346.68,-0.18270704181180264,-0.10265590357993659
346.7,-0.11140900443707125,0.052137008011062136
346.72,-0.13043650767487236,-0.010790708659619952
346.74,0.0031623803089466662,0.0572825352035089
346.76,0.11836453530406033,-0.07733549441012855
346.78,-0.3520919815579262,0.2207817051268428
346.8,0.08106753580176118,-0.002483533380690517
346.82,0.01924983573753991,0.0174076644432688
346.84,0.019675157445796287,0.16819095905854198
346.86,-0.34890890485747406,-0.21817525680867078
346.88,-0.011262619458292988,0.04481335786219276
346.9,-0.1372908308029679,-0.15856281162700725
346.92,0.35559135756233573,-0.4640343720796025
346.94,-0.22656250053595528,0.01968778170464347
346.96,0.0053291167150959495,0.01610833380945209
346.98,-0.18929893263263153,-0.1734660416514231
347.0,-0.022757431362315117,-0.373462354264376
347.02,0.05292009652115226,0.4102440368488658
347.04,0.224565448888832,0.11018293902599297
347.06,0.0068268607906532,0.44304722843528666
347.08,0.27001300516310067,-0.09262774065524582
347.1,-0.032461256027865204,0.17531504744733795
347.12,-0.07775677781307166,-0.11725988830530554
347.14,0.015881441351030645,0.20205250879136472
347.16,0.038114148607913734,0.19531611520898196
347.18,0.036750900984149126,0.21531554123777852
347.2,-0.014503155251397004,-0.19687417845732824
347.22,-0.23596291786971335,0.028302309640718448
347.24,-0.04072453073460025,-0.13279256483026103
347.26,0.09674283873821565,-0.010949975830286007
347.28,-0.15802167536528344,-0.3038612004257928
347.3,-0.0015696402937663834,0.7205032121262391
347.32,-0.0915690862441565,0.21401923837932557
347.34,0.027471061992862644,0.11024169949714846
347.36,-0.530970760304875,-0.5005221077174724
347.38,-0.021243162752398348,-0.7823319987626647
347.4,0.25219358562144834,-0.21714456959451667
347.42,-0.08473159543231645,0.7006631254928095
347.44,-0.03481353663963205,-0.059899914268619625
347.46,0.344266047215136,0.05342843665657426
347.48,-0.12389846864599718,0.1517379523369229
347.5,-0.1073713494933699,-0.154218284705955
347.52,0.05163576837525241,0.1447288309488286
347.54,-0.01450254746436741,-0.02830737567999364
347.56,-0.06801543286742628,-0.10937188566695966
347.58,0.006976580402181298,-0.08737127389947119
347.6,-0.14897657964787214,0.6064008052156495
347.62,-0.35707269308485223,-0.052742830112627814
347.64,0.012897826725172479,-0.01766504422218418
347.66,-0.34553981236441444,-0.21713297456590652
347.68,0.30084304490386415,0.6313276600568258
347.7,-0.24813133087792494,-0.2282572503307776
347.72,-0.12120022645235196,-0.00465873472747802
347.74,0.11261474203999455,0.060724381476401135
347.76,0.6756201249203002,0.4387565562397526
347.78,-0.09108938889711027,-0.0840660447758097
347.8,0.1481152643983954,0.02275358234703262
347.82,-0.0829989967052569,0.1391677096415087
347.84,0.06819759462675634,-0.14632592867442895
347.86,0.006040304126983642,0.0707330970066451
347.88,-0.00955941540901506,-0.048059911773016495
347.9,-0.020207701968665504,0.4550044299519591
347.92,0.0006556019934791379,-0.09813693901018894
347.94,-0.007123034196766298,0.06264713861505555
347.96,-0.1462518835251032,-0.03695768141533762
347.98,-0.37512002377511067,-0.150872622031045
348.0,0.0920652067669181,0.06025962346491198
348.02,0.018237697313839618,0.2843718169160283
348.04,-0.5619412107836226,0.006096578850183221
348.06,0.2633255434620594,0.1814579650396233
348.08,-0.13505359278442342,-0.03172599500133089
348.1,0.0938408495652645,0.004280484166475418
348.12,-0.19860944990393392,0.025750920019721235
348.14,0.06984891012810479,0.05257357408218866
348.16,-0.021389893175914665,0.1814279672710981
348.18,-0.0005432025544891417,-0.39427143645892215
348.2,-0.02742084417139523,-0.47978846612750203
348.22,0.07211428869622338,-0.044024217648008346
348.24,-0.10509005433182494,-0.12828083128054857
348.26,-0.3148947291340747,-0.4044729524531121
348.28,0.01821967057495044,0.23102551970067964
348.3,-0.14490685701105832,0.050287482940344574
348.32,0.22148540418309892,0.12115125640437441
348.34,0.11618130313347663,-0.5554000808805597
348.36,-0.07297968875272431,-0.5105431199303894
348.38,-0.022375474903405745,0.11046580261083605
348.4,0.04312337555181145,0.101954776258534
348.42,0.00874633788634327,0.12573581139239565
348.44,0.1766862777610605,-0.06679301814740057
348.46,-0.1476524261660046,-0.2244044989978775
348.48,-0.09439112937061367,-0.15684889401767776
348.5,0.20317774327134686,0.40122634634175824
348.52,0.16716293655998626,-0.5136881566705185
348.54,-0.07723874642373829,-0.0004409233378694921
348.56,-0.3011635619099451,-0.2230684890095347
348.58,-0.30009665300109134,-0.25706451351353365
348.6,-0.502849248120917,0.5652209117984874
348.62,-0.21190082030668833,-0.10146788271769935
348.64,-0.1012403541450766,0.0973613301043521
348.66,0.5715335779970268,0.6439304369024299
348.68,-0.2077984115226812,-0.07409443615474487
348.7,-0.051313526677546406,-0.252096490009329
348.72,-0.17519941077819112,0.1081264656837071
348.74,-0.057454908490250034,-0.2427763729773389
348.76,-0.021035019863795412,0.11131558415545584
348.78,0.025574770933499025,-0.3205027500018005
348.8,0.036659296848895906,0.5970944372758566
348.82,-0.0024659345679580724,-0.024723988877227043
348.84,-0.11856125474337631,-0.034504114702606614
348.86,-0.07719850509906223,-0.0810861370063094
348.88,-0.36413260494460076,-0.02353012790123188
348.9,0.02720421961286945,0.12648873294602225
348.92,-0.023451923144286013,-0.03055677049718497
348.94,-0.3006179876612123,-0.31537672133221406
348.96,-0.41871426653804633,-0.9270830115695645
348.98,0.16043141857243626,-0.017058201691526165
349.0,-0.052523581272097886,-0.25446266696688724
349.02,-0.017372482530923605,-1.0459186085112364
349.04,0.4195825544694216,0.16502563561610373
349.06,-0.16821797621821588,0.3027805600010538
349.08,0.05998534224311314,-0.40561024976573634
349.1,-0.18375404135359474,-1.3824610063425737
349.12,0.1882670776195141,0.1411514274212955
349.14,-0.08464817345051756,0.04374173933072356
349.16,-0.04629806489174371,-0.8244674297986663
349.18,0.18038280184650546,0.06943564025469229
349.2,0.01857928493637928,-0.03856845826896205
349.22,-0.03894034837232141,-0.31097669217198387
349.24,0.009615068146477057,-0.25034319614893974
349.26,0.34525574915889123,1.0782246130481532
349.28,-0.2353461274707911,-0.08877539479824037
349.3,-0.1696049582598107,-0.1218350971973905
349.32,-0.024652275371252586,-0.09266826844252307
349.34,0.3159952465128484,-0.8984910658231584
349.36,0.3003471650041192,-0.4905432315402578
349.38,-0.07201158043349665,-0.021108706676251643
349.4,-0.2597174786096943,0.15244909130042572
349.42,-0.13580921143206126,-0.6758574455016912
349.44,0.3346803954647264,-0.4818358897085062
349.46,-0.1854682494587081,-0.053685465277567346
349.48,-0.22399104108062318,0.04364645522610999
349.5,-0.05416725160648639,0.2368606130023565
349.52,-0.05984052899889747,-0.11444216595963752
349.54,0.09171645289492147,0.0477100388565006
349.56,-0.12884623908779247,0.058725409058602906
349.58,0.3480360843512429,0.2671875274656408
349.6,-0.11908737055940577,-0.015509257385794228
349.62,-0.009633879729861405,-0.14323788470827026
349.64,-0.061824265358680464,0.6450878736878565
349.66,-0.054690869665570574,-0.20228688526766803
349.68,-0.05500576830840487,-0.15031862494987536
349.7,-0.03673166252006865,-0.3469568577090598
349.72,0.11365108554270265,1.0391956426287514
349.74,-0.15970821655068335,-0.46034884944684507
349.76,0.13548949445571523,0.06164791168239603
349.78,0.05999269203641333,0.295503358776827
349.8,-0.06271894337121608,-0.3557528551922857
349.82,0.015898576361252026,0.10623194188327645
349.84,0.009364050300401772,0.13286326437559026
349.86,0.07575314958637236,0.41962863027442054
349.88,0.16764076454045806,-0.11537626375468335
349.9,-0.02203917387848975,0.003530647558946498
349.92,0.416256305069048,0.45106537682621095
349.94,0.21667721652279326,0.7170983438952874
349.96,-0.014443729769027414,-0.004602447468222692
349.98,0.077999085383464,0.17433123767523995
350.0,-0.5326423573490828,0.0005485485182141758
350.02,0.40442367085239894,0.32559069151345454
350.04,-0.011889538489384677,0.04086763966355633
350.06,-0.036399735039971404,-0.05171340596664464
350.08,0.08693621834944665,-0.09758386281491482
350.1,0.01719657500878924,-0.03199970510353012
350.12,-0.10322689917370553,-0.044801000155842985
350.14,-0.026704504418475494,-0.32293525737950546
350.16,-0.011291226049486625,0.5304132292704153
350.18,0.021024675256235525,-0.27404622020527114
350.2,-0.32448958506708436,-0.4392252993372452
350.22,-0.32616518108115855,-0.10168675365511604
350.24,0.08213266766703597,0.7356392116268999
350.26,0.08232296842084708,0.16313033813693423
350.28,-0.2521058574833006,-0.06568131295365731
350.3,-0.028970740273464912,0.07961578596765762
350.32,-0.3143922248802724,0.4344475241629766
350.34,-0.05447965071574146,-0.4805058356220542
350.36,-0.12222657056587849,0.11915356190146653
350.38,-0.11190170544212918,-0.034406687234913136
350.4,-0.41824152336015175,-0.2349288419788138
350.42,-0.01122484628411513,-0.4397112865851227
350.44,-0.1662848704522304,-0.014745165826674622
350.46,0.051277096740385275,0.011218846976948527
350.48,0.15201705649913322,0.1950946841815906
350.5,-0.09472530049322359,-0.10144944777792375
350.52,-0.07081754853602007,-0.0735497235959599
350.54,0.1926362972272173,0.14210409759112963
350.56,-0.08633544908414592,-0.40452717170281005
350.58,0.12187254668789649,0.15510057302402203
350.6,0.05611834355224943,-0.17339692126404316
350.62,-0.3770925163673269,-0.24329183196267223
350.64,0.0017897285250896289,-0.07880350033927641
350.66,0.08271282437153005,-0.035614180574064846
350.68,-0.1000288920939596,0.14710010014836428
350.7,-0.43970117023258837,-0.35899848543500923
350.72,0.22266547192813846,0.11162082654988836
350.74,-0.017759268366482672,0.04172946305496339
350.76,-0.08126522916261081,-0.028365464605464297
350.78,0.05571450776476894,0.7655997025527554
350.8,0.006499606764077015,0.11073380928588605
350.82,0.029101221698937252,0.15188190293224935
350.84,-0.10358325344719077,0.2785257920417479
350.86,-0.021519240521676863,-0.04986725341394305
350.88,0.14548805390947805,-0.07628310064471577
350.9,0.05707676747302415,-0.09731645249495102
350.92,-0.3151417844983797,0.00729867371966364
350.94,-0.14026464739236388,-0.2070105749540616
350.96,0.08300148912059058,-0.056143659468240514
350.98,-0.4720189631238014,4.764483629402708
351.0,0.04304163895104551,0.24793974732730462
351.02,-0.06370693005314365,0.10879640134615087
351.04,0.2687311962320784,-0.003315034752048973
351.06,-0.1184212185627942,-0.3004154760093414
351.08,0.16794778182830683,0.058223463315705715
351.1,0.05449059343236229,0.3408421093862479
351.12,0.06326511027426918,0.011829166072612196
351.14,-0.19529671025804163,-0.6777894771292594
351.16,0.00032905485024414816,0.024617248384480206
351.18,-0.0655821262876799,0.026595161047186622
351.2,-0.17894326645196657,-0.3081942013277299
351.22,-0.02275981339784039,0.2041647191467817
351.24,0.23576219664818154,-0.4617333512031223
351.26,0.36494204192650415,-0.18115089394297001
351.28,0.052322451484471344,-0.2590245465472165
351.3,0.24017643599103167,0.275222452567764
351.32,-0.20989243297183435,-0.6940962032519238
351.34,-0.05686766081704775,0.051524413616117926
351.36,-0.05608985003802047,0.053000977721879394
351.38,-0.25887375001766344,-0.19938390257875938
351.4,0.05432093319131681,0.12836070105574748
351.42,0.04593888865611717,-0.002766665110897293
351.44,-0.06525516366871642,-0.21653697552272888
351.46,0.048462239246866545,-0.2486370901476036
351.48,-0.1831138011951552,-0.0843270949925099
351.5,-0.025586397355638724,-0.03335420563490743
351.52,-0.15198063806717954,0.19828857263949828
351.54,0.6048203595071442,-0.004342927808075103
351.56,-0.06848175412245894,-0.046003908438024155
351.58,-0.08914920620026123,-0.021550791788222057
351.6,0.4474540986631048,0.2321423919644623
351.62,-0.5038532819658386,0.09219104232598596
351.64,-0.16397778223686288,-0.38986498197379404
351.66,0.22321687502687837,0.023020700635886016
351.68,0.2656536311533024,0.12075495718980989
351.7,-0.10716517526267921,0.20774394532175933
351.72,0.12237596702855313,0.06795591693092362
351.74,0.07464361466501046,0.35041346607711077
351.76,-0.06867151233007007,-0.028784474686474937
351.78,0.08933257212977352,-0.06602321869396377
351.8,0.23441847678945749,0.06202287375963067
351.82,-0.0005637226503196757,-4.989102411512832
351.84,-0.04190670042565614,0.12032104134194554
351.86,0.06872215639647905,-0.05931358233422657
351.88,0.20765333101249084,-0.19712697511987187
351.9,-0.4038448043941969,0.16270146612935932
351.92,0.09116188953002435,-0.1463258782085859
351.94,-0.10354638905531033,0.3775662122518675
351.96,-0.010831915585704621,-0.006113901488511431
351.98,-0.24514315156167044,1.3559580583689446
352.0,-0.1861705593160039,-0.051959309704315615
352.02,0.34811567106379826,-0.09652169345277173
352.04,4.73362344059883,2.400493847670557
352.06,-0.1846889723359766,-0.1302744325614924
352.08,0.24829563675611865,-0.08845546865952514
352.1,-0.14060561585800002,-0.0029353842139201447
352.12,0.0938999077426459,-0.1410888406467663
352.14,0.18818789337896646,-0.009250653131687159
352.16,-0.04106649079892577,0.049710617553252234
352.18,0.13658733250142063,-0.3354622815112407
352.2,0.20913327913842394,-0.8148357698474769
352.22,0.04800312211687441,-0.10889368106580832
352.24,-0.17624998547420745,0.1131221530382085
352.26,0.08750590629051302,-0.07425301017962482
352.28,-0.09807624523811853,0.24971646668275227
352.3,-0.3329919443924396,-0.597647266260303
352.32,-0.041170697817037194,0.3497640594228386
352.34,-0.20094674486276887,-0.11310999405576894
352.36,-0.34202197364908216,-0.3980613445530068
352.38,-0.11364328550377678,-0.49836624250042405
352.4,0.002204500325827752,-0.00768500458860899
352.42,-0.17400738698652418,0.19318525431894074
352.44,0.13585872879762562,-0.2217358753207037
352.46,-0.48812783711605334,-0.0718563192324595
352.48,0.14398886335280991,-0.15511627488577773
352.5,-0.07454721950364274,-0.002187445598487159
352.52,0.1627038596719963,-0.10130558572279824
352.54,-0.08735894761676377,0.0058797254124058895
352.56,-0.022091505066136108,-0.1423968444104844
352.58,0.41258753498156153,0.9385031576485083
352.6,-0.748586311770012,-0.19733540603951383
352.62,0.15452097808178777,-0.18072045194876551
352.64,-0.13705355970168398,0.12541986936565763
352.66,0.021455007555534422,0.15089350729510898
352.68,-0.024650900058396985,-0.4308113939923075
352.7,0.10494314336711597,-0.15702324588788485
352.72,0.2066080172142719,0.43534001033319214
352.74,-0.14428008073380028,0.2553306479992479
352.76,0.0972101706926054,-0.08859189065578477
352.78,-0.02766326887543613,0.10066208897093532
352.8,0.13998997877462216,-0.828558367840003
352.82,0.09601254140801885,0.06476727609193489
352.84,-0.007370947388118054,0.03413037609884384
352.86,0.109298642163985,0.2742325930252676
352.88,0.33306198960088196,0.8661742465376143
352.9,-0.12095987560244481,-0.03900494699055912
352.92,0.34355292213290056,0.15792576202933617
352.94,-0.46028854487297366,-0.058083711310509045
352.96,-0.18216140056362207,-0.3762198191509114
352.98,-0.03487229542612624,0.08793023753848672
353.0,0.05167604234228662,0.06744842237781512
353.02,-0.346101102986907,0.46255379784203043
353.04,0.0584336616549308,-0.2519667667623935
353.06,0.360056314745961,0.25377607926368384
353.08,-0.039332007455556095,0.15110670498594914
353.1,-0.613808212882148,-0.19100097599703503
353.12,0.22413726999225858,-0.22258273091936331
353.14,0.19189388950118413,0.22435975830204669
353.16,-0.4182840784375941,0.45206912145461686
353.18,0.11918190988753707,0.0020951355886609235
353.2,-0.0014766192948272305,-0.0617310932651165
353.22,0.08232553175731638,-0.1082962841100894
353.24,-0.07918734814700201,-0.37282698736940034
353.26,0.10437999810212162,0.7018065908448854
353.28,0.14185765824916174,-0.2424523345430032
353.3,0.04232724653056508,0.09356132436192155
353.32,0.04922355099120068,0.021100838422249524
353.34,-0.18410504885550694,-0.24558099967858027
353.36,0.05990022477338641,-0.8282099551818192
353.38,0.08192162624176191,0.050902101060767535
353.4,-0.12226177220369294,0.11610537782149777
353.42,0.4679681209904629,-0.03981509596972188
353.44,-0.45792071803635537,-0.5351378023252522
353.46,-0.0863358918371091,-0.1959208180650691
353.48,-0.035173886412749766,0.023321816876524792
353.5,-0.31068662274545034,-0.4391519939799977
353.52,0.1628393388644298,-0.07445331019984991
353.54,-0.09785722616329906,-0.02436518763749973
353.56,-0.11900454927796034,0.4080070191351375
353.58,0.5980630347633209,-0.15667368894969513
353.6,-0.2264518535132467,-0.06335250590866082
353.62,-0.012089837071748377,0.05306427344345366
353.64,0.11941791509640254,-0.12861880112738078
353.66,0.09907343888487219,-0.017565383972147686
353.68,-0.02466401365992965,0.029132784239891407
353.7,-0.26427312069619546,0.3641214657986964
353.72,0.5397738627985227,1.0390040841931558
353.74,0.1289958815911234,-0.025673415392951426
353.76,-0.08990731599227786,0.0983340005683786
353.78,0.11430542081032868,-0.22025714078771585
353.8,-0.028456990160556472,0.03802520868683956
353.82,-0.005531619998670578,-0.04483963246477174
353.84,-0.07883466797731842,0.12130801072274622
353.86,0.0022251896320177877,-0.16985192641828206
353.88,0.06964281758894231,-0.4578724761685393
353.9,-0.1388177533910948,-0.28517112247924103
353.92,-0.14778636051814686,0.04629305072240797
353.94,0.06203380855052032,0.03470481316809426
353.96,0.15281703720839346,0.014833568242384132
353.98,-0.10552102032919208,0.09859300728974674
354.0,0.4735076489426078,0.6797435004642445
354.02,0.7932953723162157,0.4177985671028459
354.04,0.08117824718542366,0.049017236780343865
354.06,-0.2158189494585372,-0.1285448315404878
354.08,0.40466394836226627,0.19967995325636778
354.1,-0.051752255825007865,0.13985017210948314
354.12,-0.1507038320347931,-0.03379048507626692
354.14,17.211548930635203,-0.3156700115972342
354.16,-0.49404390482179394,-0.27895466957156856
354.18,-0.1977674459650416,0.12092345449362085
354.2,0.14111223797890204,-0.16002267311657192
354.22,0.03316322442721287,0.1504565653734673
354.24,-0.46291001477580096,-0.44306815104913966
354.26,-0.008853633956391604,-0.207056289770712
354.28,0.37846581696130954,0.009282098996177268
354.3,-0.0751989269740676,-0.0758700666939447
354.32,-0.42571505468347226,0.25991134964931106
354.34,0.03137439637430717,-0.40157928051719693
354.36,-0.03893246356210511,-0.040856829793469274
354.38,-0.21729826264218133,-0.10925688216658358
354.4,0.15574275928163317,-0.25140323762703076
354.42,0.7961199238468311,-0.14789566182136582
354.44,-0.18882233357671652,-0.2739345472110273
354.46,-0.19090065461090688,0.05550399120120275
354.48,-10.670024150303782,-0.33246903606040945
354.5,-0.053311833365839334,-0.09380970853401749
354.52,-0.015867630238773245,-0.1049013122011786
354.54,-0.08551715747789501,0.2760613034746626
354.56,0.2192449402556811,0.38623762904401815
354.58,-0.11724282848874878,0.06413592997383688
354.6,-0.037404791602220655,0.023385100971520245
354.62,0.1364869387004326,0.2499207221225639
354.64,0.03698417073990967,0.08324274040754176
354.66,-0.06203492030756763,-0.09864251499193699
354.68,0.07185289992902,0.0317718285906885
354.7,0.170211126044979,0.8619396742872283
354.72,-0.08766595251967857,0.08317002387349248
354.74,0.012982748121196153,0.053665575863686144
354.76,0.18137216643727427,-0.08607499080411429
354.78,-0.06695737215675734,-0.0339387467005281
354.8,-0.20659231210122897,-0.14625904444515925
354.82,0.06835463752844717,-0.47020977422319277
354.84,0.2887537395056974,1.0734635524996818
354.86,-0.15211920669136703,-0.12119642175420609
354.88,0.04795426630295907,0.04594578798792526
354.9,-0.007464643260142623,-0.09768555218535369
354.92,0.22419538191832444,-0.060101609788887345
354.94,0.025330367077639693,-0.06842079985331395
354.96,0.0018402250695963573,-0.18864270708813535
354.98,0.13070555673868256,0.08818980062044801
355.0,0.5568582726836055,0.1378668373427061
355.02,-0.184519673156899,-0.14949340379114062
355.04,0.0657996131947165,-0.11421398684291262
355.06,0.03385416647294903,-0.08887376844695893
355.08,-0.05073881365021293,-0.032147958164877366
355.1,0.08467978941018472,-0.2686564803533429
355.12,0.07201921453255622,0.36031673412437826
355.14,-0.12365204069031677,0.16735896045186038
355.16,0.012518555775258733,-0.23180041513423078
355.18,0.03492658961991424,0.10501813105618751
355.2,1.0642335270500212,-3.475767906081586
355.22,0.4125031616715731,-0.23104951229178283
355.24,-0.0408169796218516,-0.8137437771113838
355.26,0.16096638605192481,0.20807443772108059
355.28,0.18497643731698332,0.2629052064045858
355.3,0.07821097738591476,-0.19281632573845542
355.32,0.56764449427898,-3.4229676523607395
355.34,-0.13440152326457167,0.060871468146672214
355.36,0.07703843911025388,0.028516641069966653
355.38,-0.37171724961109476,-0.155539313162393
355.4,-0.38694471630012117,-0.150793323594975
355.42,0.22144245644510718,-0.12844132133608355
355.44,-0.009338903396439946,0.05423402873147154
355.46,-0.12159162830229775,-0.48132618232141056
355.48,-0.23028832852440217,-0.030141213827690194
355.5,0.0657297896205904,-0.05171152278909119
355.52,-0.09494186331779986,0.20214883120721439
355.54,0.43821807650783384,0.5267143435391581
355.56,-0.09608586728516855,0.0327463709548006
355.58,0.03137923706863788,0.3315151055753738
355.6,-0.14572730057277994,-0.19673493473072767
355.62,0.15891347459702487,0.09428615736616663
355.64,-0.0221519148323992,-0.0828036916391639
355.66,-0.00019444795567835627,-0.16796665203696648
355.68,0.5358008504409035,0.3010534886604255
355.7,-0.011427597358014907,0.13587008422153346
355.72,0.1342127041752832,-0.1313935497531844
355.74,-0.1954456605879642,-0.1946000247120665
355.76,-0.5004838701048513,0.015495017325701355
355.78,0.046495362486300706,-0.11787485091890204
355.8,-0.19198878816395393,-0.28098587250759977
355.82,-0.13702440983669106,0.33389571696531917
355.84,-0.07359355113061383,-0.055667032187187715
355.86,-0.12483021534163896,-0.008257175708358488
355.88,0.026299330704546264,-0.22720887002196122
355.9,0.2551365143880773,1.1353608478707962
355.92,-0.2787266602215581,0.3395564177891437
355.94,-0.023412239775801424,-0.04654174098899233
355.96,-0.07701812258589769,-0.1757647251151866
355.98,3.629624452033177,-2.0808962651168343
356.0,-0.06719501499843972,0.05763986831313517
356.02,-0.22065459020902978,0.03404057187909615
356.04,-0.2852277042276512,0.5172438430277744
356.06,0.07872169234402904,0.36867932956944216
356.08,-0.11387322803157929,0.11970507647989947
356.1,0.10354534764964285,-0.16422479241244758
356.12,-0.012833815833992901,0.1442956889384881
356.14,-0.04103696758332376,-0.08768390872523923
356.16,-0.2341569565850108,0.08101372005338092
356.18,0.017704144575940717,-0.4918272426547645
356.2,0.12412918618585422,-0.2537790882821298
356.22,-0.0221558430302764,-0.16874910623828754
356.24,0.044846762661514106,-0.060665058909073366
356.26,-0.11683901612240533,-0.4643981482544888
356.28,-0.02641591523671849,0.23641209398789798
356.3,0.0038544938461591016,0.18922831865009115
356.32,0.03760509222562902,-0.06660263117613852
356.34,0.10773412893630763,-0.4561564696177456
356.36,0.14796757124819848,0.237312132747185
356.38,0.13370886748692357,-0.10507491703377525
356.4,-0.10447592565707708,-0.490765716556389
356.42,13.64347792196358,-0.6715194657396495
356.44,-0.676400350571349,-0.16305134236927898
356.46,-0.17056782945535076,-0.17203054018664687
356.48,6.433758173255384,-1.8868521884916163
356.5,-0.09518435592561758,-0.5211759590901082
356.52,-4.8667758988986805,-1.3785976606558066
356.54,-1.7128994113791407,2.1399564973338734
356.56,-0.17007725263304962,-0.15822953231899817
356.58,0.029266738472784937,-0.4480489074719216
356.6,-19.65602329965671,3.269630214271956
356.62,0.3675676641472485,-6.437432219337779
356.64,-0.03957775625227811,-0.18313223304625126
356.66,-0.6232977804434867,0.11633576813103375
356.68,-18.163139362333858,2.6460331057407167
356.7,-1.705559646734386,-3.8612942764161886
356.72,35.19479442231271,17.908344984767623
356.74,-7.609496801073682,-3.4600898899094332
356.76,-10.480410255508929,2.7767298371468243
356.78,-7.628365727698615,12.97459708854269
356.8,13.629052872629892,2.324739895596302
356.82,-1.4777283018690213,-1.1989033171975905
356.84,0.5468149716674375,1.5094795645068473
356.86,0.052485283460111276,0.9392064228605932
356.88,-0.4472819221635973,0.7139071199829345
356.9,-9.896505586431232,3.452258749861418
356.92,13.281880340838256,-3.487416902400213
356.94,-1.5690967397060405,-1.561202107187185
356.96,-11.81667778741663,-2.721678053284407
356.98,-9.642686089586014,0.5097571839965198
357.0,0.13004311819478076,-0.726153969060725
357.02,0.0832932388825256,-0.32031824061527203
357.04,-5.004026715766102,-3.64950105791673
357.06,-10.384728281176145,1.494343397686606
357.08,-0.024474299984966308,-0.4292111357174946
357.1,-0.11448190605089792,-0.10431109779869985
357.12,-18.670987995252908,4.04702339860107
357.14,5.12905474154141,-3.312408035861992
357.16,0.1408609274545114,-0.15253522198584335
357.18,-0.9833511206974563,-6.574966286174032
357.2,-17.659582769922714,2.5133510511865644
357.22,11.50769291954083,-3.614214007411583
357.24,-0.18545197459035734,0.1893045738114445
357.26,-0.25780628098121383,0.09195320006282515
357.28,-8.80088470424419,3.8845469610604546
357.3,0.01736514722155036,0.5315814666433738
357.32,4.820386911781412,4.93318283894919
357.34,-12.398606746613034,-3.1320764891245645
357.36,-14.895146112843115,-4.634097980523762
357.38,-0.19558604532304713,-0.08201924120970006
357.4,21.94605457662538,-1.3958652117593147
357.42,-11.068313932497475,-2.6133373023216606
357.44,-11.444148274598781,0.6416069010804009
357.46,0.023175136915067895,0.001053372082392201
357.48,0.018681732662130912,0.2888851114449338
357.5,-4.122734201587839,-4.581369745807315
357.52,-0.7575643497556257,0.5058287633963019
357.54,-0.10511426808954383,-0.012698625958158516
357.56,0.1692222304659481,0.02485284413160116
357.58,-17.25779212267718,2.737670716631765
357.6,11.003194757100516,-5.027650836797655
357.62,-0.04111957053009263,0.2594514673943351
357.64,-14.30819852320245,-0.5282160663420967
357.66,0.11312125944357732,8.207099782118028
357.68,-0.03952151630112155,-1.6720573770868512
357.7,8.01265818406431,5.038606096773172
357.72,-0.3837597837598281,-7.173199410024445
357.74,-16.661741082859777,2.9879819998536483
357.76,1.1107774526723162,0.3426918105516492
357.78,0.39329832506039253,0.044702771168669386
357.8,-2.7550823639438775,-6.403010389840844
357.82,-12.630867150220993,-0.6352805154431636
357.84,-0.016448589099084643,-0.025788175792513357
357.86,-0.015571520263890193,0.27713131095842414
357.88,-12.970060607108607,-3.881168988669536
357.9,0.6261219355910974,0.5138169451854715
357.92,-0.0329441292139947,-0.14577634350286672
357.94,0.13168950677144764,0.2796750697731838
357.96,-12.380986581237075,8.472890023565025
357.98,-0.467817195198009,0.15214696827045415
358.0,0.2684847403984172,-0.1901944247257319
358.02,0.24850207683599734,-0.048947959788392836
358.04,-0.019256374023505884,-0.08544627518234194
358.06,0.22437783372328113,0.7615722853233571
358.08,-0.08949626987092785,0.013433861976263728
358.1,-0.11560900227766524,-0.012213079018856376
358.12,-0.05086515264261493,0.1588886820280102
358.14,-0.28104401053288797,-0.43395847298497614
358.16,0.20661744844672114,-0.3023545632712654
358.18,0.21973127416621452,0.3328864907567599
358.2,-5.301619967871865,4.815654927324424
358.22,0.15852921787278618,0.20619268489576825
358.24,2.137139802494289,5.318899190462098
358.26,-0.25451692044377694,-0.3965703854745257
358.28,-4.353971091861382,2.3624573688415857
358.3,0.3509647727286378,0.07005178328990525
358.32,-0.1370021849909051,-0.1444270497908704
358.34,-0.44972861547421417,0.7495499639589376
358.36,0.21354671519492996,0.07119442866385484
358.38,0.027857298917016493,0.025839133490702437
358.4,0.08515250304981237,0.10787959676262204
358.42,0.01801659303226444,-0.09986889074809824
358.44,0.11796663032209764,0.3583921727541366
358.46,0.062040898472169204,-0.013668310827945618
358.48,0.10078326158774331,0.0063305256898189555
358.5,0.2247348838906582,-0.011560462616792222
358.52,0.10679352100076756,0.09261750266373525
358.54,-0.06334538182242966,0.22316264347657366
358.56,0.49663427615242384,-0.10158692876742492
358.58,-0.3535748709308564,5.76726913983445
358.6,0.0031041587916895708,-0.418101661264636
358.62,-0.14417903469436766,0.14249089702075324
358.64,3.6863729483985495,-13.897841779005475
358.66,-3.7922986869997146,-6.0721939798412095
358.68,0.31189140223228407,0.4421569264943521
358.7,-0.19854471196128998,-0.089047638994046
358.72,-0.56208589099667,-4.185373206185901
358.74,-0.1710218435940476,-0.15661143599211158
358.76,-0.03847853489052255,0.13854569597853583
358.78,0.07228701931648374,0.17940270495824606
358.8,-27.863393024029556,-1.1224659966354338
358.82,-0.2394387668523379,0.17068607303075467
358.84,-0.032876111464666735,-0.059515822763948734
358.86,-0.07796585924728561,0.16759592637258436
358.88,0.04685828181294127,-0.293587267570139
358.9,-0.09321705205469044,0.5782605266056464
358.92,0.00448964156288767,-0.15599584602722416
358.94,0.21832493039360656,-0.04865081007950067
358.96,-10.062530045457983,7.092126727982894
358.98,0.07022723620289995,-0.44122373386433367
359.0,0.034178952055860634,0.23149412379708423
359.02,0.15353572495489942,-0.18146422718702837
359.04,-0.044568206025239476,0.2487003072209859
359.06,0.590343833224626,0.22133788576856972
359.08,-0.06072861167583454,-0.33694473767514665
359.1,-10.944226012938216,-3.0004207080143104
359.12,-0.15475030846178583,8.112099416344485
359.14,20.731229150160196,-3.6216184458858507
359.16,-0.15947343250472557,-0.02938899717634058
359.18,-0.4095374534611551,0.10496205369954126
359.2,0.06690536050435014,-0.21726823835679454
359.22,-0.047575691133268094,0.19674330225771897
359.24,-0.06816853429570102,0.014201908016083564
359.26,0.2802146586025813,0.721152436183516
359.28,-0.03609940091832442,-0.13228750642073095
359.3,-0.08893641657283524,0.23124884940600055
359.32,0.18518492787024599,0.2710878337294531
359.34,-0.14224062562242068,-0.1310530363123803
359.36,0.5532499713875403,0.11137339410895919
359.38,0.1629337286922059,0.009276705487469172
359.4,0.1262991831375011,0.6176854169428054
359.42,0.02617409360676959,-0.39881840562792803
359.44,0.0689849373786231,-0.24539942122422786
359.46,-0.2409058077574926,-0.20408603576907325
359.48,0.12733204870581716,0.0484174973472804
359.5,0.18526360151617993,-0.3576300355158395
359.52,0.3617862967394707,0.3398070205114223
359.54,-0.21423854120946828,-0.17335362476081428
359.56,-0.06393961180807395,0.008587771452127413
359.58,-0.37363583395421784,0.0086966047790078
359.6,-0.2893278265379564,0.34399776161931683
359.62,-0.06870586969375836,0.0342574014495689
359.64,-0.25858308523905293,0.47447561338047706
359.66,-0.005953066711278154,0.21434244293333649
359.68,-0.055915788749899775,0.04004077768498959
359.7,0.06233316041348402,0.06843438431771887
359.72,-0.28300693231456364,0.5555647674262936
359.74,-0.3192705852160813,0.10837437660337201
359.76,-0.16696427729537078,0.07196180861249601
359.78,-0.04399659277340362,0.05307716563840614
359.8,0.24427206208691388,0.05122265807681359
359.82,0.18459774489728886,0.29191229734934154
359.84,-0.21813080114715433,0.018479757326772983
359.86,-0.2878382441333116,0.34942567845964945
359.88,0.42668954164304296,0.005972279369235167
359.9,0.23191515955892328,-0.07152252578293172
359.92,-0.1766032374355646,-0.0012849468146995946
359.94,-0.1631566372266704,0.3592923576132243
359.96,0.6221212948365391,0.04528554425320408
359.98,0.08806822432751815,-0.0805372197974279
360.0,-0.07815986912790152,-0.02035553443015914
360.02,0.12586128627680893,0.31968611734962593
360.04,-0.43423305663040423,-0.3242366863308277
360.06,0.14122637560500806,0.6330968100819447
360.08,-0.2802404512720571,0.07118944912977909
360.1,-0.3010966052166495,0.05608520848719678
360.12,-0.07118024377697907,-0.4517675989021228
360.14,0.030166626653432616,0.16288634511996136
360.16,-0.0681091077765359,0.1726278289686327
360.18,-0.2710404999665528,0.3717669427694581
360.2,-0.0007701688459818001,0.6144979298193185
360.22,-0.05513687214537555,0.08481081594805673
360.24,-0.022322109953599067,0.09043308455047239
360.26,-0.027226443561389146,0.17709058320146198
360.28,-0.2760381934449896,0.09956866240307605
360.3,0.0011172185950591995,-0.016037766177142032
360.32,-0.057782434747998934,0.04095741627500615
360.34,-0.19243086398414988,0.14999166632216543
360.36,-0.20886088021745053,0.11961560612744648
360.38,-0.02460767752440063,-0.12358868136792012
360.4,-0.4033289507505273,0.17475538365295407
360.42,0.36469829565271183,0.09591097805643756
360.44,0.40480561719762065,0.20758492960597863
360.46,0.018848716915538688,0.10461552836598287
360.48,0.034956381927425895,-0.06336051735461723
360.5,-0.2762623859992601,-0.2555717336387744
360.52,-0.15738565931827253,0.40312402173853457
360.54,0.050120598848121034,0.09495858072865104
360.56,-0.144319561920085,0.03744986877583045
360.58,-0.4244361530152574,-0.05325490571057401
360.6,-0.004371139190482154,0.22597363187480823
360.62,-0.07825722379983091,-0.05168821629914078
360.64,-23.43808282637071,-4.890239415407464
360.66,-0.03646675600340643,0.4113785088969273
360.68,0.1584162739159396,0.11250289320202356
360.7,0.05282226260890255,0.052901584997481876
360.72,0.10744621577655167,0.208043939153832
360.74,-0.19504135962901614,0.17451294587747412
360.76,0.047113932977140394,0.016075461659497137
360.78,0.025933953114893882,0.22901067880142278
360.8,-0.0897342934573615,0.0801847389662953
360.82,-0.046858784489892,-0.03846787741729685
360.84,0.16325627336971493,0.08535340923068802
360.86,0.03760732565851299,0.051759924821379144
360.88,0.3669069967568852,-0.12477381898256823
360.9,0.3300134142058617,-0.0776845657057521
360.92,0.23396331831681394,-0.0011572393296006567
360.94,0.20895709809549246,0.295379814375881
360.96,0.010815651414958438,0.15836846816599603
360.98,0.16250269929816952,-0.08566140450876958
361.0,-0.08345674410530535,0.008762001686374532
361.02,0.02394956334950038,0.20450730769143277
361.04,-0.3540896671019311,-0.28447325143299196
361.06,0.11472501025675186,0.06173760948166418
361.08,-0.007320612473407095,0.21757908184154573
361.1,0.20975561228802064,0.3891506468602053
361.12,-0.25494259724294466,0.12318699252104892
361.14,0.10488765225320762,0.06386435919453248
361.16,-0.00762097955761476,-0.0812938390550002
361.18,-0.33147619540268636,0.29029636081615706
361.2,-0.039042318672798615,0.3147730329289189
361.22,0.17280944989508384,0.19525095749503762
361.24,0.12397585593868143,0.28931673747945297
361.26,-0.21382588379620415,0.16953203308524678
361.28,-0.18837052126813347,-0.08426723951093607
361.3,0.2908717167055208,0.029251895755756152
361.32,0.089428301412525,0.12132594810366015
361.34,-0.22775114797828167,0.2312609908675185
361.36,0.1280026562114429,0.04053455587936483
361.38,0.10815304938781978,0.05664799178032709
361.4,0.04190461075272722,0.43191809598787856
361.42,-0.513014323885912,-0.4976093096327361
361.44,-0.19315140257877061,0.3107578054101765
361.46,0.07644314815943432,0.022318667708983497
361.48,-0.039622400986665696,0.5760695720886275
361.5,-0.04825284827055043,-0.2634464953472886
361.52,0.3026771185213448,0.20419742589241352
361.54,0.1397806362981484,0.002033954933331472
361.56,-0.2361390441251885,0.3246089332556146
361.58,-0.2520194916645906,0.15695104695029727
361.6,0.2838586639013343,0.0556319417206943
361.62,0.27249214988911064,0.019374783747881708
361.64,-0.20321254389024546,0.2256352482754096
361.66,-0.19085390108821798,0.13938652847360444
361.68,0.31921889631698974,-0.04905089038440025
361.7,0.22532835619210445,0.34294976370626173
361.72,-0.42809645611581715,-0.07216812808196948
361.74,-0.18871669009980963,-0.22171588616843962
361.76,0.30206397661081397,0.1281713860873559
361.78,0.5389283415622508,0.4034087672972895
361.8,-8.390936038160042,3.220957605370309
361.82,-0.20823461313607794,0.10773049513894861
361.84,0.1687020044879297,0.008938891249933079
361.86,0.08519131646481881,0.334986627858207
361.88,-0.9601981540569966,-1.2176629677441895
361.9,-0.22678552448930134,0.38196718261465534
361.92,0.030994848092376515,0.09365525929933227
361.94,-0.40101417510408055,0.6796231375420625
361.96,-0.018221845505983936,-0.5343512018262544
361.98,0.1733011656680432,0.3780293214173973
362.0,0.21783667537623685,0.4708041438534529
362.02,-0.25738226407573706,0.04118282390220074
362.04,-0.08264348194396831,0.05485894557570958
362.06,0.2421951193027425,0.472105708542621
362.08,0.1379520838822792,0.43764654562803074
362.1,-0.07504821925694216,-0.15389597694819201
362.12,0.0438842916822324,0.30941987063003396
362.14,-0.06976331678082204,0.04933333077306301
362.16,-0.005110095442567797,0.543366171937393
362.18,0.07753645650890917,-0.19390400133436714
362.2,-0.25835277036114235,-0.25429438427445206
362.22,0.2761331320489191,-0.09217931622335129
362.24,0.005271758446877328,0.06493349698735074
362.26,0.3638842126828301,-0.01216347905418047
362.28,-0.09550387302757457,0.029079369084698214
362.3,0.30859972967448357,0.2770026830273018
362.32,0.08564828401135571,-0.36210088361793424
362.34,0.17571866359664057,-0.155101237077929
362.36,-0.3551816244937882,0.29263493920278805
362.38,0.00920594933463903,0.17686141513157594
362.4,-0.21245705004579918,0.33096513442383824
362.42,-0.19974826851821348,-0.15395087941922725
362.44,-0.023417670942237123,0.11085938291530795
362.46,-0.12182825992152857,0.05179461499976057
362.48,0.5347097553708409,0.5332513458026824
362.5,0.039365406125842384,0.6191943023146891
362.52,0.1330089290708294,0.005136005051152637
362.54,0.03302998793646239,0.11745978621607023
362.56,-0.030551536897661435,0.024971879180199608
362.58,0.024796183419972806,0.29127938526704966
362.6,0.027708228127551138,0.13752779589657038
362.62,-0.14869594229533334,0.2717573165095004
362.64,-0.14507175017042329,-0.0858531089128789
362.66,-0.061695078420889615,0.2216074012824727
362.68,-0.11419132762466688,-0.03734724518374577
362.7,0.06146594444591713,0.09776356707831013
362.72,-8.474147986218405,3.832836604853469
362.74,0.47146199263235644,0.0007618008887959604
362.76,0.26395635449431865,0.07740238595495086
362.78,0.12288030867270194,-0.039730993366013934
362.8,-6.604521270872269,3.156456319242327
362.82,0.04705224659336338,0.20553044885983596
362.84,-0.05284931708501972,0.15001679705833837
362.86,-0.444837398169291,0.6444390235983413
362.88,0.7234461819975628,-0.30573793403620897
362.9,0.11140444168715646,0.1016921235383208
362.92,-0.05418791967556302,0.22717935012899915
362.94,0.10110734986280079,0.3068505385156186
362.96,0.37920198232809454,0.28827187404851173
362.98,0.08010929834169644,0.02495787752226164
363.0,0.007232279372466621,0.1846383230495654
363.02,0.005415375684787449,-0.05794948180512449
363.04,-0.032088168156036545,0.21504949748504743
363.06,-0.011904989519003095,0.16224438874758107
363.08,0.04684388173393117,0.14721534628553812
363.1,-0.15553841819424008,-0.2376111382210766
363.12,0.10887525796686504,0.627591171112595
363.14,0.02760740941366535,0.017350600445340092
363.16,0.01783183972529301,-0.12778646284283468
363.18,0.22377293455129177,-0.045628220919702756
363.2,-22.57474823246411,-2.8980318416614637
363.22,-0.20156583651836968,0.07130612412598936
363.24,-0.12973766597488634,0.6004547361441119
363.26,-13.45083051472804,-0.72430925274967
363.28,-0.09127766111933511,0.15941519603382304
363.3,0.10248475040656402,0.23462975987483858
363.32,0.15123109414601998,0.18060977281459856
363.34,-0.053584478206019526,0.1601587511235394
363.36,-0.15508268313845264,0.14897517886809197
363.38,0.049757568274884534,0.16759147818968145
363.4,-0.11955522217817816,-0.061537168309506285
363.42,0.14387290584561896,0.372563716006475
363.44,0.08766254698493015,0.13881048734625878
363.46,-0.02901689317518219,0.25043119960727367
363.48,0.08827476571803317,-0.22532641575736534
363.5,10.672889845757094,-4.089600772350806
363.52,0.14204241579802357,0.07644360357387825
363.54,-0.06693209848111081,0.2939263747888923
363.56,0.304905423344465,-0.15994038436626568
363.58,0.3727564816752711,0.8738418310185736
363.6,0.28545370505988643,-0.06512036883712113
363.62,-0.09416811591896845,-0.04968602094518104
363.64,0.7465830780819438,-0.17805218303836057
363.66,0.7781390855461368,0.5695722300687649
363.68,0.31420536521260445,0.18206683110325628
363.7,0.008832954867077802,-0.7689800307831902
363.72,0.24984957332348046,-0.3254168775495998
363.74,-2.8260108313641936,-2.7085483306891973
363.76,0.0036514960607405555,0.07311001320204369
363.78,-0.004092454299971848,0.7563450940044625
363.8,0.4001102790178379,-0.3929566610722901
363.82,0.02442254816715561,0.22094331280273138
363.84,0.030156418131301876,0.084303676012496
363.86,-0.0012236210568801198,-0.07912777972201468
363.88,-0.01823450321469977,0.36367166923561456
363.9,0.10932779238191159,-0.20079403853719668
363.92,0.07068552613256429,0.010010626016576651
363.94,0.3180811064212996,-0.4185200990170017
363.96,0.5126589238511663,0.3180498686035307
363.98,0.10605510536575125,0.06709275435225592
364.0,-10.028334354230267,-1.3215437046031724
364.02,-8.65506712075642,3.1261706612269364
364.04,1.375221974017002,-3.0690822923434027
364.06,0.6877430248721375,0.2435648344430028
364.08,0.2991002353870087,-0.4241126866094689
364.1,-6.643955353910954,2.809479501555284
364.12,5.08687739776618,-3.6127089169783346
364.14,0.1576105387703457,0.10936407369639767
364.16,0.7252490212334912,1.5145662155373891
364.18,1.2652090514868277,-0.4161229896769356
364.2,0.08081189465541883,0.20156988454635183
364.22,0.17743358252501196,-0.04599094301678264
364.24,0.15800450226319995,0.22092564508160706
364.26,-10.165185392934916,1.5354031253958205
364.28,-0.10215029074932147,0.9220740287412141
364.3,0.12781644551882465,0.19153109853550632
364.32,0.44855960451293697,-0.044385469547954415
364.34,0.6734055918945394,-7.999744212829114
364.36,15.087413491389672,1.5053700686560703
364.38,-172.14240571730903,-643.9049071639965
364.4,-18.022706785700414,1.879090879326892
364.42,0.5864893975584025,0.0529886963264552
364.44,0.1854294676632655,0.2832346030051234
364.46,0.281800964946207,0.8181088867241186
364.48,-8.737770775035848,4.844146696411819
364.5,2.0251336902299677,1.353425087269006
364.52,9.718136921294871,11.074230069929087
364.54,0.5766283385737019,-1.8115986976670087
