t,ax,ay,az,wx,wy,wz
1.04,-0.03556316992391439,-0.25888521467661213,9.964666822376145,-0.023276561008417667,-0.010902825261137656,0.0007546358187516318
1.05,0.07970865076834134,-0.10580952295340956,10.423171107055705,-0.0003563411611224495,0.01098910208748469,0.007424864304611238
1.06,-0.15249358595251314,-0.018532867161728982,10.595005884751568,-0.02981372724560971,-0.003300833606572775,0.010796711988727843
1.07,-0.16872168883437208,-0.02984457914751898,10.927467931450801,-0.01082760950323822,-0.012613147082350392,0.02591453773951781
1.08,-0.06981841807625094,-0.04152047307508975,10.92192893386971,-0.027697678473047476,-0.002183254287135115,-0.0262391276205949
1.09,-0.31797041160982975,0.1106078893857025,10.466812418652797,-0.03209096139752198,-0.005260741189376891,0.02290304606359062
1.1,-0.2718189732933384,-0.3111739487778078,10.120371620164633,0.0034738539233953197,-0.020323353546866593,0.009728076777609136
1.11,0.0734165816157805,-0.14498696678347492,10.79716874046233,-0.016124988726393525,-0.02352775807109751,0.003628678156741937
1.12,-0.05484370679593395,0.38551254508139493,10.537220496387695,-0.006817450434567603,-0.004411763965182527,0.01924753942900866
1.13,-0.15688210313098744,0.01777546382878612,10.360326507330994,-0.0027519652112473316,-0.01789193107811602,-0.007545694079772393
1.1400000000000001,0.08134960968791582,-0.19385385695824212,10.692341189755044,-0.018234370906349308,-0.028330962583307032,-0.014852850776069607
1.15,-0.04112554452529061,0.021309332581199332,10.156302664963397,-0.019258222796300763,-0.033666706913202,0.01788049259431362
1.16,0.1628993369970543,0.2807763901859374,10.17425831433896,0.010093165149552585,-0.002630477169924793,-0.007350885117357696
1.17,0.010251770927408081,-0.03567212465783649,10.418234563445282,-0.025743174470077845,-0.004295535325095217,0.010840526529330367
1.18,0.06462353361800716,-0.11671229470206884,10.335945673675415,0.02110042778490211,-0.0027127042302213383,-0.002021872149152917
1.19,0.2271610554069213,0.15862001659171462,9.979148031646265,-0.0007506080163376719,0.006196267225223484,0.013166922251482121
1.2,-0.2613641830663804,-0.05158219865906022,9.741818373969377,-0.024057305024397062,0.020211831202970192,0.0014686265253372331
1.21,0.17827168725955866,-0.32868608665472276,10.213038607261291,0.021113540202473528,-0.040496689833102784,0.025149893393424518
1.22,-0.19331097594907276,-0.1189811802210691,9.872069820029804,-0.008101659781321375,0.009459560358051377,-0.001447924328549252
1.23,0.0851475772687569,-0.20755486053792355,10.159464428663357,0.006887539176261151,0.01302012126306922,-0.007016873075639321
1.24,0.19105272717076838,0.2574984379636785,10.207178495209229,0.014993268105313921,0.01100912131346894,0.018609021154573375
1.25,0.04001949346689505,0.1244458954368931,9.874455891331317,-0.016191947545700223,-0.019443361833946002,-0.0010480910274880957
1.26,-0.2084640203821823,-0.03030580896435652,10.186239068213117,-0.02220274929849538,-0.021879329842492145,0.028306487811704938
1.27,0.15261355538894153,-0.24853728917305087,9.99361884702964,-0.0028904452690107175,0.044892196521106216,0.008578018617942931
1.28,-0.2791776942487248,0.0017447111973382644,10.018797218586817,-0.004502497910946718,-0.011414375673559317,0.01944548389802799
1.29,-0.05039730308076283,0.07092855147601172,9.988975715799901,-0.004592880275124883,-0.0014864747916266687,0.013993309014691303
1.3,0.10356491650024899,0.45848275659914334,10.015871468465674,0.005379455112223733,-0.008501564878905903,-0.022663832747224177
1.31,-0.2778622544317207,-0.19169053595563604,10.206396931897848,-0.019476474161555665,0.020095610764394905,0.015018074298817432
1.32,-0.16256691552422117,0.14693000310779494,10.149084317920238,-0.02709929938163249,-0.00983456511457501,0.0006694251503775183
1.33,0.12968248528605852,0.2725978801018007,9.919210514418749,5.578517634185809e-06,0.015465293878281744,-0.010217874236241549
1.34,-0.048179718486637685,0.03202286260045543,9.769599576131023,0.018494284784110582,-0.016946342106505894,-0.028300152465664596
1.35,0.01384345507315401,0.20665772203320384,9.906960176308683,-0.019170879866692907,-0.002790209333267639,-0.021956911653593862
1.36,0.014856495095301204,0.22243187852312693,9.629862681148182,-0.03712703778294922,0.022362417979296674,0.006754591516805695
1.37,0.12434381028054374,0.10167049493607083,9.814832406266488,0.02036533501369996,-0.03141696124491236,0.008415420074784088
1.38,-0.2815409231713541,-0.10475169153583887,9.716612936643624,-0.0026984743667954297,0.003308277918378195,0.02708261574395926
1.3900000000000001,-0.061768995492273424,-0.12297037636707829,9.893653913706304,-0.016737247406513844,-0.018884791152809128,8.29873798181803e-05
1.4,0.19613607766386934,-0.14434950823905404,9.943607421710524,-0.008738209177539718,0.0065229554392646424,0.027723257451230082
1.4100000000000001,0.09268971261306068,-0.02413185050869967,9.852139796035893,-0.01669796342839179,-0.002372507313578722,-0.04293213490534437
1.42,0.16744314035750885,0.02878632129951923,10.048447013543482,0.0010003252522602713,-0.02599586424407184,-0.016277771335158245
1.4300000000000002,0.1554361044695979,-0.033290805099053994,9.956067583325671,0.00346068716139357,-0.01547837226018376,0.005146035383665483
1.44,-0.021659807128414872,-0.11398282187026576,9.853985759652975,-0.02107580567877382,0.01853805136547841,0.019389217882381744
1.45,0.12403282678443263,0.04258438705946469,10.21275682736216,0.03037679297411602,-0.017841974004914843,0.005064145032171379
1.46,0.178842600596576,-0.24840231841243096,10.033373712878456,0.006059222146304133,-0.01917232537940137,0.004170918699814238
1.47,0.10897356422351098,0.09632033931747383,9.706674621517509,0.01631313270757455,-0.015198573689647379,0.011582818722177878
1.48,-0.0672027468520549,-0.03111982906514353,9.99186107994925,-0.015023688869451967,0.01903406981616875,-0.02350974029586827
1.49,-0.12238602770928769,0.12430743277307837,9.38574181956851,-0.021206297028538285,0.033720958825514014,0.009648899158860877
1.5,-0.17811316638032984,0.17453323610785532,9.65867676512695,0.01546298790584355,0.03206560674019673,0.01978014958086826
1.51,-0.07491965755464135,-0.160336437731837,9.67297930459865,0.010592547100308887,-0.015148954541878912,0.007769586445055328
1.52,-0.1065663752466883,0.10088103581317484,9.895165236131136,0.01302786663863157,-0.007271441174536746,-0.045010922070019846
1.53,-0.0636029115657054,0.16449317835103436,9.84925192972074,-0.0178838563154558,-0.04395233189107365,0.03430296276287799
1.54,0.18691663825656904,-0.17934979487126027,9.695742955271928,0.0001279424980749128,-0.02532539538038048,-0.029620458275993616
1.55,-0.000983200994418653,0.3162727572978778,9.823752112676138,0.017866793299513635,0.0013738753225663613,-0.001167976742995498
1.56,-0.2576996592513922,0.2312578075600403,9.815598439629866,-0.026879569078217345,0.0037987004201427716,0.005805372538863441
1.57,-0.037751342089006504,-0.13627056925746572,9.775346774961665,-0.03506250337887418,-0.005018177247888642,0.013392400324680215
1.58,0.10659845199585706,-0.12227196486026855,9.319947109009215,-0.0013410195762293732,-0.049563070739870825,-0.008230701880909465
1.59,-0.00887632730093535,0.024525263241652023,9.928235961035325,0.036872205651352595,-0.00796618380016178,0.015090222215375298
1.6,0.07170842152229016,-0.03209500909096878,9.89963298768095,0.04718316915219049,0.014003726465254825,-0.03574294475644514
1.6099999999999999,0.1454509412313061,-0.12883289783054072,10.008910018208734,-0.038679552521243506,-0.008808037862547318,0.01809662357453974
1.62,0.01920567044278659,0.1834863570534941,9.758639437810357,0.01132445107922532,0.01521421554331105,0.007966110562136464
1.63,-0.1342354622476095,0.13354571851306699,9.823830703174007,0.004857840411714175,-0.0025352152704432728,-0.027646197381008007
1.6400000000000001,0.15537299835348056,0.14094401993220196,9.47295421402004,0.037605719523193575,-0.03335165216995083,0.012151520866946978
1.65,-0.05204013508508342,0.1560723827321073,9.32658048291185,-0.011838902007281084,0.009946554800378822,8.05004920691937e-06
1.6600000000000001,0.019124310727387104,-0.15085998196017486,9.733438421376503,-0.021387652720499344,0.008335938260748655,0.01926196024379416
1.67,-0.13867835044732021,0.1364623353387082,9.531958406520332,0.0031064290117924376,-0.06786295604926339,0.040042446335930015
1.6800000000000002,0.030551709234711375,0.07674094018634034,9.486115968136673,0.0027189354809473367,-0.004919230020053139,0.010442761831653342
1.69,-0.29611542850659145,-0.014909918535270674,9.891170979797097,-0.03191973539837713,-0.006516051970520385,0.0311899418925397
1.7000000000000002,0.007117805887139479,0.04944730468022785,9.855961212070822,-0.008619056290655335,-0.012914556590989024,0.026373384705677985
1.71,0.19427244885405512,0.01772478976855312,9.844726518389638,0.016078658447475393,0.010901421251797848,-0.007359362693979387
1.7200000000000002,0.034669045122805844,0.2019461948413663,9.929698929543466,0.01260995076475755,-0.03353657806821948,-0.0319523614234459
1.73,-0.09208336839018715,0.39340076441929955,9.847499345255748,-0.01831949320703117,-0.005393730126820928,-0.0030335193777852147
1.74,0.16172209599480922,0.2201291706126699,9.80919402182823,-0.01694414450937234,-0.021781613549404933,-0.018411397608838233
1.75,0.12452516191479139,-0.05114539617424609,9.508160095757251,-0.039171493113691266,-0.006661179233959184,-0.019719434007959884
1.76,0.07895850915170073,-0.07467524461972179,9.78592474487494,0.005443459396510165,-0.008062299790486597,0.008709977846264587
1.77,-0.2528569858237237,-0.0936155635254868,9.709522281138355,0.007837137405361697,0.010464475910669235,-0.002351881077666167
1.78,-0.2998514398081897,0.26037197458749767,10.217424816271098,-0.0325811945944835,7.40540611623235e-05,-0.00968753584142164
1.79,0.009930700351254186,-0.1193023885737913,10.056499572753614,0.003946800273275566,-0.00048052957274719233,0.010595231783123252
1.8,-0.10615389285184688,-0.05050085514025662,10.117231513763626,0.023310317721187263,0.03224223334328343,-0.003273000987570597
1.81,-0.24914959156396058,0.34690384931351415,9.691168159620057,0.0015931142017628188,-0.00013764933171763057,0.010604486741610141
1.82,0.10236952769258092,-0.13097974401379772,9.652746428006122,-0.0025392053770121213,-0.01624407898613937,-0.025855764958225304
1.83,-0.11751362850090451,0.044628362160941536,9.895267469884537,0.005936581398324657,0.02074266708054522,0.008134571670036292
1.84,0.0740696988307967,0.2851828773561801,9.734320996625797,-0.034264429325384906,-0.01936063833934203,0.014148126435658473
1.85,0.11794478951039576,-0.049315145263980675,9.649970545507921,0.00841354265337733,0.01961659704706792,0.0018331087294412472
1.86,0.15875958442157792,0.1180938207550421,9.975001217095215,0.02154099987792468,-0.0036386004128067828,-0.009263787630288194
1.87,-0.025990354036410056,0.1355263446886286,9.393637085290457,-0.0171039756138389,-0.008319774732462554,0.022849331836667812
1.88,-0.13656594400625502,0.030243136602533718,9.852914719437422,0.02963892579863464,-0.011842434853077857,-0.021342813406709602
1.8900000000000001,-0.08181664936520375,-0.07737271681830026,9.837776216766944,0.04161205234279495,-0.005628075334273776,-0.009234742722307086
1.9,0.213341354932579,-0.1703431170030503,10.009072873583309,-0.00451170529881053,0.026696976398672047,-0.008846222289932636
1.9100000000000001,0.22389097123419197,0.07598158772734848,9.779773238956038,0.02310250861725697,-0.006715060449130501,-0.004681394282595715
1.92,-0.0715414296980405,-0.19222698863147558,9.967465476048714,0.014172273596121467,-0.00625606081148128,-0.025016935576889682
1.9300000000000002,0.04097288251025647,-0.20830577941011733,10.113066257780394,-0.034527966968326405,-0.007946548464723053,-0.028467421014095204
1.94,-0.0815341241806583,-0.08582015766529127,9.842571747011975,0.0023342796352878474,0.04766217390157283,0.0036801143133156256
1.9500000000000002,0.09376914033656367,0.04839827430607878,9.626023621344247,-0.0245614900836296,-0.020944097789756897,-0.015457494952534432
1.96,0.07623693502636616,0.06809530583205863,9.69715016045045,-0.02255216882659641,-0.02207423045074667,-0.005023545965528831
1.9700000000000002,0.15718738415404535,0.06087865419902635,9.900779351949767,-0.014120636808131347,-0.03745303394048649,-0.004888769471472435
1.98,-0.027797439816028724,-0.05886706933491085,9.831817107979203,-0.017440879961572626,0.0005338188899861857,0.0020607999314021133
1.9900000000000002,0.32002740750551023,0.054239440664841064,9.503446837560704,0.020053629715305984,0.019054914028229727,-0.0022232054480585722
2.0,-0.2564542362139653,0.02933851580135294,9.73359068890688,-0.015612099240259915,0.01738934627694054,-0.028744073007492075
2.01,0.09016767631340646,0.23468806024247688,9.830230394396372,-0.026268856770868956,0.0012854092520963914,0.002568629112908839
2.02,0.0988396081978953,-0.010616858187517508,9.459205608264558,0.003148476115067207,-0.004395433271744547,0.005955098046394723
2.03,-0.040571540408927804,-0.09435058656651822,9.456823965587981,0.029073860922486292,-0.0069301629324970675,0.0020712559359321397
2.04,-0.10985007138169728,-0.1728255897808084,9.517688543495844,0.008376415095788162,-0.03568263424253348,-0.012238273950235048
2.05,-0.32323448826154866,0.23712353333897418,9.869192049246475,-0.012849180301770853,0.004489172111884765,0.003147051960738746
2.06,0.23727938818536232,-0.165516293399525,10.00460523730641,0.027775147373750562,0.00423384831108746,0.015563254659622099
2.07,0.05640311223203382,-0.21865874634362184,10.129316780730962,-0.035399969467878094,-0.005495010671034119,0.0030549636713981484
2.08,-0.04037157071923454,-0.052206642436465334,10.217231470661227,-0.005932664032464695,0.01663921413732624,0.00505005508960143
2.09,-0.23397528628192088,-0.07189218133741636,9.89101055172434,0.027614500880124317,-0.028242019460212115,0.0009828574564044147
2.1,0.023529093893507404,0.305446855317076,10.158546022949333,0.011047106343784962,0.023869266779222957,-0.00047730456887853993
2.11,-0.17784953849366805,0.016337486265231464,9.540259293878119,0.029716246666641778,0.02358156898030737,0.0007565457508273127
2.12,0.2343934977823357,0.13527605421566113,9.720823407469041,-0.032561356920098705,0.026462560073929938,0.01480158868293588
2.13,-0.16438920289055495,-0.25855910122550624,9.70669834710775,0.0030868318094752095,-0.030339191720958975,-0.012540331468749296
2.14,0.14476218705787272,0.08853662610856163,10.176613535840909,0.015868773410436753,-0.002861552492831434,-0.009806177524409354
2.15,-0.33315049903929406,-0.060216692396143294,9.727800192077668,0.01654148814648716,-0.02008290615636729,0.01071576384672946
2.16,-0.09592396966438838,0.12115786024840995,10.080526112517271,0.03451992057591687,-0.013923902139810231,-0.014560308577632717
2.17,0.27101457894558717,-0.20755999704360004,9.809955324004761,0.015483543384954307,0.01673051736902681,0.011271657424964877
2.18,-0.08996951838619419,-0.5414435203775197,9.868193343925043,0.01227804883162429,0.015676626337458473,-0.003119805274884447
2.19,-0.10670641635910677,0.024297292081602254,9.861638977405558,-0.022481902393841943,0.006544822752092439,-0.025486051098603604
2.2,-0.022198766173304824,-0.04522235702869925,9.935801016349266,0.019613720717504366,-0.015610413353903526,-0.021293442382617298
2.21,-0.016773625093803115,-0.13275903521969343,9.830277446026656,0.05026119401043194,0.010038743955686841,0.009503062273624515
2.22,0.01504903544453831,0.07122287926624192,9.875191357883446,0.0339962411032275,0.003978032206323227,-0.01667560190294006
2.23,0.1418997608405298,0.23009831640838516,9.779734256940216,0.010161524904229393,-0.024912933257170217,-0.01494909162693656
2.24,0.3354274490203586,-0.4412820294657223,9.805523141933332,0.02011643061066349,-0.009098902077356587,-0.009234302496054262
2.25,0.08281580115939724,0.11156870308548475,9.800839122330954,0.005405197583113192,-0.00702501310913082,-0.010560503743326647
2.26,-0.11551442110358173,0.29423885173539616,9.642000396397243,-0.009600957373404896,-0.012322488809402664,0.02780766105866151
2.27,-0.46302898199930764,0.1494552669047177,9.598136388995306,-0.017351042633764434,0.027894987214905593,0.03044389603312714
2.2800000000000002,-0.17279130866910394,0.4081293047485777,9.645038505600056,-0.018250095361996434,-0.00817461250484596,0.003854450476486568
2.29,-0.029367793147669873,-0.14898643484943952,9.975419535617455,0.03489249891210817,-0.003350203531660326,-0.021917543330052903
2.3,0.03399868622421849,0.1250761655120803,9.696015754855502,0.007627850379400084,-0.016474806453935294,-0.017679289884323737
2.31,0.245657370114993,0.2716076510191202,9.646433595773628,-0.005140064357618205,0.001879812762346356,0.018774865566370726
2.32,-0.08884063236925906,-0.0807777480112475,9.956988025808137,0.023372302909246467,-0.03582893275538482,-0.008027050854968623
2.33,-0.10669997426375576,-0.11544400173051078,10.037001698700955,0.013430494405419272,0.010718475422186305,-0.011762830474435987
2.34,0.11083152453782646,0.005326331973170038,10.038386549568225,0.03053722603525085,0.03214315227481178,-0.012779838371246376
2.35,0.10196995475348232,-0.14476013557694578,10.031099394123219,-0.016847375183268856,-0.0070260659988451695,0.02173792826628141
2.36,0.15394025616195242,0.20236942468701521,9.88641023324231,-0.009972223120698467,0.03203578439717264,-0.03524681564092951
2.37,0.07490516690396049,0.15631071147375988,9.887253447153416,-0.0016746484358673031,0.017511136975100237,-0.002344041373091984
2.38,0.12096823468521702,0.09319788022835039,9.845478509781419,0.013027089196022225,-0.00772242619101585,0.020267331075129378
2.39,-0.23847956558618566,-0.1059890882431671,9.980193471136557,-0.022682957688604795,0.005892031869621441,0.022210528749911605
2.4,0.15569774265710146,0.1013062158992164,9.649955976594878,-0.057009598927603836,-0.019907431832788022,-0.0034159395975151513
2.41,0.30299964300979887,-0.05498070244407032,9.79371798467227,-0.0013241086949569375,0.007389471978153262,-0.007681022353933028
2.42,0.11653007154492294,0.10720618578543788,9.904133933189287,-0.004311884409374135,0.025476067089234687,0.021560864598803728
2.43,0.24451593095938695,-0.040565020030984326,9.40461476093256,0.026796968286080892,-0.029325311484445737,0.0009505041279950585
2.44,0.12454042051177046,-0.1905227927833186,9.890792915968644,0.006598427634599727,0.01676782210135807,-0.025933304005361823
2.45,-0.10728966708404744,-0.1464187337801834,10.027123542796613,0.018479943736306494,-0.02078598908495975,0.0316738598150566
2.46,0.039325074617550804,-0.2139756902008031,9.952107612365714,-0.003847627946843023,0.00286439578557601,0.02272899696846526
2.47,0.0042624784302090005,0.01929221519609191,9.873674924492354,-0.0009620546492145579,-0.030744419355728546,0.013694056759549468
2.48,-0.34351541471744296,-0.16496218152522746,9.9949947146055,0.03394573668770607,-0.043879139395568444,-0.018246126185032577
2.49,-0.24876415027932638,-0.23626188903688214,9.778753727593358,-0.003565915327134107,0.010578143066741985,0.010036215952300665
2.5,0.1354592067441408,-0.01908816153688874,9.578608347209974,-0.011989904570088647,-0.004426780332626697,-0.008836122366763524
2.51,0.007782740953356698,-0.24504723835106823,9.807616180867566,0.004288133881838797,-0.0035490085449613666,0.01926205614754389
2.52,-0.05107113143964525,0.16675702460449776,9.913488367875866,0.009445576340473561,0.0002503204588815645,-0.01572811135186032
2.5300000000000002,0.12003425316206776,0.0988630445340914,10.026380658158784,-0.021120352622568183,-0.017062270763825306,0.03264556549351213
2.54,-0.2142751798735435,0.005200721347365862,9.976802170249336,0.031605789572357296,-0.012465310382538985,-0.019099963988653813
2.55,-0.18509184138486853,0.09195425629489137,9.433161379702122,0.015489702127603904,0.009442299759503931,0.01441102833293562
2.56,-0.03625177042829479,-0.14638494520949935,9.536938745061303,0.01997627204692809,-0.036220097968386405,-0.022006465954394115
2.5700000000000003,-0.03884943549242477,-0.08028763409125396,9.771138741682163,-0.016663274105872185,-0.013549378900869139,-0.02211043110765322
2.58,-0.06246327177219325,-0.06349759457813113,9.960241300185947,-0.005121254161867246,0.01630828628766189,0.02061754183449126
2.59,-0.02561328591932774,0.06653317131222147,9.935174812770953,0.013591378416792733,0.007782538155328669,0.034631538372068824
2.6,0.14404612456680788,0.044688553120003985,9.78153157781129,-0.012067135185863206,-0.049441436853909816,-0.005184799778335477
2.61,-0.5620930653146561,0.030434037743075563,9.806340610565394,0.02060112786813694,0.02956493903548071,0.015866073136298824
2.62,0.23243419521338127,-0.119278091620768,9.499162145770473,-0.0006089939442755338,-0.0005253364092434324,-0.018936536613700747
2.63,-0.0015750467286883606,-0.1394929653638599,9.308044007468325,0.01975178133711068,-0.011955375761922146,-0.03472398219785372
2.64,-0.06404396440684451,0.04694551420650263,9.56908307758156,0.020510072278020947,0.01883389095154573,-0.026777027754764243
2.65,-0.2060723497135355,0.15841133425535983,10.023388390723762,0.004190151035506906,0.037450751768439094,0.01692084854932397
2.66,-0.191066359502056,-0.00454039057351603,9.948859583132368,0.022726898887453873,-0.03576011620393675,0.013467078737923575
2.67,0.1409436318204501,0.1669501259476494,9.528627476101658,-0.00143215230108966,-0.003309550002963014,-0.030574488092567177
2.68,-0.08409441313817961,0.13689102956963886,9.876619592942928,0.006308500009211018,-0.01132710191191855,0.022759683160425582
2.69,-0.42342754714717507,0.04390758555098735,10.02733565112506,0.027357266648484813,0.004019260150924151,-0.008627510701323685
2.7,-0.07038417237175092,0.07618118284008162,10.02634281548673,0.013240615235494557,-0.02346649748756667,-0.0014627782270895593
2.71,-0.09108974022967925,0.3078035095729601,10.368853573109766,0.02667142986703678,-0.009030150334195025,-0.004769086197252433
2.72,-0.1500113601659203,0.3677597533486921,10.020613705094375,0.013875791237618312,-0.022709765298344523,0.0069557625246880125
2.73,0.21763469690209541,0.17436201356351538,9.962151037206606,-0.013420447766576155,0.004161425515809533,-0.029416519826449192
2.74,-0.25415491321379585,-0.05047818304226716,10.10680432881911,-0.0008610896622693101,-0.02352672226541019,0.016600946107699344
2.75,0.17247720279842826,-0.06278999505069098,9.904071286990268,0.019676132607452646,0.001615675016865733,0.012005042999563221
2.76,0.06991339671940187,-0.2571100192300641,9.798060345603862,-0.013760410546355949,-0.004266765801065829,-0.03878981021932913
2.77,0.0964899375615305,-0.0007354563484112259,9.987170114195244,0.011575496264619798,-0.0052116714987819985,0.0061433715909365375
2.7800000000000002,-0.26930229050642235,-0.22766029837108243,9.818570369774218,-0.014233793354720798,0.02517894594890251,0.0005717837076668902
2.79,0.13417612962077555,-0.06257705543535551,9.65805124634842,-0.01001189104310694,-0.049026349373325076,0.00344335669195205
2.8,0.08808709920256155,0.23534819589109632,9.798785879800825,0.0007642043600615924,0.0030333411132441503,0.008330183966540837
2.81,-0.23780488287079413,0.025218195174033134,9.628009861798601,0.02086740783143695,-0.02443916563159506,0.01734495580485501
2.8200000000000003,0.1241524454451593,0.23460386905617367,9.803004183172442,0.021759984011675303,-0.009576208195371336,-0.0040725293441072
2.83,-0.042000329072688775,-0.12972220613431876,9.932069849826602,-0.030078750730764135,0.02030675589595674,-0.0023490059979351208
2.84,-0.06737200823706482,-0.04975458118563512,10.127568880838918,-0.007713039049945553,-0.01599277773259778,-0.031262818448979254
2.85,0.14699666861296876,0.004318668343646887,10.104362369444077,-0.0028949531632033744,0.0326795628602311,0.006843759965293534
2.8600000000000003,-0.18778444818887619,0.24559737208116553,10.0691714910475,0.011608262544444213,0.008198271915648713,-0.0025782198156284954
2.87,0.11441833487916588,0.04129500360454811,10.136093849952957,-0.00755364493856694,0.002940493268687867,0.011068449272690274
2.88,-0.09531798078432081,0.2013412889241223,9.692625630816257,0.00842046902972582,-0.015575099985073431,-0.021710449657357835
2.89,0.1715747481244417,-0.14014029722604884,9.536566695424888,0.024765903742157556,-0.008058245564029391,-0.029685948011380657
2.9,0.16894739156977426,-0.021624861260395808,9.764374672798972,-0.010147682532120157,-0.008350067923767747,0.01818590219012782
2.91,0.07895679341760838,-0.09104459699083106,9.770023579159789,0.012400640980177373,-0.00529567914422175,0.020371151375041502
2.92,0.085489092181116,0.1592591894853698,9.72970766251375,0.007988755450186655,0.03609056473500965,-0.019141254031198127
2.93,0.5427299696502775,0.333240769698218,9.774514915207273,-0.01272669262555308,-0.01224675578161736,0.012531746490159944
2.94,0.09475860914732943,-0.28854308486484564,9.489352335278468,0.0036196782024953875,-0.0037579939670070376,0.007287288133672546
2.95,-0.0966763314348493,-0.1556475282674069,9.835549909585406,0.02549654000982817,0.029707972731532115,0.0090487316180046
2.96,0.09020320236266118,-0.1375993237198193,9.810297334412608,-0.053707300891975125,0.03953201109418711,-0.010027295526616927
2.97,0.32884340822161673,0.06946636668710819,9.535726410258125,0.04841573514508017,-0.0343949836459724,-0.027259878409755422
2.98,0.03348832837869789,0.21336613008949676,9.42707636043526,-0.00028981245708766413,-0.01223183228102006,-0.005844383548206434
2.99,-0.2771220294913734,-0.3809518452280805,9.906656394542777,-0.008576969083389101,-0.0017187086262769374,-0.00014753047165850174
3.0,0.11533807713729945,0.1067681077190388,10.024906711195094,0.03314013048186891,0.004953045029313939,0.008694289343434048
3.01,0.17139794649003884,0.09635556570359669,9.588778937669268,-0.014245857701583762,0.038856422271319,-0.003997897018668403
3.02,0.2452176851539937,0.06046093597701896,9.690037629557487,-0.014925576899662263,-0.027015770258112554,0.0286105631224704
3.03,0.13060307797200915,-0.30824414969992764,9.740532284779965,-0.005135093311041963,-0.021369456104942505,0.007180969351495752
3.04,0.1932754693579135,-0.17394223630354133,9.81010978782616,-0.010615564036547709,0.006059231653691789,-0.0304466203850383
3.05,-0.23938040191295862,-0.07503249413238183,10.280789898186432,-0.014837530381343592,0.006867029496400103,0.01864220465789011
3.06,-0.2523866120533201,-0.07676615741820739,9.832889553169577,0.010494522585913074,0.003973992256157083,-0.03344203807101795
3.07,-0.002750857326286442,-0.01609160205977391,9.664076944023464,-0.026767661099888238,0.00013237919386227117,0.014859959139779073
3.08,-0.3736328400977232,-0.3623446683759932,9.604700675857014,0.013200319512138193,0.02601445329492491,-0.06727614180431248
3.09,-0.11488569179714496,0.11490480456601189,9.994438190068852,0.007639436171201294,0.0020055448278160333,-0.0014779208031388035
3.1,-0.07986936221105416,-0.2137409850594856,10.022155535727588,0.0262841825415036,-0.008178046223761733,0.005071810999523051
3.11,0.11662826069692925,-0.29886209576831674,9.797836382937128,-0.005530645636221051,0.00720578777369462,0.012976592916889454
3.12,0.13910251206434956,-0.1825841178462391,9.612491441060927,0.012223183249900228,-0.000908556677859145,-0.03370060225870433
3.13,-0.00045710269245866493,0.27111351903937675,9.744584763933226,0.012255267204070414,0.010062677186997132,0.002238148768748361
3.14,0.08205467465168834,0.09820912112724198,9.793050670019547,0.006317517147073307,-0.0006979980773278803,0.013771004005545835
3.15,-0.11904758848059815,-0.1770196168381094,9.890808503200969,0.021553888234590993,-0.02008505324332641,0.03573319197093315
3.16,-0.04411331879319238,0.5466155915237413,9.912771498971498,-0.03723954328781538,-0.01396113251325433,-0.021045158390923344
3.17,0.11769436953210892,-0.09972885030612579,9.696968544197576,0.00268586770713437,-0.015180606637087384,0.002799355269213963
3.18,0.048588565232191405,-0.11166737514681266,9.587601538250984,0.011608965259993536,0.000988324822235733,0.018996105212368056
3.19,0.12910223491096043,0.12904808881536878,9.959339909889769,0.05179966811017862,-0.0024779086627581028,-0.005629071471782948
3.2,-0.19774129400959128,-0.29276080000553917,10.100794331986119,-0.022690541020033043,0.00040645236952097563,0.005561231415889343
3.21,-0.0835706440228471,0.08048140528866503,9.924299988441241,0.003746425849555576,0.01791710687791331,0.02208976511618754
3.22,0.171282112392896,0.20163482544095684,10.102551969986935,-0.01614707985633923,-0.004871075484890094,0.0009769697446904018
3.23,-0.05854562918733112,0.09612347898845762,9.671848300445635,-0.015462868281343585,0.004273214195767029,0.0008867136728787346
3.24,0.12461801752525951,0.3167567763481716,9.988513295139287,-0.020015060199096785,0.031232841944057507,-0.013076068144426077
3.25,-0.23912387687987446,-0.017236745474689754,9.655833602518976,-0.031468570748223505,-0.0284890105353546,-0.014909087654940537
3.26,0.06234995693994007,0.12999664527609606,9.761497592641648,0.002934136489796168,-0.002938118056230436,0.01339339765390841
3.27,0.1797809920096689,0.31128597933091945,9.636908712729323,-0.01919939684817424,-0.007231099938799285,0.028701589499456885
3.2800000000000002,0.16627738247992158,0.1723816824331867,9.853195637173641,0.014472315719980677,0.015835319161929977,-0.04064253130272865
3.29,-0.1664983621149655,-0.04845332563387248,9.463967696752992,-0.012882079073558516,-0.019225123013749977,-0.0027656243478356105
3.3,-0.32017619713141077,0.012552451731140205,9.978145462414616,-0.020265738671678815,0.0061782055857104,-0.009159093143240017
3.31,-0.07336862547067263,-0.23220944808357294,10.05608695617329,0.006182187058244875,0.004012014950773245,-0.034203379134042734
3.32,0.0015919045242910857,0.2855069726591867,9.878343101483736,0.006745621576646994,0.009557409565533683,-0.014413678383742275
3.33,0.02451992216546668,0.03852896773753368,9.978135179830367,-0.013979815773772677,-0.0230686163817479,-0.01297199970987862
3.34,-0.2761939875253998,0.08921436924356194,9.779903276165207,-0.006437509540570201,0.03957189965962647,-0.0029450963021394844
3.35,0.058813142824111424,0.2448731631162698,9.272261250684277,0.008772086918564685,-0.011432144876348459,-0.02079122027994661
3.36,-0.434348232793731,0.1462466779143045,9.302896713510615,0.0021552958198289077,0.013599058833295588,-0.009775210572305694
3.37,-0.13441962244514308,-0.18240910017801656,10.115986826649012,-0.0325939861052848,0.01631137345789255,-0.023693321318840787
3.38,0.024048019517148633,-0.001539872305909119,10.059796633903723,0.00960834028644747,-0.024857454056488506,-0.0201336935956642
3.39,0.012458171376954324,0.06397713727502781,10.13307877212485,0.020814278755280403,-0.01076430243966448,-0.0011443038441255457
3.4,0.1535239380526473,0.005051440144170217,9.829597958472759,-0.03194295353320461,-0.03436207316793411,-0.02387698419036952
3.41,0.2610185697399364,-0.11945098617772165,9.787910497054758,-0.005610622467899892,-0.05705439438653757,-0.029958512939269776
3.42,0.03956380676035999,-0.11970559577281746,9.539061107385022,0.006158466362018903,0.00497470977103486,0.02939188812670243
3.43,-0.16266994462106757,-0.00421782930228007,9.747743794758012,0.003294224224681222,-0.01140241788101576,0.01469947343044386
3.44,0.11163999996841087,-0.07558040132465052,9.927194610520194,0.010329867413122492,0.004778316675463291,0.030280920506082474
3.45,-0.036353923112401904,0.13459005904494523,9.510011755757256,0.004214544447849579,-0.0018020594063970217,-0.0078774430978033
3.46,0.1273854846246297,0.1985052428454851,9.702440297747517,0.02355571809948859,-0.007266264960720658,0.02980536669245932
3.47,0.2319833903862583,0.018879255645518116,9.813110526567886,0.0035248969375078496,-0.04019709961061777,-0.012459622061777332
3.48,0.07649165209022817,-0.15653374050870697,9.970885110035796,0.023769175186187236,0.007740532693006893,-0.013730871232348068
3.49,-0.14836016393297158,0.35096230107408344,10.385984720056527,-0.007285553364822526,-0.010113961576010301,0.015103562565055153
3.5,-0.017727911890818814,0.09868468130520892,9.684293264558836,-0.008929847065051809,0.005334704462855869,-0.009746893774220168
3.51,-0.0941523511121161,-0.04889656002888372,9.841473572476833,0.024376906335508736,-0.022806332605141335,0.0059342257041891935
3.52,0.26089795633836554,-0.027938076557622843,9.558898588851921,0.00836043887058614,-0.025418731961914316,0.008827324601173228
3.5300000000000002,0.12579214215070947,0.1308681290813859,9.606404357048461,0.003535126419632452,-0.016059867926066246,0.0068932828158485265
3.54,-0.07724496062122481,-0.11281748606828283,9.081526989546397,-0.007003172515235978,-0.01861337897849723,-0.0028585316101714473
3.55,0.00770274161034846,0.030297106445600845,9.611793193952607,0.023046638285814033,0.010848530598112827,0.00552590899530354
3.56,-0.05403979337838106,-0.1605336063634327,9.913653403382469,0.025246104293976567,-0.03951526792445579,-0.028005844835340767
3.5700000000000003,0.10249162975147395,0.18276078616950198,9.877900890744163,0.00026030917112574787,-0.019121103894718005,-0.009006683995142742
3.58,-0.0323293887947871,-0.17281765846446062,9.991532602637493,-0.025821598883582205,0.016817890408659556,-0.0032002993174840883
3.59,0.11258070171621405,-0.3811873787182274,9.721058240725503,0.001287789162563363,-0.005481981006228642,0.019561441064259805
3.6,-0.0498886587766276,-0.12323654391240718,9.953492188673591,-0.011475453314823386,6.634957069327984e-05,0.030033606028102615
3.61,0.2831203747520451,-0.02155748594783153,9.335374538213188,-0.026988426616983606,-0.015277796672068219,-0.027403591332408495
3.62,0.06862399039423582,0.09330616061874754,9.53398647478462,0.037737467686992515,0.02244374662921749,0.014512992459021977
3.63,0.01939256575253413,0.3027323182398859,9.477749392431596,0.022532179249045332,-0.0035256424259187415,0.018002311722722736
3.64,0.12631568721337788,-0.11846510206978893,9.703060093408677,0.007783808852914218,0.03057469582900442,0.01574633379590323
3.65,-0.0721520794286501,0.11342818723050979,9.81246731403789,-0.020505531582470843,0.03359732278161301,0.011637426453356296
3.66,-0.15484417134936287,0.19892220842143363,9.875960129643039,-0.006390406776568603,0.0002891789863179513,-0.00829148229095135
3.67,0.12319730713333905,0.15754963492403906,9.580387744615319,-0.016634396617986574,-0.0033733158297068974,-0.003005180908063432
3.68,-0.13600697501540832,-0.21482922877451452,9.435355558747345,-0.01128285658778752,-0.013302024755883431,-0.009494041988090368
3.69,0.06714843431460164,0.12838095140242142,9.465998005149437,0.049352102775732064,-0.008156223744371669,-0.015211892672484538
3.7,-0.09176414273149482,-0.2019392772044415,9.759056011286429,0.05550764198468343,0.0036351845627099876,-0.015366044197409298
3.71,0.10106421127245029,0.32567739921556244,9.954024282883191,-0.016280190307495293,0.029309978679738592,0.024516325704289178
3.72,0.10019549684746516,0.047869009562311236,9.63605479649628,0.006540393994201819,-0.04380890257808427,0.0020603718486532315
3.73,0.008611886321901987,-0.04832151861987096,9.989755522050187,-0.0236924905891265,0.024457351481532164,0.009546892296553545
3.74,0.0943629059864619,-0.06679602415274306,10.259481216834748,-0.0024075696674339202,0.0012769851172999436,0.027231088653594165
3.75,0.07890634035699269,-0.11191322939708873,9.453429286521688,0.03479133426449812,-0.014736309801650256,0.044654388718963184
3.76,0.289441873699636,0.05212410810122941,9.589648393727957,-0.0009557243372184704,-0.002464886107995061,0.02915495838621026
3.77,-0.004755455549593117,-0.19667859719469447,9.77673360108723,0.014787037032944012,0.0023272700933857486,-0.006057034073073432
3.7800000000000002,0.12306726544189066,0.21625870305111514,9.545449166254123,-0.034382239330876856,-0.03160225342513121,-0.007024938518819235
3.79,-0.15351228021313182,0.07640061305543366,9.91638765221356,-0.02455501877163637,-0.0008679152387605912,-0.026574161735761406
3.8,-0.31303331872544904,-0.11509225083998952,10.140420557297617,-0.002600134244389527,0.004039775592321657,-0.010885169085610717
3.81,-0.26391129852600326,-0.04085764491313777,9.65836570181627,-0.016894091650926008,0.03108068331555771,-0.0025409420438034466
3.8200000000000003,-0.39091937682905364,-0.06643585469643254,9.628791615898175,0.018485008422893384,-0.026033645936319676,-0.004206586260762975
3.83,0.18370751992995032,0.013696315855975943,9.629564020285054,-0.020709921163061168,-0.00732216011683598,-0.025727465921113444
3.84,0.13610816694374903,0.00646590443714668,9.592957498370076,0.032147207673681406,-0.022352607353532426,-0.003999564716358095
3.85,0.15028369101625794,0.3233282063810907,9.608015163959838,-0.007746791170085783,-0.016344791866483032,0.0057493404693610495
3.8600000000000003,0.10356881548398593,-0.09035255448033908,9.97996036018389,-0.007937436237585825,0.015564725231920996,-0.024213902968282876
3.87,0.19988883224440926,-0.08098034306268773,9.843589895366739,0.03488904512003253,-0.006962829237955882,0.039371432039556876
3.88,0.02718739209286763,-0.05216223852802805,10.16095063954306,0.04906071895186864,-0.019425504323704733,-0.024842020107397597
3.89,0.2873300270605031,0.03830172379286545,9.234370680497696,-0.008949078475345163,-0.0008152471920724061,-0.03826299952323038
3.9,-0.3090818203913987,0.09540330973797233,9.661288367646607,0.001915157825440562,-0.02246073883290455,-0.0013598371678432664
3.91,0.015531397919941623,0.052099256403320846,9.781195876691632,0.008066260945191542,-3.093277815328625e-05,-0.02465726535342781
3.92,-0.033070906076845326,0.10829587243368569,9.364982253532473,-0.01353646419545043,0.032244162923799745,-0.005874758652594177
3.93,0.14265056816744323,0.15956971455637614,9.580863996564439,-0.016943434195796515,0.010034691490903642,-0.01864349611417802
3.94,-0.1503791626382519,-0.11119193688082106,10.06941880270309,0.010353614841573837,-0.03430331235484285,0.00671273702612692
3.95,0.07070019554559909,-0.21142595645473816,9.842247359930868,0.004729726429955738,-0.025558218195541632,-0.015201134582285083
3.96,-0.07488482096805135,0.42776607031657826,9.837471711487463,-0.006690953201598459,0.0175033212425815,-0.0026753673033498644
3.97,0.020087934781127376,0.28906927715376796,9.81580464403765,0.0027242303423902796,-0.04736397503903026,0.008168583554327384
3.98,-0.37300632477828477,0.3069139476772319,9.67109991854707,0.0017554306986760709,-0.04401680972030487,0.040433250762387636
3.99,0.10521722929281631,0.30790916397791973,9.834143402323072,0.05054855864987275,0.01883067277458844,0.007559504220165624
4.0,0.17239012491295838,0.488612796560066,9.351497453887125,0.009859462599826391,-0.004037074798063855,-0.00015373892035498672
4.01,0.04542713341254696,-0.19243648183970508,10.026238783423805,-0.017437189983787793,0.015934319218022745,0.022801182440968015
4.02,-0.05280710926291415,-0.16252707715461104,9.579980356844096,-0.028139383326968217,-0.04696987535277478,-0.007302775485782246
4.03,0.02317606764016695,0.10470988840916934,9.4561902014894,-0.00632577491013237,-0.03325897175369311,-0.002586869716896618
4.04,-0.11072771157735672,-0.26363604103383065,9.623048508111758,0.012189201732401263,0.024016494348739766,0.012295328379639581
4.05,0.26927812187636535,-0.05617882934476989,9.888942778206903,0.010830170986268572,0.013764414994196093,-0.0120381150848968
4.06,-0.10251534093964167,-0.24396828411372992,10.0362339317152,-0.019150893571194188,-0.010787123086801067,-0.015629545130261612
4.07,0.06504989250337845,0.04560100620325156,10.094007247689396,-0.004405932430688149,0.010362025901485545,-0.00811210275819895
4.08,-0.32932263870519507,0.043168340986807746,10.17252971342485,-0.030133731763307248,0.020513325922536314,-0.016061023961543998
4.09,0.18889388699115528,0.21363482667768052,9.471557814785292,-0.004104008900480266,0.014254235508292273,-0.005371172317444355
4.1,0.03674237054552394,-0.09054919658411911,9.408638276449311,0.015610903715986104,0.004318939216131876,0.003369292919120786
4.11,-0.05543267494812118,0.21358796580792874,9.853512446206935,-0.03087003434094355,-0.02155287919012585,-0.002472275680117906
4.12,-0.5177641070900724,-0.25238093446703347,9.907712946315124,0.013342615374921372,-0.0033573448708302898,0.016297571026953207
4.13,-0.30658259932750453,0.009860607487269486,9.820026991203969,0.01395895973492935,-0.03275002214618845,0.0020359922058404774
4.14,0.03366525089781244,-0.023400735750609428,10.098753357315829,0.011903375100888276,-0.01623986385462981,0.004288770194578666
4.15,0.015749573143493338,-0.3610315568736018,9.546176818702408,-0.012025615285741507,0.002297417436100242,-0.018675702338667846
4.16,-0.2781020179603427,-0.18783260886450137,9.727215077665141,0.017372219315931407,-0.0035573296595140373,-0.002353955193328066
4.17,-0.007531248996501815,0.22120351524109885,10.05270840943784,0.00992456411495092,-0.002578112858828357,0.012329971722095583
4.18,0.21852758987561763,-0.12847772784916417,9.879963961861334,-0.02136157393062699,-0.004481215951897735,-0.002124157588902367
4.19,-0.0690823152127895,-0.15960242381606451,9.53079572369005,-0.02510358620148609,-0.016157844903551426,0.0419299856818218
4.2,0.019859606991076386,-0.21679087094966698,9.701860353085335,-0.018440604067168895,0.04137352732615984,-0.023111011433660716
4.21,0.17194334199273872,-0.011374423081510387,9.714533322308307,0.02434255004748044,0.019724489486024878,0.020709443625639846
4.22,-0.18859241869214094,-0.028293389450712744,9.919770202538318,0.003144759946844563,0.0019035817909977843,-0.008973527027064726
4.23,-0.11051494784142038,0.02592918484924786,9.956433575631465,0.00039184716800365885,-0.033069404234271314,0.02686760025781618
4.24,-0.1645271626196482,-0.29671755785675596,9.83987391229247,0.04236942387879405,0.014658677192884923,0.007513039061907205
4.25,8.84083698538726e-05,0.034696830495260275,9.296207869241591,0.007002058050099035,-0.023183044076900805,-0.018318402037594512
4.26,-0.036867694097314205,-0.08558068645863245,9.74394291362754,-0.0346262022781354,-0.007639052235835561,0.004796833851765502
4.27,-0.13935813255602425,-0.022900012318664363,9.827419960582077,0.011793727739090189,0.004237845049893045,0.014111817162543299
4.28,0.12102005027265784,0.06993618738428128,9.79541123259268,-0.018356868701257724,0.008918899439082622,-0.015442394673997693
4.29,-0.13126026379275885,0.09700103515249218,9.86234266235766,0.02624657633867382,0.005064448568394116,-0.029906323533950518
4.3,-0.04125990088711494,-0.05156490762273206,10.156849125587014,-0.05043658965772719,-0.021625483725319274,0.021927438654198887
4.31,0.0040784623471351,0.06265807826453927,9.533654466875166,-0.016095079708301582,-0.03358819246499387,-0.015580626878588204
4.32,-0.05484489914731331,0.04029539484450065,9.876742044911671,0.015063743664801227,0.011680783028924564,-0.022745350929769773
4.33,0.020282679840155703,0.2301491656804557,9.821721242011796,-0.00857167148815091,0.019718113381610884,-0.021655760100793505
4.34,0.05234381838743615,0.23894869944386926,9.761418342861315,-0.004673746058595528,0.017091450884060614,-0.039373340011912554
4.35,0.06657695761067699,-0.2970011227071588,10.149783766699816,-0.019502508291646577,-0.007500484043855129,-0.02145752764034868
4.36,-0.12466815498005591,0.1126829587479711,10.086218885305437,-0.003115279954760898,0.02846677922226129,-0.006490957386578483
4.37,-0.12191301638349701,0.23841771385766347,9.83545559648424,0.014400462042165486,-0.020509762423103393,0.02761853127192783
4.38,0.044613566601561405,0.26921965026474964,9.978153333107791,-0.017675086639908705,-0.00975800251817921,0.00134624522236853
4.39,0.12658317520475587,0.007695814307736955,9.985447596259801,0.016295142219552104,0.0048785591506484175,0.0029742600396818327
4.4,-0.21101891758733915,-0.003260150265624406,9.68699631905287,-0.016142304822982012,0.005587497216739054,-0.004533005231217767
4.41,-0.2874424649628219,-0.20297337948159963,9.850414184071077,0.02238082771374908,0.014464161648286691,-0.00232002908220805
4.42,0.09346346808958775,0.04417821729860191,9.75909438082698,-0.0025231651030628815,-0.018132766928861007,0.012855692742493699
4.43,0.12307293880623917,0.1347896309686247,10.09089307513994,0.023564528843172835,-0.03416104553013232,0.02241197907874096
4.44,-0.03649446197133815,0.046189034109600374,10.159673798770775,0.004913931182191644,0.002556225638531466,0.014593774801235236
4.45,-0.2727953355778157,0.036875555471557256,9.777535940875847,-0.012464986889033912,0.026301405725770628,-0.0005817746086671067
4.46,0.2885084066391461,-0.08102718059591804,9.849012623557973,-0.015444820907968339,-0.002532037854697036,-0.0007415226219843628
4.47,0.14145939344067743,-0.2941554506517054,9.759234366719838,-0.019519973457983165,0.008555358996253998,-0.02557510363152786
4.48,0.1172650801330568,-0.2824047692180683,9.66762367689488,-0.0072565815781564765,-0.006694104877685375,-0.013361022976079403
4.49,0.18291322293672105,-0.09952385075862438,9.968068882987108,0.016083473923708493,0.0276944458910515,0.04218615084859795
4.5,0.15645979533149013,-0.005017390656118936,9.621876758526632,-0.009747474751749257,0.014034176525319908,-0.026238476243923718
4.51,0.04667378520747906,0.0441335924623555,9.48813066032314,0.011468079127038686,0.012062294935457005,0.009852933741745236
4.52,0.04424297351209687,-0.04306923737361504,9.486739107636577,0.013012802705218623,-0.000845786846210513,0.0071717342670166795
4.53,0.18467846885384157,-0.1789889174451257,9.958741983972114,0.03299273086751114,-0.022340595103027307,-0.011555041795695819
4.54,0.10940494181660336,0.11281215361255435,9.921285746370053,0.0006565941208774864,0.013002908502034583,0.022024128378017812
4.55,-0.2114810904199805,0.05681599779431955,10.182886608915023,0.01218800481281691,0.015317829324467501,0.010727995489878983
4.5600000000000005,0.34605498521596906,0.3175835721853479,9.76444658711822,-0.007894370431795522,-0.006325745932289224,0.03640355059407035
4.57,-0.012562109603943016,0.1424809320982951,9.792850513062138,0.0026138802250695405,0.01809180447869058,-0.056300115059045225
4.58,0.28784500468293595,-0.07796386579934356,9.874345319745082,0.009448603932545015,-0.011199004271717074,-0.007112771808653136
4.59,-0.03407837958869171,-0.2093450103167967,9.653906543978017,0.008177967817515562,-0.006247679610563684,0.02619652211722411
4.6,-0.11103468926466677,-0.20727950324555428,9.35594252217857,-0.010146967255331424,-0.003928950647671613,0.03973042246614611
4.61,0.4113664796604166,0.0788206696885922,9.744888987212338,-0.03018922355924779,-0.006879252806306478,0.010779640578896205
4.62,0.18175481570159907,0.18274507559805228,10.120351914703678,0.0007308827784434892,0.0287565723859834,-0.0035602642443029603
4.63,-0.0029000140797425956,0.0588401015370647,9.641027229110836,0.007213485530636363,-0.016948648540381576,0.018875572171870223
4.64,0.02777477964661524,0.2104679192947241,9.509125295289481,0.036189736124057605,0.004915605739423057,0.0031373212738343287
4.65,-0.09880347901505625,0.012404776237464419,9.59927476533295,0.016043227682904164,-0.004682373081019991,0.02154653896891687
4.66,-0.28215839195328457,-0.09744428083801898,9.57567410827621,-0.020363961500629763,0.02982253215411294,0.0018762329800743793
4.67,0.38353661621872015,0.03890612722051692,9.623551697585365,-0.015127017663577392,-0.006761085434261202,0.03607904283113391
4.68,-0.08119268261521524,-0.3067214076457581,9.850668634998616,0.004321328713381013,0.02160548585588368,-0.017515292264737067
4.69,-0.05935284924234159,-0.07224482721829038,10.226580822898624,-0.04089595845828777,0.04106225604394988,0.013744242509936036
4.7,0.008884637266268704,0.11932031552233452,9.991280804983095,-0.01149534164412963,0.001828548979524991,-0.02205224197119389
4.71,-0.05395159241418434,-0.01837405749937811,9.999354619899966,0.012696636873117437,0.018308533327909642,-0.004787309005436722
4.72,0.10000536273158969,0.24496147174793748,10.44486062095768,-0.01588887271415574,-0.04472193274093778,0.03471643228621268
4.73,0.07901492073588447,0.20343913422810792,9.581933167638244,0.00030509327822156573,0.02350956630484882,0.025433426684279312
4.74,0.04347478649353395,0.23601192282169114,9.65552997442678,0.013584804194981459,-0.018168494061194966,-0.015770396813085015
4.75,0.16632504552466346,0.20712731554350597,9.481512697759916,0.003460440227660536,0.02328304470967036,0.01717813319406731
4.76,0.21956154884278178,0.10387651378149855,9.350089432539042,-0.03140851949882363,0.008941975235167099,0.032115737615633515
4.77,-0.22846838536782862,0.34427618640841023,9.851568585336894,0.0020289689461454527,-0.03372302384046482,0.03007919693546875
4.78,0.02462011197289595,0.19726588139102502,10.242170814803437,-0.04362323715385067,-0.001106080836938418,-0.038268652404583534
4.79,-0.14258921960887772,0.12666704994217542,9.586965820567535,-0.03909431826048176,0.012772873074538177,0.014051857101821715
4.8,-0.009064908757078044,-0.3024980430712374,9.372208672085955,-0.007772078623980594,-0.022004988235252203,0.03583077246695187
4.8100000000000005,-0.025811422056588183,0.22657965558492124,9.722025804703016,-0.01010581039264609,-0.016363258884047435,0.013770150562757674
4.82,-4.027174229519484e-05,-0.17876378222711273,9.964904549194156,-0.010841742499134445,0.03477204475763264,0.018305943685983747
4.83,0.019926146351695293,0.16530281193003782,9.686240524353506,0.03230396771680208,0.0060905356159729526,0.004393895186531012
4.84,-0.0388737978906987,-0.025730409033574417,10.030247368810395,-0.010025039886403821,0.016630300727759784,0.014237157639419734
4.85,0.1470085571083303,-0.407667472424857,9.88216088352273,-0.02147523561924592,-0.016271481798222198,0.024975270225171757
4.86,-0.05407179338741006,-0.36173677382019115,10.092509379717583,0.00770233712711663,0.0013417277171094838,-0.01678145860363928
4.87,-0.013102146448090475,-0.09829481524422208,10.221918180216447,0.012314664338940346,-0.013733496504810212,0.022104171212589886
4.88,0.06176516354766304,0.16144847405712032,9.1732117753079,-0.0008613559101879531,0.10105677518714752,-0.007366476512839818
4.89,-0.16070158585546518,0.24508453143954406,8.417399700317047,0.03030081309280429,0.7335561106134035,0.031057247934461404
4.9,-0.19353752260082996,-0.18741779482844378,7.629813007779463,0.20328491861586587,2.3200215505122244,0.01599178303946198
4.91,-0.366626826020413,-0.07530874607027306,6.932388854644245,0.5315008118640822,3.636575926320888,-0.034265176115005486
4.92,-0.3109078170595483,0.13050333119571744,7.9921954980746,0.6195776151048797,3.3016424762570837,-0.02796377885803787
4.93,-0.527635154182536,-0.22846413474944038,9.157498233248482,0.3079392478103815,3.2359285164166964,-0.04177266527542092
4.94,-0.701809684624969,0.05085348483938321,10.387850883320151,-0.020187722598218622,3.2887211001840284,-0.03595562203473493
4.95,-0.8375898944182716,0.09718778959342791,11.146220354682052,-0.1323010345588588,3.3355533390474577,0.03801684253771628
4.96,-0.9483423665564517,0.13628042273348423,11.805936721345551,-0.23768416690674923,3.3825950624362715,-0.011866750484149993
4.97,-1.1107732470449747,0.2215061055868739,9.45739009390649,-0.22468474559793017,2.739315965389544,0.017626166541168276
4.98,-1.286735470206701,-0.09259067839368987,9.042521748666323,-0.1510518479232677,1.379052499662086,0.13151111231503884
4.99,-1.3693966065810936,0.13135540761289105,8.940781485864703,0.08464103272789779,1.1424885637299786,0.16563237540745962
5.0,-1.8295688525357199,-0.010975995994386867,9.273901562082706,0.3703074608296613,1.8227850465084852,0.11246875418601868
5.01,-2.3756878034191073,0.4221105659513681,9.47084923111061,0.36343120260166484,2.5415409199897714,-0.026186684325754755
5.02,-2.631530420503547,0.15610175754061684,11.126007984033937,0.21852414940205656,2.963285831059785,-0.03198977672622779
5.03,-2.7944560722291283,0.015313724270873685,12.077597960404434,0.06347241699440453,3.1623416371028643,-0.04163925383782194
5.04,-3.0868311292966597,-0.04047683093616436,12.312295046670398,-0.004115467208494357,3.12706762511948,-0.010429142746614196
5.05,-2.9297811120094877,0.3070428862071558,11.411365843914453,-0.12070774304243564,2.9547903428286673,0.018153284639841186
5.06,-2.9846555379996174,0.20393881540961392,10.66719345086237,-0.15662895070439775,1.9843500475181626,0.04916113517009096
5.07,-3.447569646782713,0.18604020352259745,10.765944404438695,-0.20466177323535556,1.433120193966221,0.03841784153738706
5.08,-3.2718456059569077,0.35213207061818896,10.511022753064008,-0.16973116481063705,1.506284289764514,0.08076594698195931
5.09,-3.276115426049799,0.12471693663938874,8.804633450462449,-0.15123631148252606,1.1367593016966877,0.08738962691345675
5.1,-3.5046787138471114,0.4381748613076905,7.6832736876161265,-0.04447392781168537,-0.18242598778379143,0.1606709701185443
5.11,-3.5230216478980156,0.11921995182041348,6.918394962352768,0.1021677842873543,0.13355988671008842,0.1506236285649672
5.12,-4.073970814878448,0.5861780989972517,7.549719029460972,0.13037091721304306,1.573371496900355,0.020066510167591613
5.13,-4.703158842074627,0.1560480154937377,9.018843243217196,-0.04024969958489427,2.3886948814777806,-0.03163414651692832
5.14,-4.9851154065093,0.0466513878365338,10.651154922062359,-0.21772385528961344,2.884828019835521,-0.09718150506392911
5.15,-4.761153103968457,0.00459577992985033,9.417976295174675,-0.3715768690752456,2.5433200690971005,0.015462072534064009
5.16,-4.624726937649762,0.13053847451580713,9.326294346440573,-0.591860050542796,1.6807359436243956,0.0567566534337989
5.17,-4.888133557136049,0.13672221986734018,10.16654231686359,-0.6769763558650327,1.340804332653515,0.09663629192626583
5.18,-5.234317688037635,0.12866495290066432,10.389459689228289,-0.6031589586146803,1.6495047537908127,0.09003746771181491
5.19,-4.368419164293963,0.022657960950701467,6.830933960955151,-0.41272954653285865,1.5233842419045316,0.10464682076963469
5.2,-4.761318449423404,0.271796631470137,7.429505890416204,-0.2687528319123266,1.0458631788375838,0.10518748854394866
5.21,-5.097609007315309,0.24394369527829085,8.319861843259057,-0.2710108311326864,1.2801752559839426,0.12638143785874453
5.22,-4.726648200664171,0.17899192023220006,6.5311855701722585,-0.34118448783981764,1.7179643938260993,0.01953181904234024
5.23,-5.165072228306818,-0.013551264067737406,7.581650907268466,-0.32922143782907737,1.5906676497561094,0.01536569423115006
5.24,-5.606248696928617,0.43647436857915295,8.232507761024456,-0.04076978010669996,1.3641281002792844,0.07363457161107174
5.25,-4.407251615347523,0.028042543875545792,4.771037063903735,0.04103471309390888,1.0332994005040235,-0.028277864289720536
5.26,-5.159533213620348,0.17827666287777955,5.51986019107417,-0.2129672077543036,0.5723954470525617,0.04206359310613734
5.27,-5.954644458714903,0.3939743333306611,6.838071534493117,-0.0811532773386072,0.6040881722715835,0.09059788038558292
5.28,-6.2099508149218385,0.2578246519632024,6.992021859067917,0.12443113453467036,0.8167760703977194,0.08422658310807883
5.29,-6.476995087827523,0.22109486568934633,7.7086035264274715,0.24879359624085676,0.8411622715598488,0.05668501138487301
5.3,-6.391369402568195,0.04386452726873555,7.462081641985334,0.19764274230251788,0.5628191946530268,0.003540557586355424
5.31,-4.718922430575938,-0.2452335600545424,4.270230652060093,0.06803461200540444,0.1874788072906585,0.049749509810126165
5.32,-5.860280548312116,0.011362936685150524,4.7250405710326975,0.05798722945429974,-0.03236173690787181,0.0715644251102814
5.33,-6.487782777121131,0.0684767177979697,6.015189297757086,0.10557018008180197,0.032073028750719865,0.07303653058225272
5.34,-6.823518956594518,-0.42735142292216155,6.675043124185822,0.1540945042840296,0.23163995572739013,0.04995159344081407
5.35,-6.654502309199562,0.12013198282402876,7.788855865059959,0.08668148265972939,0.30606675610559686,0.038880414064517047
5.36,-7.2510404145134135,0.026056754721762485,7.730864390328021,0.07043810325411769,0.22424672734419868,0.010551145450506116
5.37,-5.447260173932678,-0.2490595429363241,3.9891977294978034,0.023306671118912464,0.054564335878020113,0.05684960911193475
5.38,-5.8288184976345425,-0.017049911628885576,4.475984956900991,-0.01844183610684458,-0.04823744389410192,0.07543285037070614
5.39,-5.487421206748163,0.04692459620309783,3.876542691086224,-0.022530822798411357,1.7626446846126693e-05,0.09240426903454949
5.4,-6.409812354919328,0.29577797024525737,4.253162686221353,-0.027436555787148667,0.0381866184220657,0.04118288339083727
5.41,-8.00217817068409,-0.4542305815747488,6.940284642153746,-0.044886161385536805,0.22352430718793856,0.03742379635067917
5.42,-8.398112629903805,0.191496557250937,8.261389169957134,-0.0222844003655926,0.4774257458976945,0.04860333808604825
5.43,-8.065475142393396,-0.1384669299110959,8.926530043121886,-0.02774850563036032,0.5908462962214285,0.01385035077409632
5.44,-8.111597042264423,0.6194627451048512,9.128169656531865,-0.021530848598428038,0.46790438072975116,0.014133652863827043
5.45,-5.632114927667341,-0.004960934434021282,4.891828920030153,-0.022392904761318014,0.24563150869870573,0.0265670677190174
5.46,-6.708334752910323,-0.042993471855421475,5.008844416994045,-0.04706138927993749,0.15592178500309065,0.04136088055067572
5.47,-7.617588996653771,-0.028845643015334065,6.970624021986557,-0.017293836506096512,0.1503166547087714,0.018458018241923474
5.48,-7.798100478043253,-0.2782457784155692,7.742952881453535,-0.030878429297846757,0.3311987028514837,0.03968666956024212
5.49,-7.504684170093841,-0.1293970048123321,8.242247331977936,-0.019144465036695733,0.2794853370012513,0.017994406172206795
5.5,-7.592156313715331,-0.012253204283542717,8.203625792402557,-0.011651395085576197,0.20494942505033184,0.012185382937476957
5.51,-5.873181871324143,0.03853287905917787,4.343515958571614,-0.011389886924685122,0.02639370691658361,0.04331414429090332
5.52,-6.239499571275216,0.5292191455558894,4.851128625858254,-0.056881788614026776,-0.10144228607776386,0.03992873870927412
5.53,-5.039974727545841,0.24205276381264837,3.1456357768043524,-0.029985647175983253,-0.13807485646920753,0.03896792797092582
5.54,-6.0815332201924495,0.2069891457029671,4.2664836105514965,-0.10116374621541095,-0.17963095785459285,0.06009114416800072
5.55,-8.14274184513797,0.35696310989353514,6.845105578117173,-0.10210282433924096,0.02462375128117949,0.11197848795115826
5.5600000000000005,-7.652713010340427,0.0069635241401629425,6.316114711082279,-0.1544299400051613,0.29516165566665997,0.05239548675960167
5.57,-8.398518871325223,0.10165791189754526,7.221652167837864,-0.105746816481991,0.4295680555529026,0.08782459392881789
5.58,-8.71116255804317,0.14752865252939684,8.731917512707344,0.009517626584410382,0.394560300150898,0.030167878892493446
5.59,-6.095968539421803,-0.06422994394200414,4.447633744441478,0.03459866340873718,0.21286307786091663,0.05641416354200564
5.6,-7.084824512020914,0.005891691257596386,5.432511487027463,0.011122574815788164,0.15735751651520702,0.06055541826040274
5.61,-8.189552435639396,0.10493803932906882,7.712065095270007,-0.03139782254546012,0.20287993155280545,0.03586298745881813
5.62,-8.194269011873807,-0.056936263365402646,9.358913652892872,-0.06901275451673251,0.35353450939386033,0.03472954971840266
5.63,-8.323135024704346,0.22882226677850717,9.539566551913177,-0.0035885090929583183,0.36252501605049414,0.006341954970668796
5.64,-7.91950151208764,0.3455970348844057,9.541215117286724,0.023741977745132543,0.263485567548813,0.04866703355885611
5.65,-5.8277579900949705,-0.0028921751538916393,4.769878874325046,-0.0076219839313541975,0.04933987372639533,0.0686620890046078
5.66,-6.459120596636425,0.24057008648468603,5.298711506728383,-0.013917249665483826,-0.12975275875491493,0.03324817412050264
5.67,-7.206823097562131,-0.21533405341638376,7.1976258425441335,-0.015447600353221548,-0.17677202266782432,0.025206212063282843
5.68,-6.290954606434437,-0.11791071165524585,5.151585071458607,-0.03161112799152414,-0.12560035181551368,0.06317225287104856
5.69,-7.084458775984411,0.08568489048959405,5.977177399881444,-0.02684716767265588,-0.14982185247032948,0.07806902559626844
5.7,-7.5956425838783455,-0.08195076541050328,7.38634394905389,-0.017084929281669783,-0.022526740713536303,0.03025566715636358
5.71,-6.002417395444862,-0.12364540364469118,3.9089623903533712,0.004099171968523975,-0.0021756084446187696,0.031370690482489826
5.72,-5.5707139377953405,-0.017058258380919775,3.437532317334788,-0.06896519350704283,-0.1093700976963443,0.040010538319101466
5.73,-8.210517365224291,-0.14670335880219199,6.637325595232863,-0.0424816048943648,-0.074724253796312,0.03921388566804718
5.74,-8.672582107936485,0.2596053699567105,8.071218107443652,-0.014836435433023282,0.059484455073274926,0.08108483058502354
5.75,-6.054858831974037,0.030908856297405637,4.193179399370552,-0.038312330143155486,0.18867248941725895,0.07657436536624516
5.76,-6.983502644591051,-0.1541650611960409,5.233086666414437,-0.05080026237682328,0.15885911156374805,0.05602467034693451
5.77,-8.477701106669993,0.08367242448375929,7.711236500203102,-0.10898551428066305,0.15728086402948635,0.0805192891539962
5.78,-8.623791281238905,-0.13962485283283085,9.033222298056321,-0.03440484192357307,0.21414579852840793,-0.006793112128263848
5.79,-6.570244261835041,-0.005648773366436988,4.797882671414727,-0.03083484896657012,0.254271673549851,0.02711355650547792
5.8,-7.272031632549679,-0.1578075424755812,5.679250887298138,-0.061120554243363795,0.1512313221724315,0.054298846911353026
5.8100000000000005,-8.602146665458244,-0.14617400638491618,7.639572957073806,-0.05267820588078377,0.16889819652031654,0.0388586816373142
5.82,-6.787551361665486,0.12072315713507106,6.08370423248431,-0.01966540089818588,0.1642119859811708,0.08670759924681098
5.83,-7.485857421975658,-0.11262207334064644,7.073404886552782,-0.014004562262612638,0.12104730177177252,0.04984239221338741
5.84,-8.151814080816894,0.26781927168245023,8.795260023152807,-0.04172972758934626,0.14466309045288386,0.048160357242254995
5.85,-8.326454583598279,0.25804773873947656,9.353588614330043,0.011376534683987447,0.15165157841175736,0.033438483924770585
5.86,-8.003869244805003,0.10134266944613975,9.236550710824849,0.01712094089887156,0.10444537014426045,0.0599722001095379
5.87,-7.848667141925285,0.3304428615977937,8.97171867470803,-0.007039765425933691,-0.070617694978037,0.012179286231282454
5.88,-7.346358767186977,0.06999758191185573,8.131366237366294,0.029509485762107983,-0.250372784981214,0.039085890902755334
5.89,-7.224154365150557,0.2690986952371534,8.065299279749782,0.03245827130068833,-0.4522787594727418,0.010420642774021917
5.9,-7.472244171939163,0.1912723518102973,7.576111551826509,0.027496317777976627,-0.6243462059932842,0.025109597116539484
5.91,-7.127404367713859,0.07984445330835588,7.1712368889424125,0.06189623414686511,-0.7076848223133918,0.005936862503341595
5.92,-7.136041941928586,0.23886865115802877,6.915028581872753,0.05176676229581874,-0.6871159625488613,0.039856393507852625
5.93,-7.069084594339001,-0.008094433436868304,7.020074883738431,0.015841862907927474,-0.6415952987780038,0.01087736227245668
5.94,-7.245556777004645,0.2888169267381855,6.468402781471273,0.026078511823829593,-0.5532700288320143,0.009181516634177413
5.95,-7.43581990304967,-0.23770858742248632,6.566768719831853,0.02094240112645603,-0.49976531024169746,0.04114749211143398
5.96,-7.104435569188373,-0.16105254816736325,5.638854757028954,-0.021401447659059058,-0.416646226151728,0.040593401049722824
5.97,-7.042498275991609,0.19106491708464718,5.681330511773887,0.003600120407698323,-0.4302258842231269,0.05409197410195128
5.98,-7.2842410270583935,0.1742525850052144,6.945827421449897,-0.014089623023467994,-0.2592559939360249,0.0342375596926819
5.99,-5.50797123097745,0.3984491279584839,3.4779042726462985,-0.006114996283540336,-0.1868491723552193,0.027925070552181214
6.0,-6.242245757397493,0.23660204144753838,4.229486557714122,-0.02911083884597666,-0.18287918606725131,0.0447963546681509
6.01,-7.726990176172481,0.21674588523686028,6.350981483837311,-0.050813441914697006,-0.04235794144194406,0.02592619160630425
6.02,-8.307266383354209,0.13695829178136618,7.975577557239146,-0.011823804407407565,0.20254118133233132,0.0678677399549784
6.03,-8.164611309671661,-0.07783082608448799,8.155286507028968,0.030093898791097886,0.3556884388544104,0.051430177827373774
6.04,-7.912449076467697,0.2613691605342129,8.848239958107705,0.028649172154107384,0.2994203104381179,0.04842076876167998
6.05,-5.8408554907151045,0.10649064063209297,4.6338510868451115,-0.012333866933114682,0.23928792852289243,0.013316458362936934
6.06,-5.376392160806326,0.20717387310934426,3.9225555481824483,-0.06531817671588304,0.08080472154302094,0.05692586939458451
6.07,-7.203075049503964,0.15577629335476564,6.274472656774875,-0.05880638980334039,0.026673824207797604,0.059152983196814606
6.08,-7.876213346045432,0.27791560081162275,7.75621001671817,0.027553640312362147,0.241958961574182,0.028120977255312443
6.09,-7.978521185860433,0.32828531368824937,8.916978309167659,0.0276450450731808,0.3808324167376558,0.0641824692571709
6.1,-8.047966857027014,0.12343503884666866,8.744161296554429,0.028152195002850572,0.3334588281587324,0.019843792482521154
6.11,-7.908346913286595,0.08874824261016986,9.006507119655211,-0.042611578282653315,0.18199588160542918,0.015345588745223229
6.12,-6.857153147625057,0.09431335391234641,6.589922474091295,-0.013985215531917488,0.010913188509985574,0.017342617269159068
6.13,-6.938114343576184,-0.038000905206305,6.7907804346974245,-0.0165154677007959,-0.13054625931432406,0.04641328682144969
6.14,-6.2614445712942715,0.20235471693776458,5.508255780661988,0.00366859629864596,-0.10279774467294939,0.0792821023763075
6.15,-6.665705777918058,0.3086188933930567,5.9792335930037135,0.01783436122082506,-0.09266896335171892,0.061397176625476516
6.16,-7.546603765360052,0.039982174474245555,7.2103056439770725,-0.025459279318703558,-0.048610796435327154,0.0393022605594861
6.17,-5.908114702359224,0.20334546144755883,4.920342376595455,-0.027991912421359785,-0.03278965649353841,0.022010292447806397
6.18,-6.4080449270662605,0.2598010713686799,4.952660909648646,-0.04984063605069322,-0.06126319253599237,0.07969956438151983
6.19,-7.403319387323764,0.022225886671348172,6.71145316466656,-0.014257303602531891,-0.02584071598270657,0.04899211746738651
6.2,-7.571425060963776,0.2602020578724986,7.7467556886737645,-0.004426798546589828,0.04920101269106637,0.019847998085900886
6.21,-5.74741289044435,0.171737879955736,3.880288344015239,0.020965052481908778,0.13547973549334133,0.06483487067809093
6.22,-6.584602069797643,0.07266716607892032,5.477399587154856,-0.0026765351178339725,0.08771150890931709,0.035720260221272275
6.23,-6.908969803045147,0.05018405707785896,5.842572920790667,-0.0475400581334089,0.07170130453459331,0.045209303784295614
6.24,-8.077267853947342,0.0973220631124839,7.420508218983641,-0.03083058860803693,0.12312603156804922,0.030060392476269914
6.25,-8.10006396648827,0.2664810528538277,8.821961494912767,-0.018431568092611143,0.278464055274601,0.0027709965936591127
6.26,-8.245650487033968,0.10639470343298575,9.129575576855608,0.02463682919937394,0.3556691547025413,0.010662547057542684
6.27,-8.005017872886482,0.20864900066665168,8.966753618565535,0.00399909555205229,0.24856767953969733,0.039208550100395256
6.28,-7.368215541043126,-0.0744520055365131,8.495673412098515,0.01446660580910161,0.08032659205734013,0.05753031533788533
6.29,-7.504231389604103,0.2500598435451614,8.310156191306817,0.03166709884412337,-0.11237280750648329,0.02030357386048394
6.3,-7.217134442277059,0.1748204918750824,7.943735330149765,0.04026135724394514,-0.21872503821041836,0.011903412555462251
6.31,-6.993712550976534,0.19528369630684078,7.716345983300095,0.02375353389420654,-0.3541421506953343,0.009209080760468405
6.32,-6.8756198846519085,0.30792831862705894,7.573461889749357,0.032965928947975634,-0.4133516398268928,0.011066900325420858
6.33,-7.274170160644086,0.060021719234617577,7.226861541772967,0.008403855626568695,-0.43695351845458,0.03260220321681043
6.34,-6.521103419327314,-0.12204592549122556,6.932773168097202,0.013245812945584405,-0.45433264084935554,0.026225909705422636
6.35,-6.6017483035766205,0.0026298363027573157,6.722590813544613,0.04113640637893242,-0.44874755547253026,0.021997918501324612
6.36,-6.868043845816545,-0.017036971669824597,6.736427712530129,0.0291012113541739,-0.43365392771912914,0.0646895301606544
6.37,-7.060677924054016,0.05326748366509387,6.558084944075272,-0.018987340426275513,-0.32498094292755264,0.0385900114406406
6.38,-7.0485779807934605,0.19311778625225362,6.5056962029983785,-0.030598912397710454,-0.28394454655802837,0.06001563664835886
6.39,-6.8640841663884045,0.35148141409119693,6.747571635700487,-0.007566066913975666,-0.22170124761301585,0.05515132727884639
6.4,-7.312090370988677,0.4880964555215471,7.176935671471483,-0.00999610002163822,-0.20435305528857722,0.040448218277085654
6.41,-6.984089072881074,0.1941631826815393,6.673714810960268,-0.0035932529575077713,-0.1497714356412954,0.05191102129547159
6.42,-7.490326008845163,0.20133013394589397,7.093084357078878,-0.0006070305824701586,-0.07923940246707206,0.03258294143112517
6.43,-6.968639208919949,0.2926790393715957,6.725013543723281,0.00929338103654009,-0.05585790741814811,0.014968659275119228
6.44,-7.254088338774954,0.14584784669939846,6.994580132618579,0.00526181309792912,-0.029487912788600683,0.06534232605976725
6.45,-6.823936317748398,-0.02449033953182647,7.351547180726341,-0.004590922686830486,-0.06546068456161896,0.029571742296617996
6.46,-6.7556105239901765,-0.09783007733525972,7.134798623219775,0.004102521672196888,-0.011999724661277102,0.04177545878210146
6.47,-6.688075069276847,0.5211045583271787,7.049237317199186,0.02725812170882235,-0.055211894800994664,0.08415925740028887
6.48,-6.864165265318448,0.13663534037583744,6.893971804773378,0.01684848437949079,-0.03485553677163889,0.025850199744804826
6.49,-7.032098950994846,0.11381351523689864,7.011663030801653,0.01930832834314028,-0.038190270686349205,0.028509355403344955
6.5,-7.003841760083822,0.26138175511861167,6.810518059175007,0.01830388816061131,-0.02472109955966719,0.08506458129548633
6.51,-6.77959591912599,0.36269755719556385,7.287017580047739,0.012068945478507686,-0.05670515930972041,0.005604674697836376
6.52,-7.108615779389566,0.44493375559177795,7.012858306434408,-0.009174144813058798,-0.043780835194570086,0.045893976923606826
6.53,-7.090584194267892,0.06720009998750737,6.8051209262716394,0.015993707165071053,-0.0717008881506196,0.03363209778300483
6.54,-6.889212529734314,0.0763007185054475,6.803593749360759,0.006307053680926112,-0.045976412342731046,0.03661355564273344
6.55,-6.912356600197841,0.23958586303138318,6.818961254131695,-0.013244549775839855,-0.04539102554648538,0.005115294888571851
6.5600000000000005,-6.871331160483761,0.31160467919336454,6.987444769309477,0.026350918470882802,-0.010294777477959104,0.01452826386834755
6.57,-6.803701107140404,0.0929477226156373,6.683938977559566,0.020319304311782357,-0.0042102056005930075,0.051348465911811844
6.58,-6.955818445240294,0.2636554586028976,6.978525116341108,-0.004419028202505057,-0.06705061045381758,-0.003140757454457528
6.59,-7.125831013920362,0.03353153590060151,6.711477140727582,-0.0010962453952714987,-0.028415557820644824,0.010895252232108403
6.6,-6.762928687019533,0.4048443645108139,6.704413682924282,-0.01705172950183383,-0.011572937158163932,0.034685349528867884
6.61,-6.7607838123975865,0.39555093725771184,7.061672298797733,0.019293940953003123,0.0046039034572122675,0.047674949432104756
6.62,-7.037467609599724,0.1320709828462356,6.964816982092875,-0.000543180569682734,-0.03198128391149389,0.02279111111052911
6.63,-6.816522317572961,-0.030968337456926454,7.113815034877488,-0.01229683832349641,0.025986087179420497,0.028195506754996165
6.64,-6.801754381986133,0.253032616588356,6.936449388490286,-0.009064870823662866,0.013637417842790427,0.0005079256943351512
6.65,-6.8605503145060265,0.35657703711935207,6.845447095006505,-0.045513627486257015,0.01665365445393635,0.056714836816714076
6.66,-6.945686461710731,0.023046436479981447,6.807828388264487,0.013764508585923381,-0.009428257093695139,0.060441387473384414
6.67,-7.017010164647163,0.4606086616503513,7.009689392224556,0.0012390331047066275,0.01092556047721769,0.04577118538819476
6.68,-7.173713404441578,0.20857072115612738,6.875027615898594,0.006473056159420001,-0.018903550700896138,0.053457462411563746
6.69,-6.98898740553428,0.26981978741934215,7.057289885698364,0.02953180762438166,-0.05581536713129373,0.0671716746956964
6.7,-7.063772376076949,0.21130307301552376,6.690511084507236,0.0020221155044709074,-0.0025071129302741135,0.04305185803365001
6.71,-6.644297720708554,0.06163054968302156,7.008582162004421,0.024583041003193494,-0.018338386230094657,0.019202830006494767
6.72,-6.917156227352841,0.12840624820425003,6.6324821415398745,-0.012979581944947405,-0.010508914283800762,0.055483590994778946
6.73,-6.853966070658501,-0.0577076432575625,6.803228676437788,-0.05252190530148305,-0.008786494882644425,0.060205854065223816
6.74,-6.550077244822257,0.3740261808067015,6.613121735883459,0.012164347535656244,0.013365050825727745,0.05222500908173665
6.75,-6.514374839726241,0.312620029642267,6.145001541308931,0.0010817490641096958,-0.024805021365808387,-0.00952729784460015
6.76,-6.871420169536686,0.3872734291881953,6.645215141249393,-0.02630512139810263,0.030223941128266204,0.07333760399071035
6.77,-6.843631348014883,0.016919916593150397,6.971900405567103,-0.023362716077802884,0.06267328834609041,0.026107949343270657
6.78,-6.153966561354337,-0.035021107440731114,5.416307696322095,-0.006221066098951459,0.06876487235033629,0.038448437961749134
6.79,-7.091360540565022,0.23653879873959083,5.985245495987769,0.026269901154271996,0.04728824219490087,0.0685368572968827
6.8,-7.216186429723029,0.17934075578789105,6.723411086260261,-0.017538929263721987,0.06778893710414755,0.06773587729043223
6.8100000000000005,-7.376181700383562,0.5739021034631689,7.282062614732692,0.016007309619038693,0.14086886599306614,0.0626403036556809
6.82,-6.783033235279172,0.18310917123045622,6.582524709914392,-0.01983659259656289,0.20836603964670397,0.052135059224367356
6.83,-7.369195225654113,0.7295948210733005,7.131329632869463,-0.013009957585733155,0.21149773000194969,0.031832976555519074
6.84,-7.288588807103554,0.5088158857271685,7.507419565066814,-0.009850176033562745,0.17179769786141785,0.0602620560863946
6.85,-7.288875139553545,0.29945690584836,7.574232845142461,0.012876653046888504,0.15400222319971354,0.03473100890184984
6.86,-7.438104248954943,0.6548107325145773,7.3306898031819445,-0.013252592857166682,0.1488907803055066,0.026461918602012326
6.87,-7.1285885398861994,0.30315795703096116,7.523991236758812,-0.008504286721485777,0.10576222759967949,0.009818399414944001
6.88,-6.814041406997493,0.45505932068265054,6.4160555220644255,-0.018269050727616854,-0.011226382188973101,0.035006184219603456
6.89,-6.998052216091078,0.1309017705237968,6.740779158227861,0.013066988236088926,-0.02554995069586726,0.0293070626759602
6.9,-6.786951854803168,0.48219617795815023,7.269970339445216,-0.0072196286113437895,-0.052775495612097864,0.026824146448747498
6.91,-6.8682985324505275,0.2583731134531706,7.067597688586866,-0.004296602423030699,-0.0471326786622052,0.018764239339297408
6.92,-6.268576738566881,0.12801397723971605,6.208484267992906,-0.0020944261260978725,-0.08397020966696205,0.06522879915119892
6.93,-5.985552814806232,0.30251130893463996,5.115919442729108,-0.005788221250666368,-0.09014835264765311,0.06269855495176513
6.94,-6.372136253760593,0.21462205034235687,5.307657137924517,-0.04613613105105856,-0.12103827692211401,0.007717389150476983
6.95,-7.210745185443079,0.5679185258101911,6.496389571805411,0.03373823107056988,-0.012393998651782524,0.06916614214546313
6.96,-7.513208169881494,0.2982711046330121,7.397773641377559,-0.011269451785170463,0.16479025284912047,0.058057888784890724
6.97,-5.54366576870022,-0.03519725344282887,3.6889003375785614,0.04107927670640196,0.2817432409923175,0.047028244552992544
6.98,-5.654814413272469,0.46080164891891173,3.8599609467646143,-0.0010631309076641858,0.2459428320375665,0.050506745250260755
6.99,-7.577554681985703,0.2878809871228081,6.419793550454571,-0.05500722223428084,0.17272482191464794,0.07754307014097186
7.0,-7.599231490746274,0.25160427543099717,7.63641761918518,-0.03521215426927732,0.2081836656430572,0.0734686293122901
7.01,-8.2152892251839,0.7831195754470338,8.495211287321744,0.015158916354195029,0.36897264460027546,-0.013565067595839073
7.02,-7.976362583369661,0.38378159916645993,9.197242066036964,-0.01132876263538839,0.44172324724668116,0.05564344673013297
7.03,-6.803170802034491,0.2999325152250777,6.3876736345013025,-0.03758855609056573,0.3436658739504187,0.03218218376820353
7.04,-7.297405226269734,0.297005024392271,7.471625576047342,-0.03815152389119923,0.1899548473631686,0.008131185177320335
7.05,-7.269421810902281,0.2982219834196813,7.879085074066001,-0.018660134293319794,0.066616059178322,0.04205522462716685
7.06,-7.402857715218273,0.38273554844145746,7.5870339971458245,0.02868046149407797,0.057815488830726194,0.10326151205626438
7.07,-6.894153600656819,0.34807506809153604,6.847627736619547,-0.011607920235277474,0.03996238935946725,0.05521253681097711
7.08,-7.416461375455255,0.4903275095269916,7.230343921702209,-0.01160451188976753,0.014902323746713303,0.056468002187892524
7.09,-7.019752409360416,0.40426720992646714,7.668742795174731,0.028047781687706927,-0.09109318950988404,0.026320391389967317
7.1,-6.950793996543315,0.5136095300105119,7.397303712181036,0.011103121100613931,-0.13536752732846893,0.05545799118158986
7.11,-7.310755260060096,0.5127883602982833,7.3891985254299275,0.027975384920168725,-0.18448401525827984,0.04358106933944016
7.12,-7.358706490377661,0.38539712648170493,7.526614844982267,0.007254605808126901,-0.22303385502769257,0.06323261256962226
7.13,-6.903217237035462,0.7035338247153534,7.0843373809111645,0.02106641512409392,-0.23114216889336991,0.005231283780081621
7.14,-6.989146814646412,0.1395855135393793,7.0436203975969125,-0.022340627209493855,-0.25404216714650313,0.03906271818656223
7.15,-7.003816746260882,0.32574948606852744,7.271279770038093,-0.008801696253198838,-0.23775214163420874,0.03158203917376528
7.16,-6.146380140486586,0.3947360360914417,6.146669986102256,0.027606933393937896,-0.2458798495823347,0.06632537564651514
7.17,-6.597435483135253,0.16341245551618974,6.115356336230958,-0.05022579092125741,-0.189089504166566,0.05540068443857067
7.18,-6.7091138213302814,0.7169352790833046,6.622076466439957,0.0037001076409846102,-0.16296417037646418,0.04792516753663953
7.19,-7.42746305721164,0.7419614687833296,6.863884630345579,0.021244263892580214,-0.07897699563658836,0.043282045021919624
7.2,-7.227800236101528,0.17110097168562793,7.17383005957667,0.04842249195449616,-0.06912186692044274,0.03067298286018567
7.21,-7.028418886867263,0.2886230022101686,7.176181745245971,0.029219721132855585,-0.05981556860254615,0.05943811451369191
7.22,-7.236346063399657,0.6604598128704329,7.016948574783487,-0.03374419280953215,-0.037972218624900085,0.02051900267230372
7.23,-5.42337522951645,0.49020769268576136,4.19370505683941,-0.057025718777274206,-0.036012752658485796,0.050094031360741184
7.24,-6.340839337323874,0.4455267422302539,4.166763547371215,-0.24604912841665966,0.021805838004835838,0.021019147095677124
7.25,-7.049972118893359,0.18112273131777828,6.073947559523206,-0.14448262333074693,0.010245324742810532,0.0671069628200622
7.26,-7.854708070692188,0.24204464718916258,7.15134218617618,0.09924213726131882,0.13757994802363704,0.06755409626639039
7.27,-5.884523220672323,0.4600896952577096,4.520404335247997,0.10014501811762837,0.2652645584580911,0.12945911938887444
7.28,-5.974277223308418,0.723548728796094,4.594189994457855,-0.03463960020138815,0.32507105785001306,0.04919925205576321
7.29,-6.443918726845245,0.22402826575240908,4.867693191750507,-0.16978977202959183,0.29085288818172905,0.14677188995374882
7.3,-7.248733929084325,0.3122398378118729,5.449497042293826,-0.2244165991631011,0.22162151985987355,0.033912282741379265
7.31,-8.339004121859652,0.4438391609320854,7.9792563918269,-0.10550114304766965,0.20783644599286666,0.13461358710472845
7.32,-8.442203017776679,0.3381681893744902,8.48427543211651,0.03047862039630794,0.27096435885372383,0.10496075423080867
7.33,-6.617839486123957,0.2915153354262989,5.342913151260634,-0.02714601262744704,0.5103794314421503,0.11443238967524552
7.34,-5.572144675234474,0.42907274262065953,3.210722965411647,-0.21563632883174425,0.5752571018468863,0.04791152676134606
7.35,-7.625894190459732,0.5222616536394108,6.578207397941866,-0.15888326416969673,0.40766493088395434,0.05772378299665139
7.36,-8.193173524585633,0.44425503953547085,8.333278189741911,0.06690482854119079,0.18664434708194247,0.08747074537343102
7.37,-6.759309675555525,0.6004642326402535,5.176702960689645,-0.016108477889076368,0.15669925482649788,0.18443271115611026
7.38,-7.115116809476035,0.3064548151380244,5.797146183287912,-0.31867675189415634,0.33794960566973853,0.04785624510135758
7.39,-8.397731834159988,0.43548870033459836,8.035238084206178,-0.25243020282576323,0.3463135479590557,0.08799851640516015
7.4,-8.088501905048117,0.6741472537651099,9.072468126221626,0.027266069233259235,0.3039261809073314,0.07497828613976565
7.41,-7.3011331832948505,0.23508072532171925,7.415218820956652,0.22815958243129414,0.21538138088712988,0.10808573774845895
7.42,-6.941240936708232,0.3652550621162128,6.4576029814902975,0.07756674542408981,0.3083726175604734,-0.003237178676927001
7.43,-8.0147266180389,0.7848130685423047,8.276341098897941,-0.038394402365480876,0.2518874342075249,0.014450842015144716
7.44,-8.000515185908332,0.741309380567638,8.520008470677466,0.038175061433958754,0.11834031143521086,0.05539386912470389
7.45,-5.99683833224528,0.4243532603041884,4.9612023840851105,0.014815849339296467,0.030097215463862518,0.13014292935670035
7.46,-6.887196541428585,0.5240746582286612,5.84080211127154,-0.10062204232573832,0.013952459874779898,0.03429074789699922
7.47,-7.606144660148174,0.6474402266490009,7.135448651483777,0.00738886854518022,-0.04178190365601548,0.06553161284006605
7.48,-7.815546827026415,0.6025563802314639,8.04715136934575,0.13632731269533382,-0.06916331256349258,0.07711970119575073
7.49,-6.202668009737757,0.25709397530523376,4.7362428587359675,0.07299254132748118,-0.03930556721537906,0.09113039600463088
7.5,-6.339863168489071,0.5861757334186197,4.794241741348971,-0.16441620815577504,0.11031154886662325,-0.015331311107717365
7.51,-7.717949089858292,0.5202510400903878,7.123583036127713,-0.14152046302245108,-0.02125351665463748,0.045015213830495
7.52,-8.19883304979102,0.39609187656243305,8.03038592370344,0.09593866752922006,-0.16539114440512323,0.08376127050013459
7.53,-6.190228375727858,0.4351794416253049,4.7467319855759476,0.08751536426507313,-0.12385916534202773,0.14301547508974416
7.54,-7.07491458378203,0.27825742923186536,5.776365521647974,-0.12274100418231192,0.06512105880663195,0.033104714857424916
7.55,-8.327563298347233,0.4081871046691643,7.753601829421335,-0.08908368249110472,0.09874408144066887,0.07500212169108153
7.5600000000000005,-6.876111400731948,0.6581206560405133,5.921183886580589,-0.011455548231018537,0.015517683776756351,0.09445206100272452
7.57,-7.408486327858987,0.5208706823078179,6.94483367136447,-0.08463039065153159,0.11784367888592871,0.03246741113939272
7.58,-8.310908460315742,0.5448559715566327,8.394519660581206,0.020201731183356896,0.02239299031547108,0.07614546096833462
7.59,-8.17173778740033,0.5225290758517185,8.475950992305506,0.09373276379333373,-0.08777623192945737,0.01813816476786595
7.6,-7.627234241432562,0.9690939726964137,8.603497370016509,0.11956194336300104,-0.11013384978214666,0.03163847871572345
7.61,-7.635837075424604,0.5955290497048329,8.688541543730775,0.07177770399872244,-0.1349438168382899,0.010069903070825498
7.62,-7.616695310767643,0.7348842802752681,8.183400144140986,0.04377165041889387,-0.18980914938822158,0.008439576637412924
7.63,-5.79188771362616,0.6000115230123872,5.004409041631796,-0.12274559248019769,-0.15892666459950702,0.04383551020111613
7.64,-6.383345506615755,0.33432544525235736,5.092604447671531,-0.35196115174213743,-0.09080094896590071,0.028256587329767907
7.65,-7.205448740251914,0.5611210567725782,6.670820596722069,-0.06844841651869288,-0.2717671109653735,0.06244489355595785
7.66,-8.082526382419687,0.5447031693531794,7.683863379196633,0.24081561979715582,-0.37449743452502,0.10026369000042204
7.67,-6.392444803719587,0.8361528797804234,5.5878246794601765,0.25392239702984776,-0.26016768175341043,0.1514064452850188
7.68,-6.574187337150495,0.4379389357390283,5.055743795871012,-0.08280741586829879,-0.00843419470889694,-6.659617131563262e-05
7.69,-7.943119143695363,0.24940457641216568,6.996745590596835,-0.18020125812159268,0.06700128730093413,-0.0027804622987860385
7.7,-8.012209737497725,0.40451474273662813,7.8268538562308425,-0.04504350257587869,-0.031205348265273852,0.06829313705246062
7.71,-6.288670520069312,0.4097264676939433,5.005070916640566,-0.004073651470974698,-0.0252228241623714,0.1830730889633896
7.72,-6.976858200624112,0.21389654251648144,5.659436612889663,-0.13985870906339365,0.07928360661996109,0.026080684279987762
7.73,-7.887429110631064,0.4117240723293093,7.297155914096288,-0.13649076048010444,0.10971477781866769,0.05040964316420063
7.74,-8.247999195827328,0.8162579810080539,8.039346876372276,0.06315026010232691,0.0985653719248865,0.07496552602362537
7.75,-8.14406630020823,0.8090723852301711,8.594957627135548,0.12059426300659659,0.0844241759258876,0.032437648540577776
7.76,-7.6142202406759365,0.6563166283151975,8.725638471908319,0.11692593726226909,0.01042715759538066,0.019530701969284088
7.77,-6.271439328809986,0.5761096744084997,4.838810672560375,-0.07709361256704944,0.12633414891615424,0.02245226736362971
7.78,-6.822589098678415,0.5666284000726888,5.4258686461600005,-0.35460622079978066,0.1796163601848202,-0.013428744240668342
7.79,-7.1661391332032665,0.784962594399277,7.127898507578223,-0.09891360346792263,-0.055230304130905454,0.06597740054524864
7.8,-7.477537099947678,0.6519285426309996,7.201278102606763,0.2615295218717682,-0.2547988252950265,0.14454028033553662
7.8100000000000005,-7.64243765486176,0.37012376931700236,7.269064141387119,0.2928687628457874,-0.2403652592683817,0.043151985462474146
7.82,-7.64938030190269,0.27714650476169295,7.95139448776217,0.06791948538056349,-0.031795248356211656,0.007123179042981759
7.83,-7.645722394570821,0.6936441186166759,8.034353423379201,-0.12518697741301552,0.041918641320480836,0.031557803470780466
7.84,-7.741293455592726,0.6569505156218052,7.906474132408823,-0.02302967184416167,-0.048186250024207025,0.05267598834091401
7.85,-5.6545890909961445,0.3033215098128971,4.541475792475016,-0.06361474913993839,-0.09298649401729486,0.03644806358476403
7.86,-7.321454721426751,0.5829700998020458,6.269578227923627,-0.10330199816378982,-0.13915010926010266,0.07850475245821112
7.87,-6.716457730589285,0.42846222525967104,5.201367201977102,-0.10265920651964566,-0.15119895775479664,0.08370183798225095
7.88,-7.498910555521519,0.6540226957597697,6.68448846295504,-0.04200126416373223,-0.12879838438884822,0.05720183589018868
7.89,-6.609891495252012,0.4369810510146561,5.997270132349216,0.1056922349350246,-0.059948150371638344,0.11288162324769013
7.9,-6.9308215517838905,0.5744076873992873,5.30802639695981,-0.04938242313416476,0.06331443829368977,0.0618758416855357
7.91,-7.945254213891102,0.7920544407500127,6.893010315182241,-0.061037550436837444,0.07058142061487037,0.03319620628756054
7.92,-8.060749003205746,0.5892367383563991,7.985593209454227,0.07738533669625348,-0.04758302172517799,0.051063602228481816
7.93,-7.9132005822577725,0.6665177017991245,8.18888150526646,0.17124745294541246,-0.07050573924994381,0.02932264440174997
7.94,-7.822732478731832,0.8545321362330442,8.107119286072672,0.1431308043586379,-0.042552579101640814,0.032996263221908566
7.95,-7.527184024804209,0.9596646677534383,7.8534574898396885,0.10989287996994104,0.01858997933228759,-0.0048423888735503046
7.96,-7.504257010842169,0.7538800182428423,7.9658808312154425,0.0492431880636584,-0.0757057633003982,0.001888181787315292
7.97,-6.634347483561056,0.5164335392763616,6.603571862426881,0.019319166387834055,-0.1893691169971713,0.05773209057959624
7.98,-6.522097903795229,0.852022586361489,5.818394781263562,-0.14342830345219834,-0.187734513601076,0.0035599731462680265
7.99,-7.0097592574635055,0.6403339479250241,6.769198758194449,-0.03030513037925393,-0.2690685424148581,0.05489508818914505
8.0,-7.236857324083098,0.7721500056158432,7.060599963696145,0.17750179632000287,-0.31675153551813107,0.0796493048263244
8.01,-7.424539423780006,0.6185751122790466,7.253244149270103,0.20022034814717377,-0.24995211394422895,0.0479181399348976
8.02,-7.443444172678952,0.6098546300630867,7.400186108212234,0.053209693744361165,-0.22922378891593972,0.024177394232885695
8.03,-7.313200697199891,0.5553517119429329,7.562431226371583,-0.05475900427139048,-0.13131171128697752,0.009922717267460501
8.04,-7.364768956873347,0.4891385386931806,7.179563205183991,-0.03761369405777708,-0.2211706570663364,0.013047725491813964
8.05,-5.813054602113904,0.329585023571882,4.26012212794265,-0.15807314082348042,-0.10676337701805404,0.09273532421240681
8.06,-5.557833486183249,0.5642820311367077,3.9176653177629843,-0.45069737917807756,0.07900375440958105,0.03293217534435848
8.07,-6.985567023650031,1.0274817909403162,5.856671155127621,-0.23618005162656405,0.0034037239651620753,0.10042297064514055
8.08,-7.382334229512746,0.7859242765868889,7.240453325879401,0.23990706160296787,-0.1128903087398018,0.1459148294042035
8.09,-7.950994059545237,1.1179076062866902,7.868369108709793,0.36791389795617835,-0.09530106260119307,0.03613601688364158
8.1,-8.220241306434785,0.8204519746633719,8.217990276381798,0.11981164810129176,0.08678188079349304,0.03421954967920495
8.11,-6.270768930858388,0.51857442040866,5.115482352232265,-0.2899381805422792,0.3131357066166566,-0.02618580272215921
8.12,-6.675562459842122,0.3487680821571396,5.755520063408478,-0.6100239910783692,0.4322056375897786,-0.03548086430585957
8.13,-7.07681805709272,0.9379923085756576,6.394308020408104,-0.14759283985606,0.1583631393658383,0.16499890303232911
8.14,-7.265076674655241,0.8122759122484647,6.078297360268576,0.2026768073978513,-0.04458228421661021,0.11872866197000928
8.15,-7.2920093000641515,0.5948490417081271,7.28114537992049,0.26150621938160606,-0.10287783631189071,0.05572569961416575
8.16,-8.007090610811977,0.9667750158656103,7.9690835030902925,0.1387008250819828,0.10695808080741817,0.004366236374775161
8.17,-6.398292732340778,0.3772923905158556,4.749667130074508,-0.1905021369603375,0.36983299062374,0.017999524638966976
8.18,-6.085087191040859,0.6916534838328131,4.565512225849301,-0.5746554150167853,0.607731451630685,-0.028819235805860963
8.19,-7.160364300220251,0.3673532422887512,6.305467343606795,-0.29347448648610513,0.31899827543129106,0.1158233496058077
8.2,-6.883043249228615,1.0910866515699913,6.665303057427081,0.1671943622335933,-0.047604673372254644,0.16494632346271032
8.21,-8.056720716369734,0.9750248467373618,7.745071775777762,0.39360035856461717,-0.28851992382788116,0.15100552800378483
8.22,-8.012283400960346,1.2250916245876795,8.240791749434646,0.24504036901109266,-0.06734503468282044,0.06903857034258251
8.23,-7.794017402673553,0.9782554952510182,8.842083057277788,0.05599199549307154,0.2491618482362859,-0.01638689855004204
8.24,-7.807098226080337,0.8675931519224478,8.561702406375701,0.044419118127986955,0.28843301889050477,-0.016020613381113977
8.25,-6.023035890044926,0.662515191570747,5.205685342751388,-0.048914600557224824,0.20005107134979366,0.08482703745785593
8.26,-6.306288098781615,0.5958392730949068,4.86310881624774,-0.19575565292527916,0.09554354190967569,0.016208698016933216
8.27,-6.768240040937584,0.6833594953156406,6.504906237170103,0.06014403629023798,-0.3809507962158222,0.07766103150751151
8.28,-7.372504224766825,0.9402527527730686,7.185857479753223,0.4120741202565928,-0.7974602122753328,0.14684487062947205
8.29,-6.286859053024119,0.42407056628042333,4.964461946916804,0.26333999762495647,-0.6493603640603584,0.16931156713867815
8.3,-6.440030034574834,0.9314144502016973,4.5053783531907134,-0.39989881060836807,-0.1358799487697503,0.01091787572162347
8.31,-7.668087641733031,0.7203480982115769,6.6316782428112,-0.41488647739876006,0.08577665820121252,0.06696718876010588
8.32,-7.8689905809668454,0.907737019049938,7.939325455922088,0.12093317269769745,-0.0858917117731163,0.10039795341520859
8.33,-7.693308588654889,0.8666178638321108,8.14388065303501,0.5505605741709648,-0.48303202119156247,0.11897525314634938
8.34,-7.714988168433393,0.8049336303333133,8.296808806593003,0.5284669651750298,-0.6996550552740126,0.05903640354918799
8.35,-6.376209748127553,0.43640569545808144,6.138760964070028,-0.1428605119147523,-0.4376322578551793,0.03376797714489671
8.36,-6.818477880116872,0.7426541642467974,5.628431923770455,-0.9942557435398858,0.18522967806476678,-0.12546571855107844
8.37,-6.903380257240004,1.12152005303437,6.380537738075817,-0.7290233971969335,0.3484815269142265,0.020042986784398312
8.38,-7.134335510616323,0.8817262944786128,7.131603035438535,0.3299600677099017,-0.1429913413144051,0.14361494053246604
8.39,-7.3322273184316265,0.9446732905218237,7.681429307029949,1.0440767419569132,-0.743009779286674,0.21374293750872078
8.4,-6.854126010993029,0.9516810882463933,7.862410023563522,0.8187732019882474,-0.7685647126905839,-0.007799379959622654
8.41,-6.779464454327893,0.552789307609082,5.651440332321646,-0.04042109530960161,-0.3682341197909707,-0.08574868672341979
8.42,-6.903880027692157,0.552627677137985,6.657222726420221,-0.7484045721879204,0.10168966205028727,-0.09024076143673686
8.43,-7.131352028767876,1.0323505671662967,7.152229453374578,-0.5118456572557992,0.02288824429393057,0.025957797608488865
8.44,-7.335066075168739,0.9292636025056905,7.654767011928342,0.4351238698835479,-0.47571202266069085,0.19119876211704237
8.45,-7.4920948042168405,1.2837076011427302,7.868531061606307,0.9237048829206185,-0.9713240667095092,0.14446169807087678
8.46,-7.03550241610082,0.9944491696871127,7.4482994935473155,0.5468608869548165,-0.8018947418350203,0.007788564768084611
8.47,-7.049615929006361,0.5895918474628274,7.697253466873071,-0.13784188940797937,-0.3551408417340377,-0.0792228652300774
8.48,-7.534190648602884,0.6776082090711694,8.172244785921716,-0.28477299200668177,-0.2262372626972676,0.012859860533033993
8.49,-6.569905471512074,1.0262395580170525,6.396119857777649,-0.20597324527422947,-0.2252695842359717,0.31381514692405854
8.5,-6.418124001871186,0.7112271427049234,6.141810427882424,-0.5590967168755956,-0.03212647496963166,0.054487231852278065
8.51,-7.014631689627871,1.1553672251038865,7.379749452792746,-0.10847453809405194,-0.406372132219111,0.12280894886384046
8.52,-7.00204726552743,1.0736632478732049,8.027479984466908,0.49408525249136753,-0.8445302297501474,0.15047180995978213
8.53,-7.5285656209782434,0.9864870641387563,8.123355434958949,0.5776685680091417,-0.8255164022336773,0.07004485982177729
8.54,-7.131825007160752,0.9792819263565424,8.494318124696516,0.25135405843967507,-0.46635525244731013,-0.04511222312419475
8.55,-6.442494286847216,0.8978754570577065,7.0661105528661725,-0.20219938046689975,-0.130906018374941,0.16733649831109004
8.56,-6.7317378733998945,1.0116013399989388,7.138572417308261,-0.38803877269660275,-0.08661226509083844,0.046916411808010164
8.57,-7.331262133395156,1.1052366778247324,8.078516445851632,0.06307296830721074,-0.4351731812761994,0.06747338147316008
8.58,-7.152262768977121,1.0186267681506262,8.05050396902106,0.4700786563240346,-0.7036335408939584,0.07587455296334955
8.59,-6.805972588334486,0.8083336119693839,8.204461945637133,0.43331715215043165,-0.767987966231689,0.03271932211862783
8.6,-6.89742210034581,1.2718497968328164,8.083364151551514,0.07528555031624258,-0.649285563003627,-0.019206224622171822
8.61,-6.720880910117717,0.8148976880251712,7.855526280414927,-0.15223895863834475,-0.5099661459085131,0.13241575322244986
8.62,-6.282935142823048,0.9249313327315232,6.856361771062204,-0.38211866506708253,-0.5524689968830823,0.11936248364770476
8.63,-6.204188515058088,1.195266788237748,7.30622953647497,-0.1499734379098951,-0.6273240971466224,0.12065460621485657
8.64,-6.031341124679855,1.1312647074018183,7.570138052114158,0.14617765664242646,-0.7006143550146683,0.12799151780305745
8.65,-6.491670209348312,1.14903050463692,7.795077796464824,0.32913523394283606,-0.6019595583669779,0.03095727688720175
8.66,-6.509467157300593,1.1096792711265178,8.01037448625091,0.2062445348677812,-0.44578205303923785,-0.014731002529672068
8.67,-6.338996092187192,0.7599749806693865,7.203985802707404,-0.07427042084114863,-0.34761434107454847,0.29725893703110473
8.68,-5.792664129048434,0.8252634765483696,7.115467658166229,-0.13863560290469526,-0.4086800883653396,0.08611081142001922
8.69,-6.013198115186816,1.0611220364491458,7.603341108134056,-0.06328992144931032,-0.5392052252337755,0.05363412375585558
8.7,-6.066484428629126,1.2823948926775735,7.513224587611066,0.14034820117844415,-0.5016345730963141,0.2861073002932717
8.71,-6.244789353871542,1.2474510483575552,7.648480975765646,0.07376786539555052,-0.42713979320749,0.06859686623250875
8.72,-6.2449371737575,1.2897710588719526,8.202657332300321,-0.013921457064062118,-0.20345296401335608,0.006069822234044999
8.73,-6.237648541504156,1.1565677942915285,7.704659330464002,-0.1044462236565368,-0.12892597238326467,0.06653123680038518
8.74,-6.2020173409107135,0.8934306675875237,8.403089099560153,-0.08336435446619798,-0.22921439506972047,0.03754470769932446
8.75,-6.11971372771963,1.0801944837905861,8.215201008776464,0.02040029315595003,-0.40610220558800714,0.03341832070999659
8.76,-5.851636044125047,0.8707721042914209,8.351301419061382,0.0825533766627642,-0.4717686017513484,0.0470858464396679
8.77,-6.154091445834217,1.021538485006473,8.31481512847573,0.07596897423512108,-0.49320593808574814,0.03515436996293402
8.78,-5.889491484667166,1.3727203533440135,8.349721095719104,-0.008276781200497643,-0.3879739823904388,0.032279052391061915
8.79,-5.548786908444061,1.1771874726564282,7.848101998232554,-0.05204635763970193,-0.34834191463667785,0.15387716914149532
8.8,-5.447047784973796,1.522714803424458,7.308457712082941,-0.10760216559955739,-0.43013252352713116,0.11459733743462266
8.81,-5.759078582259943,0.8852641935002354,7.796582796757023,-0.07011336041080851,-0.5040352601237553,0.0007066806752541455
8.82,-5.73835295773435,0.9797422522280144,7.899334044604468,0.026854343272341555,-0.4845731266352616,0.03325703802734558
8.83,-5.530607682757773,1.4872496925340242,8.110428323670785,0.08570107610164554,-0.36609765091680563,0.04240946568139868
8.84,-5.586692290911308,1.61386253826283,8.284625945856364,0.06162008165479243,-0.34533533581892084,0.004874760477502905
8.85,-5.0522473890286985,0.9594803004730598,6.930780953078824,-0.024639603771675976,-0.3696973240555205,0.30102970004300855
8.86,-4.851518667565993,1.437111383061758,7.0150306332364405,-0.10910975161482968,-0.48993020572636803,0.09283326321524815
8.870000000000001,-5.181079176266955,1.2889325668975946,7.766666325730309,-0.1545057456212755,-0.433976790726848,0.04544162162913411
8.88,-5.363208396194103,1.0733103018855437,7.057100770067568,-0.055658792996237466,-0.273559384910072,0.27181508039499425
8.89,-5.145772464737914,1.2477510704307413,7.917978948495829,-0.028400875132020408,-0.1771012635640181,0.05847523025729937
8.9,-5.771518330456159,1.5847725910707633,8.044153722068828,-0.046514939922928496,-0.08529064159888658,0.04813400978906875
8.91,-5.139673184945412,1.090235863230169,7.123891908038787,-0.04001432682326388,-0.21537340590786921,0.37096152447429537
8.92,-5.234185830872767,0.9766443262048691,6.944988391912359,-0.08357158907769277,-0.3000629595426242,0.1520487492202556
8.93,-5.153608457944363,1.4838740812685827,6.785596589011604,-0.09156240979840882,-0.41466864792133007,0.34866993640804717
8.94,-5.33999740011027,0.9903467482470544,6.598996235835287,-0.3271141539941709,-0.45672061017275306,0.17351206236358302
8.95,-5.618004430530635,1.2121558759735906,7.8848605303881145,-0.2695426723051704,-0.3420940790326959,0.07791693567839028
8.96,-5.258794778346363,1.4733337362648915,8.58797844993056,-0.0569557472359982,-0.031290854333070196,0.06420686824434774
8.97,-5.2412160768447515,1.3030430556139416,7.4668619155956675,0.14041789014730063,0.16621283057763092,0.3852096706852349
8.98,-5.062529589262455,1.535152035361155,8.060281243630307,0.15761561927158108,0.1681903340411385,0.11054271426517222
8.99,-5.418181489429017,1.2844428787807314,8.305103730556887,0.08458933299553505,0.07709460777763623,0.16925028364257869
9.0,-5.375484816788764,1.281131782012366,8.0480610183209,-0.025988789859409715,-0.03390378144691317,0.09507043580593937
9.01,-5.136881533218161,1.5045921232307253,8.985265339924634,-0.0442962923763951,-0.08851517851540583,0.04312034548436121
9.02,-5.591803896233493,1.4503827600474377,9.569390848764451,0.06946768054099334,-0.03267082902477566,0.048820900044313637
9.03,-5.459825452196078,1.2818691512641274,9.432552884166318,0.2112397909552906,0.0647422908416053,0.03718576418773639
9.04,-5.380579166989922,1.3458834293292854,9.432490029969246,0.1839890736063987,-0.023909764859359108,0.03810254329671314
9.05,-4.5088440891641035,0.9116099849242336,8.04538241679958,0.060729975426071225,-0.1795414186427219,0.3335138186423328
9.06,-4.395675846423372,1.1552840920167164,7.4693972192801725,-0.02624603699149814,-0.32174873900924217,0.12021331296196495
9.07,-4.894678225990812,1.3896137678654588,8.2911934099617,-0.0900927475388748,-0.3751520679582845,0.050871446311055224
9.08,-5.1617015299793945,1.4872339343507097,8.989300598787699,-0.02298361365422965,-0.28806382196438635,0.028745615435253943
9.09,-4.780939123229945,1.1465635424810703,7.684183188114732,0.04717222522199463,-0.1977500922833351,0.34907262497661956
9.1,-4.807432332160113,1.1974808081655939,6.581158797029033,0.0011774063334217856,-0.22604879994644153,0.16793867032620471
9.11,-5.215563161887616,1.4777313090765345,8.093001864853166,-0.04107066084861026,-0.41434052378880953,0.0759957304165179
9.12,-4.857690239913471,1.4313252646240986,7.118710185227243,-0.08967369610750454,-0.5384023580118127,0.16690868361820727
9.13,-4.785665205011756,1.2007110628937308,6.679903126824181,-0.2212881954651901,-0.6446040318465266,0.351027433508443
9.14,-4.912769908447935,0.8443260170597607,7.713898799697535,-0.4224901614894276,-0.6734141132296663,0.17611897279141972
9.15,-5.17075202239833,1.310400959489275,8.574246047179297,-0.3145521428000372,-0.3201151698414523,0.13320863786223988
9.16,-5.015139780108715,1.6520449859585944,8.48219650869484,-0.032424003250336716,-0.07568719332253593,0.2235874110971525
9.17,-4.952986663003451,1.777263791171972,8.959490352700394,-0.09268169882383726,-0.16525410983547142,0.053021918251071574
9.18,-5.320845821647724,1.445190454474576,9.142199233604781,-0.03941369043170999,-0.18200767195155082,0.056999227961978156
9.19,-4.99310299522235,1.1656812085237331,8.659133683092426,-0.09756193088815496,-0.25750554059240294,0.24066713056349218
9.2,-5.001680014677304,1.4588528147623097,8.185857082369754,-0.5063031320652394,-0.7639422192249381,0.13320201704835488
9.21,-4.813820554998497,1.4392494132471165,9.027124188704088,-0.5099300014183491,-0.6593840528133718,0.15109399173702023
9.22,-4.771905316744096,1.3569884578475122,8.954675678074492,-0.08842391314217304,-0.23382701878163292,0.13022573451992886
9.23,-4.9939721063012,1.4601461500624133,9.552879984771597,0.31828970685531516,0.1515683420467829,0.02411675246174412
9.24,-4.955173061291948,1.3485874043116866,9.917759204945176,0.419367088743389,0.2404749083947248,-0.011032359218938134
9.25,-4.6426550822009505,1.5988755105543253,9.847408994875856,0.29453783313700616,0.054878938791368716,-0.034212063249008336
9.26,-4.278877399959191,1.166879579286222,9.899227047196183,0.07965779862285328,-0.2546287813306929,-0.011984046082318484
9.27,-4.891790183803508,1.2650551417839127,9.67992373237366,-0.0548056845464036,-0.38749415982779045,0.04103499749668845
9.28,-4.666142081716589,1.278797281577225,9.55505344241495,0.09378762346611266,-0.3276192726551066,0.04014136745740011
9.29,-4.617445961024709,1.244608709091224,9.156240631238735,0.16704348544422787,-0.2733842518433839,0.021912901670554482
9.3,-4.281859226015932,1.278571710607319,8.856673442331784,0.17038145015933803,-0.35654664956939386,0.0034786764915397247
9.31,-4.485835835585399,1.213750458618981,8.352271089200004,0.1305651374706701,-0.5462803310425746,0.2243667314002176
9.32,-4.232838661998191,1.2897580139474678,8.321739699452374,-0.06346189736424639,-0.7704149220751779,0.08703882821029177
9.33,-3.772744692954083,1.0686882476900308,7.257343084280041,-0.20287142506421452,-0.8930489680305105,0.26077866472267075
9.34,-4.336120724280875,1.1191502235332214,7.401968002445113,-0.48688586603496925,-1.0217336933850343,0.18319434414043256
9.35,-3.9805691397399716,1.43840203705536,8.074234425042496,-0.48565584995687616,-0.8621184479730175,0.11420668075910269
9.36,-4.24969403805625,1.3129090008749231,8.096947785378278,-0.10313337999590105,-0.3213821708845959,0.0829623491773183
9.37,-4.730502292478485,1.2880837483201633,8.699920913591427,-0.08307771044451287,-0.22165916470806618,0.24453179611063935
9.38,-4.138651865524903,1.1609295462924503,8.908064180844038,-0.7195732287542432,-0.8939470951103169,0.1830486243215389
9.39,-3.739394011248458,1.4107200662876431,8.238030959511985,-1.2401277093733059,-1.4219685022725204,0.34342869148674504
9.4,-3.8885772801924614,0.9339130053842398,7.309812404620875,-1.746695071192088,-1.917599055408834,0.41406521355502846
9.41,-3.73371902760004,1.176656832020452,7.446089077545887,-1.584718937732251,-1.747364271160175,0.3829707855134249
9.42,-3.862431672922292,1.3430756377372226,7.508619886646898,-0.91300944852133,-1.000566542859534,0.42567057785555595
9.43,-3.715987272865712,1.1819066036039982,7.354234161610191,-0.026136728363461502,-0.04156629865588046,0.30467647953407495
9.44,-3.883170736304866,1.2916126915886927,7.582774738342607,0.7203809931316766,0.640334618460814,0.1568243818077096
9.45,-4.212000929983483,1.107127400164054,8.743483822279595,1.03244679143431,0.4219153288776583,0.14341989445362652
9.46,-4.052048739240355,1.3282928400363894,9.638912512173057,0.8064113506609627,0.4717520990669477,0.056620082908383496
9.47,-3.6478939396120498,0.8964232501858138,8.491215480074645,0.44599127462096744,0.11306207994510804,0.07706457162604073
9.48,-3.8533625681199712,1.3760857643945144,8.318670085347788,0.19867053522291456,-0.8840564217862716,0.21760986386707454
9.49,-3.5476454649122675,0.8946329657385166,8.514826342720674,0.39313779242255,-0.6847830322005756,0.2366630150100631
9.5,-3.873558127764524,1.4793628171940467,8.726814825689006,0.6585339870515002,0.27148030825602926,0.09329556918179638
9.51,-2.9458360235555614,1.3720482894681396,7.6494679900503435,0.7001843913863018,0.4878305135753546,0.10200496184365399
9.52,-3.1249985311319883,0.8541143002659098,8.381026827825181,0.7266421818529739,-0.49633074229031077,0.15415773571985208
9.53,-3.2989111700716767,0.8742413067382011,7.888971615372833,0.30323206921819795,-1.2642959310520243,0.20432732032824424
9.54,-3.031036292356884,1.1450283339985363,7.683466341413181,-0.42277482805916594,-2.0671351207236897,0.2429515232637326
9.55,-3.35062838822833,1.2664022601839187,7.900314372511954,-0.6880955544124943,-1.6971389240618646,0.2654963612395789
9.56,-2.9490569103673483,1.3161539465920409,8.42558894710047,-0.988668625658619,-1.632680147932953,0.2576536813755156
9.57,-2.9707146484782196,1.0367192504538436,8.525765260225661,-0.6916336939131241,-0.9992866253518948,0.284916939779898
9.58,-2.6747431442999825,1.0644507279287356,8.609553839563773,-0.06173846937411566,0.1396445394640818,0.33444956448711644
9.59,-2.6643848721103267,1.2125041171124553,7.2143827435537435,0.4345188228000523,0.6223750790665256,0.17565303648867103
9.6,-3.473084304171091,1.4284602570351477,8.957672848024544,0.7473067223645408,0.6803159279215466,0.13077838387919583
9.61,-2.910762294856514,1.419111655725478,7.91420480479454,0.7255175534849925,0.38765603652039016,0.09148545491485227
9.62,-2.8523358174606837,1.2652719268064223,7.830598005731616,0.517281133222676,-0.6116397931787139,0.15002466174090762
9.63,-2.6594167359530934,1.171315930322089,8.034046534609264,0.6464404303621819,-0.3978038964788539,0.2109146298669351
9.64,-2.676258741508548,1.2055296779805742,8.315182781323823,0.4699764831700803,-0.07890471005896513,0.14126783999739626
9.65,-3.048788006816828,1.4140392314103365,8.892816483355931,0.49496708732346334,0.6713153168214666,0.09244540907206437
9.66,-3.45350523593602,1.7008733663089235,10.493164221651726,0.6805433003091574,1.3409314658650675,0.06415336715478773
9.67,-3.1511061024493756,1.884671543626161,8.64754013034894,0.7798158950568563,1.001200194047085,0.018370320023756596
9.68,-2.583356725778808,1.5997895370681254,7.7230279019208234,0.619448760284462,-0.4312614213970205,0.19000341116239644
9.69,-2.3835637927533044,1.363956487309096,7.949691379497782,0.4232003906554343,-1.0032037347031681,0.22866175322711207
9.7,-2.8591414830362103,1.7327039930932753,7.724541861533586,-0.14842861392229162,-1.0206517616279123,0.20201202171990942
9.71,-2.475528162174338,1.5623969836218923,8.415726074720439,-0.12295029676719552,-0.24113058025947454,0.2378382841648635
9.72,-2.9164268094570094,1.8703924222632036,9.139332167507526,0.3294343973814653,0.8610983023182,0.12526399212745895
9.73,-2.506003184338787,1.795625720885083,7.512139412644863,0.6235460665035103,0.9950363971164945,0.05882601174586777
9.74,-2.9572525264285807,2.016453004131869,8.860110686096656,0.6088246269676527,0.24162570039619738,0.10782408908751087
9.75,-2.4182782609747133,1.963483890371763,8.39412395270075,0.24300779860157123,-0.41318044582130264,0.18196523112912447
9.76,-2.94893895866649,1.631486761173343,7.999522862826146,-0.5938423778169495,-1.262005231091537,0.25042869094534964
9.77,-2.6195644908677513,1.5646727653997123,8.512405035145608,-0.632979306811747,-1.044140828903988,0.3180125325885436
9.78,-2.8836611326351025,1.6530894639890077,8.583260996744032,-0.14971498798753005,-0.2825556468348606,0.19451524788566033
9.79,-2.7965031733675,1.98430403995164,9.09040142397858,0.32887062261718797,0.39965005998054665,0.17470977282758357
9.8,-2.8266210745658147,2.094585416739945,10.429518045429251,0.7490779923727033,1.079563479705149,0.10776765141313903
9.81,-3.092856154351522,1.7732798487864814,8.682230612257166,0.7362959043795854,0.9969919540645268,0.05592133165877844
9.82,-3.1348047336020173,1.8597470109980956,9.282142118133027,0.36405791291203415,0.15728353158514433,0.10294069495904853
9.83,-2.6224081041603506,1.9551066053300106,8.68346398139468,-0.1507931063326748,-0.5644269661414297,0.17568447757360742
9.84,-2.82672332922243,1.796772719561663,8.739016097570376,-0.763830433238244,-1.2911751817940709,0.1927699448272695
9.85,-2.6434570648960083,2.1032022589839454,8.904211899085965,-0.661919158452813,-1.1156646583767102,0.285988725409047
9.86,-2.612288317414915,1.874655713144056,8.796458405902811,0.028512222935442377,-0.2869119517728261,0.34319526032044445
9.870000000000001,-2.3628159860047933,2.092469753949662,8.34921959824262,0.47576834797618467,0.47239053353212757,0.13718387117069072
9.88,-2.894956439120137,2.0603094194093,9.711537388717533,0.6610898926754157,0.7846700453735759,0.10948558923176063
9.89,-2.564392632289144,2.3267187758694243,10.327568376269832,0.68345763460059,0.9149504718550118,0.05931665126383988
9.9,-2.727212799510623,2.3074668408109726,10.088977635817471,0.37379680129496834,0.4527333441564186,0.12718302782783275
9.91,-2.759645866379437,2.1973448887585043,11.131522382228924,0.27889246445807814,0.338633264389771,0.10582055051366765
9.92,-3.4211038491789263,2.1419432401204133,10.935375217863887,0.4477498030298649,0.5068134292943905,0.10944985582754549
9.93,-2.8474990336849606,2.580023792961444,11.261155216029564,0.6067781291977802,0.7860225705565217,0.13537365419215033
9.94,-3.0990901050703354,2.6720137891560225,11.655028174577762,0.5901492777813963,0.9675941645210252,0.030970763451281264
9.95,-2.894211248668072,2.3756080878541916,10.957386320651484,0.4769143876818784,0.9348128988043916,0.0738373126210953
9.96,-2.9759538802645245,2.390949202071905,10.740089257451231,0.009215557508184756,0.2751408282182373,0.11132313152725656
9.97,-3.0225431265540768,2.099880151155606,10.832139220589639,-0.24100844205253436,0.03152211916215873,0.11650681965120192
9.98,-3.0481454438507822,2.3105206822240114,10.859511878919827,-0.12376493544878163,0.3670670741632344,0.09037981551887035
9.99,-2.7629070035333854,2.0025967139998895,9.595501034346976,-0.2651755842233405,0.2236951431352679,0.15739231352671262
10.0,-2.9843550381948916,1.9301987133748726,9.252121941600603,-0.7066852958892864,-0.5579341128984732,0.2765901303728345
10.01,-2.7354563655277424,2.0419896004037743,8.850731926254197,-0.6794852554335595,-0.39654935431066135,0.23617692038157145
10.02,-2.914720432810437,2.6699318410711204,8.98378345455556,-0.6559148607975108,-0.18274035573346514,0.2603747448116056
10.03,-3.1217981683839864,2.000368308226044,9.320167712176632,-0.535017181897877,0.3505291984563688,0.1628950549546044
10.04,-2.9699379285784415,2.1251180952435083,8.966364506447169,-0.6810869089353847,-0.1573191657462038,0.21441885982742256
10.05,-2.817405421804131,2.15002237146433,9.316043537571005,-0.687942619834376,-0.22776365641974752,0.2567693859794413
10.06,-3.4599305462360608,2.2839890762684556,9.364305473040663,-0.44725012455306623,0.3256089031604519,0.19219512255753188
10.07,-3.209648686941495,2.2124011260001835,10.30748713711958,-0.20880897318756958,0.814136937549476,0.13261751854065268
10.08,-3.5873019277966773,2.2070369859671186,11.553028626816193,-0.06767216575980281,1.0847996054190812,0.040243689771377975
10.09,-2.69469091711574,1.8363422254047017,9.590452611045368,-0.24927962943096799,0.6779667584522412,0.11658725552127355
10.1,-3.1826931859902374,2.1413298369724765,9.641466285819824,-0.49667831746347774,-0.394145522146044,0.19182909958965927
10.11,-2.841926210438192,2.2324356223009385,9.712641891944774,-0.46734590329284303,-0.5172187197683924,0.2421574980292981
10.12,-3.083441935065917,1.863282431685122,9.45220199394735,-0.2393822540795687,0.0049782193927647295,0.18496285220488387
10.13,-3.5016321527570713,1.9507956851923942,10.124916519051927,-0.0939886060754685,0.7396215006857253,0.07766428365277658
10.14,-3.715678239443198,2.0150339593176865,11.210655342409174,0.01989783517156106,1.1665634983495208,0.011334666099261509
10.15,-2.9931713772680117,1.74891393657265,9.67588401455693,-0.14635941032706495,0.7630635420624429,0.11922928767547136
10.16,-2.78750665577951,1.6107525560834375,9.76419065978704,-0.4675801643622887,-0.22758874747682717,0.15005751929226238
10.17,-3.382874537346615,1.7780739862666122,10.147494642561044,-0.5879515868182082,-0.5546383824715008,0.15681686499395828
10.18,-3.315514937718162,1.9492247986305435,10.128185222514015,-0.37638342198082453,-0.14280082971361746,0.15636828292923816
10.19,-3.607469461864916,1.9409742682176532,10.344222882324255,-0.1660699561058822,0.4829284666916242,0.045355301462884356
10.2,-3.498907366892867,1.9782406004122994,11.235496090199433,-0.04840770744946924,0.7883513164446397,-0.01437210769387975
10.21,-3.199003243888412,1.4470345208210218,9.985332203836768,-0.1731373538988283,0.46020529263112936,0.10935677348153826
10.22,-3.16017007125979,1.7550819275234169,9.979374453268449,-0.6782541261717462,-0.4752392638855109,0.16280408816928119
10.23,-3.185104755303365,1.387328683693439,9.609886589484152,-1.007724208329223,-1.0484663548987776,0.26203720366501126
10.24,-3.2152539612814626,1.7129605798416447,8.776868177379722,-1.6710867568048926,-1.7402861098101674,0.31546005182398096
10.25,-2.9478141038417407,1.4315484358310564,8.756642799382153,-1.5084557082842647,-1.3364556751277057,0.30548835873270574
10.26,-3.0574185141514034,1.747748773770759,8.34948011533108,-0.8650931621977076,-0.5113729836629465,0.2715721823254372
10.27,-3.055159844031061,1.4264989668693722,7.791698097224111,-0.32981598421316677,-0.18211591900057889,0.2582521392508754
10.28,-2.9392971645284653,1.4688219440085482,7.995634733519102,-0.31489662763283477,-0.9080611032750038,0.2438498367654226
10.29,-2.9446060106092595,1.3507561464040527,8.296130191523128,-0.4988514683860836,-1.4229016369132772,0.32219268881912155
10.3,-2.5542805641986277,1.119706082030972,8.425547750726503,-1.1055032557017008,-2.357784564293192,0.3464476872952369
10.31,-3.0394964242219453,1.149925096581442,8.046216967400023,-1.2355883504391745,-2.2047161519004916,0.34496882612272495
10.32,-2.657744387957283,1.3461189206335662,8.17629365084204,-0.8844548135948284,-1.3002157327087447,0.3207953438599883
10.33,-2.5921993067000795,1.1945291826342723,8.430645223859065,-0.24528188054679298,-0.09400709938385679,0.2701438153118932
10.34,-3.0404144035910816,1.2508865659645607,8.935141790512118,0.42512780331763617,1.0920197468197521,0.11559075644042376
10.35,-2.8665345401994955,1.4913951983336948,10.537752436114184,0.9148775668061973,1.5205509056660904,0.05162365684464148
10.36,-3.084706660335449,1.3431094641259778,10.860112319199821,1.2138450630671007,1.4163120840463854,0.050025392990722374
10.37,-2.5111156943666586,1.13634952121144,8.867126029118701,1.1625625550424412,0.838086135753801,0.09208790950048545
10.38,-2.2071895418582246,1.1580320358126763,8.765232372003313,0.9592851285823087,-0.39421408027805044,0.11665593993293305
10.39,-2.271285019362661,1.1371376497181986,9.405184854686798,0.7312660497672263,-0.6459210221486493,0.07976041643816977
10.4,-2.6248247347711757,1.1080166238929765,9.563489700730129,0.7187209978494649,-0.13457783775568277,0.06515555228414151
10.41,-2.9052762944487345,1.2939688801176108,10.253675443261635,0.7944837185575254,0.6065598016274321,0.02447458312043369
10.42,-2.876764569304058,1.3966355548107778,10.942295734808535,0.7174466905662136,1.0307065398625586,0.0412008933577129
10.43,-3.0403393542651584,1.555627886752833,11.381550966281367,0.4803953608074429,1.0931813445966465,0.0019008492223896245
10.44,-2.644112713326895,1.2329211797254225,11.606073423458426,0.31584108089065627,0.8105669407276114,-0.01181027424414402
10.45,-2.2758668359510783,1.5318831937004216,9.904210348316388,0.03682872644062898,0.18544730808446425,0.12281684611217158
10.46,-2.72656745995047,1.2945966838874965,10.364929152177883,-0.23923233692544588,-0.49899771549496275,0.1524062640215279
10.47,-2.7647077762317287,1.2322790301553774,9.832604836290733,-0.2632409978792199,-0.39073225103236914,0.15420481413849696
10.48,-2.988334450027265,1.5253646627386235,10.385039820663875,-0.059593409354629784,0.08519744761573304,0.08410164060928446
10.49,-2.8330039660531248,1.5446000629039784,10.560641264629517,0.1152212101236087,0.5103239019565521,0.01058961556476036
10.5,-2.6775200953210643,1.925257280456124,10.75078123104124,0.20446457125865775,0.49994852574904136,-0.023806541957114007
10.51,-2.885222394262409,1.341404744253853,9.894811964067262,-0.0739704988621679,0.03016550510469911,0.13228749505507814
10.52,-2.901493557164682,0.854807457594138,9.83191871526497,-0.8447748617467897,-0.8265275075670494,0.13090035398950195
10.53,-2.8251379461018806,1.4602421948986766,9.233046569187227,-1.4596414112974267,-1.5861804932332009,0.338359100807017
10.54,-2.4641348682109236,1.1717480980196286,8.10434338874184,-2.069078584861698,-2.17404711439898,0.37728303267804353
10.55,-2.2045089641530455,1.6299489338897488,7.972931375472515,-1.793822656765711,-1.9631381105435626,0.36342028772683616
10.56,-2.1248099056908476,1.1664624301609101,7.494612762111911,-1.3952015349655453,-1.5932127987292657,0.35858851138308856
10.57,-2.1461675826907616,1.344491709224182,7.42985647163499,-0.6682867343063712,-0.8735022644065419,0.3700794315697959
10.58,-2.6576408861704857,1.5320402045059949,8.059022215049053,0.18388672645228268,0.01710519783332989,0.1479816105789293
10.59,-2.096677278814954,1.3673781746470817,7.7408265242177645,0.5615283179150515,0.22489611633033887,0.1539900114366826
10.6,-2.411259115698439,1.3953685102458242,8.54013850397983,0.30118315352893443,-0.3910501108683839,0.10451885467694183
10.61,-2.38446589860596,1.4699223203843368,9.169044084095074,0.14965759284138078,-0.32336583491789644,0.1299382905169973
10.62,-2.4328406332716312,1.0549343018720494,8.48147934972831,0.11350179298948783,-0.07939408402637393,0.13299117421112558
10.63,-1.9551545623530249,1.248324732418022,7.897805376718815,-0.28601030221336887,-0.5597532743235293,0.3318578677637949
10.64,-1.7562508536714365,0.9622031947972447,7.2890714512636094,-0.8197708245953843,-1.3490049891301483,0.3508182659652196
10.65,-1.7603560278966495,0.6113917659935627,6.562981325320818,-1.1575797802803456,-1.9989533526272498,0.58767818330789
10.66,-1.6196369282869438,0.9993701853079431,6.031935197879204,-1.4708839525314994,-2.2204019469102327,0.7350287583290759
10.67,-1.684072369062153,0.7304303413288491,6.2774538238072495,-1.7553363141867087,-2.1824522917927167,0.36057576648070455
10.68,-1.299609314506321,0.8986301154490486,6.349324468776334,-1.660066254241075,-2.092596786941348,0.5234237326364395
10.69,-0.9637580392228605,0.3256782276851575,6.357935636479641,-1.7231284805278262,-2.016511150883757,0.6678948299511908
10.7,-1.0270651018398376,0.5190240996751372,5.71465129339158,-1.800350499991215,-2.0354325755851503,0.5098986068029775
10.71,-0.7804160110869229,0.14870459084522414,5.957283248384808,-1.7899583946581012,-2.1323762908705852,0.6288644108278626
10.72,-0.7665618798182454,0.2524154656643528,6.956815088522663,-1.8928598264587584,-2.31210641144372,0.7491610155641956
10.73,-0.4030622963362209,-0.11685162919357225,7.208561761835897,-2.2581102850373695,-2.6287692181673483,0.7702770199126779
10.74,0.06952405090020135,-0.220490409819333,6.928196606607319,-2.560027534361189,-2.9625890534133394,0.753920580025909
10.75,0.27983140201679313,-0.579926468025525,7.183139829761754,-2.41952538887915,-2.7969002807678933,0.6324153450139548
10.76,0.5249644340267955,-0.9352949847695363,7.831443088814713,-1.8991677565673166,-2.183426018063423,0.5034757176130886
10.77,0.7988360155591243,-1.0800637844013883,8.183394371259123,-1.901533537448265,-2.1336154201328683,0.4801924531354679
10.78,1.540951885291646,-1.3702917044389566,8.852934855975453,-1.8517494840541113,-2.1420717422251743,0.3995784677828151
10.79,1.341360958192743,-1.9900325903010216,9.239981174654648,-2.1976996153769495,-2.4619002303608104,0.40904490411676614
10.8,1.9439446903711408,-2.0664433700777423,9.487867668406768,-2.3513472744309496,-2.6877485411553517,0.39081415516625867
10.81,2.2369669956917155,-2.2389948139518476,9.890317115272708,-1.9814588437860396,-2.386177076067846,0.323523900542528
10.82,2.5425378257593474,-2.282847027944272,10.68796093765877,-1.8845109759789997,-2.335728403893268,0.23417661156023284
10.83,2.4856922993109603,-2.5007139971060397,10.308017296598578,-1.659832391536567,-2.2733955641911474,0.18736082599626044
10.84,2.9151989039926502,-3.0470300983683543,10.8680127165104,-1.5127614113178764,-2.1594690901535984,0.14254293328440354
10.85,2.7965907643122465,-2.9205485498212314,11.70732173337864,-1.5589195530049031,-2.297260516406177,0.16040865913738497
10.86,3.1908289413508455,-2.969607208429563,11.212213735035073,-1.3765683200853756,-2.1989916073535936,0.12357246527225699
10.870000000000001,3.410203708784462,-3.1039049147349873,11.437028926244936,-1.2820557498387284,-2.194040338428728,0.10902182403102312
10.88,3.557030042351566,-3.392772742816706,11.354205291346554,-1.270709823472018,-2.2639269232404136,0.09524757158746572
10.89,3.7933688849645737,-3.1357993241754314,10.612585204728385,-0.9609278726372918,-2.0933871396188315,0.22022693771958723
10.9,3.5252442965949826,-3.0487872908115845,10.713245448706187,-0.2033168075469181,-1.4261069362776277,0.14067464397675852
10.91,3.613873953851796,-3.180808561540166,10.633349807017183,0.09256284706356561,-1.2491487664206358,0.1042264645761054
10.92,3.750519092564528,-3.2802951208524047,10.554064649596658,0.10355121720314088,-1.3105679760355566,0.22787109784858636
10.93,3.813779035248125,-2.983790255227382,10.18188342810295,0.38775948221445966,-1.1356538384586703,0.18201326943474633
10.94,3.9624046000366575,-3.061025033210952,10.608271849384332,0.24315548766166883,-1.3760016128323607,0.22865305939949548
10.95,4.0886244205106,-3.348569681699178,10.649445429182718,-0.10154814113111223,-1.8087382361727555,0.20721110543940624
10.96,4.490713303479096,-3.1232937433461863,11.424465547075146,-0.34831380964022485,-2.178989157476482,0.1988233380453304
10.97,4.2394185060899785,-3.1171960068114157,10.123933658523455,-0.16947450902447256,-2.049286969850686,0.26270244926254377
10.98,4.3051163840686275,-3.101086380992993,10.496988943280988,0.46470714421855025,-1.5193132106024572,0.20579529129641255
10.99,4.370808587016498,-3.3695448792126754,10.546976802788627,0.6700469012943472,-1.3993913802208544,0.224319370701181
11.0,4.1838418615556865,-3.085694939041584,10.232819488833872,0.544233344241337,-1.6068024619371808,0.24263999642466572
11.01,4.546377814479307,-3.3995203655863873,10.634494818713488,0.20963951120952276,-2.0669380757513176,0.2787261541635307
11.02,4.837123954571813,-3.260644133638922,11.074020459493342,-0.09121564758486472,-2.395178095855202,0.22795304259880425
11.03,4.846136852857585,-3.1748163562457936,11.560495877186634,-0.2649247403635477,-2.634213588526184,0.1768422399733551
11.04,4.867699150058659,-3.4511989507812517,11.646411537118363,-0.292217474657251,-2.815366190829977,0.1359051710844854
11.05,4.555022225778022,-2.831175825558452,8.707322124491427,-0.3479457972524738,-2.8801433930237907,0.37671444300693985
11.06,4.801610355527686,-3.0137488208113177,8.229929264342562,-0.40081594454386815,-2.6958733541144255,0.3079413191699104
11.07,4.6198885704640675,-3.2863277053929996,9.627332954309885,-0.7709662636332126,-2.0989445340799655,0.1823263782168433
11.08,5.176193761801763,-3.6860940646409333,10.442125191323013,-1.1855139034064215,-1.3354840538707937,0.21361082018158142
11.09,5.615050673595345,-3.189470255421133,10.828508072934333,-1.5202813021698844,-0.7220291791074948,0.19207115421230428
11.1,5.40147276536577,-3.2979179036993753,11.000477875307537,-1.9154826585016602,-0.1120115527716459,0.13422660988307508
11.11,6.1852999467533,-3.4843709134496215,11.173159515438536,-2.2914061278820563,0.4933686305185379,0.16525145076242956
11.12,5.505957530043176,-2.980494099162244,8.77512523938549,-2.411453484111545,0.8535883598879036,0.18330279587609638
11.13,5.464967773464019,-2.785298256001474,8.453559210072322,-2.0131069921711324,0.6915004756700117,0.02019550995171854
11.14,5.746722394793641,-2.7845412766277953,8.527524919370034,-2.1216401635271565,0.6032345870229866,-0.03540966170596856
11.15,5.93396687916884,-2.728253174889057,8.58558973637359,-2.48469039413776,0.6602577163383002,0.01502217012799199
11.16,6.061773955745048,-3.161907554520782,8.32696129012291,-2.8594751290517157,0.8184088130246585,-0.0509237533984307
11.17,5.669074351226763,-3.051901002047923,7.730604523915844,-3.028708222345923,0.8325834494717989,-0.07278303790318907
11.18,5.611637602528027,-3.044685007957421,6.262852538731743,-2.648971879944281,0.6593817528045948,-0.2748455297844775
11.19,5.66727580318163,-2.759274967388979,6.693672805258803,-2.5777420587538376,0.6283009889406119,-0.32625478087333903
11.2,5.552037878251801,-2.4689590072808656,6.438543279146782,-2.926399283897591,1.0128049635923158,-0.2609793962866812
11.21,5.1801397241113465,-2.530191641900601,4.513853239143395,-2.805446490258257,1.081699542885172,-0.023092072423099266
11.22,5.196289989868349,-2.721952985480432,4.290110636755077,-2.1588329339174477,0.7931112814138194,-0.4019300143725224
11.23,5.805232276900235,-2.979528739728816,5.044972803116998,-1.8472527178284597,0.9122266778064977,-0.40991017856314144
11.24,5.048825144973024,-2.9176137590452074,3.8194860736161504,-1.4995392248305177,0.9735269181724517,-0.1928475885796716
11.25,5.696459312411665,-3.379578729013979,4.4617605943606025,-1.0124071109516974,0.8360101505217855,-0.3870439500000158
11.26,6.181954489955539,-4.069804316041221,5.522936761843941,-1.3544048619183655,1.282931953822403,-0.1720064434810519
11.27,5.9113541210312315,-3.7441534612320684,4.361579046106999,-1.5701692631744482,1.5059703572326941,0.1573210100714764
11.28,5.542280932280428,-4.120189323130566,3.742990692394418,-0.9787129593157045,1.2154966927991313,-0.2351265852331792
11.29,5.964109414184292,-4.4229842713907255,4.971589934059241,-0.5997218386343202,1.02005099993088,-0.1467886843187315
11.3,5.971267683275664,-4.751235879944877,4.693428240531229,-0.48016726812110466,0.774671028539687,-0.019905550321376968
11.31,6.226081738599,-4.8569141422285345,4.853829714640855,-0.06464676364556379,0.28132337152573955,-0.1271559456773407
11.32,6.1179872582977435,-5.404388699437797,5.167795571630698,0.07286300744211782,-0.13192999554809395,-0.02838728028059151
11.33,6.588194194102912,-5.892587417160171,5.900714773961726,-0.033673450442340255,-0.33909369844065373,-0.01101463421450259
11.34,6.425299121441121,-5.817418628713602,5.7198919513105695,0.17931733621566964,-0.39290642414566884,-0.02383078837164458
11.35,6.030464113932592,-5.854963823438436,5.45291343336486,0.6190646189266076,-0.6610370051838602,-0.07810301887639608
11.36,5.856736775853984,-5.7099136528359455,6.063076105080798,0.870302507844342,-0.9027353390696299,-0.07109479733830697
11.37,5.132962652825762,-5.2171971974713545,4.63599520381592,1.0448288318549437,-1.0397853502600596,0.1216225661360972
11.38,5.075275802273756,-5.53680579738741,4.439008378084007,1.263936232372613,-1.163164759654355,-0.0016994295517535792
11.39,5.448690527686649,-6.174651372932169,5.388897749831817,0.8554624652037749,-0.9206815480489169,0.09077335310287421
11.4,4.96136657647372,-5.333040610704749,4.813930950027992,0.3130680479827833,-0.6368572820993813,0.40080926095762287
11.41,5.361491405607329,-5.770055359339232,4.903187405779259,0.2907029218218495,-0.617611822481366,0.07097274910746107
11.42,5.657421101917486,-6.558434418458152,5.600784474749019,0.5153826419722743,-0.7108782628190712,0.01734533240043124
11.43,6.0295124051373845,-6.408713597554481,5.728795538825798,0.578678800013273,-0.6446309583551271,0.11424200760522894
11.44,5.901261303734389,-6.7038601733595256,6.143538199261753,0.5561547932804152,-0.5745211874189109,0.044778309627590385
11.45,5.559245912526534,-6.165810914772615,6.457969073837227,0.15936917684068744,-0.39289240777760515,0.14618437789995464
11.46,5.241346191586891,-5.735090328280729,5.2422425077414125,-0.09561398180064677,-0.24455888696190872,0.2960867211234397
11.47,5.523744180549547,-5.714751990282297,5.422014532926561,0.09160313412966029,-0.15060443186509087,0.1084787615422953
11.48,4.8656991391246445,-5.9399366543026195,4.591399177295827,0.0795356076894222,0.37855443479419126,0.3361036022164566
11.49,5.368376482655011,-5.543719079591061,5.179895392793202,0.4025961565460497,0.5725134217708159,0.09943883324117941
11.5,5.28098048679204,-5.71258862025579,5.747876851602075,0.12392850984952589,0.7696403768342327,0.19933736561948973
11.51,5.259334501860329,-5.4912137874257425,4.6593704142100565,-0.2498090633670349,0.8288653581077535,0.40472688451795863
11.52,5.458926217428898,-5.326509030006134,4.660268512024222,0.05348859223843977,0.5822135599080308,0.07114353340821875
11.53,5.332472576639918,-5.5425574804304745,4.499893013068526,0.07367934374492635,0.4557576447247183,0.10931103652832429
11.54,5.636157798233246,-5.918608732344919,4.57804687851244,0.5069062015741188,0.09945015017585138,-0.04931945024760466
11.55,5.754400851721562,-6.440192304510832,5.715921797963736,-0.06415166971069643,0.1426581861446617,0.15626919294306865
11.56,6.23627914461642,-6.392797783695613,6.543425386154236,-0.9972400084140655,0.5952549174958855,0.321505937301572
11.57,5.434067090659288,-5.668752990879097,6.21273746247513,-1.3512224869060767,0.9441789706196838,0.2990442905638889
11.58,5.4013062107747825,-5.811056295449788,6.257181385078797,-1.3422268982745316,1.1613507516597703,0.14647457997837188
11.59,5.939125268979763,-5.544640485558812,5.669731227650736,-1.0620301321633052,1.2812305145434346,0.08043072662761727
11.6,5.532981274979426,-5.2402648578894295,4.981003888595428,-0.35778441304065856,0.9488893056526059,-0.19667936228762514
11.61,5.730980029389836,-5.903770943896071,5.438872062160323,0.06645893110418097,0.8707438358822058,-0.17006023577879198
11.62,6.032985808512461,-6.423157255447079,6.01344961725619,-0.3937930969512182,1.1519141171437324,0.08943264329746872
11.63,5.983287169705138,-5.7147941692564155,6.056969620850195,-1.0564475903856665,1.446885955617965,0.1483894679519647
11.64,6.0481294769863,-6.008215918068256,6.588441683432934,-1.1258446939876183,1.5813080019321284,0.011927666869043767
11.65,5.48325186343194,-5.073651979463737,5.219104401106891,-0.5473029059413075,1.21416597791945,-0.12342021011084899
11.66,5.559308067644096,-5.418456544082843,4.848980221553621,0.2973706892232201,0.5560625542212575,-0.28186765108110534
11.67,5.913915814366718,-5.9970470259691,5.344306896783295,0.31841370881807946,0.13935461261258442,-0.13426677907627907
11.68,5.390512404202453,-5.678025632816796,5.373746506320302,-0.33303130450019053,0.23367624401154374,0.16107470487713196
11.69,5.9505879675572695,-6.418217426880932,6.058865771804993,-0.6107365676330333,0.37077932318205403,0.06865532000453776
11.7,5.3696940163830105,-6.800859548317442,7.2437604779866795,-0.8259091178450746,0.8304980670373369,0.12363028119723801
11.71,4.779761203184906,-5.777466102926562,5.049113822441053,-0.47585287196201764,0.87979071820922,0.17896846505153322
11.72,5.051391875433708,-5.58209151074752,5.2120178070444165,0.3643440887083035,0.3830602963365285,-0.12679306774391869
11.73,5.323877719713164,-6.006447463678842,5.996407408472628,0.3475225380859383,0.09728656391441708,-0.07240773831915576
11.74,5.430511814908505,-6.9218341225115685,7.14368147890907,-0.4909596313743718,0.24233327935893095,0.11016515866034149
11.75,5.614429892122499,-6.900944848715555,7.727928322801128,-1.077664458904896,0.5970090872456981,0.16090593453865756
11.76,4.8133451676542265,-5.7870405629755375,5.753653424811069,-0.815451695992183,0.5227194835496566,0.16376328165037712
11.77,4.89943021127028,-5.992989381990148,5.693189352982767,-0.11499810653321313,0.2738747748332494,-0.04760202187466173
11.78,4.973676969279839,-6.317166640486163,6.849820552582015,0.19217538197493803,0.6071130268117408,-0.008785586201253328
11.79,4.513244488113818,-5.573871314553856,4.865200730911376,0.41994480783572763,0.6610735971107723,0.16523428560212908
11.8,4.135510472628114,-5.444272828912569,3.954021640959791,1.3203300175407515,0.08400097656047577,-0.10026739233465272
11.81,4.478664921635769,-5.920402646958889,5.395102688900938,1.0064604381521114,-0.10341490257914637,0.010655523377474045
11.82,4.57327997822323,-5.993052511529989,5.244482182558409,-0.1635830908725951,-0.12701346840238395,0.32111448673893805
11.83,4.747474166083912,-6.624656702853541,6.130121315118329,-0.6975582650987198,-0.11433005636615558,0.23910926948118746
11.84,4.404138060972843,-6.365473707098897,5.854681945997301,-1.0410283963865596,0.3601505301096948,0.407852017031379
11.85,4.750358070940286,-6.2018823530372265,5.713302404042795,-0.8046703912050598,0.48011497648324064,0.15432305212818787
11.86,4.885381415070172,-6.83693806552117,6.558053505393571,-0.4500250553668101,0.7870700067352249,0.050133952104694
11.870000000000001,4.542295225826099,-6.304384738318044,5.768949857497484,-0.032813219180736444,0.8818698177183772,0.08339013908588637
11.88,4.231047800256073,-5.740378312867957,4.527354451084232,0.8852562275772472,0.37124187695397115,-0.13448840699189457
11.89,4.281958835095966,-6.30666499780485,5.604303701128299,0.613861572958732,0.08300850657722206,-0.043125844803542354
11.9,4.789530254115813,-6.816116988000024,6.712554501398637,-0.5061778235020075,0.33988007103518886,0.16599447368461498
11.91,4.263763745019522,-6.18403116592167,5.055003868071108,-1.1742668384548751,0.44832882304389243,0.5269390453291247
11.92,4.125341094277446,-6.058302156193251,4.655862997538545,-0.6801181769295475,-0.04774081076202241,0.12089172663558401
11.93,4.495779980117011,-6.725876293130514,6.125414929304899,-0.32889510034657415,0.09807997968890059,0.029111248902245302
11.94,4.853022585123438,-7.460995901067037,7.395964251680108,-0.187200121513897,0.8943327691072595,0.10987191555770343
11.95,4.426415285000548,-6.271819919016308,5.561333440780607,-0.00041409804210534775,1.4009737486244802,0.32662402912439503
11.96,4.051581252312411,-5.807283036842949,5.195819799062649,0.6765752945689766,1.1481097931156103,-0.0645088117030605
11.97,4.3894764156392,-6.422942455630454,5.865893492702566,0.4771327360266952,1.0068584996844308,-0.011350517882841582
11.98,4.232746379201559,-6.342702806634329,5.328020019939707,-0.191427708378985,0.9175541823941977,0.23137163691184434
11.99,4.374665333041417,-6.78855576921789,6.239749871691239,-0.3116298757612771,0.7791952600112261,0.005595882741705093
12.0,5.043098783097655,-7.449143885222562,7.866148423668367,-0.4845387864368279,0.7616988895749507,0.04143977027863354
12.01,4.515309190316351,-6.621764338253397,6.51549396006921,-0.4345135025054421,0.5515052847411795,0.118490653097967
12.02,4.2385542214419445,-6.6118367217298735,5.9737802428973295,0.26484158365186866,-0.04996515579769537,-0.08871791323945222
12.03,4.029980952320813,-6.19598193694202,5.153603805210835,0.7213592217793101,-0.5408461743846753,0.05716943740421333
12.04,3.7445805500466616,-6.546973207638668,5.799418532889538,1.1130551020621813,-0.8110423226657276,-0.08454955597142029
12.05,3.8032738764882277,-6.8209753002357685,6.668271975848311,0.4142375394695593,-0.5585954076761228,0.031078936805999963
12.06,4.124951350652408,-7.193611099328689,8.08964374508309,-0.707592743182534,0.09029356599062846,0.27646509796071606
12.07,3.7620072968856935,-6.65675950560701,7.403807133629936,-1.6051012397865982,0.8341255154912472,0.37389780667501554
12.08,3.705972301227218,-6.471466498512816,7.2247826865774005,-1.7993557970222924,1.169304213074792,0.27368966622045743
12.09,4.0812192165602745,-6.842117365485306,7.225634222882516,-1.3817098412634914,1.09293229873763,-0.02798928658666819
12.1,4.145786054587481,-6.921758988075189,7.104574281367133,-0.3573263988435744,0.7677676934878391,-0.20506283203756642
12.11,4.304201259001165,-6.6686477640099175,7.23262523063376,0.38678734975218665,0.7350394631549622,-0.06800684916452607
12.12,3.782513743168812,-6.730118349850126,7.45856315751972,0.314952988457817,1.0883064403394576,-0.00542029211061628
12.13,4.160675476019501,-6.599921662162242,6.881735739774241,-0.32341445722220663,1.5318042923859425,0.09235558581237796
12.14,3.8261322564962783,-6.378982318260901,7.078463069741175,-0.6442365223178446,1.7308275304609526,0.04582010754247737
12.15,3.476081103743525,-5.727437603404936,5.122223435221002,-0.2780014833503291,1.2666681948407472,-0.005324377246162949
12.16,3.6284324445532805,-6.216990113935036,5.538866251568613,0.5435770128484413,0.6024866570824431,-0.16623394956527288
12.17,3.7966961188220116,-6.477853307658715,5.725381542779704,0.7028424737284548,0.35815942135733353,-0.0767696693521662
12.18,3.7830290819151235,-7.27169219058663,6.600286161960147,0.10330585500750555,0.5521439001464825,0.05436258386862944
12.19,3.5017513285284205,-7.438867044127763,7.364197784598082,-0.5499648415385404,0.9966184947548546,0.13736236623182804
12.2,3.7189137363503946,-7.2543285668352455,7.7839323650635555,-0.73167587150681,1.2328634740433835,0.06303551173647066
12.21,3.215846265521719,-6.068784463251121,5.681661661698597,-0.14097907958013942,0.9279766876961324,0.06624822045785504
12.22,3.064563808207609,-6.185226097499138,5.532299957687391,0.868906836267043,0.17317552737456982,-0.11188936037006128
12.23,3.139434978686739,-6.301416169138404,5.081959320727687,0.9211767544806402,-0.07021907114270382,-0.09898179373521934
12.24,2.7131053103015637,-6.569066486400033,5.877353755926092,0.1723384718177256,0.1196978393220319,0.05249392780027038
12.25,3.470698673054248,-7.417396453780371,6.932091622219049,-0.833421414339133,0.7556739172138885,0.25807874357880123
12.26,3.6404666902262277,-7.2614582593074015,7.60323017144355,-1.1340532604897566,0.9482656334227082,0.12543550279058815
12.27,3.2841179997195287,-6.407631849320831,5.063791740169861,-0.5543018397774808,0.5644864877128037,0.09963840033331078
12.28,2.981390452466857,-6.416250116362326,5.290731572560921,0.47002346356142527,-0.12774930658338393,-0.1435218889727329
12.29,2.997959647514495,-6.642540132339321,5.586146969521615,0.9009309056265249,-0.2961165962608847,-0.09367646763040485
12.3,3.1189034462809464,-6.6984549946340834,5.375198484695465,0.42777711170204885,-0.03984974460421804,0.15858157795523237
12.31,2.8882149962090096,-7.155203087609922,6.588152321530422,0.06496622955986536,0.296989011790435,0.11199583426682805
12.32,3.029656122494947,-7.292829772489629,7.197704547091821,-0.6169282146039539,0.9253555078245701,0.20366168308612606
12.33,2.893213189015294,-7.2702412607930755,6.865514435140377,-0.7928606082795965,1.226833028458734,0.11379455912250458
12.34,3.0786766382688033,-7.472508214878474,7.636332583646724,-0.3968748652404934,1.0738539761900003,-0.08694667656800742
12.35,2.9675886214954947,-7.231732827069807,7.874221823276991,-0.07877410124699624,0.6475525149284668,-0.10443561234230424
12.36,2.869348933222066,-6.250993172983106,5.747196749733163,0.649751255924485,-0.07376723258445168,-0.1339882521583183
12.37,2.613280893175393,-6.610744919494606,6.073752677347659,0.817962249533316,-0.38982767254493156,-0.15058095060856294
12.38,2.5265586409793444,-6.6947366708411415,6.112063632029537,0.14311720215544602,0.043450438810310424,0.021664271222065982
12.39,2.3895320975532695,-6.191202113635429,5.218624956675586,-0.5146048333420251,0.47426762641933257,0.3793901486501096
12.4,2.8193807386127285,-6.102883253499414,5.025393309561649,-0.13376309416852297,0.364056750150632,0.08840154624783486
12.41,2.641407433686919,-7.408652940615643,7.314633054247616,-0.06901345334835864,0.6746018511208814,0.02322069471657333
12.42,2.664816401749294,-7.608999704360734,7.879549366928614,-0.3768013661446663,1.0830069681438521,0.07973594451323315
12.43,2.6100689266124313,-7.472615542919821,7.995493354485838,-0.5513635256176492,1.3712861509788485,0.06707322836342389
12.44,2.899216560874689,-7.605455263966611,8.17675737741081,-0.45459531630698274,1.285226108164244,-0.05496473334797911
12.45,2.378254099825061,-6.366923228698741,5.576523341197781,0.1456487722239564,0.6955626086851794,-0.024065159758986782
12.46,2.5418623696521805,-6.422993676590899,6.17298894411388,0.8115425214750693,-0.10858772946792224,-0.21458446712486115
12.47,2.283883991530731,-6.633136160784355,6.223638904778844,0.5366539639962358,-0.3857475190400103,-0.11881777424024871
12.48,2.331323094637767,-6.986359489339619,6.082916814959849,0.057275645480056536,-0.24499835775943707,0.00621991434519561
12.49,2.2040605953065566,-7.528717721222738,7.016875413813246,-0.5321513062775559,0.41793474704514794,0.12346296651901126
12.5,2.648432234555422,-7.75215684033447,8.209690778588671,-1.0142683132000019,1.1048070115619812,0.1593207189987881
12.51,2.436869429793592,-6.387181062820902,5.7102847447789475,-0.6656360288923657,1.1424592033457528,0.2753944968388165
12.52,2.0780205464524912,-6.291454832384683,5.678168783865104,0.3264194363524957,0.698329865762896,-0.058257910596294475
12.53,2.1594831750490466,-6.568465731737095,5.9448113570377865,0.7245439005202954,0.31355949739513345,-0.08925410097597883
12.54,2.246375678841731,-6.9835568745677605,7.044167871763141,0.2558089638888711,0.11228338534253045,-0.07073440840904249
12.55,2.1111737001404354,-7.774280054306132,7.765753126725399,-0.6322129924520441,0.23550753286204404,0.053959552720038925
12.56,2.1817715130273148,-7.7363386402521925,8.66926733229394,-1.1672477851904028,0.6514045055155158,0.14161423595516778
12.57,2.350537562295118,-7.427298500693437,8.625367761533608,-1.0205096558444167,0.8519953948872208,0.06887456698364469
12.58,2.230371986748569,-7.486984556138421,8.565100709851158,-0.28755619979131974,0.9362551968987823,-0.05911740444753172
12.59,2.053265215849827,-6.642604018033951,7.286945253710866,0.5556023483127224,0.6845172007097678,-0.0873721976923981
12.6,2.2329277235963474,-6.858865461929283,7.394969928717205,0.7085673573780049,0.581246508971771,-0.04691148927465574
12.61,1.5593480201644256,-6.524455865963482,7.531300123565211,0.05544184078274424,0.8063771374347041,0.05755658858113334
12.62,1.9457130575656751,-6.944438859676506,7.304795582476,-0.439059686270113,1.1122279634409078,0.10032486772585733
12.63,1.793518533309665,-6.50988344124524,7.343434456175821,-0.2840202004276886,1.1604009834465137,0.059761274583061075
12.64,1.9380161474962736,-7.009670431817682,7.297819504260721,0.30682704726575455,1.0232376791196554,-0.011917751748517112
12.65,1.8106044389621632,-7.054385803965423,6.752953444261381,0.8880136475991423,0.6313196096776951,-0.06356404413757932
12.66,1.9100654688494187,-6.912125269482097,7.098654644668573,0.7122654946547406,0.44864912761091086,0.05299995135612416
12.67,1.5726956044993101,-6.641868358988057,5.812423882156814,0.534660004462432,0.22221089355428875,0.021003108390368695
12.68,1.7096044805938655,-7.38537306373168,6.42585863135761,0.3065441538374394,0.3316944739636705,0.0904023020585547
12.69,1.4959118521431187,-6.903141745271435,6.8496704879905455,-0.12030740787389131,0.6151873597927264,0.08706907419133555
12.7,1.6429288301591616,-7.12723104285893,7.163023213490241,-0.14492220935078048,0.5612224005582211,0.0014883236928260393
12.71,1.426803131905473,-7.147379273076039,7.386871111788063,0.02889148655886592,0.3603289994518915,-0.04080260734920806
12.72,1.5522460064536394,-7.144383103601715,7.132672607628467,0.13239913009824483,0.24547535966538703,0.0003778784712014133
12.73,1.5140702125684051,-7.225675202193127,7.33391492808386,0.05899821142318972,0.3428964838075071,0.050417024523050274
12.74,1.349375443133256,-7.222172542683825,7.570432859232165,-0.0982684848329877,0.4892017211827129,0.015613281850461607
12.75,1.1552813969135525,-5.913521081863962,5.258975212045211,0.22174225999210942,0.22525983156713983,0.1393337266236966
12.76,1.385318242574374,-6.017271027332238,4.823985157237157,1.05185892740794,-0.4455231357329902,-0.04272101658195253
12.77,0.9332977845209868,-5.454181421637571,3.8616905694647063,1.551348194388084,-1.0790577210390688,-0.08984550320228005
12.78,0.6374749558908195,-5.584026967084088,3.866373647113696,2.114759644926958,-1.6368403544650763,-0.20982802731533265
12.79,0.621556670230289,-5.840624292400064,4.0729862638766585,1.4993636891937836,-1.751465800542089,-0.13320894149707493
12.8,0.8347850189754764,-6.875548134493088,4.989754346836991,0.38906279463413984,-1.3664111782651234,0.023189148506946426
12.81,1.2151775381946155,-7.894267934609246,6.391189924422597,-0.5123200974963005,-0.499432480316841,0.23257940398953483
12.82,1.0741384028206702,-7.814918343459649,6.999193706780414,-1.398378560016042,0.435277531547569,0.42584963362160205
12.83,0.7622959340944393,-7.287521110604366,7.068122048722739,-1.8094387628155153,1.060842425961735,0.3531509160878417
12.84,1.2616117224745564,-6.906181775669181,7.232414020041058,-1.6005729372378155,1.0687425902644727,0.16126042947963468
12.85,1.0346784661651196,-7.849616827722635,8.221161554041831,-0.8806557270539119,0.6057806560036763,-0.07992058029152192
12.86,1.60258426457008,-8.174372067357357,9.177097709942617,-0.2397490448279625,0.24352483754831436,-0.10902916244172466
12.870000000000001,1.041298036840793,-6.470800121329131,6.579740565747205,0.38999666590246473,-0.20169884527226709,-0.031663386136786646
12.88,1.4136114926168588,-6.5234770175737395,6.078735355567888,1.1422077161576842,-0.8237511640642589,-0.1642728684011943
12.89,1.4208566772153761,-6.770038610417508,6.460183596407519,0.703055322822359,-0.7599600836540161,-0.10134569135383029
12.9,0.8800511897296145,-6.338642819590794,5.100734786832659,0.20487624199137303,-0.560080382913147,0.11026753715413373
12.91,1.089372307236012,-7.143209007740932,6.688337177332443,0.25749097460813836,-0.3240156728889678,0.019509195692207
12.92,1.0811872149805715,-7.542834122555016,7.9927137246626305,-0.24478554457749047,0.4116512469602552,0.08552392751638956
12.93,1.0764791172521304,-7.206371434020585,8.311304399576414,-1.0168799045182688,1.411720400774864,0.21260364344273433
12.94,1.2621128532801735,-6.654621889571984,7.659888436715521,-1.386691621367131,1.9595686854802812,0.1936318687307822
12.95,1.211416101426299,-6.253524497597705,5.988288670805373,-0.7809242469927297,2.0339744286339525,0.2051609419119797
12.96,1.0785038585495745,-6.11910095611394,5.805294753553837,0.5521041837118065,1.7484091152023622,-0.11039221221046033
12.97,1.2040433596974365,-6.749776281794508,6.015913030299937,0.9043647179684712,1.429138197060486,-0.12497817783358083
12.98,1.547588589676501,-7.0314978203518,7.218392953126027,0.08602772757520338,1.3328573584897265,-0.036902833352890546
12.99,1.2491876668532875,-7.474286398287818,7.716995318356746,-0.9459013970523233,1.3033499884190662,-0.008385738311441364
13.0,1.3580048035493393,-7.858369480201927,8.864154244774388,-1.2318816755850357,1.0358829131000813,-0.06778009968500529
13.01,1.048388120649119,-7.429539017999458,8.767108498361063,-0.6606776036297803,0.5897447236492562,-0.12739168974035406
13.02,1.3181860485217916,-7.591861296141217,8.990480398457064,-0.19231884044987507,0.294285593511477,-0.07331208590598177
13.03,1.0689834451266753,-7.348571973970248,9.470593269832055,-0.2336459173924768,0.23991353033595975,-0.03588397366583764
13.04,0.6963638853230829,-7.231276175017514,9.143958713789068,-0.5595126960244012,0.45742607862390117,0.018030805519374547
13.05,0.9957840126373925,-6.909885930116809,9.169083115797678,-0.5615896353424259,0.689051540253453,0.03991231737507238
13.06,0.7188046649554594,-7.053920712572456,8.32620599650818,-0.277875424602736,0.7524212623322631,-0.01690050818882289
13.07,0.28801604332785713,-5.876075451886711,6.075165020975945,0.4475764836322613,0.36379021879668955,0.05196937326380119
13.08,0.5481794905454961,-6.469071616129871,6.447470607362028,1.0963845198474955,-0.08517292169328683,-0.04073455981178142
13.09,0.33313268042193656,-5.252971545408905,3.9361759507910943,1.2857631470350737,-0.32992543613420733,0.025318425582487293
13.1,0.5863815841778025,-5.64176291854491,4.085808990461946,1.47678039036228,-0.6636447113245222,-0.07818795397761162
13.11,0.40143531877700545,-6.170991842987104,4.381666232088925,0.7255970165345959,-0.6460259498970126,0.03645515752944031
13.12,0.18758804154201425,-6.758094042050539,5.189716618927586,0.4029623301066614,-0.6326492509256919,-0.00043885578268005275
13.13,0.3062892409888157,-7.737956979429415,6.495933561676065,-0.19077068276428263,-0.045585110316020944,0.09192104795667498
13.14,0.5269812097358022,-7.847631638530759,7.658935099875104,-0.694339128389763,0.6284581859303779,0.17503310025233937
13.15,-0.06349467189977143,-7.749963708801378,8.348603096746608,-0.8311205548480816,0.983451755107172,0.11488633118152988
13.16,0.5399211623017729,-8.039283191779052,8.301552260817836,-0.5051512987275969,0.7401576292013972,-0.00918340321627045
13.17,0.1702100361530088,-6.896406946911548,6.681787210264911,0.38271409272263235,0.3015676295245584,-0.06944291477529944
13.18,0.35400790061994314,-6.642802029211712,6.123601971388711,1.3676299011302238,-0.2318083954624829,-0.16764197118743232
13.19,0.37569016276596423,-6.583969205932082,6.262297881538656,0.7020442865330112,-0.5037665812288685,-0.10182949939257464
13.2,0.027018494014807548,-7.025677144884866,6.442734669573362,-0.6016007031589943,-0.44391138135779307,0.023380346154097436
13.21,0.43356126934960404,-7.4476424680525914,7.7742085208689735,-1.0809402219683062,-0.00036090496281162356,0.13809436629567626
13.22,0.16757431425360167,-7.664661103839795,8.261251715877524,-1.215280120344201,0.5891458516901703,0.13708431920066813
13.23,0.44880807530997857,-7.09281529218852,8.80698533896361,-0.8496740337638738,0.7653389421353156,0.04486135591216769
13.24,0.11790332201590081,-7.490620512550098,8.799962078862476,-0.34432176295843053,0.6362916952595803,-0.056167380309486425
13.25,0.5341516670349011,-7.473346817485316,8.939019263840857,-0.013095627164376782,0.5574215593603634,-0.03526634978510749
13.26,0.2585247799615077,-6.490631945893043,7.247006844456715,0.3585421234741719,0.3721171714981859,-0.01964434108954125
13.27,0.4099775181468871,-7.110544772893526,7.475006706372606,0.4753730680520927,0.405167527664462,-0.0057841552731224075
13.28,0.5085317204802524,-6.358841381577979,5.572093268784151,0.3148940661464785,0.4591134798264276,0.13301660612060914
13.29,0.4232883656540892,-6.432019278133081,6.469073814220715,0.563714633361314,0.4712608113943857,-0.019738738194402177
13.3,0.11536538363148317,-6.864009811743463,7.2339505735715335,0.09026974613673458,0.5503790256216149,0.011250839297817273
13.31,0.2853337072499753,-7.170676442833917,7.191089181775334,-0.46257981933172915,0.6848816334491284,0.013560842672989869
13.32,0.16257233430335727,-7.098335626067184,7.592229156513898,-0.4177935272146297,0.6503180147014783,0.02332752760526081
13.33,0.1721404668996943,-7.092189297669893,7.631071653714458,0.03949496526639403,0.503790945191734,-0.02503656490707965
13.34,-0.038317900042350944,-6.973278608251946,7.505646586609466,0.4652234491935041,0.37403595993452654,0.005536186711666783
13.35,0.09258689230569563,-5.967381392246818,5.11748597831247,0.9325696841614557,0.21698504259144535,0.0662658371331076
13.36,-0.06303333025117365,-6.12930145395804,4.97016768025418,1.4178555813651046,-0.06736357772130241,-0.02714338114668001
13.37,0.19902690938693907,-6.574075822301994,5.675640572491254,0.7071077882230989,-0.1425875101012403,-0.04869491232851407
13.38,-0.24016291757497868,-7.212420456888927,6.831378251146343,-0.6120440060097005,0.015682394706652215,0.04719433941239515
13.39,-0.20357800870035125,-7.613923220273039,7.707578968605568,-1.0504375825812382,0.2952341141981302,0.11625533839956076
13.4,-0.1601248483303898,-7.820706992045009,8.232784160414006,-0.588278659370912,0.41139407100472647,0.06102339134068754
13.41,0.2740625882679393,-6.483850090845963,6.512432228482746,0.5727701971749329,0.21774119272254747,0.062004693447678345
13.42,-0.21183966076985306,-6.644974026697613,6.186135886952462,1.8138557045249541,0.01716634995299402,-0.03259600822759515
13.43,0.14050450858792085,-5.174316268776421,3.4221326700593027,1.9453124798933126,-0.11692430225930123,-0.017686840527835576
13.44,-0.2951155953437686,-5.806079438994404,3.714685192464854,1.819240662140897,-0.2692682937211327,-0.028558111502545246
13.45,-0.6266497847782959,-6.846752550594612,4.837690838855714,0.5927355099005257,-0.32083787404509434,-0.07812648714654682
13.46,-0.1101232599001215,-7.642408643415911,7.117870939848319,-0.9280230344875715,-0.21784002824489918,0.007146685336782303
13.47,-0.5356867386770162,-7.466924694159215,6.21858374085933,-1.3796283204021853,-0.09564930445502982,0.14288034077605627
13.48,-0.3647805365969849,-7.717177473389577,7.407598250895289,-0.24401557346976488,-0.01776641952803734,0.06681875471311495
13.49,-0.17520399710587647,-7.609987886643143,7.889991858577091,0.4320334520473634,0.20216317969004285,0.09411361224142295
13.5,-0.17948519049361944,-6.901357981595032,6.669750401904451,1.9273496235354992,0.3176731602173545,0.0698465031656559
13.51,-0.41388466633892473,-6.157092578255366,6.329744297180709,2.161702850304515,0.46178711470922396,0.07395901779814851
13.52,-0.3172709600712162,-6.582019498107491,6.345145269553011,0.9874781656095696,0.5751604233875247,0.1338948120413
13.53,-0.36212103825199393,-7.029065965787374,7.138382616631276,-0.6054239287655349,0.8041314690067063,0.11159728422062051
13.54,-0.5483197507459884,-7.763016645207912,8.62855513647262,-1.8315988513429895,1.1085227291511368,0.15028886160827873
13.55,-0.0330188861368404,-6.852814166451548,7.18570403832242,-1.5116757343318261,1.0907905133417957,0.12430704978512971
13.56,-0.07971481252250945,-6.691761798042378,7.9478114396546795,0.014433382815748718,0.9085964142924551,0.023534071424887712
13.57,-0.2636607983171988,-6.801112289789346,7.993322286790261,0.6103603971954231,0.7236375135627088,-0.026107277596872414
13.58,-0.43268433984876514,-7.009119131349705,7.971793477809066,-0.04110375901841511,0.5824365420580224,0.04567437675427881
13.59,-0.17773570865870475,-7.2960473480471135,8.40577322838683,-1.070343498557842,0.49834627721115277,0.03367830981066605
13.6,-0.671349860792732,-7.315222163508706,9.905984997018896,-1.6856020616672434,0.21191088374833286,0.00330397711817269
13.61,-0.42266391734694647,-6.469064234741659,8.106445412366533,-1.2016317800339564,-0.19308957619826383,-0.030094286214328386
13.62,-0.48284959707829317,-6.3041096734710695,7.943025991350043,0.28053894878622593,-0.5427394858295456,-0.03368930116804408
13.63,-0.7810309984240159,-6.216896639271664,7.455510398797019,0.9826367177075531,-0.7925347643445785,-0.06683382632659662
13.64,-0.23608435116067483,-5.9089603905951575,5.927765592720624,1.9696605531442928,-0.8046720782315271,-0.04950704507274796
13.65,-0.39588025329693366,-5.789702120829402,5.817024644728317,1.280003538345182,-0.8361622613505793,0.0007796465710647078
13.66,-0.8186587473176574,-5.867871246007786,6.049172296043621,-0.16595529859217592,-0.8486357966175135,-0.04483092660502971
13.67,-0.9048283407405676,-7.308669137963383,7.7054795875881705,-1.5083767022160262,-0.7723547542875008,-0.007672716201475232
13.68,-0.9373173294740691,-7.558071380011456,9.43433000421213,-2.0624793630877747,-0.5611311041900493,0.14584779846461896
13.69,-0.7733474261442242,-6.635762944099075,8.093685081379775,-1.354191745393795,-0.3808262267286423,0.14945043942173455
13.7,-0.97357253327622,-6.343513186307314,8.169535411506478,0.15458205380345375,-0.31970314451001525,0.08416186601091112
13.71,-0.8188252250683266,-6.68590842428411,8.3423299379313,0.34707941243707296,0.12675402644257464,0.07353099852042726
13.72,-0.6917690467618814,-6.491576409453322,6.89452839926737,-0.0001619541808864652,0.6326837090449655,0.1244464825972349
13.73,-0.9051595515256622,-6.232730904253105,6.774960652008644,0.2988026164647802,0.967830797912766,0.06102596186750588
13.74,-0.19683624332299304,-6.183600000881984,6.931595205349513,-0.10353530420495033,1.029907303619804,0.03196398036972593
13.75,-0.4082341933471783,-6.825754602883155,7.1214485994032035,-0.5491138346401371,0.7191423576714485,-0.034511046980932034
13.76,-0.5764212847936815,-6.956862761483834,8.38546961540612,-0.9231995116037612,0.15128652179775107,-0.04315049963374376
13.77,-0.2995588142971859,-6.497994996354033,7.461040348757988,-0.47466693515375696,-0.43858986848920795,-0.11197746638831799
13.78,-0.4069166203228337,-6.779159422150251,7.460476847965148,0.7196768585896848,-0.8019370747072958,-0.07518363492576328
13.79,-0.7542308542798947,-6.6275426098752455,7.121250394647689,0.5753897579319223,-0.8229106036608598,-0.061255924326040455
13.8,-0.6239079710269768,-6.1498122771181505,6.317369977646729,-0.11881194548292262,-0.6292924019121927,-0.04202715471736154
13.81,-0.7858053262932182,-6.885913095678194,7.136938193415668,0.015471781908242322,-0.3545362054022447,0.006628785721901353
13.82,-0.7528392775112839,-7.089171578254815,8.383122885113524,-0.5330135479667881,0.012581193579926807,0.05594431537346391
13.83,-0.5536042002233096,-7.137984959514646,7.748164835850736,-0.5933752996214046,0.2742687161762466,0.05829303892768237
13.84,-0.5757013382686526,-6.776536952606488,8.19625208218042,-0.3750588804474261,0.3945751189340434,0.0005147609793301423
13.85,-0.6492259871041851,-7.095581200166011,8.573971099399191,-0.4875561157085736,0.2896980737686992,-0.00555615000551269
13.86,-0.7061129878425945,-6.653457037685945,8.800807049379996,-0.603968925812071,0.15883295439656595,-0.021448268137958415
13.870000000000001,-0.448879839741725,-6.778056287309893,8.022555798276418,-0.410572371094647,0.14835288651852413,-0.002978105515061561
13.88,-0.5256293999389418,-6.87444859267019,7.691028362058882,-0.14087439783932748,0.21465327541067328,0.05407081591772434
13.89,-0.4642196736912354,-6.500058066471236,7.358524554419404,0.14898504217834918,0.39838939152417174,0.050229860547652286
13.9,-0.4018171753612548,-6.138066981697667,6.304295198070708,0.7132293459471774,0.4143773014458413,0.009548684930735355
13.91,-0.6066473619529179,-6.957201276271566,6.770980959242678,0.6142929921957172,0.33214265772429824,-0.03661833733916127
13.92,-0.6167875138549515,-6.787199151354384,6.917177068419467,-0.03274907622105869,0.28325809720587447,-0.015555222960868541
13.93,-0.4450072799127486,-7.056194057405537,7.305069866573639,-0.3595373009313557,0.2698953002439434,-0.004145067354269408
13.94,-0.7289551748845465,-6.949595765984479,7.218131904044565,-0.12721179563137322,0.20729987984845114,0.059996821775198654
13.95,-0.12684077351664946,-6.008491376271206,5.517982265123411,0.6865715045739028,0.26158010365376544,0.023507786642871346
13.96,-0.4170961591643073,-5.971595175006183,4.946166560512192,1.5788075491785625,0.2541424364661043,0.032325309462533196
13.97,-0.3270281700198375,-6.573481887240969,5.9535615976263365,1.1269699276662342,0.4069068933054415,0.01751825229317519
13.98,-0.5787915120765035,-6.909358655257915,6.128610474491057,-0.06971281315035245,0.4650323874420841,0.018226260150093432
13.99,-0.5872951713903117,-6.857205224900474,5.925430189891745,-0.5076347580162255,0.49691073007950515,0.08233378737323853
14.0,-0.6072607299266412,-7.437584397255315,6.289825828416307,0.44517381666995137,0.38104206699901294,-0.005174910986669624
14.01,-0.8424748085721235,-7.563848788096653,6.994123760508297,0.5605152040192568,0.16864026274036592,-0.059495806558966954
14.02,-0.9197216244516009,-7.652818230893783,7.85223495098126,-0.17947131806555078,0.0505995691173808,-0.028297243164985778
14.03,-0.6978866188607434,-7.886590981476121,8.603235698416873,-0.8820390793686376,-0.09783988675058009,0.01765121100748468
14.04,-0.6830883006953673,-7.280671589341799,8.302985803577817,-0.7738855603838964,-0.20281372974369188,0.028899692043640377
14.05,-0.8354743012449027,-7.0149960511383025,8.065275306608912,0.287205298389221,-0.2238622788389395,0.05020132570328914
14.06,-1.0406395585340613,-7.298319453629477,8.43266230003699,0.7030199167927702,-0.15572735204276322,0.04279105248335569
14.07,-0.7853991516023349,-6.5211846385205865,6.986980110342609,0.334506635365113,-0.06836018369710666,0.026531865829317502
14.08,-1.0674760191000519,-6.537853220374649,6.763469044986456,0.5180383893073699,0.11360490958509116,-0.02262433903083285
14.09,-1.124212645025093,-6.97899996774578,7.067652396971772,0.28648171489446966,0.018639601893664186,-0.025493646591339625
14.1,-1.0831196682229316,-6.796932675315868,7.525261106730632,-0.17672393082387838,-0.1349437875634256,-0.028431739024894466
14.11,-0.9815597429267281,-6.257545734819516,6.480086634822387,0.29125577286871185,-0.24630293432680544,-0.025552067787887232
14.12,-0.9068827971588327,-6.757800581528682,6.576010235267118,1.248313703496819,-0.08599413663393907,0.03301097394666358
14.13,-1.0965479286308049,-5.562841615645001,4.884720232984875,1.4403136601140136,0.22185597293122197,0.061248925914793265
14.14,-0.8623537001343611,-5.599996469411674,4.765133562460729,1.7421148003301263,0.6302637371289805,0.12757299059494687
14.15,-0.9001776575317291,-6.07217885012568,5.149693790104182,1.0182588306536886,0.8536563568843946,0.09913507112365848
14.16,-0.8427451972273701,-6.4321483639147115,5.852562972358722,-0.044843499558606,0.7671248015468257,0.07581306533815302
14.17,-1.1215857376418892,-6.631274018867638,5.567032008025437,-0.12185554323313846,0.5989462292957033,0.05483171730374492
14.18,-0.6042035367347289,-7.23170658935028,6.66487697801183,0.9924273115294913,0.3852244538902674,-0.014304617231825807
14.19,-0.6610225542679975,-6.867989593592843,6.82398326213262,0.9126899897373106,0.302791132693559,-0.02739510148213572
14.2,-0.8442551049319964,-6.958491286295861,6.813804048389741,0.7392366915331218,0.3647060179844021,0.011458379928661104
14.21,-0.885070758256056,-7.251732903690263,7.60054524126793,-0.06435832919891937,0.43960612398293375,0.0464480401168845
14.22,-0.8818996313103309,-7.371166107031566,8.551761952255754,-0.8971763082470385,0.4116604744713855,0.030034877683389537
14.23,-1.143926919549453,-7.648069092563596,9.369959936495857,-1.0950924326637226,0.03768950084406959,-0.01984998163264172
14.24,-1.0732510739253314,-7.323851944989738,10.262317769633393,-0.8822400653912289,-0.40648117152227026,0.031256271544753564
14.25,-1.1537813060915427,-7.054176880767147,9.858112006254565,-0.4718230209055115,-0.5321894241946936,0.05792792148001733
14.26,-1.5408775161154915,-6.52100164161358,10.072671821179416,-0.22666317786899967,-0.3663871543718711,0.06069409648196652
14.27,-1.1197435570829746,-6.552580437502423,9.287577013061922,-0.09623151562619682,-0.22912855372874835,0.05504335282265214
14.28,-1.1792183009868271,-6.141162838786258,8.914729757076387,0.03329004169365179,-0.17489726008985332,0.03182378821733348
14.29,-1.0421573791336032,-5.7517084251394195,8.025707297301283,0.3869847658777428,-0.2705373959970746,0.025382377127667104
14.3,-1.093962996308207,-5.660093257165114,8.010110258818942,0.5169572219845305,-0.3852548305596231,-0.0021968472573073786
14.31,-1.0577107558388474,-5.512800388716435,6.837495492499239,0.6696908494605126,-0.4475354952100749,-0.026688281857763136
14.32,-1.136933687868645,-5.654330899224395,6.128615279833712,1.5630998676822663,-0.16965724573632399,-0.013118112090044185
14.33,-1.1958464878395074,-5.866366059509981,6.84170916576529,1.4879996376166527,0.057848658429442,0.021076062449955746
14.34,-0.6496690216347467,-5.960104860776876,5.862432705698294,0.8631696720138634,0.22420160050514365,0.018065736555213575
14.35,-0.991386467804601,-6.446570265015076,6.3982859875154565,0.812971342962093,0.3315275379320569,-0.030597208905617655
14.36,-1.152945616764571,-6.70116282790544,7.698454202645891,0.30990088916912323,0.1612599551270592,-0.06413991033263108
14.37,-1.206165396521265,-6.817036268170685,8.006087769546289,-0.09960468018898744,-0.1611448665969527,-0.03583577159948753
14.38,-1.4871082395379482,-6.423417002360801,7.9837888438002755,0.04574369630333897,-0.3740834411341832,0.015822818512894164
14.39,-1.051828469855169,-6.655358213655688,8.181434499386773,0.4816095579535363,-0.16389070976427692,0.07132280862452596
14.4,-1.3599157737691752,-6.409423142794234,8.38182335036842,0.3479447056109829,0.10545213262110548,0.021846316608154105
14.41,-0.9665619065464427,-5.855602429946538,7.268768403103133,0.7235213185884377,0.26520638862337703,0.05876741699488199
14.42,-0.9824834574707315,-5.324348679908948,6.54761224868342,1.8294678755633182,0.5437097865625038,0.018885323048860907
14.43,-0.8777456174297288,-5.365898298091636,6.244384183451477,1.5224558952757687,0.72747492208857,0.02069901414634923
14.44,-0.854755008558599,-5.500440291120808,6.369519171186032,0.34842088338625904,0.8517841997936026,-0.011364553129021838
14.45,-1.2614187324979245,-6.125431747825905,7.391259220729769,-0.6680562389747982,0.46695206717916804,-0.02653012014628201
14.46,-0.9053508560891993,-6.228060219007963,8.585624384059521,-0.9175630069596383,-0.09263348711626586,-0.06460857808233408
14.47,-0.931411905249075,-6.283824979250296,9.056148742767029,-0.3490284555793491,-0.35064334164889827,0.04807414252094584
14.48,-1.2087206111961275,-6.139302107064354,9.079397268001951,0.30830673139984116,-0.19182037881124928,0.06586042503332293
14.49,-1.4574638907734823,-5.279641871006703,7.50802034051383,0.9346855214163745,0.031548564026403554,0.04892321548056099
14.5,-1.1644547282247009,-5.277866645525007,6.734886285393299,1.935620616444001,0.36386180570313936,0.07996921050598446
14.51,-1.2328027682267269,-4.8466758719827645,6.624306222799828,1.3341185076874214,0.6801530697251961,0.021969717582122274
14.52,-1.2137215266996066,-5.293445611452356,6.6059125353009795,0.0407201875308567,0.7702929610862966,0.020761094890377994
14.53,-1.1136130235178137,-6.030717550663144,7.72475641101219,-0.8881316969932137,0.4406417678025293,-0.07737639379482353
14.54,-1.3997358433167804,-5.912298096346608,8.744345515991048,-0.9446674684973574,-0.2208455483655161,-0.08188451945232819
14.55,-1.0216862072477428,-5.19917473231753,7.833657606471103,-0.02902091473158728,-0.6060798564792634,-0.06172290891652112
14.56,-1.1413671210016607,-5.670601546309054,7.539223274091772,1.4676786422302401,-0.8516481767700186,-0.009299397084109613
14.57,-1.2047510985782728,-5.231188829242966,7.5079472124785065,1.4431807426254477,-0.7600940939730767,-0.05703989261181309
14.58,-1.2456029417742236,-5.4127415249860364,7.212255621299227,0.27427082438166145,-0.5134780376653871,-0.03572677763589131
14.59,-1.0170901799055518,-5.239428971336119,6.669402695478903,-0.14083354144593313,-0.3460625368087234,-0.023816302957025193
14.6,-1.2722572957701093,-5.3085954090479435,6.785784153452342,0.8876835842870688,-0.3201867839116053,0.019227178003424106
14.61,-1.5836446195849412,-5.12201607809982,7.204297186104346,0.9729644777946557,-0.012139200691112642,0.016365829054311366
14.62,-1.1203032723572612,-5.351239967205222,6.976214725952072,0.7812701336640194,0.3721315518388092,0.018734992316323862
14.63,-1.3987094356178749,-5.235436164682273,8.093042164954966,0.02902276318138597,0.7398244728251173,0.015662989542721516
14.64,-1.4109329242228439,-5.372385541670537,7.4144283101850466,-0.6043082503728576,0.897540572070116,0.04612051306300135
14.65,-1.2514510935147292,-5.3402327963003415,8.460496807897929,-0.061552860581025645,0.7532090411541111,-0.0417995085301127
14.66,-1.5126627794176977,-5.423324135957647,9.099373878349821,0.011549250603438822,0.4200446141273163,-0.010946749548142391
14.67,-1.2548855821517422,-5.311262603934636,9.767213145526386,-0.35485484757177754,0.19614125475442784,-0.04687936467264785
14.68,-1.3586249445141634,-5.417835966192403,8.985588354181052,-0.10178838641189807,-0.02620269892463765,-0.040766602586083195
14.69,-1.249660873921078,-5.253554972828728,10.23230124207899,-0.07768513905676075,-0.14727622356610987,-0.023681796152552906
14.7,-1.344286164091237,-5.548064892729314,10.202057171563979,-0.5577027545119686,-0.18400731930262607,-0.04271605283198856
14.71,-1.1909421262990927,-4.691128140492931,7.881448049205798,-0.15682512654969713,-0.25528793386918985,-0.00022581934713401114
14.72,-1.4003021555618351,-4.757476977351556,7.883862151792647,1.2022913501042602,-0.32795412639916777,-0.010104450480218977
14.73,-1.3475126346961326,-4.066408349063522,6.07692469692716,2.0336166832099187,-0.16047120659842043,-0.04866655863083036
14.74,-1.3371135640334626,-4.2504106786608284,5.525216777101238,2.9666739725629157,0.13390467096106595,-0.07221676403461479
14.75,-1.2751046905130783,-4.616118131737373,5.691075864053445,2.2460702256155924,0.22422379755276814,-0.015828647682758747
14.76,-1.3807160052438143,-4.424333506405461,6.322233361045585,0.5255267193118082,0.24664694909448714,-0.10286849694116271
14.77,-1.3114421959016977,-5.160273287204712,8.184161099986246,-1.2366906335020382,0.23785592743005016,-0.04500752258488924
14.78,-1.8802721722076243,-5.555418561822177,9.266563925407166,-2.1150225670232023,0.16969265399559372,-0.007207807680851441
14.79,-1.5509946596772899,-5.418520937444519,10.02575009298879,-2.015148932724093,0.2158177738310366,-0.006295325407638944
14.8,-1.3978948368559132,-4.97454566345842,10.001794685366852,-1.290438056949224,0.09284083731361781,0.05496214681027437
14.81,-1.4695279846140568,-5.111833681986538,10.032146460666008,-0.27412620759669165,-0.011925093691066412,0.0035407279645107252
14.82,-1.4602953266918715,-5.225197648980817,10.604207412636795,0.11170616537769074,-0.06644681780483133,-0.015687494193827513
14.83,-1.3425357105074447,-4.665445005825102,9.15335510296635,0.7267287240285509,-0.13060128521117847,-0.009807211270097541
14.84,-1.7555614304540972,-4.616234583806697,9.130335888138095,0.8262384923810955,-0.028165988973309797,-0.006384303919298525
14.85,-1.3907332891088917,-4.613029678507928,9.016638500069513,0.14572253803359217,0.14721252606703839,0.00015378505361594852
14.86,-1.3963844184044194,-5.2092036492842375,9.757237798394412,-0.6776641593378759,0.15446602165361314,0.0035014055058849684
14.870000000000001,-1.3173956063711612,-4.533584911683738,8.099089869548449,-0.46399272037892736,0.05276881408343425,-0.002283144055059152
14.88,-1.1648462544646352,-4.516345443323218,8.210535873633823,0.9110685524778634,-0.1687348842224173,0.013826664255346139
14.89,-1.2401993747740683,-4.907900665553409,8.433790291986965,1.1855171329451002,-0.14888848669517,-0.03711085595135151
14.9,-1.6043204633366237,-4.73263562704189,8.28172637735618,0.42540684365167486,0.0027772217426038433,0.0006527286750291003
14.91,-1.37909685837694,-4.329518600123389,7.348522030928708,0.262172905141334,0.08010088780571081,-0.006691556589168049
14.92,-1.262293878411711,-4.747311251600261,7.327008954554668,1.233219145120624,-0.024038224888991676,0.0227679234630918
14.93,-1.6798823572991317,-4.767513139675427,7.7055168045765985,0.9912642532166192,0.13553009108509204,0.0016814692884447834
14.94,-1.3129153733315775,-5.1839611237508905,8.299119750162884,0.11350739148032582,0.2836477617506187,-0.002068740274299114
14.95,-1.7448535110544103,-4.750623726606282,9.43988382480303,-0.7504796453344698,0.229287979004841,-0.02700568558425838
14.96,-1.3479180820943504,-4.696759555306041,10.048952130132985,-0.905857659938326,-0.04766862283241015,-0.04748116190626196
14.97,-1.5882377616734042,-5.030976411860555,10.242604918073258,-0.48175153369745405,-0.213089508065312,0.02142980704589408
14.98,-1.73633702784341,-4.850424895656316,10.605267256344998,0.10091040242787927,-0.22293848650443673,0.0582490566760823
14.99,-1.3675200042568252,-5.021955608898969,10.531341346425881,0.3805579140218744,-0.15289918484859977,0.052682562555364826
15.0,-1.458799509381042,-4.966132874946105,10.139755949861733,0.19954619906882304,-0.15936259456726568,0.03232196513416512
15.01,-1.24450820284724,-4.622101942912143,9.925785820385894,0.022560020739288065,-0.14716082762847826,-0.01386024690011364
15.02,-1.4218162789057955,-4.924045427795519,9.699195006769523,0.036709988920974664,-0.23764238807129598,-0.0022786812796744896
15.03,-1.3944223884666704,-4.621324034583104,9.739696306083507,0.35751897053470616,-0.30090730567921997,0.02961235067378125
15.04,-1.5393430169111446,-4.386337113065929,9.169735646997434,0.80246749856904,-0.292432796094077,0.029784365631394385
15.05,-1.4116896755914565,-4.337928990219591,9.056367220524942,0.9539583269590722,-0.29238796717161425,0.005342628417496422
15.06,-1.382637845582655,-4.570263836201596,9.209588102813589,0.8343647460047927,-0.25963589131973525,-0.008302662917552658
15.07,-1.4759167068414962,-4.320177083251168,8.711380089762164,0.6657006094291804,-0.19704405819323934,0.0006330353921762191
15.08,-1.486139067561242,-4.323186777493559,8.500746696752064,0.6373002667173036,-0.19871089353018298,-0.01613360971809344
15.09,-1.338291237224766,-4.3512736948365625,8.67054753671937,0.7447068687994561,-0.14369704546444978,0.03780009780441393
15.1,-1.3023861441346862,-4.305158598473491,8.107873393749317,0.8524346937605898,-0.1907205729636797,0.019216484879606137
15.11,-1.0998202515258118,-4.507708081870878,8.90730729658319,0.8367747439512105,-0.12768696835139082,0.0015029679070528734
15.12,-1.3885290263097894,-4.0808778435985085,8.541541512508967,0.753748011473641,-0.05588879796793283,0.015519861041229072
15.13,-0.8931614841468213,-4.481361223631305,8.587750352496286,0.6167853045084236,-0.012209363863789027,-0.01601079642168999
15.14,-1.4860728053525756,-3.96878424501526,8.600684117141952,0.5414152336144131,-0.06851956930875541,0.0007451961756708859
15.15,-1.1841211614260756,-4.220164758289189,8.495546542131972,0.49279262610103325,-0.032420718112722624,-0.005606608910919854
15.16,-1.4604246246402028,-3.803774875836434,9.13710846763734,0.3974351459917274,-0.027050100576975752,0.020867543818435766
15.17,-1.1078910489086944,-4.044718671927759,8.757220656333823,0.4120471157934982,-0.04494281373107126,0.036599906158915375
15.18,-1.4290188247927098,-4.0951326893091595,8.67703674317557,0.3991306162383093,0.02191170047283985,0.0028295126991519873
15.19,-1.0764031032975934,-3.8215180225182115,9.269371094701846,0.3694757458786449,0.011525320139080968,-0.026538674758286928
15.2,-1.1150083585060098,-3.8148224543598226,8.826073609758586,0.36742197808302346,-0.01599958491789354,0.02200893970655697
15.21,-0.9224995081070739,-3.948069880933084,9.31846960800525,0.3843776704691762,-0.015582501313896952,-0.010423585282314391
15.22,-0.9500328220257894,-3.9600869750831977,9.063446784243512,0.4565189003510886,-0.017892713048390355,0.02680875976118988
15.23,-1.23101382457985,-3.9954458670325788,8.93432678651438,0.444758301867951,-0.02074920109119783,0.010425179914007284
15.24,-1.1736518045439701,-3.3496457821880603,9.17162455276878,0.406896256491186,0.0014578268912571312,0.00024327919998921865
15.25,-1.0689415772675566,-3.6373203109698626,9.059450483361983,0.32167123692400534,-0.03762808848636666,-0.002828152478230069
15.26,-0.950698050756067,-3.794612476378298,9.004115510114707,0.34130703435291443,0.006110861709163685,-0.024376191046990403
15.27,-1.2358273280649368,-3.523009773552346,9.044093130995032,0.29053058877728916,-0.012123812561316793,-0.021380694690408108
15.28,-1.269217845791657,-3.753346333886563,8.98803422696109,0.21203448042995746,-0.008915077187576562,0.026335062757446577
15.29,-1.1705597053435992,-3.252361158537234,9.097014884526484,0.28604251281206494,0.01670122956355979,0.007328426420794548
15.3,-1.1479167361776321,-3.7695491620486856,8.936731851048377,0.4044549793691075,0.00853896157035633,0.042248217713837063
15.31,-1.3337243965050822,-3.2768381958074526,9.068096034664215,0.32594793660341603,0.003551464207853454,0.025123106486479335
15.32,-1.214591947688909,-3.243331297044518,8.815483228887748,0.2509839625812944,-0.042566082275392825,0.01061355172822304
15.33,-1.1975318375162254,-3.326168611076431,8.619507590468091,0.2513471147634305,-0.010051238598188008,0.0029936911177723853
15.34,-1.3867223666446438,-3.324744844490471,8.884742550318396,0.34298552890050293,-0.018323794965299473,0.037822248645173986
15.35,-1.6274450980382473,-3.0880270641818486,8.832342715006602,0.40370400159332387,-0.03970792623763087,-0.01256835018276722
15.36,-1.074709336438879,-2.9170752669487667,9.145856182011958,0.39989372685996927,-0.03172194609572111,-0.03457167605750235
15.37,-1.2322491585054163,-3.273459629261045,9.151829749484415,0.29962891772007844,-0.02426575386384092,0.016533335661945987
15.38,-1.326892372482374,-3.144510204960996,9.04613288147099,0.24072600270054864,-0.07210615517358171,-0.007171494504144546
15.39,-0.7772366227854487,-2.9485595198948493,8.443671233520455,0.7445027014508859,-0.27991761154907235,-0.06500546846372238
15.4,-1.2236502335505925,-3.017686654957815,7.7235133702123555,1.7952712440351006,-0.7312686608391907,-0.02313468451885519
15.41,-1.261771430750724,-3.079097405531464,7.285439074391751,1.4876890803499137,-0.7839764033031208,-0.13094372093953832
15.42,-0.7884990515671075,-2.8973317692327623,6.6952391116111665,0.7714915826020631,-0.7124215838309725,-0.15953315721812827
15.43,-1.2310953158976643,-2.903385872759567,7.246687252635528,0.8997857671343974,-0.6424246815153885,-0.04332889967372062
15.44,-0.7574765223201916,-2.998899449449014,7.979256936950655,0.41769131627560546,-0.3058919676789614,-0.0476111921153394
15.45,-0.7830434318226349,-2.9535592591150377,7.535047474232726,0.3627693080180947,-0.11193280769594142,-0.06931236898901899
15.46,-1.00587120177842,-2.8254576893320245,8.002352397030373,1.0785424340309875,-0.3093189396539628,-0.05266232140130726
15.47,-0.77970048255856,-2.814049049965831,7.977571289277067,1.5571636892745582,-0.6148467798553824,-0.14603330938895875
15.48,-0.9032844629503822,-2.588511393302454,7.248967055873536,2.506107852913461,-1.1464067268055016,-0.12281570792619596
15.49,-0.5059628875931741,-1.976015274008135,6.730136441617265,1.875010452833125,-1.5288882395234702,-0.15649230469138242
15.5,-0.6101314332395398,-2.3247544268921994,6.699797495698783,0.49544764162939975,-1.3762692983838267,-0.1331161084483204
15.51,-0.5852211749858307,-2.2456406656183145,6.979145910176395,-0.7018322808980283,-0.5486285640717,-0.04364478711875054
15.52,-0.4761591106661489,-2.2198462950274536,8.56052881724111,-1.3004458487695307,0.5804884218743023,0.004631105852784881
15.53,-0.6900692477482324,-2.378177805052047,9.852197314080287,-1.5201096046619673,1.245260468598768,-0.040091637778387514
15.54,-0.9020632042281965,-2.7029674464827633,10.124364735780663,-1.1777208511456982,1.2424509361181904,-0.06789786227047717
15.55,-0.5868442938089378,-2.3439952413071126,8.9252212077165,-0.34198079759129824,0.8271951488285332,-0.1089462050390309
15.56,-0.30966210191236,-2.0924409468034675,8.866573920235712,0.9751634231307917,0.21516437574035527,-0.11643925881615172
15.57,-0.18922167812439727,-2.226670054656102,8.392416463082027,0.8600815542406864,0.09199308792138455,-0.1514311171696084
15.58,-0.6218616701207418,-1.8616940492104486,8.20634793312809,-0.24535620740770275,0.26936763385207724,-0.10159037578879727
15.59,-0.5028362789235694,-1.9495224775147288,7.668089521068698,-0.6427360811462526,0.3442652684347486,-0.10363705313476589
15.6,-0.8502923762028121,-2.083432653791921,8.55177431432958,0.19347845319231513,0.2138135533202505,-0.12163697690804126
15.61,-0.5338410051211518,-2.14276811889877,8.855366704566721,0.32772887623706104,0.3215023596145894,-0.08703379281554395
15.62,-0.6781509138473787,-1.9861836554567196,9.249836116468332,-0.28064521665968617,0.46516543105874447,-0.11678265986881732
15.63,-0.8289488201464178,-2.0970010653693563,9.831980268650973,-0.6161461907763754,0.4824002151786215,-0.0746116915031719
15.64,-0.8542061616916735,-2.333122320572299,10.91417388240534,-0.940941034850703,0.5315722192355117,-0.09481452682954428
15.65,-1.1931933576083482,-2.135167931708093,9.300160070629444,-0.646708483945727,0.37014257736925354,-0.1097961016944608
15.66,-0.9500265486517413,-2.188390940852126,9.123891237773037,0.4911604455318421,-0.037558103787347384,-0.11469858351559406
15.67,-0.8935819192167186,-2.171242161444415,9.101273782824624,0.6352706720733875,-0.11784063668683528,-0.1294491912835914
15.68,-0.9016508729758499,-1.9181582167842588,9.054383332933469,0.5829685572159911,-0.18356566021379606,-0.11864626089991412
15.69,-0.6576290697841081,-2.067607787386046,9.458506934768025,-0.04209477462400916,-0.06986688738081231,-0.12242797849421223
15.7,-0.7214449847760188,-2.1952218503203063,9.9176214316295,-0.8714541564474066,0.16882974370111456,-0.10341219292676937
15.71,-0.9569405763269813,-2.112276273536256,8.653278185610464,-0.7677638231663151,0.20311289151051218,-0.06872574507779229
15.72,-1.0715595560362605,-2.2265546520382005,8.956060397974932,0.32559715215389906,0.062358180178660697,-0.07188393681102508
15.73,-0.7622630182043855,-1.9591456633080127,8.972598128682751,1.0593678493713024,-0.1711541751852665,-0.13960983642678979
15.74,-0.9503310967118423,-1.998027988130948,8.568088260226883,0.6763557006552728,-0.0623496498598082,-0.14318106636592462
15.75,-0.984491657643026,-2.3133934395290585,8.87292581336243,-0.34899629448247893,0.1725074927661356,-0.10945760448188846
15.76,-1.3325251561532097,-2.8057200604591532,10.15279576957333,-1.1959295066129798,0.3309640213033833,-0.06266473247929698
15.77,-0.9767173985886467,-2.5541324111074033,10.963013995328188,-1.4746580400149807,0.3935547748936381,-0.021195941284552898
15.78,-1.0737420264168478,-2.662956755135474,11.305798469968417,-1.3340737205861581,0.42939667102662926,0.01896501923530599
15.79,-0.8009035296597227,-2.227114027236842,9.693396412355092,-0.6556590957956385,0.2719919976410958,-0.050280678121608
15.8,-0.7591177539961291,-2.170880285198623,8.47518228573967,0.861952219300036,-0.1986682708741293,-0.12734267740332644
15.81,-0.8143532569327314,-2.1896483818803842,8.78521784485715,1.611565117866921,-0.5179006047803824,-0.1601610950926379
15.82,-0.8392008159019724,-2.1059158823698962,7.541412520990781,0.8913125240924114,-0.3740832076869825,-0.13624680146744422
15.83,-0.7483000411704478,-2.2621330622945863,9.031068250616995,-0.2788371771346639,-0.13995752478911783,-0.11410447774155384
15.84,-1.2595554264218152,-2.5589575902838098,10.262293927789642,-1.138377243430572,0.10143142513252149,-0.06963606635061871
15.85,-0.6792024721557781,-2.104086031932733,8.493617658857264,-0.8375808269980682,0.21666327488908455,-0.0304725548257019
15.86,-1.0421407825627649,-2.5459517029868186,9.11188189790236,0.3472898153388545,0.11064655567330277,-0.06434282007566042
15.870000000000001,-1.2911675390168451,-2.3471003313911214,9.76848131074169,0.7149261160447433,0.1848226726673853,-0.09034766723396048
15.88,-1.0993609711994552,-2.2329441425278374,8.569346094951523,0.39330820435526814,0.35864625870015016,-0.31021229758383684
15.89,-1.0455605838836486,-2.0972488021635542,8.096752481242628,0.5432953117707721,0.25305822275402007,-0.2509665649050586
15.9,-0.9143278545148784,-2.1200759196589454,7.7453090530382305,1.1083174991821525,-0.12141667021856699,-0.478098608551233
15.91,-0.7820570968187723,-1.7461986951772224,6.643360115125743,1.4483286970117606,-0.3408927590130236,-0.6443954118645836
15.92,-0.9239270003719463,-1.7809754242331597,6.1980250833993935,1.6450026168461414,-0.4485278134127894,-0.6750846880419419
15.93,-0.6622501528263718,-1.6548640946257145,6.651985879998121,1.805111334269682,-0.5782979690544886,-0.7491565948454043
15.94,-0.7361164041097189,-1.6305803522013185,7.023549091703277,2.0557130537751127,-0.8561600082885236,-0.8318990440866487
15.95,-0.44018366660782443,-1.151146314007802,5.554922813206649,2.4302000929726835,-1.2086186288865897,-0.6095149909216558
15.96,-0.38117142909788626,-0.9818330829022277,6.160589752805052,2.661010598022855,-1.3850181416921188,-0.7690688101693555
15.97,-0.3908287429182973,-1.227665537335205,5.74775631899294,2.7105729092294073,-1.7069206224408076,-0.30043939603778874
15.98,-0.1582968674538384,-0.8894745444343846,5.742494865294815,2.505978261734287,-1.908794867379664,-0.5245719030526516
15.99,0.11176609718525514,-0.4882711308071658,6.18481880775514,2.421124402214843,-1.9860720593093917,-0.6673170716054125
16.0,0.35257004410294684,-0.161703351414873,6.346501648688253,2.615697678008223,-2.313330498238848,-0.49532803560908006
16.01,0.5077164838897996,0.20710894640976785,6.614103227485995,2.814757837638051,-2.5029965406820462,-0.5908879766282139
16.02,1.11493292638989,0.6027873139601393,7.706408281594509,2.815743390688617,-2.577315444524537,-0.5301503994135178
16.03,1.7953318268739733,1.1310611310854297,8.288148714390758,2.63317906498919,-2.3825665024051115,-0.4704878862735721
16.04,1.6127584350177322,1.4567686074277006,9.03627824945691,2.502808459632624,-2.1188594375587297,-0.3909797421415331
16.05,2.17007105503947,1.9095760425343118,10.03248501733365,2.6298591545759726,-2.2104072565100195,-0.3436244122151221
16.06,2.1823752720564693,1.6717210000483682,8.857249810498873,2.3495011970445336,-2.1346780152911973,-0.25181970727736347
16.07,2.2345044259919984,2.291206789672102,9.910696848808195,2.2904520582537917,-2.1988858756730405,-0.2250733641968606
16.08,2.473060213351729,2.8718193877562554,10.615221268844536,2.4611134371400603,-2.307269653584671,-0.24377008295264016
16.09,3.113129557553889,2.698416690835742,9.065237649648445,2.1156568076941467,-2.0377576688109205,-0.19129952651854423
16.1,3.006310641654951,2.872807063616448,9.30952664150746,1.2804143943032509,-1.3709799537717422,-0.14691762082561913
16.11,2.7581555025088407,3.4472628258703586,9.768998539989784,1.1385166518524334,-1.1680435276294632,-0.19197876317382506
16.12,3.1132524060501288,2.893820568058805,10.209660175583279,1.5538655970145043,-1.6072964380889982,-0.1823317131859773
16.13,3.066673790719533,3.2179416192051002,11.046728254893921,2.0067092782985547,-1.9393572820013618,-0.09999234920517086
16.14,3.989940365799011,3.7555050692499212,11.562248853701398,2.2112401237059918,-2.0487502365216566,-0.07555395942444249
16.15,3.6999761152491093,3.736051788944763,12.221552786740254,2.170845994242403,-1.9165258812107409,-0.05102163169301796
16.16,3.820389052973972,3.8284868118600177,12.423707778389137,2.077426867710445,-1.7011470315128951,-0.04124367567337494
16.17,4.181810914482317,3.641975694549242,12.219790636290762,1.9356998961749865,-1.4930750526901109,-0.02347322146305597
16.18,3.6690860631364655,3.796478503652507,11.209460937555408,1.352227806300753,-0.8907466208184881,-0.08825542739849275
16.19,3.2473850555796617,3.908014127000773,11.56125469238049,1.1055772235496861,-0.6096897196457073,-0.0939553968148074
16.2,3.6505993159336185,3.866008756360732,11.095926985642018,1.233530358552596,-0.6946140993967782,-0.14139593902910325
16.21,3.327935387072356,3.4486338318746155,10.066328139056253,1.0666858302553517,-0.5391664179872121,-0.17910529349848253
16.22,3.398600966172476,4.120032066551492,9.41441084677884,0.2584486118636999,-0.04499459490231766,-0.18047760105618632
16.23,3.7376723813254316,3.546637882930975,9.849233353222582,0.39779814701841587,-0.25771389619098123,-0.20094946738586555
16.24,3.535890582472081,4.007055464611614,9.600171204921704,0.8064569025101305,-0.6636820843633575,-0.2271930140426034
16.25,3.7424745869170444,4.284070225929296,9.923681268440221,0.7087299320398887,-0.7075546988246956,-0.16532386219297796
16.26,3.7857816237996067,4.629751399886722,10.677819062042662,0.9051174635997428,-0.8885426807993906,-0.13939631895444643
16.27,4.0635714289230105,4.371934236470516,10.163705577328171,1.044195322691786,-0.9205190727896948,-0.18849580174808278
16.28,3.954467574176609,4.085689127375495,10.341903042441361,0.4187579075772549,-0.2570214757437012,-0.21233341340129747
16.29,3.960835055290513,4.428585346188481,10.157836580107366,0.22903905462291393,-0.08105714813164386,-0.24209555308741634
16.3,3.698636199577237,4.396294301249172,10.090689566912797,0.725997429314099,-0.4314862742286818,-0.23886953998656493
16.31,4.007873090641102,4.2023742601572796,9.487973366583098,0.7815115374394526,-0.4609384283454063,-0.3209115135441443
16.32,3.98177828140826,4.061835904929791,9.50288606919978,0.1470806326396059,0.2615054014365319,-0.28983332576002474
16.33,3.5987339762113337,4.612212969781943,9.371898177321796,0.19447770102181272,0.28879242054837384,-0.3359956812179888
16.34,3.7218133084095455,4.55500672559542,9.804729210861268,0.8805887417203259,-0.2874562993610866,-0.309742830254088
16.35,3.8080778765364793,4.804643238923942,10.376055946107163,1.5977119099979813,-0.8811212793984187,-0.2161760248338505
16.36,4.01990390551743,5.138571465733831,11.335148410308179,2.029698749750497,-1.243945269830927,-0.12270639894252235
16.37,4.282946418938262,5.167169998075234,11.836717014324526,2.166585624560835,-1.263376947774978,-0.05812990155683483
16.38,4.125373806272864,4.781738019663451,11.93768376658605,2.1970952623353637,-1.1772631186981573,-0.029896834758109527
16.39,3.8543402218483798,4.777083677273108,10.513781819436902,1.9355066893427735,-0.8310829123201419,-0.18141579055477744
16.4,3.5900796172260128,4.585364942110372,10.546423374977143,1.2506879275332263,-0.16394478471753407,-0.2171312655462738
16.41,3.777028950771011,4.746083075654219,10.268465930777161,1.228646018358805,-0.12439473559057697,-0.22553055390218502
16.42,4.056720350584343,5.110117203245922,10.019368470303048,1.7830608280728857,-0.5945788152650695,-0.20707104193495648
16.43,4.246051199061051,5.18758064588216,10.673704904831087,2.328755595855751,-1.0496421513001664,-0.175322282760194
16.44,3.6998622212248025,5.225802008585795,10.87104348993731,2.564174589925547,-1.182554774353497,-0.1414474864096636
16.45,3.2945709922737025,4.378112984807175,8.027437039917274,1.9947841845183918,-1.1593488513721166,-0.08374030668799345
16.46,3.474801073522632,4.374492312938172,7.378052210451125,0.8645336143418871,-1.373514011038367,0.008589920099643463
16.47,4.016065239920067,5.064512013486478,8.802170081703,0.41455884195508663,-1.5813673394358578,0.03844760522793327
16.48,3.789913391767808,4.859206067954939,8.253071105357769,0.3760848344837204,-1.9445619398673728,-0.04193089750664515
16.49,4.055239315945056,5.1887881851443645,8.547606738399782,-0.04560370093657359,-2.5274157420455787,0.14194676620492555
16.5,4.099351402850643,5.816825320050227,8.93115228631089,-0.5655958788137226,-2.7038777469716573,0.23039009973953548
16.51,3.214005519547367,5.169379166664886,7.265164185246399,-1.064549133195001,-2.595485131019962,0.195806831713545
16.52,3.2605771959975534,4.866120409695178,6.102613374746694,-1.1355571865313059,-2.1787912787165946,0.28404393400347777
16.53,3.6846737768365836,5.527090003032157,6.547917284074055,-1.378962287622672,-2.0967745178636514,0.3389754483132491
16.54,3.500778778645737,5.378308908166779,5.802339498664522,-1.4699893229507384,-2.1467084746110934,0.3766733159687899
16.55,3.5957000592675707,5.749266319770276,5.648697594680801,-1.631692903651138,-2.069486159561575,0.366316718513604
16.56,3.890517453742662,5.8140095055774195,5.649848352674427,-1.646212870965697,-1.787953666290802,0.3106544976961792
16.57,3.099079916977086,4.458841899617758,3.3358016491044538,-1.4539323792987922,-1.375027078532684,0.006473055681682376
16.58,3.764799693535514,4.962106947404809,3.3735369649515645,-1.3160620334613866,-1.0149574155076009,0.02894236386389845
16.59,4.281089123861075,5.589220194875091,4.687320819665137,-0.9686525713294298,-0.6550721193654284,-0.11942995402926429
16.6,4.413436307507627,5.5988856849233954,5.024361602512369,-0.48325426369796187,-0.32169464813662557,-0.20007975525384514
16.61,4.722153879201167,5.837705152038787,5.392067546504199,-0.22314114468420498,-0.09815193125735314,-0.17830896878612812
16.62,4.813436468074617,5.781555314424635,5.647977867920899,-0.203101986325828,0.18484133688802107,-0.19355509967406576
16.63,5.115913738954399,5.947622077128237,5.402958670518816,-0.1710450802341645,0.5209113952351351,-0.12800656437456837
16.64,5.261161596663073,6.458898766603988,5.576253390395507,-0.014659744953323499,0.7813566546021067,-0.1458692488634724
16.65,5.332189244030752,5.482459623785301,3.9361768093717724,-0.041976466785465114,0.7147088138606191,-0.10430536706907276
16.66,5.2188644960284485,4.851732636913043,3.8527293400408023,-0.6662324022190119,0.2046600464134537,0.2301732219745754
16.67,5.745248167504949,5.646868567959353,4.979639360552125,-0.5403653267776964,-0.16611169909033918,0.17743340381808867
16.68,6.255765384538773,6.195787823358436,5.577161634605971,0.5861395454763952,0.015065543751799403,-0.08023865832206004
16.69,6.366249839003964,6.669373281626877,6.319110733068475,1.6438291013373867,0.4871084182046194,-0.2786120124621728
16.7,6.787894513657826,6.458158157668119,6.653142746461369,1.8239863650503787,0.7134188779948378,-0.09574252799421556
16.71,5.967328477567115,5.364413984717695,5.8877898376934255,1.0806991208006522,0.5585016852841309,0.21105751257386438
16.72,5.536631204518298,4.716268651534169,4.038539573459846,-0.009647203073715423,-0.028141507818323225,0.5868873571885785
16.73,5.3079105967109985,4.603151374558175,4.640852166975305,-0.9917353716109549,-0.5002115882654304,0.5435485393444303
16.74,5.903506222422487,5.37454913833049,4.756699111270554,-1.3859908612531513,-0.5443539892762953,0.4368827439478275
16.75,5.678576765174942,5.414420623296917,5.2398513782800284,-0.5376998650506839,-0.09363025398184692,0.07550777028887745
16.76,5.603018584860896,5.048302464334784,4.837790846810281,0.6322627260362448,0.21014666163014686,-0.39111032209779706
16.77,6.234110015104781,5.7814487702819966,4.556268431380911,0.8789457942058975,0.12292590792088678,-0.031115483344402405
16.78,6.827273682347263,6.174282245248123,6.321354904027151,1.1262235061672852,0.49141805598233407,-0.06457207938646514
16.79,5.769843417007647,5.131414582901002,4.704613099001071,0.961056073511311,0.6169792175595125,-0.10538743751980789
16.8,6.436097935354604,5.712712948783523,5.790408437891813,0.413869674043487,0.3555455124045975,0.17933177431534136
16.81,6.34573087323197,5.689866150327904,5.351951085375049,0.10424790219770705,0.08968685011097699,0.24837088241275454
16.82,6.591082110952931,6.176168174735173,6.4544854195904735,0.32024136019625954,-0.0627616958918219,0.08468518384507855
16.83,6.853876429915539,6.552230949832392,7.206167047147679,0.9923257597257698,0.25092351338491736,-0.07570538136282043
16.84,6.747576645038491,6.140335336891051,7.22537654506873,1.2864654581786064,0.6600243235339714,-0.09451389411364489
16.85,5.395096359730881,4.642588107416074,5.189764573761082,0.8713886036039301,0.5602668736725102,0.014080175896329723
16.86,5.892497437090334,5.2498152601172885,5.257876927721502,0.16248300304303845,0.1708238254250669,0.2070244878641013
16.87,6.034642541699242,5.699962055111393,5.592963870416001,-0.018000925473537085,0.07476127068208169,0.09128943437430684
16.88,6.0471607782228665,5.3901406287798315,5.895740177617453,0.32262443769640126,0.31486687002832003,-0.03699207729267437
16.89,6.192452246944448,5.873876172584772,6.153506805470598,0.5749027298370132,0.5501400107625158,-0.04955899225783303
16.9,6.1990233782782775,5.762943610548494,6.101650919074055,0.39588530586334975,0.44704983441219864,0.03710881042283715
16.91,5.181839562241911,4.747506724474688,4.826208845729826,-0.28850194997510853,0.022759244489693485,0.22029586090285655
16.92,4.864288121746915,4.567587782811513,4.565356060029043,-1.1296433573775673,-0.5624578864020152,0.38331810363660446
16.93,4.890552536206448,4.516534828233732,4.355548767547458,-1.6392410311047951,-0.7778614126398881,0.2247694053671424
16.94,5.49833141481907,4.944616092485536,4.467475206443618,-1.7459711288678577,-0.6724004303272431,0.222571746571989
16.95,5.914881272799624,6.114752760319994,5.38356544446118,-0.6607840762359461,-0.21167454969907698,-0.11493378677238217
16.96,6.092280203551991,6.214334791165089,5.98117843496616,0.6586024561601356,0.3349564939214734,-0.3703473643365726
16.97,6.605910061638591,6.5796540961405725,6.171766731760411,1.2686328349723777,0.6819045749750533,-0.34617287009170583
16.98,6.710217695704184,6.474452668712688,6.687422313857149,1.0113272181039625,0.686910240080808,0.025572371871126477
16.99,5.799433043203493,5.0363499156998355,5.430777264575163,0.13607635949536617,0.2682606729806598,0.3422898762462866
17.0,5.434512975419692,4.895193339619816,4.552863046743441,-0.934771982549046,-0.3317744114290149,0.553995635781686
17.01,5.717079283802468,5.113905608006283,4.757170646701622,-1.462743611481957,-0.46853346450688427,0.4263321925974469
17.02,5.330581111797818,5.478833414351433,4.869679382004094,-1.1545757408857873,-0.16064941352770834,0.026839754634736052
17.03,5.7989697352497735,6.125783063855147,5.269980243160152,-0.6728673613177475,0.09429715277013953,-0.07725266243791924
17.04,6.2794239100381235,6.199622426394762,6.006284268743519,0.6044042045884463,0.5650619650016391,-0.3554566067615022
17.05,5.6074564537986955,5.376324204491856,4.2669252890942335,1.1926233581809549,0.7573630732172777,-0.54422242510133
17.06,6.087291953582204,5.836739998723,5.029482314615805,0.8489909145543025,0.34132091125210146,0.013807730362289519
17.07,6.884339018857822,6.418474459771253,6.522779183184477,0.4529959244588868,-0.015986551090754798,0.18441049796242975
17.08,6.587208353417276,6.5125106953288086,7.13734399696792,0.44081704755258133,0.03724412148339818,0.014956143260181243
17.09,6.834567517277835,6.06481122388165,6.856922989050271,0.48008503440786837,0.07978262719253362,0.07711325106606917
17.1,6.616336894969074,6.187340808657939,7.338075342498016,0.7755296629316576,0.2568480681855927,-0.035299129670760265
17.11,5.7772844204504725,5.240021135792923,5.375003234838172,0.8487493195536202,0.37868619463777586,-0.1033563086500153
17.12,5.499915567994478,5.19335422400962,5.406786639876409,0.31225805824071606,0.09855420938694533,0.16848454529325446
17.13,5.660336974412813,5.481797903928653,5.898693679586415,0.46430366604809364,0.5428309549566616,0.0615198189907178
17.14,5.182873349070223,5.312991403857566,4.86036612525713,0.7958557610911179,1.154675522800893,-0.26928256638896364
17.15,5.744174737539951,5.639399646174261,5.000440509686823,0.5996968114793879,1.1712277608733561,0.08674516147337645
17.16,6.086601729119284,5.721449247700147,6.040532490501218,0.5586721158110475,1.0123945922281017,0.10875807690098459
17.17,5.213196553313809,4.503167604321264,4.6825259855512495,0.26298708526554926,0.5177274333325784,0.20532214508107885
17.18,5.2844554271106565,5.075073256809943,4.5877039617018855,-0.27032351484591977,0.009528734900966217,0.32167699227109886
17.19,5.375998607567274,5.292573490181391,4.922087021319319,-0.02137454149768394,0.25615236609639125,0.1858222167879861
17.2,6.056489939939939,5.959073172276332,5.884493156035191,0.8513186580549374,1.0533462254348196,-0.15760886095109167
17.21,6.545128506316905,6.414893034934189,6.706282895361032,1.2462500235170257,1.4147625734669216,-0.11371849861858081
17.22,6.444880590135866,6.312254029606853,6.771113222353105,0.9020197531041279,1.0638355615456365,0.19745778536794484
17.23,5.408731995597612,5.039858305142789,4.951539441766516,0.1506843167223936,0.46614735643823035,0.39289859312961767
17.24,5.058592662629364,5.005219822043767,4.842189656069738,-0.4882632645778336,0.028255097501231834,0.34299303682647214
17.25,5.086284300725042,5.235919379973716,4.869455130109632,-0.23570339692569506,0.2782720498279909,0.08578566909573777
17.26,5.433704187828062,5.858432746284606,4.9424359807686145,0.03946343537109974,0.5392111388388371,0.009578685438394081
17.27,6.030183035451322,6.221086615533397,6.33452433055356,0.7481092883053082,1.0173506013378801,-0.14386902483112995
17.28,6.328066957404022,6.567286013414337,7.01413228897424,1.100968046686606,1.1848951018326914,-0.08327889189061935
17.29,4.8886747290083115,5.428379648653022,4.852110186263443,0.6479696219551185,0.711821989189309,0.13544392137617525
17.3,5.4421280860623265,5.344245746834216,4.818973290547255,-0.15102393206841896,0.12658961164031302,0.3224547570724185
17.31,5.554778388723288,5.929886509851392,5.149413235089247,-0.3464638588964206,-0.019080336912346275,0.27441932482265036
17.32,6.653409940397023,7.0311090068247655,5.254978096044239,0.9942879501323696,-0.6662909882381963,-0.1665140797371437
17.33,4.795135191151041,5.030749357529769,6.55335782764707,1.2611193507729157,-0.8229669266445937,-0.0374466186321102
17.34,3.7635696187879755,4.664311850541019,6.175854358031225,1.0242296595654763,-0.49691915839573,-0.03087368977036522
17.35,4.124720306421046,4.9395976238166694,6.676507614879793,0.657376078226092,0.21254563914050784,0.003105910902430356
17.36,4.270721929885259,5.574180488706212,7.01726595661269,0.4156956168862617,0.900500026607484,-0.08089851041827097
17.37,3.9719243201320773,4.690297015301899,4.9092698386576545,0.018599046228911936,1.0727492000170287,-0.10143471803445032
17.38,4.185702078584516,4.525029454503844,4.75992378911734,-0.6528855286663251,0.6597437826927506,0.16566902796735794
17.39,4.631123814058735,5.196398774286969,5.022330011688172,-0.37455143877264574,0.5844040839656749,0.07755067209848247
17.4,4.513554000549713,5.476942193398245,5.362589312077848,0.4099414775898819,0.9594595132012025,-0.14907680776681584
17.41,5.461226748765584,6.3718241264696305,5.994250746688756,1.146315396101835,0.610854002390719,-0.11371760892861069
17.42,4.334682084209629,5.344801339950979,5.834902856459223,0.6958923760521601,0.5537149314586457,0.019121055283603285
17.43,4.500252633426305,5.511108175813191,5.991918175270763,0.023527530623119783,0.5958177285731204,0.09282987707721244
17.44,4.701231931144809,5.403027813629027,5.760811647459658,-0.22787913426178752,0.8518808843818098,0.01633027213803132
17.45,3.8706730471357957,4.839851903109139,4.839203173707558,-0.5320152910382969,0.8715810833339709,-0.006438925716744962
17.46,4.261485808420541,5.3768104867566535,4.6773636109193895,-0.9387679767761357,0.5073084454930953,0.14409094589935625
17.47,4.6196913950695935,6.170384172457789,5.482840008615838,-0.269266978289906,0.5238657129049207,-0.02076909497108341
17.48,6.247513906165249,7.6215669456635595,5.904735584741281,0.846437976204535,0.2012576762091401,-0.10086556833236392
17.49,4.527283858280886,5.508013613841402,6.843544521119228,1.0240022472684207,0.17176966897248333,-0.03632799054418108
17.5,4.244298430715422,5.734796087143545,6.562062448807048,0.4359065758597022,0.21440128490724664,0.10013871058035496
17.51,3.8494444155221417,4.854733587904956,4.938014433136714,-0.4757612055620446,0.13934916917298734,0.12228043778174885
17.52,4.008939520607114,5.0445766265511045,4.214162215727216,-1.376180746578844,-0.234800595001807,0.34332764603400184
17.53,3.8203617394387317,5.160748572257763,4.427728531248146,-1.0989378894387642,-0.016139737499069932,0.14349153873000894
17.54,5.805444871879619,7.086484829425433,6.2846327096441,0.24645616713263338,0.32874238935875283,-0.19644019597235582
17.55,4.499020149207819,6.278634624622679,6.123773981268867,1.2302043130011466,0.7989438265237594,-0.2601003944832765
17.56,4.295110838712099,5.890683812168862,6.6889919050474,1.2015327950718615,0.8790304247232417,-0.1274069587162892
17.57,4.65306845834325,5.791054362256074,6.454917739986515,0.4208434135010109,0.6188236977074996,0.15004506537592294
17.58,4.417436506829766,6.308249468128641,6.407577195757134,-0.3603542816641055,0.5217815353746856,0.14975486250146863
17.59,4.060518104094051,5.064095939140925,4.945558013722675,-0.9213279034205695,0.4550434126938785,0.11223700942282759
17.6,4.381981795560344,5.344310390420379,4.408910642001398,-1.551137941667821,0.04508620867439794,0.326358361455191
17.61,4.270414024340979,5.840783689247526,5.005823697183715,-0.810413207779732,0.12473909162201999,0.16572818533325034
17.62,4.688914896053238,6.549004367172117,6.330850926244644,0.6147939828206685,0.5745538320893411,-0.14734244023939175
17.63,4.380380141284701,6.071650714436498,6.848759074303965,1.7147063078716718,1.0439426031407395,-0.3380326335853815
17.64,4.872422483683634,6.231639773153463,7.373832503645333,1.696730473236108,1.1153762272937628,-0.11433214231148232
17.65,3.8893547571669687,5.142655590283401,5.244804953395241,0.8333634851120117,0.7567166744765973,0.17205044591758908
17.66,4.61159134333047,5.393540758717268,6.202163552165673,-0.10731206568169371,0.4716645749665607,0.23886976773615895
17.67,3.9930686533293724,5.334683783776027,5.0162739002105035,-0.8944218194509795,0.4094821606887953,0.20222263403722118
17.68,4.097987338749487,5.404651884081987,4.37231273804303,-1.4833983787981724,0.08757850867928613,0.32281351454020835
17.69,3.932143289834114,5.986806356746694,5.113107410055379,-0.6567025944826693,0.1982470485380278,0.13316449883959783
17.7,5.204765444875497,7.500709443986916,6.967292776795312,0.9636248134987956,0.5380458680985578,-0.20716671941969386
17.71,5.626074754080115,7.607208889002152,5.604720029303948,1.655713309583536,0.6264310393084066,-0.5329714318042009
17.72,6.498393300038312,8.193595971280697,5.404084032070543,1.441000141123337,0.024830947906942576,-0.18890256680911904
17.73,3.8769608419478248,5.788949272183558,5.8882691734857495,0.7183950461408382,-0.6413596476001592,0.10661020119772222
17.74,3.6717911424733485,5.689044127593349,7.076844619844159,0.055531799775778046,-0.5682043506060855,0.09910391088063683
17.75,3.6323998679273295,6.145020898179144,7.553742567197156,-0.08392714643007904,0.039170340609342755,-0.04835726453811707
17.76,3.763788840704003,6.11564635131907,7.280741667216101,0.1977240660599076,0.5108861120550119,-0.09154508852196473
17.77,3.7718488750386308,6.176850679823537,7.056163225231793,0.40835660347471914,0.7343709442117329,-0.09425120723599033
17.78,3.7658436602858814,6.080287651339104,6.734184483508564,0.20181885346423395,0.7377663498430812,0.03581647638573818
17.79,3.3898819491184797,4.824410153863534,5.152978421484916,-0.40857958805690303,0.45026606616088805,0.08477330404775041
17.8,3.2171667025331483,5.100023807489104,4.6622068624709145,-1.1735277172252998,-0.008025469747984201,0.22461397286493015
17.81,3.2089378582032806,5.6833328788668345,4.538804374776102,-0.9848096845976947,0.3460714066725231,0.07659438753183433
17.82,3.984706774430167,6.2908221464491545,5.642400888074339,0.0021787656035784954,0.9507193920163987,-0.19851044518551392
17.83,4.146892564350317,6.551995810907,5.771069341283964,0.5748082956289783,1.2851677265238979,-0.12164060322014725
17.84,4.50246016513909,6.754245238894274,6.549102933254416,0.4167837754235044,1.0430486477859426,0.04999483497345411
17.85,4.9020026407830075,7.176684186406336,7.051908574365503,-0.005767465095451721,0.6181139403889873,0.1475322562747288
17.86,4.662011757934312,6.980873120177969,7.488184731497625,-0.12567467232049812,0.4703486953447732,0.0937811131257156
17.87,4.445567946009352,7.134977147869682,7.6860566888588595,0.09173455027479652,0.5999546520895364,0.030139020775969475
17.88,3.9929629134704454,6.733754405585288,6.104189191727166,0.3248815963691263,0.7564866652586538,-0.07957804328975138
17.89,4.2604834125599425,6.4764607781685415,6.543962823584017,0.020786561781333878,0.5394532725247894,0.05652869491833177
17.9,4.321448631600428,6.723144560000211,6.73320962119717,-0.06535484834902508,0.48361908503319706,0.057581674714276304
17.91,3.550855805322256,5.507430406949567,5.262073299322232,-0.27837061791509177,0.23976246344143884,0.04693272788634092
17.92,3.4741524707181437,5.383472807678592,4.574648642118996,-0.962833457501864,-0.35294084122714925,0.3014678249390536
17.93,3.3864805725156675,5.597561398600989,4.860148714359196,-0.9153332044930751,-0.46540911341992647,0.10164305503889726
17.94,4.1292301584440665,5.919537918086213,4.819943508954247,-1.064533502243411,-0.6015458763502821,0.2214247385769093
17.95,3.9363864562019613,7.044473821681066,6.3502921358952875,-0.2990202506081522,-0.23875688195286604,0.09043139113875617
17.96,4.25239435662962,7.592755038133559,7.294981646041415,0.8738426008532041,0.4386835175406666,-0.2785698004269709
17.97,3.6618038765135914,5.948904557999043,5.1189754096369064,1.2989711727364008,0.8378140575780826,-0.5056811748798863
17.98,3.777784240234981,6.5115801960558235,5.661064693365467,0.7650629555604577,0.5091858478783321,0.012983887918430482
17.99,4.074106319194391,7.3760191166924,7.291678384368139,0.1690071593205415,0.17998456039859123,0.17926845547811263
18.0,4.497861464638372,7.483038368726622,7.481451920455568,0.03589573422879937,0.13402594838805268,0.1152383521584668
18.01,4.098276119573119,7.241610700646223,7.993251022862609,0.32756977868962306,0.19066140015967484,0.037876233428102556
18.02,4.42819701220257,6.887474584631329,8.41227265659731,0.7470329908875697,0.4504798151884086,-0.025506459567424967
18.03,4.356356982999527,6.990041294629186,8.105639963496774,0.8322407996252523,0.6769345609680245,-0.03286318546651529
18.04,4.232764416658478,6.627831410484128,8.363225042681806,0.5179403463528623,0.7087970013995223,0.04389740530744605
18.05,3.056609457787449,5.566830268241231,5.616635397736482,-0.18997300795546357,0.3792353184366791,0.11851173185561908
18.06,3.3120970357606745,5.791843291913604,5.396857743259957,-0.9507936717834373,-0.15516498419598304,0.2667390704302072
18.07,3.450361415537753,5.812121772218455,5.499590462419246,-0.5759183661258289,0.0574893569742428,0.14589066876598158
18.08,3.2347802994993486,6.151119284898531,5.974555380636104,0.3800337852372186,0.6732886313908923,-0.14503547607467934
18.09,3.5382115728878034,6.884723754193273,6.39002951820734,0.8796810037200379,1.034229141136907,-0.09305230327430696
18.1,3.8408210840425907,6.786553695821104,6.964702494774673,0.4777246326423896,0.7983690855290518,0.14625775380319625
18.11,3.30362955843446,5.338797654425269,5.093989587881151,-0.36576487934415225,0.21629852299315055,0.24153241587220126
18.12,2.852018188763087,5.169475017697286,4.53943186008769,-1.4792063116918486,-0.5825411993070913,0.4934584729663941
18.13,3.0748335042065915,5.590960570769136,4.977996865978357,-1.9459246311393326,-0.8669916704558753,0.2741521666207679
18.14,3.411735345955948,6.476439727641691,5.241856084044102,-2.0784911817673315,-0.8926399392161101,0.23604078394638328
18.15,3.2522704278350636,7.165511629069766,5.823274541881157,-1.0804273380709826,-0.4892811900772995,0.08501010805123733
18.16,3.623461075632485,6.510229645111105,5.315049095692884,0.2062507297293834,0.002389788501981365,-0.3072044105659799
18.17,3.894540147660273,6.790962431298341,5.79834192193359,0.7066064603499452,0.20768363856950306,-0.1251650672631808
18.18,3.9049073397702436,7.286080146536817,7.298707368203726,1.1354404246268823,0.6691454356112261,-0.18713766457713343
18.19,3.6062056758551764,6.871877159692538,6.193298469309107,0.8829349448419745,0.8080120258850613,-0.12300074233795114
18.2,4.023064714379782,7.594394424166694,7.767276628640467,0.5278519862599601,0.622870019837165,0.08847640613395226
18.21,4.393054356751381,7.675795528461052,8.737742470169497,0.6557956828388373,0.3960616068477397,0.08294119946493021
18.22,4.119459386264819,6.976295737636084,9.410657171553675,1.0511860694751083,0.30664889049152166,0.06023742194058511
18.23,4.271185697126565,6.926119323395833,9.36612480976696,1.2039941113250066,0.5061839967821343,-0.030698173146323185
18.24,3.5894827302721763,6.63295732964983,8.680714771847976,0.9597729671503863,0.7984715290230497,0.007077732821490913
18.25,3.3272791143514997,5.532473194374988,5.952377166410428,0.30754536584605013,0.7295405280070125,-0.005445999950952709
18.26,2.970281884262987,5.765432020370091,5.409465826351605,-0.6209455206341635,0.16909567446528356,0.26995950446544964
18.27,3.1150833478942137,5.635614224914032,5.475224203061213,-0.5248511782978674,0.1994040766369757,0.1875580097728393
18.28,2.9494628450716536,5.4323698482853855,4.329390674323661,0.05202886905827069,0.419537327940119,-0.11077709199465063
18.29,3.2926646867837435,6.612091426558132,5.4145032425916515,0.11838913299065704,0.3320877647314181,0.08235222110600762
18.3,3.4891311302229804,6.717413866502038,6.687277672330782,0.4560987208772016,0.6380302114850648,-0.021635006520524774
18.31,3.6399832297621346,6.788241885645302,6.703839570714138,0.5775648752920308,0.8367006521530775,-0.12234789972440199
18.32,2.8916786852771903,5.785487888246905,4.777303226167638,0.0666331434526831,0.43055899318836627,0.02370773341623629
18.33,2.7056692862150022,5.279231976622004,4.751714664443951,-0.7719423490556268,-0.26905139961263863,0.2831453033299579
18.34,2.9763480647825746,5.381960707010426,4.290975374572325,-1.5657573255411361,-0.9090143306214837,0.48704887900221594
18.35,2.8804709582377597,5.7603475792026195,4.744095055844366,-1.1585699870381037,-0.9020471911005941,0.3729263701555557
18.36,3.219047323290231,6.274390154571339,5.039990555824428,0.007877639657489282,-0.5338164961479535,-0.014312023286874493
18.37,3.4047739907101,7.6860011630703715,6.687487444214125,0.756493027402463,-0.12716414154659564,-0.08799223215882045
18.38,3.8218371655403,8.023388288925933,7.6558625524649075,1.4029598142120274,0.5300238862048503,-0.22998657319968263
18.39,3.5205534244468835,7.133770351763947,6.4857593788387335,1.2988555476494241,0.7458391914197066,-0.19468801070539501
18.4,3.687251687282222,7.001146597534528,7.433970076244174,0.5515654907226017,0.4124176967922077,0.1309774129616477
18.41,3.823781254522987,7.370247325400427,8.32902507446977,0.1491111765442955,0.2247250220744074,0.15024025984889983
18.42,3.908390610477899,7.266350469753024,8.390521348023384,0.3018100615940662,0.30205605903352656,0.07552454770048964
18.43,3.830092695846352,7.213135187459809,8.981495224537694,0.6926399479271781,0.5304480040655077,-0.024042300482583545
18.44,3.708844022514646,7.0178240452396805,8.52914669989506,0.8548661695820469,0.7951144097904109,-0.04175991322196753
18.45,2.847659183109195,5.842199755298816,6.018202190105283,0.3856597945151043,0.6738374093514546,-0.05410246025884244
18.46,3.1369863245103318,5.895378097428264,5.63343290354028,-0.48957038383694534,0.16201148058096415,0.18758778644960497
18.47,3.0413579948438523,6.21186845463966,6.255595467544692,-0.8172980784451978,0.18660983215014396,0.05872795425045617
18.48,2.9486480119995333,6.44300400267145,5.961880863920877,-0.514911842352802,0.5449585351780439,-0.07888609224553163
18.49,3.258119043850064,6.390247626621905,6.206379958380964,-0.5556654949227653,0.4722361695847981,0.01943133413193271
18.5,3.1381679027559,6.8862788527828664,6.778099093384068,-0.3581409645456206,0.34738736100487416,0.016949794369637762
18.51,3.433829910035671,6.652231730001259,6.498738062524759,-0.2326344985364598,0.19139344559890092,-0.0288003936697123
18.52,3.282915633474329,6.763267378947881,6.17114111252125,-0.6131186955253509,-0.16731563185387416,0.10712848854326759
18.53,3.0257442504847956,6.935297913799948,6.805878445502293,-0.8049202175718719,-0.14316178785014397,0.05348439991640821
18.54,2.4832636294439343,6.0916432223745876,5.284308947939706,-0.9547193551942903,-0.043008888634468535,-0.0365673946448554
18.55,3.016051901540239,6.814675847872704,6.118928338613252,-1.2390917141735664,-0.30958690986933296,0.11929643720741881
18.56,3.418791217673033,7.334204757611732,6.990736311748059,-0.685691077683595,-0.2836563737977186,0.02011425803607833
18.57,2.5926686229851823,6.26094642537278,5.472891476477363,-0.11003592479221394,-0.23809305561795102,-0.07590077640740008
18.58,2.8557207443809753,6.3929991111934354,6.107942211824717,-0.45525178991711523,-0.6613419191903459,0.09301348675209734
18.59,3.3504354622265664,7.273412421494013,7.501058685158095,-0.5261735431147359,-0.3848417561896584,0.016024947920482077
18.6,3.192245635304762,7.648702676261033,8.156376984079941,-0.2873461815449723,0.1442487358564325,-0.06654838405305273
18.61,2.5147042446502192,6.10577953937538,5.697775975651401,-0.36403007491819445,0.12120965830988478,-0.1595708234198621
18.62,3.421862134829217,6.347023815157525,6.214034041273885,-0.8693853220364021,-0.3446839823996431,0.13432569506697833
18.63,3.354154001743235,6.721504150905075,7.0465443187231225,-0.6604136573964494,-0.5210352283778743,0.11646381646844975
18.64,3.445056479217516,7.093845707943579,7.894414737721349,-0.06385484997912082,-0.30823317172380615,0.02712048398673328
18.65,3.0832247086422746,7.11676586580465,8.596957715556862,0.3915139188969188,0.09293946717498025,-0.061878292580047914
18.66,3.30746563341512,6.836706387413054,8.859291138201923,0.18310864059018603,0.3730158440223699,-0.06411613378774354
18.67,3.392661147439054,6.436821396479521,8.588870701881284,-0.3146868068166811,0.23642947093918074,0.04614567045220665
18.68,3.4201061769856467,6.623155285414488,8.398738705060264,-0.48025404863205706,0.03800741258354477,0.03972610310826948
18.69,3.2557797347391637,6.246406328742661,6.990788642204196,-0.5194116070060792,-0.10278563159304646,-0.000845514038895778
18.7,2.872440845502465,5.307348810453771,6.10733277418585,-1.1075546439701864,-0.516017700921873,0.13688010159185726
18.71,3.078026727874483,5.765718939099188,6.6763776062617,-1.0727912453224446,-0.3699013184488094,0.06802603747521785
18.72,2.7584518621750025,6.274090488478342,7.1023972021120425,-0.5227935486199746,0.194788924706037,-0.06254284539544783
18.73,3.174211892435191,6.410232407772365,6.88112818812464,-0.07648537480572387,0.45794179564453014,-0.12059691703198952
18.74,3.514967066087336,6.431023654973033,7.797032100268381,-0.21007716165514195,0.36580805689448853,-0.020586778456555654
18.75,2.9218454249739203,5.092524604814616,5.623223565628598,-0.7279690226797317,-0.1061171076423802,0.039481719046030844
18.76,2.9269831896704326,5.757110659652104,6.063840996130058,-1.361676110121022,-0.6305206472613288,0.2446836388347156
18.77,3.3594289258407497,6.1375460982778325,6.550519479133384,-1.0592960526213213,-0.5887258792692918,0.11846896608010701
18.78,3.086466034331095,6.594958830874152,6.78876909858794,-0.23944458809613528,-0.028085738962308437,-0.15105058966204926
18.79,3.3628611271802082,6.297073183790265,7.537894900828863,0.21962064537076298,0.31952569536770403,-0.07545342620602918
18.8,3.366005819315092,6.443849889088627,8.139051512894039,0.17827265506314463,0.3926667541558963,-0.03708772610688232
18.81,3.271345856760551,6.324971104832661,8.857374789126055,-0.06227305590996333,0.18244076376380616,0.016301901277960277
18.82,3.251948788676269,6.044460249290022,8.196502731677583,-0.36818924045161794,-0.10517899805628528,0.058873913254538265
18.83,3.3509601129251254,6.069450191064006,8.012008418447833,-0.3916062094697908,-0.08015939443899557,-0.03128117452547647
18.84,3.4340715802209174,5.872796266422716,7.221053566395798,-0.5417988610736502,-0.07117406582612118,-0.015787465263013254
18.85,3.3757763809037673,5.802610078272319,8.00632021412653,-0.357536144358087,0.08264948142435762,-0.017359297614904654
18.86,3.0626382716123484,5.915808782138532,8.10722857924566,-0.14292010865265026,0.3012325216818122,-0.03130256112756772
18.87,2.9577617567126744,5.23431569164566,5.745233207647189,-0.2715789823581246,0.16318509779657972,-0.10619424948171384
18.88,3.046170258850703,5.380850630763823,5.835055209098809,-0.8211755749560692,-0.327350559961503,0.08182706681368332
18.89,3.3972797002171617,5.934739674462916,7.254614522253636,-0.8065048809200814,-0.33695757263471415,0.0559918870522437
18.9,3.0439048407656246,5.862857221285939,6.783583402290619,-0.6384925599571154,-0.10906272753456128,-0.02258120110576746
18.91,3.070699220013263,5.907984095751044,7.489067862291303,-0.20183479737127066,0.24721661773450396,-0.11383426952538683
18.92,3.1185570786034487,6.2179900040938,8.404927620871629,0.23193061286653416,0.40919392593501885,-0.07710436989851034
18.93,3.471544070737682,5.847081325433245,8.647683145451198,0.15228466310390198,0.25379961952899194,0.011228524013386016
18.94,3.486864662131574,5.957939564641694,8.878537785173757,-0.32033665800197514,-0.026660374784893654,0.06422210575980494
18.95,2.7831244011057916,5.3170420650483425,7.275498676782131,-0.6657764797903994,-0.12917581614860316,-0.11417762755184993
18.96,2.863918860783511,4.739641700909758,6.723293532084312,-1.1492393427120406,-0.345293472805631,0.008868438460519145
18.97,3.2475167710582054,5.4372730948091075,7.327576112172517,-0.7540344634516312,0.006101199391661245,-0.022777359106839125
18.98,3.263235176179258,5.786482852456185,8.16898193497759,0.05597842055601661,0.37289209691983155,-0.13740683997294792
18.99,3.2733189674970653,5.647216204714327,8.42455595695976,0.3010393193559906,0.37983227719750695,-0.008540433742642586
19.0,3.267702158239489,5.568137297004114,8.73076626210407,-0.08886335940045995,0.1376408349514475,0.031014772246011218
19.01,3.5021677813504106,5.155880789643345,8.371253533680466,-0.6171630349618349,-0.07836619137318791,-0.020423961051859698
19.02,3.2399407121615345,4.932530717391511,8.123728697009902,-0.8997559164106125,-0.13318063729419996,0.06243284358914378
19.03,3.1379572693450406,5.3530084297079465,7.987212593567599,-0.620011195599186,0.03447102371528143,-0.06325719249547901
19.04,3.235902769444051,5.038024306540599,8.004046457354471,-0.40964735112491046,0.19015970938456211,-0.0866002982440485
19.05,3.3549742738402277,5.465824756059857,8.309102086267984,-0.34422339893262227,0.2027353657238343,-0.06056296938135157
19.06,3.085716437869327,5.280636858379366,8.133337544478817,-0.34238472896889705,0.13249314470414084,-0.0067502290829275675
19.07,3.185372391425917,4.556479849433745,6.862193118029528,-0.4912955273798889,0.06056201009654066,-0.2029735449710294
19.08,2.8637186969620054,4.591237236469962,6.472914958624322,-0.8636636686100312,-0.11202991119689588,-0.00869947618863481
19.09,2.9511598357468367,4.913966303504907,7.688624190900523,-0.6858045648647451,0.022666182943081536,-0.0947875024120636
19.1,2.8083555725716254,4.941166874464744,6.89294947003905,-0.5507073316763436,0.09077003406050829,-0.12753542656627753
19.11,3.5069808100551843,4.896132066430844,8.016381130334775,-0.3862109935079202,0.16698271821312713,-0.04339260908986406
19.12,3.3396027212878203,5.095515218887603,8.370020612191503,-0.16191533980077089,0.0413340298092304,-0.04760083751157712
19.13,3.4265992912137526,5.171196037530798,9.358053362093738,-0.06386045353577685,-0.14867027619055642,0.05663869510741918
19.14,3.39312396441979,5.079234569467403,9.016076662103012,-0.15782827627114512,-0.16648028326791486,0.016227373980916466
19.15,2.92858327330575,4.483919353789812,7.654340105789938,-0.2801477412715026,-0.07926444660611001,-0.23712261087638395
19.16,2.7066212573051307,4.0879351765953755,7.366838590837333,-0.524552336311872,-0.06880752908188212,-0.05692636036702167
19.17,3.0716492876836377,4.669979895783976,8.203027425309163,-0.5554177698687456,0.02692678575888871,-0.009091832150202664
19.18,3.176314296037842,4.936547228997366,8.783470204064397,-0.14333467375887884,0.07548714369912939,-0.03583837600850016
19.19,3.0798588268735174,5.084699313656081,9.082943660385483,0.020349915526973086,0.034920725443721594,-0.04782557620924101
19.2,3.3895041424892987,4.6742602896027385,9.077122551446822,-0.24584260170703523,-0.058057327305975806,0.017809636698671315
19.21,2.6965915550447974,4.378844509062003,7.668270808059368,-0.4447210731466902,0.07946332341557075,-0.24858372075262652
19.22,2.5768243451285504,4.397436897020537,6.919803134619688,-0.7126772602807585,0.01655592206509874,-0.06955741016547928
19.23,2.9202665043537195,4.442770894200634,7.376608657098098,-0.7102934333522981,0.18565545920544596,-0.1543956521989382
19.24,2.847660548198539,4.507750111365045,7.379771603769065,-0.6399946520113782,0.3512178365379268,-0.11516993564789164
19.25,3.313734108693016,4.5919312580186675,8.171640775466269,-0.5330071883288302,0.29427402731627894,-0.01718045251377813
19.26,3.469046408086924,5.006316643261569,8.675095566131052,-0.19420390661671375,-0.03484779763439262,-0.0028054826523208256
19.27,2.8283193902917922,4.272202411317569,7.365400120422184,-0.01797316662655032,-0.19522054674307826,-0.2510429826748961
19.28,2.4978216843769063,4.183039366192081,6.781166127929511,-0.1494573667085838,-0.2608882394186975,-0.09751796463974893
19.29,3.3756984504866954,4.731156600180639,8.170017211409174,-0.3925960799219943,-0.15659281198020863,-0.01276367839561476
19.3,3.0925803893466473,4.586649120527529,9.311676526947837,-0.3980233463681312,0.04012272145159219,-0.00035096681229968354
19.31,3.188542744137471,4.672077946016218,9.252922952390051,-0.2311811195551088,0.053689230277456354,-0.009978326816230645
19.32,3.388702897776104,4.568283070057739,9.4907034836491,-0.11770534603140889,-0.03223592297467645,0.00660819537594088
19.33,2.8624006576266847,4.5226662972808045,8.437468494583051,-0.20332093085728703,-0.07513001393683447,-0.042641450757183584
19.34,3.5066184939902896,4.184028640658017,9.172829284622217,-0.37179567932416613,0.0006346151609196967,0.019876439169910266
19.35,2.9998114948368144,4.258846438673856,9.145599000449899,-0.4633599523854472,0.11590697165236102,-0.04545972655627124
19.36,2.9108389903873007,4.291065906096018,9.132595710982795,-0.5015750844355015,0.12818561011616766,-0.005822308794685711
19.37,2.576655243323722,4.1487418099091675,7.558086197448324,-0.4621465279127144,0.2071803066407791,-0.282917460019746
19.38,3.077727273835636,4.170385214303516,7.042673317775751,-0.5707995455514357,0.26071462652085753,-0.08282673881858724
19.39,3.0715870371565104,4.203071661550231,8.363558809772238,-0.6456970681868843,0.2144661027369624,-0.0007007563171983252
19.4,3.0231630521956583,3.96195368932621,7.696086890196811,-0.6133219035790343,0.17513521592247525,-0.08024537455667854
19.41,2.97282010699624,4.3559580450798245,8.400486063159809,-0.4735259605188885,0.13928956452577348,-0.013422168498033979
19.42,2.9279504460659815,4.164987624746469,8.850703802048114,-0.23819656095007277,0.012082088269023112,-0.0018348629821822557
19.43,2.840079078063203,3.9478701966684966,9.14631656996529,-0.19948075519405095,-0.03016388836000003,0.03905946358099608
19.44,3.0961687874619517,4.2162747310784425,9.244700449708949,-0.3354247858491775,0.034191583736562906,-0.0011950691637780675
19.45,3.1997563487386236,3.9515025641787482,9.06774531786604,-0.3600537920513453,0.08383184815827592,-0.018998282196563403
19.46,3.0357042326294703,4.285574571000471,9.237559950005636,-0.33373359482726783,0.09347001657433733,-0.026003633555345226
19.47,2.8099882190466796,4.101054669768885,9.382689866673017,-0.2286150482185147,0.07488028757524151,-0.045091357830849416
19.48,2.971348265562821,3.6794177373761956,8.469522663647657,-0.2935634285827223,0.11632879027177005,-0.07214498266009141
19.49,2.737009275074488,3.607018021813755,8.755085206541473,-0.4131926983924567,0.18759161886171427,0.016399114416303085
19.5,3.1006169186260637,3.5856852018059144,9.001357797191258,-0.5957074457643926,0.2317377819333421,-0.0035159542256896596
19.51,2.6648533953450815,3.3515406362203146,7.357564554778333,-0.5448849231693849,0.23239756234463096,-0.2782119353653833
19.52,2.6492287442120417,3.350470778676379,6.7429272172715,-0.6657286353168618,0.34265427529003056,-0.1591384603548963
19.53,2.3707595180211483,3.274640318348842,6.707010697346313,-0.6937888724800217,0.48424448066121106,-0.40415571286727736
19.54,2.637369305415499,3.4662154450943996,6.81979312663627,-0.8065687575330018,0.5667014532508778,-0.07653941352169161
19.55,2.7509125308637086,3.582655678779963,7.891893132802473,-0.6605585042018243,0.34283382509730864,-0.05373646305158524
19.56,3.047326511187986,3.881033966394388,8.805717169356976,-0.28918006445107647,-0.005176889100863891,-0.055954886835416946
19.57,3.160575231474092,3.8521402601351373,8.962727994754228,0.03973648421952673,-0.2895542907056618,-0.0011728899243341907
19.58,3.0218312885173617,3.524520393401284,10.005151306866868,0.20825239120700242,-0.35697822626612663,0.008346398013228536
19.59,2.8079266231095366,3.465669471172604,8.733088670872677,-0.0809272480405536,-0.06474109548221922,-0.20081509414798157
19.6,2.541261793478735,3.3366720810703177,8.242795174309025,-0.6006230574901693,0.4589268241876776,-0.19850185223944547
19.61,2.2782444907329378,3.3180506397240523,8.463440371210833,-0.8589037301682491,0.6721573298362864,-0.08196476133351152
19.62,2.6430265593287094,3.4171534623992246,8.432909952194048,-0.6235386835875645,0.3487929018587067,-0.05900520910742038
19.63,2.738062945439775,3.4655560633288163,8.221649481332713,-0.18970864529844902,-0.055433472526448056,-0.04061180697206017
19.64,2.657696430737065,3.329205704151507,9.681439672531361,0.12077623363290128,-0.3608295287928035,0.007554964734739236
19.65,2.427528303654071,3.307802618723385,8.829505744226324,0.08787399812940355,-0.24994490588363613,-0.16522790671566995
19.66,2.300289145344093,3.321842258191237,9.058421455313225,-0.3859467036014888,0.19781189001769714,-0.10223650508626277
19.67,2.7124817158228054,2.7858329559973947,8.556350085414024,-0.6154818248358296,0.4919073163181448,-0.28733082288468653
19.68,2.5636438507394312,2.893446724088377,7.750046155381881,-0.943350420236547,0.7871394682357261,-0.2110990055111525
19.69,2.2366805295639494,2.97976390094284,7.8699284887282905,-0.8637254739032175,0.5946891893860619,-0.15020875475703133
19.7,2.412487591408638,3.4104760799211684,8.38828280359404,-0.30095102369937804,0.062054456639744356,-0.08248418052890727
19.71,2.773297276522984,3.004547927600926,8.53678447207499,-0.023923811379969594,-0.16978557279549594,-0.20818702369566633
19.72,2.337778464299051,3.0300992317483306,8.730777841738284,-0.45409382626952205,0.28443041792167506,-0.17723008682835398
19.73,2.893039525042017,3.0995523909985168,8.499330624760763,-0.6048070337362745,0.3959266580841842,-0.08884766776659948
19.74,2.4388727795690994,3.1060275620668114,9.270359353499297,-0.3002552615719087,0.07746232686941197,-0.09128188526976616
19.75,2.529915930927394,2.9263973818781825,9.264344885419476,-0.05504366724206697,-0.15759816994844186,-0.05036118986826452
19.76,2.341913598790496,2.9111246630838354,10.228888670362336,0.11084367474341286,-0.30408886772811644,-0.0004952681934941514
19.77,2.428273343173931,2.948506211623679,10.217768052921821,0.33075641175571036,-0.5573384894211537,0.0028079642332698874
19.78,2.1755305810040535,3.070455561980759,10.372907900810187,0.32970376029667336,-0.5541254451722263,-0.04792883234274139
19.79,2.451029606084452,2.8671461615438454,10.58188037688885,-0.07832544436874848,-0.18169391902437698,-0.03590100436539113
19.8,2.1937277531019377,2.7418823048174525,10.428997352821149,-0.12385269989467373,-0.09159243431322765,-0.00027780195288771084
19.81,2.140955822907631,2.4178046383970138,9.152415476730237,-0.2907472074075947,0.10097886036823267,-0.20430995417784084
19.82,2.410743551811274,2.598709350925068,8.882181626042238,-0.835080790476584,0.6783733964676814,-0.19469306021911992
19.83,2.0017785820320055,2.66475587687228,8.692903694093252,-0.924357510167385,0.7815001595719414,-0.12130520957941714
19.84,2.313099275427614,2.542131295884908,8.686643169894039,-0.5578562466463953,0.307816081985875,-0.09316918124997285
19.85,1.9736088873761384,2.6216224790665486,9.202260717092267,0.039136045119601864,-0.2857252982284198,-0.011778027173520427
19.86,2.356515288151734,2.5415648642225106,9.750330580294678,0.3812929697983477,-0.6050419253403733,0.03282037057839471
19.87,2.364479486721935,2.7227608321059247,9.747743988922196,0.1981543984607437,-0.43332616998586737,0.013064758155435244
19.88,2.0913855475434144,2.806676801585813,10.24418699031478,-0.0919357489944837,-0.13228538061265505,-0.0271724312325151
19.89,2.1421898016441583,2.424414868812708,9.712552250257744,-0.36164718847947486,0.16503668593325013,-0.11055545454785527
19.9,2.0898289338997014,2.559250431478527,9.06072269006236,-0.7844780007491203,0.5488304701465578,-0.1612444115650798
19.91,2.299343091569666,2.293575522050151,8.92792799418881,-0.8636579462915772,0.7344702979676568,-0.11553629501598481
19.92,2.470084056249177,2.6420603698918588,9.010091569397153,-0.4863216997603351,0.302101838550897,-0.01903875103618364
19.93,2.5465370552283555,2.3642195766251763,9.154978344726812,0.026806516234160437,-0.192281850548538,0.021110316645096158
19.94,2.07856257215665,2.5858105493713954,8.862772846964855,0.16602922192364153,-0.4112135194056262,-0.07792976960727897
19.95,2.374965919640806,2.682004612359838,9.74574274780098,-0.15637495020700956,-0.015529238826992618,-0.01668350097952731
19.96,1.9467219648214118,2.6319504595427974,9.83913708233544,-0.2920123099896975,0.10937039712624945,-0.012697887508456887
19.97,2.5706986437774155,2.1874349936563666,9.408651116400309,-0.24415163169062853,0.10081245535368634,-0.10049564101117274
19.98,2.029187489018708,2.5290968890016936,8.950213068878238,-0.46114624765024553,0.35795034931130804,-0.07306610783848466
19.99,2.283277345395976,2.4107014048966273,9.759855310577617,-0.4636741196213256,0.30853276582597483,-0.05124968741876344
20.0,2.2395700798543015,2.4799757525300956,9.676204717386687,-0.15333613288917544,-0.015699004992682918,-0.0052727108060480875
20.01,2.070137735174817,2.1912457247809654,9.100017516898651,-0.15281887889333845,0.015579779104902264,-0.16035171447367852
20.02,1.9796496352551929,2.2099699817800653,9.053065195002976,-0.7210780390789682,0.6149651181842722,-0.15952942690784166
20.03,2.107104428451821,2.0747964664305574,9.016630828582972,-0.9539512695732831,0.8354656910384708,-0.09754424411344258
20.04,2.393525199996545,1.969629130259754,8.944041787742085,-0.6210376527883714,0.4628911629125412,-0.05679800233280073
20.05,2.1614757749782108,2.443530268214636,9.050276384939458,-0.025846035796124975,-0.08590958651699376,0.005592550155877032
20.06,1.9703843447670677,2.3182007877500324,9.735349610289044,0.27066251237488054,-0.42436886001626933,0.019491517097447827
20.07,2.008316491943584,2.011991147560849,9.803821753981412,0.21495189243969257,-0.4021394102108778,0.007419874676219183
20.08,1.991386680780732,2.1872326368785737,9.694789934371757,-0.07048394564607183,-0.043589718763632115,0.02523037392724649
20.09,1.883887912227952,1.9687884098404405,9.132619761780209,-0.4889392796989979,0.3850165192304381,-0.15467401470232656
20.1,1.9014153179834792,1.8837363781282384,9.085159578546067,-1.1145943145051318,1.0777843657991422,-0.14188571025391455
20.11,1.8678499064589262,1.9449377931651457,8.27836734231066,-1.0564554068247551,1.0290277712708995,-0.16208451238885885
20.12,2.1223733741715574,1.9894938048987987,7.8812152647630995,-0.42858097129553235,0.3546638158371357,-0.09920707747112735
20.13,1.7451977516668533,1.953593843589802,8.432400558121646,-0.11201403586174702,0.05897306253047689,-0.1720680071563174
20.14,2.099539166376208,1.88209907942359,8.987392788105641,-0.4688877855289756,0.3446441682070305,-0.053529652743334454
20.15,2.1265226757964815,1.9693909333435213,9.061935975013254,-0.3378914954093046,0.23352381769106703,-0.05520457344254352
20.16,2.030583482120693,1.8435893981713272,9.620463778299175,0.018875780322598616,-0.18202548544210792,0.012898343874582042
20.17,1.8787085284977065,1.6879356608362124,9.179295710533298,0.0639422823745766,-0.1502732031639632,-0.16988457568168439
20.18,1.7129403201699795,1.8593945347437177,9.172889368956803,-0.7265798395855362,0.6827640481181322,-0.3052433697456881
20.19,1.5469977838049278,1.523945785116406,8.820701550374975,-1.8128990127706233,1.7451089223682363,-0.414951949430222
20.2,1.518590661206044,1.4889199208109856,7.7036029296184285,-2.749386895978562,2.6250842699156123,-0.5611783559083561
20.21,1.2222193750739316,1.4031108886073036,7.71212907173521,-3.125104920794559,2.7766508445640246,-0.5423744985884343
20.22,1.2912267797875316,1.5803182785035683,8.153453423506972,-2.690695038474013,2.198785204513671,-0.4424589789375348
20.23,1.163740537888731,1.6840633274150532,7.668317212350037,-1.873019612060234,1.371716989454726,-0.30515998168369524
20.24,1.3587790093763161,1.553598767779997,7.92586653310527,-1.0950230450522638,0.8939734716925989,-0.22175355668574115
20.25,0.8706045987951643,1.274764643372544,8.36065591275836,-0.8785827396058121,1.0283068629181895,-0.16971321560916558
20.26,0.9991567944710488,1.1859164782104905,8.51391660690463,-1.1550219245710125,1.3694413763062177,-0.10662950884703154
20.27,1.0333543309324595,0.9783880117940091,9.072072114475,-1.1386679706124667,1.2537519836554567,-0.07830304789003376
20.28,0.7028873604176163,0.662109386689957,9.05658221770641,-0.7711087860246589,0.760592408703609,-0.043028295599373365
20.29,0.4244055682213689,0.6187761065560283,9.240695335454083,-0.3883477515133528,0.26941832756356615,-0.012555663372531271
20.3,0.8066111016215742,0.2075710614953803,9.42037507775542,-0.09699331512594196,0.08373889539816437,0.017592520582699993
20.31,0.462234159566401,0.3786183007872097,9.238339299230345,-0.0980354958413108,0.20439039989561478,0.03915574017624097
20.32,-0.021209255439532226,0.3674241178022024,9.380146700712999,-0.18537130410020078,0.3588258224910783,-0.041061389779510224
20.33,0.2600307230155285,0.13701616485802853,9.299496104853342,-0.177752302784261,0.2840034845870561,-0.008882171335550951
20.34,0.1487777584770188,0.09278358934276519,9.224162284895998,-0.07576888520819215,0.07320091925842083,-0.033005913348508116
20.35,-0.24542844640322264,-0.20085712399664915,9.713304428247312,0.09960036799785248,-0.08150531711078174,0.019333360112398786
20.36,0.10267123837652929,-0.2105709531950294,9.842140019724685,0.1372495582794675,-0.0877855104740525,0.01924924559385871
20.37,0.16520837285808576,0.23896200851552918,9.288672763159296,0.13499335945825366,-0.06238290234792976,0.022457802552968184
20.38,-0.09369880513578922,0.27802244172842283,9.25605372107255,0.07141869571253781,0.048744907719367465,0.030633086533576923
20.39,-0.019617152588306853,-0.21707632815570357,9.728141142146601,0.06656224972411945,-0.00283181120670565,-0.029756342173643077
20.4,0.013933488712124034,0.18056548531831842,9.132906250814688,0.05918289819867676,-0.042050504201180595,0.006764265352109895
20.41,-0.28247916082981506,0.03106473702220923,9.060495218037026,0.08716624884177979,-0.14409702549485107,-0.02165829150919138
20.42,0.10666576181914808,-0.37450912788590585,9.301820988799518,0.07552530610945973,-0.0905702088366041,-9.963273478226422e-05
20.43,-0.030725924954398468,-0.1060790039486167,10.073440767273617,0.023119787921448365,-0.02957012256334708,0.02609520441987941
20.44,0.11803434387267714,-0.12465964842912677,10.032848415064658,0.032051005386974224,0.0041686010695137395,0.0354073261281018
20.45,-0.05333317212100206,-0.12239155166193644,9.64604436704073,-0.00433451250892012,0.008607314082448594,0.029032044556027047
20.46,0.16870993702837228,-0.06120709195095189,9.815363360579044,0.01697999810540811,-0.034159717440453,-0.029963653487036942
20.47,-0.2735674232378943,-0.24613183911149128,9.973449646485326,0.09246685234144493,-0.10725156130542579,0.0037828228139349523
20.48,-0.19513395924239102,-0.43037757819451056,9.37654977574908,0.06927029788993143,-0.11311807386686923,0.027284901688467176
20.49,-0.5243612675221949,-0.05466955886217254,9.957670195292296,0.019550072849290903,-0.05722190313032512,0.009638347408950958
20.5,-0.18569045954775096,0.10552284597219459,10.093209079358504,-0.026406237348167955,0.017977702701185174,0.015626379649896514
20.51,-0.19764732265420476,-0.24165244905655842,9.785852546392041,-0.0293822184970917,0.0665074786251262,-0.026322866832445783
20.52,0.07230998875580218,-0.0468334116004973,9.563465335586201,0.031535652889699194,-0.006128208706583985,0.015839587207866903
20.53,0.25661601191368544,-0.09304802349258827,10.053712387162088,0.05286676984670944,-0.017900776185621286,0.01064427774762501
20.54,0.12454032137434978,-0.06994674028983003,9.83041887315959,0.049268088996661394,-0.028156625838524716,-0.009240439991468858
20.55,0.03455826930329507,-0.172102676526467,9.14881798993493,0.011285276793018304,-0.03714398543175837,0.00854267077704904
20.56,-0.16914443191337955,0.2437658553708363,9.292374525883943,0.011101629479300526,-0.01968228358652467,-0.0005943457543454187
20.57,0.22771051378686052,-0.22780147736689418,9.623955223903634,0.007456893521831273,-0.0006768763660271425,-0.0072019711413189745
20.58,-0.17801177670708984,-0.11828828663162154,9.477291944337841,-0.011315779257738471,0.012273330208095207,0.009414482909693423
20.59,-0.013220177006951193,0.09200911179915072,9.556074589532269,0.04207661427490757,-0.02495140667710013,-0.020170510602249912
20.6,-0.07150485676388221,-0.22068541969270195,9.575657866176567,-0.00574368741771164,0.020840127061961547,-0.002301717457286273
20.61,0.026452122077129776,-0.014650325599184595,9.63981250460072,0.01823409227428862,0.016420443768800128,-0.01734382930886461
20.62,-0.21150322898630744,-0.13380149017018497,9.298723359142087,0.006458146340589959,-0.02636351016380973,0.025481584133667502
20.63,-0.19288017749933967,0.07746128328011109,9.68161540696352,-0.010157638946317998,0.000948284436124426,0.020649064085647255
20.64,-0.06481329541600839,-0.020785638956656992,9.52373603429661,0.03435086614577685,0.007336939129755927,0.013493266433891721
20.65,0.40909766960418364,-0.3428715410743865,10.274904881448585,-0.014918195507201231,0.012160492034526751,-0.01530323214060802
20.66,0.27617830807485844,-0.10976180389179657,10.138562488280172,0.021118253068392993,-0.031923142734822496,0.01091704307676041
20.67,-0.14701746852786288,-0.17989036174245168,9.858300261125603,-0.005882344111559428,0.0058658205765059895,0.034381297545502475
20.68,-0.03217533196217942,0.05141929775613128,10.149931151096528,-0.014219739540812433,0.012172599728236316,0.00642599749819484
20.69,-0.031079471787066763,-0.01662916859239856,10.19174910478151,-0.0015541384826674885,0.009267253983970894,0.0007650789578482647
20.7,-0.037120546547225804,-0.0190372620563854,9.7484025488612,-0.010758095247488376,0.0008515684797079709,0.008372012566817971
20.71,0.13971640021340556,-0.21752237499234736,9.79042576006588,-0.024061747835145277,-0.00012766554426801337,-0.0059115375623592925
20.72,-0.21925211923250323,0.24502630354104876,10.056520965376778,0.012551401227372933,-0.0258750800309855,0.008154811651991663
20.73,-0.1406020439129751,-0.025595439466239985,9.768513434553276,0.0021553332457370277,-0.017922713831314337,0.0060691060796812316
20.74,-0.07846778830300298,0.03621718110953921,9.812385632647977,-0.021093994424126794,0.01995099592919574,0.003296327845041354
20.75,0.45213241503822027,0.09247533344744271,9.691140525076817,0.04527269222014495,-0.001893172998850429,-0.011624683080338915
20.76,0.12582141842298666,-0.17177690168406898,9.540098777124456,0.0007239554191177059,-0.022221694412971157,0.04905740014718038
20.77,0.17293331277499377,-0.29578572557888694,9.698343918243966,0.0030260493644232982,-0.010218333265563866,-0.002984131303959787
20.78,0.14883671504378695,0.24395311988703694,10.055194475687433,0.0234177712934635,-0.0011379459241196983,-0.014010997837089947
20.79,0.11932817014378722,0.11744453681941383,10.08528928265338,0.004444747678403333,-0.018145527776506618,0.0278901859365254
20.8,-0.08355175400224575,-0.486890564123873,9.87296671612324,-0.006128234021533996,-0.010137593354709285,-0.03250815430842244
20.81,0.0029996229626336377,-0.07927673428850313,9.575484590774034,-0.02093681181183357,-0.0018397070550982275,-0.003425128127862723
20.82,0.3819083026240733,0.369134716892798,9.80423935119096,0.008691661516755295,0.04278099754749821,-0.049829785414237146
20.83,-0.22856205526869652,0.19614191230787528,9.740987895745935,-0.009663867664528997,0.04130993644627428,-0.03881173751618486
20.84,0.08414038370864149,-0.32501476011537367,9.442143771607936,-0.01277820623362714,-0.008277729923199893,-0.012053590450177946
20.85,0.2375146931558785,0.1956657740791771,9.735896491975641,0.014762708284485693,0.002262590666818553,0.02982185442369649
20.86,-0.21098444677283362,0.04446119065046427,10.01238175643835,-0.023235259441318244,-0.026812110808565628,-0.010003292959589006
20.87,0.23581830675961232,-0.16843506258849272,9.906856645698037,-0.001932131370362051,0.001722741480000079,0.0005891987028661711
20.88,0.14319963011403408,-0.33765758650716343,9.750153244728665,-0.017479692507070176,0.007906989588095745,-0.042840326256984466
20.89,-0.08568762121239473,0.28383165951804984,10.04705182784001,-0.007242773837847704,-0.01922087769231591,-0.021869657645420544
20.9,-0.03139932544408946,0.1816425019766877,10.010195392972038,0.04421527732066773,-0.006174628186668805,0.015836792287649126
20.91,-0.07244572056880035,-0.11702830953119613,9.79840946433127,-0.0034117071333901417,0.010189750031236414,-0.020131168239032812
20.92,0.05237794757003719,-0.39444450375009354,10.05392638419338,-0.005682484923059146,-0.006113334462704811,0.0263592733769288
20.93,0.18380504864812675,0.08770567970658211,9.659119807778888,-0.0060185214792297295,0.008178999945794583,-0.013546684368154064
20.94,-0.03803297675345179,-0.20588983077175707,9.32270781227665,-0.05267087492775124,-0.022217146476882516,-0.005743503840298768
20.95,-0.1130126527682539,0.004142220303799102,9.87817256419886,0.006876427876643306,0.033429774920039124,0.0016258685503238498
20.96,0.18447881088471568,-0.005704317220557192,10.065993725414051,-0.03234331416060857,-0.026628294141531228,0.01686800212622505
20.97,-0.048325315596253596,0.21026408304298097,9.592567045431998,0.002990011966255676,0.029838649750619728,-0.002444841060850848
20.98,-0.2491866084922629,0.3179688161741766,9.81761351922211,0.004277899954783426,-0.06114307394326509,-0.01941293307110822
20.99,0.029381328687544346,0.05309607586470095,9.794076002154174,-0.01675388592001081,0.006188432007066182,0.006026087990805156
21.0,0.08825745138620057,0.16730094126519418,9.771948179145733,-0.011232572989254758,0.003125830774927435,0.008603788019473804
21.01,-0.034865330744720924,-0.26122205952594574,9.949880592339293,-0.0002592900891483896,-0.0017879369096637234,-0.010754385887482818
21.02,0.058005670933416596,0.08279189876659676,9.764744540316682,0.020631375934077132,-0.006747076126983255,0.022227286624441487
21.03,-0.08700618729430687,-0.06560386593607187,9.931455195243268,6.129230831808646e-05,-0.017875560934935357,-0.011398542985977889
21.04,-0.10149123637299415,-0.04585534419815594,9.369900697800116,0.033143355025099956,-0.0317296377241485,-0.022522561412424504
21.05,0.02131613673187217,0.24713930684696678,9.594822817102829,0.01187965103331991,-0.009153895254941926,0.009648192864433502
21.06,-0.07755370623662908,0.005397477300733934,9.210626846125228,0.03585691024974273,-0.03136729915368454,0.011408941635382884
21.07,0.011436566804015056,0.219321337125019,9.722920406418545,-0.000529012403908886,-0.03670740633328459,-0.023271443633478064
21.08,-0.32924422233424344,0.5745098290222092,9.867946495313596,-0.00041883872984433486,-0.026964947584357774,-0.010025796665465214
21.09,-0.3178705370754632,-0.09037300651277252,9.839156568832237,-0.04738033357631561,-0.025128184958642368,0.001730472977406287
21.1,0.15465327944082022,0.36688307451692087,9.72081698587917,-0.026745154968891533,-0.012214558338967878,0.017660411526862506
21.11,-0.2243682459213133,0.09440195789992196,10.212302538242277,-0.0037812528256517624,0.01596699781825055,0.0019122218278446183
21.12,-0.1092207448754962,0.07813265806495151,10.206271766865758,-0.012823352130599479,-0.013381830785862598,-0.012234359898939711
21.13,0.2175044149328161,-0.16301380168537308,9.78509199598669,-0.03200966419609717,0.0107785871311182,0.015338486824776856
21.14,-0.17249823336395181,0.16516363877031984,9.441638190572686,-0.005061902838547257,0.03175456340332939,-0.009143053484734218
21.15,0.20473702471481192,0.001904125335912357,9.580062903554598,0.007751562971774919,0.022453648750161412,0.03316251049463135
21.16,-0.0006228724507362173,-0.05777377491589413,9.801576761360266,-0.00653730071751423,0.027568908959328415,-0.006479098707931346
21.17,0.23809330801407272,-0.1236258717784061,9.700250993968224,0.008616070184027989,-0.003114430336893021,0.017630473324306003
21.18,0.29233007539730804,-0.44309106750860044,9.073132941412316,-0.01226385238326122,-0.004041669428157407,-0.018531387924837408
21.19,0.0011276684615610791,0.05435592878306073,9.835036192594647,-0.015929868730557246,0.0002981594848767824,0.018209410685250147
21.2,-0.22409462457514534,0.15922927499978495,9.785418481797132,-0.012552320211895942,0.009435368997270191,0.013006335760224022
21.21,0.3163554020052475,0.3660688414395915,9.607989874781328,0.04520991944669946,0.0038657236827977616,0.026299920134168556
21.22,0.15024761009234205,0.26236264893890154,9.783818763374263,-0.03077417529954513,0.017217559850344035,0.00019462942318016426
21.23,-0.021014896615917406,-0.034892057302889606,9.414049973312292,-0.007373526363062642,0.0031462652671124243,0.0037593138015546783
21.24,0.10502667674846008,-0.05491019792106205,9.56655070377333,0.014186783068783883,-0.015274333923232996,-0.011082425556146672
21.25,0.142342999089882,0.11781790855319417,10.021888069165078,0.013122017714221515,-0.023626807609267598,0.023526804507339055
21.26,0.08400708768912321,-0.1674352995023274,10.019102760071934,-0.014953586038677823,0.03319748919568792,-0.03760252306049229
21.27,0.2881318577908029,0.1202594858495147,10.101436936324545,0.012183714882305734,0.0072758354381559694,-0.009990303367881672
21.28,0.40155641401675707,0.20052112732875482,9.392030748191223,-0.038060821207820304,-0.01891747491664678,0.006291446758541255
21.29,-0.09063820733447722,0.21171334529069188,10.246912907344687,0.056874355861671104,-0.0007636723405422935,-0.01235946901909567
21.3,-0.0318857427090238,0.1318406184866587,10.130753551855676,-0.025209127043872886,-0.029336028500590052,0.021040363003405792
21.31,-0.05753823789197805,0.24549643019000178,9.711884878742483,0.01283105319019214,0.009414159267332717,-0.00035797998826051105
21.32,0.013497092379186431,-0.0643385841377004,9.305577859193827,-0.004682905671280258,0.008969580308770427,-0.0052443916252853965
21.33,-0.298510592420992,-0.16248707257982625,9.781638080271703,0.004020452447345921,0.007707713277281673,0.011609422393566717
21.34,-0.11367923468277487,-0.28205925789465724,9.632234163744164,0.0013233231932487887,-0.0049817434811106915,0.0030008644325695564
21.35,0.037685332058231116,0.3982870221882176,9.508211931163233,0.007882976282208201,0.013863036670674489,-0.015887692870684048
21.36,-0.13493910456620792,-0.017114062297097422,9.472790178934552,-0.0030311403675616017,0.04875103824267597,-0.02328153756111301
21.37,-0.2989465783419948,0.0062395134593218275,9.508669894369136,-0.02819270870822376,-0.009092318037006815,-0.003138091811459966
21.38,0.08520146119470236,-0.13574037260542118,9.801717775441357,0.012544553235660658,0.0006502759683371416,0.023647321597479693
21.39,0.13139077259475565,0.06187431994629105,9.541167709151281,0.013546811850824524,0.0029649374408190336,0.018003142275648372
21.4,0.10018467868109272,-0.13866213465948657,9.780186034596044,0.008871450161324157,0.007402308034228883,-0.03792417670969912
21.41,-0.1516595209411174,0.013496244501589401,10.035712277282894,-0.004976459506863756,-0.015824867682388426,-0.019170088495571936
21.42,0.299894706821693,0.1186342879254378,10.18723788007732,0.02420193935344101,0.005133146076376833,0.0019052886040986084
21.43,-0.10166491448303548,-0.18780154854487371,9.465722162114572,-0.025040613351820368,-0.019236086927119846,0.01133999470275378
21.44,0.09761929222781195,0.25247013653739303,9.730488939219821,-0.014078164743277199,-0.022435402091793014,0.0032777021641257273
21.45,-0.01436600327544921,-0.3599293283893868,9.808825140248846,0.009950270966627749,-0.041161113560121095,-0.0302649496006881
21.46,-0.07769923007276779,0.26856875686982373,9.87694350643099,0.010753002328636092,0.00604329813329961,0.010966174261116814
21.47,0.3433205157428399,-0.044986073341119086,9.94536873634388,0.016174846312237683,-0.008757903315377062,0.01937455880808957
21.48,0.3365337394979238,-0.11703269562771886,9.5193867041124,0.008918058470885398,-0.015881153874511996,0.019834258955993694
21.49,-0.114726023457177,0.08112960224856322,10.147057956500122,0.014644359872350693,0.0269559605864187,0.018778272120721258
21.5,-0.10628414930895262,0.25733056191812465,9.896511682174783,-0.004782459463483571,-0.01129247841503975,0.023605540343009327
21.51,0.07845987101612849,-0.14885054945016699,9.858525530695655,0.005166423620266567,-0.003783730293755123,-0.006457460728819724
21.52,-0.010587289707089565,-0.20657666135598915,9.864817834967065,0.006106739605094408,-0.04015825476336859,0.006414837514998723
21.53,-0.2599258494082589,0.2535828135318243,9.678886617110155,0.01432255009513155,0.03656374651100495,0.008599736013345976
21.54,0.26837947374032706,0.08735876125623121,9.485205934647439,0.003698633652802593,0.010393167855638109,0.004626960753823972
21.55,0.0665810428408474,0.06806194126062881,9.970169305628295,-0.01602415848548559,-0.021970033561553703,-0.013981456384187282
21.56,0.12226553727671888,-0.1512074066120724,9.972173405543675,-0.03626544895790261,0.013138777315099178,0.0005807319759460666
21.57,0.144686990440961,-0.3200638115571813,9.889864299424694,0.02389473033393789,0.011695360457759743,-0.013217463061037021
21.58,0.153486234036947,0.14422494555706047,9.828623767115308,-0.0010790499385593033,0.000814515273624073,-0.025280453029478695
21.59,-0.165765891892209,-0.051052156736744674,10.186415738232249,-0.011834770916596496,-0.029567816044223698,-0.00026688918548802655
21.6,0.006300462197778795,-0.14378270250685782,9.529866202917747,0.022986596231688212,0.0169035667439166,0.007574181423510124
21.61,-0.07336559308287707,0.29284691472180513,10.100075060942686,-0.0010861704100780278,0.002341514126200395,-0.009668650242941232
21.62,-0.29438885766206635,-0.09380217455151908,9.92538929597246,-0.02727298931905394,-0.004833482013535683,-0.0007687153417740105
21.63,-0.0723307444761504,0.15958890254564703,10.162448848564502,-0.0018998490434252975,-0.011966578601187538,0.016798483673671902
21.64,-0.10143444046046712,-0.032618741236275325,9.933810068174234,0.007475603654950744,-0.06851901080364478,-0.004974875924282212
21.65,-0.12341435239094621,0.10763287980055089,9.86146310634069,0.01602762500752701,0.00846946052513588,0.033404710754593635
21.66,-0.2003868197371314,-0.027689923250673196,9.64074327753613,-0.009357562543364126,-0.02116258658165777,0.002001707341309578
21.67,-0.031830273866816125,-0.2665366323091775,9.749797124438258,0.008907351353663853,0.012825452593543191,0.01730602352008475
21.68,-0.2292241465677938,-0.06315265602251419,9.903884870363665,0.0038360634676784214,0.014938565788794616,0.0023783490909240596
21.69,0.011453713963053839,0.2887847643549895,9.885241050632326,0.01800222196063176,-0.02061353346695305,0.03528710930024982
21.7,0.29386242526837464,0.023538169030482278,9.477764456864774,0.017282443661997396,-0.018601109159051374,-0.006993079746441562
21.71,-0.2843713730519569,0.2543402286089628,9.862945711582556,-0.028190380714787643,-0.03798353806609775,0.022680156885572796
21.72,-0.11002820694241428,-0.2881652883383591,9.888525661260793,-0.007875862068271695,-0.0418818002315623,0.024353890519186364
21.73,0.06780521416499403,-0.33486539717857433,10.245080220240274,0.011069895978246291,0.015697350699122214,0.0007786948164437198
21.74,-0.08335136409567813,-0.07839608752548899,10.42340671187384,-0.018266860386125554,0.007260023685322151,-0.016272758366442923
21.75,-0.10025297123316679,0.018108448920240945,10.075611178840672,0.005799080238432019,-0.023447639601242087,-0.0013321856660975747
21.76,0.36530082728254115,0.22326462465489597,9.766585770544534,0.018140879932447264,0.00961674641432465,0.02106432369308295
21.77,-0.24426567163568638,-0.022053305548561088,9.815503804424555,-0.010488745481087467,0.017619734687970925,0.06174473021027839
21.78,0.13084355380801868,-0.3734080053173085,9.612350556743404,-0.014512180719673216,-0.03631902103741296,0.00040153400202673695
21.79,-0.4670685515819629,-0.04206025347110502,10.489380348876498,0.0007848119860139575,0.003228519352453288,-0.01607008345899167
21.8,-0.08262333032808651,0.13899830495027196,10.11336160542585,-0.0304305691328554,-0.004414276935708778,-0.018522194865818627
21.81,0.048706978404367565,0.003692687184293297,9.703062924253414,-0.018922017485784797,6.384548824845712e-05,-0.018521824752560243
21.82,-0.13735931919624747,0.25298721270876096,9.498202204982361,0.00010185954449942075,-0.022455810366953634,-0.010149342159916539
21.83,-0.03420223160639187,0.22764078501027873,9.50481218815864,0.00825335309579402,-0.0032186505157562255,-0.006163095926830873
21.84,-0.03990767214313256,-0.02607705241784991,9.55709347586092,0.028961887193096402,-0.002723238587752815,0.019475820105348336
21.85,0.20438132969330172,0.17858847242105583,9.559976565702463,-0.008814258506237781,-0.005540787559795696,0.023759012415742145
21.86,0.16001794125389157,0.05802748940163373,9.179747455078079,-0.02133889048139368,0.013435388150232526,0.010907323375842602
21.87,-0.03954083274915113,0.12597657942598064,9.196142322909335,0.00515627914818446,0.0010821755243837854,0.0020872654187462443
21.88,-0.18326474065706064,-0.09583521594457063,9.826577571670471,0.017064117703960154,0.00898991050083128,0.015217579222641386
21.89,-0.09545864473497757,0.08199899329887994,9.629230377229067,-0.0010761938159326323,0.013253085863044193,0.05515928969410548
21.9,0.08401589540265368,-0.13570431766252103,9.50296133105691,0.0011277433652768646,-0.01901022454390192,-0.01995573686192212
21.91,0.414510415869049,-0.08383019045582134,10.426933861910484,-0.01324013043508292,-0.016303517306240176,-0.006935937170432636
21.92,-0.15146404262294244,0.2380228407557057,10.16235094434049,0.01859992670588082,0.0038787982513790583,-0.0002056180656764541
21.93,-0.07033502648788885,-0.3706045659950541,9.70201073311105,-0.017931477815797865,0.010068122966930196,-0.012691626344688857
21.94,0.015561424561262714,0.09751367148555629,9.930502106928977,-0.04576154407455655,-0.012862381399568763,0.024736139392506303
21.95,-0.16245526940769114,0.30003121323491855,9.676050043214966,-0.017919319246732256,0.001266587438742297,0.002668757829806276
21.96,0.21909096584982077,-0.09621384177613232,9.386541208916066,-0.008556990317086965,0.014001626796404452,-0.016724616539397764
21.97,-0.1265535394433143,0.189151551743338,10.115726997385995,0.013473885310203946,-0.006201777841635785,0.005007090748581087
21.98,-0.06491047064401227,0.10602244347866241,10.020808256110232,0.0187460881662089,-0.04773292068311162,0.01695545306093371
21.99,0.03791342849635772,0.0364253107581784,9.903706219740997,-0.0002209985342254768,-0.001417202834781639,-0.011261211499942428
22.0,-0.11884316508023973,0.0018313676370843787,9.511766331064596,0.0013530993405508117,-0.025631132215543605,0.020675710039544
22.01,-0.03282917635171612,0.032766162121329545,10.064715882753916,0.009994842869508837,-0.012863936004890676,0.00133732217922212
22.02,0.12430928623608495,-0.11129237502627355,10.1997694851888,0.016490165372757198,0.002052863412896904,0.01105076777450352
22.03,0.10181509179257064,-0.49576858086884273,9.81422291407155,-0.009437827004686929,0.0037048296799845424,-0.008915392803870235
22.04,-0.045561231165966914,0.18008271122225686,9.46068687830375,-0.02900041997421624,-0.0009818524411029576,-0.017629889620274515
22.05,-0.002723753227155146,0.0014894755085880737,9.412260844524646,0.003557921557606404,0.013226083808027127,0.021247662735829315
22.06,0.09603748497226389,0.29105911843645177,9.881463540464058,0.0066978003681690094,-0.03719948950779592,0.024212263014159595
22.07,-0.1663836005499137,-0.19702096781463366,9.781977157889042,-0.01263352537349609,-0.014849457415381687,-0.03209929470638259
22.08,0.13761433080913582,-0.19225934936186984,9.521565988405692,-0.007139421018695254,0.022663928415054376,0.04734417176034567
22.09,-0.04769422418412555,-0.3360986800755758,9.737824228327897,0.021917821034484603,-0.0300557280566888,-0.0064936880038262024
22.1,-0.1594704530744552,0.027073308856412154,10.13226784670674,0.022689968810096054,0.0361083720230809,0.013444415743076196
22.11,-0.07586873489582531,0.11240078635715553,9.852957253241946,0.0075694045831403165,-0.021864221417918824,0.015947943466762985
22.12,-0.15376867119511348,-0.0838026498649079,9.56383857913757,0.003239333383891031,-0.027162352248941913,-0.00021376258069589246
22.13,0.16372997469564288,-0.24671059525450478,9.745362934971183,-0.009618171516798875,0.00493810770968725,-0.007192693907861742
22.14,-0.0004837673244619256,-0.5905310089688142,9.84576850755704,-0.0309166664550219,-0.0359287094201973,-0.039616087946963106
22.15,0.1402792658698346,-0.11627578267260859,9.809909652180039,-0.01756788904014991,0.014328246315420923,0.022070106659021805
22.16,0.08486030213645522,0.060806589564665954,9.64998385671307,-0.02379113218524546,-0.02764141927592619,-0.031470139203260146
22.17,-0.07256617759557385,-0.12169955351740146,9.866945057094236,-0.02369385164388959,-0.023403327925073103,0.036071191260312135
22.18,0.23643637366825843,-0.14975326969782568,9.578737139338145,0.025848058583696615,0.021178965319995444,-0.00016606698633748064
22.19,0.2876443024904371,-0.037435367256410446,9.999076225429526,-0.018562867474331012,0.002519216281753162,0.022108186537050746
22.2,0.07559934314797923,-0.32251211227376786,10.160242644948626,0.0067218264910270786,0.0052381048583040705,0.018580639682536437
22.21,0.1947289583143184,-0.08634395307467946,9.983210480817009,-0.0027338687873077216,-0.009157565601280542,-0.021745151198839654
22.22,0.0028768374215944774,0.13940249678853528,9.902080248660539,0.03787926326604902,-0.012172616482617322,0.025565206286755838
22.23,-0.2581691631500537,-0.18703684524959543,9.434156707117962,-0.007281953521294592,-0.01010432175799989,0.02947545636570006
22.24,0.10820428552083815,0.22507751296029943,9.715637604974942,-0.00115116339881953,0.005850616050677708,-0.01276430825808322
22.25,0.005038176519045213,0.03613958143454157,9.791895270667975,-0.04641196881726532,0.006233250698919736,-0.007413801240916561
22.26,0.16544090963237995,-0.11992438923846059,9.453923087762648,-0.021224420918401564,-0.022770461448347323,0.029758422613044972
22.27,-0.001621292390967234,-0.11300222234986763,9.962352472335319,0.007509395725661897,-0.005275031350802799,-0.02127651183780058
22.28,0.06181008803875119,0.13377876830183563,10.087686090633888,0.004531598604364682,0.001939183422045099,-0.014970342392104074
22.29,0.02762328061570221,0.20458791851886493,10.013283283669237,0.013371913842720774,0.00458608696949509,0.006990182450385712
22.3,0.09640854329219842,0.0677903094135084,9.533545921614168,0.0005639167826070951,0.019706460602876476,0.021410812957760678
22.31,-0.07827184415656545,-0.19627531472929968,10.013966803642484,-0.0033293988977439546,0.042113872547634275,0.03137251959399379
22.32,-0.21142308737962645,0.20212889875149842,10.011710523985244,0.034482746323615684,-0.021611222139510847,0.015427382081669511
22.33,-0.0367164572632813,0.17048094322669252,9.702490336154895,-0.007410379514704883,-0.00021314075039354833,-0.0037922600802784857
22.34,-0.07578361219279096,0.21930794830833275,9.754437609023721,-0.015519260744847243,0.02710312049557032,0.0063971574830001396
22.35,0.09597614734989118,0.19786544828685232,9.73844338708508,0.003988468695847738,-0.008885482070520952,0.0032398272747978674
22.36,0.16779826717272434,0.19247489106938626,9.8318684160993,-0.01160537541495648,-0.029359483108899815,-0.044429336964307294
22.37,-0.2756902764801461,0.0843674076115889,9.841139335237704,0.012718764381023234,0.019479976665495814,0.010407241627224494
22.38,-0.3345787507237606,-0.38898791206915717,9.47061031848291,0.004502944772141429,-0.027268651708398876,0.029574366292098073
22.39,-0.06419128192552798,0.05565634539181125,9.580942106597442,-0.04594780935241957,-0.009319158862381365,0.015748768307142363
