t,ax,ay,az,wx,wy,wz
302.53,-0.06414700260568673,-0.1578691098669368,9.567307983285614,0.007389735299342979,0.06529292664238101,-0.026478052930377857
302.54,-0.10053110067220217,0.19386250291587703,9.81949709211271,-0.007604219046100238,-0.012984382047797824,-0.021666389789267135
302.55,0.20019713388014887,-0.10516630701168814,9.724920142088918,-0.019057369107191854,0.005307409460054196,0.01712492499145693
302.56,0.06329734228212142,-0.23505284021564035,9.580541407490413,-0.03311753678990537,-0.017159229931872633,-0.010147616841583313
302.57,-0.07265539958032398,0.24088854626343706,10.399140360610968,-0.025010462704295158,-0.023441107096694714,0.008598707668116622
302.58,-0.03479911872410883,-0.1625573942173942,10.807406135518624,0.029226535512083488,0.020173272159023654,-0.00417630266110496
302.59,0.37899129018357886,-0.026883213739287846,11.04002025824763,0.0039010069319589595,-0.03351749128418806,-0.00999522761127084
302.6,-0.39845358129270786,0.20652530838017405,10.802627042916592,0.023806687158800032,0.0065620571087521545,-0.01291466688027783
302.61,-0.3186157485556951,-0.09871420037684622,10.48726987674501,-0.021499215732699882,0.05119672827526536,-0.010293978001451485
302.62,-0.14138202960864837,0.08397322641374601,10.873811171523391,-0.010262266564245648,-0.01622960501985129,0.02477143247289473
302.63,-0.2437396006881853,-0.07263734446470801,9.904877210314224,-0.0013072144366150548,-0.0594279296768707,0.001550154765921468
302.64,0.11074599617129792,-0.2779160396243399,10.500738551578953,0.011074774036816714,-0.030749485516285657,0.04172946637655336
302.65,0.027634532480028996,0.07192993121355495,10.623388958618216,-0.021917204512389984,0.004491622376998165,-0.0005023494089490101
302.66,0.026618748617673046,-0.19181152850309433,10.55848310902413,0.016850128216800264,0.009865675151944761,-0.01182525521065566
302.67,0.1771291006674701,-0.08379751152169054,10.859191103677658,0.00997399980144272,-0.016351521178488374,-0.0008078194008125097
302.68,0.18312220186086142,-0.11050072003483519,10.689356116381399,0.00800357580092624,0.015456175943602535,0.007259710107333443
302.69,0.15769985918417836,-0.1706869072667163,10.51395605725038,0.020871068641647575,0.034244230484751885,-0.05037740076425508
302.7,0.2056699683654831,-0.04307232771972528,10.016683902672339,0.055182348933121156,-0.028578436998152226,0.03281464904183273
302.71,0.10738998507680568,-0.2521986417547463,10.066486438223825,-0.0032029829825448216,0.012131538510639164,0.03777549545713136
302.72,-0.16781051863669286,0.2524447628318766,10.468725417590846,0.005377425504209035,-0.020975740536286293,0.022582066570416878
302.73,0.1039628875325307,0.03910363770523289,10.094055572936428,-0.0060690436418280435,-0.016887593326253593,-0.00331165520737955
302.74,-0.04711698000749524,0.28516979413802085,10.312339858673974,0.010419476990884875,-0.011716317783143824,0.0230380169191125
302.75,-0.011455252908830984,0.14808484857720794,10.06298613936242,-0.013536839950277954,0.0025676426539590316,-0.010937464501089003
302.76,-0.10739526318563443,-0.1203097203775506,9.979754065586361,0.00477293630729406,-0.01611315744056594,0.012200823063171372
302.77,0.011627475657652488,-0.1696376081388022,10.19710588760366,0.02443968445133798,-0.022666459680705534,-0.010947254006917428
302.78,0.09378790514036955,0.0801358774789914,9.865859665852398,-0.002836998253493888,-0.013079568013813018,0.019241934050367643
302.79,0.161744154053172,-0.10049286301921195,10.0183594692808,0.013914169958822272,0.016316287754653873,0.011647697595780365
302.8,-0.08515981085607963,-0.054284284008940226,10.092652481168635,0.04209966930906753,-0.005255946388443908,-0.004780375398654531
302.81,0.060419784695879566,0.28760639268879684,10.15402398975332,0.013643840410255688,-0.013509458847696994,0.0037468800336936253
302.82,0.1067948869212019,0.09336005980864127,10.33367393394869,0.03575500401253189,-0.02091907088412022,0.0181767816334543
302.83,0.1358709210749976,0.10686874398752805,9.869960100306038,0.029794432082144547,-0.03849341528077548,0.004537240468927291
302.84,-0.008089448801792095,0.1718216823379391,9.891682505290065,0.03058800637677328,0.04023152412463986,0.026400914772043916
302.85,-0.14197365429070816,0.07896988310005121,10.062143697518653,0.02068293748870673,0.0003821998762799249,0.016033720706334294
302.86,0.170072910101142,0.02319387036480482,10.071488170478665,-0.006282721010125018,-0.011568814632056742,-0.012113697637236253
302.87,-0.0026357403980624963,-0.2480293998814758,10.032253354409391,-0.0004808695795456397,-0.008930341528679275,0.015901656138037366
302.88,-0.009865365612756093,0.022237613546902013,9.76008163060896,0.009123232639158258,-0.0035980418074628697,-0.018845103064108203
302.89,0.22660777146545932,-0.16643705023999839,9.963099931575053,0.028984573988925677,-0.014424430937567925,0.010268696310606366
302.9,0.08040822601139323,0.2151949172213427,9.996094382629202,0.03257062597148911,0.03189069381558403,-0.005583384464576416
302.91,-0.09971425118141718,-0.08276426611001494,9.555100905046043,-0.007983302269339833,-0.01675486219346145,0.0369009256931938
302.92,-0.021565511325247574,-0.24927145117686555,9.761930380550291,-0.03550533761906607,-0.03924007093994282,0.023071261623812282
302.93,-0.10284432192154622,0.11030706702771217,9.49415139257066,0.005114091292755719,0.021379390378237186,0.0046963144733562605
302.94,0.14338255358735197,0.2969528047408378,9.34422652069448,0.018977482415252385,-0.016055850983825247,-0.015123543705874464
302.95,0.30612155197551244,0.03760328131312748,9.721575451644002,-0.03840644102265017,-0.040770621847073765,0.0006118520543615566
302.96,-0.16070174935432738,-0.10235248848429032,9.710602559939492,0.019603859352265645,-0.00610662425418321,0.009948166491672671
302.97,0.016917201899669523,-0.04992049603793768,9.539233707198601,0.02243245353908008,-0.018952418894972168,-0.015878787504122326
302.98,0.3552000632876869,-0.19655452559274386,10.031517729992126,-0.03937738729254892,0.02701941605564762,-0.0052588123878637835
302.99,-0.047384462283540034,-0.004785865774140081,9.649852239097997,-0.02847427971153934,0.010017053514978122,-0.004321909227566753
303.0,0.290359000940947,-0.05107716409880046,9.81562341913961,0.013496706398249205,0.03156823576170458,0.0077588919953160895
303.01,-0.05943444378168791,0.03318689597236673,9.870716711274207,-0.0053757091317338,0.01423866516613652,0.01726330068460974
303.02,0.052436617863223144,-0.1595405818266912,10.045759744072962,-0.005010355261163934,0.033829092101088004,0.008743339261567618
303.03,0.14245003693070749,0.12146015672176715,9.625432853257141,-0.012950077982824996,-0.008969181488665698,0.013885916169896274
303.04,-0.07282567983823496,-0.038449444951810324,9.59900284064445,0.010031853254608526,-0.005581238214633789,0.014753159755375259
303.05,0.05074991613001029,0.03211419218831133,9.980329859192796,-0.016462492297706022,0.00017183127344153632,0.012782529420203102
303.06,0.06423284436805488,0.33880810899086405,9.884062712449614,0.01078077242272856,0.009584533450806444,-0.0024022196738517467
303.07,-0.09583107611427996,0.04109376058599847,9.978387066403979,-0.024161508043363852,-0.0014048059567952193,-0.01493591602706235
303.08,-0.062327340496348436,0.16464694096811155,9.879509237486399,0.047063849449794797,-0.02129845287797144,0.005920524220554002
303.09,0.18915913237812237,-0.01046063321494746,9.855674629847954,-0.00535101679461479,0.0001295592234048256,-0.02616901707105743
303.1,-0.05238464285765907,0.025481473078704794,9.778326232671331,-0.010964943282849433,-0.0026612385142202937,0.012699466761094126
303.11,0.37110092087236723,0.24454177186054246,9.444891577847574,0.01134184573625505,-0.01907170721705438,0.016034665828731445
303.12,-0.2355160416584022,0.37707005306271546,9.728343395263021,0.005654580893424561,-0.01818465295317672,0.04296911217209812
303.13,-0.13745804886767532,-0.07178024166001362,9.756937192972128,-0.0017810335072832393,0.01969739739011519,-0.024386150035826597
303.14,0.0940066617012807,0.054738040909501455,9.88120860594269,-2.955479244551645e-05,-0.00100422166018514,0.004730510724962424
303.15,0.16613822645189932,-0.19342162562839882,9.80533159594663,0.0212197398360323,-0.00231716069794768,0.032515918937599045
303.16,-0.41377465090757337,-0.10396396322458545,9.240264841443421,0.007995398229689301,-0.014458453784286313,-0.015937300622126928
303.17,0.18465821856479253,-0.08488772947089793,9.633043939317357,-0.009893871745093815,0.013862811872533576,0.0375762229088729
303.18,0.13340535975205153,0.1426543808355616,9.645551908302142,-0.0017216670142556558,-0.023481153980551343,-0.029755507009709945
303.19,-0.09183273067954506,-0.15111215409438145,10.118593536607573,0.021867772804089643,-0.0009799457958095412,-0.016704004374760738
303.2,0.052448514803599695,-0.19731911367117033,9.880419039778888,-0.00871439927151994,0.01109663446842198,0.0062613640781341824
303.21,-0.11512493913339085,-0.23200420705222968,9.833897251198465,9.14608845212102e-05,0.0012329346136129558,-0.010851523649958356
303.22,0.41606778926244925,0.03329797960338968,9.660619935034386,0.013256506116168942,-0.015461062315046953,0.006445931168767167
303.23,-0.21463553772626132,-0.4802644789697058,9.770623354475182,-0.029543559492774894,-0.0034988024745879983,0.016399497574640567
303.24,-0.1681854047644988,0.272268926193666,9.613435002844593,-0.015481961429109145,-0.05664212817429169,0.018346727879647508
303.25,0.001373607119498768,-0.018585689253292598,9.972514911021454,-0.020703164113811436,0.008761133515838543,0.00623195378484444
303.26,-0.11222510721744665,-0.16223082733929584,9.600050756143522,-0.019452395564924816,0.0016892563691166586,0.005411437325052886
303.27,-0.10237383040269608,0.027866114569749884,9.874263340692156,-0.02310548129951922,0.02210729037000243,-0.004295675207934011
303.28,-0.11651368516099028,0.09613551560666432,9.881081733632056,-0.018932527990294483,0.015832105454120716,-0.028522826451705778
303.29,0.21240666828021312,0.028020314375325765,9.9062570294836,0.002502253082834172,0.005123983022741673,-0.017296597842055637
303.3,-0.042462359741611076,-0.14846257504686058,9.85623785260391,-0.007929279588991117,0.0007610867726397187,0.013304661311380679
303.31,-0.22378261929350632,0.10357537848252622,9.552363026423356,0.06048450784992437,-0.01683022287572773,0.0006162575301924173
303.32,-0.06981328895647099,-0.007420972084455885,9.883837089518826,-0.018367416113385607,0.01527033816078053,-0.00630267351364987
303.33,0.20386316559392795,-0.016437106338439988,9.95247833484855,0.014715893142241233,-0.0028676821347050686,-0.023941132705790118
303.34,-0.022742963265595047,0.07274979661866061,9.518561442996766,-0.02102386238940613,0.010166477471281056,-0.002436514318534633
303.35,0.18836022597101218,0.23004326150526505,9.658431271051153,0.0020007980775812975,-0.008281521835579722,-0.027556681586479895
303.36,-0.09672006373359904,-0.15563383073686682,9.825619103559722,0.042598837503227745,-0.0012807327537043011,-0.003520793693358101
303.37,-0.03848390244475309,0.022873883514206578,9.65236818531436,-0.01393391935073394,0.00448576042245684,-0.019874649898713105
303.38,0.1018940158052459,0.26565413203367905,9.658992706554868,0.0016281317196706713,-0.014860626013447998,-0.0042229201532791
303.39,-0.24203255305756963,0.2573657191693997,9.599999534339094,-0.013342658795445642,0.013469763913926474,-0.005687796148602266
303.4,-0.05124882663914632,0.11242733098141736,9.691863330140704,-0.004514898425693813,-0.02168421662416557,-0.01623387732112093
303.41,-0.06784420841673111,-0.09939862725198438,10.105598108432606,-0.007156557517785823,0.05536480030116374,-0.019898669476231177
303.42,-0.26707257193467,-0.08339309712534355,9.483485449886324,0.015717384639419657,-0.006335327457214541,0.023879061912937993
303.43,-0.29050371789639035,-0.15794368032148526,9.690178421129627,0.015357671590481509,-0.006046642604575407,0.03776842312550751
303.44,0.2131874031935407,0.025306598904208312,9.96874845072245,0.01613129606214039,-0.018762663408289512,0.0010571064623087205
303.45,-0.19206685271410756,0.2956197567786731,9.636133382798171,0.015262141660259493,0.013115545065576177,0.000742142447902245
303.46,-0.35888836216788045,0.22802235633959614,9.324086746520194,0.0077965197784361125,0.01830335251959335,0.005977148342737788
303.47,-0.209223969488408,0.1072029420461513,9.413145511146137,-0.017327422422343912,-0.006741192109481299,-0.02278956714998832
303.48,0.03512749593213354,-0.2590356417124393,9.540120304636718,-0.004976210222551328,0.013784279872529866,0.009696629997788251
303.49,0.17909680303098074,-0.0010777691244881187,9.781362299143321,0.009814718252322881,0.02097530171586344,0.007333364234377808
303.5,0.01874837123228159,-0.14721403108063738,9.906579000557267,0.01026390231231206,-0.01956664708220244,-0.003563026352301173
303.51,-0.06332374511116833,-0.02937074136122772,9.440220410915591,0.009843972770266628,0.03136993786738847,0.01128573169552172
303.52,-0.10522107623887363,-0.151366174290019,9.781674343453089,0.012788211920168668,0.01555921294691636,0.011405798135570834
303.53,-0.09895370131553523,0.11002943638657983,9.905053385623846,-0.0153061543221208,0.018505229465081537,-0.002958495649533654
303.54,0.015330837819116495,-0.11622905655973792,9.616243879870254,-0.004183441646409646,-0.02453275151137869,-0.04343717831677029
303.55,-0.10661459928767265,-0.2987978264631197,9.972884689419171,0.009046532148706782,-0.015188884354439394,-0.006855415718226225
303.56,-0.11931389579472904,0.09021919205289229,9.917362699464958,-0.010659267966825417,-0.010282673118037567,0.021866747210864217
303.57,-0.033582702750635435,0.025626810907615146,9.968464912808392,-0.03195604524204367,0.013714008825699902,0.014072240843209512
303.58,0.037776225622841095,0.01595858336475132,9.824333925504853,-0.03552930434229168,0.011005700165525746,-0.023543640230463295
303.59,-0.14034705219005247,-0.2265487947774853,9.832094843208177,-0.008888022424572782,-0.004396655914811048,0.012199161527855332
303.6,-0.038812178380248544,0.4261921640618943,9.84902168475215,-0.019010581556695886,-0.0017953351787977855,0.02610708382045944
303.61,-0.3018298145298756,0.1776513833095428,9.871577689142725,-0.01678749086371345,-0.007595893715221325,0.030540835777259606
303.62,0.2357918060288405,0.11571571679024906,9.993849391435823,0.0010477243477333984,0.018326822619130496,-0.0127452079704005
303.63,0.04704115301164746,0.24680197241111876,9.566119674389483,0.028534348198068687,-0.017906925768531368,-0.02457268027978867
303.64,0.06836670084329016,-0.08931761954470503,9.861452467748904,-0.023895914749551776,0.02178302833507874,0.030710079722767035
303.65,-0.14388285089804753,-0.08428565141126478,9.65645341583637,-0.02868655948581711,-0.008159655867887926,0.01797671457744627
303.66,0.21403419082340613,0.25739533762371297,9.956551884939508,-0.024112636305383895,0.04115201869276994,-0.014021640072911878
303.67,0.3558162021961661,0.37517462958127373,10.010973682356505,-0.0009460622331161914,-0.00295949359967428,-0.021134010849009434
303.68,0.25116040786364363,0.005339608635892899,9.758480162900401,0.0013203582311057346,-0.010681793511278025,-0.019679103828889963
303.69,-0.0483814285011483,-0.21805380528723264,9.780063837606658,-0.002505260832159116,0.013539865033067497,-0.024505764637433775
303.7,-0.09312899676896695,-0.12472002608270583,9.715217345757642,-0.008340966103714154,0.004185623120021174,0.0016197574607779263
303.71,-0.03604908809750838,-0.06640505534133055,9.501097619320642,-0.009376142637825272,-0.02306311337251776,-0.019653931554386876
303.72,0.11414035656587908,-0.24578485742542222,9.935665691400443,0.007285126843987552,0.006017899836721095,-0.0002617692051051516
303.73,0.10348864447458564,-0.017062851470817594,9.566297551076024,0.010336708764218093,-0.016558948521076113,0.001762143028791485
303.74,-0.16946810702065948,-0.3858291861565114,10.062081557507746,-0.004362365396172152,-0.0004946459955699955,-0.017810938974831932
303.75,-0.07247942025656312,0.38380947283695427,9.688300981768016,0.005646406341677668,0.020560069472621827,-0.019350749795487072
303.76,0.20763984814662798,-0.22990143979819758,9.445733941072156,-0.03107367374525581,-0.011390668604395447,0.036491900480914115
303.77,0.09955024288351307,0.013057602845300687,9.765853099485309,0.01048077711285401,-0.024889917633734267,-0.04111353262599884
303.78,-0.28011052206686454,0.07691390876234956,9.923954363525448,0.0017467636012042825,0.005758625406788456,0.0008967279379631308
303.79,0.07311560523235613,0.4013428781751432,9.58098091947508,0.02694006156138538,0.0070685746800033394,0.006343984960124673
303.8,-0.017080174804570414,-0.2552820204770136,9.924849686316856,-0.010438017000131673,0.041740606745530075,-0.009335178087101836
303.81,0.1683964974150241,0.18910874787523416,10.188459371301274,-0.0008034454273639264,-0.01982790086712163,0.018016190544247097
303.82,-0.1546915606129225,-0.10581155732041166,10.123893243360968,-0.0409288216661271,0.0007449803592765253,-0.012779886761848009
303.83,0.06784865659231992,-0.04224316722054654,10.084257647389283,-0.0018613592394309205,-0.025635619166272102,-0.006999262118094374
303.84,0.33341217238196236,-0.36040481354177284,9.968528768490234,-0.009955321844339097,0.010577501476839859,0.016989227160877023
303.85,-0.4368764691879298,-0.10985282361509119,10.0322935711073,-0.003701147239117957,-0.008085112426714287,-0.01709540451894951
303.86,0.4763618061396664,0.06860636404981968,9.926125571370083,0.01723696144587232,-0.023134226528273284,0.01323570695993563
303.87,0.018672623707966192,0.182378792286607,9.898184168484537,0.004431628016784353,-0.024757262518554642,-0.018975939629139363
303.88,0.28239353170770826,0.20194732002112406,9.702195922227684,-0.007483822563715151,-0.024466102444624677,0.016708680867905504
303.89,0.04218718650186979,-0.07846622841081309,10.344062872517307,-0.00015950314256127682,-0.0031535892220080275,0.013924544782306569
303.9,0.08430437308506554,-0.13403785164396007,9.953978256628064,-0.03087827741306111,0.04885347447742549,0.03337069400490714
303.91,0.16332349899706985,-0.00793360602422332,10.038723039504648,-0.005394064762237336,0.0005903726514813402,-0.0189282589155103
303.92,-0.021291204910970453,0.07049800579043314,9.523382723229728,0.027055149002281616,-0.02792442831003762,0.022128458044221082
303.93,0.041597088103429616,-0.236175600404617,9.734289106348957,-0.014395965844933252,0.04603454133415107,-0.009416244942341293
303.94,0.093436242369617,-0.20107689793647338,10.180211283250781,-0.0019422866313537565,-0.004378283417444047,0.02564509369282464
303.95,0.39109141613754556,-0.10526124441370784,9.791673982591726,0.03210217211090231,0.0022686900562090247,0.00946800932839965
303.96,0.0015763717447442262,0.12227616394720008,9.746451490520913,0.013486097957795321,-0.018590273078361676,-0.008925084134132235
303.97,-0.1540409406676896,-0.03441326595617112,10.092219405467498,0.007393971496253484,-0.02691908008097377,0.01904982101868649
303.98,-0.12273435608500163,-0.10771116878813705,9.927325815449892,0.021188723892685633,0.02141556735443643,-0.033310960954315676
303.99,0.2671923060619444,-0.017732777697466263,9.751707284486482,0.00354303840651567,0.008042958467378904,0.0058463615276038074
304.0,-0.302181968596341,0.13624457983356042,10.010046627600952,0.009462252526792028,0.007584342613846669,-0.005075050651815398
304.01,0.3440520931625697,0.18501305324708475,9.864331946481247,0.0001005126273986062,0.009133046572383922,0.005271728622252681
304.02,0.0764291787068002,0.11690072260421572,9.756015277878317,-0.00405621015740471,-0.017414694470994765,-0.028970668460146242
304.03,0.09813182662933125,0.020085546821684192,9.916940218784907,-0.02633252948661504,0.008154574051517696,0.007132586617073059
304.04,0.05174327654362111,0.250165974788099,9.85474825994417,-0.04563786728860678,-0.002173530387492996,0.006759641492006166
304.05,-0.013989196930151014,-0.10676744924978507,9.232352780539538,-0.0020260192156082713,-0.012868734726887612,0.0009368527164808838
304.06,0.17138212249401974,0.4242064007763665,9.956556187991831,0.012528591470473999,0.009347224375132732,-0.0035690568954956634
304.07,-0.1735484872747284,-0.020455919515148618,9.529024525980942,0.00645423677179509,0.02464168134843942,0.005128878834651339
304.08,-0.10242855698087315,0.15531466554544587,9.879366387404168,-0.015108240694466374,0.020479297467773508,0.008247447333683988
304.09,0.11501025400265547,0.029183336504606593,10.115296841006135,-0.0011823123545936965,-0.00874021864328792,0.05156889140516199
304.1,-0.16506435875716366,-0.07367310686617151,9.808758830028403,-0.0001625184184996696,0.014837718647154547,-0.002905993187713901
304.11,-0.21268390290320388,0.12462164516170005,9.860215761721346,0.0059768019124762225,-0.013995175899946368,0.013956331772607232
304.12,-0.19833311339586499,-0.02918111189278998,9.589997032806956,-0.008212461031403282,0.007484864257208613,-0.01709349413484674
304.13,-0.2323443451522214,-0.049188169296476916,9.97024692895167,0.014023452008743668,0.012419699856918182,-0.022354927420944505
304.14,0.20341047123703118,-0.057999904870894396,9.604504269436974,-0.011683235955214477,-0.0019175003662575182,-0.03472523265531734
304.15,0.25464950518573654,-0.046576416590587484,9.339905638245783,-0.004778576790530064,-0.004121439347130757,0.009442545227133765
304.16,0.040771101320932625,-0.11598629922924238,9.464101932449848,-0.020551267123354967,0.026384828352655855,0.022378545657165877
304.17,-0.2659926668587306,-0.0032277453068662275,9.768860324729777,-0.046661681119752545,-0.0009375894250010099,-0.005765464565678257
304.18,0.16510048216382045,0.1740333527485189,9.495612260774895,-0.018280149333839816,-0.004321016580936316,-0.014816592441934964
304.19,0.10621482687268162,-0.24848206817150417,9.37080611945965,-0.030179974728017506,0.027500198681043673,-0.0035122242596599485
304.2,0.2125348862091818,-0.1201711430621416,10.099602808228122,-0.04006404526845045,-0.01330836017162835,-0.0351505621203791
304.21,0.05567388169906628,0.02307357733342521,10.141096327269034,0.041281625080740535,0.01010421263642662,-0.00017590265626620837
304.22,0.22467892157264527,-0.06055459624989413,10.224768616696867,-0.02678867323731639,-0.03363149735388837,0.037904216102821915
304.23,0.3552502741676423,-0.23961737066453545,10.236876653464638,-0.015446938538163365,-0.019984771565614033,-0.01880224066080571
304.24,-0.0989841881009157,-0.11638271421969373,10.027444024072244,-0.007201456368686364,-0.02544674207584711,-1.210559430121776e-05
304.25,-0.13736381788987354,-0.20540903535016064,9.77908284607675,-0.013761655859346333,-0.02778227491963636,-0.030131393569719524
304.26,-0.010006533656886096,-0.02832159665470208,9.539230350515462,-0.007311584570049224,-0.02473118916542073,0.010520701152041852
304.27,0.43903506042668666,0.4407954729018914,9.897506478920349,0.013006647150085746,-0.013665442058130736,-0.01051408885825796
304.28,0.009668999476134876,-0.048968298380504344,9.636179804356013,0.03304416871257145,-0.017131385360351626,-0.06223628740158009
304.29,0.13319236741972335,-0.10192255976546552,10.07871540182581,-0.029901772023137735,0.029969937125962205,0.0012047754397468537
304.3,0.1709617413323209,-0.22092328087057939,10.016507118822592,-0.007458687850348598,-0.014828146691489023,0.012732202267992192
304.31,-0.3042734974195906,-0.06794622095563188,9.973853436438235,-0.004667848803932429,-0.0013122533334904217,0.02534806908090396
304.32,-0.1374324591741867,-0.0500275908442131,9.932620278218423,0.017971403989583766,0.016886729949325777,0.015444204553118866
304.33,0.029504721746990127,0.07139891473300576,9.813032470809688,0.0004755452588811188,0.022364779782315183,-0.012508694642758703
304.34,0.06688537290778979,-0.12095922511840139,10.074282600338732,-0.020523489768503978,0.01361707527491704,-0.04800536977565213
304.35,0.08399227434307588,-0.0724956442130864,10.092398996691607,0.03987323455180943,-0.013773062322344968,0.008552799843729747
304.36,0.209709613733675,0.3650727464340245,9.714687966193102,0.02150908266949703,0.005513208106604776,0.018736582199059264
304.37,0.08239944825863596,-0.11265768806686915,9.619419550857781,-0.017515271806766985,0.0439870899154666,0.027187306469506362
304.38,0.03365256349930827,0.08895609819241454,9.895676546869728,0.009147599755280011,0.0035013454052328827,0.016835300693119337
304.39,-0.4915405688654458,-0.11312680940412231,9.927630223385798,-0.012282815861109735,-0.011242402753223812,-0.009775806221092713
304.4,0.10815728995569493,0.15851897833169065,10.029189398628573,-0.01799205993056975,-0.004317423830132174,-0.010230188145470609
304.41,0.014440978367182543,0.00227618993449874,9.854582363227852,-0.004235094504812795,5.031435911785146e-05,-0.010528079357497102
304.42,0.12311778117791895,-0.2367949831559849,9.798313484541014,0.0017114052825454042,-0.006611817761577329,-0.0007253628842175196
304.43,-0.027373086439102835,0.02102015340457149,9.8716769124018,-0.01020223485356243,-0.013043311382512414,-0.009588162862597565
304.44,-0.04182301155157582,0.28108792129883264,9.699738680521477,-0.00010997206238433806,0.02108664060243611,0.0036190261384392874
304.45,-0.14750671022375797,0.24173640654451833,9.625964536375394,-0.0051729229593532365,-0.0052629376412155725,0.011078251900489439
304.46,0.1216378746553809,0.13314357031945406,9.841381265884623,-0.018121845541663198,0.0017888872290566203,-0.005188216325477024
304.47,0.06843625986328969,-0.14626862104855157,9.75082455364415,0.03485875483417178,-0.031357565736456296,-0.015031273146110791
304.48,0.28846523110679156,0.06071036362768954,9.70002946486608,0.02478488395948089,0.003823054372805045,-0.007649991162774066
304.49,-0.09729095848593919,0.1780511219053134,9.830837532325514,0.020938577447602934,-0.008986710530280053,0.006811379007573291
304.5,-0.001510326074436331,0.07224862165027117,9.796193582525843,0.005941750478654519,0.0001014981271975388,-0.004942062655825823
304.51,-0.08979462965511337,0.061926804970909105,9.884571161477774,0.005683770987993952,0.0022953380962245145,-0.022691103365165752
304.52,0.28149960447097255,0.28795002562714367,9.823229048003492,-0.018135393089631354,-0.0014633817966774516,-0.0026174517996662523
304.53,0.09752787874050142,0.1494018877217236,9.678561884695798,0.014536395712657411,0.005300232049213037,-0.002029450341478444
304.54,-0.09082938996126697,-0.2260490980074558,9.896668091005573,-0.02146911419419713,0.012863454673369941,-0.011407639419317519
304.55,-0.05432963062834611,0.004470215505826146,9.86105666098444,-0.0028191017620561457,0.04690152367393225,-0.0007321986194468222
304.56,0.12013597947139601,0.14783440777158205,10.130086000826044,-0.0063850070313446255,0.00287557176764835,0.0026160149765576423
304.57,0.03790471361734641,-0.11512689110594243,9.775054079629117,0.028554283830166175,0.005570064502262024,0.03452074260226939
304.58,0.023700530652365288,0.04520298159324587,9.671646211619443,0.026482814776677372,-0.015039589403312825,-0.010389858770600145
304.59,-0.23787800747406773,0.0018297288988343202,9.81447372570249,0.006761315873677095,-0.014795601732500406,-0.011632608192241113
304.6,0.00914283712702148,0.014015498108828168,9.827804320183237,0.001820056893466748,-0.0033082172761826896,0.01794109256111201
304.61,0.11604480757743064,0.09126631789672474,9.562969028128258,-0.001956770921877537,0.018101191476553816,-0.005935576256366181
304.62,-0.17022029166434632,0.07357506471598098,9.972175085130946,0.024471367613122772,-0.006337809840511603,-0.020261594997737116
304.63,-0.030569084413489166,-0.1640391076749578,10.000682242094397,-0.006708992723886331,-0.05048311870445927,-0.003991250202326956
304.64,-0.24127990893068377,0.1206271568150707,9.633710946224308,-0.01212381114366902,0.008424770517945199,-0.020599836171637423
304.65,0.002797403600703063,0.26518737252684543,9.87337915396806,-0.03199638822595248,0.003653141872496571,-0.007028249504478844
304.66,-0.09409014036899996,0.07828495684549265,9.755981932078926,-0.018174579075909622,-0.01828362991851147,-0.0081626845634949
304.67,0.005912172962372531,0.1505463054317833,9.70892662400609,0.022882236343970658,0.00716784047758284,-0.02007513327396299
304.68,-0.23705309087994253,0.04744901095065743,9.897506844555789,-0.013532526613673974,-0.011993229485557108,-0.0218219554183972
304.69,0.10149378339757452,0.11860667971856484,9.66721855938149,0.029971610259542675,-0.007571428886367654,0.005406189587392446
304.7,0.13530804761784046,0.08977323923894293,10.126056563908437,0.005088412523361705,-0.0031835481025531977,-0.013969844443753177
304.71,0.392801157950923,0.14198527082212478,9.732022505843805,0.04244747147616213,-0.022727000242662707,-0.010311392751820303
304.72,-0.27027774487973094,-0.6054062768028797,9.744552283675322,0.010699461557825514,-0.0014093500008947103,-0.009699195020092042
304.73,0.34159049601889624,0.08383944926266187,9.941644163576408,-0.007127770629209418,0.0011650945284324985,0.03250964109850966
304.74,-0.0053430173277557655,0.014909830522926212,9.809366043424083,-0.037866097745363696,0.009403978791455363,0.025398818337427326
304.75,0.27981704615133607,-1.0969108906569873e-06,9.843647828672713,0.01861190906870149,0.023403354961789875,-0.013116149542946048
304.76,0.15712584963586881,-0.2402758955704823,9.821518568785326,-0.012649794329628898,0.006121725255488898,-0.012584118417590105
304.77,-0.047882614210955625,0.03614072585998142,9.888955177144702,-0.02085737707906014,0.00983036053770109,0.033629701376218096
304.78,0.008261920519385462,-0.07608560255445015,9.8677098426877,0.009592357532989145,0.008747378793487713,-0.004274586147655727
304.79,0.05679967058733359,0.27038840151613036,9.358471208454452,-0.013290739437239237,0.020527462008666272,-0.02261768528729807
304.8,0.23309096063566181,-0.03963125506853419,9.770316935573382,-0.02672110354916567,-0.02617838045754453,0.0004167278516002227
304.81,-0.14685641515050765,0.12364855822551982,9.582001541011433,0.007487881232319198,-0.04402313237087717,0.0053191883858861476
304.82,0.1874943080124101,0.008410755782373413,10.19563937532334,0.0012196840589795922,-0.004018684593372626,0.038923763574963764
304.83,-0.11337355500300948,-0.02106412100899153,9.869985551363396,0.005891184231872414,-0.02368921929853141,0.007087434609097579
304.84,-0.10369746675664417,-0.18466114551756527,9.806504884028165,0.01140589056755229,-0.06217459366035351,-0.025981302821472256
304.85,-0.16784101843348959,0.07752004636219334,10.023932419471468,0.048240000385325554,0.0030685534822295865,-0.0049515602542005935
304.86,-0.02800097268199792,0.10171254413344621,10.02572163391855,0.014690764282051481,-0.009086369965486635,0.0013621237471540273
304.87,-0.29053883419374665,0.14959404103786453,9.78144061623369,-0.033802634054281536,-0.016306833104820416,0.024782933133072577
304.88,0.08125990418446358,-0.12468067063708543,9.299827287695232,-0.035702732393275,0.012230029289614119,-0.009896922295014664
304.89,0.2170890215483693,0.0732564142683257,9.901638080426702,-0.016374699315189655,-0.009629649915088943,-0.026004985354266
304.9,-0.042876348379170794,0.07426564215853679,10.003724939727617,-0.008087416637343003,-0.017368801574089484,-0.003404206777153852
304.91,-0.07138565052310686,0.08438706432788472,9.99547253723167,-0.010783903459843482,-0.011924796389279166,-0.014793288535501874
304.92,-0.10187981276667546,-0.03029664477449082,9.707259177565215,0.012406213837523257,-0.018560084572587923,0.00010224071483201718
304.93,-0.3296827817387311,0.09928253703192759,9.667644562592566,-0.003412237777654228,-0.014422500850617024,0.01985658762435445
304.94,-0.16779409778755158,-0.05318061375801862,9.704742226630534,0.005918064034903008,-0.007548777861935279,0.032745445763225876
304.95,0.12480606255202788,0.16458898954323414,9.858780309467681,0.014761504535498559,-0.00010293722779432331,0.011365041631792094
304.96,-0.1737703080918233,0.07644079214729664,9.990408013903936,-0.030313632429059573,0.019380178002281874,-0.0043389728081370494
304.97,-0.2925810694992995,0.09849370168006644,9.816692653129643,-0.02476091471927936,0.004305688462200317,-0.043457087972532685
304.98,0.1692869025706899,0.11486821288397342,9.508343700529093,0.010334349281364704,0.004994924500692986,0.018788528744781544
304.99,0.050604445680272,0.10977042845408892,9.89191344315125,0.01064745108518805,-0.006435226222058728,0.0056833091326820295
305.0,0.2664392967253315,0.3080284572868874,10.0294484832409,-0.0004796480307349786,0.025580040370563214,-0.027034053502774113
305.01,-0.20530265391462543,-0.04350783245388792,9.892282151249177,-0.0046901394139995745,-0.022579135395661924,-0.007457150520693346
305.02,-0.04018226247915191,-0.056820318103156214,9.91060410065454,-0.022713091718233814,0.0003662217814038779,-0.013894635118909125
305.03,-0.1139233593651422,0.21578541218838718,10.015238914466964,0.008609192016865726,-0.03239513709220073,-0.007689800979319886
305.04,-0.19580694592854164,-0.22575208395644236,9.873685022355776,-0.009076989900451193,0.01758024474249133,-0.025105749078331456
305.05,0.09372692426704779,0.21172368621181867,9.749672567366659,-0.0014009788422807714,-0.03464864162313028,0.01758533368709518
305.06,0.1421315394323001,0.11702127637850221,9.759461913926685,-0.010344051525513858,0.0026208637818120146,-0.04207788300216576
305.07,-0.26524629069061195,-0.24321814328346555,9.614770683239044,-0.022902544492877992,-0.03195689106418229,-0.0017010448823128574
305.08,0.016751745991481545,0.2564831759456358,9.756869719706152,0.030209131364509322,-0.017402467376249082,-0.005374650516902128
305.09,0.18526254247479254,-0.0020543478637010575,9.64659682427559,0.04300965029924305,-0.004925863812854155,0.007987798939861237
305.1,0.1299423584717963,0.03838612730370565,9.65159216906349,0.025330727143920866,0.018077337934704004,-0.03141018688096851
305.11,0.051818442478421774,-0.06890018122055944,9.667648624257257,0.02663793794698184,-0.018251545068000724,-0.027339416501176543
305.12,0.11701368524434651,-0.03490884119706189,9.89665644242622,-0.014065648964467884,-0.006055799604478612,0.023396812103623956
305.13,-0.0005698401513130986,-0.09122401262945815,9.716656292324576,0.018127739791186155,0.001884401061492932,-0.003424271810752566
305.14,-0.20050801482111155,-0.04484154712538593,10.036301398715215,-0.015989021729566257,-0.021515320768930465,0.007343272817463776
305.15,-0.16934660348563918,-0.3867457461791992,9.688830397795787,0.007380909570987955,-0.010007989673731543,0.004488901457873111
305.16,-0.045185198115801725,0.22053868160635023,9.77979361169697,0.022728745715494502,0.020635384698510062,0.008476446134237875
305.17,-0.00482648219687419,-0.11050271218697995,9.64138824219623,0.00483048941190496,-0.008452077170433102,-0.025338804937513896
305.18,0.30627317790956315,-0.5290764748451742,9.968322603281333,-0.01805058429674676,0.014986967529721715,0.039043673719427144
305.19,-0.18986979090231182,-0.2532053650573951,9.976904221342377,0.022409691429984044,-0.03084151222409724,-0.004234041869675475
305.2,0.051672053257370204,0.2969243861171728,9.66554969582496,-0.0014421850734925073,0.007429104454256635,0.033954690550871296
305.21,0.05592501734359449,0.08922497003605788,9.896383379417637,-0.010935962939634974,-0.004149928456966728,0.030366840388250355
305.22,0.21352391285229205,0.05863770780112962,9.94842374232351,0.02247086264903773,0.040806384311769306,-0.03218178338455911
305.23,-0.12459038886851746,0.018895700663436283,9.905220343018822,-0.004207967395805385,0.010202029703215577,-0.03889805091697522
305.24,-0.1315816491953374,-0.014136709026726488,10.045056666408929,0.009196611358388222,0.02222687246680076,-0.01797090047925429
305.25,0.21540969452330452,0.13640067126103317,9.637020710270361,-0.04152641513535965,0.01454774219499387,0.005886521629903134
305.26,0.26626035936223186,0.058601866098388626,9.706639847799444,0.020513733636715742,0.02050965076268695,0.006832559631781408
305.27,0.09016896673254812,0.20088980912693127,9.679625896791286,-0.013625719892483897,0.010951055349726563,0.052913605511763544
305.28,0.1355867142569783,-0.1311777699463077,9.916818336730495,-0.02581855315171934,-0.029827359844954448,-0.02630224823751102
305.29,-0.24164547994849586,0.06402397187397425,9.583046368053102,-0.0017171367542442321,0.022029386184238654,0.021831238412722234
305.3,0.11113843038810373,0.009689655931973788,10.231217700407884,-0.02924252653716492,0.011388107023289058,0.044963415137654804
305.31,-0.1111256641889361,-0.0700027918559137,9.93163377153618,0.018330368661604167,-0.021011781386625145,-0.02201353739581221
305.32,-0.1538621224287115,0.023585522535401804,9.496998834453747,0.015360320336076034,0.013180015220316399,0.0066034391001992265
305.33,0.030358427381220424,-0.09503411936024517,9.927361741463063,-0.001071911285603584,-0.0075609789653528665,-0.002255274599339866
305.34,0.0208953454830035,-0.17948042036908407,9.635191188825344,-0.011697149826823348,0.0015579454198572243,-0.027078416599979564
305.35,0.16633136737704787,0.04029397321691413,9.697420058865521,-0.014962464496197982,0.004235478159851338,-0.014175838543542572
305.36,-0.05413288941327036,-0.19169136151923102,9.916747924191924,-0.02036009251021467,-0.014941215896864712,-0.040516487059623685
305.37,0.20538989218662818,0.18646467578302867,9.756872333900894,-0.010747245332062538,0.012392423010606148,-0.005674822049954373
305.38,0.19707118027202772,0.20060324626730136,9.563382689077988,-0.0023293285362272075,0.01643411689725335,-0.021539808147455156
305.39,-0.005246405390069957,0.11297763928415012,9.956652926064985,0.012557137706472987,-0.014831889059264096,-0.008034208895004112
305.4,0.012304531305853027,0.14822900139183143,9.909415036913629,-0.023281567976108936,-0.02561968214885928,0.015797577280316902
305.41,0.0542492012147544,0.1273731891849665,9.608654716520942,0.004818887549293173,0.012787422090459431,0.013436684571490068
305.42,0.11332597387392357,-0.0744034204160802,9.880331320336404,0.024097326284417124,0.00837004555189262,-0.031679749522213786
305.43,0.004954822482275229,-0.37432408225504366,9.646124998542671,0.007844253248589957,-0.0016552246730446247,0.026363554301565624
305.44,-0.06633888213968386,0.05971508421735587,9.931863584752634,-0.01688395686470386,-0.020297487002084637,-0.027750269219126582
305.45,0.09167427482312239,0.10477262735276928,9.37368706604543,0.0035353480992424994,0.008853665776559664,-0.02208417261429996
305.46,0.033943857506470936,-0.015746888750747264,9.743013069292196,-0.016332555368711768,0.010881131426770614,0.017969680922722518
305.47,0.1708110651172421,-0.1507342779318201,9.579836540969355,-0.023560564012417205,0.023042873939344052,0.017905008784503885
305.48,-0.35885452477924373,0.11054922785613151,10.0353572026074,0.019011754222122625,-0.01333391158554127,0.026251280703332897
305.49,0.07973792024332134,-0.009897626171182755,9.721880224420474,0.011308829225848012,-0.0015912023714800677,0.024943599211854097
305.5,0.15531695806155274,-0.26429632871328446,9.704639591157772,-0.054950978051866634,-0.015822073316940907,0.007108485033307671
305.51,-0.5309897933549093,-0.12201896833382317,9.855128801976974,0.04849057804812141,-0.013417830488075782,0.004223509259637898
305.52,-0.03717502589662714,-0.16632299157724384,9.96508879598552,-0.017280061353229598,0.020375525405672938,-0.009194156194546018
305.53,-0.0032428383783302634,0.10565715633856897,9.611088854877515,0.012144200537551086,0.0007352049306462209,0.023214541063888733
305.54,-0.06214822299636648,0.18075177082987146,9.664247749393745,0.011365437137622633,-0.008632805852911835,-0.0016189753081696716
305.55,-0.09582294193642579,0.10565952203088147,9.785104281601166,0.004981245926912413,-0.014896859037705407,0.009806982372577842
305.56,-0.02911720182371506,0.08555032953634022,9.786788399666758,0.02850729200033687,0.01998157516519773,0.030309080058588192
305.57,-0.15125262241363827,0.005243610368114923,9.687142397162289,-0.008581468068417728,0.00838174969239721,0.010169774968221966
305.58,0.020969671966522264,-0.09330011168495697,10.01950415578952,0.003937485079112867,-0.028619294285494326,-0.02715884897931776
305.59,-0.10540776877165552,0.03463715307008608,9.67968295826712,0.010434383329605714,-0.005066121541221808,0.03374978494601023
305.6,-0.13483267186176914,0.06755187513355503,10.143809755295296,-0.02331457126029382,-0.018246007159138895,0.005068378269447518
305.61,0.2724654376121937,-0.14625002111392194,9.937095115948415,-0.0041921214994024335,-0.01631248638894798,-0.0075993958452751234
305.62,-0.3466119565079672,-0.07332430961715543,10.005318266602268,0.0396525406387648,0.019079781298540585,-0.019652758578224374
305.63,-0.08006658519156813,-0.2598227164323374,9.905402736785499,0.011577920864524211,0.016221351154682186,-0.0285369831616671
305.64,0.2617611211194201,0.2769126064576457,9.55489687814085,-0.005213206151010019,0.026696195899511076,-0.022311413754688432
305.65,0.16303217553063135,-0.3464460493132837,9.372661155264204,0.005381197787288561,-0.02099001444369244,-0.0070460066834626784
305.66,-0.09600153880503245,-0.12872503379005018,9.903703121049674,-0.00019093024037211893,0.024309927058401536,0.013458949224831485
305.67,0.014995765574556244,0.254845736983444,9.656420942465164,0.0026399730734303836,0.016744922360956933,-0.0349847815569994
305.68,0.167359428192637,0.3626084935869878,9.779792775082829,-0.007744664705079641,-0.03970408790265335,-0.007994102311036371
305.69,-0.02491348529136176,0.2795536424029149,9.673236003276878,-0.005434070303463454,0.028815957205578675,0.012593898874132429
305.7,0.2944796359791241,-0.0246801082422353,9.751860476845918,-0.041475929839242476,0.01836809281649965,-0.025438422551780516
305.71,0.06241643939678058,0.02925122529795332,10.06382151087818,-0.006650478514437789,0.0178752384347921,0.007155423360274572
305.72,0.2156329553542963,-0.19508816498459142,9.758895595659423,-0.020986875855245862,-0.003868034486120238,-0.021050109431202762
305.73,0.10996182218689286,0.21805015496067545,9.656587995664259,0.011125672819968407,0.00965526483110704,-0.024584829464496253
305.74,0.08525213252691062,0.03320364059963121,9.954664041065532,0.0008813612983901043,0.03537381517802582,-0.01958736682966034
305.75,0.38305734283927156,-0.24681581430244146,9.66364566810999,-0.01131927111428468,0.017569028206423778,-0.010888113125873868
305.76,0.27715050395926605,0.3158619940472872,10.11180041667452,-0.006861388582052522,-0.007513145255604533,0.015715079158384153
305.77,0.41434714217248764,-0.20340453232928152,9.571595086534062,0.0037825387588040905,-0.006887097464613866,-0.007313528472430991
305.78,0.01920444815021265,0.011359374715857663,9.884500661575752,-0.027762214124510645,0.00804082345613818,-0.01667226150073415
305.79,-0.12896383059551253,-0.14552063690855482,9.992382913738325,0.01172921971584692,0.050614104739130375,-0.00787529469871972
305.8,0.2012015188118924,-0.08006420404703965,9.958794808033215,-0.002930118292736508,0.01931296768138008,-0.009404992631104617
305.81,0.18422430987363145,0.31839690930814557,9.378485829906774,0.012001302060018676,-0.003684205302405398,0.01446119159124104
305.82,-0.17842425109905,0.058321465287460295,9.724936311224619,0.003030133990396926,0.010698214195728025,0.007747375809208075
305.83,-0.3586415274508684,0.009987654818358208,9.537713156057375,-0.022765430293601438,-0.009902886890433303,-0.017456726902203977
305.84,0.32894101329585695,0.04530714210262698,9.585557812401168,-0.01267604998467412,-0.026380107502359255,-0.002286525618187383
305.85,0.0725393338689493,-0.10511362365884316,9.849022296088133,-0.0051023271209050276,0.018069692144148972,0.004140678979566
305.86,0.04544129977334441,0.02401404772663399,10.036429876792447,0.035236199580257796,0.0024793053270397367,0.00031047579152756555
305.87,-0.06578147382103086,-0.20080810321433828,9.880017661686875,9.291184993846869e-05,0.020008857873782235,0.0051204384824738896
305.88,-0.26398036741577474,-0.017047342804527285,9.701249324658233,-0.029692967407450192,-0.010911626051388942,-0.009725189510357907
305.89,-0.12094176393751617,0.2591570819734314,10.033849189274532,0.024431201753635043,-0.001559091403308095,-0.005640129137607483
305.9,-0.12824726385566473,0.18202433590525158,9.966731791228035,0.006049924988135768,-0.0035375287277352274,-0.00807921454438335
305.91,-0.05885541955840159,0.13988964709302534,9.843818673227824,-0.029256540253930506,-0.0018764899937221682,-0.007866176175317324
305.92,-0.35301322549606257,-0.12228477789903379,9.735448595680497,0.008469633628644073,-0.006000730641524859,-0.018113377407642888
305.93,-0.14917284477273043,0.03225002845914757,9.766550388726722,0.020232010346490577,-0.04993130212963233,0.02899133293410363
305.94,0.023747832818529407,-0.04752496755609533,9.825268878241602,0.028905591910028908,-0.015292012557385125,0.03268932079692237
305.95,0.33151036581839083,-0.18672413890583173,9.335912793798924,-0.020364000845933556,0.013802500858801836,0.012311702213644738
305.96,0.20073537888427886,0.021783469027393025,9.674207941942132,-0.020354110808625432,0.02425634065980357,0.026090939496210608
305.97,0.05082233979518047,0.21349988182488674,9.745788715044236,0.026699098065149453,-0.005915304603193946,-0.009954865833210858
305.98,0.20707670252953103,-0.04006212083269405,10.154682986035414,0.007499936243587951,-0.019167946358534218,-0.01097296018630666
305.99,0.1871550783115467,0.07709396042097422,9.827601635484903,0.003798744475574286,-0.04259844333036927,0.02461466459045201
306.0,-0.10170665548064306,0.2882082565184339,9.405443561777222,-0.0027914922452140266,0.03171441198112926,0.012596502975321704
306.01,-0.2606630380807738,-0.15852492586802552,10.178386501556602,0.030948250869467495,-0.01533020361036159,-0.010336662566049306
306.02,-0.21526656841301225,-0.05277885483537217,9.570566267925894,-0.02611868807095673,0.012731810210113223,0.008367512631746893
306.03,-0.20763358386231603,-0.2822189423489681,10.02738513136412,0.01165087438335693,0.02297554504312309,-0.008455424274502263
306.04,-0.13510793827539536,0.2452057045803313,9.959832651902097,-0.018312481665524877,-0.012966558259491756,-0.004321511403492899
306.05,-0.05434492193398269,-0.11532813651078337,9.660033417505018,-0.012511254006211218,-0.026369894019917316,-0.00911724926135112
306.06,0.17792106339887714,-0.18875060142766945,9.725469817781223,-0.04128313122330135,-0.029858043706941766,-0.005395446941661115
306.07,0.18383524893054826,0.16474535525942727,9.944842932666255,-0.014799795295188434,0.002017538941624133,-0.02503158562113963
306.08,0.040905070686417,0.2515312872413887,9.90271038151067,-0.01667115779392757,-0.016568180538583346,0.005713912175940105
306.09,0.10823624203644709,0.03560444074538688,9.786106236448711,-0.023017842696870197,-0.00580240925730789,-0.008130472028293742
306.1,-0.20688192192651325,0.06311749065928314,9.898173064074866,-0.014194253638572232,-0.008051824895375434,0.0038025415779814114
306.11,0.17804676592790641,-0.10100877029361224,10.04639763425274,0.01970602312531856,-0.032711774411667144,-0.02879016755179126
306.12,-0.16626734291778864,-0.048523170367835,10.192290399495088,-0.0146085044611133,0.00675381633925774,0.03727168064930462
306.13,-0.3229358021380943,0.1005074942250465,9.810355090131342,-0.019991382409088872,-0.011584419548508288,-0.023401111862515808
306.14,0.20033615019972678,0.2060100829981015,9.582117232180252,0.011145721693740606,0.033266347208084676,0.01216948743265105
306.15,0.13187667295544528,-0.12900018038339567,9.786922528168812,0.018015561359802507,4.189021112958779e-06,0.003976182369317318
306.16,0.26829460625292817,0.1599871356791904,9.734257735661798,-0.0014696907728830627,-0.013300154989101105,-0.006598217243790676
306.17,-0.47080662079549584,0.23504899393549647,9.79520280593385,0.0003070806990444385,0.028715005488558553,-0.01865369261965162
306.18,0.015675013044462713,-0.12151693985964804,9.832869199262152,0.004829529492042792,0.01888736628916759,-0.0011775958331317882
306.19,-0.1284258155743157,-0.17267154766600062,9.877980441637071,-0.016106285743185393,-0.03603755867888715,0.0367393105416526
306.2,-0.04556398268385303,0.041246901306559565,9.508120694348289,-0.01588473315208875,0.035287356801457,-0.029868843500840812
306.21,0.17742766598421492,-0.09695993989140071,9.688833606045627,-0.001983975696443685,0.01860564944522581,0.0076498760129080886
306.22,-0.0928818016814788,0.051173355851018246,9.392323517085266,0.0006261891042545338,0.0019421384259375898,0.010579848329719631
306.23,0.04675506619163515,-0.09474032742502941,9.958643118127911,-0.011528024839305073,-0.024192998150569297,0.0068884966333176804
306.24,-0.13032440035297174,0.46835072532431316,10.190879615375925,-0.03211704225299621,0.0013710955127883846,0.024462111486994526
306.25,0.09741842914868354,0.14734825674008278,9.799334233074319,0.00014295800391382984,-0.004604703761515698,0.0151249126036857
306.26,-0.1845573176338741,0.06736818081538301,9.793282464984596,0.010320455492256688,0.01735985507959632,0.031239912464036027
306.27,0.16973674557203483,0.030205088182878898,9.726442439680847,-0.010522743666749688,0.03386619459226569,0.014678922556462873
306.28,-0.004278472962471413,0.24302036989139128,9.916059289813555,0.012697102600749766,0.019992067902750557,0.022755858629238363
306.29,-0.12242465515288453,0.05214303348440028,9.529179150470611,0.002839318245595679,0.00022203512277388355,0.01180209090059006
306.3,0.07738413441620078,0.03954193115602368,9.727040564692961,-0.028266935284890566,-0.02020481399737476,0.03140426843166063
306.31,-0.06524423830464357,-0.3885793279651769,9.61084425647732,-0.014487477477148432,-0.008825305848727155,0.016161774491788124
306.32,0.03164892517197415,-0.2074901563407782,9.98546142642829,0.0076538226340769015,-0.023311410478552536,-0.020355313168217096
306.33,0.1053908246948201,-0.011849349982099447,10.017284154963525,-0.0175561413388084,-0.002238985906434372,0.030118124237050244
306.34,0.2772863450048836,0.552204885973536,9.828619783919873,0.015033585896875796,0.027284075034080424,-0.030853467986498455
306.35,0.11405499038025449,-0.12300858621225436,9.668281137601392,-0.0011259880344480987,-0.0018605554037277733,0.00999705546500718
306.36,-0.20106233134025195,-0.13273005394554574,9.718805319910219,0.026714629923510664,-0.010761959711761216,0.01280321817193756
306.37,-0.23574762493074142,-0.17845827427041047,9.715246650196791,0.012328113812365907,-0.001715300772633276,-0.02778488899125529
306.38,0.06929391603851763,0.050435495884899734,9.604057200995715,-0.03165232924369956,0.010481024551744995,0.007640129805382163
306.39,-0.1519179384568153,0.15077099415983145,9.985167923292515,0.02716769243742025,0.00539864641320683,-0.018574340873446286
306.4,0.034752652885082204,0.06792566003702637,10.007913538232158,-0.021030429053912184,-0.017875645371807487,0.0050337402129336005
306.41,0.3056710720400717,0.09434772095820991,9.774485605909293,-0.0007925915430670298,0.005288512409818858,0.015647647706927927
306.42,-0.15598199350433176,0.13815667832553577,9.663482265244955,0.013225777130674746,-0.020460739313322367,-0.014304935785104611
306.43,-0.3071406383693327,0.03408450659581963,9.74501021084845,-0.015151975521438009,-0.02089281555276345,-0.011937157117025778
306.44,0.18943496610117355,0.05940823553454051,9.422680072003505,0.015121776432933892,-0.01746001277961968,0.00029723964528352906
306.45,-0.2404790753680297,-0.06507674081430796,9.78675242565443,-0.027335515911454108,0.00762702670769502,0.004299467150846845
306.46,0.008437594028449498,-0.17332907619843985,9.908144859629672,-0.02227330114050867,-0.0018589787242606025,0.012275119198803723
306.47,-0.11731163757386803,0.43525986583744103,9.445683911358852,-0.017566007893684853,0.017390437065537803,0.003629183245862623
306.48,-0.15987107306173357,0.08477478187902084,9.841651457631382,-0.029964530803048214,-0.021377476913534164,-0.02053086599108925
306.49,0.2878353607733589,0.4112119458301702,9.838779999435165,-0.012584457044077076,0.012826305919294335,-0.02861224342226648
306.5,-0.0018732449575050289,0.1321850627647836,10.196616485600973,-0.019377165827206957,-0.00783449366058672,-0.014427594572059489
306.51,-0.021824356204041176,0.30708307792806755,10.037657750790837,0.007839508730696233,0.004794424032001543,-0.0200578489862033
306.52,0.10936458894353238,-0.17030720147276646,9.963205385207281,0.012787280858438083,0.006278813097802077,0.013970604867407366
306.53,-0.008320284833032748,-0.2099807900920951,10.321794755123387,-0.005258282692862233,-0.01881395246458502,0.017997585019910254
306.54,-0.19645831688888074,0.364293565228883,9.92642277536044,-0.015122347555487166,0.016385602944022273,0.01201060147714648
306.55,0.28414876440605885,0.1709370955627446,9.62373023789147,-0.007643300678050856,0.004845851075198623,-0.009261575760380357
306.56,0.2641227108093002,-0.2506777278383807,9.536918212581876,0.004486936979539772,0.011212348016652334,-0.04267030730396341
306.57,0.10808729892146099,-0.25578245694799917,9.889237163308117,-0.007857595404471224,0.0290686339998747,-0.006630570693481089
306.58,-0.292015973799202,0.11235972593874854,10.050842501274014,0.01085568430034089,-0.001234541216505873,-0.04039471892578551
306.59,0.25156111606528386,-0.017189697011373625,9.973899786782471,-0.0010975454781603526,0.012772776443340097,0.03492341144750176
306.6,-0.22391132523396554,-0.004362006146977715,9.857640440308522,-0.023355459442266076,0.047431029705533055,0.01731070083318148
306.61,0.059126670727831045,0.11911607554208059,9.753951875730131,-0.003229667316977616,-0.003288237293239335,-0.006690714744352492
306.62,0.44025149523409196,0.1395683482743148,9.931479012400633,-0.03554378238471995,0.0039071847332812475,-0.017175686109739453
306.63,-0.03734167658643094,-0.21733188786678156,10.17749631147879,0.01889686059533245,0.03917707130290305,-0.013585103982918317
306.64,0.05189735812491186,0.15743393895176916,10.090560482008083,0.02958844401652408,0.0066845230922232286,0.0032181539403591222
306.65,0.2101836199588226,-0.054870922339273424,9.847221617129799,0.0008487235746281124,-0.02082474342442211,-0.024487226551819008
306.66,0.03026118353686722,-0.12130471421994748,10.124094513598521,-0.0049180075518771215,-0.031519772621787,-0.00442931328715791
306.67,-0.09380173757486311,0.09136694433599124,9.882236658395886,-0.042988706639388106,0.022291955738982606,0.023548162905216493
306.68,-0.009764406192039991,0.11124068517450361,9.92886258247934,0.002715795743973291,0.02784640059750007,0.030084977452154205
306.69,-0.06795629297885761,0.016914810963125294,9.693600830055653,-0.022508460215432468,0.01743226369056304,0.004849114077533472
306.7,0.2499167576147162,-0.2652722973730958,9.849961285407607,0.026358262536321737,-0.005785293817687766,-0.003680706592479081
306.71,0.3667452852175269,0.18327335892962848,9.656019466746255,0.01306621431024686,0.007380672393521207,0.003580286892470972
306.72,-0.20700027054290596,-0.04211838665123116,9.57588298283341,-0.006969116971426957,0.007636370042080662,0.02450323281956198
306.73,0.20912364011097254,0.19139354144325596,9.94650932186171,0.016308985464112143,-0.015656957512325854,0.005834706439391958
306.74,-0.07129628073855974,-0.06412065520008083,9.68835357866366,-0.015112933723298869,-0.01003909464488603,-0.007514210378043062
306.75,0.28232755457583436,0.07651628785496867,9.526014729187072,-0.0077856825573279255,0.02959488535309169,-0.03817171900651688
306.76,-0.20974727856734246,-0.30681315128919934,9.485500739579315,-0.010830371565090934,0.0028116466390959933,-0.0099338393480062
306.77,0.04968878408627465,0.3445521262306797,9.727458837335357,-0.012805046783750426,-0.012999970947995782,-0.001996183991157049
306.78,0.016638101274474775,0.005804794605951076,9.195666814583118,0.004643410689901567,0.016890890188202147,0.02001857501346605
306.79,-0.07695753112906359,-0.18995992284921823,9.842863321960154,-0.004542647602503393,0.004693824913493699,0.06691899993634419
306.8,-0.05736205511130747,0.2001269475421179,9.870840600381314,-0.024275412464537155,-0.003925104037165378,-0.0055033564867393225
306.81,-0.433027831086787,-0.061096446501071204,9.627041988815735,-0.04510350239546652,0.026275362325903186,0.0011247290195982083
306.82,0.1245595813872987,-0.1074375604963335,9.909683173244922,0.009469172720333246,-0.01011853023617347,0.03712510714531924
306.83,0.11258784424656919,-0.5982726522034333,9.976217237984976,-0.009202008510160231,0.030464307856318214,0.0114322008310462
306.84,0.18755999872976603,-0.160214429838632,9.908203197820571,0.0073050218346448585,0.006507123108645131,-0.00912260711593738
306.85,0.10424724847691383,-0.06638132792005974,10.167797987350843,-0.03080243737152869,-0.010665699865844896,-0.022020584050048694
306.86,-0.11240105885955513,-0.021535917231853705,10.08032063525599,0.009232512731198177,0.011774374662281895,0.029518051876572172
306.87,0.08223411098085298,0.05052316830602213,9.727522235131861,-0.00427900896563332,-0.015130218691892423,0.011387621236032168
306.88,0.19998963175454698,-0.10783284939639722,10.07628557700985,0.017345951544039066,0.03193817545704761,0.012867602726032129
306.89,-0.2897630591220603,-0.04838552848123756,9.821160113659888,-0.012368262861896163,-0.0009961966167587241,0.0026114089922368543
306.9,-0.3296104127183752,-0.07259278716180988,9.620067495809485,4.300515641375846e-05,0.006208483817245114,0.03189232304264868
306.91,-0.12922756768233315,-0.1586534635160922,9.476600331205507,0.0375816127196978,-0.03016401302340234,0.013196066620040471
306.92,0.0869902643595248,0.008715981748158083,10.021264787154236,-0.05918973043152485,0.011160443316016287,0.03157772014536949
306.93,0.30845085488653695,-0.27127958302335564,9.691283883614439,-0.013836906063313852,0.029592140052991565,0.029499259532754486
306.94,0.17060706578302606,0.009000687268853329,9.67080714695754,-0.004780073009897903,-0.019740833426041722,-0.01440534035002637
306.95,0.06050309760902191,0.012657147979018377,9.842508911671294,0.013384888745567598,-0.017952619606210023,-0.010426976079605094
306.96,-0.14083115222428938,0.09782559529921953,10.02877191586362,0.0017874068868741798,-0.022972881057365894,0.015543160686739468
306.97,-0.3035699711297435,-0.14908202210081845,9.588367799666665,0.007076368956800338,0.007846297016166093,-0.0051357080617011625
306.98,0.021501104162559223,0.10773638748493912,9.830112392332824,-0.00958044194503747,0.009177299180458252,0.019546945049518896
306.99,-0.21135649463808104,-0.15886467788656897,9.742163853044106,-0.04419957435788536,-0.017810927911260432,-0.0006866329292350339
307.0,-0.30643958502516566,0.08851915371835951,9.902813431225152,-0.028878574101023475,0.0294715178963224,0.013950280431106014
307.01,0.09763314086878636,0.2281820449613649,9.678273114673821,0.03633583338269128,0.019573130616630064,-0.013680201418300163
307.02,-0.28015949588110334,0.12677731969192182,10.002330552781487,0.023267510409243256,-0.013921231384345329,0.037302889660407214
307.03,0.014940899979228308,-0.20689835217111646,9.601957303329177,0.008661253735684485,0.0205468574165776,-0.0044808963640131415
307.04,-0.3293166241560791,-0.1543668956054197,10.08150093688729,0.028272842802582403,-0.011357929727448231,-0.010221479106073445
307.05,-0.2846318198727452,0.14910937019944295,9.386943251116902,0.05109710295157091,-0.009559369589243525,0.03115326656218993
307.06,-0.15903966391050475,0.19271690267889763,9.889644786523272,-0.0036440107897297075,-0.010066587128227023,-0.012472524652461505
307.07,-0.16174235353539712,-0.02873679017984201,9.670926405060598,-0.009445086479078334,-0.0158942990850088,0.01782007175470314
307.08,0.13290591200129356,0.07746732293448325,10.006507297004626,-0.021094241856056056,-0.029531821938311678,0.028349387149221292
307.09,0.16552764425724792,-0.01885835836535516,9.880159342671334,-0.009421991472233819,0.006115098936894695,-0.006028396304958358
307.1,0.16185276233752907,-0.2663169177974969,9.681072624767022,0.0110539614302157,0.002161832603490327,0.012969642463655654
307.11,-0.015139899745230292,-0.2749093910949051,9.258294872050607,-0.002990420737076192,0.00957199990293262,-0.01669709688569648
307.12,-0.02210075801472566,-0.08489670782830151,9.855949267937522,-0.017621291759371646,-0.008693437678788012,0.03474085187542567
307.13,-0.03874911829832742,-0.14026857665771258,9.770392503885036,0.004481990552268057,-0.008642911473927947,0.0025941642756058736
307.14,0.12068257801631851,-0.045009012991413244,9.377102324685602,-0.007052843303110262,0.006433125878614617,-0.02064316779895018
307.15,0.05161980788282733,0.1016584022808058,9.482934912109295,0.005792179952549509,-0.00020510024340344676,0.03357353721725741
307.16,-0.198976994398491,-0.11057870257289606,9.74414653721534,-0.012353026600195643,-0.021960832231107143,0.021753298064258634
307.17,0.044409653220655015,0.196810673797809,9.894862183538295,0.016003613120205425,-0.0033326616473114577,-0.02027445563205273
307.18,0.13646088241173907,-0.16151159188364278,9.964805005025909,-0.003390958965645483,-0.016812556747041803,0.011905184559427785
307.19,0.24206678223248987,0.1314089844567835,9.448957535936247,-0.005311871392153536,-0.0049424076964857755,-0.025442289348656295
307.2,0.25573798122249075,-0.01103067597796456,9.827571916280666,-0.025455292457585762,-0.014665539630983767,0.010078974070615978
307.21,0.25819066794166884,0.07343539361937487,9.705008757410173,-0.003690304192532259,-0.011495502900771028,0.02113730217779145
307.22,-0.18008228901148318,0.3001138101529608,9.784669414681808,0.0021285902985900143,-0.009155427627162715,-0.04374186488133975
307.23,0.05802841402821234,-0.1832796720048854,9.952610409021464,-0.00527369220073588,0.0027426153206067303,0.01529986438370965
307.24,0.08942501896010238,0.037635833844610826,10.129314465144388,-0.001519189439771077,0.01610993594364995,0.018525719955766955
307.25,0.4612904208591569,-0.09552620366675775,9.868905263221299,0.0021305805529985592,-0.03486618118693485,-0.01615325874500524
307.26,-0.06953943670914108,-0.08721195676862059,9.965102473650175,0.006623365178366934,-0.00037403556036782543,0.023551936976456925
307.27,-0.08727969967759631,-0.2651821056003745,9.92077324043287,0.014198154015108282,0.020434158062722106,-0.00421800878554495
307.28,-0.19555461801205293,-0.06232316554492319,9.639642916436472,0.01524269057641789,-0.033361716583440726,-0.019756175153610157
307.29,-0.010344518142281538,0.22642020306454938,9.703273964400397,0.011745108533312742,0.031030195988295147,-0.00019041170626036844
307.3,0.03808959316472386,0.11178298943228217,9.865504054581006,-0.026115028743864382,0.0035873881168129052,0.0035459437546145394
307.31,-0.10367953525816996,0.04532435706912154,10.002712193658606,0.003347823397941415,-0.06456943226508818,0.027772477500416993
307.32,-0.047784637979431596,0.23454694175970278,9.833337276332458,-0.01021506157780233,0.01864429972319167,0.0162059453955032
307.33,-0.11574827509827719,-0.2551964934292316,9.976104609500318,0.008600185729891484,-0.0014621482919294835,0.0027448332871669004
307.34,0.09639132978972119,-0.259805235066061,9.715237608261484,-0.010345554886624158,-0.004343930306756577,-0.006872866156446473
307.35,-0.35300207818854407,-0.012453576510727217,9.626636883930447,-0.009916462964114477,0.01025469294274545,-0.013334821050717864
307.36,-0.23417777213125254,-0.062232011056099344,9.878640643966088,0.003022448352844433,0.006516741884909873,0.014015336912916175
307.37,0.05417954207698117,0.09172676956986921,9.671295228804194,-0.00022457861692005615,0.009110694063524539,-0.0011326115331979762
307.38,-0.16261851723015036,0.12313140075455077,9.640764281622499,-0.020783340060768186,0.0007520175971786829,-0.023536050613061587
307.39,0.06785449895640287,-0.13054408876724674,9.654331688767261,0.006364357566564342,0.0017005964778029114,0.026858268725435803
307.4,0.0674802947060514,0.13615302440531293,9.689090427119577,0.025969690789893897,-0.026990930552798845,0.012826297442056045
307.41,0.08149372188378369,-0.03330962350172606,9.585695149260633,0.06656216014202426,-0.0056221816570162985,0.0017036493805155208
307.42,0.07395813968734209,0.012959657555965386,9.593159705854447,0.016001382715796666,-0.024916488541106365,-0.02045139346198995
307.43,0.19546803354321007,0.011483118156928785,10.055911878026963,-0.004054381840268652,-0.014153811090483425,0.010315344505400167
307.44,0.07000539087445999,0.10893508439787117,9.909455948071837,0.0061817812051448325,0.010392456999985528,0.01385254702227214
307.45,0.04761135800689558,-0.3455541147277888,10.077433351798417,-0.00861089523762536,-0.00612236226109386,0.01933591242841623
307.46,0.09575546186174216,0.02761119834546089,9.969247821673921,-0.014602671668622356,0.006213252709122099,0.013884381365026958
307.47,0.2389190634084498,-0.14852347850344075,10.008268235724007,0.014986589731585188,0.014800468170374241,0.0032319162359051557
307.48,0.1773885681004571,0.3571505579872396,9.89948584572436,0.010084177371130255,0.008716378672510981,-0.024213525871126445
307.49,0.009632060663640401,0.24077793247877813,9.713910477636007,-0.00630482362733123,-0.010159993846155825,0.008164586935287725
307.5,0.06554459679163684,0.026139699693730433,9.755231560620482,0.019919436096619177,0.010594744022721996,-0.023557261361893064
307.51,-0.03857500812618493,0.17837172767569978,9.699866049283209,-0.02059107308691354,-0.028498374821016838,-0.006300582598397457
307.52,0.2643880933303525,-0.1938082428133365,9.966180062253377,0.0009194205057869747,-0.0029560318024453923,-0.0067481611024184825
307.53,0.004619425241674025,0.5047472558440017,9.99744855651177,0.01928961773173985,0.008369146951208129,0.027795027227273183
307.54,0.028097562992483786,-0.05691288557422093,9.921114340294631,-0.014096152237331648,-0.019749564977206296,0.014638980979486646
307.55,-0.021677761016253627,0.019583904423963953,9.638181514775175,-7.85724418921475e-05,0.0016047088293460682,-0.014484432162170196
307.56,-0.12457103380901696,-0.1933448618798951,9.95932298008937,-0.019692173206297583,0.007590136114477592,-0.007475150063394124
307.57,0.0036807401899578668,-0.0045400749397081445,10.067742340326822,-0.005505705541425243,-0.000806377600321261,0.018469659182902352
307.58,-0.05725252212310625,-0.3614862184004238,9.871721487937807,-0.002703001045399756,-0.01206957106792551,-0.023733850974448568
307.59,-0.25538420114467725,-0.2730719798612655,10.020602446366722,-0.024043096511358195,-0.0002562199202101499,-0.00210449222206286
307.6,0.17062000180653358,-0.14652905264658578,9.817882434065842,-0.0034053920429789747,-0.020172958977343978,0.02311408849572571
307.61,-0.157854282785683,-0.12711638429682603,9.90908972331623,-0.03619756520146672,0.004132332136287251,0.009765992855854435
307.62,0.3193891833238252,0.14737806801959097,9.746140770668791,0.021655488408341205,0.0028321713418931484,-0.023150867243706
307.63,0.10511575004719526,-0.0811365433373778,9.955138571228813,-0.038028899725874345,0.0365355467984444,-0.00367711064476068
307.64,-0.0227631966666848,0.05239198389317217,9.686308049117809,0.05698596247389193,-0.01745029835408002,-0.021477995051277475
307.65,0.10069980821506927,0.039212397312727076,9.638913442810253,0.008835152318213843,-7.364827111375003e-05,0.01253084206814018
307.66,0.1938354250207607,0.13041472172778729,9.974148735030232,0.004315002458780534,-0.020165672864123546,-0.007359947529356656
307.67,-0.09195697213717569,0.006878863119495571,10.162577377031798,0.010987331450426383,0.027733185306439083,0.0072052372391418
307.68,-0.05377446118591339,-0.38939767178720136,9.828781919130952,-0.025198624602878777,0.017952893295932845,0.006602029278136397
307.69,0.09731519863499992,-0.30075713133637894,9.98583001863409,0.010517568432491981,0.001704653695484001,0.0031581801181693745
307.7,-0.06529505109455025,-0.07817655665596493,9.604278386612501,-0.023504900222519366,0.005162211401235066,0.003079487681816641
307.71,0.3083113033496169,0.05977306729353952,9.318853896933486,-0.025021695413297608,-0.0167930504091398,-0.021484403644482623
307.72,0.3605274535661981,-0.10389481827444522,9.619952932546989,0.006760049944148731,0.020509149371774157,0.00658863869156315
307.73,0.16158830393208395,0.04554011408426521,9.97002595689379,0.00010100703264136924,0.0029978188556324787,-0.002765098648976205
307.74,0.059204741082222644,-0.23407959931615158,9.602373182022504,-0.004051323709757959,0.010995946058440988,0.01826986733926549
307.75,-0.006216493959742107,-0.07487619907422512,9.943206496786821,-0.0442707360141009,-0.021129316695815893,-0.01103331099247439
307.76,0.27228609409229465,-0.16856318433524942,9.989502031462672,-0.01481889571128803,-0.03929567073902972,-0.03399573820534331
307.77,0.16229221138884856,0.06453783771598419,9.630252970242044,0.01189755513729816,0.0030702650347536682,-0.009367616728673589
307.78,0.07023672446336607,0.04733271649230877,9.798942629001282,0.0033724335382150287,-0.02386960083219016,-0.022842542930645176
307.79,-0.14511145722161475,-0.07057648185274817,9.794047924152094,0.0009694895713931872,0.013676073411896092,-0.008323057388128
307.8,0.027292406000881522,-0.20141871146757176,9.864618686921009,-0.018485260097877636,-0.006274597752254374,0.015753328742224678
307.81,0.03092207824785495,0.031584666599325364,9.734662837931054,-0.0014712432575548571,-0.014319452677751652,0.034321288973901166
307.82,0.07121223021909295,0.162134637989607,9.868294557190579,-0.021033948112232952,0.012931321977393993,0.01859186639518677
307.83,-0.052906776809485294,0.027794444347699586,9.475871944612926,0.015000788212185891,-0.005482903634471781,0.002475283328400041
307.84,0.07892114887610019,-0.017005333203315248,9.401389625600759,0.027778852076975242,-0.04408892160064085,0.019558582127732253
307.85,0.13898490259026677,0.21918373734684546,9.854038718684814,0.021408229988056537,0.0004221150753233027,0.0006315903654892028
307.86,0.03755192030537574,0.26394700728711,9.868900499600855,-0.023870629417991236,0.03152451713217981,-0.01765635001193499
307.87,0.015538384455372837,0.1983614084937725,9.921479821132,0.011674976858828456,-0.015934768744996223,-0.0028406610712645593
307.88,-0.16735108748220665,-0.19105839384319914,9.829495906236412,0.008964916614880821,-0.0031645409447043837,6.42323905591108e-05
307.89,0.2628169224272884,-0.12451726605629376,9.771968976011834,0.0015581137480698303,-0.009409502176521747,0.03351571698464888
307.9,0.10904470351076845,-0.06259915925807058,9.78485190918813,0.016807586315641096,0.029173646146487153,0.03068262028554834
307.91,-0.44838978561865434,0.09432142773157735,9.625968901554248,-0.010727385592027178,-0.021425181386802588,-0.009480397521197646
307.92,-0.12215043946570335,-0.12105203627719509,9.569774833499357,-0.008215204925878718,-0.000991305199185884,-0.0032582722158498007
307.93,-0.030919242890428245,-0.081988779442445,10.051739561647484,0.0113482357318066,-0.008433832395100295,0.029964735925171706
307.94,0.033836016787344145,0.12455300033673011,9.73009488697147,0.01808024744278973,0.027835515122458267,-0.001944901475001844
307.95,0.45784006045648445,0.014760049666295471,9.926606645179048,-0.007428265596581138,0.0032021786984037046,-0.022738890226871297
307.96,0.187372783861545,-0.009861274769641774,9.890878586044604,-0.039633893093547104,0.02471086080263251,0.014045115675777906
307.97,0.04551035717809525,0.2222542506002076,9.863113030426447,0.005438003394484789,-0.0018384191446798063,0.0028164275682684013
307.98,0.11590099667778223,0.23580984497799576,9.72353152181144,-0.02492409405881312,-0.045967744337846,-0.003843760716790877
307.99,-0.20103720676005626,-0.1605192178966213,9.83574685831414,-0.004804636978841504,0.01230469541448069,0.028955086569015017
308.0,0.027271147575097066,-0.3018529434677005,9.700035986266451,0.03190527313389372,-0.027192131580951302,0.04065307593239493
308.01,0.006385521774175254,0.15262691601060444,10.029476854788753,0.002743316500038068,0.0199116448239274,-0.0154230961128107
308.02,0.4060955057839814,-0.21961772949959205,9.619697715164847,0.008419411061920339,0.02582099120078142,-0.01309737554221367
308.03,-0.005943966932687159,-0.25149730767111955,9.882805832483998,0.001316999854748208,-0.034343294733346956,-0.02460379151834714
308.04,0.12284503331040489,0.2080549989772026,9.862130786351067,-0.008783806482039658,0.009917648877946803,0.01805926124250867
308.05,-0.06872303142322328,-0.16390925632909203,9.96823295687006,-0.016581045690658155,-0.01970882377907418,0.011412929453415488
308.06,-0.3711530813975903,-0.07523196043531935,9.795018633007132,-0.003430258361833895,-0.008674571981449972,0.002567442119170396
308.07,-0.3259552596371903,0.1422687739999477,10.132217591252648,0.014342189895431104,-0.016006993194431256,0.025096132584602193
308.08,-0.10305568588312969,0.1471558639081515,9.898703963550732,0.00039209768783271884,0.011338773765688339,0.013907444057193437
308.09,-0.08557618951523822,-0.008908946501881392,9.692292203186357,0.01060608216592587,-0.00871853091208439,0.020708473367128437
308.1,-0.1465722890529404,-0.06441868696443756,9.968616699591395,-0.014742686007810053,0.02335330792658713,-0.00985324311617085
308.11,0.1140220164553812,-0.17651013673331165,9.847599129260669,0.009397920468840432,-0.011439197875575641,-0.023142291835742634
308.12,-0.10113181986146287,-0.30883789377005294,9.76606828038859,-0.02005020882290473,-0.014406018637029174,0.023583313275818123
308.13,-0.335358897835176,-0.012195782320895021,9.365704163704622,0.021466660049017816,0.023811638335816503,-0.021813520385631512
308.14,0.1176643708615832,0.0926946601194659,9.492172102877873,0.00019510368720544144,0.008498155991187435,-0.04833356974312797
308.15,-0.11879287680005324,-0.12664560968490418,9.672082511613118,0.027166056684485494,-0.016256385631817628,-0.025590976162069387
308.16,-0.05761262342209356,-0.0940993332641998,9.99969386284189,0.012615805383989313,-0.008226708463724003,0.046743635744097636
308.17,0.03801970302649626,-0.23245342124680182,9.631366908466829,-0.005660560664213925,-0.003043815657539082,0.009169407921001717
308.18,-0.15700693372596253,-0.05324449216184382,9.69074789615771,-0.0024500981681847404,-0.016857537989047374,0.013064461825364346
308.19,-0.12964798570468605,-0.04316960234874824,9.96823569024343,0.0037220218313422236,0.03221838295617197,0.006440939842552635
308.2,0.17495693916499017,-0.12557615721678406,9.8545165140367,0.02076256183349268,-0.02655586359583032,0.0012954312973061973
308.21,-0.15221828607241714,0.06820392718486384,9.575280625862764,0.035648154091910036,0.012714946808093274,-0.04398254259505814
308.22,0.046272546328216695,0.22942850417977484,9.710696591921998,-0.029610861737277703,-0.008293392643876981,0.025413717155794803
308.23,-0.4401272183520096,-0.10306295560804886,10.022873330149913,0.016102568195766227,-0.018031000630040456,-0.0012663088862380817
308.24,-0.007409014825190185,-0.1886687288819429,9.929969603193006,-0.010678936511243388,-0.01705998771209317,-0.030225927984204103
308.25,0.3155363128292988,-0.1473920728612246,9.673458261831373,0.0017138418954017473,0.011027174027899087,-0.0030662067211357203
308.26,0.05220519607232364,-0.13377153360171876,10.003595013370203,0.01347670571298018,0.004089851997443591,-0.023735774714784195
308.27,0.23306208170388357,0.1542039514879653,9.880577129683136,-0.03968224477940062,0.02016052212608249,0.017722738674381268
308.28,-0.32657402666912827,0.12776157174897892,9.452863493555304,0.0018402535203965393,0.038050053122114055,-0.024865696489359802
308.29,-0.08778845150062366,-0.2173746490791033,9.72544903640369,0.002398714982253588,-0.015930984537893607,-0.021900100381973445
308.3,0.1877230690890551,-0.09963415816499967,9.737070900571243,-0.032396110473361134,0.022821183191014678,-0.03925715763686456
308.31,0.12139327448900854,0.08605869598146354,9.733507730690924,0.04009408361818956,0.006544802194463638,0.004178235611937987
308.32,0.0399938440730454,0.14335021974957443,9.637187758608777,0.01889816387985681,-0.025341172633423857,0.04153032443642655
308.33,0.10730422358586167,0.2911286934763839,9.55330518051647,-0.02508007608089018,-0.01749087592525239,0.013115640480327671
308.34,0.19050934218294782,0.1632007856660704,9.560036654468556,0.026616795756195053,0.017121886856007636,-0.002031679367728526
308.35,0.15912569986999733,0.17773046252000818,9.842146877163595,-0.007916423231768409,-0.0025000095118589056,-0.03202658976614736
308.36,0.03845834725569993,-0.30152869550789396,10.01971639586905,-0.0034709801507707863,-0.0052686629942834025,0.025616412320666797
308.37,-0.06713640783510855,0.10053352204185738,10.21934929403132,-0.018077499670871,0.012701092999373961,-0.006011043094176958
308.38,0.06522125307915078,-0.03757792426147443,9.731330867164623,0.02626051800428148,-0.007948010547827667,0.01162627080676987
308.39,-0.041354418233547435,-0.10134375867066785,9.585638660918024,-0.01631424322514613,-0.01573608237345481,-0.01777743086329211
308.4,0.24967936780467753,-0.15213923125896697,10.095286187642065,0.012225244014606272,0.017397025429953597,0.02384342708816969
308.41,-0.20215357043855023,-0.300959414402785,9.650084075424235,-0.03591525056563534,0.021297906155975276,-0.012016670405393054
308.42,0.023021674752955853,0.25150554568855554,9.813275541082678,0.0028190280469672633,-0.012183226308843014,0.015181343017607285
308.43,-0.010418257803841733,-0.11530241116501089,9.994142492509727,-0.03682814844355758,-0.01901189197581214,0.023230771660307323
308.44,0.12390371173248345,-0.04033648912295906,9.403091419722006,0.026710626073939904,-0.011709645035825934,-0.013291064302095982
308.45,-0.3135242126500295,-0.3780237674027618,10.153761503962105,0.015514224702074164,-0.009285337348976205,-0.0029148672014834404
308.46,-0.19576151034022152,-0.005405171263926235,9.470395520540688,0.01684420828397604,-0.023799051310741663,0.030796763260506208
308.47,-0.06790353480522798,0.21656274528027322,9.995649711907351,-0.00797336886004765,-0.018523264150263462,0.003952505157607641
308.48,0.15663617876481245,0.2855110053922824,9.676482461298287,0.041438359535158974,0.026852855956446448,0.010732457853558173
308.49,-0.028924214312905264,-0.07191539342538213,9.780966760223821,-0.005565224993050224,-0.0020640891910660023,0.0033250071821928316
308.5,0.019383226968547433,0.1700855331239534,9.672320945271304,-0.013857690797528043,-0.01998669932928026,-0.005451981542106967
308.51,-0.015666266320071884,-0.13849630090057397,9.646884892856724,0.022493870575836402,-0.0035413327735706874,0.01078609796925135
308.52,-0.3403851540634005,-0.30734335549808495,10.038537025765674,-0.013469132614178344,-0.007421222513115472,0.008184622518562975
308.53,0.1546511685444279,0.15653479874728368,9.66406657924519,0.012696362368539623,-0.002900036354008646,0.004636436112466744
308.54,0.05646755883921449,0.012956402750968246,9.657923084664061,0.01845766346368372,0.0010522129109792112,0.015113834901342665
308.55,-0.0419710037409659,0.21062844758873026,10.02904640975557,-0.022552743242928632,1.0001971242495596e-05,0.00249016415652112
308.56,0.029967494960745435,0.07515948694632095,10.112067272844321,0.03749960829288841,0.030336919114852475,0.027892421718478305
308.57,-0.07178788520124937,-0.17304608010607753,9.875550103244208,0.02069380799194887,0.0001342726477180914,-0.014246099975920669
308.58,-0.09169802273984938,0.08321680276989349,9.566768945075028,-0.003653475229381457,0.033182419052177545,-0.0035579708769260536
308.59,-0.005090577731379311,-0.14594473072239086,9.814771492699203,-0.01836912846294366,-0.010882681588646729,-0.0041909763076091785
308.6,-0.1317225033748533,-0.14348684933061873,9.730212174287308,-0.015084004531464978,0.008800795562833913,0.01887753046293355
308.61,0.057419537193595,0.04404780141279593,9.97997019029888,0.04005919611814193,-0.01854929966909045,-0.005714807288454738
308.62,0.009825026401431408,-0.16617391688724079,9.985192599974782,0.01590108663161256,0.017197956099655843,-0.028755341286350912
308.63,-0.09708193846673,-0.061676808563363564,9.878276785223886,-0.004810576260716025,0.04089244658022985,0.0036321664727658035
308.64,0.1076263805023865,0.16254594318661703,9.996453242937108,0.014660913287145017,0.008959372009910883,0.011256220667267112
308.65,-0.012444572521650765,-0.21769486528811818,9.944866490602083,0.026657485958355907,0.024095431920836585,0.008742762020437706
308.66,-0.13646131704305045,-0.30354349213595766,9.851997658321636,0.02991006605330707,-0.013167422617577156,0.012761025575585621
308.67,-0.006904882466483159,0.012465612766097638,10.077451155164457,-0.009344051985106495,-0.055783835519892265,0.0284409417129609
308.68,0.1460903579587469,-0.18328685638086398,9.661115712131167,0.011274422535412278,0.023948050410239133,-0.028927480668079517
308.69,-0.04439545593394656,-0.19188089061408448,9.880929546654816,0.023196310567323648,-0.01982001506242907,0.010583670518659874
308.7,0.1325270332278847,-0.29282296645828537,9.863624989802418,-0.035625033042589044,0.046765190701189736,-0.019477249313533073
308.71,-0.07772883211977333,0.17971055710976627,10.100465729909127,0.015587569578828212,-0.013329352044734758,0.005779802298015264
308.72,0.17824345242023976,-0.084130494498482,9.770070091925488,-0.019724666768690127,-0.0033533001004431517,-0.018087883085335744
308.73,-0.019196337601306478,-0.12069999571669889,9.718860894365996,-0.029723968724380607,0.0250596290363322,-0.04619031393532595
308.74,0.08718494998358074,0.19074576155042958,10.139700732479001,-0.014386166268335717,0.005831058011596999,-0.014525190692173812
308.75,0.06673889375313125,0.12041171505795628,9.707365448595473,0.009908087147074324,0.004278161982001773,0.004644863761611581
308.76,-0.01864030168038736,0.14113167315703512,9.753600846584048,0.042415585444500345,-0.016945387682650432,0.03236889350581067
308.77,-0.2584878503017288,0.28737330868594385,9.787590342194017,0.012909613084720084,0.017676368911939282,-0.03241895197207312
308.78,-0.2078579408533804,-0.012841902351627936,9.7530864128608,-0.005767850592617843,0.011178009700761687,-0.014039577378684075
308.79,-0.2900821838608739,0.10328908631329645,9.60758255102127,-0.00839254482705356,-0.009139765070976113,-0.029369324265959874
308.8,0.04449872954704537,-0.18498855439605114,9.826931399401571,0.011055630267284363,-0.003736476870691072,-0.019253071590464056
308.81,-0.3575413607483495,0.08616910149200459,9.765605024425247,-0.021318021107999383,-0.03820159794796575,0.0014202637059980438
308.82,0.03720452718317074,-0.09813742384495752,9.552216363500486,0.006625062923203971,-0.004423789760911243,-0.017740772668910422
308.83,-0.21337182546045141,-0.01993997951254596,9.602424487153336,0.011663248704015477,-0.006800773058943452,-0.027286504021703108
308.84,0.27987158913738075,0.09935285968129198,9.826967240118664,0.014983663341739542,0.012029392103842584,0.0214898432233074
308.85,0.10480213246497229,0.05870808507325535,9.906269631609861,-0.033557748166994555,-0.030858049688152287,0.025888869430818588
308.86,0.003696472429414109,-0.10037863959849438,9.849619436021738,0.021881079096397523,-0.045573871850062064,0.010383348964610212
308.87,0.38002525048404695,0.007039531378716594,9.689342518223937,0.02328661123748646,-0.007122349196082964,0.017094096721574352
308.88,-0.011723951583496808,-0.02015870216196594,9.75897848753396,0.015773086513087786,-0.00875937774445271,-0.0015415680027958596
308.89,0.11182031680238735,0.0930228352307192,9.683926056428609,-0.0210990934165815,-0.0025136601600731752,-0.0223196883465629
308.9,-0.24709012555558765,0.07238523210732806,9.637044893629612,0.011278330704114027,-0.003445533941105935,-0.018833906526478504
308.91,0.06289879680187346,-0.019569883045475522,9.677831399492595,-0.030690440875047582,-0.012798268158373078,0.01251196381313621
308.92,0.020803962232474882,0.3239658535198062,9.66973917543458,-0.006269976209090581,0.015659694015251035,0.01075165414500898
308.93,-0.08303067224317921,0.006432930774020209,9.706067108310931,0.059870171962141616,-0.007057721628620063,-0.006050667573752
308.94,0.10756098394353994,0.270611152066701,9.759918123256991,-0.010682883086082763,-0.011765556243896044,0.061330316777885516
308.95,-0.18457210789260026,-0.16521925826284395,9.980042703316927,-0.001290802296024299,0.010337443285682844,0.04025163453425909
308.96,-0.08771834141738016,0.3815674018578916,9.569956344063066,-0.002030644801989078,0.02560036361488075,-0.0052081371942960305
308.97,0.18199477823361732,0.24226171999754154,9.789454462002633,0.01789330761147772,0.032301411915374306,-0.016296626814411797
308.98,0.10985592903666484,0.06649084102378429,9.405933253037785,0.02665642309120552,0.006454400605689063,0.02538471256333508
308.99,-0.09018511818611762,-0.16325640719285023,9.802937079615553,-0.022528388555871984,-0.005394911950957471,-0.00019712384225738946
309.0,-0.07527677251911745,-0.031493995106516355,9.966701294854932,0.00550211135314578,0.003903130308598814,0.008687750194010914
309.01,0.12373133620072266,-0.07936973438612811,9.72106989055033,-0.021203516161654484,0.006695404435286226,-0.001968198432820255
309.02,0.0027376702933250585,0.0045673808452828995,9.581353276991393,0.005573053563722752,0.004621060399092607,0.0018079529212375223
309.03,0.0483481204624011,0.05450211144693696,9.818589887795655,-0.016193886915391385,-0.012231936434685387,0.018377799726467456
309.04,0.08523082166567383,0.10244610035444318,9.672206188600224,0.027925368577896244,-0.0011839685418765181,0.010752132019344085
309.05,0.14310439551065862,-0.09677135648787553,9.739407887594895,0.0031077021569860313,-0.026840502415164065,-0.0448921191256648
309.06,0.2692259382167857,0.0038081509806773104,9.593071020782993,-0.004800656417946838,0.0013313846278586677,0.012990122664434377
309.07,-0.11239432156944411,-0.02478787918609175,9.62899079799532,-0.0068474357574168235,0.043892983902996584,0.01691178959710673
309.08,-0.04527178516179089,-0.1631773938079596,9.581274762616632,0.0018360420181028547,0.018094418160177726,0.002460708599367156
309.09,0.26585997531323236,-0.012493861919721176,9.575726521507711,-0.027992122798152812,-0.007279640964621905,-0.008772667628036752
309.1,-0.08247107246300882,-0.01955862461581718,9.48181943232861,0.005499381221328321,-0.02919690522923846,0.0014700322381394299
309.11,0.10660053941959605,-0.19452358614203516,9.511396959207369,-0.015971729924441323,0.02806003382498028,0.007726114965198766
309.12,-0.03910557942558757,0.006545907050993793,9.75501796374731,0.021912085058667558,0.00982046040090018,0.03830833038573122
309.13,-0.19820517100976415,0.07339284352124728,9.844944703917271,0.009524200564380112,0.020950373839980867,0.032873276422791
309.14,0.07619983064454924,-0.2278187846718167,10.148914750244316,-0.002204458460161599,-0.030111769138038466,-0.04046050345674904
309.15,0.2944313022129965,-0.2559802676993451,9.473686356123014,0.003477826026528643,-0.048125151735547524,0.02404412092224689
309.16,-0.2028926525142902,0.012128747997695888,9.550964176104404,-0.012006109839669205,-0.0021423962402216707,-0.010587190443747648
309.17,0.10953570062205881,-0.15021049372393228,9.352763096231099,-0.014862677986852181,-0.010298070393995199,-0.03174422489178898
309.18,0.36331491797006715,0.07511537681409819,9.829046124545576,-0.012312640155895456,-0.012859714704058011,0.0006461066272308058
309.19,0.14803307433749416,-0.28314351976356283,9.586279899448634,-0.015529560931692143,0.009507079890044559,0.05039062947936294
309.2,0.1404285567752526,0.01023474969289562,9.669567948682133,-0.035575570242271974,0.01639126797912597,0.0023425883628147817
309.21,0.03748882719992076,0.09069560230609672,9.822159644911098,-0.006123586616060073,-0.0006839736627026426,-0.0006297542398587447
309.22,0.027098920377532306,-0.1339554159046542,9.689538862006478,-0.005769546723646552,0.013711874145343915,-0.025600946771954167
309.23,-0.02951849959680015,0.32903750815643124,10.047944177409248,0.017662094745872128,-0.042365729253874176,-0.00074189677476233
309.24,-0.05913359005710542,0.21727989952660517,9.69572528930019,-0.01174685849724833,0.002142523279839058,0.021287505591475776
309.25,-0.06546069696308902,0.0292689559509684,10.014018484643714,0.023048753999907086,-0.04818249353021468,0.008307896087080376
309.26,0.06323755651701042,0.12948027762518513,9.99739342295238,0.01942167750701066,0.04139616041414835,-0.044834766211495305
309.27,-0.2502611916594658,0.15205856648788604,9.873553097804695,-0.013886618303157083,-0.00971074148211211,-0.030368574743237668
309.28,-0.031541393093247515,-0.05423896195842646,9.760582021922513,0.007551283704748944,-0.013126772801792934,0.013031121696461725
309.29,-0.2707562520475174,0.08606835280559243,10.103866939531391,-0.01866651946597977,-0.0004320688377412589,0.02637532325857353
309.3,0.15599264758158318,-0.03757142945461251,9.897137776867877,0.029301783935488837,0.009446867034292062,0.039768569073312485
309.31,-0.08221971860188639,-0.10456642021890387,9.821903665075666,0.008729271177668304,0.010709277449513789,0.006027482055123001
309.32,-0.1738297210214587,-0.233506510589525,9.913285165859367,-0.014526812812573621,0.012163170154175021,0.028628473448225833
309.33,0.20444044161361322,-0.1384876357719842,9.809376173073945,-0.011677506148126647,-0.06401004421952447,0.0066805471275554916
309.34,-0.0001228197332005144,-0.1154476624720201,9.906572367764557,0.006974774519219769,0.027525411141311983,0.005383868948365765
309.35,-0.331702220003703,0.1942585581267452,9.785864486430999,-0.0076251879207363,-0.013441754267162478,-0.02984750491192867
309.36,-0.095436567532075,0.24921550234264503,9.65087114938267,0.00557085246853141,0.005394267760587379,-0.0020351011055561707
309.37,0.07700477074086186,-0.34212190728612846,9.635884867253557,0.011337831013426355,-0.051565658534048014,0.03421189022880417
309.38,0.020703555067780034,0.12820527246740862,9.662851544398569,0.02735289161843562,-0.030117513343392643,0.008194897464682958
309.39,0.11863909293217927,-0.007210543850846561,9.935627062185848,0.01128284891215984,0.035878592111797156,0.024943116348744885
309.4,-0.06731629223197322,0.023807556454242682,9.616401196980346,-0.011721815006668978,-0.015364395890034284,-0.025239692523245972
309.41,-0.0070938030457699955,-0.016189634322790625,9.965974939009463,-0.003209344627164963,-0.01436608006040916,0.013532635731002914
309.42,-0.04794968937281932,-0.14731006223858326,10.178363371196667,-0.02359775472880784,-0.009999883719288487,0.01735707076349408
309.43,0.00939422998675257,-0.14207177549885291,9.81110433387589,-0.028439602173741408,0.02603932853753126,0.019511054684321877
309.44,0.03180248074703462,-0.035464606005705994,10.001918352786596,0.02859544268671126,0.012463070300137517,-0.015644423209462507
309.45,0.04611164282714106,-0.09504364464360754,9.769468425701419,0.014217133486041736,-0.00038817158627692423,0.007654418858494411
309.46,0.06956303981417238,0.09153909162161382,9.880090338448898,-0.03348546146054098,0.0160756663754832,-0.005175398648940151
309.47,-0.061013092725142284,0.1731186875636434,9.82012652614332,0.002799722341881554,0.010165880764143388,-0.0014635474713995892
309.48,0.2702256989866052,-0.13989987169336557,9.904328368340822,0.0310539619466759,-0.005161393060094828,0.02289708409763666
309.49,-0.26022831295358556,0.2180624325248978,10.122271596947195,-0.0025147609893061604,-0.0009156652886391747,0.03342475156237693
309.5,-0.08363700924964008,0.06463516664239856,10.084322196632288,0.013724093162616243,0.011884641698020332,-0.002209481293221628
309.51,0.2578072990306069,0.06262614737754629,9.602643315433154,0.008806784971816951,-0.030795299932957237,0.0012079056949621423
309.52,-0.2102849710270668,0.23500279967149504,9.720378813441815,0.0145359919408844,-0.005201831931275867,-0.001909508400166667
309.53,0.001290574065268932,-0.0879999348990799,9.935653963191303,-0.03137397516841655,-0.010906567795872922,-0.03753485444891387
309.54,0.08681869469136357,0.028710077265866222,9.749992571464961,0.009422477113718316,0.015229623131176812,-0.02414818622556371
309.55,0.1290517459805105,0.1254580248399453,9.534307409778998,0.00593780098639156,-0.023118190230857066,-0.02550346357309187
309.56,0.09933638425048381,0.20563339188363947,9.887196869241894,0.001002015030231669,-0.019265668328421953,0.0044624016850204964
309.57,-0.3774665417248893,0.41423603208590887,9.929995954224786,0.05553930923777655,-0.029277537116354366,-0.010689891737645113
309.58,-0.37039191179576897,0.3410472452390134,10.114830548948362,-0.014199359311695086,0.011874266933297784,0.010564021167279464
309.59,-0.31092187547211336,0.100198676994495,8.529214727383511,0.11612735201428892,0.4665942323085824,0.021380420600539945
309.6,0.07367682162247571,-0.0882907003087392,7.711272559731817,0.4354702903359324,1.5416853740065113,-0.051394031058193596
309.61,-0.21987444351323493,0.09408287647233926,8.016069249637425,0.5655098487364806,1.937811119301339,-0.03511256223488963
309.62,-0.0757057417083617,0.237647375062099,8.764698112102039,0.20334980053226281,2.387538523787789,-0.036300285303606794
309.63,-0.25252913852012643,0.12355235234539891,9.453109395650907,-0.2904277043331365,2.496509835591636,-0.03136017735810334
309.64,-0.4793588985361591,0.05793695146456529,9.416516095788001,-0.5215820189904493,2.1312061511624276,-0.0017816997571901243
309.65,-0.5881315513619535,0.01325935246068357,9.913848617147474,-0.2499576325174271,1.5344590845039916,-0.0011792639173826857
309.66,-0.27218679638760646,-0.011778288155184002,9.86466927782079,0.09848084916530823,1.27536096500653,0.06112261969772171
309.67,-0.39594641845457407,0.12765020607730182,9.868840299263471,0.16664819072360182,1.4191992339678121,-0.018140621316285757
309.68,-0.7480454632851206,0.0032875852129634273,9.450709330735283,-0.047445356073326374,1.4607271531662869,-0.032361917311135
309.69,-0.9576301495735451,-0.016401530595202357,8.913348894812994,-0.14640059765073732,0.9484161981505072,-0.009160309500330439
309.7,-0.7988045392165313,0.13319017676882794,9.906509941018175,-0.1764872094889639,0.7331507110640935,0.032210150681707655
309.71,-1.246201470148805,-0.05597909177521214,9.607429628130735,-0.09821490956994472,0.855584397219263,0.01939992001617666
309.72,-0.9882035786803895,0.004754261588135106,8.966472685406002,-0.028634933036734755,0.8873967160473758,0.005095891752244808
309.73,-1.904709909566153,0.06752518323662277,9.22741643223528,0.06601102158389091,0.28735520048127955,0.0005816997074792225
309.74,-1.5495778973761503,0.07623231217514626,9.847263847031694,0.01757617445897193,0.19550626448343145,0.012485378673194266
309.75,-1.7795638498918356,-0.16575038420893845,9.703853192956531,-0.09690577399413942,0.46867452882478305,-0.006326551782836398
309.76,-1.7257753206218103,-0.10195514665612203,9.545065125214418,-0.16829944196362634,0.6804507923329565,-0.029794395987155456
309.77,-1.6928151453276314,-0.0675695503607557,9.852362541248763,-0.050605222772478926,0.5407073266611467,-0.023639401128442684
309.78,-1.9004909829762502,-0.016750261639778777,9.671756483217498,0.025254501956240495,0.2372240179896388,-0.003101233509200237
309.79,-1.8574325963972829,-0.22519159369650243,9.779290946935358,0.010782366299123616,-0.01775303160715872,0.031211587324182423
309.8,-1.8235522276819967,0.03457262427789981,9.631772931372112,-0.023055338685364822,-0.035765286533199984,0.013100034879363166
309.81,-2.229119284819745,0.025531536354587034,9.408559905068586,-0.04495492592137457,0.04776819592065965,0.006473801422417637
309.82,-1.69730093034295,0.25426659203144736,9.248009190095855,0.05529447692478932,-0.37278901278496673,0.004023703290040249
309.83,-2.2690967543954836,-0.166751219200997,9.587745606187207,0.06032048406217095,-0.38931930722847075,0.0062570130846317795
309.84,-1.9675754982039078,0.14015604059075304,8.841202990496129,0.10044079822719441,-0.40036978919196947,0.009568804766798271
309.85,-2.1039495345033865,0.18510578125886284,9.19051252697236,0.13127464923876853,-0.33186906660723836,0.05723082141748978
309.86,-2.009729423759374,-0.12654763318280232,9.43777444905204,-0.0024251505064854053,0.08942273826755873,-0.025660731827614705
309.87,-2.3061175942751375,-0.03072604847887256,8.966510312814204,-0.04702453332145288,0.21619990693852284,0.009973358711293373
309.88,-1.9670153478821701,-0.18830865151248027,9.180149014560527,-0.07183388836330887,0.1581401403172926,0.016212104349778662
309.89,-2.3019680775665887,0.08269546989048762,9.408097208463937,-0.0342731534251894,0.11620312609753185,0.006468325253596079
309.9,-1.977035203775701,0.16056314571957145,9.63705193774015,0.017734116128209326,0.07346270417823737,0.03246560772976313
309.91,-2.207076807796408,0.05032843459934795,9.58431134892855,-0.031264679212835766,0.15225484968726832,0.013840730179823573
309.92,-2.484861653718127,0.260670435196569,9.715711116529853,-0.039648479508248555,0.16861290810891816,-0.0401656942544703
309.93,-1.8527141718754034,0.24464855692105195,9.030618674173091,0.019648554028284727,0.007503689445015796,0.04684681424208843
309.94,-1.8973664176981475,-0.03348175577416186,9.797707647810586,0.008644346067015416,-0.07577436359682371,0.012787008626854847
309.95,-2.0086067781399373,0.42528285769130725,9.373513021415382,-0.06541701353073305,0.10843848045171618,0.02353911743630506
309.96,-1.9579642666789194,-0.20556541953925378,9.687306166665492,-0.06873228442161779,0.2533664203246677,0.012954868468335903
309.97,-2.1945191244676576,-0.040607831280878234,9.760902916222781,-0.02276670888802646,0.22051525725285753,-0.016360588943745966
309.98,-2.039117818675556,0.3275274434514174,9.669087614157782,-0.0565823107489223,0.09294102923783844,-0.004380001140857365
309.99,-2.13796669431505,0.0985327167370669,9.497795998349424,0.012165128726261475,-0.028815195833371842,0.006214400695140182
310.0,-1.9680354630345493,-0.04105216154558751,9.726751559400022,0.03614187262390181,-0.1465011692121718,-0.0023614804719787365
310.01,-2.182622283498973,0.21857872636508657,9.87028984000172,-0.000675811759489919,-0.05516431324367432,-0.019798371941614056
310.02,-2.0399586535253307,0.11580155597197206,9.426671927986074,-0.016894272047401484,0.1271355926361487,-0.014427527248208597
310.03,-2.041924735154505,-0.06597383658809983,9.141478712713615,0.04689257812113552,-0.03910836583562792,-0.01693695080307871
310.04,-1.9349317084976212,0.04166002832590295,9.06738766006984,0.03869350017019809,-0.08700362834608395,-0.011102954851024024
310.05,-1.9690850936048439,0.010708259531319151,9.384961194603871,0.06162224716157789,-0.23954685644202472,0.03369781704617453
310.06,-2.0696355355829232,0.17815524819825534,9.85555770060598,0.02844567568356597,-0.08540127600516445,0.013923133550872832
310.07,-2.1322532203914935,-0.17387764096260555,9.381799590906923,-0.024142073959232277,0.14280473108504108,0.0051468733447798
310.08,-2.046589707699671,0.1729138108843927,9.699128066226317,-0.0694256445212859,0.26459490092025106,0.015502545095206797
310.09,-2.550266664240681,0.20751756619096373,9.300312642047363,-0.019779063055305288,-0.016090743616499932,0.03175380713080494
310.1,-2.042444937738262,0.03299098992887881,9.797084625781451,0.05827411536820991,-0.1866575676768843,0.025050926445010575
310.11,-2.0889990927734687,0.024049716750511513,9.70808326799052,0.025424722695985898,-0.06998940441770352,0.0031345910194799063
310.12,-2.225936155482011,0.1323385673191818,9.634576964637708,-0.023244886245551426,0.12402283028267654,-0.009652919541640622
310.13,-1.923516842414894,0.38178218835065886,9.596974598788684,-0.0018362328400144201,0.06662915290228982,0.021113389533402117
310.14,-1.9864077976148653,-0.441290960453376,9.4384004220253,0.04149592770706899,-0.04934948692835504,0.008197137338332602
310.15,-2.413420293403457,0.04016530882888053,9.185302935615878,0.06933773001804829,-0.21615799109251177,0.04727436585070905
310.16,-2.0229753397695927,-0.14296431140936552,9.687508711038232,0.027941030553547457,-0.07608682972358269,0.009820417830283083
310.17,-2.0828872142347654,-0.032177670308268756,9.589323185400076,-0.02502193996319856,0.1907844800176994,0.011255273633961128
310.18,-2.0639553242930573,0.054292870643580154,9.880389144097018,-0.09499159709281127,0.28896671036093924,0.009466451561232438
310.19,-1.70027423234027,0.21545422800862396,9.619541455917581,0.006466853887106203,0.13237160961409258,0.020778405116963106
310.2,-2.3118482715456494,-0.3848223662375623,9.456653842642872,0.023141918901046474,-0.08750130789266286,0.024717760059575936
310.21,-2.336131925299368,0.05315268501434736,9.726503728585104,0.01372015835467967,-0.05305575215120473,0.04308063965352327
310.22,-1.851845285955712,-0.1070589382412532,9.605023832155972,-0.01333364740513468,0.04585712740951284,-0.016109434913054162
310.23,-2.0356974607211185,-0.09055539962357143,9.440276634759687,-0.03289509804026626,0.19455114575890334,0.015280135359403283
310.24,-2.073598341497077,-0.3291116662238601,9.584895368736003,-0.03170886524993578,0.12212643156156097,-0.01684686357888761
310.25,-2.1607058174933496,0.1438534140913184,9.477462249170786,0.010034154267949996,-0.14763186197239198,-0.011024196322890357
310.26,-1.851335071516011,-0.3574793460459376,9.566623152967145,0.07513834128702644,-0.2819101592841559,-0.0012455478478821391
310.27,-2.285974656691889,0.1728881780896731,9.701847642588236,-0.026973501987956488,-0.06172425154702621,-0.04999419542047524
310.28,-2.220083648166113,-0.2638296292340151,9.716836494837597,-0.07439057339569778,0.17708755338673965,0.0032058485107331475
310.29,-1.8497415980252054,-0.25150469292887934,9.772531295800821,-0.006665189304553978,0.12280306698848285,0.014538795132845282
310.3,-2.585024761660013,0.026726463437818246,9.08229994268804,0.013849019200535145,-0.02208084399349373,0.03706547726724407
310.31,-2.1710581906053195,0.1416349325469412,9.4468756022073,-0.0025250816329598115,-0.06823538170040916,0.01901152398032704
310.32,-2.3826434291375165,0.03254269690849762,9.819846913348144,0.012327821544494497,0.00010390531323836542,-0.044381922259175845
310.33,-2.2799956545369717,-0.3465931080793792,9.398416771471004,-0.01857313110729268,-0.08661924753298185,0.011036665450586574
310.34,-2.1028114807013094,-0.13813187287825943,9.709121876291107,0.02710374259826856,-0.07797239475605239,0.012550029013432096
310.35,-2.490411541453237,-0.04726760736078588,9.428492241730234,0.01818504227700455,-0.036345741596949935,0.03822126280844764
310.36,-2.1796309168359946,0.03145539106761945,9.289893052826503,-0.011623870179353159,0.049408416679087776,0.030033841613738788
310.37,-1.9168403446581173,0.315126583755415,9.505493630530369,-0.0445806754074203,0.11333365388084383,0.031214060167072424
310.38,-2.1468095132556217,0.07969100348746316,9.416438219508448,-0.03661721554283354,0.11209108364740848,0.008930644209666001
310.39,-1.9957992046573159,0.21393219763747293,9.694664117712513,-0.0301432784604903,0.07131403863704919,-0.009338591182881774
310.4,-2.3692289935612365,-0.03207961486396814,9.532303711124733,-0.00046701573994330594,0.03787482276075125,0.016669911037577076
310.41,-2.347460513669222,0.05250341510074673,9.88434926931667,0.01315190376573613,0.0009568550487750321,0.008415744888050304
310.42,-2.2243099455993494,-0.384470403439571,9.465903559948247,-0.012439439051020327,0.011748864494318709,-0.0018691493841121263
310.43,-2.032941097549309,0.10475745188729098,9.443819449785474,0.017706747639655223,0.05715422254218886,0.00977553021811355
310.44,-1.9639728989018688,-0.008961507544513253,9.476370033066997,-0.043779898106170625,0.04266726253930623,0.015736334880045083
310.45,-1.9050081831071832,0.34605010318039264,9.14124046823451,0.05512843767281192,-0.19862815863488453,0.03107540706170322
310.46,-2.097532990115229,0.18185012234424291,9.639729209133886,0.037834951091142766,-0.14759871932453977,0.03626813291524006
310.47,-2.2178797121815435,-0.24616182615120977,9.79395431245436,-0.019357634833779648,0.004480584221785872,-0.008482453318035824
310.48,-2.0381936068453337,-0.22136485477489623,9.610048059996927,-0.05605810540631509,0.19988694395738751,0.022938019584075597
310.49,-2.116649799968456,-0.025255233589859677,9.362594410726363,0.014903246996918546,-0.0639917535500182,-0.009045468943956924
310.5,-1.8148147587481513,0.24413551070351117,9.812008458840058,0.04672437829904956,-0.23336836385997545,0.011471371981118425
310.51,-2.232470698007609,-0.03849119944458058,9.713650760748733,0.021133846685994266,-0.07249980464605721,0.01640357153208821
310.52,-2.2305095188777413,-0.10856536736760376,9.801678673750743,-0.0621689853602434,0.17871562443160408,-0.020230494678400816
310.53,-2.2543912695081625,-0.22707782791990544,9.712696686806845,-0.0771104997038023,0.29137284582366896,-0.023393353059615686
310.54,-2.328548423056347,0.15867523855071555,9.53266946987965,-0.049658697142055674,0.12123490168874497,0.027417870054525246
310.55,-2.229133256573083,0.21145912052778035,9.246175669891889,0.022286487791629405,-0.12807194925844564,-0.018063208231666683
310.56,-2.339797435751172,-0.40217746933595955,8.659427851931031,0.3073786519443171,-1.0625823982311173,0.04465263900056049
310.57,-1.9969756398209317,0.030587143200389518,8.807716814224031,0.42050035259573365,-1.014257645976189,0.029741769727240464
310.58,-2.222384099372524,-0.04140135920648287,8.764788054424416,0.3791728419092745,-0.18008811017671056,0.005718719795113
310.59,-2.249635829407845,-0.008794799129662807,9.072380241138799,0.1007751278302203,0.4762790423047224,-0.04769165640231122
310.6,-2.1115651892361798,-0.08825114209715341,9.920766276216169,-0.2330627308566804,0.616867252571264,0.005732886857370237
310.61,-2.232154038452108,-0.17682028045678458,10.013068116678095,-0.3669046264525397,0.40598492647305157,0.01951914024953537
310.62,-2.1178376356747775,0.15879339883359192,10.122770925445545,-0.17125241553804807,0.04776874376018628,0.016218116096055786
310.63,-2.1317034550701295,-0.06033738572215294,9.87717684114039,0.1060076502525294,-0.0640422192399156,-0.002810513268299321
310.64,-1.9791053565422536,-0.21168354166852327,9.99040942419242,0.09969548680784214,0.11568426752493571,0.042805027006267295
310.65,-2.1529606191203516,-0.04669744180269334,9.737200012370083,0.06506496147362469,0.09323466805054804,0.01874515139756401
310.66,-1.9679806382203766,0.10768448150871601,10.281094087559737,-0.09405825195183283,0.10850030036735696,-0.0029243710171309566
310.67,-2.33427605069351,0.05964066890073957,9.486394982808376,-0.18976203155566385,0.16899966569421984,-0.00530093408668036
310.68,-2.3246455178664376,-0.004863212976496403,10.058876309042825,-0.12866007725046066,0.2282625077637567,0.047422364924501664
310.69,-2.1745886097533056,0.1166714561857067,9.750703089421007,-0.04455867118057546,0.18034107149082812,0.007201697079186569
310.7,-2.145941755107352,0.13990600602905684,9.728322149020546,0.05860617849010703,0.11662521495618156,-0.009645355265904076
310.71,-1.976741824854722,0.08224590734121849,9.444890011654792,-0.018039352138186193,0.026608496563246316,0.01348566389872149
310.72,-2.0052239079643246,0.3250030661039053,9.565941225078094,-0.027797109378943287,-0.04072438610964728,0.003605206534203202
310.73,-2.3719768502341636,0.23074062813229262,9.298120772660987,0.05385006750106951,-0.45784697875390395,0.039319040676955005
310.74,-2.1123358664155454,-0.06882500428379604,9.751021520165274,0.004222836310906109,-0.25531964199361434,0.049156238766525695
310.75,-2.265351565705437,-0.03782680189294726,9.465480161239336,0.009101370161258338,0.18189523662190918,0.0006125538006653769
310.76,-2.337765447646832,0.004038457539141779,9.895304226822663,-0.07372867591104572,0.4416622341731867,-0.005764203325694786
310.77,-2.0565407037442918,0.1737754009236146,9.884420210137925,-0.0842760374749227,0.258882888892564,-0.03088439166427432
310.78,-2.0069435330387804,-0.15266321549547696,9.874277891369811,-0.049837606597602314,-0.06967965308297346,0.025592070522300697
310.79,-2.2759682692978482,-0.02278351689699615,9.555493047817553,0.05725159547877466,-0.3190991753486688,0.04258643609208426
310.8,-1.949677889100579,0.26593962072120625,9.735592535556771,0.006194282887995402,-0.180951346395547,0.03074058418924509
310.81,-2.2698367595237143,0.08383869731751788,9.780487779932637,-0.027723279006768065,0.10580235686295551,0.04317096425199654
310.82,-2.3028325950234128,-0.2763038466709632,9.013637908708917,-0.042857207722939966,0.1114954558366677,-0.020273261304498053
310.83,-2.119073134116305,0.09346338209357827,9.03475471492133,0.09223334961583372,-0.5403802938155767,0.047902938014600334
310.84,-1.9875527857928925,-0.1045620953011033,8.872049715985886,0.12319824046712512,-0.6386524289646514,-0.005091086981460864
310.85,-2.173833883640708,0.3322398712689716,8.591774745163296,0.3454470349026667,-0.9936948344441026,0.020564113286243937
310.86,-2.201838163029156,0.0177254873209415,8.832643939248912,0.3893569327759681,-0.4046820531749216,0.021352591936310297
310.87,-2.0786706160524964,-0.12302025517476739,8.106939008189103,0.3343516583994885,-0.03552945283884122,-0.06304968201781454
310.88,-1.8734083961083758,-0.26448433848696334,8.246325296784335,0.31175476729127605,-0.7038550644500909,0.027347359184273654
310.89,-1.8236361739493765,0.014025932577353628,8.471356775726063,0.23090685906760045,-0.5507225594501456,0.008801560668141074
310.9,-2.131296227015929,-0.07616490805013884,8.675922026867598,0.11568540313616514,0.13705248327281697,0.011055100584281975
310.91,-1.9710486662430893,0.42653359068702057,9.072047243485422,0.014891535722432552,0.479627213993712,-0.00724682632008913
310.92,-2.240724312023323,0.1676445947403603,9.875556585444087,-0.21585304822032095,0.5933096419018595,-0.010529426840354388
310.93,-2.2293393763023155,-0.20282146315245658,9.420683905360544,-0.2494720499318154,0.4838231523262818,-0.058832401967892134
310.94,-1.92158895265593,0.054091505849318114,9.497990311434638,-0.09487464899886157,-0.1849655912446998,0.044537461271473865
310.95,-2.1201536989142062,0.05982333527408851,9.90909264459981,0.03699426231526075,-0.15839577153582082,0.05468109224535243
310.96,-2.3328988481594655,0.18229497889722318,9.90560642342783,0.06701773308484908,0.34214961966923846,-0.018707126430211718
310.97,-2.0218248825902285,0.07974953669306485,10.515080286578813,-0.045948584426653324,0.8178505928954916,-0.03265855145943596
310.98,-1.7735733117928891,0.40822810945939936,9.542983987903469,-0.22144295303545602,0.7302192873124322,-0.02087325193428266
310.99,-1.874702049477653,-0.015377333467884044,9.640679210388035,-0.21575038995607146,-0.10513994225139625,-0.0031743296530291065
311.0,-2.2015201222285827,0.23301497079574693,9.825146754238741,-0.13996488871125584,-0.20615663801041648,0.05137608032351317
311.01,-2.0110401088107763,-0.17901962589395481,10.329945514135735,-0.023373549305905898,0.17579005651652205,0.030312671565046925
311.02,-2.2521358727296175,0.18920813694495603,10.238576865741907,-0.040421414343430814,0.6228826686493583,-0.03385513425992986
311.03,-2.245769595157286,0.2468096371227656,10.705929928519517,-0.15103208575790522,0.6633273890652969,-0.025837018863919488
311.04,-1.94946005322942,0.05076680706626408,10.659867094046438,-0.2057547725555193,0.3008973050803244,-0.01864646772885441
311.05,-2.193819545993794,0.21500006096299318,10.165586240533086,-0.112844141252538,-0.013477596146943518,0.032223646985911104
311.06,-2.1495300884272903,0.3722959627922331,10.483003581458108,-0.09038143064928753,-0.09693526086199292,0.049542841395020396
311.07,-1.835198510691405,-0.03795367021600307,10.077278328967388,0.012840312109504672,-0.12453661188370913,0.025032280499450676
311.08,-2.486725035334294,0.40296576915170684,10.022583979901881,0.03170984469544732,-0.09288233445060134,0.01154059881570409
311.09,-2.41602560588138,0.3419176348314728,9.627394904316674,-0.0727752064431865,0.07723546041733036,-0.00241516265554506
311.1,-2.334176482371147,0.035294005846915104,9.726069890926679,-0.13848183653203575,0.16590356668377107,0.014540274589804465
311.11,-2.032956248218249,0.2203818614124717,8.993454037995212,-0.08074187141216874,0.04589638631903347,-0.03214025851486127
311.12,-1.9890950124876077,-0.14480026387991368,9.29900323697975,0.10608561271237915,-0.7339736594087684,0.07615768015978477
311.13,-2.187098232501411,0.07329759049146053,9.165236500025976,0.22523193074298514,-0.7794864466138728,0.02150586941717021
311.14,-1.9919135407469248,0.005228012786297219,8.193804850543726,0.42756646437469803,-1.2606720988351354,-0.02423315393357543
311.15,-2.007971432908472,0.25414454349878035,8.156942182126766,0.6106162838497067,-1.2797818206121168,0.005071853176602005
311.16,-1.824330363775472,0.31117474703644066,8.064817324293147,0.5990205129045673,-0.29091671701622174,-0.042883798519337754
311.17,-2.2817483384406203,0.25479987265888226,8.680588222174851,0.2306041123025893,0.6631922939311543,-0.07473861247633487
311.18,-1.9563375801122005,-0.08819415807461156,9.697314513679041,-0.3663438713911887,0.9486367404557261,-0.017953655312390057
311.19,-2.2662944640953553,-0.08074203853100353,10.35016495165687,-0.6338204412605344,0.6948157341231256,-0.07417427999767734
311.2,-2.124885012987295,-0.20192930550745397,10.076715736372178,-0.4189337322092412,0.2816496720397456,0.01706692792874009
311.21,-2.380123821277616,0.005719522105830294,10.53861481257983,-0.0014236301488720973,-0.07806916527534874,0.054802048358212625
311.22,-2.2213147678774536,0.1739572302613545,10.065617604083918,0.19223760935510578,0.03231799519253641,0.06239155947339119
311.23,-2.1033997945418657,0.3095366465049989,10.663884813624303,0.08359567729645641,0.38228828285714983,0.015812356984148124
311.24,-2.153766141837193,-0.04109462288513255,10.48617037250646,-0.21500217951118503,0.5553367089754209,-0.02488984156907761
311.25,-2.1961966836597004,0.22356275930285224,9.8574146605572,-0.2827594807632002,0.24510818263992565,-0.01583801279409844
311.26,-2.1610767702457436,0.04818184985683596,10.132062753774473,-0.13543964043607476,-0.10699506914492063,0.013182225756884852
311.27,-1.8506816762983567,0.17043754738609346,9.737704170313696,0.029025033236468545,-0.10718333375046053,-0.016464813513188285
311.28,-2.3067747582820277,-0.14563646037476208,9.14304280720167,0.32119606245342214,-0.6911933321602642,0.04830938137699692
311.29,-1.9465269521781128,-0.09980231493811467,9.3448812098841,0.37262760155712865,-0.5717259856148637,-0.0011875067834824365
311.3,-2.1377818660163275,0.037103581099710736,9.474703526440315,0.1739570289007295,0.05217600502575699,-0.044360340049134014
311.31,-2.272850833104141,0.18643426678250077,9.315330556505584,-0.09868359453776375,0.5073564493415994,-0.059536509112201104
311.32,-2.2347450881729456,0.2361972954856129,10.167978680247023,-0.3394638306086401,0.486941951658022,-0.0131583086880979
311.33,-2.2477448688192356,-0.2674850430209649,10.340321203262944,-0.2487796820369482,0.217948535277569,0.0038904948643687268
311.34,-2.0466020348024747,-0.12558496347814152,9.96744104211883,-0.06650101388762755,0.04422837432053185,0.008297435418020534
311.35,-2.1893672837820777,0.2343763076097189,10.452691716573232,0.04580611362029702,0.015441787190305045,-0.010254379760325495
311.36,-2.584608202378537,0.12279987813090548,9.761986740532413,0.004677142838026033,0.10412959921892861,0.012399924976394455
311.37,-2.587262186043386,0.14933672302874676,9.680265387962349,-0.13477736688168854,0.21246065989277915,-0.02044896532707938
311.38,-2.1252336249325787,-0.0037763792682040456,9.962886659817512,-0.18725725490321346,0.19347330380165842,0.020759666281200087
311.39,-1.790172547523671,-0.08537675414438627,8.704988274885935,-0.04750273834292783,-0.4109135736315584,-0.013640698132396352
311.4,-1.791811343229581,-0.1710684967394281,8.88555505822982,0.21079591085654187,-1.141250339750893,0.068732829025815
311.41,-2.535987248655839,0.016501402989875298,8.941767234502036,0.39492168536331657,-0.7761938015898907,0.04331145370278368
311.42,-2.456498347394967,-0.10242971868005793,8.809473442674134,0.2741033658848085,0.14112692006874056,-0.046372985119377895
311.43,-2.458500810758248,-0.02219340990261963,9.266776764756695,0.01793967055222853,0.452034559645882,-0.003668470010955674
311.44,-2.315598230428115,-0.39081785923564566,9.718364124857239,-0.2695365943005864,0.4538530045386351,-0.04559914921453831
311.45,-2.2706592993917365,0.1237549724991708,9.57563174008749,-0.29539923921917116,0.03900235216682981,0.0017514724365520033
311.46,-2.1550304789995693,0.09580379434253487,10.212041350180067,-0.09256732717360769,-0.1241355398904582,0.03710684543553077
311.47,-2.2732465234967005,-0.31104656000418074,10.425694463600461,0.03367528783688051,0.11747459612945756,0.04419511090093819
311.48,-1.9838836911340156,0.28114772468476795,10.035750637049368,0.011355587461122897,0.2905522151269175,-0.05225794196690192
311.49,-2.0640697874371257,0.1498415598145125,9.992150094284563,-0.025676708124618655,0.01867960486866105,-0.0011202699627702178
311.5,-1.9868715669807535,0.2613304370473135,10.08965193703694,-0.12203585185054873,-0.01030812426902417,-0.008442170679952149
311.51,-2.17333582273759,0.11963688901226924,9.737236709124105,-0.1865579482360627,0.10214563220534639,0.022281479191512486
311.52,-2.1782083135189834,0.011802996575553178,9.537475057167358,-0.03149146285050758,-0.1704902736779927,0.004388000480805634
311.53,-2.2890526283804045,0.019192303466610466,9.769984278728133,0.02869536880216969,-0.11554093374317312,0.04629480846135384
311.54,-2.228986973846955,-0.1939114313635466,9.902370170894072,-0.026385776072703877,0.2140542912231939,-0.006450177969589721
311.55,-2.0789795941626967,0.35572617451419974,9.552727132987943,-0.06143482081444111,0.18060293922992168,0.0153238466067849
311.56,-2.130377381449812,-0.05935443632461422,9.766932700302958,-0.0751025582280547,0.08630849091720483,0.0210742753644216
311.57,-2.3793351180621323,0.06441038917820888,9.673087580727636,-0.10287782785680254,-0.008450761319222844,-0.0028413422884921245
311.58,-2.1550004381024954,0.2950129868759228,9.558212915307907,-0.07568025011770203,0.016774200282012652,-0.014125572761793433
311.59,-2.09903652207097,-0.32850680217038825,9.635160279397125,-0.050498330174876684,0.1214854011259538,-0.0035637582737098245
311.6,-2.2309111740795395,-0.24106228681189315,9.910988329371307,-0.06005898332348179,0.12731035600348667,0.01682608587943259
311.61,-2.2819284250163916,-0.10110889831950588,9.6876790703027,0.019628416842551056,0.09554296547874071,0.0014968866095612266
311.62,-2.3343939015918838,-0.295460192133265,9.796177164125995,-0.057924101353489583,0.013770202142912722,0.027446786372427787
311.63,-2.074315838762314,-0.18281282277190625,9.498606561500935,0.043938756059060224,-0.22251718894397,-0.003362039346521236
311.64,-2.1856131051979113,0.16087569402811064,9.542833615346488,-0.011868486573410547,-0.1626349724017434,0.03441684564154113
311.65,-2.434865301746577,0.06438060096050191,9.449329867855013,-0.0308393584519675,0.09652335426279375,0.02771640051374614
311.66,-2.1380671475617503,0.030213000799624776,10.028906646355457,-0.07817046812687761,0.21275685558544774,-0.0025549963364577596
311.67,-2.3472802658338283,0.079206798544736,9.200394802885262,0.04485483618429059,-0.1756202362514318,0.0027527940037475156
311.68,-2.1628755244538085,-0.03728223704661591,9.493658347753,0.09974879762691283,-0.4252754569637489,0.052587849059970285
311.69,-2.1849592288561817,-0.01872662514295186,9.586479588877232,-0.00205348969332041,-0.1597563305196951,0.0184734790083846
311.7,-2.4764064264218764,0.08226564439628961,9.581975993644443,-0.05449089726126659,0.24142604963570152,-0.013819982383212267
311.71,-2.2437884314809193,0.2000817197918171,10.057670694782717,-0.0647092134238813,0.3340094545750214,-0.0367359816601531
311.72,-2.199621721286983,0.08852722963309143,9.557276186808737,-0.021143083567717193,0.1812006015117501,-0.0009126832444572605
311.73,-2.316761346763663,0.33505832001087993,9.415005620789875,0.08048072135600302,-0.4128797705949907,0.01834835369825537
311.74,-2.333655212247951,-0.4458320340220907,9.694327646801879,0.13315532130386235,-0.4820063319321741,0.03709298097516558
311.75,-2.2350652539140645,0.031021958304144823,9.555092993566722,0.02193451406141026,-0.07771189171380517,0.025633953123266565
311.76,-2.020606032367616,0.16193337446855993,8.915013950451646,-0.016081837321337403,0.024273133581560184,-0.0342210117739909
311.77,-1.9961795078572664,-0.24488348482668837,9.142258903050697,0.18654891557065048,-0.5964294626971203,0.03886976700208746
311.78,-2.384306075489344,0.04974500179376598,9.280065250570837,0.14544367221463086,-0.4159805475856881,0.025981041963037785
311.79,-2.1963811319542534,-0.06001398673537196,8.80652263138159,0.15888541420950006,-0.25304589267501026,-0.04491156702145261
311.8,-1.876949850159728,-0.00613057942513082,8.433309009957496,0.3898602763270433,-0.9678260174146281,0.01167364265453617
311.81,-1.7535303833241558,0.21016150103048306,8.548689836201884,0.4204003372107092,-0.6999608257400984,-0.004948126183417695
311.82,-2.31810785146451,0.17633331542272546,8.813581948452036,0.3170929821436773,0.11582400481510391,-0.010265104021020576
311.83,-2.074284194692744,0.5684908952279288,8.785175820982003,0.022323364695162003,0.5457694508838441,-0.029714695926053282
311.84,-2.16374280576724,0.2799542654200741,9.833352937788197,-0.3206768203810369,0.6122889803880215,0.001567658175705873
311.85,-1.8059982180653273,-0.06460121972164902,9.652906668374523,-0.31902619548305183,0.2868205066659896,0.006350995431686246
311.86,-2.093516884090856,-0.21954618060097947,10.054666534602276,-0.15688152447523368,0.09067261896037346,0.02916336241353672
311.87,-2.126474650785411,-0.1476511077947413,10.200212767652951,0.03568928418492401,0.2939361753936669,0.068188993438665
311.88,-2.0108066378027516,0.14634985324895333,10.035311005748067,0.0025909574421375467,0.5252609657443189,7.959661529495163e-05
311.89,-2.2802356448810954,0.08083741921223526,9.949418108813736,-0.0823595624840766,0.30449280489438457,0.03136399868588554
311.9,-2.3470438306877393,0.15006078336747408,9.976360713803825,-0.17129666116741782,0.13840372393133704,0.01929974212747365
311.91,-2.240135156261892,0.13864386405346896,9.493678627849217,-0.18989247094270081,0.1672836522049558,0.03364648696333822
311.92,-2.0224620993312423,0.3087150386830699,10.39531663736517,-0.1332108570674388,0.2762613705347867,-0.013166458345387617
311.93,-1.870583961599473,-0.061163752994554677,10.282241383906005,-0.046879067382537144,0.3435287589244854,0.00680304891972363
311.94,-2.1612346208993496,0.041330303685413516,9.791252210685352,-0.03533105047799367,0.26172675325121303,-0.04106037301289233
311.95,-2.195749452499661,0.24375320861954,9.652765472374586,0.0003363457806733333,-0.0844005329440815,-0.025032252531857455
311.96,-2.1828629185467885,0.17226410274596538,9.581433840688954,-0.1265316231223534,-0.19606222168697904,0.05833629181334235
311.97,-2.109673141147841,0.12957390751733344,9.899395987591577,-0.071501448373309,0.049963392430492415,0.03074329777001046
311.98,-2.118566363579391,0.20772145144428167,9.801567419922046,-0.08210836487845437,0.2409841255155991,0.002776971852812479
311.99,-2.0675822563683792,-0.1586848963262352,9.730955306434822,0.02522252094421337,0.030357178423162743,0.0011490596244125547
312.0,-2.1718831959119136,-0.07772048985775734,9.603933527150492,0.034179824723283916,-0.13116415906519208,0.022282014833599373
312.01,-2.1608238762576017,-0.1305771334482369,9.674956512948363,-0.01153587681034538,-0.056693078616586005,0.02062188393670678
312.02,-2.2694663552774172,-0.014159344751497119,9.473237547238721,-0.05822184329808615,-0.10269570824450865,-0.013857467785684583
312.03,-2.3574350987758868,0.024371813537447773,9.524912514884601,-0.025100830727694923,-0.09661428368860588,-0.015369000421764534
312.04,-1.7712385425632293,0.08799339622157623,9.27970590764374,-0.04320458838724818,0.018148719420248392,-0.04248409433073448
312.05,-2.0836774201734674,-0.13441385872676398,9.431883524606748,0.03952726479737076,-0.20984508379673256,0.016781703543870048
312.06,-2.045325840834951,-0.056313229874328644,9.87436626605098,-0.02318124203492784,-0.16883244571617145,0.004227595015811738
312.07,-1.9299907239666227,-0.2654585741313613,9.066053047548502,0.027720505506465185,-0.15559978630199256,-0.045571886472050446
312.08,-2.1928330165113388,-0.033982046213922756,8.583537070330769,0.26968540287434445,-1.022453476721257,0.058501152715992905
312.09,-2.1018809131588507,0.2567785148018028,8.65905967667754,0.4132130908995809,-0.9334294820418777,0.05258452311324654
312.1,-1.8474823483312568,-0.06316384176805512,8.565954015433487,0.3832345129262734,-0.14560457695256596,-0.0134317618519279
312.11,-2.2562671212276064,-0.10353825084277583,9.065100362012194,0.21104504871643345,0.38230451185673103,-0.0020977043068435147
312.12,-2.335444747846995,-0.08709106939949673,9.526055839260103,-0.2153520398540844,0.5932512735786685,-0.0136248265926983
312.13,-2.051134895497392,-0.012837965146743423,9.919214951648513,-0.36369557395183255,0.4341519049742626,-0.01899974206406204
312.14,-2.2809311939373424,0.25358439138083566,9.945436857459503,-0.2099529794109059,0.20438916622429146,-0.011719802010216544
312.15,-2.1621357800526018,0.007615666311028932,10.17384618043994,0.036633485316508105,0.13357896858020274,7.100456016288434e-05
312.16,-1.9723610254199966,-0.15388786387440156,10.14781142939183,0.11276689927238476,0.18192956363470555,-0.008434813693908973
312.17,-2.2627079854314047,0.3658418943770657,10.253548511599085,-0.007742013437614579,0.29743760990413387,-0.011308437468687885
312.18,-2.3272346156417334,-0.23684481032549332,9.694676343628398,-0.19342512410501672,0.31911430710569694,-0.03715093392819661
312.19,-2.13934125965434,0.18282833775678115,9.929388269841995,-0.21298761221009976,0.20994114891938911,-0.00729086876870382
312.2,-1.8912004966114282,-0.0015583301005756278,9.58217293644887,-0.09901139492886263,0.05668852663620613,0.0049441219842056025
312.21,-1.9528704885493868,-0.19053643209593946,9.656014977620538,0.07489082466227236,-0.3352690595963748,0.03775897609728996
312.22,-2.072102810944613,-0.2616244401430472,9.907111308963987,0.06047358866262148,-0.2019255133232083,0.025308041357079536
312.23,-2.2212791866155928,0.262382044952845,9.933744039965449,0.007590005650302352,-0.060067986751597205,0.03247005461006995
312.24,-2.221189366249726,0.10514304544568671,9.393627879813991,-0.11898704043853198,0.09156638564124557,0.03945839145374784
312.25,-2.360859463488121,0.004286497432134745,9.493609952875595,-0.12309035681703764,0.22404744168824736,-0.007890909210213359
312.26,-2.367514861424111,0.3026264291188694,9.771590111883894,-0.11871127545108613,0.16658371454741353,0.006616361494282389
312.27,-2.017818808960569,-0.01823622332842691,9.854070713700555,-0.03035550890245963,0.04743609654868537,0.0012497304199613497
312.28,-2.2469902133068484,0.019822202435370206,9.525273458318482,-0.030971198571082065,-0.07812314337266993,0.031530018684536525
312.29,-1.961060201817933,0.10788563024336438,9.719622289025597,-0.030218744516899772,-0.029271020822292708,0.02118940556017576
312.3,-2.2453903175145475,-0.19294361663609041,9.19164863608777,-0.0012717114322178015,-0.023836737680281953,-0.02046898216328714
312.31,-2.3558639728809245,0.03698806545811613,8.99422080844048,0.07823568524745261,-0.3876360707601858,0.02898246240971288
312.32,-2.1842147890965253,-0.03443915535943977,9.427204573184104,-0.019974509175805212,-0.24834692760946658,0.05575374230160537
312.33,-2.082904987150911,-0.02237533838500963,9.592581095414426,0.04803753966747938,-0.09207246655071243,0.014471223789484202
312.34,-1.789961999196587,-0.14994051180680662,9.458088864099066,0.009274924554061186,0.10640010917131357,0.034187620473261134
312.35,-1.932917022563071,0.1580009568423053,9.447396636597903,-0.030349223945799145,0.23614455012566346,-0.02345383291589708
312.36,-1.9931689390373517,-0.05726892021470098,9.81266923450412,-0.09481566534110719,0.15882590109142392,0.04032610619789791
312.37,-1.9838582038429864,-0.1773921273130125,9.644120018011016,-0.03572419905128391,0.06919551410491993,0.026037174109340335
312.38,-2.1311213384209995,-0.10411782508575518,9.993932849428408,-0.0003033000416468746,-0.030711996964826082,0.0034547896370867026
312.39,-2.102275256822552,0.18661819308767966,9.75998900477712,0.017735780546307374,-0.008638193247967664,0.04615780740555897
312.4,-2.2001214924814816,-0.1751185260067324,9.81595195636477,-0.023632968567245033,0.048415862252209424,-0.008778355124049128
312.41,-2.1008790609336563,-0.14635650469623093,9.211706527988921,0.013921451745908912,-0.08592460211151917,0.015337480737463478
312.42,-2.3675778804317713,-0.2865644434944783,9.810610073911326,-0.04102628774442958,-0.09306732855413122,0.05687160250797451
312.43,-2.1778238383427277,-0.052513196347740536,9.563310773371631,-0.02162759544040381,0.055716864782738004,-0.0032372005812994226
312.44,-2.054634611503107,0.10388210981252342,9.664253101073673,-0.05307257572898127,0.15698211455658653,0.019824302937122534
312.45,-2.341675984910173,-0.10866782213914244,9.745634534638386,-0.016772384086837087,0.15298808241666742,-0.012557463520482355
312.46,-2.1367904795961956,-0.03399391403920031,9.576732549640447,-0.019106329637234968,-0.01083006190266892,0.028344968707857295
312.47,-2.286256587146125,-0.18725045509120036,9.625666542677608,0.01923342500395886,-0.0589712572439496,0.013003348722565672
312.48,-2.2393135026573248,0.06565996667993626,9.775950732368504,-0.010244822646396912,-0.03645621282938979,0.0519153064299859
312.49,-1.949454123652076,0.019950860515555304,9.557528884956023,0.0012458863410410026,0.04190068899997258,0.012339886820869457
312.5,-2.2379644671937657,-0.024321472501615298,9.782427453691787,-0.04005514369599536,0.09539826920620478,-0.010258901565035727
312.51,-2.13180999429447,-0.16993038015654224,9.857375107560234,-0.010287125260088726,0.05313939345234132,0.016746813646830574
312.52,-2.1982443309462876,-0.28714715017266856,8.951808102400992,0.034822234895420835,-0.13337617067474772,-0.04151905063974438
312.53,-1.8384324212368495,0.12074264441267513,8.570104493758292,0.17532968148895964,-0.8243408759466888,0.011111946922770646
312.54,-1.8910020153600593,-0.22661442976012344,7.950963134927177,0.548566656941719,-1.7982436923097145,0.06588728210831565
312.55,-1.7594843416284307,-0.030313238106704228,6.997411082127512,0.8037996631488691,-1.2363448987965437,0.04081748725628242
312.56,-2.189244833698258,0.22720901994334355,7.4487021194234675,0.6384271952950993,0.06231260942080963,-0.08387715622448323
312.57,-1.9643042816895127,-0.12015920437725822,8.43847022714454,0.1701784517621445,0.7530812803627672,-0.04979219320573314
312.58,-2.00526865289567,0.06225912391059611,9.471063411462307,-0.39989441691611355,0.7696272190293372,-0.08234892366023538
312.59,-2.3061940856431384,-0.050885971509771255,9.97210680165893,-0.583797043920448,0.43315150845066264,-0.03922967566061643
312.6,-2.5377152232917943,0.15871471836338308,10.105476297368941,-0.2868530064383108,0.24236353470096136,0.04659693726222308
312.61,-2.345674538496204,0.23721189391795255,10.385971773358682,0.12416453218632142,0.24016062272918912,0.011651651620243371
312.62,-2.187383837903012,0.0909492779986767,10.422749778948589,0.17378249198479315,0.4214096552985944,0.0008994597258536663
312.63,-2.33686440592559,0.190692153201519,10.058301767958536,0.014737605792542692,0.15422549211599512,0.016484138118104053
312.64,-2.131480069909511,-0.14575750322774558,10.116941740934216,-0.17386521320625897,0.11915991396707243,0.020419703805440927
312.65,-2.31144067545445,0.002180930590074126,10.247141038582884,-0.30782995942486174,0.22931739087471617,-0.026841666893891718
312.66,-2.433474470805529,0.004524643282144941,10.343916623162158,-0.2417089637512507,0.31534153939349374,0.009489645285264458
312.67,-2.20782806608404,0.25944661994401774,10.137397866543735,-0.07944891461015402,0.28918384346168213,0.004301906652158542
312.68,-2.043005186551726,0.19713098309207583,9.743163700613026,0.027881407797568324,0.21591385379964986,-0.029721265617352385
312.69,-2.198781841037433,0.045618966629960386,9.915546524274195,-0.05904576280719482,0.12076555614540999,0.0007484155155251435
312.7,-2.240993309816932,0.33784090175805265,10.02821448989239,-0.18107068038328328,0.10402137464951611,-0.0004718965782592034
312.71,-2.236079615128202,-0.19397939609089135,9.737952050771705,-0.16124420714009555,0.09035596086488235,0.0010882293822383413
312.72,-2.227269122472162,0.47254489806372135,9.562058283547287,-0.08380155660130983,-0.013552108907089803,0.015017184137793654
312.73,-2.0049175199103106,0.0022018309141277267,9.084984602053368,0.08516384880389166,-0.2915605761624815,-0.028361509818773587
312.74,-1.8798161900129562,0.08587097789234234,8.954950311462216,0.3419608346703411,-1.2015178761253968,0.06925193151114215
312.75,-2.0731473047152194,0.15943921261174748,8.512874988727571,0.4923235970398696,-1.0120173062215752,0.053605188306604316
312.76,-2.1896813997622733,0.07468243360038346,8.692072109854356,0.39917978817314426,-0.15033123504660206,-0.01574152573807358
312.77,-2.1525673004844132,0.2005091781282326,9.00765615618421,0.10048464675567699,0.4037367344454721,-0.014927361479452315
312.78,-2.2297564459733676,-0.2874233223293623,9.42474417588515,-0.3240398745061818,0.5277148996363554,0.0002860480207786502
312.79,-2.2531186775245446,0.318885525580561,10.365770024700456,-0.39900576489952194,0.3117964249506259,0.010617044840249003
312.8,-2.2629319286078333,0.03778922171517189,10.25184465230603,-0.17174442210830396,0.12958459192969135,-0.002527826114876279
312.81,-2.114869341299895,-0.12079482767310842,10.20454644591532,0.09537478798833919,-0.13415143393891144,0.003582168369212338
312.82,-2.117180702095003,0.08401724284427585,10.103448932156734,0.11192043341478859,0.03016501182422491,-0.01687139036785033
312.83,-2.3325704853243274,0.12282469590390327,9.632614753337513,0.038199521740120194,0.022644868114741923,0.03804135682217984
312.84,-1.926177383069237,-0.13930123569063024,10.01949550600269,-0.14916539371362517,0.050247279452809004,0.015951252606106112
312.85,-2.4722934403006214,-0.06418168050829126,9.78148639540778,-0.20741717469408855,0.29963841040307376,0.008412670027388918
312.86,-2.2641239496164887,-0.06980758263196099,9.27968433310464,-0.1342194581262132,0.15491718027064463,-0.022701842702450126
312.87,-1.970751371797052,0.3486364838914018,9.402608937593879,0.03189211895504797,-0.5276966302401097,0.057593787668306105
312.88,-1.9833914896754565,-0.08831405175786897,9.590284641118721,0.18800305075208562,-0.40395365780355613,0.05608555834742775
312.89,-2.3538509171146136,-0.06064685170679139,9.186637801143982,0.15575708221698698,-0.12117826319531025,0.03164601426544947
312.9,-2.0448062218849223,-0.07943344951637342,9.722925256069686,-0.007878506503186928,0.2817069131965662,0.010688755976170118
312.91,-1.9572392999735286,-0.1252465186544055,9.690538630635317,-0.2605704769937453,0.49650213705844415,-0.026830704222771846
312.92,-1.7631268811211636,-0.29002122812778175,10.160758975952625,-0.2754775764904889,0.3704152489614375,-0.0042174174330292654
312.93,-2.0437889252438537,0.3204495541993497,10.161945717404253,-0.10619916124200887,0.11506732971128243,0.013340114716431022
312.94,-2.1449485672593265,-0.25851121615417305,10.166735311775625,0.04970236700203369,-0.004340447570439714,0.04620587079018209
312.95,-1.8244791895659833,0.04113099958790546,9.358274322373852,0.1395528627364379,-0.2790942704484124,0.039870654014481505
312.96,-2.057961835586971,-0.08120597965108159,9.84098865490092,0.07491353343364557,-0.21436785729139987,0.03834938259849925
312.97,-2.48208418947215,0.15965412015267227,9.749246439603942,-0.08915262863909501,0.15177746361048775,-0.012461114065301367
312.98,-2.296985006312077,0.04454393783941292,9.949162879912842,-0.18909708689489305,0.3889472942951118,-0.02925803621918919
312.99,-2.479771406938823,0.1482501528815181,9.73642636271645,-0.124922649916374,0.27648541392881587,-0.037364987494887966
313.0,-2.117043815270696,-0.00753271622509951,9.679603912904707,-0.017280433486988055,0.05227484927091313,0.011032478853477364
313.01,-2.120326908093754,0.19357300070824665,9.988402782551695,0.054320110141217806,-0.12672219715600377,0.024608989510826587
313.02,-1.5030311408444543,0.017363497878802748,9.038298385611881,0.06091001421754868,-0.28122868461237893,-0.02530262858456259
313.03,-2.0048780671963815,0.059482575704909335,9.132294550909725,0.1718575502375177,-0.8000787796594953,0.007121259591186313
313.04,-1.8692379376018646,0.0495555425611998,9.383634385137912,0.1722107001251336,-0.5158272151275706,0.03362190524399668
313.05,-2.2597790952700962,0.19201484998407053,9.134101784018238,0.09531905262413176,0.17182437127799555,-0.005274727454031311
313.06,-2.2901319069896036,-0.0028058544057201944,9.92592283864004,-0.1310980476747636,0.5776848178075505,-0.05067022509389321
313.07,-2.359957858964812,-0.1968450893764492,9.724995288444436,-0.25243077083025783,0.4490025910876165,-0.012333311646695252
313.08,-2.1280573227765016,0.09283176154825136,9.82224136681869,-0.11269941425020702,0.029901099999783985,0.028710639203461508
313.09,-2.2153487191348162,0.1772401676922365,9.763994881814085,0.013911268629386716,-0.21355887605779517,0.040019052953524634
313.1,-2.0848955880212423,0.09196125191814163,9.855434824985448,0.07362221700666438,-0.08386212952603357,0.018899864099652233
313.11,-2.3258168469742495,0.09751974137576391,9.47945382387818,-0.0004761418989352073,0.11218770844445677,0.008339351151101192
313.12,-2.3476172234882697,0.14102544215498863,9.859176867652515,-0.08858953556453225,0.27894337359564886,0.011189028201269838
313.13,-1.9892588353083336,0.08369743239458438,9.65002711644107,-0.13002479953919327,0.15041842540988798,-0.00961552507166665
313.14,-2.156975263014483,0.20175783966723806,9.403557604759683,-0.07150797887347424,-0.05144169598282444,0.04167366262574815
313.15,-1.8450234493036246,0.0018625273323839425,9.545301732078132,0.050880335690878055,-0.1311415194747465,0.011942509142051898
313.16,-2.1648137413724973,-0.14103197717200533,9.478993422105775,0.014613830839945469,-0.043996954448930224,-0.019132460256200273
313.17,-2.175392453163591,0.1238567304130232,9.587388966220889,0.01856112771024059,-0.004984122915265912,-0.015548779558891354
313.18,-2.1435869368059293,-0.06815899443842172,9.656939987620568,-0.012531069623715207,0.10761622157230558,-0.01950284485515948
313.19,-2.149030502696925,-0.18676588569127833,8.98646926274358,0.05740270360303168,-0.29521949633267447,-0.00106456384287942
313.2,-2.3258900150567197,-0.04449249777864566,9.102919314182765,-0.0011955493829385738,-0.257957643945053,0.00511024702616332
313.21,-2.1330655495767425,-0.11280488172857761,9.232049495818254,0.020862085949546395,-0.10057974588392271,-0.020315461059117124
313.22,-1.871289115138442,0.030593954719225366,8.886619137015046,0.22691158021229232,-0.6157783809892963,0.04576007053144623
313.23,-2.0197669780086933,0.021544261052096295,9.10972774063398,0.21454126597586434,-0.5371136109519095,0.03712608548839504
313.24,-1.8478465828675532,-0.27179065976341044,8.713220005270516,0.17550526747574483,-0.13120093362763463,-0.0279757882634121
313.25,-2.0118792212543855,-0.13055256779662,8.786660999673193,0.21507350378497941,-0.34211667467576173,0.022974368723471476
313.26,-2.1864100433658793,-0.1006138314512017,9.292189323022386,0.0850977910904358,-0.09468593528644413,-0.0027696303245819866
313.27,-1.7587341668431478,0.06945868215252632,9.474263268187341,-0.0837126221833946,0.28299249488831146,-0.01876891821845892
313.28,-1.9036177546257491,-0.051913287441637625,9.890484942432382,-0.1430123125332942,0.49983674979649845,-0.000775010304778655
313.29,-2.0211713611508517,0.07571246119701555,9.981432005192147,-0.15002918367025309,0.43247789178471285,0.009458266489952695
313.3,-1.9409171015854954,0.057742021812176456,10.186754350603637,-0.0530472161819441,0.2144934360404732,-0.006928207267402458
313.31,-1.8110664899354671,0.280923047835947,9.690255244598871,0.0010162272961617383,0.09893852215025727,0.005226129110553555
313.32,-2.0886362989449196,0.029787662220855902,9.628327941171202,0.010324073727484662,0.13979636592655598,0.0036752811586865915
313.33,-1.9190748712262902,-0.07044304089194978,9.789312817224026,-0.052301305432609586,0.2471472081550499,-0.010551613093397558
313.34,-1.822313016217059,0.09769109582040691,9.644715602126666,-0.07449234033922368,0.29074990686984653,0.004008380611868582
313.35,-2.1828692469314857,0.049659536035887505,9.82377070595042,-0.09532454376448402,0.19128981445563747,-0.004238668912669571
313.36,-1.8202307080400226,0.02754526686614888,8.946523748447314,0.02394740450594298,-0.09709797890569259,0.002444696306157755
313.37,-2.0620930954776835,0.5160535132554234,9.151470354025342,0.21085184653040007,-0.8234347047192778,0.055020985522073025
313.38,-2.241947382061621,-0.10485549458957207,9.009544785378733,0.25405962921227576,-0.6245496533601301,0.02360786801087206
313.39,-2.2158140842794465,-0.1651329804477172,9.394853112885222,0.2037898302820223,0.11146757322057844,8.857059753739809e-05
313.4,-1.824089261576729,-0.060889075089896084,8.142435736017811,0.034297856027688714,0.35225217558839456,-0.05154285369394429
313.41,-1.891389675236951,0.23119961884725032,8.667230823150552,-0.021783496672560295,-0.28384150392142227,0.018122904075775076
313.42,-1.8875267976356052,0.2785401344481087,9.600064184126062,-0.1010780579352605,-0.28078185324594224,0.036673638202777664
313.43,-2.203856298927634,-0.07783639985359911,9.379431367403955,-0.050981034735685056,0.07714690612302202,0.001672441063504386
313.44,-2.1910838635140553,0.1503181462188199,9.817236633599869,-0.06477486533311086,0.5070831972387322,-0.031232533631155995
313.45,-2.124714369778023,0.012273866074004824,9.776052155789431,-0.07082773140181442,0.5672019211816519,-0.017982956979146335
313.46,-2.0142010533788577,0.1952433744263903,9.283383875474549,-0.0006304827311435571,-0.16042845692274155,0.017828438868988248
313.47,-2.2783892888801525,-0.11531490456496668,9.927897025892188,-0.027671046590712546,-0.30937913359590097,0.024504384543056826
313.48,-2.015231840349677,0.1056553810432038,9.659629900435386,-0.018421778252207588,-0.0160689456362349,0.05302601883513887
313.49,-2.2194049008153383,0.06367534386032565,9.418209787270131,-0.02456417740968732,0.31677567402827816,-0.03740522012270815
313.5,-2.1401935115941675,0.08126869840469611,9.117398175424107,0.11083141274204247,-0.32009268963392445,0.02207350511029916
313.51,-2.1446955981298697,0.0006877161773511456,9.671762066003316,0.09499172609108007,-0.3704972484634996,0.04092453632274806
313.52,-2.0198413018128973,-0.007437267748487748,9.315892538669782,-0.02330440261962948,0.08889387635303848,0.004431302709239169
313.53,-2.173472993211127,-0.10833524621958794,9.97622659844468,-0.13223635736033124,0.588144737627476,-0.0021700023236023817
313.54,-2.251758600545082,-0.005388426006780363,9.998680380869944,-0.21378984386148153,0.6042699536537136,-0.052579369952343316
313.55,-1.8420972337579031,0.46247467057982994,9.667393643176686,-0.1315196863943376,0.11840883414715243,0.015391900470132617
313.56,-1.9395873146964144,-0.25526892301398785,9.870106360075484,-0.04281134893641039,-0.226954518569237,0.01658718447724891
313.57,-2.177594386938928,0.019910059042120183,9.839142419156422,0.025487693771456606,-0.06767111616989803,0.01438990314640484
313.58,-1.9625497315370277,-0.045132100084733826,9.992390478344916,-0.019924232953312106,0.2515886496018814,0.018267358764517325
313.59,-2.4065511753392332,0.40437824497353186,9.801463570002007,-0.15421046200259805,0.39726789148429154,-0.03552315160473271
313.6,-2.425803464039716,0.23683259892843958,10.127593922567973,-0.1076762277894857,0.24856779416920594,-0.021380069448041307
313.61,-2.2618111593120362,0.3702413938106749,9.88266669162196,-0.056068251049278595,0.0030888741930589336,0.0032411955525016925
313.62,-2.1752368046928177,0.15070423155650742,9.35101894899618,0.04097915159505583,-0.19655508841735064,0.018980067889714156
313.63,-2.034643877993815,0.01790783934517661,9.403871852675303,0.1417189034291381,-0.6145970935564758,0.02114958690840199
313.64,-1.7858706636634236,0.018807801702302146,9.457078703595545,0.13990896890365015,-0.37402885234107125,0.01811774697495664
313.65,-2.124784095944244,0.29659335935674797,9.262947934236015,0.08939912446505469,-0.08351291020128838,0.004863636344789987
313.66,-2.1530781610012655,0.22425067926879394,9.575892332498677,-0.07850757189518012,0.23690818263698227,0.00814219288236747
313.67,-1.917838640045992,0.03476602801932206,9.580004644470181,-0.14862815225553308,0.3002811689519548,-0.006322256852396844
313.68,-2.1921653126798852,0.03960529339705496,9.460507542573403,-0.003792573325696734,-0.21115549320988986,0.03746409689354738
313.69,-2.097216749221366,-0.0250559018799835,9.487251012415912,0.07270918853724982,-0.36973254875969036,0.046600826140057755
313.7,-2.1288858618923467,-0.08064809048321517,9.835916520276742,0.013689596221530244,-0.05912255245878442,0.0022722509366390857
313.71,-2.068305514825085,-0.10113840539365235,10.31964422242752,-0.02848464956060507,0.3394595638336342,0.008825427842401663
313.72,-2.1458619735748288,-0.23686070137286938,9.503654507115657,-0.09741133580899625,0.4166059641011366,-0.02427845576013675
313.73,-2.4716131852854852,0.0639519197595303,9.715042825012615,-0.006194094622530372,0.002184069584311549,0.00011433315883092876
313.74,-2.0110247311176535,0.09628784720270886,9.792082320134512,-0.0010558431389334974,-0.29714183241468584,0.0572902455634621
313.75,-2.2303286325133262,-0.15177587287213815,9.633775805187081,0.057326710208021214,-0.12456165115411971,-0.009044504187028419
313.76,-2.2315060428402993,0.1475403501179209,9.641580231297947,-0.03360487330035181,0.17416034391642202,-0.024835235996070577
313.77,-1.99550373809809,-0.24049688576103764,9.716339230058955,-0.0017418192962810747,0.22056823699528638,-0.0230153819186716
313.78,-2.1982761555014063,0.03391615268302424,9.59405903384331,-0.02759538133796139,0.09301965477983386,0.024424357975551522
313.79,-2.0273790052279708,-0.22932353570907632,10.061700217009141,-0.029423044884062707,-0.021555702961100504,0.02294169458938552
313.8,-2.149866045381284,0.08044678679161643,9.853869222539918,-0.009546795692189691,-0.04008150473586854,0.009104951215031592
313.81,-2.4554135343564565,-0.037229407046764994,9.578567850471813,-0.01913113908973766,0.04012285798440686,0.003911519341725026
313.82,-2.1158647914629936,-0.0647564731662124,9.475208953190982,-0.032648240246099094,0.10147868500317332,0.01792373983827658
313.83,-1.9904433152862702,-0.20622316769660254,9.503049012888232,0.06824120009868845,-0.11276733184129246,0.028433190339214834
313.84,-2.699383054912644,0.16685629573892644,9.382969353500505,0.015601351907649927,-0.18194343620986583,0.018818945996860695
313.85,-2.5461538790509803,-0.18748226522651568,9.729050782319078,-0.010474077288761027,-0.01714292186085288,0.034320773373439986
313.86,-2.2165487802807458,-0.1352073463705021,9.706693493782035,-0.05176258180566253,0.18924134881212418,0.01673230797120882
313.87,-1.926350255116385,0.24620582984728964,9.496249302635007,-0.03173391095922061,0.1965890670510805,-0.021489851825111154
313.88,-2.4170544336572086,0.04315185418043775,9.369469676193312,-0.015874063385516512,0.055075260564163286,0.0038063070152569187
313.89,-2.068558791006581,-0.29510703502356034,9.502018148631088,0.025129437861086686,-0.06732379070336131,0.0341456257884257
313.9,-2.3502798059085825,0.12393284274945257,9.393913679596704,0.016632008434406344,-0.06633035881865962,0.024371534421248557
313.91,-2.166249063596807,-0.04596902938018292,9.530393151956126,0.014327251024719823,0.01960592412600118,-0.012774039308006925
313.92,-1.9574501888969338,-0.08716962174228712,9.464319475275166,-0.006049918840051111,0.08604607514990932,0.004437905458029894
313.93,-2.335450130080773,-0.054671007345075254,9.446142014098191,0.029524053501281042,-0.03261994629829352,0.0032447696560951385
313.94,-2.408927043049625,-0.19745081916296023,9.651699331227643,0.02750697935615434,-0.06546810617665566,0.04431113408699666
313.95,-1.8554133972543394,-0.03113843031893776,9.055527196496996,0.011294004908527753,-0.08417625629766465,-0.005011632188992567
313.96,-2.3360084183146332,-0.034881534775804385,9.213492769865075,0.16392612574416618,-0.663795496110214,0.025991805101325413
313.97,-2.430216048544914,-0.09851679820846437,9.274751591269153,0.17120235200827902,-0.5439918304692332,0.034132411303608175
313.98,-2.2747980221378103,-0.018713835809943125,9.459201370174908,0.12391044081265432,0.04437034656515609,0.003587068678086722
313.99,-2.0478404057563124,-0.0018903453042926673,9.59300955858,0.009453705477788316,0.41560918263830365,-0.01566227297817437
314.0,-1.8145610043805598,0.011544869169532616,10.12819715006235,-0.13414293929623275,0.40264033228008494,-0.02870057530108757
314.01,-2.274191211396477,0.37550455318796583,9.887229258997305,-0.11042775324194362,0.1390148155863221,0.00711435303251597
314.02,-2.1140489364268094,0.07544465758181242,9.635043039917317,-0.03885118388620087,-0.014711720588358353,0.007065151594568008
314.03,-2.177511197075034,-0.18762616424875497,9.701662014040537,0.025735938396283266,-0.059705629223950146,0.05764488849853844
314.04,-2.3104136617789908,-0.1887728723444004,9.582657065719793,0.046717362763327906,0.13079357046895185,0.014570443347071946
314.05,-2.0120526619363757,-0.162873594618685,9.993641961989672,-0.04573322760788173,0.25272688364560897,0.011787603310008991
314.06,-2.423810876081803,0.1256755291961166,9.713863558509882,-0.06646660949128812,0.19442420140058053,0.01068952083565597
314.07,-1.9174347124000701,-0.13312458962260487,9.713003472654519,-0.03921802808112143,0.09433496916509135,-0.012439694108209002
314.08,-1.878072895279307,-0.10018003811577036,9.320406402668326,0.020665607214353846,-0.14715077558793216,0.02985618429227735
314.09,-2.1488665534814295,-0.19201086404751566,9.433476111897331,0.14629267843005306,-0.6372633732632592,0.0741188308141994
314.1,-1.9414454817912583,0.01436862777015362,9.490600915547631,0.22353060380609424,-0.4458798761258654,0.06267671128457908
314.11,-2.133170084019098,0.17144589046758185,9.198069148628411,0.09079270062532215,0.09771935873778385,-0.0216743525978458
314.12,-2.0517514652735955,0.06865416779700802,9.216819709963923,0.06648387615862068,-0.10574288021737156,0.003569543930183291
314.13,-2.079301980137239,0.2269263292892345,9.479314909620568,-0.017319848856342464,-0.055885730360753644,0.01851287238500563
314.14,-2.002270098808275,-0.05960326294461529,9.092351667360912,-0.12390121560519358,0.14269774100737154,-0.05111794823797711
314.15,-2.2264053840814357,-0.030078244611854717,9.296061999704492,-0.020320055149816846,-0.14232988721029757,0.026177709567504603
314.16,-2.0883564433175197,0.15207723587783833,9.66185497910854,-0.012286680922451922,-0.013728769180131589,0.03644210890306104
314.17,-1.7336667872507925,0.05442678004385141,10.276458891968252,-0.0220766477244067,0.2920718495574608,0.011829069161553052
314.18,-2.038258193412264,0.4508184681449109,8.853635744760187,0.061110452275891326,-0.1685671892984754,-0.024131484741080067
314.19,-1.862029844094887,0.06723456367592119,9.016087719949908,0.11958813485482561,-0.48594792257950786,0.0059418986008399
314.2,-2.034081777113913,0.21269827843754063,9.663522444634078,0.08584771201393956,-0.15121541065638802,0.03051146214135242
314.21,-1.8803780133741443,0.3135081206687506,9.295579848926158,0.06147254990095154,0.3224725896293998,-0.025087039052049107
314.22,-1.9187082817406236,-0.12052447164275605,8.85440670747657,0.06624790854840586,-0.2710775919698165,0.02355744920022414
314.23,-2.041135736048382,0.1347488793002619,9.289614806699962,0.09370097502689355,-0.3231602692295769,-0.006374867160765757
314.24,-2.3380751190286615,0.31888767371650356,9.085278245761826,0.19839497054553515,-0.6222482834311583,0.06590518149600524
314.25,-1.9748327163726067,0.25865317411723393,9.028023898948923,0.30769260962911316,-0.29153096254038163,0.040018271338968646
314.26,-2.0671145362483623,-0.000663055474326199,9.409360638721582,0.1472429313837585,0.4028678993145692,0.014570732465406484
314.27,-1.9105316871429752,0.12528211163335712,9.78878458274819,-0.1190905146448489,0.7685256196491025,-0.06289410571274386
314.28,-2.1732709512896573,0.032252563707137666,10.118446744159003,-0.3106476154551462,0.5756834527290511,0.024296257618939457
314.29,-1.9610008544744717,-0.11251464088760274,10.02780810577672,-0.24281880618798243,0.2690183593653497,0.0030431155962000866
314.3,-1.9511420747956467,0.23957173162583786,10.139951134486953,-0.05760217280702922,0.12463040192266035,0.019667340955884356
314.31,-2.368350161610686,0.239267433532109,10.270643186200779,0.03660651018298281,0.21601099567267718,0.026590988476263875
314.32,-2.20473306807372,0.008663187557470364,10.156193563344683,-0.014331226562984556,0.3695976178567788,-0.008160477234225638
314.33,-1.9504716573119634,0.18666815101816378,10.02303556006133,-0.0670407305923475,0.14939018261828405,-0.009058098510917581
314.34,-2.3117945293403146,0.20502787761511873,9.909571981474151,-0.14074639481497692,0.021476896067056963,-0.009647159460596215
314.35,-2.192623408752845,0.4776065001966511,9.734735074355683,-0.12617237136156373,0.10779718040278696,0.0058172262653478
314.36,-1.8756115448955537,0.19996844657978738,9.709252305820378,-0.09106801804090979,0.20429388077868665,-0.0017920774396044583
314.37,-1.9858972278518685,0.12473630826684536,9.765912972855585,0.0031817079953549866,0.04304445089160854,0.02475954178251967
314.38,-1.9430242614079158,0.28778461859327675,9.927428491757064,0.005928364613596245,-0.07113799183754756,-0.014361796776343156
314.39,-1.848259686020565,0.03928788628019597,9.871062908218748,-0.10495990214597348,-0.01930904991845011,-0.01972396136967325
314.4,-2.109409918488623,-0.17228106898739692,9.88613449974817,-0.14820531891093816,0.1234405920415607,2.6148923365477104e-05
314.41,-2.5652971133004785,-0.13382877932971282,9.747026241140833,-0.08758954131136236,0.14184296033719776,-0.015745845512424007
314.42,-2.3406224049609206,-0.017554634172175163,9.774933567705983,-0.023986006728996846,0.07914392290227752,0.009156108498230035
314.43,-2.010440470917281,0.046311874704287305,9.636445170979824,0.039220546119904325,-0.2018628909091527,0.04529978562748682
314.44,-2.162683093629451,-0.05342755139548112,9.726481456089543,0.056547587012922826,-0.28437580274584084,0.012772161999513218
314.45,-2.3663553564329844,-0.19558463820472297,9.645249504330465,-0.04302324272352351,-0.034070924990556015,0.0033370645350834748
314.46,-2.1452218389911635,0.19820158161100523,9.587476577392996,0.026817796395327383,-0.10905352881694047,0.004481469589890948
314.47,-1.9745220634514555,-0.2402915577314233,9.47366219839794,0.03964285282382522,-0.11583496049705327,0.03305368016619259
314.48,-2.08787717062613,-0.08291108268096156,9.961374597833482,-0.048816715556965366,0.042872035023144,0.03334137995866005
314.49,-2.3857756190086663,0.1251938431158244,9.647946417852367,-0.06042550742179996,0.18099727429909357,-0.023782246966546267
314.5,-2.287598669352864,0.28011682524292836,9.717274803788248,-0.06391191428954854,0.1408400976094045,0.01293563455791582
314.51,-2.3722758812413636,0.1072080303218639,9.477800609169124,-0.005892739159492403,0.05591880012324197,0.008640916378028052
314.52,-2.2366904385175066,0.07564604643571375,9.723293583018407,-0.017919922939768067,-0.024693072147368128,-0.0027068520680463212
314.53,-2.4779437711435843,-0.07313371386353715,9.79699493766333,0.013465092470869619,-0.04781772628559278,-0.004418949864682135
314.54,-2.4559890573825816,-0.16324890436685283,9.48069034754187,0.016347528451438227,0.00414881207612865,0.0174114513339533
314.55,-2.448843757378528,-0.07068100262936104,9.613513185543766,0.006861579247306586,0.07852428285110322,0.027418116868440208
314.56,-1.8957249340528095,-0.03250752153009499,8.838095315512152,0.030532735722147965,-0.33950663617007787,-0.009206927269208763
314.57,-2.183801724506785,-0.13991652983822397,9.741190030773291,0.07566275347182963,-0.40560468169232233,0.011221974656210228
314.58,-2.1415160892790444,-0.1584451255143688,9.594001108743383,0.004677930169913149,-0.025999744042208763,-0.022326287324078258
314.59,-2.1722192083173315,-0.06905998225022604,8.84657043990278,0.006826472853036681,0.1193438020246142,-0.02042053293298728
314.6,-2.0998081409850498,0.10706791075011973,8.771551844765785,0.15969419063544016,-0.7082646066350344,0.020665588804039365
314.61,-1.9181018640563732,-0.045530455193585215,9.303416949504058,0.1858047889767146,-0.6471895661670408,0.04384951417406008
314.62,-2.264431450862736,0.24496177682709366,9.281608940124952,0.20064657011662923,-0.08052340014080805,0.02678812747840919
314.63,-2.089932948579894,0.5065354521510862,9.652596310699897,-0.01053032818570283,0.576647563058852,-0.025835195418934514
314.64,-2.0771711948613634,-0.05109999176937676,9.686273775064551,-0.20737728738382738,0.6491422220044449,-0.03033372339695169
314.65,-2.1393985425272346,-0.0299627366483703,9.143700432062765,-0.193573002968803,0.10112148821909053,0.01203307105971884
314.66,-1.5803222680670184,0.40937976305166357,8.827609229826741,0.07489101131324145,-1.1235035928740638,0.028323907797267886
314.67,-1.794949019362306,-0.19059756625545,8.574173804236588,0.3816384765811058,-1.1148552439210797,0.05823618670278069
314.68,-2.201734580531067,-0.14530227699261591,8.692752984329447,0.48207583629827205,-0.1998298293949952,0.02631035441150246
314.69,-2.118898720750766,-0.13641395494000905,8.717920461643711,0.32331825955669036,0.5125339126208599,-0.03763120921347584
314.7,-2.3139037740646256,0.2306272807238018,9.554769571117246,-0.2015682688467738,0.7284330597565444,-0.04304177227215832
314.71,-2.230997106814541,0.39876729163546404,9.93821893317178,-0.4492887079302756,0.5327351293587674,-0.0012016168281519472
314.72,-2.174023313296185,-0.13228145613201514,10.088126078912945,-0.2643452885678693,0.27639161841349646,0.06046882837679388
314.73,-2.383301932114918,0.15786730449812164,10.140063975208456,0.009252040741949252,-0.0491056603371022,0.035265055542783336
314.74,-2.0962481002933924,0.11288926352984968,10.262866684009238,0.1625348764235618,0.05741357518349971,0.021327244478950305
314.75,-2.011642572232782,0.023151108493403544,9.974213058982443,0.16730215566836593,0.10495956370737383,0.03711248986323845
314.76,-2.1687829007483517,0.3900405632168279,9.911008176715189,-0.022662200863015264,0.17081278110789186,-0.015316653496987971
314.77,-2.068307546596368,0.3543130859705371,10.2012675197664,-0.2349674945351366,0.32589363892618545,0.012030173145866775
314.78,-2.4988933578654646,-0.01353920156939202,10.109416598448759,-0.2735861823974318,0.448874649990749,0.03493493682915733
314.79,-2.4254420948274893,-0.08387276122565594,9.855091809398774,-0.04306584110367809,0.11438661203811075,0.004999163795286043
314.8,-2.139890932707222,0.13664542887808595,10.00397305729206,0.04901837719461752,-0.09601525820424756,0.005878473966523461
314.81,-2.1297130041471917,0.20059478967904615,10.238598797481453,0.024646910540555587,0.014356883910846508,0.01832731709485661
314.82,-2.024795862044411,-0.13896766002740774,9.902808202268384,-0.09111937896933996,0.2219481710298354,0.0151769051449872
314.83,-2.0984508652796223,0.15438235613404883,9.63510060486506,-0.1349824131118194,0.1711408083175647,-0.012383420171878995
314.84,-2.158347233450901,0.03542069264559066,9.715293901605488,-0.05739664276044063,0.058887034299673326,0.02048341876709936
314.85,-2.3924813829034375,0.20560768195807558,9.34244665454783,-0.04161641316911697,-0.09515810680402631,0.003926025868389358
314.86,-1.9665033721612843,-0.1855398222056749,9.1283985446712,0.18610179985327943,-0.7926827541849037,0.04453276472223098
314.87,-2.2448275640427755,-0.23626741431662474,9.412693545289697,0.19684284301758895,-0.609792542335526,0.007640927216398946
314.88,-2.3474795972316085,0.2663951824618136,9.262260542223453,0.14309379644903042,0.06767075179301152,0.01817448820585429
314.89,-2.1116555065643956,0.06928929085387785,8.936797878220283,-0.11761556430068477,0.44648059312814037,-0.023607643790282615
314.9,-1.8183838922833158,-0.0930867463288407,8.726619362599678,-0.11411315424431498,-0.20265242948761722,0.001156473665013669
314.91,-2.001630905442429,0.049228783266358295,9.735152560291262,-0.07378210304485626,-0.3776895837253144,0.04661796387928262
314.92,-2.3325280008443388,0.04926482293824858,9.980723297429133,0.007370979755706896,0.020381436338004016,0.0574923719384045
314.93,-1.8665703682552428,0.12421889035927108,9.982241718660234,0.047214307643186695,0.36218991790579524,-0.011949422255376842
314.94,-2.106290670372346,-0.2928691139518327,10.129365603364738,-0.039850459341491826,0.41651371441108015,-0.026460165677827233
314.95,-2.224345615284383,0.08706452218673891,9.804002014221517,-0.04332802739995747,0.07364499376058295,0.008003888509921135
314.96,-2.323445996570456,-0.03748871014689012,10.213890985680834,-0.07970453460539897,-0.17152209164320217,-0.008613769047532152
314.97,-2.3130092951698007,0.18571572202076,9.780830523388502,-0.08872116434543953,-0.0021707984564511215,0.009618754036435227
314.98,-2.0119977345505955,-0.02226522123716096,9.614697772179907,-0.006836298356909187,0.2369336663384231,-0.037937381661132995
314.99,-2.3075246450090035,0.10518589026257555,9.41210679396888,0.044101740495571334,-0.008898296650411874,0.04345566999247687
315.0,-2.24445699022084,-0.29700136971655733,9.708012123142712,-0.013914517563613837,-0.054086102272681374,0.02794233048456257
315.01,-2.007146665845819,-0.17822781935012283,9.90702316329228,-0.06319163837009259,0.12118858480610559,0.011056088060488831
315.02,-2.0005376933969163,0.03763049572405523,9.376548685464359,-0.10754841122760721,0.004358394511527261,0.031104817006249577
315.03,-2.0851212817986475,-0.018290575095126382,9.83797194047887,-0.018034700768251612,0.019567731317143185,0.03906943001806523
315.04,-2.2103837859227085,0.038714941695198776,9.647752885058672,-0.057439009165373534,0.13446938947940565,0.020281074610437745
315.05,-1.94842789111529,-0.0016012611446280592,9.433969760001368,-0.03592636552674441,0.14314871752385525,0.021324957518481985
315.06,-2.1937460126522836,0.12351963663278731,9.437285252536196,-0.015271460074555127,0.11244934716668714,0.02858080172143803
315.07,-2.301797722819858,0.0912430638451721,9.665512757443762,-0.022821135162685555,0.06688165399437206,-0.010246774872700388
315.08,-2.305730126212605,0.05236698648136962,9.899926878310339,-0.005674560150690837,-0.03361081170109784,0.016034723854098744
315.09,-2.1672804622684456,0.22470791507048102,9.545912032103299,0.07158013095129759,-0.26716064376935716,0.0525273436532297
315.1,-2.0518351951137674,-0.34401197730411887,9.686092026940196,0.014626181889473459,-0.11189267621902763,0.011451383903117989
315.11,-2.1507115380925033,-0.1616912445825184,9.254107645808665,0.0035474609399571196,0.043215418799549266,0.0047265807990906124
315.12,-2.299005616607913,0.069298217025738,9.228196740439351,0.0754483901367182,-0.36217086063389003,0.034952464991173146
315.13,-2.2008081728783657,0.14309637484497212,9.743439816303821,0.08113850696809244,-0.265667072828938,0.03233258137612919
315.14,-2.4641948595953034,-0.1438374537555134,9.61927136295333,-0.05725910038243588,0.11105124545352682,0.03304670839512105
315.15,-1.9662439543480297,0.18066631436835143,9.835984355402648,-0.11562137449167176,0.350497877132781,0.013800287550950011
315.16,-2.2356183612305527,0.12162840775388453,10.199386084647486,-0.08899228943610704,0.29223965911061206,-0.031386345112983466
315.17,-2.2882375524636522,0.16970440027308592,9.777213065381313,0.029737851330447367,0.023138993309793927,0.006124278858348325
315.18,-2.018800356009033,0.4093484647849429,9.39572760487099,0.16784004986783455,-0.6744708769414751,0.005363578359496718
315.19,-2.0495005659966004,0.027817690739282072,9.359952874454162,0.22192228926614804,-0.7596791717530524,0.0220865035471886
315.2,-2.3921670792546528,-0.17050361536895553,9.484509519304359,0.21290313419936194,-0.11634459932246369,-0.006780448709457897
315.21,-1.980192735141562,0.030183999918758843,9.011864056356476,0.061583681205258936,0.3724015263742805,-0.0065846510864851285
315.22,-2.163151125689153,-0.1666756043872221,9.012269137249737,0.028707234781034513,-0.2259369094540411,0.004075902296505455
315.23,-2.1028458786188615,-0.022527279832437644,9.326401444087628,-0.02865413464729971,-0.22802600387151267,0.01575201559504145
315.24,-2.06173092896081,0.11715547225577957,9.151584871235267,0.037999535651525536,-0.39556884989348456,0.03623861521185477
315.25,-2.128321950193138,0.17418628008611686,9.457047298733672,0.11816161175878045,-0.1286687553055123,0.020942394065161837
315.26,-1.9612997306955677,0.3436081056054904,9.936432830909455,0.046352051329342045,0.4047458450247075,-0.002988973299740223
315.27,-2.0112376656000457,0.07701726754683165,10.149117394886526,-0.14198891002102096,0.6026374467331271,-0.04850032463265014
315.28,-1.8937833977974958,0.43576394392102813,8.899049423942271,-0.1671745538722478,0.2723073051963154,0.013541430268946969
315.29,-2.033872732883599,-0.06360409098916853,9.246237971182206,-0.025977398590612016,-0.6160298699047998,0.06080598323505729
315.3,-2.1337439129455613,0.08355926079316817,9.245200143538396,0.10025184791657042,-0.5267564572768119,0.04855852584844257
315.31,-1.9615748613282658,0.3103624791051637,9.446777039979123,0.15064276269859542,0.1233279002010053,0.019071616545577267
315.32,-2.345292045043681,-0.07998849193661256,9.7277497807004,0.05621068634240255,0.5797214746851849,-0.0071201866636187265
315.33,-2.2365191194533045,-0.3482518124423732,9.97084505250539,-0.1337653711554001,0.584592420451541,0.018537643755451746
315.34,-1.7243737963950163,0.22507097352343564,9.970781052169773,-0.23950263949370354,0.23722679674535221,0.0010220659567303906
315.35,-1.7804015548374026,0.14845531292596198,9.765058015381067,-0.08199191346415131,-0.15730479879899018,0.03722002751585488
315.36,-2.1910998928550325,0.0846277447061916,10.125281660237796,0.021322025643091647,-0.1726185042156274,0.03438394919768857
315.37,-2.0195677005550987,0.015150950633591467,10.1818289782707,0.04176460187371186,0.17445115286597784,0.0319697395277563
315.38,-2.2708750116950145,-0.030666378921326953,9.866092874585787,-0.03955481838546436,0.4230956519229829,0.0018325691693735317
315.39,-2.1772880673542434,0.02173253729256768,9.509583818536658,-0.04562632159659227,0.1925062409687345,-0.01937618629078542
315.4,-1.9363447702460688,0.49934938805215967,9.566916598414862,-0.06157767935651422,-0.13351707237728735,0.011927153540652083
315.41,-1.8649466401775217,-0.007329400613927534,9.840656999332854,-0.020628214489924006,-0.15698931663226415,0.018836648778530873
315.42,-2.094612805890172,0.031253576491973516,9.568846593106894,0.10194735538941703,-0.44551711148773915,0.01386176721799303
315.43,-1.813876301393568,0.07714133554207629,9.703185734291655,0.12674898675475604,-0.24429392004547035,0.02851280424758883
315.44,-2.1325489042188135,0.007718368243180632,9.977335945507402,-0.0032420152921245372,0.21763630911844092,0.016673635683136734
315.45,-2.190017031296148,0.13464033839340792,10.018312341619716,-0.11772673943412504,0.4060444210687065,0.003385448263686263
315.46,-2.289334277265388,0.08166156429021064,9.674509293849724,-0.12907092770514128,0.28449100058784904,0.003899675890996048
315.47,-1.983441445941668,0.3001957701564263,9.79704532538202,-0.042002950309153964,-0.030858982601079027,0.02796380262225573
315.48,-2.144723803370837,0.13668513760462175,8.861190665981024,0.10433742378606242,-0.346411149395851,-0.01340782656612938
315.49,-1.9498654860665734,0.03968561945316524,9.281174949343335,0.2869038568771841,-0.9585222166294205,0.06077322534171672
315.5,-2.3175868426797233,0.10376281005145108,8.940437013555176,0.2990028879048695,-0.6322934477156885,0.05111798636852995
315.51,-2.1221807723744894,0.04534620489636294,8.025383366337412,0.30932384195781193,-0.2770421789450677,-0.02809125169150817
315.52,-1.922456411836266,0.06847347457235302,7.896208455141557,0.3408369901400632,-0.8662639497918071,0.016734233449281582
315.53,-1.9693801804775064,0.06374172334911338,8.275827898352869,0.30551568356224296,-0.7085673225572923,0.038863763256291074
315.54,-2.3014437614354906,0.2894874728621769,8.14843057887273,0.23259590560305538,0.028642830583811254,-0.06165950020868212
315.55,-2.323616885183567,0.19102032756306042,8.999618678489608,0.1910026080505835,0.04757704532851672,0.004314424257618406
315.56,-2.1921673359440472,0.37395461710962996,9.305652269215466,-0.08521124938647275,0.3563822863001761,-0.037892945970120086
315.57,-2.347961061296119,0.10942311808319125,9.31591697965986,-0.31129689016019635,0.6547285917894012,-0.0308172490510345
315.58,-2.20521579972087,0.21834775075001323,9.570321931128579,-0.23840735210905054,0.2951266680202954,0.02521429805022854
315.59,-2.004400075457973,0.4664701066858543,10.053076291914474,-0.10125722952876932,0.24120698783174982,0.02393814018403188
315.6,-2.314478108483007,0.47725318685221396,10.811592598656398,-0.040306223923210274,0.4288506612009435,-0.02095721042443221
315.61,-1.5964918546026619,-0.0565686442916202,10.157642607950317,-0.02357724787953631,0.4217701015214288,-0.004382051405764458
315.62,-1.8958408820268742,0.3492775836773657,10.49854810438488,-0.14898132570527914,0.37513941896856773,-0.019090015542793673
315.63,-2.263595978193382,0.2289217140567255,10.191403110817797,-0.1642828400573363,0.38983555734302605,0.0056479820994378375
315.64,-2.0408021104548015,0.048087107033784646,10.150263008011896,-0.2229256426307452,0.39499361311336784,-0.01930337224107902
315.65,-2.2547669755705746,0.04627637913662014,9.116869530434908,-0.08643938094747469,0.029972423032524557,-0.0343992642180999
315.66,-2.383315779041803,0.2914137475141912,9.307645966564712,0.1984221789119715,-0.9951255459386491,0.05750855987506867
315.67,-1.8833503464081967,0.1732624621164623,8.952913419148498,0.3730564393320506,-0.8957658412613776,0.05943752185343902
315.68,-1.8977042856046125,0.47359460692952265,8.746585412670708,0.35956857250785534,-0.04886907175519227,0.017574349018094206
315.69,-2.0486624291487856,0.06863166360674987,9.485702967137522,0.04822310024928693,0.7909491283563008,-0.032638127533554544
315.7,-1.9993024258207646,-0.1909399503487824,10.042907079074805,-0.33712764227633674,1.0273671050644482,-0.05650253991703905
315.71,-1.8815222842628403,-0.03149264147608957,9.259890082437702,-0.45431058658526324,0.39731622938987354,-0.008707053862323143
315.72,-1.8741823495070438,0.12165551162704608,9.331485749507777,-0.29394336488974654,-0.7604987192916759,0.059180611881525264
315.73,-2.0690091832718496,0.42325275826271846,8.88976166322347,0.08319765880818931,-0.9399022408958755,0.123874758032984
315.74,-2.0133663228692296,0.10322433163127362,8.486971698654212,0.3661354711703052,-0.41154128868382783,-0.0061417383153747765
315.75,-2.2000335240291133,0.2196326553409117,8.597339793337394,0.472600113904785,-0.15970981998497635,0.0005608060412601536
315.76,-1.8780620572182887,0.16835410896365133,9.381937799920598,0.2561503336528456,0.3146853301361729,-0.06046330223943597
315.77,-2.184832130604295,0.3893450585011293,9.726607959514208,-0.1885748834106168,0.7118865847692177,-0.04090489814692032
315.78,-2.3905984849716897,-0.022762427403131447,10.499449262445468,-0.4465484064395339,0.7146356766126277,0.015251407246793313
315.79,-2.338670996063216,0.37868849659938486,10.573018599862431,-0.31954763032134764,0.38404916286090784,-0.007010803464333151
315.8,-2.3268437568153444,0.48817387230659537,10.738303726572658,-0.057940890543206905,0.19938287692218667,0.01898996570927574
315.81,-2.511887769447731,0.21386802044773023,10.641178486858106,0.10942055138658498,0.20649071979209138,0.03169245913001862
315.82,-1.9469088982662845,0.20432395997458042,10.55169492367046,0.015398330942050314,0.3129523159130462,0.007120564242946388
315.83,-2.1845396526416345,0.07905585926263548,10.1665527425633,-0.11894302481407737,0.13537426034230843,0.004401800805684404
315.84,-2.4627038051489083,0.27033331657783977,10.349066411397596,-0.2298467617571241,0.08334186072559477,0.025390915036045632
315.85,-2.1582282010352403,-0.03670898797554356,10.167858020178093,-0.1862765885889687,0.052265548869155146,0.0023075309887098192
315.86,-2.4280019153534234,-0.1108015472156792,10.067534615961353,-0.055248383834419004,0.17325114118861015,0.025293289993754086
315.87,-2.1710407716025406,-0.2347140858134811,10.085027758800624,-0.017157454765952772,0.1833412405195551,-0.039806019188082575
315.88,-2.192698261148463,0.23045991580898906,9.499185015194941,0.0727596207753565,-0.2527181828945627,0.04742749931922916
315.89,-2.305717074402073,0.1513612927860091,10.003722625862428,0.019448167241189918,-0.38266080993522616,0.05685497277805464
315.9,-2.4226642852477034,0.23331368977132166,9.96726599265839,-0.11666482435742882,-0.037925629592006675,0.02443386133703982
315.91,-2.5796075461148034,-0.2721543242065076,9.642899122894315,-0.09285629369716032,0.04562820513181393,0.01839871894805615
315.92,-2.2591574732188278,0.22323063804338883,9.632811095320486,0.001924279783406816,0.08524202263439115,-0.005884768062842643
315.93,-1.8629301919386265,0.44068830075722265,9.89528701061731,-0.008303091029982768,0.06405933595076083,-0.028829522086220492
315.94,-2.575077879553308,0.12617285361374841,9.415294299059108,-0.05861877285952909,-0.0880039388536069,0.03282198236565168
315.95,-2.3150282231233423,0.22824029425264222,9.594599531045281,-0.0699690537463741,-0.09843319433246514,0.045074930531983144
315.96,-2.234132765019915,0.13808355169497064,10.061368513311466,-0.06535057320412616,0.03303900909557415,-0.023470683811991747
315.97,-2.0209608629985487,-0.11194171921161068,9.399390198069698,-0.035511030840174235,-0.04250459454850734,-0.038379104644442816
315.98,-1.820037331316656,0.37012154026886585,8.310843278211015,0.21944547310403123,-1.1859692986645891,0.020342062753643395
315.99,-2.1611822385587383,0.1473401035685253,8.09297834009255,0.4709466940743549,-1.5035532083918657,0.07117207244597323
316.0,-1.8268034392158268,0.4350624394938862,8.080912799713946,0.5653673268846894,-0.6324763523452678,0.019112973935451104
316.01,-2.1890052670877593,0.5816252233731699,8.293983797060813,0.41246656475610666,0.22538815649515254,-0.0715842824906423
316.02,-2.1654671034618933,-0.20355689126824697,9.311186768770304,-0.07227446631546647,0.6897331417124575,-0.030290431398460774
316.03,-2.3092101912665437,-0.04444193169834025,10.186989248549992,-0.43225210020035787,0.6353642905537469,-0.020576004265054293
316.04,-2.394708532333973,0.22497809098378582,10.190199549691483,-0.4438563338976669,0.39597957231386083,0.011074466745330996
316.05,-1.7399680693010442,0.46297369880907374,10.563815285825747,-0.0748100186919927,0.1480773254260999,0.019077541316601054
316.06,-2.119804816570866,-0.0033351108028328857,10.076690509179393,0.16245732692483483,0.21022657278698342,-0.023943063660197474
316.07,-1.9045919429292568,0.5718705085745142,10.527681209915125,0.09541448588898696,0.28441702088414283,-0.005832256593224942
316.08,-2.0734664992559795,-0.07023617672164993,10.206397729112059,-0.14445702960196408,0.37483269719659323,0.0036340683441655683
316.09,-1.978108137195622,0.0689971884687281,10.244354614317405,-0.28968634560501727,0.32935593092230425,-0.015853072836609035
316.1,-2.3751457255330752,0.18565655102269732,10.297909019942038,-0.19871332980441941,0.16959963927069022,0.024105527328064466
316.11,-2.0440538965140687,-0.029291343773536177,10.088398298783972,-0.048192858856558406,0.06899934679979698,0.006875610543137281
316.12,-2.0905704313289326,-0.047799725400942794,10.080667862182038,0.017246666238152276,0.006828663924283211,0.014975180554937633
316.13,-2.15550838689037,0.3826534531601781,9.437638443776537,0.1049305410617102,-0.2455120141394617,0.004830377288990623
316.14,-2.0566735009215416,-0.1070898526550445,9.562816589792922,-0.023969532506410995,-0.2927957493863532,-0.003141277372021852
316.15,-1.9675201932520214,-0.03739812132177933,9.8510483715612,-0.16767275797561793,0.04333117182003697,-0.003194391728215359
316.16,-2.1572337886946915,0.4476666511310984,9.720994412743686,-0.1769151180248666,0.270018778169974,0.0038436096307178508
316.17,-2.1641166481325906,0.19710541929118897,9.422195564086897,-0.051792861187194617,0.019141496731765534,0.008310359881063717
316.18,-2.002939222743315,-0.049524546027233496,9.795676176352336,-0.025000959759393822,-0.1857544314603717,0.06708005324102248
316.19,-2.4257873570844777,0.19553614775639017,9.298321279535521,0.10566359026594532,-0.3829209923273947,0.007666544061111211
316.2,-2.0777060784518158,-0.01936506147063352,9.595388966723235,-0.007236175364300661,-0.20151388130936515,0.006007484760694563
316.21,-1.977580939855912,0.08614705379094374,9.37701404402886,-0.07024413573497179,0.14481740202280732,-0.021092540966226207
316.22,-2.034354362882496,-0.08346486868226678,9.800661106757593,-0.13136210098251846,0.3490938576824129,-0.013591191150777792
316.23,-2.4885352562668435,0.056039265858758375,9.668346668445068,-0.0545800985126159,0.13950013629068572,0.026611967890581026
316.24,-2.1163641154862,0.34741143340989644,9.622882576526274,0.02479167938125186,-0.08249155323418447,0.02465879921606154
316.25,-2.117323751647691,-0.13000312244606,9.532323350515387,0.038197530869076436,-0.17828081267627408,0.0020064120574697815
316.26,-2.118990113507748,0.10223529702620573,9.699176694065349,-0.0133878362582741,-0.12306577544953987,-0.008623371470934667
316.27,-2.4927734145352454,0.10550895754523776,9.341787297696115,-0.019530367078443717,0.028978918408614975,-0.020366790207989934
316.28,-2.447196299669751,-0.13613494236009424,9.427800863613356,0.013114073702561586,-0.23502744997730327,0.0034247665509829547
316.29,-2.076780273723466,-0.18821444300098208,9.25243901250897,0.0545417960240339,-0.2748164037994615,-0.014982646087313863
316.3,-2.2846107564711873,-0.06620555463854014,9.777206185865634,0.010834246078673443,-0.0768670675180833,-0.0036134622278293418
316.31,-2.0742334709232946,0.08824909601402403,9.420006211244562,0.008359715961127525,0.10062659886349823,-0.021318197055810766
316.32,-2.1302545294782025,-0.12312095784088982,9.137826580326825,-0.02974022986356043,0.09858223945572703,-0.007179163866296985
316.33,-2.2782622773253873,0.31369177751342187,9.533861064323302,-0.02338521023224184,0.03440885941875529,0.04313017276651521
316.34,-2.351105464938306,0.13976602460301663,9.412190203110425,0.042342536695556376,-0.23701676918534653,0.03206648893683038
316.35,-2.2778720018285474,-0.05626820455130186,9.59670428788687,0.03352079007431516,-0.1796298488119818,-0.029530627125254935
316.36,-2.260885953909892,0.1525326738964674,9.338530447562027,-0.016586275559649206,0.07362904924713515,0.017828596692270014
316.37,-2.2317717153359817,-0.06905362328084577,8.602703287334236,0.01411366967824739,0.012584860519280882,-0.008778180486778158
316.38,-2.2736632409080313,-0.10395620441148234,8.82364442319049,0.1449807501404441,-0.8808234676987705,0.02883841828702493
316.39,-2.106523716329835,-0.037874224869312745,8.908735592942133,0.30013637852062514,-0.810862661383324,0.05581550874509575
316.4,-2.089842325215649,0.21815567734280902,9.010729311809488,0.30021689100782367,-0.07442214025153689,0.014812188682009727
316.41,-2.1665111163787603,0.21233118237845594,9.592217303739872,0.05263274478356672,0.68254029966811,-0.06966001299071661
316.42,-2.2134359883507266,0.09478248339159323,9.854601706069149,-0.20113377144180347,0.791841822334137,-0.03172328003469476
316.43,-1.8690029118550837,-0.027099051416448458,9.822288618988717,-0.26444670688839694,0.2083917790619557,-0.029452287894521992
316.44,-2.034826804375895,-0.06833772796316948,9.994579871444618,-0.0664555638402307,-0.19867848199969948,0.04463013706442274
316.45,-2.1702189330543695,0.1310793976364907,10.393243498383736,0.0867442793353883,-0.10895479596514598,0.0326755774404259
316.46,-2.009841316206282,0.30031208389218544,10.161712681661186,0.0938464074051378,0.21111881253253253,0.00863888444967207
316.47,-2.037226606476111,0.27377662532503094,10.188420883387248,-0.032111724063098375,0.4189551551637112,-0.0028214102724828695
316.48,-2.0250394433962646,0.3309452125017976,9.908580650836473,-0.1708078621134272,0.323904972171029,-0.023456071976688874
316.49,-1.965123830457186,0.2574472240704925,9.776123618532031,-0.12161180319995382,0.04190516630680034,0.006266065344844008
316.5,-1.7942839672149458,0.2899869975483952,9.828235633834549,-0.005770172809880701,-0.08742392621265725,0.03341479236592017
316.51,-1.823872388837115,-0.2046850840461085,9.790991221599292,0.05359059834083306,-0.059720090350301985,0.0476707818805107
316.52,-2.088062542728533,0.18021172706621483,9.92223143476786,0.04478799299004485,0.06166665445225168,0.0017738391326246289
316.53,-2.3203298538642585,0.2911052369709944,9.00629095261566,0.0398466779031026,-0.0855494137970818,0.01913086099694146
316.54,-2.1324737695488354,0.38328792949545604,9.260745946780034,-0.003899250592800701,-0.1580385853137101,-0.032956782258935266
316.55,-2.1117424171853747,0.3019218966598187,9.542244074777551,-0.06617618079885708,-0.020794832626534216,-0.0005495818957032272
316.56,-2.2432371709274554,0.14741884905276664,9.174229308641685,-0.02687014242145221,-0.0010228933774876388,-0.01457980255980201
316.57,-2.008007915189779,-0.019823089278172126,9.304193948821046,0.0810294567000157,-0.24812030939352556,0.05347100276996723
316.58,-2.2315811157299503,0.09287496795566023,9.349986108270658,-0.0017556664133235172,-0.11880534809374892,0.024773041076878964
316.59,-2.3571314833983608,-0.09276282937742886,9.26281943900026,0.026640399342577756,-0.0120467886384952,0.019848297504937655
316.6,-2.0868255768071133,-0.2151209732738392,9.377104382469879,-0.04866749552302097,0.1479655183665005,0.02971709292453221
316.61,-1.926190032250866,-0.11933653477699868,9.444045460842892,-0.019137176780397256,0.13732399960043956,0.015223216574157336
316.62,-2.0773866385452617,0.3558571806599695,9.387478780646477,-0.0010074045492318093,0.05779712594902812,-0.02123608657705051
316.63,-2.166890265389953,-0.21482943342299385,9.241282915525067,0.029941771624962726,-0.1978904543614989,0.03626817347131488
316.64,-1.999316024955234,-0.0011098514527876704,9.544434185515465,0.05203923774491009,-0.1805271042993569,0.0005052220368358985
316.65,-2.0871627881085524,-0.13379880466343758,9.44601528360267,0.08073651283797839,-0.3002291310667674,0.05278893106409514
316.66,-2.151758464180325,0.5234722208811424,9.66733875416728,0.03310865483916199,-0.0910206512693826,0.03661817208431264
316.67,-2.3204739510759103,0.07157083868972484,9.264347918483194,-0.07963864137050894,0.22913496999184174,0.014721081275763631
316.68,-2.2564153190475316,-0.09752500418587329,9.820885222854672,-0.08838811880825785,0.3513839151421477,-0.003701948656725575
316.69,-1.8827182241388176,0.241126858280236,9.620188388899003,-0.012103467158303918,0.038841634779457096,-0.005354398197896669
316.7,-1.833990472823691,-0.033450335606638626,9.737649052730932,0.009465631016517453,-0.1947914664764028,0.02279881031008119
316.71,-2.4880348706215294,0.3257077483136259,9.707840123860825,0.025113818247937975,-0.061858483040470924,0.0538943733050761
316.72,-2.1202493185115174,-0.011652605795925627,9.907638496130835,-0.02052051576251659,0.15407183423682153,-0.012165771866984275
316.73,-2.2441674915113596,0.13884980486512408,9.771129590003179,-0.0773393520622584,0.29432682207115596,-0.006474594622762777
316.74,-1.9994206165718358,-0.21722647605947157,9.829335355051105,-0.0435333714843935,0.16762770125551024,0.010219188034244413
316.75,-1.7059401450664224,0.2840311408300325,9.774793932438463,0.06794403997341324,-0.21945516565995402,0.049449241234445857
316.76,-1.8645752921253425,0.22115476692210825,9.693806919401148,0.02941398317380268,-0.2857177884714368,0.03342505877902886
316.77,-2.2652574251524658,-0.247470675129411,9.458484476944072,0.03075967025362188,-0.02828967869442573,-0.022705610115049048
316.78,-2.0118731159658827,0.2111756089035921,8.930304140269557,0.0007741594079900922,0.06484564488469169,-0.0296773809381567
316.79,-1.7453812343219948,0.3487423255504038,9.333197414338901,0.10601577704666068,-0.4454161284762458,0.012335704903849436
316.8,-2.155394196839683,-0.002150352910666259,9.819147867840005,0.08189916031291812,-0.3615574749138339,0.040229322992640544
316.81,-1.7686645218810577,0.2789092076334335,8.332455938454233,0.09798518590127334,-0.39410596707858725,0.010094534085772846
316.82,-1.7139401661752895,0.027578768544817597,7.823028057864028,0.3919867498385934,-1.4359055164181858,0.081722684615623
316.83,-1.9875253110245013,0.2234235974361613,7.781154011484687,0.6696583535664029,-1.2272626171777297,0.08836248595141954
316.84,-1.7355755764209508,0.10341924446995533,7.575951262141359,0.6842093786397836,-0.13899008647127886,-0.01825656562172876
316.85,-2.1294070310797673,-0.03235479941167907,8.34218624626915,0.257625368256537,0.3219033074463512,-0.04652362674765548
316.86,-2.1510820132770534,0.3511462019035565,9.491829526694444,-0.31909626239453104,0.6498005929195813,-0.036353063543871855
316.87,-2.0730434480138076,0.18553576086118917,9.33596110113854,-0.4610153587158064,0.3860246993893656,0.009739656291894373
316.88,-2.263286544670258,0.45073622284808357,9.96476862326523,-0.25063944156598983,0.1955204331027839,0.0035819649904704973
316.89,-2.2102098284241376,0.1908388181379801,10.390734467227539,0.024086816692931924,0.34684103254539334,0.03276197972452741
316.9,-2.182822494515691,0.43817194842869117,10.249748265954723,0.085720413786871,0.6534162933927944,-0.0002314368182598659
316.91,-1.932700464064641,-0.012341791122193885,10.361083620033789,-0.12792607081294177,0.718357813934759,0.002485152805831517
316.92,-2.0583992069201797,0.5241101151073564,10.600404977634085,-0.205914060710611,0.5293943539270939,-0.0011772018250758264
316.93,-2.1090565226788875,0.3554513083939939,10.274713684133578,-0.23835219752152975,0.08401884297871295,-0.018151369618289143
316.94,-1.9767527223781294,0.24934479923625003,10.326107597258813,-0.1058565444352436,0.03256883488310462,0.019599883329121097
316.95,-2.210622255139728,-0.005241864995240986,10.399897778525581,-0.03045215411327296,0.23786746844908901,0.014075957559437973
316.96,-1.813445756323812,0.11351150970317503,9.851954266359797,0.02242407308831623,0.32933453854184874,-0.037590696284335964
316.97,-2.0331538356800296,0.11715019739009407,10.061846522889592,-0.08226422383023455,0.36135975967708833,-0.019733038130995625
316.98,-2.2386921594862508,0.07330164327381032,10.357364340179716,-0.12333565904802099,0.2228834389504531,0.024243605414882605
316.99,-1.8471427604147397,-0.08105258999276016,9.649191498125736,-0.1051964837618598,-0.05936777311004872,0.016841640762263535
317.0,-2.251957091133471,0.2970772169400092,9.997828937231365,-0.08025786193705312,-0.05418422716135886,0.025790625984540592
317.01,-2.4469945603001166,-0.038203129098180744,9.858937171918381,-0.015567939591033135,0.039474840779688325,0.03438334815977779
317.02,-2.209166810435822,0.21709144646920833,9.34518590826811,0.005028839045899413,-0.029499768296300837,-0.01724872689231393
317.03,-1.9093325827089893,-0.029448168948019215,9.181830793495388,0.06832010575385034,-0.5883804762678155,0.06493033227955645
317.04,-2.451506143540822,0.24573158394848466,9.51709053824654,0.047881298811645615,-0.46732829744917975,0.029702885598912116
317.05,-2.0656682206407337,0.061452798805781327,9.581720768995076,-0.006394192707034001,0.1023414782641199,0.03133788705599759
317.06,-2.048523882377241,0.48837335646799573,9.619873277311653,-0.09885259123566251,0.5550627244674111,-0.008114427783243481
317.07,-2.4945398328118347,0.3585928761462192,9.98873656106838,-0.15913540726980885,0.39948013485227746,0.010305311531242659
317.08,-2.262441561115108,-0.041215817681304154,9.858702836729556,-0.10256205190612318,0.0061804093603442,-0.011484094916122668
317.09,-2.0791409838807846,0.004459591474580402,9.88062158686125,-0.026328078464634593,-0.25513297229422155,0.061525026321574236
317.1,-2.186413020544788,0.11199623568544674,9.905648647240039,0.03754654078485554,-0.19093335854209142,0.039958981651802616
317.11,-2.3670505345721726,-0.20053218823772456,9.799092972174183,0.009968701231896384,0.028660806268957034,-0.015392997620660109
317.12,-2.1529753373671934,-0.1329276961024115,9.843132211324104,-0.05865067413577404,0.22639932677988578,-0.006781555434767085
317.13,-2.5538826916674466,0.21889113308755062,9.569924747464714,-0.07457647839363331,0.13810552982826557,-0.014436489840475625
317.14,-2.5341735410531654,0.14516833573919036,9.821921204810685,0.02231282382468682,-0.010923491033234214,0.021615933505672306
317.15,-2.1750263036101067,0.023840306888406236,9.58144649593189,0.01010516790292133,-0.16046073158247667,-0.0005766954434682225
317.16,-2.1403655320502595,0.03598397060670556,9.601131948098413,0.01832451313786098,-0.12257981194350338,0.001848421875595408
317.17,-2.1496515653693846,0.13922077371497052,9.491786671790901,-0.007921179917020257,-0.001643470335436048,0.03971336317221162
317.18,-2.2182265104838716,-0.08888413184884125,9.578889453859626,-0.016272595342894606,0.03067675831095444,-0.0011199280765616746
317.19,-2.1859229161841185,0.16511515223245676,9.357672061284138,0.04933036796181632,-0.317371429435001,0.022198526615089816
317.2,-2.0973281428735726,-0.028919095991739946,9.137377633813784,0.06584456554975396,-0.26619732060297047,0.026492690250826303
317.21,-2.139144126932433,0.06838002906887243,9.416787116868088,-0.01594884892642638,0.012739475096036344,0.011073488914508966
317.22,-1.9202844647100075,0.22477975308485956,9.284124205564833,0.09268364026997791,-0.4524157304577428,0.030408528137628385
317.23,-2.3540226855548005,0.05525211734560125,9.833850308123148,0.09809458150360237,-0.42733641896581315,0.03487010212830209
317.24,-2.3668347097837183,0.19901908244736094,9.100021641378445,0.08004369482271918,-0.07857434445733505,-0.025170954499501588
317.25,-1.9404714735160247,-0.22949626110114793,9.248062901440273,0.1268819056258919,-0.2388802685666224,0.021264632645928847
317.26,-2.1549668738014116,0.17451458813750598,9.72642340502512,0.006411511090525247,-0.004643414077660284,-0.0011700483831512988
317.27,-2.198823551796826,-0.08365833442397534,9.039250953903416,-0.07535134294357489,0.3200521142205242,-0.022118674858143856
317.28,-2.1609460530124673,0.1860688037031923,9.421034633614738,-0.02051155992004465,-0.07646591446955232,0.037158737643466985
317.29,-1.9860271969479002,0.18842936535476787,9.751521695575114,-0.017055076323792974,-0.1390659130642448,0.01889021513175565
317.3,-1.9840381701595633,0.3715893672387744,9.709624358347716,-0.02139929735397065,0.20677321666335235,0.02911042368705285
317.31,-2.164785045628842,-0.05742464261113654,9.423191089371858,-0.06875048660566428,0.49155817350915176,0.03731359513203397
317.32,-1.920607327754424,0.28584645308695117,9.707336279671553,-0.09228702639659235,0.43067024345576393,-0.031469935953147544
317.33,-2.1538664194781565,-0.06744896656609643,9.547095430031154,-0.06396980558836797,0.15141498872022516,-0.00472179583333346
317.34,-2.0968380569220613,0.09692016364430409,9.564258094847274,0.056374239666212966,-0.566381429330181,0.04037793393748156
317.35,-2.010235944696809,0.07876900732269707,9.461666592624153,0.14209196373796065,-0.5130763153687895,0.03744911569557938
317.36,-2.156480745556477,0.08188342269140952,9.560728369333065,0.12500659868981487,0.12668361328197894,0.0349507283843715
317.37,-2.0357366818494103,-0.0803089680344336,9.37741643368131,0.001623211650592954,0.32984366153792416,-0.020113555903607618
317.38,-2.175439233433233,0.08725316363441397,9.895397116185476,-0.08944335518309178,0.3281686517852444,0.0046073881967514975
317.39,-2.0373401753274973,0.03565561545399096,9.438278671112574,-0.10639663662586449,-0.008560875870644377,0.03243582684890631
317.4,-2.0990215691482015,0.16295310265310767,9.770535079869898,-0.063223888900928,-0.11404767438443889,0.05332869954040957
317.41,-2.2174665180661943,0.2629250348563802,9.7298241765907,5.0894177912846894e-05,0.08988762647145936,0.0411879806412971
317.42,-2.1920333460139743,-0.0767599840879725,9.57873341010521,0.01693333384742491,0.31540952048169846,0.015790074609921698
317.43,-2.2202635720427915,-0.18480660452172656,9.847365927918231,-0.024558226450157275,0.3401859605375522,-0.014440728985557866
317.44,-2.0673837377949047,-0.06550987464944698,8.450212312728842,-0.05901890388502293,-0.13325208042282988,-0.042149225970357265
317.45,-1.7860370247066457,0.13719172983442676,8.766676613244346,0.07745842049751495,-1.016818219868496,0.06807099080156993
317.46,-1.8936788471418005,0.14786097992897604,9.391617123698376,0.24799328982056665,-0.8056574498217606,0.058969779521639044
317.47,-2.2968483462995803,0.13801716141764708,8.904034612817867,0.3655235531964707,-0.30528860260621915,0.011115480933566345
317.48,-2.0365928017664157,0.11251487756214648,9.055821925065908,0.21214742819430984,0.2316570781746305,0.006099372172949244
317.49,-2.114104022781882,0.3690026242983934,9.624329243386239,-0.1323208154322301,0.6412122694025852,-0.015614172575108713
317.5,-1.779122350711774,-0.08449463907173124,10.153247174014597,-0.3573258166518873,0.5819386997904156,-0.020789614949342117
317.51,-2.3220658162245824,0.3368456361218384,10.014742264217942,-0.19243747955423093,0.247755227440705,0.00692840905161697
317.52,-2.0681782015605683,0.2971066915122455,10.38998372686858,0.038843533182538366,0.0038978511624405687,0.03516800898886792
317.53,-2.281121516302371,-0.08816854668474614,10.028492150584972,0.14466477122912902,-0.0575216012038066,0.04488679538345708
317.54,-2.1303160268155037,0.36617795862045965,10.061241049154727,0.011395875462598501,0.12770562598808452,0.038661736684146825
317.55,-2.0736602520729925,0.17979968236519572,10.118161659613255,-0.14492594626782893,0.3381925111973589,0.018202453609481736
317.56,-2.1633011771030852,0.5330673768774062,9.792700538128933,-0.19751477286613733,0.383684361578137,-0.019569679754390664
317.57,-2.0987349015841024,0.15188125295787736,9.78863055957584,-0.07120091153638664,0.17038895057624764,0.020811206950935298
317.58,-2.0032840624568973,0.3851259798533412,9.632893392016596,0.021659676609650784,-0.04116023726373403,0.0035373802984662427
317.59,-2.0288489923189275,0.3374362484850203,10.078370390243437,0.05030805681736068,-0.06313532057927003,0.008573604435115312
317.6,-2.1555142360419097,0.08109752284755622,9.045289069621987,-0.0035241537326505933,-0.11287204013081889,0.030044450003532706
317.61,-2.1658868849256674,0.4801558150427524,9.551134344572475,0.012820207952587474,-0.4381108252223299,0.01775835364795788
317.62,-2.168405386313141,0.22295126702179907,9.817947774745006,-0.03239879646149272,-0.20694085582654823,-0.008081790890765418
317.63,-2.1059284561765965,-0.19773311737720062,9.816487521856281,-0.04146964319014596,0.11220598566448232,0.022620622923582957
317.64,-2.2229947232783713,0.3351881313353935,9.769922041677779,-0.03417866515561897,0.30711991652083176,0.028181961530145468
317.65,-2.2534134690602694,-0.2067563696418755,9.343900382508195,-0.011343970366562355,0.17359801067075742,-0.0032481412958621034
317.66,-1.952781373559615,-0.021864981349080242,9.546798760920884,-0.033970869559574964,0.0026188817942268613,-0.01805689975875202
317.67,-1.9616045998164833,-0.2912696915413218,9.779540918559633,-0.04127800554333432,-0.14475514343201926,-0.001200944537129902
317.68,-2.272225697859661,0.04668902309463829,9.711512914518655,-0.023412919284628235,-0.0785037026642466,0.0077524380989923225
317.69,-2.372044522611073,-0.10870191227601865,9.40805569488804,-0.027863895072668572,0.07798120664503433,0.0066620860608092546
317.7,-2.055301701025819,0.0655400119507218,9.02948582282507,-0.008752928191905044,-0.010116962920501214,0.004687856107610041
317.71,-2.1173435150230144,-0.0364292867482635,9.575698458925192,0.03922235525650297,-0.043800462928084344,0.037260346865909566
317.72,-2.0528851459790065,-0.20739539455915013,9.358480541829985,-0.02600655983848036,-0.017100889232177872,-0.009220093896266672
317.73,-2.0703632508780485,0.14100150779395143,9.369857383209153,0.020492321280498084,-0.18227046481986267,0.03938108326307648
317.74,-2.157541803054991,0.02491426481532452,9.74781390603822,0.013965459159465603,-0.15539992930967406,0.015206593755862616
317.75,-2.384155825650948,-0.04720496249321768,9.411526711280592,-0.007358331158814395,0.005539250200932745,-0.0020682121850167587
317.76,-1.898671616794282,0.17362900370953296,9.54519986645637,-0.07249484846405846,0.16775278013455303,-0.005706524816618411
317.77,-2.279397130243754,-0.0458687328521058,9.839225539190387,-0.025847367607115247,0.1547932491969469,-0.00625943421665172
317.78,-2.37272987936546,-0.007147033083684029,9.488720361066756,-0.0015143806153339878,0.032940913306646585,0.005824429443075874
317.79,-2.3976363092472543,0.029219647438239356,9.369970691849442,0.045276432878102735,-0.09469294169253445,0.02511428017488926
317.8,-2.42183784149868,-0.1249824162984942,9.856685386695164,-0.009732424516922428,-0.062253106648385945,0.00918752630437851
317.81,-2.4099109313567753,-0.019110465947785954,9.451214320260398,0.018345920762151215,0.03924133336962506,0.014384831900665382
317.82,-2.2322795921407166,0.039427424944819864,9.548473961614295,-0.001909881419454456,0.06148761874081848,0.012717258092027462
317.83,-1.9829683387868635,0.028491485176817086,9.49077867188224,0.05480809540601633,-0.11263556905108559,0.03442400434396254
317.84,-2.173142649680901,0.171777507358166,9.171860494330375,0.03281692125929529,-0.21976484086201675,0.0260259493625438
317.85,-2.2063008393357357,-0.001092225841820782,9.736648632787213,-0.00021389077825035208,-0.06811519047102924,-0.02018159334982142
317.86,-2.020036386897379,0.5535695244252468,9.753903598802358,-0.03032883693222922,0.19792187374483652,-0.014389137541220296
317.87,-2.56445411821033,0.2558350370822602,9.48420928804708,0.003023132486169183,0.07783223394247414,0.03693196195333567
317.88,-2.177257175498852,-0.3356497590045296,9.633023927065263,0.04169760846004016,-0.014808862489504235,-0.03587223846930249
317.89,-2.1798672361575298,-0.017024325756510028,9.193793736836032,0.07504464354780377,-0.08788011316485324,0.0007531344007356651
317.9,-1.909731563462679,0.3954109954648972,9.07780913983401,0.11922147451852314,-0.6156695361517421,0.043076490362846165
317.91,-2.529192212792467,0.4131893772623298,9.39175153137258,0.11809667999898471,-0.5109575496926323,0.04136463975566507
317.92,-2.099478109308172,0.20276220035234843,9.294303709554253,0.13645417112843616,0.12669312650270528,-0.008305217188047973
317.93,-2.152397299249699,-0.02556777822547189,9.144346355478573,-0.014011568200606022,0.31712161029469516,-0.033234504778850385
317.94,-2.3551918469290785,0.15987842969297195,9.474250480098856,-0.033220878177732845,0.19865907147121625,0.011891442649971952
317.95,-2.302117305996139,0.18800702913032605,9.668644880157517,-0.09000919087093845,0.05780924359412956,-0.009503953858406057
317.96,-2.1908084881051377,0.20552637858153458,9.854103818197533,-0.04861744052243736,0.0664262800368293,0.02866162540425226
317.97,-1.6714950341435844,-0.05829919642652323,9.666548053656934,-0.033828995149898705,0.09982425271039452,0.028856079374058118
317.98,-2.5370027215087854,-0.05678738053342157,9.44111048487521,0.04615418933629975,0.1492556105804548,0.0054590537305121934
317.99,-2.1365479192950265,-0.10080847030676515,9.569085929454637,-0.048571314711957116,0.17398322255584447,-0.0020714192264192797
318.0,-2.0689641333522197,0.10590375604617136,9.703909759380993,-0.06419033380531591,0.13496641595083714,0.02146481053705003
318.01,-2.401900138643305,0.12332691840447142,9.123494677089708,-0.01265698355619725,0.0009328553338874418,-0.0013204641634254333
318.02,-1.6786399739848115,0.42571993992557516,9.179344119325105,0.10652451975797785,-0.7492918406718556,-0.011076668768153684
318.03,-1.7674861783740188,0.23816369790585312,8.740453805823705,0.22901926333853978,-0.8737141740005893,0.06483623997951227
318.04,-2.16315162785021,-0.17755735329278893,9.062554968200226,0.31547996170119885,-0.39188324982094297,0.0013244972275619042
318.05,-2.0866677532715503,0.17892929067719873,8.960145019415085,0.2085794813144388,0.3996137796276361,0.006580875589360276
318.06,-2.4826763512118126,0.40728553626642755,9.93533993452255,-0.14389683077183782,0.7632388319198264,-0.03316438221089682
318.07,-1.986552482336156,0.156456915472913,10.18064744688344,-0.297908794797161,0.447223748645009,-0.019674848375710305
318.08,-1.9980355431938648,0.4439426158965025,10.302229732279308,-0.20572017980574903,-0.010184790990261518,-0.007069325577533491
318.09,-1.6995049972540792,0.370255854276482,10.181143934534283,-0.008900606756599198,-0.20883045066777284,0.01806148811488033
318.1,-2.3098549624894558,0.3185735577610867,9.903310136787276,0.10552340653031346,0.009369799241337523,0.05120706636263879
318.11,-2.3445803182221714,0.007471913141063602,9.826477209417382,0.07019270145638479,0.2611243316062327,-0.00590813836160541
318.12,-2.1246785162064405,0.17729819167103836,9.88675913646185,-0.09866437114740037,0.3414443157626107,0.02186155398017331
318.13,-1.8824974147539995,0.20725575007405073,9.575048948984048,-0.14277707028624273,-0.02819956169025179,-0.015530865074361164
318.14,-2.138337141872124,0.2190381893896392,9.643813395453224,-0.05670964507167535,-0.2709035023880652,0.042792068490757715
318.15,-2.2079409852880247,0.00417333579946394,9.550781966960209,0.012485781177496977,-0.1088000865552586,-0.004797240903652775
318.16,-1.889260656617727,0.2121953790975037,9.761447258306273,0.06431900976981028,0.17715860859009963,-0.012367354366299758
318.17,-2.0551884029331373,0.3554961681159926,9.318954690018272,0.0006824213010739079,0.011565081211468903,-0.008482305881898265
318.18,-1.8780445365255507,0.07285996893256037,9.698544048529733,-0.021485656511017498,-0.12336651849251157,0.00726047901719934
318.19,-2.059158583215157,-0.16629640795906628,9.584992523308763,-0.08724064290370842,-0.08576028108576497,0.010718905824914537
318.2,-2.308587698177638,0.5321730381408727,9.520832311025112,-0.030448123132507266,0.0857345838210758,0.014550359357778587
318.21,-2.2953391164800667,0.18233211477947475,9.073619083722994,0.07824583429373222,-0.09983669366194275,0.0007510471346873285
318.22,-2.3634216842553926,-0.162711614366729,9.413039038386797,0.09183475498116797,-0.22702985736209177,0.01948826360487385
318.23,-2.1199242196359567,0.11437432790713652,9.949438906556116,-0.007363861551370731,-0.005913885549421254,0.011701577956797797
318.24,-2.055294932598098,0.21254091062326494,9.293756184211079,-0.09886142344321691,0.24403620557092162,-0.014323594754179015
318.25,-2.5149767326888353,0.09577540027679465,9.847904959456097,-0.07303407678114576,0.26957862681954037,-0.04687391231652795
318.26,-2.099102488714904,-0.05563644799916016,9.31249940073045,0.001603227237386884,-0.012460246871325305,0.01478065927468674
318.27,-2.1363338444853093,-0.031726759859490763,9.403590097759643,0.10800743381843532,-0.6777171832066796,0.07026873292702539
318.28,-2.3622962913073,0.2668278268751131,9.622337587907616,0.13724517666593425,-0.4857065257591228,0.05751493601534098
318.29,-1.7620997934411813,0.5693860641074707,9.493348130501936,0.1522239460792495,-0.02594393191083352,0.017372440090355802
318.3,-2.0672240063680674,0.3481521686455775,9.800451270537332,-0.005272868934747247,0.39187547829865965,-0.025504654850898686
318.31,-2.3474211259567865,-0.03041998646856238,9.914747144924274,-0.17042284171071198,0.4834291369089659,-0.024598236904173332
318.32,-2.1403033662995368,0.18065833341054816,9.379567222451602,-0.13950734035471807,-0.07601121172185224,0.04596002518973587
318.33,-2.13792928978417,0.3695428072722783,9.952585776845497,-0.023192107825390246,-0.4001652145013267,0.07020226823564908
318.34,-1.8371299992345342,0.23942530487491775,9.737899235314542,0.042903908433288604,-0.11836885861617702,0.051542786184893274
318.35,-2.019441108065882,0.03771855606799558,9.717640795500134,0.017208309913766123,0.3304453220421899,-0.03336228956366105
318.36,-2.045011801998499,-0.015510950416154565,9.879722728118281,-0.02504917438831619,0.4784421213859482,0.0025083360347757933
318.37,-2.018605989189929,0.059257982983687035,9.958674754851497,-0.06801188083072,0.21642503721293793,-0.018089865972119788
318.38,-2.1309767733487623,-0.1984474462762723,9.676454916952498,-0.07072149266859018,-0.07367985037239985,0.06382632091270905
318.39,-2.128648533080156,0.2776837214760388,9.810823706723589,0.02660922019455514,-0.1869958333262075,0.01106177186391389
318.4,-1.9972521128700886,-0.2824794178672259,9.734652880927767,0.024812823607024838,-0.09508648319932808,0.02645190729892151
318.41,-1.9301349045417444,-0.05492541804532011,9.820303519276273,0.04847856591530092,0.14458836498416963,0.001976891879442712
318.42,-2.043392911424697,0.10565083862706016,9.465838736992476,-0.04138374340599235,0.18115699929502768,0.0039006743426979852
318.43,-1.9488384068703273,-0.008223323106691521,9.683016887394029,-0.029580451761577517,0.06990043295669283,0.02394507087057974
318.44,-1.8895491933292599,0.217728506802054,9.545362182077273,-0.031013340343059744,-0.037888103087664896,0.021788557030813643
318.45,-2.1097087635962204,0.08030791964654685,9.585700461468454,0.0024736942199181282,-0.09595004555645228,0.0306840683887939
318.46,-2.0394047157074304,0.0037811379870697354,9.391652314064212,0.014393570536919312,-0.03172724992557439,0.042573932321792955
318.47,-2.195111845192227,0.27888227491626916,9.376731424813624,0.004348618187489882,0.0059345638369618335,0.017501439906793297
318.48,-2.354415135594407,-0.09147174740569047,9.372436737722008,-0.009793381696595342,0.08399371728778976,-0.016153617369724687
318.49,-2.109878751813117,0.17479833609034756,9.508127001968097,-0.03841651101521052,0.0486291219846519,-0.009720689252475823
318.5,-2.3791021316633376,-0.023150621174313296,9.192681787451557,-0.023660388598214357,-0.03303285724632915,0.04818878142317565
318.51,-1.995917459055864,0.32331033893708994,9.08899910951222,-0.04065715733208082,-0.05396133400041131,0.030544740625285074
318.52,-1.9320429883658194,0.1174039642586234,8.903178122914623,0.020373147849919684,-0.0773795621745337,-0.023956847168828156
318.53,-2.3176387234229896,0.03354865930427266,9.221746375762258,0.07196563588426351,-0.5026237966995122,0.06751350728139949
318.54,-2.4566854877959514,0.07213179868577983,9.606266231206845,0.04381891198761434,-0.29338179913058005,0.028645327588511807
318.55,-2.2699495955896953,0.3700927283825816,9.383673254163877,0.03826780392775254,-0.17172382363215377,0.02880475433645173
318.56,-1.9528673579122355,0.3070133166530902,9.203252677352578,0.010033519418859077,0.014811065050647398,0.023485895147493396
318.57,-2.3381462205520034,0.0766924598768469,9.342137958994908,-0.028591705864065578,0.29512451328319583,-0.015693417104241113
318.58,-2.206412311348624,0.1693787834265093,9.777344316169751,-0.054382890147857015,0.2920721240715119,0.009326781309604215
318.59,-2.047993532985709,-0.11040721914003916,9.953765526528882,-0.0351674857727518,0.16960546171076274,-0.007408436736991031
318.6,-1.8730033690255201,-0.08390195578457994,9.663491080576776,-0.016971536126028107,0.015985363828361656,0.011271009622809164
318.61,-1.982095078331891,0.31014313181556036,9.864128185912067,0.030955236071133936,0.0005572274824046028,0.007219440871826566
318.62,-2.1084627678931604,0.19196947865658565,9.633289413085281,0.007404060417666321,0.08281931612658727,-0.00031275728447554413
318.63,-2.0749222780158885,0.031272152725612415,9.250267650551157,-0.013196552061902213,0.15226797653981342,0.011638932668729621
318.64,-2.3648990893051907,0.11251042371085078,9.33799022386332,-0.034683126683543494,0.12394895691820196,0.024364235024046853
318.65,-1.9751844855364729,0.011150140209081866,9.500834352667741,-0.005420454554774978,0.07415209492505248,0.018966059830818477
318.66,-2.33739355527819,0.3578324814848112,9.498942241708338,0.0020085195338536343,-0.02917450604676867,-0.007907848666781347
318.67,-2.4000988085147257,-0.10136913734737746,9.421505647309834,0.0264510813020075,-0.23602201044729307,-0.0019303911464026192
318.68,-2.229530281080604,0.20890533455850988,9.669001549293684,0.019025862401757052,-0.1844016650891438,0.041768146602724834
318.69,-2.1280251258317673,0.20718176785076436,9.428786765971111,-0.005537359400535325,-0.08712593109797476,0.047185227981757366
318.7,-2.1972552189491776,0.08070080914836186,9.39469421527371,-0.04949748266155332,0.14657167472978694,0.0015459515871872366
318.71,-1.9497298181314733,0.2959213413000669,9.42032565957208,0.02601176128234147,-0.010921868695603796,0.0012747862770711056
318.72,-2.19070736202063,-0.14266585367739115,9.756597211925612,0.03299681032872935,-0.08034432934558165,0.03006798210183186
318.73,-1.9829426306300149,0.11672460817503812,9.753647131268504,-0.04595259009640699,0.003743863229656594,0.03709066924247201
318.74,-2.3040745045841344,-0.06899658981719008,9.26224586396082,-0.014892358419239584,0.17067766157342015,-0.001383180423477071
318.75,-2.0051496220472473,0.12886220388384328,9.93766600581113,-0.03352356906234576,0.16223769027652815,-0.029319284908893867
318.76,-2.252414482653626,0.1348689365947445,9.736215426640605,-0.03958781175411106,0.08754991036519044,0.016813856831123304
318.77,-2.138141654466212,0.28570052888366926,9.63112424696055,-0.041799203380067415,-0.005451265710387135,0.028629053702364057
318.78,-2.21150355460786,0.3303922459084997,9.576542272431658,0.011516409503213938,-0.02752913288846098,0.038038082529691555
318.79,-2.1175871470417547,0.22365919473248608,9.547412441544465,0.022758087243617553,-0.19850668177383413,0.03542866586130075
318.8,-1.9319314993101337,0.11818894386862619,9.230922140855208,0.0074032292532827115,-0.15158289727066113,0.03350103410411412
318.81,-2.255399755209066,0.3756665766668738,9.70903454516854,-0.026082215041986163,0.07885199480584597,0.0066235894503984
318.82,-2.158818049808426,0.1684222164122958,9.682923698374424,-0.05218732289655971,0.22730161491808337,-0.012265741906367434
318.83,-2.3706425306826624,-0.16878315366953267,9.041799166635426,0.01764553278230311,-0.17005487379609366,0.05288282668267311
318.84,-2.326104802707326,0.24286590546222822,9.324972286303266,0.03495764877397513,-0.4248013140806248,0.019403949284113674
318.85,-2.073711703350376,0.2853219889430487,9.787506490600256,0.04416695006343709,-0.11273394358931724,-0.001772106004719897
318.86,-2.099076698976319,-0.16144588163216322,9.04758313447204,0.11374209813961489,-0.2058764491837238,0.0024247091539372195
318.87,-2.0000581505118227,-0.012810654694548257,9.437434736893074,0.06318323535283749,-0.2540718203823763,0.01780436406190937
318.88,-2.453602789047646,0.035329802006912936,9.561941943194684,-0.040997239626253124,0.09668429045515542,0.018169324757159554
318.89,-1.949494472567932,-0.1372433667724247,9.630292543763401,-0.07690910781881118,0.37566818845868927,0.015487676243131852
318.9,-2.08372188565411,0.06715961986065784,9.089386325029745,-0.04172855422492612,-0.2118307590604777,0.018693563273498942
318.91,-2.0008752540454977,0.1835839956173344,9.485278912039607,0.044704215638402864,-0.41252648101953665,0.013373153850886332
318.92,-1.9180616978132596,-0.18710146616438847,9.83591290355307,0.07226092973188927,-0.06275217172993723,0.03844856963818834
318.93,-2.438624142993945,0.1383769363820914,9.396134200597292,0.1255007770635309,0.204254422812968,0.02660417522062794
318.94,-1.907505542916925,-0.02499364603664267,9.779851312153164,0.012250773930012261,0.2972123253584958,-0.006370393635980607
318.95,-1.9466044281450376,0.29360263016784083,9.602570592517742,-0.07345989066374298,0.25239505440131654,0.006898069223102373
318.96,-2.007705427216409,-0.041516398305322666,9.09505159725529,-0.06298743921798433,0.0405671140891511,0.0017018758390717394
318.97,-2.3878599804944898,0.3306019588843656,9.28875369741228,0.02985576799049365,-0.694148002190589,0.03713309467586783
318.98,-2.0538389682386353,0.2828397992685108,9.609482520887868,0.14367939136327493,-0.42539940695037676,0.029154566395384572
318.99,-2.023412863209149,0.1244796878572398,9.575109095562171,0.1824959757332563,0.23289198134091452,0.004726100922967527
319.0,-2.2823254137045548,0.118279852943624,9.230659331828091,0.059565891730994844,0.2959152715532237,-0.033683539218369224
319.01,-2.0368322431466708,-0.10055568319221667,9.433007788207417,-0.10786969808407694,0.20154777113184275,-0.0014144146732169112
319.02,-2.3249421092955944,0.3078442150729173,10.006732435223821,-0.09496808426826531,0.15678474074278406,0.02114931191735924
319.03,-2.260420195728116,0.19334390115456404,9.723346369671969,-0.04326966023460529,-0.016411237497238093,0.05787460048203376
319.04,-2.293067153994537,-0.013916570682418222,9.731776001208317,0.04280948804924675,-0.017153010558636942,0.04774316508794465
319.05,-1.9789781729393232,0.08528612701121657,8.859466630747708,0.09952967397312981,-0.02013349909795218,-0.03591984452854703
319.06,-2.0371605391909107,-0.12746008990942534,9.014286108174453,0.2541834438298216,-0.8585736240907239,0.05697924439258081
319.07,-1.7960473600672089,0.024193792913185075,9.022722003811808,0.2796363215670067,-0.7530677803322757,0.04411258046010589
319.08,-2.2519645186836232,0.35764899202637146,8.926399018616141,0.2884092040568429,0.038858700608940755,-0.010753490340455737
319.09,-1.9915597348019125,0.30974453831129223,9.520641420245816,0.029080629319865374,0.7585793923398413,-0.02150137316671812
319.1,-2.233108641776522,0.3624405533673975,9.965368267284688,-0.2864593801670948,0.8651455990589388,-0.03993891536652066
319.11,-2.139860247727596,0.2675378337279898,10.194298806658631,-0.33451505068390264,0.45170695771171787,-0.01963206152091601
319.12,-1.837013462048101,0.41548502431205847,9.326844311666637,-0.1443786350520829,-0.14415513223872897,0.012864863249737088
319.13,-2.0121500751590684,0.2729349458820889,9.42079591335731,0.15821823578737118,-0.8912469512876195,0.09115357681610903
319.14,-1.8906364923063965,0.17348685698685173,9.329198294416205,0.3309065521885414,-0.6187856904746512,-0.002300865989766719
319.15,-2.0502435137109254,-0.07123965042267802,9.253539920683572,0.31416265198179527,0.068452921491355,0.014278339254920338
319.16,-2.1463101540189577,-0.16035588384710225,9.726854164890653,-0.02495217394478544,0.6838491209651985,-0.026847705057251668
319.17,-1.8707586084937664,-0.0262072675103093,10.34069465530585,-0.3636316252034036,0.8013646876975362,-0.047417449102741385
319.18,-2.2063683429694363,0.23942628752853076,10.228585934149699,-0.38393169366938573,0.43496472082161036,-0.06240399086366117
319.19,-2.2808510546746703,0.1846250216357039,10.076552317614105,-0.1329513594068764,0.019922198225850646,0.007708529910401524
319.2,-1.816343107620286,0.2670401708418638,9.729153281254346,0.12167034618491948,-0.2056082585594477,0.03425907247041928
319.21,-2.192822811026698,0.1959515590650949,9.221560435702454,0.3114045101138206,-0.6609787539983056,0.030263423156177312
319.22,-2.1682939034258975,0.09899218209950196,9.596159460120303,0.22900789585206563,-0.34738885277479076,-0.005209658953497096
319.23,-2.1633177156857064,0.23970110696804173,9.571419711573553,0.062214211701927105,0.09807409181081864,0.014064716395200754
319.24,-2.0954408567378056,0.17640651534290766,9.538512803323055,-0.22458576885931933,0.5041887562028073,-0.034637979038724516
319.25,-2.4137579423268596,-0.04124214248045466,9.889254755447094,-0.30779564913779767,0.5448280632982213,0.005288506129468545
319.26,-2.3344892878075925,0.15695529254096446,9.872903663697668,-0.2169723535418893,0.26515938826803637,0.005275075629930495
319.27,-2.363807571702857,0.3356335739594538,10.230715460914933,0.020094564585444678,-0.03241901577231287,-0.002993848318186821
319.28,-2.183219521645117,0.03944641765871337,10.088370365112066,0.06299796554433904,-0.05439492551232234,0.04371703879726124
319.29,-2.1507813611246047,0.18212859467182677,9.827901122951237,-0.015441286940000989,0.08518154578989247,0.04114119038325477
319.3,-2.356202123378357,0.06876976394455257,9.827274738827091,-0.1392419439003066,0.20608071430878164,0.014741986292075855
319.31,-2.2240561964326306,0.2427507050826305,9.434542295660913,-0.11023728732712884,-0.18471349313458854,-0.003106189709490604
319.32,-2.188084773812915,0.27758986121500684,9.8189219447164,-0.08650447661998707,-0.17196899912282365,0.02580293414912518
319.33,-2.164761754552668,0.1295263447540351,9.644159672388476,0.027775915275190265,-0.15997464011443419,-0.0023163232384461434
319.34,-2.266775564917267,0.3633104594022854,9.366622347899806,0.051663705081795415,0.026053397331387017,0.019408429439746456
319.35,-2.347674794292454,0.4338791767068807,9.669166620075336,-0.035640851790155414,0.21266140949936918,-0.01665975487018411
319.36,-2.2041201393885097,0.10582504414756089,9.754808469027623,-0.14753379497528812,0.22734732773598315,0.00022498557249182177
319.37,-2.143895076596229,0.07551632169332817,9.586798130356655,-0.08150152598984978,-0.14764515546022106,0.004556840364930875
319.38,-2.223544532800552,0.01421121577576101,9.629659652480338,-0.015990174427330837,-0.26707619876301897,0.009103682500613226
319.39,-1.8795670513070926,0.23511411764925497,9.119874550585152,0.09698535942207312,-0.5107941352745937,0.016155201050490706
319.4,-2.299790446211982,-0.04986241129494018,9.562617751604488,0.166957807279912,-0.5468868986368477,0.058521369422394914
319.41,-2.2902339317830633,0.40540450119955773,9.393058058867364,0.09754073328241798,-0.01608560872345846,0.0036200520970924178
319.42,-2.107226384243429,0.3482503743435003,9.89453159275512,-0.0699529164876455,0.48514648885935313,-0.01391577257660273
319.43,-2.104926518144192,0.06316886410178159,9.737963970960294,-0.1637389827084292,0.5063746352374082,-0.01721196140298485
319.44,-2.014876973127831,0.03299540347532899,9.91307052436156,-0.12119428938464039,0.18908366047048558,0.04352372541260464
319.45,-2.1986253548955306,0.37798058741906926,9.917394554470523,-0.010956564367335971,-0.3631334656587146,0.07399135173108423
319.46,-2.42709631957028,0.056862653346867034,10.05524532615484,0.0919576195365456,-0.3777461253137057,0.03878377102277771
319.47,-1.7456096087052346,0.0859496057040467,9.716245050917147,0.02952007869013098,0.04506025341243131,0.008843086429939851
319.48,-1.8313022894317026,0.37720079375499616,9.730096133143347,-0.07560952434054685,0.41424231435308406,-0.046631705828564934
319.49,-2.182863934630482,0.06394255374552651,9.179081504262328,-0.10262928217447037,0.062447265410284294,0.0020721027823556496
319.5,-2.4696980288164943,0.06663050300839468,9.758779384147504,-0.06162548579085021,-0.26927816069975524,0.07242202899587413
319.51,-1.9447535035084724,0.10050834876107445,9.543806170958943,0.020628485190823945,-0.15049580741611804,0.016374728434013393
319.52,-2.098241364365499,0.20935153619994398,9.75356204357584,0.04894137328846513,0.15023700079216964,-0.006079553354377298
319.53,-2.3496559144250844,0.14783692639171153,9.498186360503215,0.007233845299868133,0.1679556260789959,-0.01193541341629433
319.54,-2.2118395466644207,-0.04504406198756353,9.83927239434117,-0.048180705975535414,0.07686546392779127,-0.02665754347357543
319.55,-2.05712741180591,-0.1589635065797346,9.119068773653101,-0.042379380258297024,-0.3186430628459747,0.011019943135561738
319.56,-1.7706912741611838,0.34468129673278114,9.499534862462783,-0.04855427115830198,-0.3446605190461731,0.022466542398507497
319.57,-2.252347688647033,0.2065414553019643,9.827406078039239,0.030407293277152338,0.061074018393927385,0.02089358917719899
319.58,-2.1949609588966963,0.30147979907748684,9.958336644515898,-0.01584621386021602,0.4161893918299841,0.003783685040135697
319.59,-2.0036775756630045,0.12942925494790863,9.370097874005104,-0.056716645940651025,0.1280187472814369,-0.001021501983254386
319.6,-2.0428908059845043,-0.4415136095190918,9.61397233621273,-0.0210631492731518,-0.17609116435011257,0.04498298874162421
319.61,-2.455061443676133,0.1453287164269973,9.739197771924102,0.022388378867050855,-0.1365037956259039,0.012105248486467931
319.62,-2.0131648656868135,0.3943309082211863,9.641504204991621,-0.02148004875392127,0.07767927939845203,-0.0035059274798809794
319.63,-1.9244762167778173,0.09344700062311896,9.640147308660826,-0.006172434739024544,0.13426385895545928,0.009824412302602621
319.64,-2.2037936169988233,0.35799618858437543,9.740383520183679,0.01643423321042927,0.0475799034345379,0.014547860684107877
319.65,-1.96488232792529,0.05627433310370748,9.482388034189222,0.016940665730883424,-0.18215206898533154,-0.0021479936942865284
319.66,-2.235443658261825,0.08751564240263736,9.463258468487414,0.03177892376035877,-0.15479724290944655,0.027012148717451348
319.67,-2.212604361605042,0.14868401841917617,9.733054658132184,-0.04300986439951547,0.0809178355214279,0.022006912046012815
319.68,-1.787155845131097,-0.02245521723751906,9.653107612741028,-0.024454397757690295,0.2900167474059623,0.007657703169929949
319.69,-2.1442441374413796,0.23524351381862285,10.11948382726974,-0.010048453901302943,0.2243745381944188,-0.027342706286776264
319.7,-2.2600484145011657,0.15188508797432262,9.522118317450616,0.02653608690848032,0.045762320269337915,-0.05335376029332357
319.71,-2.189422453227877,0.24767113010894615,9.488289611470591,0.00653157728491246,-0.07619801971225779,0.02648753148303737
319.72,-1.8231478434002009,0.3453035537403596,8.619838867241526,0.0430670848667105,-0.4884815641707217,-0.019307402690872288
319.73,-2.091108635175989,0.5514871262164746,8.61129823921618,0.24043535288494247,-1.167618348632371,0.06406380933943366
319.74,-2.0561724043480996,-0.20698546375483956,8.363098832989527,0.3571175972207356,-0.829243996763978,-0.0016053165648793437
319.75,-2.104809903516155,0.11685758013331729,8.373988649850071,0.3723169118683318,-0.4711213590093251,0.012640926587596753
319.76,-2.130930257864966,0.41854297878808133,9.012573947077803,0.20494367111914674,0.2505547168490046,-0.04296883570600871
319.77,-2.2103683153116545,-0.11423316558014651,9.561648878675308,-0.12483489235580292,0.49854811902610624,-0.020685542054310075
319.78,-2.221180487163255,0.20974554502939471,9.381456820445436,-0.21804791721521968,0.3601775249395675,-0.016520690510153202
319.79,-2.43014193368594,0.01173844146312697,9.988234999017909,-0.12291427550714924,0.30635336645711003,0.035189798281791584
319.8,-2.289958899799251,0.40610515735924946,9.719393023809312,0.04099300737552758,0.24960837154509097,0.027009972863662458
319.81,-1.8166170024384682,0.3024255958546575,9.657247577907519,0.0965840876140826,0.07939439484816017,0.017868765918363602
319.82,-2.18469424112101,0.016763105087915675,10.168560107381293,-0.019555103331934574,0.16936972841457218,0.028509887899887752
319.83,-2.0093111175609755,0.4474080168240747,9.76984554304636,-0.1382094240133605,0.21783669884798565,-0.03321270043265205
319.84,-2.2140748423215277,0.22775336428584478,10.017300156195839,-0.15581583365060533,0.3182515593561043,0.017374951313797234
319.85,-2.1344988923602295,0.12182471579956716,10.036556912092305,-0.1090231200687254,0.28497570805336214,0.036666643347801994
319.86,-2.1406032487376114,0.12884379963563392,9.905455482693172,-0.0062794481178762365,0.13222390979717452,0.03217526955333019
319.87,-2.5223339325508234,0.4578347372238104,10.165306411534774,0.031542025967595415,0.057339606367268654,-0.006257674408407115
319.88,-1.8748317453056893,0.29572380053627745,9.829323694754017,-0.03993059688764253,0.0893473160608816,-0.0012459291884628857
319.89,-2.192513791412974,0.14159795453091892,9.444534645726048,-0.06150676815151265,-0.1279484659497311,0.02986859899186914
319.9,-1.8252344704121122,-0.07124492536969995,10.18449445036008,-0.03320375943656124,-0.1684899100804389,0.013299391502277203
319.91,-2.17880077362918,0.45264127555900563,9.862280565245703,-0.04748388662124371,0.14999858959270324,0.040239841678684614
319.92,-2.4339995012784184,0.16994688437306782,9.860993451119406,-0.046098668595477725,0.36482880451224436,-0.0002104130460390966
319.93,-2.3506264561069576,0.18841446204852752,9.38126131486997,-0.051651378965042655,0.2239012487548636,-0.04282997519634258
319.94,-2.1800940232178467,0.22089989328864718,9.650035146584933,-0.03312007961599893,-0.3957357631823606,0.05454604522693608
319.95,-2.2886704278565864,0.14628448157089868,10.035211201603367,-0.05524880451033781,-0.46456644503944394,0.07030771332047916
319.96,-2.3713993291161732,0.2807733624312265,9.956816956121806,-0.021280767669945157,0.010318918217993066,0.02047817298231974
319.97,-2.467292688458962,0.10791908093454049,9.530734325549874,0.04562891624446396,0.11663226771928407,0.02366629243472735
319.98,-2.1013061388480745,-0.04435483065113799,9.416359950124555,0.019694009572930216,0.013589449515857926,-0.004728357190658907
319.99,-2.236330563244443,0.052935628094977275,9.498978170474045,-0.07405805521811348,0.07321086999808109,0.023793109882360945
320.0,-2.3013108074529716,0.017366652039530056,9.97859703869624,-0.060459933839694245,0.13108437693387867,0.01220784988436071
320.01,-2.090095444468635,0.03676564200127913,9.696847679515018,-0.010038872135591084,0.11115993176546897,0.017920649462356587
320.02,-2.2008913379162234,-0.010941872566088723,9.513073489513953,0.025391344724813428,0.101456850809721,-0.010534925766997771
320.03,-2.0962431318824115,0.23144894581579323,9.614637595515935,0.024979376057154994,-0.051353045599896265,0.01140461915376118
320.04,-2.459045295746341,0.23684671808440805,9.62531756478142,0.013439508002720535,-0.08874426028396908,0.020136549963180022
320.05,-2.3388085732533623,0.02141414252692253,9.654422219602559,-0.05345549186572905,0.008140537193670049,0.025102637930827884
320.06,-2.0386774723278993,0.025642987391625918,9.623543350221173,-0.047021907090756696,0.1749692153557372,-0.019132993015652962
320.07,-2.2072791477014277,0.09769345955421545,9.510996951969242,-0.037555051177339614,0.14015356407057628,-0.0002700457940252167
320.08,-1.952903624097851,0.1867855032153592,8.871537885642162,0.0727363804210732,-0.6317612345038104,0.027363571778665764
320.09,-2.189207434607956,0.43308574869598915,9.650252287159638,0.12947144823451254,-0.7178121914730684,0.031562135623016324
320.1,-2.2388882958150997,0.3422268513307938,9.405057471266003,0.1451888680279554,-0.12754581137947132,-0.013771912068214851
320.11,-2.1153818031669203,0.4073530645893443,8.861705451340809,0.055734723677208414,0.35312028841500465,-0.02234420113904309
320.12,-2.1211912928868637,0.1041732300158098,8.882090370338643,0.007907686810248876,-0.20253315865130284,0.012730895492418254
320.13,-2.262491789825371,0.13006362919186445,8.997085723038378,-0.07454957759198484,-0.3469183188673144,0.0031566138173891077
320.14,-2.301561480877461,0.032540843299289995,9.080974046260623,0.09685492664308142,-0.6720799502953668,0.057778985420612806
320.15,-2.1640319947582847,-0.06333502758526222,9.372544547432542,0.2593717992693532,-0.3244916824135997,0.016699676846389663
320.16,-2.2884397448948413,0.1924400809162811,9.603007058595598,0.2320849246415202,0.3867388146844001,-0.03027434928045134
320.17,-2.04812011472481,0.3136010452344415,9.620036563787705,-0.0592487425932859,0.5467859391058905,-0.032365844640030464
320.18,-2.2956003536825778,0.035362805480621456,9.797952760792214,-0.19613757683364413,0.3171378186810776,-0.011489345462561387
320.19,-2.1653503487519297,0.5029501881810287,9.826048712530675,-0.1819673155411524,0.1265822690117063,-0.02044181123142301
320.2,-1.9690924889957602,0.19626247159352742,9.983351201096866,-0.02428123312788714,0.18776266009527576,0.05159153972519113
320.21,-2.243043238689443,0.27344734711596763,10.001564272893246,0.05391200066700144,0.27451470357945296,0.003603214833898794
320.22,-1.7877789314639252,-0.12782919457366157,9.984679262056693,0.04539520773021605,0.29085018176033806,-0.03955321858931506
320.23,-2.3152450125284676,0.003588311138034511,9.729873927012287,-0.08536487555732569,0.169861830216316,-0.015702243895635553
320.24,-2.147155207553389,0.3702073706323035,9.969222551285574,-0.12736345959282658,0.057648131501420855,-0.0198612710267422
320.25,-1.8865660423786974,-0.07123124269197509,9.830094049289668,-0.12318515007538404,0.06654390730392969,0.026259406530886042
320.26,-1.9629501225331298,-0.2293936353183989,9.5263591952257,-0.015041523302359291,0.15295578546795183,-0.0013262486639502406
320.27,-2.2874507733347045,0.4347052225173435,10.21220403438444,-0.0039763521255179735,0.19072092235420257,0.005648288542255361
320.28,-2.310395557930618,0.06291649842819405,9.993132881565112,-0.0012363391453757804,0.09194603069363151,0.00908610130589977
320.29,-1.8908723608697617,-0.028598216750010785,9.768235555183805,-0.03562672480091839,0.010303078553107164,0.046081957910697295
320.3,-2.156148117044319,-0.013431079649629862,9.64598725055841,-0.03994268763796635,-0.04918449674238883,-0.007593636058284461
320.31,-2.398688770266335,0.16591238341772538,9.674011067589948,-0.04653135442362235,-0.02446092586673377,0.01789151231173869
320.32,-2.374877999491904,0.41504285946928293,9.970706924159348,0.008286924088868925,0.008031359084941365,-0.010579136056763853
320.33,-2.11684325449851,0.17030530597398977,9.269275690165744,0.008866802742580539,-0.29704797796670546,0.016452975464760412
320.34,-1.9548298359893028,0.09748376954522825,9.815036692744075,-0.007332351478626011,-0.32314382665007246,0.04144614588911386
320.35,-2.0080522561661898,0.23359791402638214,9.510314362207552,-0.04314490101598004,-0.025198292752877334,0.011547752827838273
320.36,-2.7665489208503216,0.30277586486752917,9.730410757471429,-0.04380875651148557,0.24661531257931,-0.00022196385607218313
320.37,-1.9327877303095726,0.24090650396751306,9.606178079687535,-0.008048315801435793,-0.10789647087235923,0.005127728221516959
320.38,-2.130409030466406,-0.16650245412088818,9.767114857617894,0.008471510924673315,-0.2870064831915779,0.031071831813796316
320.39,-2.435509140564167,0.26546357517272245,9.725391575419804,0.01912382820011415,-0.14868243759585895,0.028316386447552196
320.4,-2.347432325959014,0.018539196570809963,9.75436592767292,0.06501554287775718,0.21594025272160755,0.008784273487044707
320.41,-2.1294109469713853,0.034916316441629264,9.393018667280558,-0.03677598359076088,0.15063930598974828,0.01919303029473543
320.42,-2.283407771591224,0.34905881900402214,9.56282891497071,-0.008354479816466398,-0.0016081426568646633,0.016145278734424992
320.43,-1.9295133142348762,0.09974239166421753,9.516396450428346,-0.004236742355176067,-0.12224141333051476,-0.023451176332110614
320.44,-2.2192320407643553,0.0768814362078138,9.842407096570259,0.024651750986283354,-0.09275260317807081,0.03178604349051657
320.45,-2.52460312900167,-0.2407603295646326,9.995113705624346,0.018395224390928885,-0.026230876188437953,0.03346317239038207
320.46,-2.345893978965589,0.012886423793998764,9.488502843207245,0.02561155894168611,-0.007234750723173797,0.04343946333271545
320.47,-1.8634588005239219,0.024392576792614487,9.284435489478335,0.007411179923010835,-0.07003531718100643,-0.021235407432194466
320.48,-2.162649478953913,0.30226458608651885,9.363560737505626,-0.005722353406125542,-0.14727530755263105,0.014194123151237133
320.49,-2.0762037343578585,0.4231484739084688,9.508658907515088,0.048497906979489094,-0.26843019979001304,0.025284341990340218
320.5,-2.2307906543892866,0.329681964678035,9.48629421912713,0.012269801859263574,-0.2311133978850375,-0.006093403282026344
320.51,-2.096766108256273,0.05232227953931061,9.558952453481995,0.007775566342952976,-0.11959841155701648,-0.03537418360114842
320.52,-2.2305300292472854,-0.1081249417919462,9.471078453138606,-0.028173532730562216,-0.061764760106276684,-0.0037894840882399415
320.53,-2.1216180016638733,-0.03037105868109377,9.824744336535435,-0.0009579462607852618,-0.052266126340849026,-0.028656089745477252
320.54,-1.7197302277846886,0.24504618592384816,9.53576723468349,-0.006955451551535359,-0.19444998807401234,0.047118886141889034
320.55,-2.1579670942273466,0.04809069624129428,9.375999533455985,0.033259076974456604,-0.46471790805121593,-0.001259534223327398
320.56,-1.848191520964128,-0.12178727663236927,9.472333536487517,0.06064670244096014,-0.4087929645137149,-0.004619631932401454
320.57,-1.9940291457653356,0.34082545161130023,9.501468927983662,0.004737879332279761,-0.1706108696086629,-0.007761930656485392
320.58,-1.872839266175013,-0.09965743870112437,8.945256381458753,0.08420032794162285,-0.34803615233523577,0.014302536196805299
320.59,-2.0178538495448772,0.3047940272159322,9.474241249766065,0.02348713202652364,-0.42974480726807535,0.01983743065791329
320.6,-2.0648468521763954,0.16874113036578856,9.564434646377702,0.037092339261485203,-0.20001055458107306,0.03743443860214784
320.61,-1.9780213276943388,0.19107618736753967,9.46742201875844,0.04784491591401977,-0.12117345228732089,0.023994168479982515
320.62,-1.771995252455199,0.13906345168378234,9.626234674747453,0.064135826942972,-0.13380893809899805,0.0007439650507790833
320.63,-2.0477342800634712,-0.025434631543800684,9.865007384985892,0.002057759186816329,-0.02201151833064438,0.01109639138961151
320.64,-2.026520616125884,0.20095394902764735,9.597017384662198,-0.0443248887097619,-0.05937631589534993,-0.026181459579444337
320.65,-1.9251884875292362,0.3383282313795583,9.208998722650112,-0.05705805278634323,-0.05023589567807643,0.01989366119418987
320.66,-1.8062539868335952,0.4392806363359619,9.645036550717037,0.0025302249786390823,-0.22072760235180702,0.007121129033388469
320.67,-2.101292936561295,0.15457025158452625,9.467432000508849,0.009904836282509343,-0.21925562797297526,0.005762908339882904
320.68,-1.8815275682720776,0.22282774368231462,9.530249062116804,-0.012474867458673683,-0.09593410144273962,-0.018332869231051416
320.69,-1.6818851411199036,0.06943674315867077,9.260469892355728,0.030185985195268578,-0.1224975113301118,-0.04384322332177951
320.7,-1.8726856868438009,0.08851852806544634,9.29426748720648,-0.0004818074566267502,-0.13324378490804298,0.0060834120596288755
320.71,-1.4744887420047195,0.14248532016336887,8.54893781224733,0.05755607010783102,-0.4261858103956829,-0.029087625845608863
320.72,-1.6968195127777455,0.14307358773399406,8.804078884320704,0.27053679556506804,-1.3021026563971239,0.044054735478666916
320.73,-1.4792443399063715,0.07005021319953417,8.621457757567526,0.4315895527105246,-1.1393492813436035,0.056671938941917896
320.74,-1.3563980780444111,0.16346186074203956,8.686158381638903,0.3862804824982511,-0.2185577136258862,-0.031158015557549094
320.75,-1.614485588451988,0.41917844858733444,9.205724993945132,0.08826259887251274,0.5650479101126852,-0.05127416631446298
320.76,-1.8006763631794227,0.06597722657506883,8.747482811435559,-0.271225325872861,0.5442897962356923,-0.029654346311357816
320.77,-1.4098240575649958,0.3593575584699211,9.375177613790346,-0.25268686627220455,-0.2622325754466712,-0.009790310571526573
320.78,-1.7673287911833957,0.013014363810682855,9.993214549438225,-0.10304746145607634,-0.4978169113467672,0.06317434445699023
320.79,-1.4625269736467121,0.556802020908258,10.027496614593117,0.061118466191069844,-0.07613204846078392,0.019073313262689635
320.8,-1.7469982821401107,0.21683136673057646,10.178669967648828,0.039650196076223804,0.4126156717291847,-0.014531817876105805
320.81,-1.5400614965177493,0.2645513429260916,9.673046150887952,-0.044322028767646335,0.4587929849092151,-0.021115188152347742
320.82,-1.0788198563962044,0.4104628479575213,9.71721035325393,-0.06350782106706855,-0.21848333371258857,0.013312217122416044
320.83,-1.5152473288453343,0.29827436215425196,10.465604148576336,-0.06953858616085869,-0.32543952627684003,0.05342801659190673
320.84,-1.872652942649783,0.16726351332403894,10.574515794777229,-0.060462680803104914,-0.024830225164083078,0.032619332458529236
320.85,-1.9199031121301084,0.1263158943285149,10.256970737389437,-0.0777356610857647,0.33840797530147343,0.00030122410206784474
320.86,-1.49020028708204,0.09360867713446341,10.614084288431641,-0.08211070575400972,0.3820076398565523,-0.0025771451282740714
320.87,-1.172913601815026,0.48507876794471433,9.741323068484188,-0.02364937191763111,-0.047397680865835776,-0.003465400698289208
320.88,-1.4125512568643794,0.15200940771252236,10.290791385826436,-0.03691613105092477,-0.39125707463128934,0.0067729240300050675
320.89,-1.8199387612298406,0.10185110052280252,9.706677421999997,-0.013927612799925472,-0.47771457634253617,0.008004005210201181
320.9,-1.7191340652375526,0.1316509600932648,9.995318284551788,-0.039082559030434456,-0.23558009493460175,0.03464636502859699
320.91,-1.3088965454392367,0.4031951179206906,10.381932515926879,-0.06620423269049924,0.12725724324109589,0.009479647385334609
320.92,-1.4663578236082977,0.035320444128253387,9.813350354309069,-0.06821435168852866,0.2706729593551127,-0.03737264400386553
320.93,-1.4883774058488513,-0.012610024639590822,9.656200623304356,-0.0015874155590702259,-0.18375706612535175,0.01891539496941398
320.94,-1.5006548359743337,0.21630979901499528,9.390522250574692,0.0630727903173417,-0.5750080161239739,-0.018123237403637096
320.95,-1.309281070478132,0.34027813345585756,9.356908759614939,0.060906362670095186,-0.8734207844236398,0.045853275559855286
320.96,-1.3369907609152423,0.21678783940962554,9.407211454484532,0.1362655229389405,-0.47830974096104634,0.04260111516096704
320.97,-1.2660790883555912,0.12899783627772987,9.728438023656077,0.06284809271073283,0.20609778303074605,-0.06526436093354171
320.98,-1.6625862638158093,0.08601183362182507,9.92102628226257,0.010756762598464573,0.31779444682272495,-0.018193770129604003
320.99,-1.202022478315829,0.05141468352284745,10.119439417223965,-0.09910171348188883,0.01368001103377946,-0.018885146893002375
321.0,-1.666829172486757,0.0794772413198819,9.738578681071155,-0.08474504453703777,-0.20688660230320094,0.013165447886203656
321.01,-1.2804852881393116,-0.018234298328993453,9.480619878510012,-0.05659374987821086,-0.3157625166403684,0.031894106634639735
321.02,-1.296184805273696,0.16370302092499234,9.972936022126154,-0.01745297951679702,-0.1834094265853691,0.03663177945662266
321.03,-1.251555538761007,0.3643155166897798,9.954018840810305,-0.05212337653875946,0.0932602075331956,-0.03886227620916427
321.04,-1.3725952127696335,0.1361646679097924,9.881685744081803,-0.01956901766011257,0.19893032409462671,0.0026807072213236565
321.05,-1.3218839192837686,-0.11755246827223659,10.544929506931409,-0.0774979519893789,0.10577591644189094,0.00316365304676803
321.06,-1.3645641444166998,0.4179850188110036,9.64019315775099,-0.05483853526018234,-0.10398765896610984,0.03823173560099881
321.07,-1.4511535026089157,0.28671272826249816,9.909217373026488,-0.006424014273463445,-0.20468407174640504,0.035635199566473506
321.08,-1.4446649667885643,0.40971444799251844,9.952985206865264,-0.011073659127800686,-0.12157776906791284,-0.01580560917068789
321.09,-1.2298635168600736,0.31131029498710705,9.854507270879536,-0.035718640288019576,-0.11579360704962019,0.039094777596327006
321.1,-1.5555667536277404,0.3583763335783807,9.619760799229601,-0.03946405897505721,-0.08404098162121057,-0.02976540750024548
321.11,-1.6260278950269391,0.0371452108821993,9.739597155652321,-0.03366856622779883,-0.039895944295341365,-0.046183847646347254
321.12,-0.9787432172881465,0.24740926001310712,9.39791314251757,-0.0017575015503747762,-0.2580428820428312,-0.007915877160574339
321.13,-1.341525895695697,0.13806604731937883,9.554631629580644,0.04030260890467417,-0.7206599632263786,0.013176827245833193
321.14,-0.967148844541639,0.07729038505613958,9.55190463553919,0.07683859832597777,-0.478290594930598,0.0182337479837911
321.15,-1.194964686050326,-0.17046639051338106,9.009456878449988,0.010033698240885177,-0.3236704465674976,-0.0031088994442744194
321.16,-1.02075991914567,0.17593667783405456,9.111844679481555,-0.03180231486694954,-0.9021242071608644,-0.017700483377550535
321.17,-0.9919336624708757,0.1995914752969715,9.47720751206623,-0.2101564651103957,-1.571482135419615,0.06452637047936509
321.18,-1.073118202987627,0.3630251221864125,9.343735595472559,-0.36626670315612614,-1.6983777821985278,0.03859472857425458
321.19,-0.8231683776451741,0.2830818635942555,9.778560004105447,-0.3086972054809407,-1.1940641059674082,0.048674994794865305
321.2,-1.0853362783512175,0.09718197371786946,9.753859005983625,-0.10720630095505176,-0.6246259663397471,0.015542270309782818
321.21,-0.5246804039906405,0.34226407743547266,10.028391210522347,-0.08187700354872635,-0.40526261082862675,-0.018696773940263083
321.22,-0.4973933385935859,0.07080862807301178,9.923148785920722,-0.0913054834527462,-0.6475705791779547,-0.0034195759249196064
321.23,-0.9212757308226267,0.11632341970190113,10.374929808162053,-0.16769224932537977,-0.8649541340230169,0.024283753591169008
321.24,-0.5562322315829601,0.2284875001650313,9.742220712310116,-0.19841302192824034,-0.7970133131513353,0.021885586447794685
321.25,-0.6299208519668599,0.014439439345132268,10.082932938980136,-0.11071650498930967,-0.5597943315624031,0.02809968210862016
321.26,-0.7472045412527368,-0.07120703513383,9.60629865120798,-0.04040676678671437,-0.2606816508266873,-0.015809564420905357
321.27,-0.31469796412163675,-0.013402299795084803,9.998592264723225,-0.06712585733737361,-0.1696376284498734,0.0010104890291343788
321.28,-0.28863475100864533,0.004725766035783979,10.000128636326394,-0.06624893723901085,-0.25144214295685907,-0.014260336266231927
321.29,-0.4281200744051399,0.3911464523612698,9.872281635354545,-0.09451912705244493,-0.34507162946594466,0.025736032092651344
321.3,-0.4023800510406337,-0.1049777159328047,9.590923458485603,-0.05609966436540051,-0.3014322925781756,-0.005819028283818825
321.31,0.027351400879608107,0.20716237361675913,9.784085107154766,-0.04070650289941814,-0.19229099136584546,0.003376268318833248
321.32,-0.21937544444525534,-0.14215898419052453,9.535643818226692,-0.013869806107131235,-0.07768960516826126,0.014115031088328185
321.33,-0.17573516939916406,0.19110652441629444,9.71755608834096,0.007597966651574633,-0.009333472986683505,-0.03543129388459158
321.34,0.1780760404531407,0.17016009609763166,9.97072082284451,0.018382841133219908,-0.053731754133575615,0.021114442278511565
321.35,0.0012476102505286843,-0.06145423056486151,9.7714956953151,-0.04008064126228229,-0.11359948054138093,0.04751592309353651
321.36,0.17397411715199745,-0.07545335788997817,9.822518531048878,-0.042369089325013654,-0.04245434220389431,-0.012404309631474528
321.37,-0.053712579319207115,-0.027679552163150406,9.795507107941575,-0.00502115764436057,-0.027624807630604098,-0.026404816979401436
321.38,-0.16029794036259642,-0.05423660261393622,9.965582874087302,0.0011401533019458673,0.03558157615698343,-0.020447549442650877
321.39,0.09919724861746065,-0.17250470519172673,9.904591379348329,0.0103377133538506,0.0383544384657933,-0.01976489261045295
321.4,0.12079647352433304,0.1384406424233786,9.770338917917702,-0.007985269346065764,0.0438830932749748,0.01663707074176682
321.41,0.182810477027736,0.03225152202303418,10.087122818622625,0.010531389205587221,0.005891498883604077,0.04967150675052645
321.42,-0.20724076028034732,-0.3187042049054046,9.848367950622604,0.003141909789080986,-0.017139047367896065,0.04220358714446903
321.43,-0.024301079881808692,-0.1667560861258592,9.727710077211748,-0.03639940786203551,0.008466079552699155,0.0110931832832883
321.44,0.412171039612768,0.0840965267126459,9.418957722112507,0.04663706051219152,0.04312809062874698,-0.010458145369425593
321.45,0.1768839550863076,0.06674292664492737,9.745370342314265,-0.0401685050927228,0.015801410247910194,0.023638281992668438
321.46,0.22226488204904624,0.25177025204858294,9.441307589947677,-0.18995968597592783,0.13457725807892748,-0.09348350129088358
321.47,-0.1743001702066938,0.18251008243150169,8.567448564894152,-1.213584290957349,0.6635306931091245,-0.16970943740613123
321.48,-0.02200970052387681,-0.06359417529771422,8.604830698111547,-2.2971852223991216,1.261105425084944,-0.19995832672002684
321.49,-0.12452546326442065,-0.15917602166368217,9.410126986430178,-2.7494403711701763,1.3319913193693573,-0.19191142841196432
321.5,-0.2959290964171902,-0.7308841332222136,9.769365636251703,-2.481409381496536,0.9253280594611379,-0.1865373199353111
321.51,-0.3890017624543057,-0.34615802742491414,8.216908903230907,-1.5341088869670763,0.49578975221434074,-0.12102973712737777
321.52,-0.3772559624860161,-0.3943949924393589,8.623799572847455,-0.30459099321826383,0.2681229821185604,-0.10967722463188678
321.53,-0.432044318595486,-0.23696589991037836,8.48933115375031,-0.33944145144103716,0.40831373632561657,-0.13663736180773028
321.54,-0.5059273435555166,-0.7195882837520099,9.150454350358512,-1.1992638965884534,0.7140422383796131,-0.10112947895282795
321.55,-0.3828745380634541,-1.0539950519243282,9.996267731945423,-2.0045555749790687,0.7934155220477359,-0.11382779120959836
321.56,-0.2925150916561162,-1.0420030587196587,10.348451079282443,-2.0554452269024894,0.6459904542850029,-0.07518206909957048
321.57,-0.4072682913410275,-1.1786887915451385,10.304121090909982,-1.5523410825507045,0.4543413503282919,-0.03533713455729147
321.58,-0.7316524088602778,-1.2650833252695879,10.867150021906943,-0.9069102122760375,0.29915425719653443,-0.031130152729555542
321.59,-0.5781993004941933,-1.310809742070393,10.904056385110062,-0.5787470786016544,0.2576720069924179,-0.04114041010039758
321.6,-0.6747143258151468,-1.5748881262668222,10.872487183823319,-0.5701952677153751,0.24002475588564434,-0.03332343557422521
321.61,-0.6274047890528319,-1.7652203362034473,10.710416039787097,-0.7684647144630934,0.25395828468436005,-0.03795656003467328
321.62,-0.6741108894442134,-1.8102268937848536,10.45751199001377,-0.8769022233686553,0.23383816250591352,-0.01492737115004694
321.63,-0.8147837334759319,-1.967809302923905,10.189047084321828,-0.6089819633106844,0.16415042831311896,-0.03788249024029716
321.64,-0.8561374923275076,-1.7346701640002322,10.203072562399878,-0.3145993006849374,0.08958408513232981,-0.013714608321339194
321.65,-0.6437203882424287,-1.7431402836415326,10.336906177580076,0.007452188681578473,-0.03330737135998049,0.025935704529598883
321.66,-0.5458326428611339,-2.030850287774064,10.203208740921594,-0.03690460731898998,-0.0005562952749196687,-0.0060717422434767
321.67,-0.814951436728018,-2.075443086389095,10.401911796625052,-0.298503432429351,0.07575055551443029,0.028800941684646825
321.68,-0.9754390857985181,-2.0827093405206614,9.583179063031082,-0.41253739702797737,0.047256615863429045,0.014570733547462179
321.69,-0.769582385027611,-1.8888060890743572,9.922693272532303,-0.27000354644950336,0.028145507541374227,0.03075978559460893
321.7,-0.7883706604598311,-2.4519913250349994,9.97148803904686,-0.001300784221907051,-0.04886923356856393,0.016168107860718477
321.71,-1.1613379672444066,-2.0279095533785845,9.74011729382988,0.20055768652031034,-0.13341738480588286,-0.010329974050096268
321.72,-1.0726738780111014,-2.192871579274339,9.58901036626046,0.10648786771284115,-0.11560220153799183,0.0027146382464628537
321.73,-0.6820180560596789,-2.219450100958958,9.610654830869471,0.002413509254493092,-0.10483329000661419,0.004787649351184805
321.74,-1.156617886175384,-2.210215528218625,9.415653651138339,-0.037876704200231634,-0.09293189604945062,0.040879880249035
321.75,-1.0231688054175314,-2.0392408126955157,9.351940447469014,0.2094134442453538,-0.17943656066887487,-0.006230139422310343
321.76,-0.9719293628670004,-2.2939725881272066,9.596127781960206,0.3189444742104806,-0.20495544588556389,-0.0025457684077743762
321.77,-0.9769086254672914,-2.141331071183507,9.840726349271533,0.1719805282056091,-0.11344983335281317,0.006436876205940696
321.78,-1.0364187378649938,-2.108338582648736,9.65121573918949,-0.028378869127559533,-0.06661511652144277,-0.02762048250338358
321.79,-1.0325965381117947,-2.1394879885106217,9.591057842694989,0.21323196479772163,-0.18757113720131297,-0.038369038885157115
321.8,-1.2709660220779022,-2.2897296123123443,9.498748095206674,0.20379236800917938,-0.13109231568842553,0.01013632798233757
321.81,-0.675869787006908,-1.772128579849377,9.035994050399799,0.2641463025640254,-0.1655060784542814,-0.09161078211561524
321.82,-0.7499787618772104,-1.7053241640753767,8.299717413157527,1.2447686901914512,-0.6293492851179968,-0.07667071901844646
321.83,-0.5432954815299734,-1.736339183793571,7.864515477503141,1.6801485614472558,-0.897783337045683,-0.10394857908166615
321.84,-0.5799934496823708,-2.0930024203827213,7.419974912631969,0.8883174852322833,-0.8756507559846185,-0.09296426455499716
321.85,-0.5747042940269482,-1.9906483639236672,7.499212101082417,-0.28654792277833246,-0.5353105118417377,-0.024198530651901605
321.86,-0.9787474304540218,-2.312029511665314,8.871833653604188,-0.9023359161070804,0.07167450191781632,0.06410622194274015
321.87,-0.5904322329009685,-2.2531241069226002,9.847441969423965,-0.8440978785456238,0.5204292710329158,0.02290461275215533
321.88,-0.7334270766890647,-2.105624450600098,10.208228129955511,-0.39339300035172864,0.5051363270712055,-0.028718899659369388
321.89,-0.7407814381108198,-2.0642194857671115,10.224572364754026,-0.08310832918604871,0.16083479186921684,-0.056879939712224936
321.9,-0.7068067437712174,-1.9549640299970437,10.092073000323207,-0.07251296402253796,-0.08883798459583842,-0.04977977522791869
321.91,-0.7454417679517219,-2.1322972337198793,9.65965733237485,0.31504573220909105,-0.3136178630533448,-0.03969569656566474
321.92,-0.8021361773771145,-2.4589864001226207,9.398197292694858,0.11731838968682466,-0.19061064642004433,-0.06021601703290334
321.93,-0.7419448575935219,-2.1011835164748742,9.015203311770927,0.1966276127606294,-0.11550910250238434,-0.02795424530173896
321.94,-0.9026278820200484,-1.8588419815368649,9.571984266195038,0.06613592717929627,0.02586427511587945,-0.023379829602047097
321.95,-0.41908626007456484,-1.7961468807472447,9.004802182185955,-0.1880298260791027,0.12386472636479207,-0.04390945150991551
321.96,-0.09699224663412548,-1.7134311394822626,9.027259593061881,0.3732149123464709,-0.030621603989904995,-0.009731656142347368
321.97,-0.6767655910666592,-1.7802791470624706,9.51554855800417,0.1745257977024504,-0.030555955358868063,-0.031401397825134555
321.98,-0.40892536991665684,-1.9939871030524299,9.598909217261387,-0.4373526870014776,0.003935493398024296,-0.030756096285398188
321.99,-0.6569124969646204,-2.1606592784985277,10.179117365318962,-0.8551138527771887,0.22236264046981755,-0.021695597386366033
322.0,-0.5583788242499121,-2.329873214044332,10.63475562636731,-0.8040937555878351,0.3474950573751782,0.026526790869082155
322.01,-0.510721512379432,-2.0329941441522874,10.513581320858059,-0.39713692259615574,0.3214484710886577,0.0013989368394076666
322.02,-0.9307902482317818,-2.5493310432024208,10.403334515080804,-0.10791542532431019,0.18683130101647555,-0.011681617146553148
322.03,-0.47644743954585367,-2.0593710959887854,10.676166508868658,-0.03267990782970118,-0.0011067263320397001,-0.010117600176929729
322.04,-0.15115397168339095,-2.151795686646669,10.498181371379172,-0.17150486030214152,0.051591909834513325,-0.0026323766710996425
322.05,-0.6137176687589164,-2.1535953464132036,10.486108810563886,-0.4414645910683902,0.11436552713388955,0.006657529756017866
322.06,-0.927768355196132,-2.3344099033597403,9.976592428530427,-0.39359035067794157,0.16946363834737296,0.028114138020890377
322.07,-0.42486420244702683,-1.6861640705912777,9.766939562964707,-0.1676398265215977,0.1462876913716411,0.042853850444164086
322.08,-0.3860247384528279,-1.9860055932175005,9.335989702203507,0.16492321190617598,-0.0029175997963576065,-0.04808152545213151
322.09,-0.48465983378045074,-2.291434348489339,9.518800087397366,0.7170946691993028,-0.20201705273863896,-0.0252443990784487
322.1,-0.9597806321726597,-2.118935685031887,9.406880213773794,0.4627705838746276,-0.276366511440627,-0.07344929397424774
322.11,-0.8472631396217369,-1.7414441215157557,9.59402775316346,-0.13074794681588137,-0.16252410690236274,-0.021669554091994142
322.12,-0.5484946888433255,-1.9841313094091773,8.320995988444649,-0.28559446825123597,0.028662346437989514,0.013709064565145038
322.13,-0.6404829427198914,-1.8991977472487487,9.092863437950662,0.382796722398009,0.025043857264316356,-0.008955803760678643
322.14,-0.5464586804219208,-2.387669710971923,9.44826142839971,0.4225318083605496,-0.003343477865256638,0.009977447574994736
322.15,-0.5400310514398212,-2.1224775594078817,9.708219954013993,-0.06433050823541449,0.011821971098871021,-0.009629155334797692
322.16,-0.6765929092290116,-2.144369851733035,9.793725758421141,-0.5000398582107122,0.004111531999679945,0.00022607968548333992
322.17,-0.267204537888689,-1.9550958195681096,9.652141053905181,-0.41298184917544833,-0.030537351015952008,0.012731416300491544
322.18,-0.7124524016948377,-1.9973727862312356,8.756683204695442,0.7032286541883177,-0.12193580589012139,0.010129052304653855
322.19,-0.7146468749868551,-2.1852926723983788,8.847656449318382,1.114205729205989,-0.18574925427433164,-0.057575588864393845
322.2,-0.6506529382623909,-1.9482440732783062,8.548256423247368,0.52788889414411,-0.17612502623932608,0.0007792532838766103
322.21,-0.7117956751078626,-2.1984722399470016,8.966354002725566,-0.16901738812924372,-0.1373911806110821,-0.022263635234653648
322.22,-0.47892390247269734,-2.3159096011880758,9.759863127314494,-0.6866644731054449,-0.042866915267814595,-0.019451608678281027
322.23,-0.7689635533086823,-1.7362022911791877,8.799313063387636,-0.374057196930651,0.051846533388609256,-0.001415086610692784
322.24,-0.8458584240075944,-2.1148518737017787,8.639387836010114,0.7092374328584852,-0.006764761300660991,0.009045012034834397
322.25,-0.6819528883833278,-1.861857272536338,9.084480649009592,0.7538293850064791,0.0013635647245419363,-0.054280749729307784
322.26,-0.6583038635946311,-1.922588657757337,9.239752402990762,0.006458459560274972,0.1322573156292957,0.012833237115482305
322.27,-0.16135047423769394,-1.9466066813217189,9.251159721838214,-0.46213178073969613,0.05253229454668393,-0.01610478488111463
322.28,-0.2873122973174589,-2.266867219502704,9.883655937086605,-0.5820771561618953,-0.04011473309290915,-0.04929824965225647
322.29,-0.704490664395442,-2.2854644980632943,10.267346127961552,-0.5095451111222946,-0.027236281136457655,0.013352591097053362
322.3,-0.6395291302847107,-2.3315421206924576,10.28274629710485,-0.3065920870872726,0.03709586457654061,0.011001918630144457
322.31,-0.4487611487980665,-2.248935869936024,10.426842417001987,-0.24378973640173668,0.060054524743728875,0.003915308070460175
322.32,-0.518316052380021,-2.2825343582074473,10.379624117222546,-0.2572801563512328,0.03943476071963385,0.0039602551338897875
322.33,-0.5817703660654319,-2.0948191119791595,9.79387610604269,-0.1969894298145384,6.512846497352953e-05,0.015320669034080706
322.34,-0.8369963205086602,-2.081933058306765,10.332030219627143,-0.1906349020268718,-0.009751352944232461,-0.038348589858478624
322.35,-0.8855177901526721,-2.321370913651002,10.04462738385805,-0.21038826715628647,-0.03951868367703572,0.03392387898596898
322.36,-0.877140197090511,-2.179392125423523,10.015420820805133,-0.23059994787308433,-0.026168227251357347,0.0038263655996013217
322.37,-0.8479350160170716,-2.289756510794114,9.76013693792674,0.12812186624218722,-0.057773077786261055,0.005526950892357567
322.38,-0.7499702133167827,-2.214960855633088,9.724085790269237,0.1800030254441865,-0.10799114708558306,0.01035827727019125
322.39,-0.4788363648165419,-2.074215046879633,9.790068627566,-0.03127110424817854,-0.02736907550533617,-0.021035502689703663
322.4,-0.5923120612919024,-2.4691848697570897,9.861857577057714,-0.3217191546082478,0.010755047272915153,0.0012380855713494667
322.41,-0.4798088772362177,-2.0404446193368644,9.537284567058107,-0.009108434772444291,-0.00892543434078338,0.0024582600087786712
322.42,-0.5793381884198145,-1.9399637808659629,9.57031211599461,0.17359442814595608,-0.04439368409154226,-0.008448534886889004
322.43,-0.5660695155662262,-2.2446676969761565,9.685695628691768,0.20413628653471771,-0.1079962095741505,-0.00709127807866313
322.44,-0.5041198576159849,-2.310933712062023,9.595390895286137,-0.012556814120937702,-0.09175855036119183,-0.011788540746417215
322.45,-0.6774286498856362,-1.9097474819981188,9.80220444154475,-0.19409871716454713,-0.04513317511799776,0.0026028532674037077
322.46,-0.5226079464838246,-2.356966442826688,9.809726276170126,-0.16334435584861579,-0.004164983413905473,-0.011891209192714268
322.47,-0.6801065313927102,-2.4874241808288398,9.545588029291787,0.005818558106239002,-0.05884314865419393,0.015341585660873524
322.48,-0.45852429926739746,-1.9013366761277157,9.532796449058557,0.11675429462039455,-0.06541748260388813,0.01295916314691022
322.49,-0.5271262436554699,-2.271259569607798,9.548994895085531,0.1435133989806261,-0.12543811927438792,0.007425101207504598
322.5,-0.7508624606297848,-2.333246805701873,9.521031534147223,0.2439911557718881,-0.057902631297281806,-0.01447802141116307
322.51,-0.5635598508390209,-2.519103132675871,9.318211935233053,0.20130546708246008,-0.11169596113765816,-0.016470442189303453
322.52,-0.4488819612264243,-2.2932234247943146,9.66721126898196,-0.04425016803893256,-0.02655193461236928,0.006504385419805454
322.53,-0.5278563056030363,-1.991460279639679,9.882968552887936,-0.18265446778132507,-0.0133589783994961,-0.00781637638603314
322.54,-0.5148329273120654,-2.3588432003253317,9.818857566557167,-0.07210926705351775,-0.022589336929738822,0.03939406952093759
322.55,-0.5542382584803206,-2.1809098488620937,9.639260311214281,0.06476342875729538,-0.04556847761779858,0.003570920310647636
322.56,-0.3877190338769949,-2.1853259953276454,9.669595003049118,0.13628433899055659,-0.03776356187899013,0.022374177396294326
322.57,-0.5918462818853887,-2.1395232386356287,9.746455253350241,0.05921208771255679,-0.08768099584188627,-6.387163329589062e-06
322.58,-0.6880314611873863,-1.9741443841168569,9.46604037025038,-0.0170705025983331,-0.040465356076734446,-0.0025036226682535728
322.59,-0.6695010645300092,-2.1608637074765236,9.426366284312,0.11356942472056075,-0.027801026757383725,0.008942231035748673
322.6,-0.5694340989298076,-2.3575624550570446,9.30136146191547,0.11460121531943412,-0.03328994051997837,-0.012554110339453296
322.61,-0.2917013691534543,-2.514269598362968,9.456219158362561,0.004711445780900967,-0.060579513112342345,0.022697056740765414
322.62,-0.49474763635830377,-2.006038787023995,8.872304855296433,0.0763807436145215,-0.043752586193998896,0.0029519799140563414
322.63,-0.6444086514119512,-2.1732300977764623,8.821267929776647,0.5991770520191543,-0.05934311613393253,-0.021879583799106796
322.64,-0.5154128894003038,-2.079676744553751,9.49001003469601,0.39477099610605065,-0.06442059222218686,0.027757183042947053
322.65,-0.38865419776622184,-2.5381319789375123,9.917373674499522,-0.18555761295078704,-0.009913910077006366,-0.008797836192275534
322.66,-0.593121344688253,-2.166692090743332,9.945188046961611,-0.5479689611187681,-0.01987670279926164,0.02016148774541293
322.67,-0.648560585737902,-1.895065724390618,9.319821341901944,-0.16644228147469362,-0.027255262951380095,0.01922489997563462
322.68,-0.655408536435702,-2.1654992398321893,9.87858359040715,0.24004958827394218,-0.047450275674693156,0.0118152115904374
322.69,-0.688959634022527,-2.2867437054239925,9.62498486346482,0.17310929591472574,-0.0311805311379307,0.002201853772762926
322.7,-0.4583785683337368,-2.2368218956718597,9.796246230297747,-0.1313551349817795,-0.016832814625851504,-0.005931482632429156
322.71,-0.21566405483226553,-1.7700794019236548,8.403314100741737,0.2499650529452057,-0.024110332896460904,0.006042124339507432
322.72,-0.5932894649908582,-2.191823246458316,9.365892015771356,0.5274444281313119,-0.030660556078562114,0.025187543476476684
322.73,-0.3896369799405384,-2.0588385298401923,9.88444648180035,0.12226205137111522,0.00924093740468308,-0.05378061112135337
322.74,-0.4730155051733601,-1.9294982759899668,8.249707773585218,-0.026358779010052284,0.007081256195655064,0.028833494239855158
322.75,-0.3822173626098679,-1.9305484690633865,8.918488306046756,0.5993354788213925,-0.04538547308518853,-0.006878042103551587
322.76,-0.05662509801441051,-2.092770954850756,8.999994506916149,0.34931422197028916,-0.033218698786173985,-0.04083105803171612
322.77,-0.39939330028099673,-1.952157866837249,9.70075033977394,-0.37668266532728917,0.04388703193123303,-0.02060619966287518
322.78,-0.2955079705623148,-2.2000526561571907,9.081168326968665,-0.6454036449799512,0.02708039327940802,0.011024898418675292
322.79,-0.49928632875961665,-1.8897654957612526,9.179610627269037,0.03670706104561414,-0.013498716214580382,0.0035314508317799828
322.8,-0.2581362067226724,-2.061289144979095,9.742425211973686,0.1640275292834215,-0.033406123169699736,-0.016658305441608665
322.81,-0.649736405836084,-1.9659612610645618,9.742616481574569,-0.19156484165706245,-0.028842643747198908,-0.018492901881439133
322.82,-0.5696716902803926,-2.169108094219315,10.316424946341593,-0.6078803648329277,-0.03567249092572983,-0.01753401633328749
322.83,-0.20455652329622526,-2.1558749566380726,10.311157176457987,-0.6022307559577106,0.024447820810027172,0.0040676390501840866
322.84,-0.7656608842992362,-1.9052989237836953,9.94644269857775,-0.27130978906825687,0.03487930155581716,0.0002798965990775948
322.85,-0.5122051517480363,-1.8682647605308644,9.827071950921697,0.3771665978994404,-0.06568253478343383,-0.024949889495062293
322.86,-0.3805529313072652,-2.0371062199735905,9.951536277693926,0.31453665131039066,-0.048252586590564917,0.0012833238632686886
322.87,-0.2631867237728963,-1.9527116683490555,8.743556033120603,-0.08039759131357065,-0.025963569587982738,-0.008091131280287113
322.88,-0.722765241866818,-1.9403723639253514,8.395128025961178,0.5926172502450433,-0.07959518288070568,-0.030530124824970736
322.89,-0.5744000571772632,-2.24086883473943,9.252298733270669,0.5826994260442941,-0.03283991670466904,-0.0418084833803174
322.9,-0.23358921436067107,-1.8814564275847079,9.526132952373807,-0.12061112997774162,0.03173496129452898,-0.036274785974217905
322.91,-0.17250213152983598,-1.849352694042914,9.275029117471112,-0.42340309746871435,0.04461182042892514,-0.015279294671432735
322.92,-0.41251261057224253,-1.9353476125554896,9.900454578151797,-0.4502881103386711,-0.008663249321483053,0.022643934521456566
322.93,-0.0643062829214629,-2.0405807960298334,9.008063799222107,-0.1102783849679339,-0.052261506112631764,0.004232068996935905
322.94,-0.6836549052647809,-1.9074622799529948,8.744060979567113,0.9954438720153252,-0.12526803979370332,-0.018428402850448063
322.95,-0.3252353919329495,-1.9405405753163198,8.456750284372493,0.9335936610136601,-0.07269778735081366,-0.06511468263504165
322.96,-0.38129840401641685,-2.080908426489526,8.950417730665984,0.06277591086199799,0.08573778841905186,0.0033253033398413685
322.97,-0.27725961528893867,-2.068051368151379,8.933590238228991,-0.5028947442743907,0.08532782826658745,-0.012377676831327362
322.98,-0.22491855149327933,-2.2138810255578605,9.69458173697976,-0.6402289270826169,-0.04875983880760362,-0.01737684887718401
322.99,-0.4803562873489687,-2.401186036060524,10.284583945764876,-0.4856377068580228,-0.05384367695647571,-0.002173597618117506
323.0,-0.3140250019926156,-2.127987056749345,10.207606963152417,-0.2964059694360894,-0.03711996036201658,-0.0031174092246354854
323.01,-0.35225955995742864,-2.165045468579792,10.34637131453375,-0.30808173212901707,0.020937462583416055,-0.015676079314902863
323.02,-0.3898309789543035,-2.2528571592919002,10.300332168929451,-0.37148262670877247,0.08929203147355438,-0.0071613470761562915
323.03,-0.15543107987673593,-2.01185777065628,9.908196048182758,-0.26037542231036337,0.012787527042727878,0.048129409055707305
323.04,-0.24352481197622863,-2.265765722210909,10.014189906030797,-0.22781572019783541,-0.05280303225938611,-0.023102969358510177
323.05,-0.08925157027343672,-2.106264929603112,10.239184228416043,-0.21959089312055272,-0.030915782193192975,0.0094444886764656
323.06,-0.20669147529332138,-2.0292116965440457,10.022144791105687,-0.24360562442294117,0.024073824616608216,0.008629239284955365
323.07,-0.3591821170044681,-2.2934555986006115,9.501002999696832,0.04460327845251992,-0.021085803034570076,-0.0037392196726376346
323.08,-0.34642834941489276,-1.9914259848371878,10.26855933720723,0.07545300575812602,-0.024459293364700378,-0.03589152757030313
323.09,-0.4103533515554621,-2.4328694405976905,9.782954415954363,-0.14759868395744183,-0.022112585330329913,-0.02671473499614505
323.1,-0.5128793100556125,-2.163749110079485,8.846589837935747,-0.05787599351216218,-0.05563533492407057,0.006829745524592319
323.11,-0.5655114147273999,-2.144650621268546,8.788209523917857,0.6041255167919021,-0.08914472530411477,-0.025072216569370087
323.12,-0.11138685592065556,-2.6369003247167173,9.322306624058351,0.4804806084952353,-0.08087570845639197,-0.04466768149194144
323.13,-0.22461897349426058,-1.9215918800540346,9.44165628001742,0.19225692823877544,-0.053992456015065984,-0.026793064922820006
323.14,-0.33949959162478394,-2.147470085127088,9.646695227724955,-0.2827739165783795,-0.0213945028232008,-0.002979167631312319
323.15,-0.4033004619455104,-2.0348696409463014,9.092811040403593,-0.3927416792244265,-0.01336432184990728,0.002186112041872844
323.16,-0.4376359373318373,-2.295336308000997,8.83760401670035,0.5375497669748192,-0.059000945329139395,-0.0010913149027783962
323.17,-0.46524377677363643,-2.1474684134430775,9.360225632132492,0.6793676917984439,-0.03153279414624258,-0.015262400572234448
323.18,-0.22900500486890277,-2.290035630546492,9.401424985291312,0.053157044849217086,0.019726347104184278,-0.011147601006566399
323.19,-0.6329751470120843,-1.952457737514855,9.669230856120368,-0.28655639252360543,0.021658219434221034,0.007127379114746702
323.2,-0.7133324627994235,-2.002583467321261,10.010033154488035,-0.36851867127697036,0.030493389764020502,0.012088608389948546
323.21,-0.45218888773905597,-2.188687096999817,9.82935325722554,-0.2585710260476318,-0.08017643031839497,-0.006522503719618397
323.22,-0.24190865728138522,-1.76648859717553,9.940674146508092,-0.1307033030690797,-0.0625841841534291,0.02413839287337021
323.23,-0.12427493446748883,-1.9895934832265976,9.97450910990821,-0.08192713750394776,0.013685683993568488,0.00204201649803893
323.24,-0.34956780829285555,-2.1869184818812517,9.684807322841188,-0.12237361901670124,-0.01162771619842927,-0.033291706667982965
323.25,-0.3682992094888561,-1.902605164832089,9.861498655420956,-0.15886229764749715,0.013243470025317622,-0.006950811250824745
323.26,-0.4536562522299358,-2.3586420781234088,10.119149794763283,-0.18807675979815003,0.011637971028096262,-0.006716440927237001
323.27,-0.3789714397377499,-2.141559314313594,9.69640186874169,-0.11238076264495399,-0.05739487806392961,0.02082207596686238
323.28,-0.1501461648771163,-2.19744264383049,9.13305911289891,0.5639968588641896,-0.0647981881725335,0.011320546846367428
323.29,-0.8182790758228693,-2.195819475492668,9.458802307030009,0.6101489920742956,-0.051791283125346366,-0.00359337366927384
323.3,-0.5230375174332274,-2.645048566632476,9.34614270958066,0.06275933898792606,0.01748814556261472,-0.015948261778704155
323.31,-0.3996580352450536,-2.314599980057767,9.89614493175062,-0.5188989351459571,0.03270896260495433,0.014344826781823247
323.32,-0.24155099327314195,-2.3889799714675397,9.203106060713662,-0.2547128698133056,0.007126529352674799,0.008076709546616047
323.33,-0.25783915648297623,-2.247307397508979,9.624433155689228,0.19257973357929534,-0.06338014149369177,0.016208730429595797
323.34,-0.6365057774715615,-2.306534281561216,9.946199323137115,0.20458187068205005,-0.011780651779016223,0.04164979644204629
323.35,-0.5477018280847554,-1.9957235585848823,10.024512531137267,-0.08889889797679644,-0.018482577864154193,-0.0054077383592977465
323.36,-0.30217657163947376,-2.4853920150328666,9.90117974955837,-0.35096306938063637,0.032360638229011716,0.002997919442344433
323.37,-0.2927602863289732,-2.399062146792869,9.85235126543306,-0.24719472382934532,0.014553507420562809,0.016719794113279958
323.38,-0.27350443814617,-2.133198077725188,8.993331749862005,0.2826259601106161,-0.03115697765684968,-0.012429333733557191
323.39,-0.7079872854079841,-2.2072594202220017,9.441491414936527,0.6814406588076312,-0.09475008069292262,-0.028355626430519483
323.4,-0.47282054863651546,-2.389081972220321,9.860558385045698,0.27189854013328785,-0.013436443606722482,-0.041461226510707154
323.41,-0.46103358972956066,-2.035624756488006,9.101622176348037,-0.07373782863683825,0.04492069328335396,0.021107335069407714
323.42,-0.053478236456452694,-1.869252982815265,8.840326869498819,0.5739038542429332,-0.056954926774833575,-0.024150800459363478
323.43,-0.48073227027223553,-2.29218193160816,9.233617375201387,0.5265595685029202,-0.035921397347843505,0.013047556977238032
323.44,-0.3666454424038021,-2.2967112146021402,8.30695210042636,0.13086860735787828,0.0033102831038393354,0.0036618884691122754
323.45,-0.2515171649730883,-2.0222255515107928,8.67270717318645,0.43277995355792664,-0.038676825867449575,-0.01635693555974759
323.46,-0.6096071683441917,-2.5010564343333255,9.653565224325616,0.05408038742453944,-5.9982583108887655e-05,0.021379339616044775
323.47,-0.3630242368563786,-2.004699536414869,8.490216054365108,-0.2692056660873353,0.04426128793045819,-0.010020882034613942
323.48,-0.45178449962663825,-1.7946748015940526,8.743955897151794,0.3774593777708034,-0.036812335645723546,-0.01886559077883176
323.49,-0.11109940046255223,-1.8170428591303494,8.999756670095213,0.23883851995327146,-0.019313704553786795,-0.012693440311044541
323.5,-0.5396272815864396,-2.1067003076753563,9.578536430726508,-0.4117407958418459,0.04962626202123122,-0.04003259345719494
323.51,-0.09442781536940104,-2.4285294896604697,9.666878113788744,-0.7108372220476751,0.0473611350628258,-0.0007240360369412963
323.52,-0.2720283606353864,-2.4509741392236446,10.321802119191476,-0.6434856015858625,0.0029250038520147576,0.035309485132447624
323.53,-0.23832513432304148,-1.8436643023437158,10.071272388269556,-0.2457071672497477,-0.053431091658072076,-0.016419253583136853
323.54,-0.2538168514251944,-1.8794524221225297,10.469246778154657,-0.04889430519451175,-0.07197764774104334,0.016542121362569183
323.55,-0.03792691857916619,-2.3615636447965165,10.349947423029523,-0.22172810712827654,0.009358604496474493,0.011117178525462977
323.56,-0.2911694703842187,-2.0230246483431062,10.467022921836145,-0.44822783637589975,-0.0141810675324075,-0.024976560862300934
323.57,-0.17490686315773735,-2.2751909561179686,9.679563026247353,-0.4815859441045773,0.0010419604353837794,-0.0022303470827390436
323.58,-0.5383849635904654,-2.0595234888196714,10.003031390021343,-0.255393916802716,0.01445653385636674,-0.012122882119415165
323.59,-0.33044036189278464,-1.7655709675953162,10.06405838239511,-0.030136302168590735,-0.03342466561937747,0.01460588340000905
323.6,-0.21472360339716057,-1.80652432442499,8.600086092589573,0.3527971613565078,-0.05894143884471923,0.008147025412127293
323.61,-0.2648985664806114,-2.0844150959778758,9.170226439081135,1.0676816486666438,-0.12567984526945608,-0.06440473452324377
323.62,-0.3091694450465652,-2.261236463880949,8.778244566973601,0.6725777323400617,0.016120252709188973,-0.023999392166287166
323.63,-0.1995348453273072,-2.3445713935544443,9.28996085417502,-0.19856739793935127,0.1193563727246985,-0.01580499008993129
323.64,-0.0014879182117290002,-2.3571035293389353,9.606084793944802,-0.8704864576182418,0.05019298974215659,0.029375926345033485
323.65,-0.11599461791010773,-2.2998539145949737,10.045157551897201,-0.7021140066642704,0.002422370466171664,-0.0006712738738522996
323.66,-0.17215947609936258,-2.2296671102901278,10.14552932583089,-0.1227489174139386,-0.007801376701327314,0.0188022336957288
323.67,-0.30695772335563787,-2.305931918898786,10.605259656121392,0.2908000118048382,-0.06415619713153617,-0.026271795951983055
323.68,-0.4454125793297743,-2.261136720206002,10.259495202986999,0.18588827968395538,-0.06902163409848625,0.015279336019037571
323.69,-0.46558478953085525,-2.279892189269498,10.59802891843667,-0.22130414265047366,-0.008143508152539499,0.02917726501987632
323.7,-0.595804961576555,-2.06454876690181,9.551928327655478,-0.06559487851962426,-0.04396807879862466,-0.0005924845873037815
323.71,-0.34310234382221305,-2.0934404674633744,9.831131767920672,0.17501886420979249,-0.03881069489587571,0.005734607343177272
323.72,-0.4027549825736735,-2.2496363959153727,9.778104645654798,0.04109074413985812,-0.06979306468945429,-0.010032680308377104
323.73,-0.19255979037021365,-2.777877241947196,9.762658281637375,-0.1358639308913293,-0.018988484828507478,0.012529425467411818
323.74,-0.0818570948840471,-2.2745482151477927,9.859333642628066,-0.2006845221342306,-0.03046028385182675,0.014045389929211359
323.75,-0.23174307373748074,-2.092510445387337,9.941036815051376,-0.13298782418431312,-0.01988741725946931,0.015179719030212688
323.76,-0.15858100216180657,-2.145483183323936,9.434434442824067,0.3761786755200496,-0.03140173034541565,-0.010831141203305913
323.77,-0.5168776752332054,-2.075653435989637,10.16192118351664,0.43372222193947074,-0.04438257428155993,-0.00962726167056547
323.78,-0.3640264633517328,-1.988126633638777,9.71980350139389,-0.030774714389416986,-0.00497528310198022,-0.04574605962450193
323.79,-0.09369395011188633,-2.190331616420175,9.422266845586623,-0.136910105792541,0.03131403462288379,0.01576350975210323
323.8,-0.6464888549937541,-1.9121912704416246,9.505115074381484,0.011734303467140463,-0.037100692068027796,0.021454096255684764
323.81,-0.33634598045810715,-2.1372688560590816,9.306303681719836,0.05905030837645775,-0.0384866839009702,-0.004127827126867661
323.82,-0.11466702185086705,-2.1594269276609417,9.650369290564873,-0.01053683576211822,0.003495601880902045,-0.014491227595708284
323.83,-0.10556457512016093,-2.3008845263814375,9.756950565867724,-0.09612407746770753,-0.026107344029404202,0.012361286712651017
323.84,-0.1302890508537335,-2.1637271304630867,9.706172649157915,-0.12710579410247547,-0.006581928446823975,0.008989332054711016
323.85,-0.25344857059572146,-2.3709976007470694,9.036968507154866,0.16571714076479468,0.01978762003907194,-0.03635850173934468
323.86,-0.16434314285191515,-2.282376023610029,9.54244076282483,0.24695138960343574,-0.03712344432459674,-0.04017156865607054
323.87,-0.3381039529913249,-2.2704738795665964,9.501865699616154,-0.014804759113642579,-0.01769335737326912,-0.004226123510513923
323.88,-0.2471958114274579,-1.9355089024791174,9.328647374294118,-0.23859785466755196,0.01754847186589903,-0.02623667069263347
323.89,-0.41441296163372787,-2.029738623636319,9.969305619687667,-0.05393454372468484,0.020510691855383633,-0.02299997212933965
323.9,-0.5030072293740738,-2.2011916433830248,9.273767587820004,0.06725124948649006,-0.03288264732086442,-0.038088216933370125
323.91,-0.5361002163852032,-2.5592823539488108,9.486921775578988,0.09363022610896303,0.0005332612663873793,0.044884110747504355
323.92,-0.42675835550565944,-2.1239158208960216,9.618765201227976,-0.01895435901112181,-0.024007732843118912,-0.028693857407450424
323.93,-0.1626096294981627,-2.2191698592466484,9.764822667991991,-0.12273991236075263,0.009592313257932387,0.034449599642586065
323.94,-0.15013588338762734,-2.194255459794611,9.7158126531204,-0.15017586299701674,-0.0030626846390480324,0.0014187999699752612
323.95,-0.09022562026612166,-2.210265272964992,9.648787379159353,0.02307974113356698,-0.012115852863137152,-0.0018276245783835068
323.96,-0.3775081005256907,-2.363652685248154,9.128069739322461,0.07693121275612012,-0.0017072761914077757,-0.011105000291520688
323.97,-0.2524482740025779,-2.35549912230146,9.402221393683849,0.0402827620019598,-0.009665911151309783,0.037687964042628856
323.98,0.1790548748648146,-2.019281239801035,9.994969168482326,-0.007054428752725456,0.023737446664484477,0.0066089240406575255
323.99,-0.19590918115609596,-2.4108731727828228,9.270833381178072,-0.057615162046665815,-0.018658097209282323,0.020134386489938573
324.0,-0.11412789217254993,-2.0330921318306454,9.749625579127136,-0.004251579808790512,-0.03144095001740709,0.012933114445504653
324.01,-0.5112621688353773,-1.9274051405204258,9.172749335023449,0.0357694441681446,-0.02529975300254965,-0.005433973743031133
324.02,-0.46719772621651545,-2.073149581796299,8.695623394062677,0.864428595182097,-0.037629018548736126,-0.004021532211538838
324.03,-0.26275387834462915,-1.9966195123270152,8.65834135320282,0.7077139274436848,-0.017942099885463213,-0.029783479938145292
324.04,-0.09790778308513165,-2.3822199530310435,9.500112781273346,0.003968455670583987,0.07564988581425068,-0.04721781831010302
324.05,-0.3175056457257569,-2.2883923050557105,9.39340215059967,-0.4878135456579594,0.06600774243531465,0.02242494216916329
324.06,-0.2305770959587806,-2.0661158129827797,9.709938687908394,-0.5085710783191255,-0.024041982677661583,0.050186543559908856
324.07,-0.08324193675946939,-2.0359794242883034,9.742258969358117,-0.14841840367480563,-0.04863863546900585,0.049080746389761565
324.08,-0.4069603110202574,-2.045875149859752,9.464761798861774,0.3810495394223424,-0.059977784655856826,0.013073116038730305
324.09,-0.3585743654319313,-2.0414199472443437,10.159544444571344,0.27339684132982794,-0.0036152150721794514,0.0020403654200401456
324.1,-0.3530648285442177,-2.4430239579371826,9.939690488756113,-0.2250677641477371,0.03234396995263837,0.021983463490574826
324.11,-0.5199022949141177,-2.297085656079139,10.083743182103007,-0.5171965474085329,0.03451723375370859,0.011608130345234764
324.12,-0.1880287936533959,-2.1810635953258717,9.881531687110414,-0.37963629533530024,-0.010631110688591955,0.003473437225794117
324.13,-0.09073603935560945,-1.7823886160737563,9.895630674690032,-0.01779988167963666,-0.033895525623379254,-0.042371415217269705
324.14,-0.18954276507848708,-2.1879540743933656,8.944526475946208,0.3304037880570454,-0.031221897861974192,-0.03007406040165035
324.15,-0.21221242712518718,-2.1067086942630087,8.9592290681542,0.9246221607029937,-0.05869319721117091,-0.04054874365250033
324.16,-0.4068704303285744,-2.2294345488686766,9.191559523553577,0.548890223071453,0.03221745870653156,0.005080342448212767
324.17,-0.10927459954603608,-1.7525847217389159,8.14222089813644,0.07103916446917671,0.08988680507961581,-0.005963407823511806
324.18,0.028946014436686512,-2.046932937440938,8.402614309837027,0.7306959058660147,0.055883273594466924,-0.03910717792697833
324.19,-0.08832750629480535,-2.11988874723121,8.915566924852426,0.5250893019803382,0.049827761680176094,-0.04794231569481639
324.2,-0.4091087128456957,-2.393545811322556,8.84390149543417,-0.291938070604702,0.1390478970273613,-0.020065751657673603
324.21,-0.16754597222411402,-2.341962783611924,9.8453234600817,-0.9080420774776379,0.05974182067704608,-0.017089021504975155
324.22,-0.03540332589864886,-2.258969585951548,10.197956278013576,-0.7946751734343884,-0.11480101038145624,0.03027570473122476
324.23,-0.2779963719515926,-2.083641064245533,10.222504323709641,-0.2787279310667945,-0.05642680520076491,-0.010518255842688055
324.24,-0.03715524131817077,-2.2247865334938908,10.319544878187047,0.05062287647334095,-0.03456217540436411,-0.013966258900711783
324.25,-0.2892515239046887,-2.2099110672768796,10.389339200838826,-0.012512724145132478,0.027361853269903934,-0.02536257552978081
324.26,-0.26266639929453245,-2.1753873286070475,10.085257269370674,-0.3285853933833338,0.010067484111928374,0.03292814860259568
324.27,-0.04631936364606207,-1.9378615954847247,8.837328353903688,0.04502236480407699,-0.05103147735221639,-0.026140515112778477
324.28,-0.36396145000255,-1.9739349228913243,9.432019859649094,0.44267295303953785,-0.05823313103262438,0.004496046326134321
324.29,-0.29072716454853553,-2.5124285387638956,9.736316244367393,0.06840084717764136,0.03042438331205475,0.016993765929563823
324.3,-0.08541590292224621,-2.1207800985456684,9.92058884470775,-0.42762459580918916,0.002960009072271277,0.0028296288568960618
324.31,0.02125189234130198,-2.4348266650430013,9.44265551592139,-0.3196482576733311,-0.008236150318052964,-0.032017660050129265
324.32,-0.1346150728757713,-2.1231770778013948,9.616345108104516,-0.013488691489410745,-0.03273616230925553,0.00830434055515505
324.33,-0.38150226902469625,-1.9567314379676346,9.768296625510205,0.34842597355448995,-0.014571656407927652,0.02892581581429636
324.34,-0.2691305014678634,-2.0807669330712626,9.842153171284052,0.06949983588810368,-0.02885952701719775,-0.03998386663934726
324.35,-0.31655019694209835,-2.2587700182632315,9.789095248447982,-0.3402635527688556,0.0010528377538689794,-0.02144687158360862
324.36,0.10313790313589744,-2.494149000477355,10.077787799802522,-0.5293616622363526,0.00025509254386839146,0.02200977855748954
324.37,-0.28196494466842037,-2.1329648885950743,10.312579367784245,-0.2861683880380876,-0.011828505030176864,-0.016138781612401745
324.38,-0.6069347153882562,-1.9079261494807698,9.897678261441047,0.0445525935872024,0.002113552257900258,0.030886088690961835
324.39,-0.27386776743006713,-1.805406743361069,9.961356154769073,0.15670251105784203,-0.020666008487917126,-0.004844466544549179
324.4,-0.35210005113291104,-2.2612999545893606,9.965502050684375,0.04275423876099147,-0.037041635779189966,-0.038820390188135635
324.41,0.15512346786492015,-2.4191377234175766,9.851826421493659,-0.14601467617549768,0.007065743764461237,-0.0032517414242346295
324.42,-0.10938418142313307,-2.1531978626775965,9.977885193916615,-0.19004326160675428,-0.012525988394195458,-0.017040604620291458
324.43,-0.25386344641445735,-1.9710526341120775,9.486412505962978,-0.06737047090882742,-0.042609253264419715,0.016341134889499363
324.44,-0.3468940207366894,-2.0574834365239885,9.44789286900589,0.10180311331816373,-0.018981816730185935,-0.0021368311184144922
324.45,0.0234329352501442,-2.114037685347907,9.715843001775081,0.12261131736033257,-0.038736121249378655,-0.026034928909806927
324.46,-0.2741327881041834,-2.1178245896030656,9.031575303533813,0.32511621745619984,-0.056852515821229826,-0.030999506482245767
324.47,-0.31960384669011327,-1.9465294646267775,9.593894030357887,0.24192777433317864,-0.003977017191912659,0.011817752740892553
324.48,0.18319572692807226,-2.175378416319173,9.394702840188664,-0.05807779686087318,-0.028565788229394855,-0.015564496913872898
324.49,-0.15588457673096778,-2.3998586651089298,9.675173781487743,-0.20825485681165853,-0.006415022218413647,-0.019283862038794827
324.5,-0.12802143209354977,-2.269658842413067,9.82061981486818,-0.15157372994477097,-0.018679252005984835,0.02197174175999964
324.51,-0.10207336342233135,-1.933698538116065,9.398021300904718,0.07440746352783736,-0.0048819463356015134,-0.00580686771446071
324.52,-0.03564949953130442,-2.1547522321849617,8.751801681040126,0.36438960834210393,-0.010625478308001984,0.006484772568216205
324.53,-0.3810241692608186,-2.2102943370062773,8.424535820448826,1.0134717972905882,-0.09712887392560915,-0.022396415719135802
324.54,-0.2515842837453447,-2.2644130598188945,8.5555100722225,0.6749746621182319,0.010493775108900719,-0.05976083619362173
324.55,-0.2717240177368477,-2.274782242294938,9.122171608921493,-0.21615676649619314,0.06498697648346156,0.02894023291733104
324.56,-0.2033773967318457,-2.2277494846340553,9.789124555267003,-0.7827198827627814,0.05540838524541126,0.009340602740241002
324.57,-0.2777970326009204,-2.1334716235851467,9.50741089538216,-0.4152026840873977,-0.02876741082544072,0.01598813692084015
324.58,-0.1594666466902197,-1.9687481653961438,9.670942317424506,0.16524916168520912,-0.08399248802423492,-0.00015390079231948476
324.59,-0.09291945938663897,-2.511652820784037,10.394567804984723,0.23317396973196783,-0.01746791667340018,0.024406741569651943
324.6,-0.5000252219555581,-1.982632244599328,9.839422812758118,-0.09375592912974998,0.004495806157013652,-0.044086261360253544
324.61,-0.273096471551478,-2.059322083538434,9.979438076185268,-0.4520990567041284,0.02882080305303625,-0.01863874512493785
324.62,-0.24812619522391371,-1.7388419527008898,9.988029918492153,-0.376130996143183,0.02799550359302317,0.021438743203358798
324.63,-0.4748410179999597,-2.0301531326774067,9.60162303770733,-0.014542702618861772,-0.01010290723283603,0.01034655384826336
324.64,0.16476682594381473,-2.103997308873399,10.057180920438444,0.2566322874044046,-0.02022661889417171,-0.02117186587143956
324.65,-0.004875549601695561,-2.04908494684702,9.906561522628216,0.0641459543397454,-0.012486980774495436,0.022180290387095944
324.66,-0.3806204507372824,-2.1637478607699383,9.37952401616323,-0.16860215250655106,-0.004257644237360175,0.020904587021389344
324.67,-0.21582290162539675,-2.016898499748469,9.574632569029767,-0.2669029356838972,-0.019699117783090307,0.002352603189542948
324.68,0.13603862124271723,-2.077848398954843,9.839214004825205,-0.09919397595501425,-0.03266511227448996,-0.03624757512204664
324.69,-0.18021088180463837,-2.012389001772657,9.161011005307149,0.2585997329482064,-0.03673415704680959,-0.0019441360862413578
324.7,-0.02265807324461172,-2.4323945569613294,9.632524931745552,0.3551899876259992,-0.01604073046500881,-0.03139073752383102
324.71,-0.4112756022143285,-2.3038652553471732,9.514295934807635,0.05454651683873285,-0.008617657932841338,-0.025199487767195397
324.72,0.06400150123720746,-2.1132412133858782,9.739080569444923,-0.2848071232689132,0.0105441520974545,0.00684672197661491
324.73,-0.11988521504232706,-2.2477767543699003,9.652178902067275,-0.26013739673465,0.020862099315617555,-0.013981227406059218
324.74,-0.206240259271118,-2.249218573089045,9.685233872279191,0.02175056507521035,-0.0014621636145903914,-0.007684313244065938
324.75,-0.2971212335628676,-2.246668090718539,9.626895494618948,0.2986406332848262,-0.011542980440011532,0.008671315319036189
324.76,-0.19281163342045404,-1.8108567357079488,9.452582022873605,0.27452500192326984,-0.040744901640613625,-0.026469290418974015
324.77,0.02945221400156456,-2.190105657680605,9.259108360782278,-0.02529577227747453,0.030868882052718385,0.022851799083463752
324.78,-0.11546187166793108,-2.0544082236475028,9.146806057883945,0.16284963682294923,-0.03655303033418105,-0.005325950252545702
324.79,-0.20594450901253555,-2.2627759254504127,9.020771778832177,0.16496255144505118,0.0036992825315663464,-0.0005762685111453817
324.8,-0.2536901249667688,-2.0738057826733143,9.276035409958336,-0.055294641802517794,0.010472948441745563,0.005274945716123381
324.81,-0.19507185782449676,-2.238482948595811,9.264098392052771,-0.2291252363533025,-0.0066675807160672135,-0.017770168171328163
324.82,-0.32935841044141506,-2.2459695008758453,8.794665731782432,0.545669290772596,-0.04323930690640284,-0.019045104648047206
324.83,-0.2751200649378599,-1.831469717263577,9.394604386877367,0.5538856222788893,-0.04064610735896189,-0.019475420558609395
324.84,0.008217020333235958,-2.419364775886164,9.468725719304993,0.03445235741577344,0.01795054711490815,-0.008519649455455285
324.85,-0.09861176096813751,-2.25171411523846,9.381333228140038,-0.6044319803749676,0.031059000467701957,0.03460251819328291
324.86,-0.24769573227913677,-2.199984890170274,9.771074056205888,-0.6007062706558218,0.04534394332505485,-0.017116030969102955
324.87,-0.16364054826338378,-1.9746442917014349,8.729504412579871,0.04214327222996801,-0.037464587042287195,0.035744522481150995
324.88,-0.32402443737862563,-1.7049758623790385,8.08190898498071,1.4391011179737427,-0.07436016428195068,-0.025989548112377206
324.89,-0.24222672957720456,-1.798148869128355,7.363033058000282,1.3065185053226869,0.09416793528692827,-0.0620249065401428
324.9,-0.046653613946646494,-1.8312293674063564,7.604954468646679,0.0861874157864509,0.21856243256776042,-7.792453399174323e-05
324.91,-0.15323649462457695,-2.3183415683689277,8.712387173200721,-1.0482833010098727,0.26289668039838465,-0.02783151183821722
324.92,-0.30207121400084336,-2.0691233949034107,9.513314849267534,-1.2464717576889308,0.061985622535235096,0.0017078865731505145
324.93,-0.32515041975976927,-1.9650771380817142,9.816063125565254,-0.7571756819926571,0.007857913108419521,0.009510747148131996
324.94,-0.1262347113695675,-2.2997618902894748,9.966762031696867,0.007561733099101065,-0.04151306095959568,0.011775557093737442
324.95,-0.21612132442995263,-2.030884368574547,9.698252569833677,0.33503601316094384,-0.056249548639480416,0.0048179572114489325
324.96,-0.3367763304174938,-2.1701078038874195,10.104513859689137,0.09004261662598406,-0.001869229928068289,-0.04159854218010948
324.97,-0.14461361883564197,-1.954381904988841,10.30017415627589,-0.4110575999350746,0.01431722534792172,0.004889192224403475
324.98,-0.1861477570377203,-2.3903327630832707,10.634374414066832,-0.726495133534522,0.02552366919333255,0.015714055906687955
324.99,-0.006496727965934923,-1.9692295713985886,9.581973190534729,-0.42245999210581964,-0.035375419950147986,-0.01657472111042084
325.0,-0.20898697014182938,-1.999349305072152,9.755226737039445,0.4732793070249707,-0.07156036949973887,-0.0056396672108537625
325.01,-0.35328697961263333,-2.3592939847139363,9.972189048348415,0.5757847401346784,-0.07225286426445884,-0.029446798698814267
325.02,-0.11195866402319818,-2.1980042695383255,9.947606994383742,0.05894566010119974,0.036387279695312254,-0.02049152403142626
325.03,-0.33452596310882987,-2.071207199314069,10.312686549230426,-0.5860358750477519,0.01954281080828998,0.002595989789715652
325.04,-0.22631665430518746,-2.0378253899421135,10.352101306712695,-0.6857925469511589,-0.027088592577469647,0.01853378240843325
325.05,-0.23008599571447227,-2.456305011489988,10.469789560580173,-0.1926568673190561,-0.06991701379040932,0.02296686729761646
325.06,-0.4264909006432765,-2.2125184708353633,10.268937867659762,0.18947946168953694,-0.04008631156949476,-0.019652198783130553
325.07,-0.06146351597491298,-2.3221009672463757,10.083624732998825,0.4035273064784104,-0.024919006648025967,0.008140444049025074
325.08,-0.033866685189855694,-1.8748448225810317,9.959922858616872,0.1362948849092151,-0.00011058842309655606,-0.0055127654365718735
325.09,0.06523119462843666,-2.1152099413193675,9.858919467470303,-0.23817436849878676,0.021589717019801384,0.00913979513942879
325.1,-0.3254628742796931,-1.970653135231951,8.893528820223887,0.04238049825305578,-0.05513753550572685,0.028834844441919312
325.11,-0.07332022278494671,-2.1143112828367685,9.518915061408125,0.2569734194202177,-0.04043128197395175,-0.0010340116347913944
325.12,-0.017819355720851165,-2.0615439685621917,9.594109069665997,0.13396833884160197,-0.0552881222136629,0.0063973358539773624
325.13,-0.1748924528320993,-2.346858396501067,9.510550023374345,0.20083171013634166,-0.04926654113885533,-0.0023583734040775123
325.14,-0.167622287608175,-2.1473871371563886,9.53321380329084,0.0031977466753611216,-0.031148588587047353,0.021269206956460784
325.15,-0.14785724113516943,-2.025466645471956,9.033516170757862,0.18601942355311363,0.001477944192566475,0.009864208362031501
325.16,-0.27939510268610035,-2.3307490509973934,9.690528607786433,0.17985314366592153,-0.036752244861212854,-0.012792758766117625
325.17,-0.36191110131091386,-2.108202036293343,9.5370796179563,-0.07818008366223714,-0.012012603467716411,0.02144532699186893
325.18,-0.40822851969107277,-2.15826052542744,8.545236815150588,0.0016553091956463817,0.013377286555858127,0.038281670905933714
325.19,-0.27516553193488047,-2.0806111823119817,9.23929811602378,0.7213671381412979,-0.06166638798543472,-0.03951334666012191
325.2,0.07859805336930756,-1.8243612685004988,9.076102216983381,0.5344997925714783,-0.009511562134421128,-0.0034164040105975207
325.21,-0.3122295005379938,-1.9380843032682855,8.809589656191635,0.17087932754211071,0.02269830639989847,-0.039194055132582326
325.22,0.14210578393627066,-2.3583970231426954,9.364515944834151,-0.18330724421856587,0.049940898676352805,0.00371022079695333
325.23,0.0214360116119533,-2.2459564635386258,9.686895684606755,-0.33699193126734295,0.020899428743029625,0.0014549424778795249
325.24,-0.11953691837707628,-2.373211709078334,9.85677838965083,-0.3169191156655522,-0.011065194391225476,0.025771178163516692
325.25,-0.12734198560049564,-2.312727708329136,9.91678037183021,-0.24602526366486965,-0.019038710751013592,0.016811000757480425
325.26,0.07588180009489867,-2.0166408488258885,9.941522595237773,-0.14100982591163486,0.013206176682694337,0.008717465544658787
325.27,-0.19400187051699805,-2.2219141683714794,9.83999450354414,0.018647519579616106,0.010929549313264909,-0.00962984021281795
325.28,0.15540713639200404,-2.4189189626009955,9.760083356896253,0.057395580994646124,-0.00023278097848118836,-0.021685325402554453
325.29,0.008203463606086453,-2.203080445510159,9.252493121904415,0.11331426863760868,-0.013256947288587761,-0.020760828724369323
325.3,-0.35704193437348414,-2.2278055647896315,9.73091777080678,0.013422108465693174,-0.006669089545583092,-0.009048916311670038
325.31,-0.08840674197230022,-2.1461537826668593,9.968295559439175,-0.29037095364872517,-0.0060299095340586775,-0.0077525326997696965
325.32,-0.2846391769072718,-1.869464749118881,9.694339552110842,-0.13341729310136732,0.019034287537393342,0.015159421270381106
325.33,0.11159202399407309,-2.02446338584881,9.66272886797653,0.15278119389092737,0.03643675187329033,-0.023740661479022672
325.34,-0.3279736226190303,-2.0421672746880204,10.0500405411545,0.015430535296583498,-0.012528086063769437,0.000985109434742941
325.35,-0.1932914704057321,-2.1740402392732388,9.718989185771559,-0.2917819917719675,0.0005641935100823268,-0.03772564711206716
325.36,-0.11908621802200366,-2.1309884852250205,10.336246896187308,-0.42808973987434357,0.02446869173812232,0.023055457710002475
325.37,-0.0067947471052670905,-2.2184641291550826,10.304458859003017,-0.23208867075917558,0.006520873555042921,0.015856763990481894
325.38,0.019889607626114858,-2.2233544968611247,10.130885099468069,0.01651494851638118,-0.013840540817915602,-0.030163223291113195
325.39,-0.07971367207361431,-2.1408386750787103,9.72752822900765,0.1877969335410414,0.006361736325527443,-0.007754119992072505
325.4,-0.19602299698079106,-2.23071009098343,9.735685967154138,0.13003462381291078,0.005904908718974852,-0.007107310494381649
325.41,-0.6037802985236453,-2.16822205162841,9.772551514085793,-0.13452384287231306,-0.017582957731889223,-0.02633005006772559
325.42,0.11639387265952658,-2.3504974938030316,9.885291925268357,-0.2394823839340452,0.04962972972991674,0.015695773888841975
325.43,-0.008422676338481982,-2.2475220883455096,9.580418673677155,-0.14925151866580436,0.0057774616165556835,0.02978783051640945
325.44,-0.2540473004582152,-2.2069321120099565,9.54530508750821,0.0739851226147925,0.02029957387745623,0.008013463154294867
325.45,-0.28170772811437833,-2.261803307023932,9.256107262404571,0.6547545605399325,0.017747094113368663,0.007435998680048069
325.46,-0.260393216211637,-1.8819524077951015,9.45470359345678,0.6348770647103833,-0.0038889856780795727,-0.029458351787545654
325.47,0.023207401224555307,-2.4372066095547895,9.701029190844428,0.037592356940024683,0.012670206349466829,-0.02875210675396461
325.48,-0.13319389342422217,-2.2790767410643404,8.565829732919436,-0.2717369271107034,0.0254088384249087,0.008526089466891602
325.49,-0.20909070674870786,-2.0723125055111056,8.892662033359821,0.2519012275159924,-0.021044289922367017,0.014403870181058789
325.5,0.06286217711609321,-2.164092853572897,9.998989250046456,0.3165484537377456,-0.05085774267417392,0.0050452299460807416
325.51,-0.10734142470373675,-1.9011149540638463,9.137671567363412,0.45049504482110103,-0.024956565402606507,-0.020612084498408845
325.52,0.22489277724230322,-1.9975008786317623,9.150553214892316,0.21831577599634036,-0.018464953897917583,-0.0213957930393961
325.53,-0.4163652800988108,-1.928648847515026,8.528456125005675,0.028580229761398766,0.025022359564953044,0.0016071317788867731
325.54,-0.2981021971628628,-1.827293611920254,8.609618642509203,0.793826099735843,-0.03454150621602239,-0.02666999019191861
325.55,0.040748783096209634,-1.8190628468240053,8.60223285537573,0.5968064135132893,0.03231199958363155,-0.015694285771788895
325.56,-0.01583943480492389,-2.166209027022162,8.140412366292177,0.14469685233751553,0.0716883092835678,0.02037609250707475
325.57,-0.09712132721597622,-2.0551541325439366,8.643924650208515,0.3956449195988311,0.11722705934698109,0.030045343107698852
325.58,-0.13220962924882046,-2.0423516056161373,9.033461904074256,-0.08652977303204931,0.2122484142734256,-0.004677545564120663
325.59,0.08407683807176064,-1.7782045260871309,9.043162880466395,-0.46766007978631674,0.11101455616194435,0.0038334757885341263
325.6,-0.38120382726995183,-2.189965810198934,10.09964129739633,-0.667719739825786,-0.0147208592344999,-0.038476739549079084
325.61,-0.08650445084012598,-2.2332670093856533,10.438495151278033,-0.7025726205204521,-0.09944523179154156,0.006377661383285398
325.62,-0.29956319003437004,-1.787145505300192,8.908771324777241,-0.1583666808445548,-0.1442533972127681,0.03407098227037259
325.63,-0.4748076935602508,-1.9396777436222241,9.071340986050279,0.7896033453140168,-0.11814218152062356,-0.042855384637337054
325.64,-0.40257868100396943,-2.078566260883095,9.146088363457599,0.7083448846695535,-0.04105268656483879,-0.03127872288811574
325.65,0.20013276465393393,-2.379302868235623,9.450194346462913,0.5417857930500615,0.08612275635816447,-0.024359896916238744
325.66,-0.2900184718075255,-2.1447436094121586,9.197812526110049,-0.3063770156995343,0.23678712251741044,0.016895980051698675
325.67,-0.32249738788306337,-2.006541935420988,9.762386251081752,-0.9233016252572235,0.21784868897557416,-0.0006864495339357398
325.68,-0.07400545554307553,-2.221581918891817,10.33222669001821,-1.0061443719602394,-0.010908363208974089,0.01447237336796321
325.69,-0.0723743803910959,-1.7335339302302686,10.057385693804681,-0.5888886241692401,-0.11388050987636596,-0.014553755326812686
325.7,-0.3478840194349588,-1.6439640359284107,9.724063219814592,0.5384798033542241,-0.24105584324439966,-0.02379203702438255
325.71,-0.0018726891009585023,-1.9308973998011512,9.124554295708757,0.7365879638878015,-0.135895945590902,-0.011588884475293715
325.72,-0.45246402777194356,-1.6367697361359326,9.058172005023913,0.034852379351953226,-0.035995897902441704,-0.040242817714578424
325.73,-0.3303150471858991,-2.0974439691422844,9.661295849099291,-0.8236355981337204,0.0532783816969508,0.02061532729024545
325.74,-0.012810957451470817,-1.9241101041509872,8.278423671306351,-0.8013401333799759,0.059354707894917175,-0.004531838360071334
325.75,-0.4652117758876001,-1.709475329642752,9.264678527022435,0.15680096625844767,0.0007483362578357723,-0.0169131194917769
325.76,-0.2873876390884514,-1.908864397600217,10.061579267075999,0.30286220227480093,-0.030109215154004755,0.001968391563149513
325.77,-0.032997644513260344,-2.456229083278058,8.978408270986854,0.2814212315646856,0.022953284562643988,0.004523566693728023
325.78,-0.049805010630791985,-2.0596317856481967,9.085602964981554,0.9231558085054744,0.09256978840364646,-0.02712160596919456
325.79,-0.26336975643529154,-1.8094452953921043,8.840486744796058,0.5321458563394607,0.2014450338093531,0.007499217558904862
325.8,-0.029769737829065168,-2.085142288177351,9.313104129526538,-0.4515532150512642,0.2982331186012069,0.023212212092072672
325.81,-0.43901337943704066,-1.9781274799026576,9.868319437305445,-0.8734477967663045,0.22492533466695386,-0.017366022126955902
325.82,-0.36676400963273365,-2.2946168832452596,10.477258440231807,-0.792609549363769,-0.02713796296442713,-0.0366381585301139
325.83,-0.2870753217024675,-2.3441026927033812,10.675610121121371,-0.5251476457833517,-0.1962318020149851,0.03436232814889233
325.84,0.08121534189568724,-1.5823857065504534,8.563562366303906,0.6688960340238761,-0.22951251399059033,0.058796102647509854
325.85,-0.11882890411335369,-2.036594663253084,7.800194106548799,1.677569073192023,-0.06333997233509359,-0.054401847560375284
325.86,-0.44045290661268854,-2.093301018178903,7.557524298945339,0.9774746645548024,0.19961454370031695,-0.03721892277208881
325.87,0.06323487052059618,-2.2126211460263168,8.023189405698332,-0.34922399924213177,0.38277437630556466,-0.021045293671018504
325.88,-0.22574802988442952,-2.476972061369831,9.725765916502851,-1.3560174932079643,0.3623391269429346,0.0075394514881147005
325.89,-0.0744008047427302,-2.271000450784401,9.485231854205669,-1.2964482509522113,0.19708387006670722,-0.019237379978927754
325.9,-0.01584304860418262,-2.160507912741683,10.39344009260493,-0.6609530653965596,0.016947509439730373,0.007649441311336179
325.91,-0.23573315714597287,-2.1696497372359054,11.140019053534186,-0.3205687178320544,-0.13621736550325686,-0.014473353617943583
325.92,0.07303653142657562,-2.501539678351117,11.259068725648339,-0.2577867710655763,-0.10549330793540698,-0.010850018451266298
325.93,-0.2964282442984635,-2.1445053935957095,11.401618578683072,-0.4435834020867397,-0.12719987267563543,-0.02787743491379848
325.94,-0.1849192626893036,-2.4202438264995876,11.185499670374071,-0.6608701634977999,-0.17058057666307488,0.03814360134778588
325.95,-0.23269330899782634,-2.4791567365387737,11.62195233063156,-0.6490422596475891,-0.05572107406287782,-0.004352543976090898
325.96,-0.5045508306848503,-2.396833385818294,11.005846223968634,-0.45131979560105534,0.029191254581379243,0.0036839059672451086
325.97,0.0018037962102654959,-2.378897082015622,10.638113941917673,-0.22317292678180803,-0.010105487724530255,0.0031469560049967532
325.98,-0.3015791612949563,-2.416555625325262,9.846274240195473,0.5672805120687496,-0.1305300752726045,-0.008550003072201825
325.99,-0.19687633232342341,-2.483057455618295,10.085262994264468,0.5932977066668577,-0.11230869416553646,0.025046919840794567
326.0,-0.1455143196198148,-2.4577771451556205,9.758763421636765,0.08872317118788706,-0.04861459918863873,-0.02955605955515003
326.01,-0.20415103144191515,-2.5030959822068284,10.27008187137501,-0.5392594561321442,-0.012908902323826951,0.008117039440852573
326.02,-0.5104408023864473,-2.479044588767521,10.701136892003532,-0.594166551281544,-0.04772672465429503,0.016807902584955587
326.03,-0.5763379374184048,-2.2975802340839167,10.64059785861322,-0.19686501080225044,-0.07108375723860622,0.03215654797367991
326.04,-0.30071847734060686,-2.301255140631414,10.798968627205815,0.20440652025543127,-0.022306265745445995,0.02047952537485361
326.05,-0.09401818914921123,-2.530039658113222,10.54472868033758,0.28306852458384196,-0.060417498773777105,-0.022974824562446212
326.06,0.12349782220130004,-2.357520057114494,9.546074862879598,0.21393902655794458,-0.08657142412830801,-0.01058972442023464
326.07,-0.11671725011014547,-2.414302089393289,9.423993929450425,0.6446031284833706,-0.08899730187157245,-0.030107091704379432
326.08,-0.5609223934614271,-2.498276300842638,9.856475082023163,0.4996466112910523,-0.041859189417168756,0.009482777290666723
326.09,-0.5682723549889427,-2.5796752056360703,9.452939041484386,0.23895374458816454,-0.07069207672756589,-0.015441245579317758
326.1,-0.23305212696899347,-2.3931035726547294,9.846020088775013,-0.08142819949869683,-0.011374652591082089,-0.02041298754439201
326.11,-0.12701811677609845,-2.483553136997543,10.137007617685288,-0.186443056777085,-0.04209006958820446,-0.002410948244222972
326.12,-0.13634607842671564,-2.0834462411191526,9.357071505638665,0.35380013517340025,-0.027144530432310042,-0.016557135468970398
326.13,-0.1135259938296752,-2.321453636181344,9.141626529379216,0.7882228646864071,-0.07174919705241686,-0.00044741679809407776
326.14,-0.2881697107581546,-2.637715028301671,9.52872311380773,0.5180445056253302,-0.021402379186451933,0.0017149931567495228
326.15,-0.08287765442594275,-2.3298068051607452,9.232132711298059,0.16513885854357235,0.050867071104264354,-0.012705298029869234
326.16,0.06973715038911849,-2.608124696638099,9.677968086607706,-0.2742865384507319,0.018301635648201652,0.022959028726971996
326.17,0.09825587667723412,-2.417420518889711,9.851194482734892,-0.41808540392435334,-0.013697093213348166,0.026024484556336783
326.18,0.07617841651725057,-2.5102242393107774,9.544898874980335,-0.23120649103130997,-0.019133922841107896,-0.026961294637565525
326.19,-0.4486126937508503,-1.9299938785224122,8.911260059693518,0.5882859747253552,-0.052497040035244316,0.008898417336957464
326.2,0.035364330067333416,-1.8289424492278465,9.413961313705553,0.9637246137054537,-0.005228029227984352,-0.02273860416362114
326.21,-0.186007206294073,-2.1912293137107928,8.468083556853593,0.6037970340227542,0.03406543116272548,-0.007223781752043245
326.22,-0.21989910248469233,-2.120183396687237,8.021130838609,1.2504294805149312,0.05690201045511724,-0.031782553739942446
326.23,-0.1420061467954694,-2.0161306859612274,7.733585438630918,0.9770050421520157,0.19613013181821376,-0.05704520391831304
326.24,-0.12440901207646105,-1.9747092924344374,8.299482452018186,-0.12899195655015339,0.2808091527421098,0.0015694313939123043
326.25,0.019261422453035137,-2.20410416789983,8.973138865485899,-1.071416318976666,0.20855948709042782,-0.014370124199614243
326.26,-0.470239096705769,-2.0428977564153668,9.85299951523538,-1.1612233017454012,0.029259854706305776,-0.016807499449448045
326.27,0.2040064391034376,-2.1745625945668237,9.788425835800371,-0.4692087146662443,-0.055522004595800895,0.0087237857143493
326.28,-0.1600970072391159,-2.097134413343489,10.071967387048083,0.12165152540378793,-0.13449985389969896,0.014306806062069334
326.29,-0.40773663900422563,-2.1585251818603313,10.478741871263248,0.0683994123706607,-0.049012179837345744,-0.014796061099958277
326.3,-0.3444466571764576,-2.3217288973407006,10.589467706411279,-0.39929016167929804,-0.02568790043608066,0.020798405083859797
326.31,-0.12746926418595955,-2.1846791241791688,10.36052771968592,-0.5984962432173029,0.055983724873839125,0.02656032526204022
326.32,-0.42508561932222955,-2.5925965524899075,10.293007746964896,-0.5218808586317878,-0.017870694821651177,0.04327943729994754
326.33,0.1558430968337711,-2.3380586973417388,10.413696377993112,-0.3111696650445235,-0.07750192899468253,0.007193550526819769
326.34,-0.25429398029574085,-2.2484656112716594,10.20259048649376,-0.13633021999997114,-0.05628185392158099,0.003104609453545689
326.35,-0.3187856618135543,-2.27352237856068,10.266222202768752,-0.14409841377472254,-0.029646918591098647,0.006098508150305001
326.36,-0.4801540394777421,-2.10947885435009,10.279137473112636,-0.20947592271998966,-0.024438890817787485,0.01621744690154047
326.37,-0.3645119362401198,-2.3861266484130352,10.288712428160775,-0.20650173054612253,-0.002461129373917674,-0.00972558931773926
326.38,-0.2422727632355351,-2.1991540013793287,10.123703754668574,-0.14220835184277875,-0.03325056289575032,0.0012085123783195035
326.39,-0.3574156059114795,-2.069169686695683,9.912146500390405,-0.05476537860061842,-0.05130092818271429,0.04542995812115042
326.4,-0.2626357717042438,-2.3707800560395333,9.28476367042081,0.10742445231352854,-0.02333096553617305,-0.02509278528138452
326.41,-0.04914255962368917,-1.8997044060836823,9.5335443890725,0.6626161573350131,-0.08411276665316456,-0.037255076919837524
326.42,-0.07838231660275777,-2.5530952142983825,9.893244193831672,0.4577515412863503,-0.10612817996883186,0.005124488692289575
326.43,-0.2963037241102694,-1.9704070548834909,9.476358796655886,0.18827161928802238,-0.01490995495344739,-0.016255800427851397
326.44,-0.2287741740613632,-2.088439110533186,9.911487558446119,-0.14877782569861045,0.008067266772309501,0.017222878309457366
326.45,-0.04729984898006781,-2.3768439623607978,9.59622175657059,-0.2969981821850954,-0.026999042826148494,0.02998518313965297
326.46,0.3731315602984294,-1.999474934803942,9.133133693498126,0.17569107304078493,-0.025504214527744682,-0.015375600351695488
326.47,-0.5756429433851105,-2.013313538387845,9.583591408480006,0.34595535739015476,-0.03932120194710064,-0.01735811473991577
326.48,-0.06260173487078059,-2.3161967568874933,9.767579945379584,0.0735912599080468,-0.038820164865291065,0.014506969899130313
326.49,-0.13790149669405227,-2.0993760486780957,9.456715335267738,-0.13786411468728324,0.0304941584221137,0.01890653807097524
326.5,0.10549383278475877,-2.3945107281273117,9.97621180850329,-0.16241865129545136,0.046817544337896415,-0.02232825464627926
326.51,0.05097741230794273,-2.215062149028551,8.986263106832746,-0.01884641495465266,0.014120322474357124,-0.04996188754187028
326.52,-0.16220503978507916,-2.0275652339033194,8.84124377875145,0.796902836164775,-0.024716031945710842,-0.03163423784543491
326.53,0.05927766668254994,-2.1334645083427133,8.307781664225677,1.2416348360275076,-0.04040425156031817,0.006342780986292631
326.54,-0.005114399977864337,-1.9436399812769456,7.759679799123725,2.3488948023339407,-0.04720990310543778,0.002649218367153379
326.55,-0.015334560620481136,-2.119816329039201,6.774243482458116,1.8881528204981421,-0.048128205478146675,-0.020095436204974004
326.56,-0.2359922815675824,-1.906059588950963,7.033129080365768,0.26860008471846986,0.03878326569886034,0.009035038971532548
326.57,-0.30019599010578957,-2.2990649271890713,8.388586549538601,-1.3074885299971417,0.16422299624046313,-0.0045922575638645165
326.58,-0.0014379789386310404,-2.2838723429826144,8.8956063888942,-1.8351504493890283,0.16528557375105082,0.025843521906433374
326.59,-0.2406286467639854,-2.2855956936107633,9.32195419669389,-1.2908934877788292,0.15061610755629062,0.01916840543257045
326.6,0.06684256975026517,-2.028569785136203,9.729346631628275,-0.35045428129978534,0.05614501817774414,0.04238591857722614
326.61,0.026100558305058585,-2.3416181995931447,10.520602120052285,0.07404977230306033,-0.03126596721277923,-0.04945338078475677
326.62,-0.21049997930988923,-1.5857825462358657,9.49461132460871,0.06896768001411119,-0.010491296394892186,-0.012068406145701132
326.63,-0.18528945876679825,-1.8936615204855236,9.835147863744695,0.14414824840371843,0.0029842329391654397,0.015198041143569672
326.64,-0.2547084167042982,-2.0760962496110875,10.027887169375202,-0.2242688770146322,0.09009894722270796,-0.004305982212238676
326.65,-0.3952342719796371,-1.9218358758439669,10.484939160879195,-0.8003474547024877,0.11864100128097248,-0.01460942609417024
326.66,-0.4197804066535178,-1.7928562964861943,10.446417289408467,-0.9552417182870816,0.01397406813932067,-0.01465526507460603
326.67,-0.15357302586440602,-2.1403991654653467,9.788874144114349,-0.5281573441325845,-0.03095009201810362,-0.03379921712050995
326.68,-0.46546130431025157,-1.6566734811012311,9.475425071091266,0.5919312471771698,-0.13813411174557846,-0.05130796876555194
326.69,-0.060605428223194785,-1.969204180504582,9.713472653520135,0.7142378408680323,-0.07371610381446078,-0.0286586040353514
326.7,-0.30928693386608597,-2.0917475763622604,9.441119260022704,0.07113615464935934,0.00016863012671742075,0.006758723600259867
326.71,-0.6031847804924797,-2.1478102129474173,9.746054800396164,-0.5898245142639847,0.03538405461310439,-0.017381782160323843
326.72,-0.22256790385989067,-2.324603293727579,10.531588239590487,-0.8155927390629929,0.03362155949252696,0.011643142647091561
326.73,-0.15903283179300276,-2.2375909844772988,10.178891688178155,-0.44107525186510865,-0.01445531154196773,0.006521941530271733
326.74,-0.26804231475564244,-2.2864536493407726,10.656280707445653,0.0026925930638525553,-0.03090899686277665,0.020631867276981873
326.75,-0.24205158689994807,-2.008146993358502,10.6316154555796,0.05208682572704016,-0.03434988734458738,-0.01670253935319989
326.76,-0.1279024001565237,-2.152286173698615,8.844633148130576,0.0913706848690398,-0.028616124946678347,-0.00950842544848951
326.77,-0.02878276071164193,-2.009924426651038,9.394956814786795,0.7758251941001723,-0.03874876524195931,-0.044148579454490605
326.78,-0.4564815500796249,-2.261253385403314,9.502155260649193,0.5034310730117091,0.018955718068570243,-0.029057724297342803
326.79,-0.15476431725531756,-2.243734839527073,9.866026225966687,-0.2589021973819281,0.07072590863861057,-0.02864713790288957
326.8,-0.3365089691888672,-2.2240663525084083,10.011331026162324,-0.7464911551724384,0.02884459468469076,0.04425327176055977
326.81,-0.23158976567543282,-2.261023084022068,10.445936202685342,-0.6325826457429501,-0.025002797323139293,-0.005954471977255939
326.82,-0.23180509357219772,-2.264994519649413,10.56038439422233,-0.11446196449013087,0.019290359634531462,0.024222897041769467
326.83,-0.2603414054593592,-2.2898987267324293,10.395203591038033,0.20084337168822283,-0.03743590324734135,0.0005687593116111118
326.84,-0.367871243852477,-2.263402938641929,10.297954238735757,0.11543209579355822,-0.017922533433595487,0.010976863351279655
326.85,-0.3502399430078644,-2.4133268392920817,10.055432618483152,-0.15322901891728116,-0.03999551080804042,0.005250813061922293
326.86,-0.09898982513146218,-2.0548695405747455,10.249863535646574,-0.3059500568615226,0.00786447759203997,-0.018656641839769787
326.87,-0.1389621191137959,-2.3040754859405217,9.87929624668988,-0.16304588417076277,-0.013640896623677706,0.010978583017311833
326.88,-0.248458020941611,-1.9442181497338566,9.837079380544196,0.07040951829275396,-0.02884482320136658,0.024934752608447307
326.89,-0.3047008889082231,-2.3050910873604042,9.77451381471485,0.3411540435400607,-0.01907240460334491,-0.012907644458052132
326.9,-0.14637247842778345,-2.393370848813806,9.957821110000676,0.283268782469438,-0.019759937250037007,-0.0027580347588705804
326.91,-0.00379075266736012,-2.1823416850062314,9.052067512188914,0.16424052875652098,-0.0465113236499455,-0.0008247593940374585
326.92,-0.08550662222252477,-1.879457612644562,9.092298554045879,0.8825338219400548,-0.06036378411317414,-0.019401583861887152
326.93,-0.20252909542903372,-2.366111773997678,8.320063772118674,0.823912009726081,0.0016290520696699597,0.007000906634846508
326.94,-0.07154467946619338,-2.1193249908926957,8.114090069611477,1.2406066795146389,0.04421138308797283,-0.048739709014275004
326.95,-0.07382582839489765,-2.331371391923302,8.077519066397203,0.7014466976727143,0.12183926024788991,-0.04727275116676101
326.96,0.012772597018164883,-2.2034166841871623,8.679089244965722,-0.3798855508051586,0.17747702620515884,0.01775196100219982
326.97,0.1070587918274391,-2.045692727601703,9.367963956270307,-0.9803055991036596,0.10508642734962918,0.014720000565376281
326.98,-0.27465692825974325,-2.3999358251360814,9.903106584813397,-0.7880224106057683,-0.026139043887445108,0.026987103941310785
326.99,-0.0857701375479677,-2.106082167181059,9.419097116843275,-0.08361998214353569,-0.08757445563708198,0.0030628637560447076
327.0,-0.15835877916496802,-2.0036621365878515,8.740134852142004,0.9702869648410669,-0.171650115759186,-0.01710415681553977
327.01,-0.16122877412547493,-2.0226540098711188,8.750192684813442,0.804695963551369,-0.03737697271611552,-0.0516472396875329
327.02,-0.09158112275122418,-2.1339463117207544,8.777921499618659,-0.08858377198999681,0.05719080506069182,0.002050551475794197
327.03,-0.2211622426182517,-2.2994319431807293,10.166785402615805,-0.9125076408588155,0.12147333793184913,0.007010814264833361
327.04,-0.5084603369380754,-2.066682753408755,10.176319182339663,-1.0437617794582779,0.03148572355528642,-0.01024254697977715
327.05,-0.0837648729080373,-1.9639427217954912,9.185869827615765,-0.3329897469406067,-0.03178322756107656,0.015626108979215243
327.06,-0.18345797214497922,-1.8277020682384455,10.126575665725374,0.24070584506068815,-0.06185981487566065,0.013101825205820214
327.07,-0.10943252746680589,-2.4480755985610934,10.334576943921224,0.14089279281274952,-0.05412349693751429,-0.025920507069794922
327.08,-0.16739867780431014,-2.0515700992235004,10.123728007083768,-0.020756047714094217,-0.030941586584807168,-0.011138273090317098
327.09,-0.14254429318330203,-2.117730958550284,10.16176183590832,-0.37590918081248087,-0.019363957538098327,-0.006296543650635912
327.1,0.13601613329046602,-2.3988161235238046,10.160841752938921,-0.532803650881295,-0.007092747597134233,0.022103784594893348
327.11,0.29112405135374797,-2.314634206336118,9.70960268923325,-0.1795883799765395,-0.041941658103858054,-0.009178324549495437
327.12,-0.3379457023432596,-2.1515641173977094,10.123761853927524,0.11015110919785168,-0.012311988345364903,-0.024245638521190518
327.13,0.098942170923419,-2.0419711838278634,9.95286187656831,0.3008398731949295,-0.025534289248264896,-0.017898164842881648
327.14,-0.04802740540496875,-2.5284281141766227,9.956916143407495,0.03846100741620542,-0.057751820950973407,0.02389109485149355
327.15,-0.44607698867329354,-2.4018422906302805,9.94520322805521,-0.3298041813064558,-0.008892259536617498,0.01734641916043675
327.16,-0.06686717262185939,-1.8946227600799226,9.661691262777717,-0.4217629102335394,0.01633494117996502,0.016700168952468536
327.17,-0.3636871516541439,-2.1480057726992148,9.564523828870607,0.15384763813929167,-0.03826108548031582,-0.007037822423494741
327.18,-0.05401031712231015,-2.0922577940673834,9.758295789496774,0.34031921964776196,-0.012201451472374353,0.016548974666797927
327.19,-0.41858799000964897,-1.9439277249300708,9.818360122738751,0.3359139294328907,-0.0327901013407057,0.019685390917162624
327.2,-0.18155273595714008,-2.1999856853709776,9.55364278993796,0.04302115079655543,-0.00717718819514594,0.020444167238615918
327.21,-0.0388479723606015,-2.0442666187501968,9.884772846367179,-0.2641064106257834,-0.00036760824951461053,0.01061024472792571
327.22,-0.0836197628950725,-2.337773787233353,10.130459235747269,-0.3173731669346015,0.03924456859282019,0.04801434677718551
327.23,0.029391046104680546,-2.125909499641691,9.459310301277782,-0.09410009912754481,-0.024793056449370465,-0.0037773107140366127
327.24,0.07374209393976244,-2.089133520677185,9.840468087478007,0.14231464276669634,-0.03020276003888234,0.0015001447721896344
327.25,-0.12541739949303357,-2.368942525349018,9.669131065184656,0.4337449669584079,-0.044736637519523365,-0.031971637118912
327.26,-0.27594520952521673,-2.279934205003382,9.826843389667609,0.29887256197350465,-0.010999873678004025,0.0032381188316918403
327.27,-0.10805284496967876,-2.266284548916669,9.485499438216069,-0.1370493402492967,0.0662120675408133,-0.012287163065660045
327.28,0.16847685480771363,-2.381349120183466,9.849892852354962,-0.31522714455325285,0.035269403550784284,0.025737576560755454
327.29,-0.162390244912858,-2.3079277733980468,9.425660672282797,-0.08350913888127416,0.03250187600138242,0.021266990694085754
327.3,0.16452333716661033,-2.425263195448858,9.471591533353896,0.20478709954557583,-0.02623441701998681,-0.020954125231467145
327.31,-0.3416289261128199,-2.4170923140609264,9.815899539813806,0.34787751359665503,-0.05111592395218333,0.0134503442627283
327.32,-0.1450995289549715,-2.4246102477400817,9.890948490747627,0.15908695932516226,-0.01380164752310457,-0.03510978799318312
327.33,-0.01485809567990444,-2.3816917988501425,9.28485079020961,-0.013170944792752392,-0.032323469650565866,0.007819179559335764
327.34,0.17723702961775387,-2.172620766186202,9.54910396382912,-0.10954812604620535,0.0025212788423709075,-0.018586923120783787
327.35,-0.08422610294832014,-2.3591634061494986,9.484585403856556,-0.0771926324991861,0.024511696949887987,0.009922408230933731
327.36,0.06266686145975045,-2.4842454860531458,9.49945553144717,0.025597374712544998,0.003758691189510655,0.015344790746301252
327.37,-0.13040256716511342,-2.2009482168791403,9.035497091379113,0.4516467085915361,-0.05462115292344624,-0.01694261924724138
327.38,-0.40763384641124545,-2.162714899611411,9.595353120814117,0.25139499963051215,-0.0565338168244339,-0.008546494418946107
327.39,-0.2028290446420491,-2.116595357373121,9.903838599096964,-0.046905642122098454,-0.0017028392679503995,-0.00452287716273065
327.4,-0.03232422771152632,-2.0107644895291923,9.455642109798386,-0.2814269631693192,0.009493747168783422,0.029617261699401574
327.41,-0.3364216388890832,-2.1341984515454056,9.3741089020766,-0.24583802186615328,0.053204197500173,0.016383833880242567
327.42,-0.21699591052315487,-1.9044786279715413,9.558887293800597,-0.0937559960600197,0.03596336295207349,-0.0059172274936411745
327.43,-0.04989282641037075,-2.0293475947218913,9.383934850816507,0.17405256293405066,-0.024640281929999182,-0.013636223654824833
327.44,-0.06815340529300763,-2.105767037608927,9.296777490879789,0.1531162581246966,-0.03493867410941514,-0.018136945673562985
327.45,-0.304381725232446,-2.2427387660907967,9.111961859767742,0.3738122474305837,-0.02780347317227612,-0.011387647777720425
327.46,0.010653241714840916,-2.3424388542095658,9.422085371180128,0.10843440944593569,0.012768628680321097,0.001634976366838496
327.47,-0.07892123597389913,-2.0808724158046488,8.520614218658809,0.2676531031200212,-0.030414616314157573,0.02053878974413897
327.48,-0.1285807782782839,-2.1405064500699806,9.329458420309992,0.42048018672717796,-0.01888162972213867,-0.04656733428285817
327.49,0.020310685327440153,-2.083510498322709,9.324697891631983,0.011071090236326284,0.04020860342016306,-0.0066525942114339
327.5,-0.24935888457228625,-2.20061560935648,8.291936334418034,-0.3183798909155086,0.023962665523611155,0.03077512929729751
327.51,-0.11781111831508097,-1.8191066802319917,8.687517033044761,0.17680581520159794,-0.017632482410613465,0.013761421678699747
327.52,-0.2914689746615272,-2.0926760262325126,9.150778765649271,0.14516418821417346,-0.017579519592351656,-0.021417613482035303
327.53,-0.22273373170603272,-2.17513241835259,9.97714085825867,-0.31547224402500557,0.012208568657011871,-0.00042455213328558734
327.54,-0.21230472919870144,-2.1680560332113354,9.859989796752817,-0.6185664157808006,0.05029437358317671,-0.001228256123451182
327.55,-0.18486872655677788,-2.184899761014856,9.567894495068186,-0.3717431245667021,0.01993718662036709,0.003918073774835997
327.56,0.2850019313851153,-1.7954172562519017,8.678508964577075,0.7493474292992244,-0.04526813561629142,-0.04932750425505237
327.57,0.09901398172115028,-2.0225849780165635,8.455121583286976,0.9232904639638438,-0.025884066952470693,-0.029767904465595962
327.58,-0.362286932725938,-1.7906807375130234,9.026580432059278,0.15749737487526252,0.09368874814254216,-0.005418016628774476
327.59,-0.11705890093154586,-2.023294559398193,9.347352578594931,-0.4619486102560984,0.12877905347684007,-0.023211115031993523
327.6,-0.03171463705693793,-2.265556883834781,9.86574837994405,-0.6029269388119657,0.04489799629259465,-0.05489220846700467
327.61,-0.06045457532517491,-2.2289461843237386,9.665139997617853,-0.2254131120834541,-0.08518283261422208,0.005933296982393025
327.62,-0.10063257729192257,-2.122312170719978,10.01625510498835,0.016188759376465543,-0.07926776337779563,-0.0062622645775868
327.63,-0.10412119715009961,-2.159032951566839,10.203592628903793,-0.1293579748159214,-0.0009415942455370824,0.0008762093500944137
327.64,-0.32411007848727824,-2.2991245605606734,10.102647908429462,-0.415523528961691,0.04913532610664807,-0.030386525829412443
327.65,0.11759189652699797,-2.136902344624971,9.66482359454732,-0.25081293359071677,0.034218852114391234,-0.002212415758254585
327.66,0.01574505744365548,-2.16295778541158,9.737876766114688,-0.08417677854026531,-0.036782335847026344,-0.00726486334613292
327.67,-0.31898253248863373,-2.074837835774858,10.093757937913454,-0.10401512028986265,-0.0199898665890216,0.018281920515256175
327.68,0.06775409417588432,-2.1342036691362094,9.815087839529525,-0.2397901244187761,-0.014406747923111156,0.004416704058916292
327.69,0.037189432344170464,-1.988678543747602,9.51103742956098,-0.1624152124935086,0.0025687286204218386,0.02020969142813647
327.7,-0.275545453091705,-2.278364639114225,9.855557440394378,-0.07336665610292625,0.04695840710389606,-0.01243722476962044
327.71,-0.20880556007117504,-2.1818454469497306,9.947273664921001,-0.08084596112558115,0.01111864868742362,-0.009971298648732873
327.72,-0.16374441056980676,-2.256706363209531,9.177190101552805,0.42908432389390505,-0.04268130402153765,0.021005753523395218
327.73,-0.23177584182852223,-2.2640772100799946,8.533180936994462,0.5934610257833424,-0.03884411103427693,-0.010069873993186719
327.74,-0.539825916873911,-1.7506040707299504,7.976862570028337,1.5041066399285847,-0.028853734305923175,-0.048836489973753214
327.75,-0.143516166147762,-1.8702405462736529,7.4337689692527436,1.0735919141344927,0.17590072112889485,-0.07125377932646372
327.76,-0.2480523537035491,-2.06377929288709,7.994577482990039,-0.1604322390389276,0.32667751447380283,0.01729642121681705
327.77,-0.14458304104226355,-2.296757086360797,8.473940126734975,-0.8625445978144338,0.2320066784209612,0.006573153307173224
327.78,-0.22369825336229163,-2.28740134098911,9.475495877449125,-0.7671840322815481,-0.0037912332345422734,-0.031052466427206375
327.79,-0.12611825402561255,-2.3691318661396976,10.262014431173645,-0.3590861528953566,-0.18287829818994095,0.0392501097383851
327.8,0.042707116140679346,-2.1791859262541853,10.286407416520486,0.023045159933527095,-0.1256740322513608,0.008286535675760686
327.81,-0.02126941448707026,-2.2824767663108045,10.24343186687926,-0.047794560396973794,-0.060722955740178754,0.0008705043235764888
327.82,-0.33839546136947857,-2.139374862743502,10.242319543839713,-0.3870749778403108,-0.0005355500623920872,-0.011092864604119347
327.83,-0.28527202761918014,-2.1387386021205796,10.418325180222766,-0.6292815152735775,0.08454225124898296,0.027368182502294475
327.84,-0.0744477895176149,-2.0936116896584465,10.408768469620819,-0.5304594677653516,0.017404146614486648,0.004671268448597694
327.85,-0.16317060648919798,-1.99611999561705,10.10493413718523,-0.11112098592098017,-0.028969047359680873,-0.002198167455208442
327.86,0.18088462699012473,-1.9601563538822062,10.597316832935448,0.11677083972272101,-0.08136135206538012,-0.0043727506351886715
327.87,-0.12397076962346885,-2.4334580534370724,10.681225643896207,-0.044378027152832476,-0.04309296437761286,0.0042258082727856675
327.88,0.03660592089954576,-2.030582914171448,10.010949449936078,-0.28385251378493437,-0.009719994489580726,-0.010634369978990981
327.89,-0.1815217258506534,-2.2027428215882967,9.339542599686894,-0.11791410786003603,-0.03172030148942191,-0.015528479476370885
327.9,-0.4946741784694296,-2.141413400787317,9.807974308603159,0.12332996036630954,-0.04202265259341426,-0.012352325807471762
327.91,-0.08625421731502703,-2.026269697192765,9.672696303185637,0.09220384339382875,-0.04822582461355153,-0.02543522103256006
327.92,-0.10258036851992687,-2.2576088564823777,9.775154584683184,-0.08927979651142035,-0.04741953529506414,0.012241798054092062
327.93,-0.4039948370267058,-2.332057402002244,9.934185344421069,-0.1391383276497305,-0.03293686975154061,0.017059627667069935
327.94,-0.11622584991733922,-2.1274087715346925,8.95075543578078,0.11645116870083541,0.002974606656137649,-0.02096851404535645
327.95,-0.1709507278399878,-2.381552230099392,9.329139950186773,0.9013449308110439,-0.04558396483071961,-0.001377753585531617
327.96,-0.17838057823252124,-1.8880312931922478,8.994875722599678,0.6545960097952596,0.0016192682627999468,-0.012285103938959074
327.97,0.08071324485731399,-2.0508032641453187,8.692733517387914,0.5754384708693855,0.029044379381758936,-0.012972582988929955
327.98,0.10495135017250146,-2.267221069027065,9.354465222878455,0.1455907452124609,0.10220368258207459,-0.013953309488745132
327.99,-0.1168700540469107,-2.5863878939176894,9.697834295706874,-0.4328657595476291,0.08668002559272558,0.03976732331075829
328.0,0.11459585173462136,-2.065076433108766,9.792855704951366,-0.578458018227389,0.01267707974989215,-0.003688423463810467
328.01,-0.031478254451420606,-2.277544301786825,9.860691088604788,-0.27841974025818916,-0.09655935214335498,0.02305458986796592
328.02,0.009187271694664573,-2.436263882887279,10.173960395016302,0.049080369011030946,-0.042614386878754656,0.0316106678564185
328.03,0.035746505094475495,-2.2703987957496703,9.359411735472303,0.6044988794918736,-0.019087457576901883,0.023218591667471936
328.04,-0.1238152511940849,-2.022375445838771,9.765244144997085,0.5768321896231805,0.05278303176545667,-0.012692374474234939
328.05,-0.015384244456192353,-2.051183810280422,8.977078657906663,0.09401986103171639,0.08545019118922365,0.014041563469362797
328.06,0.1674521979662391,-1.9478637250229074,8.15998956957353,0.8517827119845525,0.053997941487289966,0.005545992445294912
328.07,-0.008530967017666535,-2.1326731319260106,8.713050290940256,0.7266622727421124,0.09703982993268022,-0.029174126803195165
328.08,0.18620133511793877,-2.125955321474373,8.632900625955113,-0.059076675833147275,0.16114230588552642,-0.00418950896495035
328.09,-0.4506211893206308,-2.178856570739813,9.214861480464684,-0.8297821688502985,0.11883434513577697,-0.00027535483455594617
328.1,-0.335414236041079,-2.072766464337029,9.77433688324538,-0.9783416296239681,-0.02235266419260567,-0.005546282695759771
328.11,-0.035831994602335215,-1.8226370951555715,10.174100332893644,-0.5054487221261045,-0.08561236807874376,0.03236380846980312
328.12,-0.2748209452231455,-1.7322847713370189,10.816676529339716,-0.030689338492445182,-0.0656444356237641,0.017253471197494232
328.13,-0.27575471527339357,-2.4135167195017124,10.632654397463439,0.006522701866635339,-0.006756767566167891,0.014741073820776184
328.14,-0.16158131577022167,-2.2623881597947952,10.212805522722308,-0.2529304162102407,-0.02608601338240986,0.01890500047464605
328.15,-0.08479774738736658,-2.236659801367943,10.001499628919497,-0.5117651490056234,-0.016104822674761828,0.018360890379336907
328.16,-0.14579123043849498,-1.920255168782504,10.288915393233172,-0.4346849249371501,-0.046141185941754016,-0.006691962211608298
328.17,-0.05860234075463648,-2.1956818400620164,10.100231095701751,-0.150035263490393,-0.04104779308408285,-0.019182232496669085
328.18,-0.5047296249978696,-2.3433031289927504,9.187730968313465,0.21503536109081894,-0.07186607756771618,0.007067270620288425
328.19,0.14595968314305868,-2.1702095671210495,9.569532994167757,0.8517957347342441,-0.09112635783782758,0.012391159923914284
328.2,-0.1329843776287915,-2.4323148262761407,9.238507527972564,0.5573415393383451,-0.03236045361932688,-0.014089109367220671
328.21,-0.3173820722427245,-1.8964303897686374,9.162761038975699,-0.042104151809624575,0.04317564212153855,-0.02959194708889764
328.22,-0.07072327584103853,-2.2166217847105485,9.564696260813658,-0.4896668123636104,0.04707690117379068,0.08029240180211744
328.23,-0.025707402510024513,-2.3620338303604855,9.85245024805628,-0.47265432408654906,-0.04422736217228708,0.017716170841392626
328.24,0.11482457201851429,-1.9189274660016102,10.229530011446602,-0.09429282260578198,-0.055974431390440615,-0.0067380357315289015
328.25,-0.19909767274725015,-1.9207150064152474,9.59729370797223,0.25477404024616657,-0.04723836217380333,-0.010667005138322562
328.26,-0.15288848320733847,-2.068314762080722,9.28333161180078,0.962359703688959,-0.017852213673559603,-0.04328938109075735
328.27,-0.3707353953848923,-2.0303675846214113,8.919370868002535,0.6919744627099739,0.06149483851949387,-0.02832361418953314
328.28,-0.11767151514381832,-2.130039894421544,9.395617289047475,-0.2104586757792445,0.0923631745183388,0.0015291227082462307
328.29,-0.22213907574741848,-2.0975556405446425,9.310509420054863,-0.49140495220962294,0.041217484268201085,0.05559070702453302
328.3,-0.39831418874453384,-2.0579273462014362,9.505952082101954,-0.36835745484508803,-0.03688682386797351,0.0262656001185484
328.31,0.04016486055258292,-2.196912813438958,9.847131711281682,-0.050148679653429645,-0.050181993767483626,0.009401437847104843
328.32,-0.13936064938525605,-2.4164915254914474,9.730073987741173,-0.026957774281645423,-0.0626915189876373,-0.027758690244509693
328.33,-0.11521860663599526,-2.432236284461236,9.628043349060917,0.1788512623191319,-0.012165474186212909,-0.006806099821753651
328.34,-0.21424235664064012,-2.4756458471634737,10.117403229674398,-0.06967683674911397,0.0284007366831021,-0.01802866267282112
328.35,0.40604556021420224,-2.2353163162342016,10.165993806697045,-0.38703223600121367,0.020103459791970126,0.01645618417247524
328.36,-0.3813758446666647,-2.3744771783402943,10.009419953246402,-0.42466778607274847,-0.016997904895785492,0.010852211930685278
328.37,-0.38331713391440203,-1.7705516955602836,9.802892478560933,-0.19911315278499359,-0.026950220580656027,0.018455304267652736
328.38,-0.01900716858051532,-2.105272413725272,9.38007988271371,0.6314085557633511,-0.06499610035020487,0.01243475046288871
328.39,-0.1719208014256533,-2.315027026763374,9.467774081020282,0.7037968491513676,-0.05070902787778836,-0.03937390486598553
328.4,-0.42857554566735745,-1.9741703134964015,9.286879532518338,0.05807267580450215,0.06950249790124594,0.011750441962368352
328.41,0.09832406552352549,-2.04715754072698,9.690451493675884,-0.4000394740367044,0.06273288654593791,-0.0201109647510888
328.42,0.07715591653304427,-2.1234962039463414,9.64124681621731,-0.44898965910915717,0.030238187230844194,0.02543612324723536
328.43,-0.05731282913219547,-2.126954521846546,9.218541242735391,-0.02195479055124102,-0.038875621522183705,-0.029305027832376002
328.44,-0.24731382822717007,-1.9987563108579112,9.963421490083022,0.2709411795589391,-0.046063036506071166,0.01936330967660633
328.45,-0.15840606007403452,-2.1171225404692815,9.797827896413871,0.028079961004197573,0.006076939684542559,-0.009235568155941006
328.46,-0.13095109884402986,-1.9966181992095158,9.162483718712359,-0.22045545583199821,0.06594078461924535,-0.01209084807847038
328.47,-0.05594005317152595,-1.9740433001210376,8.836170116506619,0.15090644649270468,0.011298916002281778,-0.02571528485428772
328.48,-0.30664209863317005,-2.294090147392919,9.525762522102266,0.18258555860033646,-0.024960456721905413,0.01051691209279314
328.49,-0.4876170980616503,-2.155389158142566,9.526987470386526,0.021014618340947564,-0.04092021704873945,-0.009829095128759856
328.5,0.12444758449088225,-2.1322824481181377,9.762644267709012,-0.23704747844882845,-0.004412320782403761,-0.014716143301253279
328.51,-0.20845803916471806,-2.421533884566095,9.438393956130053,-0.2961205477708385,0.032597644776783195,-0.005898359755511996
328.52,-0.39337765155503046,-1.9797381457558927,9.497879371137536,-0.06121384270847255,-0.02152944966962907,-0.017402233834431343
328.53,-0.2241704722993005,-1.9475649502393577,9.52737403497404,0.080123512866658,0.011178176761266267,0.011474260813243554
328.54,-0.032368960134125754,-2.0678079637726237,9.741674624265348,0.19673268174360092,0.03137567662024738,-0.008584404046489453
328.55,-0.17205508002695813,-2.1670667143284885,9.613801423565846,0.03489036154230491,-0.015594786937672928,-0.01126196799736191
328.56,0.05073196324667387,-2.4108094766029136,9.50970032845928,-0.1991993345561914,0.024414381093996372,-0.013173569213969685
328.57,-0.045215228072447836,-1.84016186730784,9.257139659957602,0.10316241827330151,-0.010544685249463377,0.009229674799012922
328.58,-0.43196831931310464,-2.324718074115513,9.626283009975623,0.2180750938113092,-0.006369379203782967,-0.020887894813551293
328.59,0.05755022507330598,-2.2427304901507883,9.708504377317567,0.013048715675792908,0.042211514693927886,-0.03608719592738609
328.6,-0.16249040114544028,-2.3606945795790883,9.767537322599399,-0.30029294476328255,0.04203988262972583,-0.02209782911793236
328.61,-0.25244173186680363,-2.040970578810288,9.704926827473152,-0.2710585136043594,-0.026917966361943265,-0.023742247993370914
328.62,-0.250408630675604,-2.063953854018674,9.846616007679408,-0.1039171855759934,0.026420477920899757,-0.02271521131761259
328.63,-0.2956612576727235,-2.1173998417939193,9.879081762859329,0.06569428806255292,0.02355786228157249,-0.033171259025498286
328.64,-0.16031616855433745,-2.2777493929022263,9.338203223583902,0.08742826526356068,-0.005848967614380645,-0.00028607820719702337
328.65,0.3014317366635554,-2.2030668560032884,9.55033365351115,0.01371676109319394,-0.049585609016714646,-0.00041711518982480943
328.66,0.21125779669675168,-2.1358807251435605,9.280051808367169,0.2740573738304221,-0.05003214589246751,0.0033693363454714554
328.67,0.3042065838866862,-2.2001728466041905,9.416304612099987,0.2703720991566448,-0.03942500974545822,0.010500667710348965
328.68,0.1024090455993382,-1.9965277094987968,9.568784114919922,-0.057338886708611696,0.022684853184189883,0.010661111940044897
328.69,-0.07270472930451581,-1.7880019582792537,9.23804772047614,-0.005305448507465407,-0.03428473813254313,-0.006460702145115205
328.7,-0.008378583335779732,-2.2978984817759556,9.517773768437868,0.01320585501179725,0.0019346178328118408,0.0029245391923561023
328.71,-0.01328705071259946,-1.8751204538842456,9.457274992026122,-0.03290273007950137,-0.012689615714987409,-0.03246318566331412
328.72,-0.10399140618626196,-1.5835169357471097,8.501268231736248,0.07827569538939187,-0.02559660580908639,-0.023121323528089106
328.73,-0.2568824562538723,-2.1938874696791144,9.010794544260817,0.7135750277952827,-0.07485069254815677,-0.017952491868252943
328.74,-0.03811440375522422,-2.055862382938577,8.852505669438893,0.5294166599098831,-0.04556068879038943,-0.03159651007420155
328.75,-0.12900487969982216,-2.139399645496762,9.021796963032159,0.32604628547095127,0.08822067060501046,-0.004215203998743186
328.76,-0.036583972833739584,-2.232732722009436,9.379211737772794,-0.2571532524472255,0.14192419062826506,-0.016812491839518467
328.77,0.10712595153658261,-2.2719106686602264,9.70701110930999,-0.6698628063042364,0.07205618340528422,-0.03228183769086152
328.78,-0.12089889280870728,-2.195876262745638,9.305913129244296,-0.1562210416374257,-0.08965875139533064,0.03119296428133769
328.79,-0.3128123304211625,-2.2813192478442286,9.860622571883424,0.174754838651665,-0.10342612628953057,-0.02622836905676721
328.8,0.09769778148628994,-2.2347196693316302,10.202301141776159,-0.07469095345433843,-0.01694951268189735,0.015742088986312405
328.81,-0.15173775352280813,-2.4098868841196417,10.011043691667874,-0.43062750131561095,0.013510860657790485,0.009920021362342624
328.82,-0.07457019354317632,-1.9457440869948166,9.833821650178402,-0.5666580027472589,0.03807538115943344,0.030398908749029598
328.83,-0.4015015462390755,-1.9987676984329223,9.427320032629734,-0.0945383628710592,0.00012146378432661108,-0.031858840600713347
328.84,-0.35477480853675775,-2.270693012656098,10.00266783965312,0.17070144856491024,-0.052667612494817224,-0.019799244473953096
328.85,-0.3562834103482134,-2.04652862687367,10.284025061211041,0.020864818801520607,-0.02210933057010655,-0.023824102727189732
328.86,0.048028527713150415,-2.2396423440611657,10.156923325653915,-0.2535429109382534,-0.015556679640146747,0.011052555774537802
328.87,-0.08339194988943241,-2.3694335366450545,9.627389419372896,-0.09293970374402875,-0.0197304452689198,-0.004313877767157652
328.88,0.12232046466748828,-2.0746146694017678,9.743080736392638,0.038067089865348645,-0.012169646425880459,0.05290766597868592
328.89,-0.2568506596869861,-2.176196848672304,9.350508112633976,0.248340157573621,-0.011059118328117208,-0.024572208623360632
328.9,-0.00557270971001006,-2.247597162133441,9.58370252830476,0.12372250489436619,-0.02757256284017278,0.035609004029833066
328.91,-0.22968869225935942,-2.258813388457025,9.619119444393093,-0.20381475720175826,-0.01985890583441376,0.018497892087709838
328.92,0.15504185580270605,-1.883486721071228,8.343836517483828,0.04757970750240542,-0.006671905396008268,-0.015997912586949516
328.93,-0.26637281266823004,-2.1987775042145197,8.555412964634943,0.8280513715349939,-0.04234744784692702,0.02167989505199985
328.94,-0.7410283271235379,-1.9962090041315677,8.962602140144707,0.7862761510943727,-0.01063308941208995,0.0063770260796935695
328.95,-0.2531751773015646,-1.6961010714984988,8.933836673218341,0.8360791329885575,0.09203928517289585,-0.058502098908647354
328.96,-0.2702837985868192,-2.194556355689622,8.91808954163488,0.0609872519215138,0.2094356405349097,0.0019246414239810841
328.97,0.043944533894468146,-1.9498476690612505,9.615982320211717,-0.7762674810465315,0.19983138727914249,0.02299839084596668
328.98,0.022937266852254917,-2.5271412124153176,9.871635396060984,-0.9531849928728987,0.0344695135492247,0.009311724485194437
328.99,-0.0045357042941044645,-2.1570626292899298,10.172125878733596,-0.4940315292090799,-0.10574601593640126,-0.007925342835965942
329.0,-0.23346433042768544,-2.045904362532953,9.997878616156038,0.047926434001414636,-0.10664524903414131,-0.0016596448716265418
329.01,-0.009208267163119788,-2.041525771502413,9.809642717888348,0.6150801054434508,-0.03715226682567168,-0.0345351775479612
329.02,-0.03642200179766289,-2.5396388587708847,9.87074335397553,0.33841004892766113,0.02909602274646559,0.001099913381115208
329.03,-0.4583229280334232,-1.8383923775370639,8.996237299804653,0.10483395581855759,0.10087678459044128,0.008029877429750448
329.04,-0.07085926811456487,-1.7864746030442422,9.60232004141917,-0.27143887668599403,0.010152763460756761,-0.0051665775438430915
329.05,-0.5361917055329114,-1.8789186069828512,9.14496210084596,-0.4320066345058596,-0.060310147948035124,0.0050354863872711314
329.06,-0.19735817347426848,-1.930892117071624,8.706277620913417,0.42645309667536835,-0.15596970892151896,0.0015680946834054493
329.07,-0.05675022240764388,-1.8995579120251544,9.28229958535791,0.5846373501909544,-0.10554026671316806,-0.04555071512287766
329.08,0.0208139706321544,-2.1170902535784513,9.654767530809458,-0.012564870642344954,-0.04909339303145694,-0.01981626063656249
329.09,-0.27382454608853285,-2.3659245998173306,9.54058563873042,-0.45067472995464947,0.03849174324757976,0.02074775279493035
329.1,-0.08187925683729916,-2.351686620862666,10.015934988075887,-0.5568594233254833,0.08702062298423607,0.009424680447139715
329.11,-0.022087052180429084,-2.2046352651665764,9.897728500851384,-0.46802372881850474,0.03544401653434036,-0.003727398810386886
329.12,-0.304913993788997,-2.0572689567227282,9.971509597460159,-0.24813904267889553,-0.009213560953673226,0.007294875553173563
329.13,0.1412538256839978,-2.0480003814245227,9.906971374193954,0.10998018072400303,-0.047059253412962444,0.024065624594304946
329.14,-0.020253751534286754,-1.9818355790755533,9.78525837487979,0.05132758067602259,-0.010748878280081758,0.0024560789581785604
329.15,-0.05961928754188911,-1.8170273687381506,9.52000300830242,0.28836428471957054,-0.03430623560106737,-0.008732164998286834
329.16,0.15817914016970214,-2.114478614042259,9.858712541149957,-0.015165953928438202,-0.01857071491504262,-0.00014422641829803934
329.17,0.048468694949770574,-2.1339133339413934,9.279049717805211,-0.23304688086517877,-0.013627096267844089,-0.002019539410853656
329.18,-0.24605029664677747,-1.9514338950795267,9.49739169321902,0.06848712431472087,0.025692382409030795,-0.00983751032258786
329.19,-0.30317240591270966,-2.1950078484393396,9.77951423308457,-0.0006972032516198504,-0.007602640229559318,0.000949018742713352
329.2,-0.25289811992398903,-2.214411034241995,9.903281349196662,-0.3124120599892535,0.011498844427983709,0.0029171948280305934
329.21,0.015115334458335267,-2.1927075509132425,10.153338793814422,-0.47294185907210806,-0.002933399156486296,-0.014662757170619304
329.22,-0.4063465187928128,-2.211823848888186,10.32078679055294,-0.3489596851020346,0.04236702528268266,0.030026376232988698
329.23,0.13947113534127276,-2.138847490157392,9.965042663287417,0.03587183571904094,-0.01544866317596002,0.022091362278281942
329.24,-0.34235342714533445,-2.3876610833400886,10.08923700060904,0.10790741270476696,-0.009767244453898868,-0.0009570828705775985
329.25,0.05632193456801923,-2.2574200722815574,9.800171528039131,-0.030979753090002053,0.014996931147254023,0.0029220334200128722
329.26,-0.35433847385115663,-2.1098323134582144,8.764363480314518,0.022463483652381266,0.01931690868410182,0.01420542197609265
329.27,-0.40573286354467264,-2.2699130055956793,8.879623519744902,0.7341071893993664,-0.07033220251029512,0.005132638539466711
329.28,-0.17524880631941328,-2.1142581083498815,9.405913039593756,0.5302420170463477,-0.00945047876046747,-0.01470024776876236
329.29,-0.0012399807521371042,-2.3514736552154107,8.617444289288137,-0.030762111059794966,0.03533938613797033,0.02201893658291707
329.3,0.14611933111754544,-2.3044911341883094,8.841073779075122,0.4410829530566829,0.01618881009169662,0.020811813899078366
329.31,0.09202809988439212,-2.2177965331843117,9.226952050186219,0.2840332631610746,0.01106770900687019,-0.030413307253360205
329.32,0.09852161780121516,-2.2252387325294882,10.221952341602798,-0.36381710010086754,0.03670546304558754,-0.015651787476316868
329.33,-0.13688781636226127,-2.3383236264711034,10.076535066626686,-0.7084503411607812,0.03924155977282834,0.056810450315660545
329.34,-0.2610709187414729,-1.9560815571931909,10.247627263519606,-0.5098342212960235,-0.005468159966092109,0.020143056232679077
329.35,-0.19071915690096608,-2.5163062324811754,10.210418771712902,-0.1403918675632822,-0.01650214175677737,0.011024640343776697
329.36,-0.26260682816856923,-2.0469977504851826,10.453557003960496,0.07088597071651846,-0.016781688503033545,-0.020737306068847713
329.37,-0.17857731467434512,-2.2666425134873744,10.28475419756262,-0.07980606930106568,0.05939645499401296,-0.038190203214911476
329.38,-0.08128571916612551,-1.8921377452678616,8.997771362158026,-0.12240618603087258,-0.004519089198411786,0.01091927890141434
329.39,-0.25770859263361073,-1.8047161091779038,9.255695751541907,0.3691972756948241,-0.02031085041887095,0.004162923809960868
329.4,-0.06017411293847054,-2.0975254216004044,9.998825087776027,0.23914668678955464,-0.003790014563221613,-0.00614880296736277
329.41,-0.32160277188858605,-2.378482246288179,9.434087910466307,0.18245476355199125,-0.030042360488932125,-0.012907379185328683
329.42,-0.4205707978534091,-2.1589584398493704,9.759635640649831,-0.04613617130013628,-1.4084117026224793e-05,-0.0036402311783632693
329.43,-0.04797798608644288,-2.187182987512035,9.871908722849879,-0.35944392951595394,-0.007988329003799878,0.025115945499279733
329.44,-0.2672658468687449,-2.3055845793152043,10.236227472842277,-0.37410342808001745,0.02522672953152969,-0.0390960530906318
329.45,-0.2895076960667591,-2.1050005582958584,10.025833712476064,-0.16981383458304328,0.015972546076645364,0.031740584253942064
329.46,0.024014649024521023,-2.141184091829766,9.95182892291414,0.027645879686315367,-0.013021119306570272,0.026394360022133037
329.47,-0.11746501520365799,-2.032334556051167,9.614397511581563,0.05422983620766754,0.00674330168513962,-0.01153563106955343
329.48,-0.1998733972950828,-2.3883365019458527,9.798049230113756,-0.07164787707025297,-0.0004745486649306934,-0.014785875399819591
329.49,-0.10694475014207032,-1.9226546554622876,9.811631834757819,-0.1583404446148361,0.030184133753699056,-0.014002393316054284
329.5,-0.34860331416683654,-2.090850362101319,9.297548777520705,-0.08298790728837657,0.024841605513205873,-0.022242508543843634
329.51,0.006845028035479983,-2.045468639934592,9.373753491937038,0.3768103070310046,-0.005510600809218202,0.0024812197189206416
329.52,-0.26044140491964135,-2.4844001923149306,9.768547292796686,0.3275919743931434,-0.027968757938379853,-0.005256125016099864
329.53,0.0673289638216327,-1.924356427308843,9.486791461434008,0.24158097990454375,-0.04916365303277448,-0.012428753928730645
329.54,-0.10811739715878571,-2.003787777879415,9.202141834902855,-0.028765706244213554,0.018959547729510817,0.010360420720319138
329.55,-0.12446532909038896,-2.224884661691709,9.34900258422918,-0.266449928937066,0.014591785296823343,0.003141854571131261
329.56,-0.4172058603437654,-2.339498612631941,9.44838587991588,-0.2817759035676268,0.0016038508096297144,-0.014754000528110999
329.57,-0.1007004878524003,-2.1396715680713982,9.362938694518682,0.08999551387767171,0.01015034542668624,0.0016975864454457311
329.58,-0.36873088338511045,-1.7875906225835396,9.662700356278782,0.17554428917621842,-0.016265959278470063,-0.007053410875445907
329.59,-0.41414474624715425,-1.9433014849739716,9.063528055078308,0.28317105230878886,0.0010330660537725793,0.019071867660705597
329.6,-0.374145702832498,-2.011678507721107,8.98879406476635,1.1176717705117751,-0.03545562166360201,-0.03253638140745896
329.61,-0.09801466722955812,-2.0075228457278493,8.331083707485877,0.8966968864687047,0.024632964281214455,-0.022823575949140185
329.62,-0.15973528833994965,-2.3359804697394693,8.793513332716529,-0.07450469042135986,0.10118188416307178,-0.029923251981937894
329.63,0.08585584427840176,-2.0499268420137295,8.527969524371287,-0.38563701604727996,0.1342037436321894,0.009665662170521588
329.64,-0.1139189591911631,-2.498605398746329,9.16461547763745,-0.2579267934908318,0.025383534084828054,0.006827325815269451
329.65,-0.20898515270506104,-1.9746291696732954,9.55076064737089,-0.16657213797769518,-0.10381417360361367,0.019714484080448545
329.66,-0.2656223895983316,-1.8793943935118347,9.885469754232256,-0.3395988237129048,-0.06331891300824821,0.010557609868325574
329.67,-0.33515943306908563,-2.510279383266356,9.759156637133996,-0.3724009346704088,0.011393512198373795,-0.010935385799630989
329.68,-0.05616276429114761,-1.899904445242238,9.750083488908645,-0.2425133519779544,0.08144762240773865,0.0160969039514718
329.69,-0.07773221837681875,-1.9393960081429444,9.373174390204106,0.38744025529567766,0.022619405244094424,-0.0034060151033004967
329.7,-0.10926943851009753,-2.005080409238917,9.741958157840491,0.2933167592794014,0.007342201095795378,-0.033755199717664115
329.71,0.044395827486284456,-2.175177283253506,9.565670827363514,-0.019910401342921658,0.02672493356056991,-0.018571578043741432
329.72,0.01922380166112206,-2.059587288362074,9.948759284696967,-0.39963275947084925,0.0052120892963885244,0.012497313179450171
329.73,-0.19023116047235628,-2.3007883904134165,9.223235789374936,-0.5640045606623988,0.021974257024404056,0.023574771890206913
329.74,-0.21754666866525024,-1.6422334518544737,8.940642868618847,0.23110546326979323,-0.07072335275483481,0.010011259661881057
329.75,-0.22419642532482306,-1.933898701521307,9.491666011498216,0.4040884202869109,-0.042957330101432094,-0.023337226911677417
329.76,-0.14361550162970457,-2.1975338733182426,9.815550470949026,-0.06353779040310127,0.0031200628178885206,0.003848091457557559
329.77,-0.12073484780006166,-2.2701945232991214,9.75849538740987,-0.3327268840243736,0.01617788043489496,0.009853486562263225
329.78,-0.3031789572519131,-2.316368575718701,9.817284547586436,-0.3460448984952658,0.013393601597442866,-0.008726511742001437
329.79,-0.08235269491333433,-2.0606223904128154,9.955780752531298,-0.285759133314808,-0.02345019641135726,0.02227949421542609
329.8,-0.10437035934003977,-1.9596209441676444,8.849169365143402,0.09344690723294961,-0.04168477449042188,-0.011496992657450529
329.81,-0.28895414365810423,-1.7292198247469088,9.08707950379314,0.5656118723615072,-0.08281959247032243,-0.00022092897132592812
329.82,-0.20346567965998563,-2.2530501158634078,9.379513031177362,0.3097888874968235,-0.022705430900452194,-0.012181745966927093
329.83,-0.16500279680328264,-2.1560261630580984,9.168944567543857,0.06942037124824835,0.06062939121942362,-0.009908052902098317
329.84,-0.17521053436128686,-2.011593429670958,9.753216367486322,-0.26585627679233653,0.012920913658484141,-0.014229347176541373
329.85,-0.27721438201116844,-2.290714084692746,9.514749077445359,-0.2775073773399685,-0.02146272771185035,0.002470868799227981
329.86,-0.19842658605590868,-2.2401212186679005,9.732809099741493,-0.19655344491382185,-0.024520475028171368,0.011998297273879015
329.87,-0.0542388561134914,-2.293369467840644,9.939785489362192,-0.2102888475594352,-0.024136822189584097,-0.04098884234971992
329.88,0.01598656877328425,-2.248236777422818,9.941957897929315,-0.30116392475062165,0.01086201674280375,0.018364310810192644
329.89,0.14693306489565788,-2.502863655991198,9.86027569837586,-0.21692821003826784,-0.012643226108206243,-0.03341163379293502
329.9,-0.019481949152805864,-2.173319732130551,9.915856070743647,-0.16608893981304662,0.008445080128267128,0.038545455531396364
329.91,0.19555081658878293,-2.300806750004762,9.137889374988049,0.18406978106820474,0.022889888884962475,-0.01470879731957337
329.92,-0.3411326600388336,-1.9749823975765575,8.380386737039121,1.4056690886109169,-0.06100790981690618,-0.024895323948966333
329.93,0.06197014298435877,-1.8506590298658956,7.7508139190017475,1.5231267969792075,0.03489740903496508,-0.034991816046657465
329.94,-0.13734363622610238,-2.0663560254473454,7.594837381198562,0.519044540808397,0.2023438439515609,-0.019962362650659857
329.95,-0.24026812571726916,-2.311773375343969,8.761645072392254,-0.7748254936800372,0.2701740240525802,-0.008910767029933007
329.96,-0.07761060287975399,-2.359263334457642,9.676097504434793,-1.2562570127688792,0.13190468180196102,-0.042052588839641074
329.97,-0.22719751581906483,-2.4360010465619655,9.8206507436106,-0.9380698602569145,0.0039864114259802776,-0.006197302081845459
329.98,-0.018322699932026648,-1.8898201384680928,10.185045184468288,-0.25180462342053794,-0.08620556947624586,-0.019579135803152535
329.99,-0.30080275804196765,-2.2529663916672282,10.558385064235807,0.15915688528540572,-0.06716043974100071,0.006596995686963771
330.0,-0.31352925153309297,-2.079757097531138,10.702919646984478,-0.030186613124532777,-0.029645355580349794,-0.03550545764045006
330.01,-0.2019263788046897,-1.996899718391855,9.205440771445009,-0.19446548054237212,0.007881188882008124,-0.014426442244194083
330.02,-0.17887993164448412,-1.7056484167826336,8.974981131082568,0.6110555458037987,-0.028054485542307998,0.0029056735430459286
330.03,-0.36259454628956805,-1.9472412714949487,9.414478404287832,0.5654618961212162,-0.034958092419418586,-0.013323258596257296
330.04,-0.25470679888717546,-2.1115725952375417,9.182128168905644,0.39486576989125305,0.023441650728061824,-0.00782011369604601
330.05,-0.5187332749687031,-2.1354428944787975,9.810161025894732,-0.2006127294174527,0.12826630744925133,0.0015635504508655787
330.06,-0.1055894170822935,-2.128440827684403,10.346770919115066,-0.7205467814688319,0.0481944216780441,0.008510037127663041
330.07,-0.21445218346325462,-2.622132261011375,10.534978756957521,-0.680511600398442,-0.039584418860788485,-0.010642101082462264
330.08,-0.16707858895959032,-2.363417700270724,10.679235875443316,-0.3052357348874055,-0.10693121199254729,0.015327571891330048
330.09,-0.280646661237668,-2.390806236016557,10.552880927082184,0.022440418899081608,-0.07579031780386049,0.022879059427798817
330.1,-0.1596146297889477,-1.9656081642601466,9.097841284113382,0.3561698493617259,-0.012718743059684151,0.010936758201180589
330.11,-0.3276124883695732,-2.2904324539043044,8.956833108450455,1.0671814469387069,-0.0020592761231692756,-0.03374776164331813
330.12,-0.05162274726232206,-1.8441643621305908,8.891107360382971,0.6502217798722416,0.07123099789816528,-0.05192612244785432
330.13,-0.08930030990641762,-2.247177753913003,8.883370632648957,-0.12709844888966326,0.1399342650036132,-0.005381677927825386
330.14,-0.04402945615637027,-2.1939417628444295,9.978865905329535,-0.7572853463706737,0.07436451626731054,0.015806900070436135
330.15,0.16244670992413066,-2.2052102267087914,8.750210339004992,-0.5153555703265738,-0.06333528814252364,0.020645421206857462
330.16,-0.06194016099998412,-2.038459388859209,8.446759110473062,0.6989948273587228,-0.18254777540498274,-0.01792958824445385
330.17,-0.22587144496389366,-2.1196429535534618,9.102903350912642,0.8819227899285358,-0.16542441838784025,-0.06541811334162248
330.18,-0.4581104920734206,-2.3743516701121496,8.893979432323134,0.18479976005329246,-0.04802591663802119,-0.018714964970250065
330.19,-0.1241003920493936,-2.3256372605212565,9.425888401835719,-0.7063766328392658,0.0081509574807534,0.018712751259889544
330.2,-0.5157235069150296,-2.010596342235427,10.327481798153444,-1.0277101357048966,0.07509163641363925,0.0566657378218726
330.21,-0.12030206100397259,-2.0299401061665736,10.597495238848143,-0.7359754659455056,0.10668140372115241,-0.02024242225214134
330.22,-0.1678417489418579,-2.3024673756348286,9.75166992702797,0.03910814519875811,-0.0024106870840174942,-0.004811461456634623
330.23,-0.07073715699628026,-2.465023048878985,10.406994889459023,0.23619643651060374,-0.017676101429375486,0.033033712144969724
330.24,-0.573803278984274,-2.154431738920322,10.527925454291738,-0.04331381586738464,-0.019403008279434943,-0.037752258900748493
330.25,-0.23842304555960814,-2.21496470999784,10.25727220154036,-0.306683362464012,-0.015855222545854898,0.004874222002282863
330.26,0.010258236170398338,-2.4803921295679046,10.42663074659584,-0.4136170833226692,0.02411931771959141,0.022009352654176112
330.27,-0.14817429363126777,-2.4695103891010337,9.96142981381854,-0.30363224901043756,0.012383846703179803,-0.02051039372578639
330.28,-0.2844506629217965,-2.084766024216586,9.4561294592398,0.417909393701625,-0.00239850146860519,-0.029724762206344936
330.29,-0.06943801414205623,-2.1285526344202594,9.923924230680807,0.42540563756562993,-0.004013640283216945,0.017582068353783994
330.3,-0.2171928124981723,-2.0615475326422805,10.113260796078412,-0.04681785819436425,-0.0025742554058430997,-0.007038832040469667
330.31,-0.34272768275844945,-2.0585218261288594,9.528802064526309,-0.19469810874958193,0.02701003773280696,-0.018068753110408342
330.32,-0.5374466783703122,-2.1490375180299113,9.954264199364786,-0.131169852700964,-0.018072514958493158,-0.010993240222061228
330.33,-0.20642620324158312,-2.205720052416854,9.69333932918569,-0.019490687519571736,0.00041607410420635253,0.010262260685096893
330.34,-0.4622842543045243,-2.1179625058983493,9.995972411188507,-0.026930783373431612,-0.008283960941637105,-0.017639436182575748
330.35,-0.2672969774800499,-2.1700963530126853,9.712448873075783,-0.036137552012551984,0.051220891576571316,0.025778340432260374
330.36,0.09655027668938515,-2.1668425083274085,9.921932637741618,-0.05747503898636872,0.017309389850500574,0.02851620054651979
330.37,-0.31451242905280274,-2.1072592651942332,9.907488533878228,-0.05788119993622674,0.015592196388373147,-0.011269893248757486
330.38,0.12627209987367016,-2.5315264527177685,9.878355824123348,-0.013904259420314233,0.03939923757155714,-0.00352270293631955
330.39,0.15860801753627934,-2.6116116512867515,9.975306204503694,0.013514316580900979,-0.02439314414384114,0.02320240231749468
330.4,0.18708395241533773,-2.5334937589847843,8.791030230573385,0.24236281842214977,-0.02753151101024099,0.0047466466363483735
330.41,-0.22504890453301807,-2.3820315651599784,8.808880641647617,0.9341841191716439,-0.05109759415514981,-0.04942981813407781
330.42,0.040489543543728135,-2.377840532867106,9.129601780093818,0.6412540099112445,-0.008480914081414822,-0.029077029032381213
330.43,-0.031108081767252632,-2.3553360671503474,9.241499667683055,0.03998251831679693,0.04807897701518869,-0.025789872513302114
330.44,-0.20462810484698332,-2.3386202465014714,9.562036998971882,-0.47595709522074564,0.03456099228338067,0.02454725947796504
330.45,-0.10965962435182755,-2.148499274262667,9.984709995319985,-0.392385194774392,-0.0073952506303602335,0.03571361145398477
330.46,-0.08070042422457327,-2.4190632146149644,10.045410232418124,0.007590672150263576,-0.09006384142165369,0.003811568753004147
330.47,-0.2245534454023035,-2.0512001814975713,10.167743143969087,0.23489787065570084,-0.03701077936936103,0.01341117545634598
330.48,0.1152776098223404,-1.9355776842926122,10.09127032786917,0.03640943518690311,0.0012263551293500152,-0.004474283246795706
330.49,0.09643579788696119,-2.198523880328627,9.66432119105364,-0.04217769786548257,0.007343678318449853,0.003225271777728187
330.5,0.03881886646581831,-2.2000445593782607,9.531455844892946,-0.14889970935818758,0.043594372018191295,0.005152666890878033
330.51,-0.2324832389326675,-2.5293334066098887,9.645480049447254,0.05364265622421645,0.0064460500590795885,-0.023247705676952533
330.52,-0.4721152829854506,-2.26525097096272,9.62521828496125,0.10309853061938308,-0.05093598996218787,-0.023585192319870975
330.53,0.10724734480064799,-2.2288262522566757,9.756466689378628,-0.03832502157109752,0.014794692920747211,-0.04581348117384571
330.54,-0.36365676798249524,-2.0932797503623326,9.606221050571024,-0.24138597855495356,-0.01698105519000584,-0.01001495843505646
330.55,-0.14363503836312555,-2.2829960695166176,9.529141691676921,-0.16027920528301376,0.0028361628837284165,-0.03420789195741317
330.56,-0.061435679337979755,-1.9108225052317367,9.125959918830832,0.565760742835741,-0.06119113417090794,-0.024058512599873204
330.57,-0.11417105905977129,-2.3147516457166635,9.238336780455416,0.5518880024959337,-0.03783773208296767,-0.03612273834398119
330.58,-0.162311583864513,-2.2231208158277247,9.691873171378022,-0.02809274459232001,0.02725419030513618,-0.014020787419297725
330.59,0.31049731728085495,-2.3445570882796094,9.38646194692919,-0.2961230606085324,0.03639895698777201,0.013885605829216099
330.6,-0.24804761107087103,-1.9169009513003354,9.51268194559925,-0.19410568369278686,0.026377793110542006,0.019750341620202817
330.61,0.060875473800605276,-2.1394939660999857,9.57052328125012,-0.08153803584520075,0.025401213164139524,0.018538667008244147
330.62,-0.07484000975431238,-2.1345522445942,9.791989721574126,-0.04097787059373661,-0.020090359121506828,0.016447584291691415
330.63,-0.3113913269553583,-2.2965290697700222,10.128291078101958,-0.11025833311542371,-0.004326114962237152,0.04221615804461131
330.64,-0.03324811167370656,-1.9108713002050148,9.694633449275539,-0.16319950742096606,0.0016339660443325556,-0.0015510734226819559
330.65,-0.1926711628494928,-2.1925661665032186,9.771583331067571,-0.14488948368197416,-0.022463619809831598,0.009259234839247933
330.66,-0.10362919880305488,-2.165215524481623,9.636726609695067,-0.05816990518166734,-0.019989688177565787,0.029626060985237165
330.67,-0.2189638899326697,-1.8200575872276918,9.563279126787842,-0.01720941303971838,-0.010473977868329086,0.0222075818086923
330.68,-0.006865438841371543,-2.276740672626366,9.779649417090193,-0.020278266009146416,-0.026917634741777628,0.008098751343410185
330.69,-0.18219277662956374,-2.3880201273320454,9.936288000434386,-0.025727062903330475,0.014490362553634086,0.001273563186429282
330.7,-0.13956690940005012,-2.261637951085932,9.569588547791039,-0.0359765124288272,0.029695093368499088,0.009966377295866139
330.71,-0.011626272757476672,-2.1593967847655806,9.655361453603977,-0.03244181021899369,0.004457748721840585,0.02763236966234108
330.72,-0.058760574495305896,-2.1354448542463746,9.214032632069028,0.6651616943741655,-0.04605135311392614,-0.018303855466189442
330.73,-0.4398150805990514,-2.347910787210631,9.166966948343648,0.6085104089375613,-0.008491841070637815,-0.008903637840997784
330.74,-0.3447347902088581,-2.2913020735969125,8.517161098293244,0.21888487533356007,0.0308020253619414,0.009436066334614123
330.75,-0.2136338125962709,-2.451617466457752,9.15172447984066,0.5176008508877378,0.006799088535321988,-0.03414865345316085
330.76,-0.05990159844018221,-2.380986754210085,9.70025070319657,0.14389760279358527,0.028544071671398365,-0.005922380019443209
330.77,-0.008342153105665703,-1.9640421035577833,8.095193784699383,0.11595349933197503,0.011428176949574605,-0.016349050679509224
330.78,-0.11569409126382914,-1.9077811704754282,8.107606025838896,1.1102140297025873,-0.005707902597451877,-0.027847482484554535
330.79,-0.17861970577676115,-2.074768950223387,8.082864205520838,0.868679880705343,0.06868251692045807,-0.04003617976650298
330.8,0.03475930296735885,-1.8657233874975818,8.863138584449723,-0.11886864968103725,0.17342860486647127,0.011599586350765589
330.81,0.02419206575923341,-2.02320093329232,9.406646675055669,-1.0569019227790741,0.13943971120861073,-0.01321772983652984
330.82,-0.20850569728177665,-1.88314899684713,9.911557356980415,-1.156354101591852,0.012767944175416705,0.0051078859136299976
330.83,-0.041174954776835915,-1.9687525840513305,10.191544033812832,-0.6782108091736305,-0.012624750848908723,0.023216418760763857
330.84,-0.09293364394666002,-1.9511362881272727,10.541081071559175,-0.13306541463904575,-0.06355236553464541,-0.0036235970364354966
330.85,-0.07852168233314817,-1.7845186554650514,9.838573413077125,0.3969823597177608,-0.06725789257934268,0.008374641546643654
330.86,-0.0155521628008366,-2.167359437629821,9.853689908023142,0.3192920051474867,-0.03005082301637163,-0.03589250703019983
330.87,-0.12576252737989935,-2.1722764728257142,9.044918905557594,-0.11222724747370659,0.03659738827898602,-0.021206679824173895
330.88,-0.20938212784641153,-1.9801912525068726,8.821309071190715,0.4825959466884421,0.03806094423345928,-0.0231883951260538
330.89,0.0944031337732878,-1.8780004674940733,8.739754712016504,0.4577423306118963,0.06309150013285134,-0.047890768356334545
330.9,-0.011225915874761766,-2.171892995211918,9.115042203666855,-0.2936184089690647,0.10881281231834027,-0.016554888743433246
330.91,-0.41153990098491555,-2.1317641298918946,10.159832825826475,-0.8919805840694081,0.08723361208745958,-0.02306123294311527
330.92,-0.35400334093958874,-1.911628708541292,10.558355032073724,-0.896901513895568,-0.04720757205753111,0.015124043113383853
330.93,-0.21829030413958875,-2.18371299180463,10.510844389099384,-0.4727481676256594,-0.09033941145220731,0.00835538580393987
330.94,-0.0854353750058424,-2.29047057795132,10.608476671726347,-0.020723958308424304,-0.07717781732041543,-0.0378491182666459
330.95,-0.3440354409037765,-2.113285461156066,10.192520325628147,0.3972427048834053,-0.043914798663600846,0.027499673823331953
330.96,-0.1570387204254216,-2.328902729562407,9.989942034253225,0.2563090521005372,-0.0054933089897982205,-0.0448715500985176
330.97,0.04605236065815069,-2.1131270749653446,9.803978452565083,-0.2427942069448506,0.03736764108694322,-0.0006102221114959025
330.98,-0.06283046142441608,-2.376305176035257,9.375084480698218,0.04389741585199107,-0.00259699563077586,-0.004574446998943561
330.99,-0.3360350738824651,-2.023280411549903,9.806814486936918,0.017332047969116145,-0.024068799259130722,-0.021214419380365196
331.0,-0.32133833277021234,-1.8683257091084173,8.706685741291222,0.010507316071504364,-0.07102737445463717,-0.023666716894599347
331.01,0.17167071606888468,-2.318353195234513,9.213721036713656,0.6292384668933932,-0.08097785016712507,-0.01993382550458817
331.02,-0.038451701382577,-1.93953068414865,9.102088873743618,0.3588393238020242,-0.10124067769601042,-0.02252007852710554
331.03,-0.404136502622375,-1.9144264269293418,9.911905377253083,-0.3628048487197082,-0.002346955935883473,-0.0012905093985764436
331.04,0.06392160795565124,-2.6054926445398165,10.08380884414327,-0.7743821827262377,0.04157981501105679,0.02306107386139688
331.05,-0.06835904071864221,-2.2167767837489367,9.996706712090143,-0.4088697599099172,-0.002296796692993465,0.019954410152815467
331.06,-0.20631192920845765,-2.6728166628657837,10.238500417634432,0.041892613972069205,-0.018284107564644797,0.02227625426143645
331.07,-0.3267998408375319,-2.2639181826420143,10.591591745493021,0.0669161629718017,-0.018660364376798258,-0.06290869811098086
331.08,-0.07288277295138783,-2.350708934768387,10.356245474653885,-0.23038996642895596,-0.05166400712832971,0.02335267911411127
331.09,-0.2175831669919367,-2.096066892405319,10.19720281977132,-0.39658935590103184,-0.007329875448695931,-0.006945057635183377
331.1,-0.2602031003896664,-2.061337483921421,9.564294173420484,0.010597232635344744,0.011740109122523495,8.161044425694923e-05
331.11,-0.35044166277146743,-1.9597660769355802,9.878991558688183,0.21534109606177407,0.022794773991359922,-0.01900624909035821
331.12,-0.029972269447412964,-2.4254383965251756,9.847628058372013,0.0032454376093285046,0.000864659261939224,0.014367038946166828
331.13,-0.11251189446532983,-2.132351761736421,9.815082235779572,-0.2528851018711648,0.036684150177686344,0.03523572520937685
331.14,-0.28081862984352374,-2.3198298600635145,9.845056222417119,-0.2753945151375559,0.0070381822184720135,0.020706690450945385
331.15,0.18071638142750743,-2.1675384483586573,9.549981426314718,0.14556394521298266,-0.021983726013484754,-0.020542136835622782
331.16,-0.016032335668332898,-1.8880031424410115,10.222721439862893,0.2583112335033533,-0.06092796261808262,-0.015896446015204155
331.17,-0.021787493537091168,-2.44523222930164,9.656435067552462,0.04518754293618334,-0.03231464803937696,0.004364968964598279
331.18,0.08203000196714344,-2.1671930709271727,8.950612234939392,0.46068074271339543,-0.01108393533499363,0.027109209643839338
331.19,-0.25931312503580317,-2.185375205529806,9.44258158657838,0.5005976173124568,-0.02746740107782291,0.009938254911761252
331.2,-0.35557632817416196,-2.555404580510998,9.892405340605688,0.0010049299178230102,0.010127003687730412,-0.00354193266040732
331.21,0.0654902877749188,-2.3138947753472072,10.06350246592498,-0.4337154214623566,0.04054205568190711,0.008549816734477855
331.22,0.2372083636985754,-2.308361299289559,9.986802689853855,-0.3574119860482016,0.009376642381348362,0.023555711536138783
331.23,-0.19582570143267003,-2.2184513590032573,10.200182240998357,-0.031967390502294205,0.02195466688673879,-0.00046065066173144563
331.24,0.02766430167971902,-1.897179663823989,9.717742296165744,0.21295142328447283,-0.028049120307422654,-0.007540377051976237
331.25,-0.020893453487006733,-1.945327516607331,8.90847798774399,0.2882977531778006,-0.015467706716918822,0.006063641040027118
331.26,-0.16197806314309252,-1.9673877912607811,8.767104642531919,1.213402240309981,-0.035175184537475826,0.007662458000938156
331.27,-0.19899569803475653,-1.8793683039708224,7.955137820236884,1.0733209248398972,0.037538579547816864,-0.030442319951299777
331.28,-0.06137091954515348,-1.9279170786647302,8.729735989997794,0.06596335597780494,0.15245694579828306,-0.0012063914720519021
331.29,-0.11913668295009135,-2.249774238842303,8.822162837582201,-0.5080555271708354,0.10753886095518511,0.00404832382519299
331.3,-0.4581354888391669,-2.434919303777262,9.64848197494822,-0.522302202197505,0.022366039507897763,-0.023291196937079917
331.31,-0.3246894605767622,-2.338507716946689,9.764859876935152,-0.24446834742024534,-0.12190847606406957,0.008623448454070782
331.32,-0.17126645283415323,-2.034423538796693,9.28013525406378,0.037272839888987885,-0.056068310492513804,0.0071217400457922915
331.33,-0.3076703725938558,-1.923698600079543,9.45926679494359,0.5346194086972113,-0.04199613096174036,-0.04491717927269698
331.34,-0.442604011025099,-2.194143572862718,9.591865783495987,0.2339514674415561,0.05680877420201742,0.005686989031633245
331.35,0.008167836028344033,-2.2034604651749126,9.632126805105564,-0.07355148021038525,0.09445175719364796,-0.017379749278026692
331.36,-0.41582042389669005,-2.419983261798598,10.080569560725603,-0.5278298963404549,0.08746311516339013,0.02123646262032235
331.37,-0.14999567706853512,-1.6645571907606753,8.438670731774076,-0.3362268430417591,-0.03815463134119462,0.01714761050449319
331.38,0.1633697542917918,-2.0121556104150597,8.465314083131881,0.7994601267782326,-0.1307660449917581,0.012680585978882695
331.39,0.14599401968782208,-2.1209038176735557,8.537299547535484,0.8373607072193964,-0.10675932753258681,-0.026910583479945585
331.4,-0.13310967885490121,-1.8705896656688794,8.772708367009198,0.03379956028315286,-0.004990067541424023,-0.038461843247339644
331.41,-0.25023508934543964,-2.152450111238501,9.339062154028403,-0.5392525819456332,0.10054327056555268,0.010487268769297585
331.42,-0.1449412320059185,-2.2892879987875694,9.93797125465476,-0.7195817143599534,0.07523469321049554,-0.007763528436046376
331.43,-0.05829420481551702,-2.3702114909984027,10.030453097586708,-0.5012915998931212,-0.02423519441104581,0.002548946997635349
331.44,-0.01049032935345695,-1.9526639676973896,8.591341082952987,0.11804926382997175,-0.01399498185862224,-0.01739474197942148
331.45,0.022551536465385588,-1.7731738337218759,8.994202349239833,1.1077560242220081,-0.09712661069148094,-0.007379549467021837
331.46,-0.07708645527928124,-2.161524982344586,8.361550088367139,0.7170716856981243,0.02630055222542294,-0.024806742536640645
331.47,-0.11582250612756895,-2.026948885028706,8.659755937516659,-0.14847474740252334,0.1483684273788286,0.029047984626214524
331.48,-0.18539287027883797,-2.2205711628100016,9.793997996319284,-0.9175543260165836,0.17349622342463772,0.0007582044356261957
331.49,-0.1962337931188315,-2.3794313055920546,10.363898958103416,-1.1027969588562827,0.06721814565575261,-0.02073154453282741
331.5,-0.3091132104811605,-2.393565597169161,10.6426605629842,-0.6870747580344534,0.0047487003972052876,0.001626958703324252
331.51,-0.478214345624435,-2.363714424477809,10.833731878629239,-0.14235312234776648,0.0026791336899485915,0.019410240022346325
331.52,-0.011795710219694,-2.296832371582884,10.843362671618786,0.04175843016748133,-0.001378685236898193,-0.00397312942299506
331.53,-0.5636151051619787,-2.36858962470941,10.446000927125738,-0.2646147574867291,0.02454822762661602,0.009155532216578
331.54,0.16878484127211954,-2.417781522311445,10.402970609163837,-0.4736344188272185,0.035313658580871196,0.0230546815482921
331.55,0.05586254319448977,-2.221019787637278,10.41585567321493,-0.4640230285826272,0.04588112227629567,0.020117356438439427
331.56,-0.036166952730631655,-2.125879145481417,10.059554113963163,0.008893848759720668,-0.033477712309996986,-0.005408524422709809
331.57,-0.16880107747413312,-2.070473866033681,10.159308431777882,0.2495779439109832,-0.02922422151522019,0.0003215194861228791
331.58,0.014723764302274067,-2.226005664879736,10.153271000916106,0.10151397652320135,-0.04190182703053832,-0.02626852754287242
331.59,0.1027174890121571,-2.2138041082349478,9.688439176538187,0.08399072370054238,-0.013645659591514975,-0.0022706586091415524
331.6,-0.08182015995499989,-2.2598855757973975,10.067380471082576,-0.014005184546030312,-0.024076557500107343,0.017114344927155137
331.61,0.020230957775149827,-2.306427460992789,9.679358593959602,-0.0866354326684117,-0.016295316508874537,0.02047697706903683
331.62,-0.17143631478852184,-2.266164150155729,9.509207961519744,-0.09328888071044462,0.0038357464869565993,-0.007295156936606512
331.63,-0.03505936475218352,-2.1852753510445537,9.462240005728072,0.3925791971591781,-0.0563667718680807,-0.02653157231312707
331.64,-0.2843077926523049,-2.30771175680709,9.717773867269532,0.32958671073460216,-0.009182727935738232,0.001885376329802865
331.65,-0.053143047568901355,-2.1529724906781254,9.852529649750526,-0.07578687332881755,-0.027551195179733912,-0.01987350217330833
331.66,-0.028502874505550627,-2.462628397061816,9.786646908771683,-0.3044241132964136,-0.014879931840889555,0.00955937167121429
331.67,0.06335484966015412,-2.2979049765177475,9.958916531692859,-0.18980114445096774,-0.006426323032514629,0.011406630725186554
331.68,-0.10664328535619248,-1.9087539361572277,9.996377292101188,0.13304176271198095,-0.01667791542037887,0.009097109980296461
331.69,-0.03824074960027196,-1.9785543395312695,9.386571581380181,0.5258827374870183,-0.008869582243466918,-0.02120886639974351
331.7,-0.12277577445590208,-2.266802338311034,9.861440981691164,0.3173455263332071,-0.013169483837893832,-0.027890759374127348
331.71,-0.1745582450767785,-2.062461695605718,9.610453643371182,-0.08997472018049416,-0.007623725863120483,0.007498307923735491
331.72,0.0038902657349144942,-1.744823013334256,8.371234267276932,0.6062762397824706,-0.05408659953713007,-0.017516644305064596
331.73,-0.02133120554929964,-2.1057333760796704,8.879519194189907,1.0006697394402615,-0.060288165079400075,-0.015107834698227995
331.74,0.06996361560800358,-2.210292495187249,8.734187063627058,0.5020462566219557,0.05164649591446996,-0.05584682747586063
331.75,-0.18376885624105602,-2.1897015537395736,9.315754035999271,-0.3709432020575121,0.12067103686110936,0.0006767849231206005
331.76,-0.025227474543252595,-2.3573289162647773,9.749872890691298,-0.7900567134586088,0.03394070372485787,0.02016977660004946
331.77,0.11729481769437672,-2.2650249001632003,10.108759053673984,-0.516931933846785,-0.01986205539446448,0.00048672812025457417
331.78,-0.08074339148313939,-2.2858582242597585,10.065808778355882,0.02771387172083881,-0.01331502437042538,0.028922853520894586
331.79,-0.08708813551241185,-1.9953996081785346,10.010867409602152,0.24329196425484204,-0.029659225499254267,-0.017828554129438276
331.8,-0.3363392726748854,-1.947377156327397,9.255105134849922,0.14783056227265087,-0.009175058527711853,-0.040123988557241905
331.81,-0.26275667227329413,-1.799711065350479,9.51783779121079,0.5265040908487035,-0.04027572760609273,-0.01957004155275463
331.82,-0.03520558998133254,-1.9719211582386016,9.944626151600405,0.2009283888658392,0.020390170740278594,0.00998673600964619
331.83,-0.058474539529650274,-2.076948266834807,9.086987176578065,-0.12455568331660827,0.044323578011104176,-0.0036383478856484796
331.84,0.21448454988789734,-1.9852656370999051,9.580052426213904,-0.3078617178830591,0.012582551126559687,-0.012303883426625082
331.85,0.03846006936510803,-2.3245337667241923,9.731913046788081,-0.38308224273372643,0.004221757094515648,0.0068485935138936525
331.86,0.0025095638854484986,-2.0957884336502075,9.404331023972258,-0.06525908998716634,-0.020188435699945162,-0.026935694179277457
331.87,-0.07445217355819778,-1.9975185458727045,9.609066619971895,0.1725256084386781,-0.0004654263589884619,-0.02658117261415976
331.88,-0.016361318768223443,-2.485976103471102,9.94957150487467,-0.029409904466826845,-0.023098787555457283,-0.008834416493356036
331.89,-0.14676736372742002,-2.1166414078830647,8.513587257845776,0.08233250929733371,4.2555177818324845e-06,0.007950354054209286
331.9,0.03272976360034821,-2.0169575645864475,7.764712747255617,1.4433949474647838,-0.044700770809953036,-0.032214475293409234
331.91,-0.15432821534202606,-1.3908135514726852,6.890846447461191,1.517971354948774,0.040924991471613235,-0.03159693110675409
331.92,0.01894085282881272,-2.1124582906038802,7.175871655263537,0.272987447888045,0.2011630849540202,0.010454711840603311
331.93,-0.08457194828741768,-2.0098474358146605,8.722817314727825,-1.0504089117306006,0.3022523210117105,0.031644369793912386
331.94,-0.3142702728837297,-2.1577024570659122,9.203262512729024,-1.4447986830656385,0.14282634267217584,-0.027657173724605806
331.95,-0.25255394042050233,-2.328612040918761,9.086042164887335,-0.7679672778730605,0.012673132878458497,0.008124747862000372
331.96,-0.1565637079005,-2.4215348954348648,9.830011331098401,0.04149660051188839,-0.06462430608045154,-0.0037529675915122904
331.97,-0.1698037770308838,-2.0627837478259132,10.358470708514622,0.19460988314073716,-0.04218895782060203,-0.023610575444727458
331.98,-0.17194163382583882,-2.2000912528710828,10.920203866962844,-0.19365883753295365,-0.01157386865851641,-0.0214782627084623
331.99,0.008379305590321323,-2.2393927167865333,10.35974878922314,-0.4843972179108172,-0.030734110716957003,0.03479345688733023
332.0,-0.24142679568472417,-2.435963537911786,10.832142770189261,-0.6268032735467532,0.008697676935058123,0.053334111312874286
332.01,-0.03509841428298134,-1.9150363977577693,9.444024637038197,-0.020197984971627954,-0.07260826321367903,-0.0004952018039886115
332.02,-0.37498837345541447,-1.998955043089897,10.07405196025131,0.37647591726454466,-0.09808347507741813,-0.02739238923704055
332.03,0.11582080246182319,-2.1834907684551204,10.180493699436036,0.0625362868614291,-0.036788392354063594,0.003290168338448824
332.04,-0.1904377919991137,-2.1635463876448444,10.033705473563076,-0.43956289533159343,0.013997511140234066,0.03046225813017845
332.05,-0.18702438708255403,-2.46570508553764,10.492823667163046,-0.7272201550250723,0.020336638188748705,0.009532668914407422
332.06,-0.09963150191298933,-2.3419068651829478,10.726853981884892,-0.4154746436585757,-0.04362849417193617,-0.03848873795668448
332.07,-0.2548459496765389,-2.409580285275955,10.492073415017684,-0.01303445782542395,-0.035251143415906475,0.021525734383543486
332.08,-0.07477988855287743,-2.3912762667286427,10.523724899702986,0.1826036488853139,-0.019752576633066277,0.031359123026800814
332.09,-0.03305017330245928,-2.0421584031532376,9.282499177381208,0.18156406664217675,-0.0667525337587433,-0.010156957393661492
332.1,0.12545383648501604,-2.134703471881036,8.89421833782366,1.0499292786716439,-0.06426578289257494,0.02536175090513902
332.11,0.21658658428778593,-2.172789124147386,8.55481597875575,0.981688284465711,-0.03857094201032895,-0.03732839735546495
332.12,0.031303778182581454,-2.5981589307905795,8.853764756709309,0.09369015551718574,0.060616491856076454,0.018934185296112967
332.13,-0.26139323063450226,-2.5285898187396456,9.564828359029852,-0.7023762355580987,0.08540701827067078,-0.011024792191136824
332.14,-0.056422385918994705,-2.5464983779983106,10.190123961736116,-0.8484660379629789,0.014834394532160036,0.05826506256392731
332.15,-0.03091075029142365,-1.8438089465561418,9.696148513329678,-0.13043203428542294,-0.05990937784775233,0.02030648776864116
332.16,0.11263351947874745,-2.3942312662290037,9.941036188703839,0.3451713710335597,-0.0736437087997187,0.03538812970576749
332.17,-0.4431673590545132,-2.2618123635783687,10.525779626247958,0.1972000414004753,-0.012918263862450662,-0.007229757839394718
332.18,-0.4005138488856774,-2.2343789151728544,10.43145892000226,-0.21609339816653964,0.015571105522278245,0.04004067484282399
332.19,-0.038355778548961814,-2.45224123160025,10.23748642749764,-0.49473016046575297,0.018517431600642707,-0.021176986282753846
332.2,-0.06538243773455765,-2.197357674286604,10.414249418343957,-0.29820035324154137,-0.009180903734760503,-0.0174290688415621
332.21,-0.21306742660441613,-2.1897424998885264,10.065317097196328,0.023203642382507057,-0.02288647525073309,0.052510494749900063
332.22,0.023678763855096208,-2.1995077605847797,8.978932837649559,0.6282817275607039,-0.03947479427693633,0.030703440605843416
332.23,0.03646517534483344,-2.048075463322775,8.931288253333244,1.3898367614695397,-0.07775469901532887,-0.05200879189109377
332.24,-0.34785195633118954,-2.140474715007783,8.444259068417558,0.9703208197756453,0.0026419218730987584,-0.007923699775620536
332.25,-0.14499005111675017,-2.379482814310004,8.903455488118079,-0.0749143580461245,0.14677353625146414,-0.011250932763355617
332.26,-0.31771438988231215,-2.092686992509305,9.68049554480669,-0.7403894613926464,0.1016709389024346,-0.013298805135714265
332.27,-0.1482171500406958,-2.194864817482158,9.836151135666272,-0.5664140322405039,0.01333937444940209,0.015713426369475293
332.28,-0.2891351659130248,-1.8530399094586727,9.041903722060589,0.3451162149694854,-0.07872211731775412,0.03986078625302712
332.29,0.031728612241822066,-2.1668421928968598,9.834828869814995,0.7432162379038557,-0.06581017672477833,-0.024698025018236758
332.3,0.007139039839168748,-2.066256669461856,9.930118761234386,0.3638608316338769,-0.028513711770777952,-0.02040108322500387
332.31,-0.22820519202298312,-2.2031398724402624,9.641415863439686,0.040520351636935154,0.06103676532374955,-0.02873798192028191
332.32,-0.1314948451810199,-2.3538250340790188,9.603120383969365,-0.20083723365592152,0.031045325161717444,0.0028246825867379397
332.33,-0.042879828329167397,-2.218941336242096,9.890355508517317,-0.08260953467877508,-0.05654792183207687,-0.00601419492743093
332.34,0.06019992792309713,-2.0866812457935184,10.131750322999851,0.10273348409809575,-0.062206429885225456,-0.0018577693562434076
332.35,-0.09407323219830618,-2.118570827132608,9.796083609954264,0.12333603956758282,-0.018481982102160326,0.002270805342027106
332.36,0.09000838822081844,-1.9158501722111618,9.973279950044175,0.03780160414571439,0.025099898598468784,0.02785979003386353
332.37,0.04795341875835166,-2.17964999300874,10.190240767438219,-0.03716199144822023,0.026505246520351085,0.03187342038999346
332.38,-0.1331065972541103,-1.7173839100461596,10.010195338697473,-0.004935570741705092,0.0028935276252168777,0.008553249704128229
332.39,-0.1972594993304664,-1.721838457328367,8.72852333974001,0.31006883447543776,-0.03661416610866988,-0.030190197685279606
332.4,-0.17242931799879402,-1.829967166513766,9.031222943557147,1.1453857478329093,-0.0749176958679923,-0.05547148439729929
332.41,-0.0058275605971512545,-1.8230622556096536,8.828307536299453,0.9358416487996886,-0.032179477139232485,-0.020967094204964336
332.42,-0.25794881804731473,-1.927013394839219,9.134490940655564,0.10619835259683341,0.0657274101471164,0.02499895250008391
332.43,-0.36845418993415024,-1.935390768630084,9.852350147426137,-0.5620703093636786,0.08985584146209571,0.023271062733105315
332.44,-0.32479634572052685,-2.209387345982138,9.910669335790399,-0.5078992088244305,0.025728554946947653,0.018117727835067255
332.45,-0.05364361962084083,-1.875608267926269,10.229170913673919,0.08252385121403401,-0.024572545316022352,-0.013528479111986229
332.46,-0.239338570350347,-2.1024277884906692,9.833891060295743,0.49040562887012784,-0.03482936885783387,-0.017404501720758414
332.47,0.07542801707701403,-1.725776456045706,10.27863188573422,0.323248025455213,-0.028620053903754994,0.008329103246247378
332.48,-0.14186984777886424,-1.86318107152413,9.321361308239855,0.008489108603415427,0.035081782742400064,-0.005829958564870128
332.49,-0.1126238194595709,-1.8412085291985045,9.449713118270001,0.3130016980083208,-0.010979554677219552,-0.009810423171791236
332.5,-0.09589189750928984,-1.8180880691034875,9.44223062979852,0.27373836177371924,-0.05154741947041544,-0.012969279699170364
332.51,-0.1450233868971054,-1.5205688305077232,9.508005413809478,0.036720723111027864,-0.02713623232113527,0.020805022421495817
332.52,0.06406747562021455,-1.528081064467808,8.99353507649261,0.8301095525056029,0.029288839594682606,0.03016163576135535
332.53,-0.31003802931022084,-1.9008684626134138,9.045013054675353,0.8630480941438947,0.09376689639540799,-0.008102481486196477
332.54,-0.23529570615712325,-1.9288211465578549,9.235110768133865,0.23436004009737277,0.1572911813835371,-0.015106571311740133
332.55,-0.3067491234291786,-1.7710749078407095,9.587854182846009,-0.21284295512143142,0.1017309698232455,-0.037724528213842166
332.56,-0.09624464458418311,-1.668272136673589,10.228440284177886,-0.3788921220602375,-0.06388269659324558,0.0006415851941154647
332.57,0.010430785819043692,-1.693022585417338,9.634063748902935,0.012671148965431245,-0.15811840749932607,0.034673691938662765
332.58,-0.02966098583613723,-1.764383835304201,10.224356485225577,0.22763881459272733,-0.0897946439545993,0.026159637359232567
332.59,-0.04995427497733203,-1.3610048322567057,10.119087932839168,0.12116527996900109,0.018951676057706444,-0.01054244186109322
332.6,-0.237379043250674,-1.4862801300433974,10.20724139186614,-0.15232271419173293,0.046961745721808515,-0.0026093157676029314
332.61,0.06976374695754603,-1.6470562599053777,10.05767050046603,-0.28536994152260686,0.020074735399721568,0.009941372717562028
332.62,-0.2803283564696135,-1.4706940198883296,9.710749281912051,-0.07787680276801075,-0.009124229304017566,0.015200666285991605
332.63,-0.05132547812165683,-1.4404988964646912,9.993652632042304,0.3267131303828072,-0.011966071981358371,0.010352411240807267
332.64,-0.12109280280149796,-1.327171205380328,10.37589233828002,0.3675333299944443,-0.03615626266365118,-0.019638396030972567
332.65,-0.04543949383798693,-1.9608354972556095,10.213329585523091,0.08687035215723028,-0.028197954809307778,-0.008334699229652813
332.66,-0.23277888587038012,-1.2452359254253635,9.459849237805265,-0.1455210867251081,0.0035407960050915736,0.007047672577130877
332.67,-0.11585158003897077,-1.3238021472364412,9.255447280033042,0.33961031491666555,-0.026256457750425934,-0.014681208821405296
332.68,0.01430114648980041,-1.5330232119800156,9.822687501902603,0.3902039017697218,-0.07046379702749384,-0.01125041886799374
332.69,-0.19323946057283337,-1.527283381195184,9.904947978511323,0.06676539501129798,-0.01827203958634519,-0.025541293486815973
332.7,-0.3644654728696377,-1.0774354839816482,9.369699766136097,-0.0952230488822727,-0.007804362988027129,0.018592077038338834
332.71,0.03303252912390724,-1.6070960491058965,9.72655017046847,-0.016457532057605754,-0.003771690248687032,-0.0188619907660757
332.72,-0.13645311109891473,-1.6914880740085874,9.815401556355111,0.13766467499438637,0.012747336477756856,0.020196361719218563
332.73,0.06101379054512722,-1.229698107054837,9.8274974410027,0.38191605028641873,-0.025278402279454368,-0.0004409062751101131
332.74,-0.10840976639265679,-1.423532223101321,9.93070164939582,0.3013811180276737,-0.011620612251943099,-0.011155427052885596
332.75,-0.5467189953139742,-1.3246266788246503,9.30416819907414,0.09264456070419272,-0.03160963941759173,0.021818098539046912
332.76,-0.2277382709436446,-1.226536727073939,8.86731491243427,0.5871438096917582,-0.013779509555367424,-0.015441106733300668
332.77,0.004628080389651304,-1.2051996039790787,9.413395898598825,0.6815910176458244,-0.016759525921462216,-0.023276950652273795
332.78,0.08674918901263551,-1.1152701035526436,9.94567615963928,0.19470862600118455,0.058290547021043235,-0.018339059067814127
332.79,-0.36323560114229003,-1.2907598024004612,9.853679888771978,-0.12883363900490874,0.06215494551225659,0.013211959011792307
332.8,-0.24952936242133086,-1.2939045518304817,9.950041244553002,-0.1756276114142695,-0.08174377022689107,0.00587836049321856
332.81,-0.05682797566861271,-1.137657828345632,10.124903039109425,-0.0009901240579463589,-0.06772846641241134,-0.0059878362496067926
332.82,-0.14135444848691497,-1.4617439967707595,9.764638039560072,0.12263250732292977,-0.04512095087507119,0.0011797900171799317
332.83,-0.2468959239441556,-1.1230379324158661,9.629954766770764,0.1310997430148544,-0.02980083929498263,-0.005177294912249915
332.84,-0.24482465817703597,-1.194527589463666,10.015969476245093,0.016312191430415984,0.018343095899052284,-0.014470385480074656
332.85,0.059204171360993915,-1.122544459406689,9.72952687456438,0.029130493606968733,0.010811714906940493,-0.021959840687756044
332.86,0.20457897638357156,-1.3020393511651285,10.082590942577799,0.12054969374283343,-0.03325238605092928,0.0009230332669618257
332.87,-0.3392782872473536,-1.0357915309531023,9.557929661366247,0.036452424059577576,-0.054922928679594724,0.019553217359342723
332.88,0.011661840728375547,-1.4155271729808543,9.714439917002215,0.05436181899985987,-0.026102184624009032,0.014662978004068086
332.89,-0.006751905087385615,-0.6748940107264424,9.244910144462848,0.44423192192919836,-0.026551555106725286,0.006443353281409401
332.9,-0.216701663454545,-0.7493329627651182,9.25940415951206,1.447226670631593,-0.015952254403397963,-0.04160752246252332
332.91,0.23675040314236895,-1.0498399353434833,9.852263594457735,2.0946073563989698,-0.1572316561955788,-0.03339132349275488
332.92,-0.004669443024875153,-0.9021504139704688,9.658593184662811,1.815512310996551,-0.1994646961448139,-0.043611419794615705
332.93,-0.20760990528464568,-1.0276703197897301,9.497972311150672,1.0265302178778652,-0.10100901093713602,-0.05449183305913838
332.94,-0.39036471131005285,-1.0321382806739805,9.92864034836927,0.4357540448194889,-0.05991417106485353,0.0219165966119464
332.95,-0.12707611729378698,-1.1147670599227162,9.949722676175453,0.5143817637915105,-0.06180252932191928,-0.009038116638500314
332.96,0.07779434284970516,-0.9255695392734424,9.824362141745162,0.8469823257147131,-0.09714230375465098,-0.006926225291966429
332.97,-0.11689458125281096,-0.5291314008071188,10.090673057791612,1.0359040664381933,-0.08007769190112607,-0.030445069773849538
332.98,0.07950748605143022,-0.7402021243532997,9.752290878084583,0.7277746575244051,-0.05203671677352335,-0.0026536096271795482
332.99,0.05031298870370987,-0.4709537523031671,9.599843274799571,0.3773596537695338,-0.0668912163306336,0.04459537305263082
333.0,-0.18063648264341614,-0.31941173276146184,10.30076759044425,0.20319514423474988,-0.03196924773990142,0.02094784078310342
333.01,0.1002199352908832,-0.3805965954893855,9.951026791606472,0.25243726901936864,-0.037976843442110844,0.007100740016534164
333.02,-0.17224476471145098,-0.4922324176465158,9.83745143000592,0.36902446042563003,-0.03858512684718536,-0.03561728738042871
333.03,-0.28739097926273977,-0.40754208630653077,10.151889980118542,0.38172787132252195,-0.06412149955007987,0.010636648288325015
333.04,-0.14560727060708695,0.17235923568839182,9.863874864086698,0.2675237973509169,-0.03883045490176444,0.024693285864564953
333.05,-0.10319328019211946,-0.1515997725733806,9.87622737680681,0.10695964214873506,-0.02281674564275745,-0.020770789908186545
333.06,0.06717297442595405,-0.6640984273783076,9.804727831698479,0.0052756030786511796,0.02692370228939915,-0.009961372199128612
333.07,0.03964325846776738,-0.12199487781489131,9.68970927771175,0.03576475969604258,-0.0042540412661739,-0.011567113803904122
333.08,0.1572073404851043,0.07589247473048766,9.745824717651487,0.11470236197633345,-0.006620413662375747,0.00178964503206248
333.09,0.35221955089908286,0.24256631969313708,9.962349747185106,0.11730275698000937,-0.02321129497259178,-0.011121311089496955
333.1,0.09936960518240574,0.1007007090288555,9.618993429634704,0.09608673786284105,-0.022074320570666547,-0.026717378916845752
333.11,-0.0685866377815799,0.05274139611986478,9.66328314114549,0.011635338050848956,0.0069107406104363285,0.013530001119819172
333.12,-0.025885013800494766,0.1047674954965377,10.016955214796717,-0.0016131155534383004,-0.0010790249894451715,-0.016590608641182756
333.13,0.0382799997322469,-0.06760883267118448,9.725872386397484,-0.03231658973749699,0.013833117306088556,0.029763100011929194
333.14,-0.03792481506058511,0.17775927963800112,9.80458324145392,0.04388536685963375,-0.013425035866950968,-0.008804927928537687
333.15,-0.32422909330499716,0.013486787476097377,9.666790963291964,-0.000874074457220566,0.0061618054054303015,0.012515376121989122
333.16,-0.1730153182066083,0.2249346455305878,9.593876522805424,0.006588384450340998,-0.016118422532709252,0.01734854131917094
333.17,-0.06606930727733706,-0.23879598899901577,9.63289137667762,-0.02490358707763423,0.03028927794354993,0.02860403268701459
333.18,-0.12069782769643972,-0.042601237745072504,9.604944414960942,-0.02672565701529442,0.014759597933817176,0.003541150199894947
333.19,0.17369427364498474,-0.20528158397403612,8.639569887583674,-0.1421530238649665,-0.3936549534814257,0.05716052979397198
333.2,0.37403440184976355,-0.15328837824018549,8.190398628266621,-0.5366892023867772,-1.5830427128171671,0.2033549492142336
333.21,0.26497642842034735,0.10898501644107203,8.860098123568612,-1.105497934798233,-2.7695060346173186,0.25272782945825517
333.22,0.03025702055233781,0.11422953549884751,8.534268369899841,-1.2756980388188266,-2.770340675424194,0.22447574930902034
333.23,0.14036278448423303,-0.07494834979701079,9.082084192723,-0.9052857980552118,-1.9564196538321725,0.20334376924037423
333.24,0.24051113456629658,-0.3727794835673944,9.721759215409461,-0.517398497306142,-1.1422171431569959,0.10239233087441311
333.25,0.8433517220290543,-0.0586222762042852,10.34944450392003,-0.47248717631477133,-1.0313517479927057,0.09757083965341032
333.26,1.2053271399938206,-0.46840293190592547,10.233344027924375,-0.5963612763559099,-1.3223280162355309,0.07434399227846415
333.27,1.149029645403877,-0.6825334478384437,10.49465295793583,-0.7735207158168942,-1.733786873756633,0.12638373698669525
333.28,1.2835680176027606,-0.7359646242353735,11.28597194323882,-0.7920588035422714,-1.6848375023482272,0.08738784698002224
333.29,1.2970455222065842,-0.5512507749978858,10.77386337264516,-0.576789672947298,-1.2881213101044475,0.1064835483350359
333.3,1.333800576605944,-0.8705361156412141,10.634957478815908,-0.36485461047413364,-0.8582100841380828,0.0595355091412072
333.31,1.2739261132605477,-0.27128138571328025,10.460857044323502,-0.30560945977060305,-0.7042414229841891,0.03603273365372689
333.32,1.6637694766474775,-0.9101812962548165,10.299323764739315,-0.3508090548724606,-0.7833156301137468,-0.00939414467943445
333.33,1.5740575977216456,-0.6690895939641758,10.035433910406876,-0.28683481838493663,-0.7343474403739984,0.06674960697365195
333.34,1.7237644807084533,-0.8727483032136043,10.181153346620343,-0.18451624955806176,-0.5853375447078608,0.014875596993186057
333.35,1.7329757486636603,-0.7820135861300188,9.821988593296963,-0.09810832850088366,-0.5299652980443261,0.04582186005321067
333.36,1.6982561203983988,-0.41093491298899115,9.978167526438984,0.25686870434880393,-0.056935455915715985,0.027122938137202655
333.37,1.644862667994447,-0.7120225363823275,9.479350611422747,0.4377327249764848,0.2313228506718075,-0.028936764967237537
333.38,2.129159574592334,-0.53047859663001,9.12456710134168,0.2638150008082835,0.09828372688043255,0.09214714641854546
333.39,2.122768563204263,-0.898726002606177,9.164772684477498,0.3051463528111432,0.20893034565754035,-0.0016763353685880795
333.4,1.6714048856038077,-0.8523193513370539,8.751245718709786,0.122385254026388,-0.0022917481851967587,-0.0058950911664714415
333.41,2.24968243206351,-0.7642000716436468,9.217831248001627,0.058568194795293085,-0.08017133332392534,0.029122947549415194
333.42,1.8310157538128715,-0.7896610101960012,9.765065854721263,-0.02537919042707741,-0.1586072771816968,0.006621755852638914
333.43,1.8483460405923402,-0.9025077576969587,9.910573004498216,-0.21918372576675085,-0.30476873443793323,0.01036417451070963
333.44,1.9878137199314607,-0.9995738590426416,9.636458276783253,-0.25829520178555093,-0.34307128696621414,-0.0007114894363925688
333.45,1.935402047577054,-0.8909250868905702,9.814265006752816,-0.12628300558581215,-0.18962143835276896,0.008437837762726556
333.46,2.185865799117501,-0.6968114727085354,10.082644086221148,-0.014009731844562223,-0.028522146333727037,-0.023231044162922754
333.47,1.8077865079331055,-0.7159079535625805,9.802517242953522,0.028264322276876197,-0.0331518052719361,-0.012289515150341993
333.48,2.085688951670161,-0.7523729187785975,9.72725028428692,-0.07926902604118544,-0.13251474301791913,0.009786682131279112
333.49,2.0599158417578365,-0.569614660494228,9.738378116876284,-0.15647221093913372,-0.15712239289737293,0.01287829906805085
333.5,2.326981041207148,-0.7127531559652496,9.852338241786043,-0.08833593627680719,-0.16714518653195737,-0.02171908858670807
333.51,1.8631542022235497,-0.6811711266543781,9.310517873372714,0.026565172047605525,-0.006082521825676909,-0.003916090184100952
333.52,1.8214658571488158,-0.8699146287660583,9.600754357754084,0.23125392181390497,0.20782273146070296,0.1045823873458216
333.53,2.194652745620833,-0.7888542064917903,8.892403350796435,0.6725176167801502,0.6315509873687318,-0.011597695144242266
333.54,1.9574147158454869,-0.6519671756637971,8.432076498905293,0.6767514426509654,0.710231761121753,-0.004458878375816584
333.55,1.9653527313349073,-0.7591794013368931,8.692688409248351,0.3457085979258362,0.30628811081295143,-0.0009705251320903236
333.56,2.4929010019460147,-0.8467964033391201,8.781506796243352,-0.10136972959012318,-0.1617346777295785,0.019634332925601808
333.57,2.295415438861272,-0.8123298291076173,9.800311506068951,-0.4036500878887902,-0.4602424902689437,0.027352114787106363
333.58,2.1002772691967393,-0.582679944941555,9.73707216971307,-0.2762876387621826,-0.4515195972161137,0.032946306220659256
333.59,2.374178321467987,-0.7736822655084887,9.790224358191615,-0.01572658489295737,-0.13787868447556595,0.015040858383553696
333.6,2.074855367905098,-0.8113983172995132,10.110316512850478,0.13161581494372745,0.04125860805304856,0.0009426890208863066
333.61,2.073510660452408,-0.5390700578608864,9.784154475437385,0.01390237022510728,-0.014082417061359008,-0.029795360937475576
333.62,2.1967789519276497,-0.8642280047537981,9.60470106299755,-0.10644887746686962,-0.188203824484563,0.029160373218954365
333.63,2.155258062541378,-0.7512153715911646,9.89631332013526,-0.20342376953444705,-0.2577189851201268,0.029064656554441876
333.64,2.2287074986216524,-0.6727977117355611,9.657591876701908,-0.08053839732457606,-0.21068704127651094,-0.013986683043771164
333.65,2.1633292021598374,-0.8129352558430765,10.022480524923909,0.07685032974252888,-0.05563870959469788,-0.016446478337159308
333.66,2.014536803461992,-0.5491824928769826,9.535333924059573,0.17675176772574341,0.14064681412836474,-0.03520164912350583
333.67,2.0627590642017366,-0.5278588139941347,9.626109922084863,0.13572883843422903,0.12046133458787714,0.0010094140865428564
333.68,2.106617607059743,-0.9167357320634137,9.502022043931865,-0.09194878391780237,-0.05891778673003674,-0.000407426739720555
333.69,1.9706834316742035,-0.7066669788440496,9.46466114692659,0.03639404119585725,0.008732288771556303,-0.007356639498125237
333.7,2.122487495698248,-0.5507727345442186,9.539324171583347,0.16071451072904971,0.12065343291900982,0.009655827833999455
333.71,2.2267137293535173,-0.6929878887941628,9.365204470984963,0.10738648705759324,0.0390995907763185,-0.0340891885254395
333.72,2.0238823381866298,-0.4974062760543345,9.59978982723874,0.011868863265754693,-0.02455077476663548,-0.02333019195913031
333.73,2.289719180461523,-0.7893715907719385,9.384266687533753,-0.053350046787948205,-0.045403137042229494,0.0021294658135866907
333.74,2.1384480806532635,-0.9270574135414744,9.1939029434121,0.0685413198524234,0.02910497518344054,0.11705076164570041
333.75,1.9351245746187722,-0.6428172697653727,9.492199021731887,0.4248406758996969,0.4458722956416055,0.016581028955992887
333.76,2.0917858104577807,-0.419294355303884,9.130078865974681,0.4057983091554697,0.34689730971738675,-0.015776459245777724
333.77,2.0298078855837054,-0.8046215370542651,9.27163913996021,0.2071022498102528,0.16329060365869305,0.024333075731619025
333.78,2.4645154794047053,-0.6059960223879992,9.014122167874618,0.39969298746206,0.3764011005266379,0.028062568103077747
333.79,2.270664543350424,-0.4059798832803352,8.959432248781924,0.3094104083479337,0.27410188919873707,0.006470361101404566
333.8,2.3096092844288463,-0.34189181209202496,9.083393351014612,0.014932874926233096,-0.04937543726126264,-0.01330098092023258
333.81,2.0162575101946296,-0.5027967811235962,9.35467523644363,-0.18944813226099738,-0.30656613556764073,0.0026859004403876324
333.82,2.4660523005110537,-0.6392677165592298,9.71034896391938,-0.24621263344550795,-0.3578351321287767,0.012047328719989675
333.83,2.0687839343186076,-0.445221507892632,9.655633218948212,-0.025170357802269547,-0.16748879077758932,0.008158657962675677
333.84,2.128456976892883,-0.3894225988671619,9.855807503168316,0.0749155302135951,-0.009728532364783337,-0.05447140254787264
333.85,2.7552106606423172,-0.4377110125218629,9.842756232400138,0.10441377614079735,0.09811208174689502,-0.020562843164310375
333.86,2.405163350835746,-0.4673516952395777,9.794972147299715,-0.0025467896963944896,-0.030685110842884417,0.005082216904562656
333.87,2.3904117715004705,-0.5374905570416771,9.526216238855966,-0.22136333568629316,-0.2893883560825125,-0.0037971900938044405
333.88,2.3836453411415777,-0.644602719953981,9.692811843485448,-0.24843194092552112,-0.2969680733468117,0.039402661627152405
333.89,1.9704033337825189,-1.0195473181425911,9.870211930155646,-0.11366941833946279,-0.15140208319199505,-0.021531781589093205
333.9,2.049825381997121,-0.4416908421616501,9.822016472097374,0.030469660304616522,-0.06878824003050274,0.0015324866537020296
333.91,2.1075447246566825,-0.7252362677773108,9.584338167702633,0.08027670930082603,0.015054957054863583,0.006204438018222288
333.92,1.9936835714310543,-0.7503597597986484,9.637790191396277,0.24620460230301927,0.23181239847110427,-0.033650246369146486
333.93,2.0960101275813385,-0.20483153014039368,9.579985416190096,0.21976703211675286,0.19738895010143842,-0.025790929029132107
333.94,1.9745870971542057,-0.658279292264837,9.303751001728061,0.07268175479670386,0.05777691937134194,0.08863978701230282
333.95,1.9317444158432033,-0.5434067501191869,9.320647785444583,0.26167467781473686,0.24882683273849435,-0.03561059459976802
333.96,1.7419983645924408,-0.3865945809074016,9.419244188268241,0.17810068634971044,0.17074042028815814,0.030432536034390598
333.97,2.0640702366802146,-0.6853320780596533,9.577475336028765,-0.03425926521026699,-0.05233694455252416,-0.00893547977309894
333.98,2.0253269192988856,-0.49684772631547436,9.825209652399936,-0.17811927733913574,-0.26228793714945514,-0.007714879703100589
333.99,2.4557586265434623,-0.5524768709652482,9.32264202498872,-0.20583327053873796,-0.2950769671855242,0.007264652241991732
334.0,1.9310543962224151,-0.572855271666136,9.457562366539525,0.038730776551156525,-0.02003586713631384,0.0739124612465639
334.01,2.1080119347780397,-0.6642656171922685,9.452865424832082,0.4647886479919926,0.47783562117727607,-0.025550774188001252
334.02,1.8213591519234642,-0.23169313168858202,9.197432533171085,0.4531092424255469,0.5225272455994248,0.004519113857279065
334.03,1.86956624039733,-0.5987158175057491,8.851613483874619,0.10157040962303332,0.13973793672196697,0.0400653917268076
334.04,2.151188019340929,-0.6671752983756003,9.124014553030802,-0.22012509532228142,-0.32514406326752654,0.028633517703021416
334.05,2.033183430870902,-0.4580295876095676,9.503625798395102,-0.24636552534420364,-0.37135710874381095,0.0009029566620256495
334.06,2.0149311280544926,-0.4011527671523989,9.39369930192412,-0.07668139343645097,-0.1766204640343233,-0.0011185652024291724
334.07,2.4223918979234327,-0.408693956717662,9.677491256809988,0.03629146669536061,-0.020690322168871025,-0.004240398708527184
334.08,1.992481401489898,-0.640281017549563,9.363287366506357,-0.004390415531453657,0.005790937596150111,0.060972327927557746
334.09,1.9303726311784495,-0.6944667782761249,9.573179900044828,0.12840098392685523,0.07182437533668737,0.004984742888790028
334.1,2.1543006495306676,-0.954608644895238,9.730188877862288,-0.03490652689480675,-0.05868403225856976,0.0007785619654915327
334.11,2.4597030903005006,-0.2064277668563055,9.33018277206794,0.07107712142909062,0.04791630608211167,0.10109811935906181
334.12,2.121450068512282,-0.2808023849244109,9.16387431448933,0.529694752023953,0.7114801504709235,-0.007857477639669536
334.13,2.002042472344304,-0.3631079617062244,8.281716086571258,0.60477136286055,0.7794299023015124,-0.015330327728247283
334.14,2.059298697513105,-0.4282614969270768,8.53197018831948,0.34972077709800437,0.3938599440432326,-0.012003471420645636
334.15,1.7892922197269436,-0.4816476733677615,8.648211356714928,-0.027445568653860875,-0.16687752100466866,0.034820092144318464
334.16,2.1515438477516033,-0.6892498639570237,9.481194212619995,-0.3601269473345816,-0.6077673339452636,0.006234028593073166
334.17,1.8486748006855944,-0.35934521044792284,9.630089475301377,-0.4003402783911113,-0.5927373829964169,0.07480758568103398
334.18,2.0843264591585773,-0.3067931667103171,9.763826489513782,-0.045474074775242,-0.051434436051304856,-0.013464745163523322
334.19,1.8794258391938614,-0.7482508401746535,9.828208874280623,0.16157111342338065,0.2205659472387985,-0.04040466942265188
334.2,2.1734322797572037,-0.3686172005013271,9.732743163167244,0.04429212899048472,0.0011605731588626156,-0.015789707848579557
334.21,2.360292047406344,0.07296356782062091,10.049125406174383,-0.17480279536983,-0.38720831696909247,0.04485458412933051
334.22,2.0245258044269296,-0.2915687047882599,9.832953577054159,-0.34178093056475645,-0.5646681345108755,0.04364712490999299
334.23,2.174187338546444,-0.4892310913412335,10.277362299178485,-0.22873060180881719,-0.36233646493973604,0.0437911105752824
334.24,2.1865115589993707,-0.1951487133956293,9.857482256438162,-0.05367023926927996,-0.06835576381439162,0.011085379711240892
334.25,1.9991552070678695,-0.07542400676441263,9.981885242167252,0.023458193277183438,0.029122849734956602,-0.028422844343541434
334.26,2.118060594611514,-0.7256227739853902,10.119950383152313,-0.09150401763150996,-0.10001967110358885,-0.03623004041997581
334.27,2.207670482143022,-0.7553624097209687,9.790201084832894,-0.14894608841620738,-0.23945046734505646,-0.006811601109095794
334.28,1.889514998276764,-0.6350870550493051,10.012047859673164,-0.14568886495545605,-0.2098442045515415,-0.013165752588962527
334.29,2.1506795151667992,-0.3917417277163463,9.702993338100045,0.018427042029623236,-0.05443961307389804,0.019367726728563395
334.3,2.3773814900964267,-0.47887938967051497,10.048581030151222,0.07595821065304856,0.06676682332078882,-0.011907174160582141
334.31,2.1287067773729307,-0.3407227865125475,9.844055901956969,-0.021791639392567796,0.05571588287065493,-0.010115193738857586
334.32,2.304797366687331,-0.2636395861995863,9.514392278043937,-0.04448065934855883,-0.025065356393282594,0.05102267036099463
334.33,1.9485157778127709,-0.3358271065543451,9.642651932487016,0.142739090121163,0.10370678780927,0.030958449447406042
334.34,2.249976973583899,-0.09346781088896772,9.61358011858383,0.10421196949564696,0.10144515501185124,-0.05735430066992345
334.35,2.117654667393741,-0.44058019601230936,9.362482143389002,0.000970717975817369,-0.05559137624324395,-0.005698671448893248
334.36,2.471157594278109,-0.9428261586746121,9.625669173322695,-0.03775180824630895,-0.08384870864649169,0.02130604334096725
334.37,1.9675270597400762,-0.2912033309301296,9.755630417047222,-0.08973654380550322,-0.06136726177872426,-0.005347647822891488
334.38,2.5665825954963193,-0.32791394068173213,9.183150419419524,0.08938814294395897,0.17137191793204679,0.08047596716538678
334.39,2.234299869637906,-0.22247249647126008,9.400659342375455,0.5133654670543588,0.6890423890422382,-0.046756475600325836
334.4,2.1476592844289724,-0.5379424756331577,8.897518240309171,0.5113441588419182,0.5806805871834096,-0.0285848749555326
334.41,2.152960114497794,-0.3729044221155454,8.686827574290108,0.34210812088496884,0.3620154327135179,-0.01710073026956289
334.42,2.0471623419077107,-0.5789498979510871,9.061503041996907,0.018792416705113276,-0.024430239767884304,-0.0031717202224248106
334.43,2.2072833149956255,-0.5171737936994449,9.460794661465576,-0.2312392210502826,-0.42297183202726063,0.0024703073116558068
334.44,2.1064009235022976,-0.38430614861541135,9.44134860269521,-0.2660563738113075,-0.390024183568578,0.0510593330634711
334.45,2.2795092175285783,-0.4522777860559585,9.65486921426262,-0.09992428898360083,-0.2197796216972853,0.02095543159823814
334.46,2.0476523336781587,-0.2845939791437828,9.628668744640565,0.067180255070495,-0.0007340860430503499,-0.04056422490495187
334.47,2.2011035992331016,-0.6541864609002426,10.309579585691669,0.13814197755206759,0.10003219740896029,-0.03203725188912135
334.48,2.079132263344891,-0.33370547894183467,9.630624748562647,-0.03891637448846555,-0.06741402082311652,-0.02332662960792087
334.49,1.96331871834313,-0.6429239129928712,9.414519776148003,-0.09324334809507388,-0.14378366907974988,0.08104127925359347
334.5,1.9642164381223375,-0.39535067636540383,9.598801252607199,0.2099092019144614,0.2985010057025728,-0.0057356763718731316
334.51,1.9131042300560965,-0.42250482391388544,9.336809174601466,0.1955523827643979,0.3293596300831656,-0.021574900636742236
334.52,1.9284216466102324,-0.5112184635173134,9.175570019627393,0.05852419012161822,0.0022200261427864566,0.006133437955350186
334.53,2.0480335024634124,-0.18875675049948812,9.336476519668436,-0.09053501477446957,-0.16274129695577552,0.010486966033544452
334.54,1.9575119189525125,-0.23815913857261303,9.677607124565476,-0.12226330518874017,-0.22513422905312103,-0.005917667654394104
334.55,1.915251270975034,-0.3223820389188475,9.55258456079392,0.014934782149511987,-0.022633771169930858,0.008183101145939673
334.56,2.243857390794065,-0.3247768359045536,9.773129558973,0.07265042184073163,0.09949449144100145,-0.011005106636528249
334.57,2.240627880540724,-0.21330663501268018,9.648481916166645,-0.07010450640215783,-0.06785113919026617,-0.001418159870640907
334.58,2.1161878259167075,-0.3441752070001108,9.69129709059264,-0.12540178866694834,-0.2590649242458478,0.05218470694331268
334.59,1.8632758688624753,-0.5604234849750119,9.654532429298351,-0.17156645385208635,-0.2852274822278597,0.010637857945058617
334.6,2.5511972280060204,-0.2280534794776341,9.617965161346353,-0.06706008015173977,-0.1674432824695432,0.03431617200206657
334.61,1.9854448590899225,-0.2142660060692128,9.549366263078126,0.05962865236708417,0.13136576120706137,0.07552791056775374
334.62,2.05383188763981,-0.48533011414983,9.000583675311205,0.4942024368140269,0.848339053538118,-0.03616797589029405
334.63,2.1861564875346104,-0.1073738776889063,8.816550692678495,0.5298785865690194,0.8165005335431081,-0.024262851536142348
334.64,1.52101442361817,-0.2351051208810489,8.411553382460223,0.5105279472612795,0.7265919681355588,-0.004997714014375767
334.65,2.2791251794508973,-0.44228471729171004,8.164678745490175,0.3113385825296948,0.2778976868858723,-0.004561204324157162
334.66,2.1160368207509124,-0.10144484446034141,8.650196576765072,-0.047742983238188805,-0.3049851107520848,0.005582199705804092
334.67,1.9288122606567069,-0.6444592256946902,9.634026664036208,-0.301025185490168,-0.6540381405365607,0.018631421769447577
334.68,2.3408224734918743,-0.3903127143017346,10.356586657017965,-0.4239582480911154,-0.6179339999158434,0.04193309043409522
334.69,1.9862354339220583,-0.4610457525936916,10.04268900427575,-0.15883630585974323,-0.2572378315955506,-0.0028713379524526505
334.7,2.3408615553089804,-0.32938767525905976,9.798566286549866,0.0672634403266755,0.03154021798935286,0.02892231958777102
334.71,2.0817374951962666,-0.5036770173780294,9.589759042630003,0.4437296514881247,0.5509795492311871,-0.06044326322969343
334.72,2.1443309475153365,0.2053400455105049,9.05652733339501,0.38671747957017744,0.43842033709051326,0.0363949117656681
334.73,1.920940466211457,-0.17254373549062663,8.962976093365388,0.2184419703234881,0.20042372942782477,-0.003747653158164419
334.74,1.9545867877788177,-0.22123794843608413,9.281572965643504,-0.09966403017998898,-0.2093049676921596,-0.0020987555374586356
334.75,2.088708290444969,-0.1909291996179842,9.171237042844846,-0.2961736452215103,-0.5590547864516647,0.06595606164152536
334.76,2.160361805774051,-0.4404462007273141,9.642217178655901,-0.17621222459830738,-0.22534565508720794,0.024849704533067587
334.77,2.0518591275789086,-0.2588501862407184,9.965073432199802,-0.12417978102434696,-0.1398138948076947,-0.026138076867640976
334.78,2.1017121431308383,-0.035195896065709914,10.160348353797868,-0.15969695173446066,-0.32880022516349616,0.019725831141821214
334.79,2.4199009657412756,-0.34803644152069174,10.253710514090164,-0.14500729247641878,-0.4274569848729192,-0.01734032420562128
334.8,2.2486259341416384,-0.48921951518339035,10.020708872130504,-0.1685735282381243,-0.3391319540901094,0.0022265360925420082
334.81,2.3639344286958797,-0.500087287951263,10.319784208675493,-0.19846200050691992,-0.25356542690704237,0.02050181016666021
334.82,2.2044247058291653,-0.5127930299330095,10.079441631032111,-0.1936479174413691,-0.21402392155151487,0.024405589352019287
334.83,2.2218291330483355,-0.32721734489215215,9.58692440062649,-0.12285772106596538,-0.15953114466162527,-0.030806760654050254
334.84,2.0614843751439893,-0.5494839148652917,10.011935722190065,-0.08068181687839984,-0.1546770431209411,-0.03201148809169295
334.85,2.0067304084298234,-0.18029690112131544,10.110415103685414,-0.03263623630822382,-0.05000470359709681,0.002966998864080101
334.86,2.3609029557732937,-0.18321298162875763,9.812168093822685,-0.05691535322433572,-0.027979786323503217,-0.00860790270949827
334.87,2.0332552212092865,-0.4020474373629594,9.673181809411272,0.01083266006720676,0.03469806222077595,-0.011887100991133246
334.88,2.28736736617808,-0.29806216980688877,9.79372092818842,-0.024565242440473988,0.08563780198186835,-0.05092497246849865
334.89,2.2360294247777537,-0.22811770603591738,9.784252770483787,-0.07170381816025695,-0.07525274179891124,0.018723450483310502
334.9,2.315692752005078,-0.4372863632416233,9.525188469862224,-0.06399263620354627,-0.015957935338008135,0.06117580453270983
334.91,2.192358674904164,-0.41101661145895896,9.522440312160537,0.19122800449100963,0.4433006493298981,-0.013387814783859526
334.92,1.9519958314555816,-0.45779865589994595,9.842719055380181,0.2003797899284014,0.4119731622154675,-0.03112801870014258
334.93,2.3342668001781126,-0.4876578466199454,9.437851999731514,0.08139456348697652,0.1485261004990111,-0.01361263944126716
334.94,2.204043150921196,-0.5476919015468761,9.352474736609032,-0.08782252331293244,-0.16684305329157645,0.008723470187862068
334.95,2.159998092801986,0.011671628078392393,9.525973942845598,-0.1148207347115407,-0.16003095757354943,0.03062941208946967
334.96,2.2136947096125117,0.18905531057521463,9.569127429420888,-0.0074453193641640415,-0.001529611497228748,-0.010853183363491701
334.97,2.0785363592588855,-0.5194730149768445,9.985658348863096,0.04976305835113891,-0.004714665245325753,0.011275884301247572
334.98,2.1623481114056164,-0.4161291489754221,9.770388601673815,-0.009727679426093322,0.00039434024055089514,-0.02238542595911281
334.99,2.357779721324637,-0.8210187098403219,9.745502145348606,-0.09344765868482134,-0.1076932407560267,-0.01727551740737934
335.0,2.1310134696687166,-0.1933685740435715,9.69234832028977,-0.07415046831753516,-0.1312930303909657,-0.0008504138076215317
335.01,2.4802595565985532,-0.2615596027833432,9.87848264786103,-0.0440192716777647,-0.08713854894168818,-0.008216038232367502
335.02,2.2356495983755083,-0.4450480104552059,9.26100813004446,0.12487243049380627,0.1379649757721123,0.07465437690612241
335.03,1.963867775552547,-0.48228580864733284,8.959476323754513,0.46662149814754444,0.7522655376959854,-0.06727669854409322
335.04,2.233331231490353,-0.6592585322018923,8.92405497725813,0.40514622880337653,0.6399961855232359,0.003845236052977764
335.05,2.3288621593279535,-0.22533995418290376,8.561180856298966,0.37244875075222794,0.546408350381114,0.0025617894169914657
335.06,2.094585481974173,-0.5211224412267745,8.36508616149053,0.08896910291574239,0.06049708216398637,-0.02250924503863745
335.07,2.1478472361450427,-0.35798038370485796,9.174399092064178,-0.18854877543085366,-0.39575561163079914,-0.017280815068527012
335.08,2.406116870872182,-0.002105517512219268,9.796573369746849,-0.3223433769403422,-0.529542017096747,0.06490778912516748
335.09,2.1561239373088106,-0.15963671641921234,9.992932615124511,-0.23353511896335033,-0.33974029413175016,-0.00017079947613217634
335.1,2.278793057504092,-0.2949551378137656,10.189292189383929,-0.03090148978030445,-0.047084861335111194,-0.02517176683804629
335.11,2.020541518762428,-0.49395119040056157,10.065931225938485,0.10065945988940014,0.09915814874538252,0.0003231822521306965
335.12,2.026722408399112,-0.6226306992188162,9.909556653041065,0.0364536026422836,-0.032173245581355064,0.011374415513836042
335.13,2.1975061468501056,-0.512435333485235,9.903968534591828,-0.0942923960702497,-0.14325538705508473,0.012975362119926984
335.14,2.1874599874302114,-0.3380783266841849,9.702280546508954,-0.19017939830836667,-0.218683174728623,0.02381215139983995
335.15,2.3380990504107158,-0.2703797053984561,9.801986243917058,-0.13851032412922604,-0.22922719216010054,-0.053585689493509545
335.16,1.9699792220149364,-0.2704796498410357,9.742062079904139,-0.06169531849614884,-0.12484059000399422,-0.004602755053661079
335.17,2.3198106803289202,-0.3763650843411188,9.732391919619262,0.11398985556868219,0.14040960786510606,0.025600668732756026
335.18,1.9572544235475327,-0.1412227953466306,10.04246033085959,0.01092207834837033,0.08186632202783307,-0.022201698675602666
335.19,2.095461968363672,-0.47657692107885763,9.680825418192464,0.026970481924226457,0.11284283838129412,-0.022200327611499624
335.2,2.28627243909685,-0.3403725650731297,9.594254196899795,-0.04571785788504235,-0.02093279191606482,-0.01386647581401146
335.21,2.3145051859770875,-0.23354308529309042,9.770480710089965,-0.0800090683273877,-0.16140716667416155,-0.009061310536412969
335.22,2.2846804032154133,-0.388106854130224,9.595812497702386,-0.07279331833367725,-0.11692904788796127,0.023455855450892512
335.23,2.243996323038504,-0.6089677115883889,9.690637027208743,0.1474286798564047,0.25032304195212196,-0.01950644858883702
335.24,2.4166140249708143,-0.5254921705334671,9.820209727788864,0.13056646196177615,0.27344394654323123,-0.056750979929032774
335.25,2.1107503597737702,-0.5131207206362149,9.720906493300761,-0.058875033311408004,-0.005164501647861534,-0.005323401966191297
335.26,2.1400245980652315,-0.25828065832005065,9.816018780104699,-0.18526297056345414,-0.300782642650404,0.011205274041824718
335.27,1.9688494115000923,-0.44212395272556754,9.574634671022196,-0.1405903907557063,-0.19298723949981103,0.06565487397764092
335.28,1.953645854510482,-0.21519351043073898,9.275359214334081,0.3006800547309009,0.5217139103380249,-0.01125567964610302
335.29,2.094277544719931,-0.4448440911138199,8.925083323629057,0.5108063266202549,0.8773725614757512,-0.048125887244955055
335.3,1.9964774787182769,-0.30942221348040766,8.724409593733794,0.40758876925563525,0.5416793079337097,-0.011530770441515492
335.31,2.1044572943468434,-0.15325941352884145,8.672982179909788,0.08379900895814621,-0.07996049837269709,-0.020742820026877173
335.32,2.3930279095897715,-0.1585741096060387,9.44523049322748,-0.22264334761459295,-0.5511240534873483,0.01825861034221464
335.33,2.120529251812221,-0.016090405569271604,9.76538181194542,-0.3572396573234578,-0.5199810455943773,0.03575091874928559
335.34,2.1181882542394215,-0.41232765737397636,9.996055029347772,-0.1509872207928656,-0.17573370388979898,-0.02021998527826667
335.35,2.3276216992262184,-0.055836109861543665,10.045479413207195,0.04619130004720855,0.06470685112179968,-0.012204362389522234
335.36,2.0182764913883604,-0.2863617848904424,9.891351048018791,0.11971497200684277,0.07034442430465275,0.022299553401694844
335.37,2.1228295531279064,-0.22270106740273216,9.516784854062738,0.21354693071993613,0.2591962061046713,-0.0382284111088374
335.38,2.020666396707026,-0.32494412121907645,9.521166660998716,0.07037257372822929,0.14411587319962427,-0.020695844994737297
335.39,2.3495466064793282,0.1318561479926788,9.41868865578557,-0.043484121909815154,-0.04358762040062173,-0.025198054653733645
335.4,2.080572376731015,-0.23552377938889876,10.058115058984004,-0.18162485119477567,-0.24849813438614532,-0.007945745390106645
335.41,2.353336799297316,-0.1556573416881489,9.650308924028767,-0.16290561137179865,-0.35816355229503605,0.030635959063469703
335.42,2.1111597775910282,-0.35998137132812175,9.483144497644123,-0.10228331061602232,-0.18205990137118214,0.06369081408526436
335.43,1.9749537847951302,-0.008879542380372252,9.504357571065324,0.12109103310558078,0.23268142263265934,-0.048919954606736454
335.44,2.0323436904405745,-0.40015040526706935,9.653678765921226,0.08761122931992787,0.24261516199493582,-6.345367830235407e-05
335.45,2.2642288009235343,-0.1307925713975715,9.233733290215254,0.10391319015481897,0.29397447224832013,-0.06444228288923637
335.46,2.0032046017020595,-0.245743150839701,9.467000037291601,-0.00480110727193632,0.04513191241381814,-0.022630169207245858
335.47,2.012265403411456,-0.32398905063875705,9.710883875101988,-0.13417090508841018,-0.36084897184572223,0.009683154071393552
335.48,2.2238212882224087,-0.38556469626379863,9.597216961702788,-0.08303013025009917,-0.1275942105063771,0.0336695211084067
335.49,1.9690553072884902,0.15790994743922643,9.738932178869584,0.04725778898099329,0.11791664392160008,-0.010965685494559603
335.5,2.1098272905367192,-0.44060113634479026,9.674057352419716,-0.05166552545006955,-0.0289689037837465,-0.03535438134367197
335.51,2.4490376095774553,-0.25859326020997453,9.392373417185174,-0.09608372691336273,-0.2335478058115608,0.02173241219496677
335.52,2.506988577360032,-0.1480294101104968,9.831507358751052,-0.11850347849968673,-0.3529357519052689,-0.0050402160168873215
335.53,2.0347185943814496,-0.16787971587970857,9.813201820143064,-0.10777098984653849,-0.21788960340646094,-0.006053509840814588
335.54,2.2006643702860287,-0.36655961009128113,9.496076539585484,-0.013336958734145296,-0.03594220715157809,-0.010399439267901146
335.55,2.089121920613913,-0.3803327523094569,9.279378282618916,0.0841633064846307,0.1830954845156591,0.017531236260085636
335.56,2.175768681962059,-0.3460378059493639,9.723083619199574,0.305449479767404,0.6683800515853561,-0.034502240448946314
335.57,1.8659142134783542,-0.27180609213356244,9.192721046405092,0.32173895927444995,0.5624648507882932,-0.019620972932120784
335.58,2.249380729627797,-0.5094941783428639,9.056816648756572,0.11036227567804052,0.004245636992326291,0.0048830261107051754
335.59,2.0812361577271394,-0.023826714590839626,9.2277422859043,-0.0432573187822138,-0.21142648934884611,0.0024713415206749443
335.6,2.581212520540729,-0.40294780677237674,9.005684011741936,-0.12226820482083789,-0.20117852594329025,0.021176019694875283
335.61,2.170423683412681,-0.4653460700201343,9.529270629731366,-0.14581924088264023,-0.1239219999780002,0.04946145167769957
335.62,2.3140517560723253,-0.19587220039528808,9.574955345084224,0.0988488653693784,0.2958133209252548,-0.028294320467246843
335.63,1.8965342149945148,0.07662507831064277,9.618008271978361,0.1275212630847489,0.25642344034372694,-0.014274416573561415
335.64,2.1815175210653788,-0.4195785013897172,9.563350741878155,-0.010113708199184852,-0.10660060556290861,0.01262521556493855
335.65,2.2880304651105647,-0.3858402924451035,9.175747318766893,-0.015489551970082092,-0.29051632650851034,-0.01807267961787936
335.66,2.4164437777656103,-0.46869227192812934,9.94774249487399,-0.16660079653006038,-0.31409632740205884,0.008304175933931965
335.67,1.7964344025876466,0.01535795538027146,9.043160420862716,0.038060937770413875,0.1578990277459362,0.078391009238497
335.68,1.7168969522690107,-0.04491699516434661,8.644940908710007,0.3722542368707996,0.9732877702268319,-0.031970008374417755
335.69,1.8855911652315285,-0.12972143913271578,8.509039977127479,0.5474258359407367,0.8286775127826818,-0.016828980225030585
335.7,2.0489332085599097,-0.36664029991667746,8.154894126104345,0.4397446340226107,0.10289824152675328,0.020175829049528138
335.71,1.5379921542379154,-0.025638672335675294,8.44694275376823,0.23711438067053137,-0.23081499367410338,0.048511266445747936
335.72,1.8999109375058088,0.13133560947789555,9.396382943028426,-0.07023944218537273,-0.24010043829891267,0.05325217213441555
335.73,2.0158930625996954,-0.05425789296647407,9.658562516298174,-0.3292745486660789,-0.3328519170194782,0.01708587400411454
335.74,1.9148046940739536,0.06549253028260288,10.19189550341898,-0.31366493669060097,-0.3960991867162869,0.001975205002627713
335.75,2.2179337252492224,-0.3871425566922029,10.22969499648122,-0.17209949116990667,-0.47545659078692837,0.01087689365540653
335.76,2.340682826882991,-0.14748947786844366,10.123572283264625,-0.08426558816873246,-0.44365987844407123,0.005014095876834101
335.77,2.290545583986195,-0.0008576934746678255,10.685119614600149,-0.10514010982231575,-0.3782866040761469,0.006334559494133843
335.78,2.202770700402078,-0.25244940954625505,10.130399353159811,-0.17762554165583816,-0.22218726908299663,-0.014878816565534385
335.79,2.059806265347664,-0.2556151701474437,10.431450664393642,-0.2447638968548637,-0.19504196359986645,0.032542409301274736
335.8,1.973900837721268,-0.34275209544263174,10.075916835291611,-0.16847477739795175,-0.24732533896200465,-0.031405433817558816
335.81,1.7260772197902954,-0.12437179105478231,10.011706446193527,-0.10386998595478532,-0.2279622932130338,-0.014763828565131564
335.82,2.327305653513057,-0.06067398917645814,10.030915663753696,-0.03636985606354415,-0.17083567083133927,0.03751212196807708
335.83,2.2637955092771014,-0.014618558287211564,10.176876984160796,0.03658380485892677,0.053355835939247524,0.02636384740391818
335.84,2.031461583734902,-0.32277465196813226,10.002982861550782,-0.010103289995493982,0.14510041873668572,0.01220338151099036
335.85,1.9796523211050197,-0.4130102513619407,9.756972042475192,-0.04736119563994169,0.06980113908579252,0.00959358764817168
335.86,2.382041382805944,-0.5191397776502085,9.754620828435291,-0.13447829252699367,-0.04681536422932184,-0.02809711399283425
335.87,2.413779917887305,-0.7156036252976478,9.78264060377135,-0.07228894958509446,-0.1083611583035427,0.027731064606225594
335.88,2.417499293180544,-0.06855737641397233,9.934099243671593,-0.042760780223620176,-0.10301380506650036,0.01615054420672492
335.89,2.124659967766345,-0.31470312077120055,9.949798635117816,-0.030777948325694242,0.03145869495574054,0.0035855047174532403
335.9,2.466403141033778,-0.25168511938582266,9.643420475951563,0.02181301134220863,0.09756887628909,-0.012855608322365578
335.91,1.9296392004904117,-0.10176046416191686,9.00794736512386,0.06010734165608584,0.30796384158411455,0.03415445029220758
335.92,2.1677721513081125,-0.035808609416516424,9.121235236851632,0.37795350726535193,0.9080342740604477,-0.04638353663055166
335.93,2.4231578293707847,-0.24114251714268486,8.92501900424552,0.41897176230658534,0.787809536040613,-0.034939498778950376
335.94,2.1082769713672715,-0.3521280996793208,8.160997360994683,0.3886411533462102,0.3900203002963842,0.05179757738068675
335.95,1.8752734671066982,-0.4829397069702632,8.323857852192239,0.39183624449620924,0.441901481202689,-0.040693561738231715
335.96,2.0020665739872348,-0.21708926356252992,8.818551049008091,0.15368999216803558,0.1903596527915859,-0.02129805692324126
335.97,1.9393730478430107,-0.08196598488546265,8.632558990548459,0.08585431162681664,0.09190438222233266,0.00316966928860018
335.98,2.085960459456501,-0.23480248624127759,9.214319987127787,-0.029317151601105866,-0.016005761947556693,-0.007342974213682126
335.99,2.3881870724152146,0.11530911740861433,9.914278330325455,-0.18801517443155177,-0.4062647245531393,-0.010771963575023646
336.0,2.176028994880338,-0.32621215086486705,10.188089225858128,-0.3131483213126316,-0.5818819069099966,0.03177259126292824
336.01,2.3507344019424323,-0.2029861262038962,10.234886937438064,-0.27364546590347943,-0.5190901171236222,0.017842238805219533
336.02,2.149742929403938,-0.18955640107127997,10.40201529207486,-0.19935449537324768,-0.25381860131353073,-0.025742989626636934
336.03,2.1819772378247135,-0.18466464728272694,10.326936367759794,0.01732856526364343,0.013693555027028514,-0.05001049518816579
336.04,2.147845840570831,-0.029225146606109226,10.14578243581599,-0.0342997316694923,0.01227004588056338,-0.029198703122364115
336.05,1.7354238520937977,-0.045516894059059426,10.515296550680715,-0.1400788951953489,-0.2218454686425612,-0.012447922270257072
336.06,2.048866992300092,-0.01953493421362315,9.764732401341867,-0.19212314662713822,-0.312923709505147,0.026636002474370396
336.07,2.0397425978174417,-0.2816090297993138,9.58397874213285,0.024753823106961177,0.12400850544330475,-0.021800831140611987
336.08,2.055652690955681,-0.33980017357963443,10.155126030055348,0.015308811212952722,0.20094655724375393,-0.05288927492231281
336.09,1.984281084527383,-0.28547238132523467,9.211695762083401,0.07156959578983907,0.1785918867764331,0.05172349420266934
336.1,1.8096331547949027,-0.30669151638722114,9.022356961396746,0.3628148809800963,0.7709567335434917,-0.005298569874203844
336.11,2.2587806481935497,-0.04808919547464492,8.636053885110492,0.40590336445204456,0.6420145241790808,-0.020808440012041338
336.12,1.8494153887051243,-0.07016855394521897,8.55650594087351,0.2163517739952565,0.04656197956708621,0.025705629979269604
336.13,2.012914979248053,0.05881738224327224,9.32498224917008,-0.0869663393606871,-0.5345669942171711,0.02163169048225193
336.14,2.0028372249057824,-0.0018556966204447134,10.091413244001117,-0.41527330509775484,-0.6776273609184457,0.03522853234114035
336.15,2.5372283269426408,-0.3608315553627028,9.741451939251501,-0.3091073239006612,-0.27085032719525537,0.01831386323939728
336.16,2.1302297784113655,-0.7671565384147846,10.05918867629634,-0.0896133878010944,0.047925852378282834,-0.027045578439569708
336.17,2.3514207058769414,-0.27418414008693415,10.297648200889977,0.04903649736163772,-0.03821701505583853,-0.03302024483697596
336.18,2.0209191840143657,0.1459771110359645,9.642354861850963,0.18453842943457363,0.05502653074052355,-0.021200672403216072
336.19,1.9464967845225205,-0.195732655378478,9.987407260234724,0.11955631270189111,0.02363847427767963,-0.02344889841050086
336.2,2.2043316364743037,-0.12033854774325475,9.848813240361846,-0.11796780519979072,-0.2319313739772499,-0.02839314587897393
336.21,2.258269851901958,-0.05257626287154635,9.833760672064951,-0.2838118773468181,-0.3312733322438717,-0.00398524360004213
336.22,1.9449610294611972,0.1874279649540688,9.635405443485006,-0.21965129587088614,-0.2913835312019652,-0.019553916232472116
336.23,2.1359189513658228,-0.4212729328619198,9.993298650917605,-0.05068286326286589,-0.17063290008287582,-0.022047657876852228
336.24,2.2371110913819994,-0.11686264877465655,9.633750361858505,0.029227545244347806,-0.10037882678151355,-0.033904053662796425
336.25,2.390599286450865,-0.17889898254804198,10.018489617899377,-0.005547770775995942,-0.07904997967925258,0.0010699907060556261
336.26,2.07270668448528,-0.2844093876072792,9.582476887776245,-0.10608158863376857,-0.086120778873415,-0.004758630085796192
336.27,2.210891145078173,-0.3300461602642252,9.625978568720512,-0.12243770383090238,-0.13367115079396763,0.0034980092833521654
336.28,2.2854996777265413,-0.04469745747482695,9.88884867817101,-0.06223325716680074,-0.07049474943820652,-0.005470774363383805
336.29,2.1469720588647307,-0.21474083141405406,9.602906971909604,0.048167959509254184,0.04477634139432067,0.0028113579805096687
336.3,2.103767170737638,-0.3273176940248955,9.847383525680188,0.02799039897959911,0.1274270504019958,0.003513516881314113
336.31,2.2300101246224187,-0.3485316137367566,9.779436620713856,-0.05240950823929143,0.05331408515121726,-0.023302223879253754
336.32,2.2611423522789726,-0.06060732571347405,9.364393541650124,-0.055629442259034656,0.010610780842132335,0.027163193075681255
336.33,2.084811374458866,-0.1377945335129691,9.673394781122969,-0.005124119861671028,0.039325682141481244,-0.020080507882996236
336.34,1.9975655666689835,-0.6127384269057234,9.348781194899873,0.018024868557913028,0.1499574899030627,0.04756543312730371
336.35,2.092224142570744,0.040923509330149016,9.393704513174669,0.23289602789443556,0.5047145000312678,-0.03996807159898946
336.36,1.8245037681558065,0.041147685624813246,9.423694092914502,0.18158338884572064,0.4229932227380242,-0.04933939187133292
336.37,2.315817052877938,-0.2635924659398573,9.03814453194024,0.11516090348036773,0.1979122137879906,0.029237908497898882
336.38,1.8950192627780948,-0.15145744926160634,9.591111084697445,-0.03742689598839618,-0.10240595815023587,0.015398487036506517
336.39,1.9797768923649273,-0.042447401114897615,9.613080626759386,-0.20212192376377353,-0.30370745071463784,-0.010668934227742578
336.4,2.2554951328623267,-0.07233640710613956,9.273611566970263,-0.13133587649598952,-0.16965419338236443,0.049320900692499454
336.41,2.0443173501521557,-0.021021470556696037,9.374344302459768,0.16406591786217753,0.38813436845603055,-0.028603710357681212
336.42,2.113141565433416,-0.05504398591261778,9.527429081968426,0.19955888148149947,0.4296808381123036,-0.046409078945245034
336.43,2.047829221533889,-0.48569617462391507,9.281469993267116,0.14720422483968262,0.23409476689150518,-0.04933723755122632
336.44,2.2539608139951954,-0.33173120293869524,9.551189971232779,0.04659709959847624,-0.11934601867728313,-0.0016166587630867492
336.45,2.1551787858249507,-0.24132333022400784,9.729124383480102,-0.2030201487041584,-0.38392393429503846,0.029623690236761046
336.46,2.3025730382042076,-0.38473591512622773,9.573389408994549,-0.1532831155392485,-0.22613994247337948,0.029164401505831293
336.47,1.9543065414245304,-0.5231858110800942,9.922613778894746,-0.020977139251741165,-0.03514184779444274,-0.02627704987452678
336.48,2.4625925249388816,-0.14218639287528048,9.783200861085232,0.025807968200006533,-0.011638619990567964,-0.027616560230961297
336.49,2.2699921882715097,-0.16631472751240794,9.796273637274242,0.050016223721698005,-0.029339102576301027,0.00018563892842729003
336.5,2.1099494444999336,-0.4249439708724805,9.790480454760981,-0.06272011416089766,-0.17209741300315565,-0.009949541395688427
336.51,2.0262610637349447,0.10360255551549288,9.796050144181397,-0.10005510826785759,-0.25432451785517884,0.0032903958533996255
336.52,1.9308647218072295,-0.4735389214900434,9.72081232563238,-0.14164795468595653,-0.1911746406900831,0.012490136801572389
336.53,2.2461241747293457,-0.189049074801865,9.609209466760769,-0.007928634494878758,-0.026389576885091696,-0.03135943471864723
336.54,2.3670350404826483,-0.24362557639347737,9.644765793837069,0.0257385889992287,0.08827955706603775,0.032239018747784565
336.55,1.99696866993763,-0.3181258841868364,9.190135667892097,0.10712739874759347,0.1602725355802231,-0.017847376913236714
336.56,2.1940753204011374,-0.21283405901554772,9.585853075053656,0.0122899073816022,0.05833432919480489,0.009586022570464026
336.57,2.313334947205066,-0.5116082940397777,9.782374436919639,-0.06826457442547464,-0.15288323792740954,-0.013975262625554038
336.58,2.057411256528914,-0.5529933088668914,9.553122291973,-0.040199240305312,-0.13945298355610045,0.006053487638867108
336.59,2.271915063865431,-0.3143786760103291,9.468522928769309,0.1147723815614968,0.2130899350202483,-0.0012531786386465286
336.6,2.0660907368850907,-0.10380610470593465,9.843690837028683,0.04257115364655676,0.1823815463163163,-0.02457352741908
336.61,1.8848380168632826,-0.3069343439118556,9.316652539160454,0.031089634037698766,0.04151653650602927,0.07201438488763275
336.62,2.1463634306393047,-0.2464926627239986,9.62276864301705,0.21892438987113175,0.5086304135833765,-0.02328690383849254
336.63,2.1966485914179263,0.023286747035615396,9.417391175687737,0.2000745309721015,0.43710782669322484,-0.03320302086483059
336.64,2.010623014869888,-0.26150319707586744,8.60075962711479,0.19345139542797812,0.2846530538119905,0.05415961284979779
336.65,2.0456942779922374,-0.05736549160933366,8.793264663636158,0.3512467014034422,0.5846478135032914,-0.005682588002854937
336.66,2.0590144456074695,-0.11935178767947531,8.844565025419337,0.261029121796865,0.3278462846490315,-0.03428968314743104
336.67,1.9587022293873253,-0.051071135438235715,8.982447743996017,0.03477144612572144,-0.21077989810775263,-0.02216723902726557
336.68,2.113595805292446,-0.11418798133815623,9.61191474439485,-0.27655360682596125,-0.6409211632579667,0.028972239036063017
336.69,2.4902025336335267,0.1677173054107438,9.830203738681918,-0.3590141806404773,-0.6393770542569159,0.05877418498473537
336.7,2.253887562225212,-0.2619604135410531,9.525616970915404,-0.10130710955811265,0.031586648170686016,-0.00423627448203216
336.71,2.2064937891722938,0.10896064507664877,9.818618936244432,0.024342786310019238,0.21352852215091409,-0.06453781484050393
336.72,2.120031962572302,-0.09015779966148871,9.552339777419837,0.14640808272016376,0.0597445714800663,-0.020141110132489665
336.73,2.07331426952522,-0.35068670324502427,9.587107956826495,0.23547845748999938,0.08971684346544734,-0.030622922281084174
336.74,1.8795881336463984,0.17538320056450968,9.614780409265988,0.03779328229321177,-0.09828045583004906,-0.012492917602044382
336.75,2.154569290629529,-0.1991034957934564,9.573794642193404,-0.13832745911907918,-0.3089120338558881,0.0005002064648508111
336.76,1.8559565239244233,-0.6677437557630217,9.6179742953432,-0.3216329590716722,-0.4182686945797279,-0.012054117824086595
336.77,1.7415895027305852,-0.14949179625054143,9.787703833580363,-0.12057088877561195,-0.18605213183725433,-0.01892279453442354
336.78,2.0996682387175234,-0.20243885238505321,9.770508995443782,-0.027975688986635095,0.04247944797035834,-0.039782514942731786
336.79,2.243624545301146,-0.2867962034500426,10.403080580723431,0.016342807477921564,-0.14360315082848119,0.0033877758334700456
336.8,1.9300895564394078,0.03000944647705711,9.372150208573197,0.13874289760589462,0.17659168525502858,-0.01948804840466937
336.81,1.8612721771933014,-0.1991873876419404,9.634630131133347,0.11275737858031626,0.17055455247170068,-0.03179974583313849
336.82,2.1641059347158444,-0.10941039854199297,9.758154600094203,-0.06521742550983835,-0.09898582938770305,-0.015818156367507698
336.83,2.247674706080317,-0.004758838575138868,9.665391415106898,-0.2451605065625431,-0.430090486051192,0.026161222082720315
336.84,2.182895867082427,-0.37118405582289815,9.869808130863415,-0.2188395737584531,-0.3332508505086621,0.02143987661663591
336.85,2.1695612399324666,0.0928344806637266,9.85020494230235,-0.09337767424520434,-0.12012283827944627,0.008054260385752654
336.86,2.0313488152656247,-0.3821597637095812,9.705483231452398,0.017402570100113063,0.02154766526842529,-0.017870601392323916
336.87,2.2746587869611647,0.19688737711511958,9.682708592401015,-0.032289661621727514,0.0036017278121915778,-0.05428235804307709
336.88,2.485106512049041,-0.470149566009933,9.339133044816403,-0.10348699424136847,-0.10120821244278076,-0.017230697353389512
336.89,2.7411884721302067,0.15080008501969117,9.835988688512813,-0.11599346354640096,-0.21632149145124155,0.003950202694557244
336.9,2.348147467380442,-0.32441633398532366,9.418120173139714,0.01901495105923458,0.0566999614518394,0.0814052652444026
336.91,2.4299104227461634,-0.42286022645269655,9.446385800718998,0.2563072655821216,0.6354394347009261,-0.06105950529602583
336.92,2.1804978258768366,-0.23945462089667155,9.149921641489376,0.2833178453788545,0.6229694752778757,-0.024018993179020287
336.93,1.6243782680694088,0.005414082955875588,9.389702449325773,0.115116292539991,0.10905340443038233,-0.019957124414797883
336.94,2.1763851608029605,-0.3364687613696977,9.536545237672119,-0.09669047683621533,-0.4554426451388407,0.04375076333350618
336.95,2.4204731232610346,-0.19588368059490394,9.416693475009515,-0.14639163621701415,-0.3541036983857069,0.0037585977074167908
336.96,2.198349769007394,-0.24066702717079547,9.535287451250898,-0.06697204319662765,-0.03699950961301362,0.0007752857973351689
336.97,2.1251318925975315,-0.41385495434911623,9.700541259429148,0.03078917788189487,0.09075734718992706,-0.03316719316884055
336.98,2.2458692061960335,-0.38346866755872067,10.069723360358665,-0.013275342635931477,-0.046815105795675716,0.003872156912959237
336.99,2.51502486138661,-0.3797294620088968,9.568061663241407,0.034050813073401756,-0.08040635496131918,0.057099851233919675
337.0,2.2629613132967985,-0.11354779228305682,9.621431125825577,-0.029200340146725654,-0.14905133297123715,0.007391563130594036
337.01,1.97757311353505,-0.412910906168642,9.879018204637767,-0.04361357739788564,-0.008193143289602656,0.0031140194096317417
337.02,2.1128599159412413,-0.45690494914119106,9.46187054466325,-0.026449056368314246,0.012933841483145601,-0.030635496688327886
337.03,2.105466746676976,-0.1482896033209388,9.531733326519332,-0.05237100418275062,-0.1342685628163321,-0.008225389199585695
337.04,2.184492860682087,-0.45063598036007435,9.262443004138495,-0.024432904160666576,-0.05102539724720985,0.04222855891708677
337.05,2.2132377773334246,-0.2513977469792458,9.249153238836461,0.18610825580351864,0.3429423439562531,-0.058552032450156624
337.06,2.377857296830473,-0.12899965516381848,9.382564092861154,0.143079879301384,0.3487843423564306,-0.00788258955434475
337.07,2.114677614716612,0.08173554910857311,9.312373973100037,0.040876556063745295,0.09330055331376133,-0.015243345939083715
337.08,1.8978434459615934,-0.46550488206426066,9.33823187890994,-0.10386276216175763,-0.293777441069478,-0.007805897671211719
337.09,2.1568384385103267,-0.29878070110246896,9.95952672836184,-0.18298863215225494,-0.39454703836152016,0.060827225645769395
337.1,2.2308275101292785,-0.22556286918406648,9.493635213514793,-0.10458240619226258,-0.23304702202600783,-0.023368159049216557
337.11,1.994387976880914,0.09321016249106834,9.900827624666737,0.007083322192753664,0.0682487996988975,0.019779332999894064
337.12,1.9398095980129235,-0.022601978676954876,10.034902291019272,0.040962520406899586,0.1499334056145062,-0.038560507781889033
337.13,2.1416841398938713,-0.048374303627059634,9.608606589330236,0.04324097580489874,0.12262217244134269,0.0018798913305126154
337.14,2.241317001067247,-0.10909128376828353,9.698958529425509,-0.042743551761432505,-0.03150583067769765,-0.00915448962986846
337.15,2.439629110769628,-0.16373858667743724,9.886254917601951,-0.09344076015859346,-0.2243865723473985,0.00599345376656483
337.16,2.369334652438555,-0.1551266380532734,9.329063871407893,-0.10311526898209784,-0.23374461294469961,0.06059555745763476
337.17,1.9369297359574513,-0.08611826855030955,9.698644701502678,0.14184258571437985,0.31919654878507986,-0.031203464899711444
337.18,2.1041052641233366,-0.17568215926123723,9.668550722141287,0.12921523828856196,0.3049246507642084,-0.03542504382237824
337.19,2.2885353258444168,-0.272834805345563,9.23358379145864,0.1734931435478997,0.35922339355644556,0.01611781535123992
337.2,2.0624831571974847,-0.6617074592286047,9.220150039970262,0.16826254246200614,0.2817159415208776,-0.04975899340196879
337.21,2.370214778842076,-0.3492036515523936,9.49777933521959,-0.03750985959665984,-0.15811008792611403,0.017688740343943687
337.22,1.9695966252604504,-0.10187007410482131,9.564831144592324,-0.04174132374953438,-0.12395229650761458,0.026555198877023588
337.23,2.3474458405737066,-0.5827206773373723,9.599679789710374,-0.04697110119101323,-0.10887024284145261,0.008100260960502797
337.24,2.364630112567549,-0.057241383569695714,9.570041878508896,-0.07800511075262584,-0.13020329888038087,-0.010635389333776453
337.25,2.3163321009321436,-0.17100261304689474,9.265420855922695,0.09144345841979046,0.159566150576888,-0.016449421727428387
337.26,2.4108134600744524,-0.46114261727090317,9.854102017287355,-0.008321874242410938,-0.0014442124364235608,-0.007555500825781405
337.27,1.8662233514155524,-0.2598060571618992,9.404281916907207,0.04381170085982836,0.07022122853576968,0.05210515943827412
337.28,2.02040856392161,-0.1361252563933625,8.839312077985252,0.38303531834333937,0.8756995585861038,-0.03632365425307266
337.29,2.2944225768504967,-0.13070682118998572,8.607732293703815,0.5129320636945687,0.8392428182839969,-0.05499291161872296
337.3,2.042958544925027,-0.09809193081618808,8.043853436087366,0.3919831736006011,0.21828334472256714,-0.0030959677413070867
337.31,1.9078777119459496,-0.3956491626948965,8.667551232320063,0.04900521759342085,-0.4604284770673905,0.05247921542948665
337.32,2.4284820453373976,0.08672395445261386,9.0758622323185,-0.3266027586613233,-0.7690158927008467,0.058667562564225784
337.33,2.1837369561479743,0.045780433158748635,10.22361781312449,-0.46862071342283235,-0.5796344708032454,0.04976831023627484
337.34,1.9082748381859935,-0.31467917237908927,10.295845365144654,-0.2814675640507615,-0.21894722964048424,-0.010967690251915168
337.35,1.4742019219242013,0.03602642256653618,9.425509135023525,0.13445494179414008,0.12330701985583375,0.030289317616838774
337.36,2.0573213112207975,0.030349878686375384,8.91389648498166,0.6530187067514103,1.0993602314342406,-0.05481989788818083
337.37,1.7638711066155959,-0.5068179132119044,8.032292253372972,0.7021084654465336,1.0039039857475427,-0.013137524838964534
337.38,1.7419017161253676,-0.09748680388323504,7.860203622026623,0.4405729690001544,0.24227614899401503,0.019647917673066624
337.39,1.864205211570995,-0.20890176309205333,8.378907473361782,0.1352333247968926,-0.32587926664948574,0.03407016499640933
337.4,2.3048607751623575,-0.2725741170530274,9.178746162588459,-0.24732883810825018,-0.616361737489556,0.021545474697389096
337.41,2.205843825401015,-0.0018781951584883189,10.07110930106475,-0.4970113129388707,-0.668803049591072,0.018339204077145416
337.42,1.9151690109847752,-0.20988035579457603,9.767475052960195,-0.30106633412749806,-0.3742008794392704,0.06480550379586271
337.43,2.037439947398028,0.15820068529473735,9.770060163129385,0.019575607694582317,0.2745046022615273,-0.033132302694891924
337.44,2.3260344974737976,-0.20185594877102933,9.407710999923982,0.2648891917729243,0.30461084909389036,0.01569392000722119
337.45,1.9738358654001167,0.08251333276490616,9.324628734548144,0.518364789932635,0.5224438916473562,-0.07400631951108197
337.46,1.9318668199041693,0.12375996113503056,8.79243978271975,0.3389839196157068,0.168919937999311,0.0025416655640569216
337.47,2.066919345116223,-0.30834744341419906,8.929369676849541,0.17055127276862886,-0.1532615460360487,0.04189757886208954
337.48,1.9682263664399937,0.22295135003523223,9.755892358602972,-0.12005515644805116,-0.44687309129217573,0.07260342573379877
337.49,2.43368990696978,-0.16659911001349445,10.155867402393707,-0.43631384878540747,-0.7131774870114007,0.0059311375440466475
337.5,2.34468427020406,-0.11056745001239382,10.70931159161295,-0.47589703639925407,-0.750108362599434,0.052837598426635594
337.51,2.292170285346556,0.08473776494306565,10.563121304389465,-0.24018632603640974,-0.3194075504563349,0.012875054012713154
337.52,2.2577600934357536,0.31308084481667553,10.938757187311301,-0.04422830496926271,-0.14333351266171196,-0.06198537115966904
337.53,2.2879569337523007,-0.003918541804028355,10.001114536139077,0.05077607322214055,-0.0262762685199319,0.0057453820409603725
337.54,2.527519954916178,-0.0032632487985733913,10.083294413066996,-0.03800878564194618,-0.056424509940664974,0.013653543219643518
337.55,2.3192842737898194,-0.20444110933122722,10.006802529576722,-0.21571584439347802,-0.31509210906162116,0.01102636201660098
337.56,2.1335524041813345,-0.2016516821830951,10.548127993053026,-0.3338226586335996,-0.5324080025596046,0.03650402289912167
337.57,2.3254656139033822,-0.1514423199587268,10.107107245126768,-0.19609639674494117,-0.25006291092086036,0.010980169739384326
337.58,2.157469085375193,-0.03877009653458544,10.447084975676846,-0.1394161736105714,-0.021840029708904796,-0.04291751055118509
337.59,2.2643796738599193,-0.47772907440358126,10.520571119907608,-0.07964326569298905,-0.03433877277876639,-0.017840238756984966
337.6,2.240670155882591,-0.2572909982390017,10.301240072233696,-0.14494419472531023,-0.10018833371793671,0.033328545489358326
337.61,2.183957816632737,-0.24139850240267663,10.491742897131587,-0.20470647418771556,-0.24274589700205262,0.028995534549899615
337.62,2.340234269414309,-0.25929045181730837,10.068190912640194,-0.17124037692838728,-0.27155071435741035,0.015970634119079806
337.63,2.255499434263354,-0.2537119717320665,10.222499605742996,-0.15701214379661518,-0.07432041848669686,0.0022448750954641105
337.64,2.1884878581676195,-0.3292541546943972,9.523803894610953,-0.08464573172161226,0.004641287808160345,-0.03173712960453211
337.65,2.080138508306483,-0.34428966610208167,9.817221654557256,-0.019423910185657613,0.17024052495894346,-0.026251526856082934
337.66,1.995992330685608,-0.09662267454377683,9.923451257090061,-0.021654997487917427,0.12654188081224427,0.019617437678060817
337.67,2.552952922256392,-0.4609746376724414,9.678611958082291,-0.10981116346944539,-0.007563684864778721,-0.026188784156509094
337.68,2.467796351527908,-0.40372376099814833,9.872738926529278,-0.13326144365294834,-0.056099626669551525,0.00304693649730421
337.69,2.2172211388612366,-0.31951770115520745,9.53235149101853,0.03634416583652224,0.16845646733633254,-0.014677071299845218
337.7,2.2522868027803056,-0.5955064137242563,9.517699924169392,0.045229090138350615,0.24179737260946674,-0.038692047439364156
337.71,2.0949985377212053,-0.2273499186355799,9.734861337732191,0.06767101080032864,0.3838938779133241,-0.048637054269497285
337.72,2.3668108536534525,-0.6026605756628065,9.720619645935567,0.06712717494699037,0.31337567609730055,-0.026576172897226514
337.73,2.0990507141406276,-0.02393134676179076,9.451467828681206,0.03384362631896986,0.22003201438707737,-0.024483262330853267
337.74,2.345221729908021,-0.35430670364789507,9.421745386806842,-0.08070095628919313,0.02582054039563608,-0.017998952348509574
337.75,2.2734048348639115,-0.30251563213244825,9.552479342472646,-0.07895055542475016,-0.12237325837741035,0.014614962420189594
337.76,2.4207780832082735,-0.3105592671698281,9.724427668935583,-0.09490697025649106,-0.10211507233921767,0.013497160867973246
337.77,2.2341263003185707,-0.2564761535363631,9.640828639382047,-0.002348109897696961,0.004854561467542205,-0.01135295898190687
337.78,2.198867708988213,-0.34036054235442625,9.826578597306032,0.033408801353317724,0.10503703773950408,-0.0115490384572251
337.79,2.0414068655370348,-0.2989567338468409,9.448373194645285,0.019969474734127333,0.13730116413344373,0.03611606127036987
337.8,2.088978856026396,-0.24318673674340294,9.274953058616159,0.21036626920410695,0.5156375599182984,-0.034502263779073276
337.81,2.1605956249009584,-0.22028893288012455,9.29332311437636,0.13785636795368567,0.41305890409160684,-0.05675999422975968
337.82,2.152269630923873,-0.25362936789129814,9.172914607957056,0.024515812106198822,0.013546910277303485,-0.03193986769743457
337.83,1.9606071259215914,-0.57868820777832,9.237594402383126,-0.015583685485033198,-0.1795725728432466,-0.009340603249977961
337.84,2.2830730154669596,-0.2847493578151567,9.575323384407778,-0.023730571016471982,-0.17151680522981172,-0.03543562677294327
337.85,2.2564485403602865,-0.1590020900073202,9.651875055016703,-0.06702475873891153,-0.1239158758634498,-0.004850377052895321
337.86,2.1416194462952265,-0.14938261650596024,9.490495506891428,0.05020715129297613,0.08390240176071403,0.022573401132045957
337.87,2.0528398504295233,-0.28304566213442783,8.875771588732203,0.23633850404280568,0.6043826764757001,-0.02916093773612922
337.88,2.2064360516645203,-0.5727853015477938,9.25838162653976,0.24840686642770562,0.43098141972299053,-0.05113023972755214
337.89,2.0955329010050185,0.2060860410876552,9.006971868381964,0.2266318767432528,0.17408970143718763,0.03358500284857456
337.9,1.8556126134261284,-0.7136460010679335,8.832361402099409,0.36596521890610517,0.640389217043984,-0.05514908536859167
337.91,2.0484587305900415,-0.498174281902269,8.74171844656089,0.3338039020834074,0.4233103611263067,-0.032164091214441526
337.92,2.3441917819848155,0.260819642691018,9.02080607078745,0.05386060457611698,-0.1108470102683546,0.01642524211759607
337.93,2.0897114120559386,-0.03278160778463496,9.295651702210952,-0.2088676597027115,-0.6128075301534707,0.022148305013436734
337.94,2.3395720346691693,-0.391413608392045,9.795574060757357,-0.34116685894203735,-0.6824341672781011,0.013951720452192503
337.95,2.211041468759021,-0.25961104254597644,9.9432588480106,-0.2322396833898736,-0.25448880799976925,0.0043924561166375185
337.96,2.030935013106586,-0.1303069594182176,9.920627532076734,-0.01587199232515555,0.04169443004421656,-0.04244505217054184
337.97,2.1620669198211906,-0.15829469825443576,10.025862627088674,0.02968409590977282,-0.05186259059432988,-0.02062009893874848
337.98,2.0368965321517822,-0.0784316907136258,10.081999413364866,-0.06987490384202424,-0.38730546165547364,0.010022416194395038
337.99,2.087710972871906,0.04795817940439251,10.06402509628898,-0.2552490491399134,-0.5125748294413895,-0.01707115057703272
338.0,1.8050367603810011,-0.18332563080931494,10.411098016824772,-0.2634462288868357,-0.3593457187682634,0.019401989998509585
338.01,2.173865441721973,-0.11941928427192353,9.940534025610827,-0.09529166745627062,-0.1385724813846281,-0.011848152146833942
338.02,1.94452794266007,-0.17956714515101452,9.468384600474913,0.07978667240731137,0.2756867348441151,0.04750449759360255
338.03,1.9343180078419322,-0.4176763889170349,8.79935261939361,0.4091634063166672,0.9624967028160673,-0.06249088262736323
338.04,1.8513795707139757,-0.23377343393355438,8.606558847137242,0.4359855609720301,0.7421281781918789,-0.07439220024586268
338.05,1.9362947994798672,-0.023069613122952054,8.442063545804276,0.2603383388937513,0.06282575438647924,0.008714434993130809
338.06,2.2008906315301475,-0.26772937929742496,9.157033084393273,-0.06702520917825303,-0.5361858980314386,0.020659463553959152
338.07,2.1687440134646576,-0.17212163700462046,8.906669345404516,-0.32391445388360063,-0.5104501221230616,0.07965668084980332
338.08,2.1056193602557842,-0.33388090135620707,8.958797522696296,-0.14345752830346545,0.42263698684352635,-0.005701045806750552
338.09,1.939836532653065,-0.2516265534657917,9.367612095657739,0.07785168561362628,0.6872413779261928,-0.029485556578235955
338.1,2.1875011881823276,-0.33454476637592767,9.073562053552399,0.3022312525187753,0.22657336291562438,0.01809725888200974
338.11,2.1020730734313577,0.006943932338483394,9.29349207329198,0.31771107415920735,-0.2042639363503922,0.039639300339860774
338.12,1.994635382972643,0.12171164332264045,9.466938849435648,-0.013671735583227342,-0.5055126162549449,0.018868121953920562
338.13,2.2270186895395088,0.07488404249624689,10.45831626486672,-0.3965454473309946,-0.5856168924029695,0.007751436030338062
338.14,2.3828835340708086,-0.028455458009991955,10.395238825778335,-0.4532536455633349,-0.4393613193493062,0.01809948188875322
338.15,2.1921172762697916,-0.12016056362076899,9.939449770287682,-0.16469406530809869,-0.10229996732765391,-0.001522784368864885
338.16,1.8344676700948597,-0.09492220642451837,10.16243811046862,0.08629747920318726,-0.0006890819154129792,-0.03924764545315071
338.17,2.2563238991932324,-0.2374327434751941,10.11078286991797,0.023834745244547977,-0.19198478325561774,-0.05717547593821898
338.18,2.2521336947385393,-0.3793020307112297,10.35798373225874,-0.1630134851542945,-0.3599032374420661,0.02891897744215604
338.19,2.2887058363545205,-0.41368650486108977,9.766871638742954,-0.11235938278119187,-0.05886515191810331,0.006383985329410024
338.2,2.1841148441517535,-0.34943193667901673,10.087862149073256,-0.06980190551195925,0.2396674583345578,-0.020045358614601893
338.21,2.0725493668713084,-0.07548429485274881,10.232308178985534,-0.0502036813159978,0.09407551640591766,-0.046655941029258366
338.22,2.4822093304099715,-0.2150909256386413,9.427486228511178,-0.020666654584767047,-0.02241237536707677,0.05058648985660858
338.23,2.3259834886990665,-0.15955750177549624,9.406102196935075,0.1910560936041699,0.3846174020455934,-0.01595651893625951
338.24,2.2621951830685045,-0.02047704692553992,9.17399687804769,0.1890954932431843,0.3962245569258798,0.03939998569512907
338.25,2.1616086704331265,0.011063841375699962,8.830388135237289,0.2896496483814819,0.7028838439603226,0.025065078603359235
338.26,2.2060502859787827,0.2619647248660911,8.814713682485213,0.23650369185747777,0.3599422091093795,0.00371415847842756
338.27,1.9748407645676034,-0.19586313695984922,9.152719056863887,0.07573020359266747,-0.001698257598862302,-0.011653298235624351
338.28,2.383009163717001,-0.2884771020129909,9.329999898169229,-0.1272806005870286,-0.35208393797771875,-0.005063023839162311
338.29,1.9280775219119664,-0.1618190665033572,9.902066171055857,-0.30812150759674517,-0.5559018934664234,0.030199234135471018
338.3,2.053208793868245,-0.01774284922327607,10.013572994764552,-0.27941427067623903,-0.41564693357494065,0.028441540967763346
338.31,1.974802703330607,0.04274718798579566,10.164443920001128,-0.1380568677466436,-0.1999359926553841,-0.0019770842604190037
338.32,2.0201992410256917,-0.284617022283413,10.096083822145602,0.011976032355817548,-0.0631790172101337,-0.022748659684918175
338.33,2.4652601404743453,0.07265382468848824,10.31640219045391,0.03758020140747101,0.03734509552371142,-0.04611409642743358
338.34,2.352868902361231,-0.12262252625072595,10.035323612987527,-0.056039177076440794,-0.01470131015822301,-0.02521185568989215
338.35,2.1463323549056303,-0.16007287925986796,9.641832084848076,-0.1249753308128251,-0.0038655091947035064,-0.006302742669313499
338.36,2.4010083088714436,-0.33976207452334695,9.851728398145164,-0.13997126454126485,-0.13294215179922342,-0.024541763369452383
338.37,2.439347786610671,0.08635024301680944,9.960261992102534,-0.1296458695766582,-0.22302448458199067,0.018167417448924934
338.38,2.208572231200225,-0.12100518063663679,9.755974504009282,-0.07130601616349846,-0.22137390666798928,0.033070816975373896
338.39,2.103032300233315,0.2617209401777626,9.671397435150809,0.05930615543916545,0.03293287365000837,-0.02933800939846324
338.4,2.2312820420908914,-0.2605678648108049,9.866918765809949,0.011442864895560342,0.112661036590313,-0.028240216880742755
338.41,2.2282579524309547,-0.24534463965645048,9.628550836492746,-0.07289098823519663,0.07996256514209155,0.015695131731335358
338.42,2.0299229682636866,-0.20712248695222124,8.987496362959087,0.22659053763752754,0.6525476937623336,-0.028313493056973883
338.43,1.758244982010913,-0.35590086336924165,8.889184036279165,0.3549327523485343,0.7951055622509681,0.028289606716477265
338.44,2.207714277479062,-0.14434480496999083,8.216603222004736,0.5233317749332932,1.0624003368661714,-0.07734266390210678
338.45,2.2281506976551784,-0.1498615273193242,7.916590249941226,0.4957969350611403,0.5775736457834827,0.004070441882552577
338.46,1.988990189228009,-0.001648013678772181,8.230486729335793,0.23042709878643106,-0.17781753477206771,0.004716742921140753
338.47,2.2921591534864207,0.056422552656519465,8.771028440075929,-0.09623331857938727,-0.5284674580416886,0.0692401154221573
338.48,2.167219085598818,-0.27468770325707714,9.701141835891892,-0.3364345565258474,-0.5165403127534633,0.014493297580390335
338.49,2.157976602819947,0.12768800690856358,9.938253082004053,-0.3358707659332546,-0.3705682214941683,0.022099494483793048
338.5,2.2309227506725366,-0.29851079405621206,10.15130138021099,-0.0871928412912123,-0.25099621810137396,-0.04515210134007874
338.51,1.9054736415051572,-0.11405182846949712,10.241755174574706,0.009875024144941657,-0.22587632703156885,-0.011184882710955269
338.52,2.404288383910798,0.043813933967554924,10.314506074996471,-0.07657176682781311,-0.3698371217423185,-0.013713937340154653
338.53,2.162359828157931,-0.39928708088673315,10.416209879454446,-0.21694004166966877,-0.4157230159517254,0.018736363985026084
338.54,1.9544358349849733,-0.03483820496144101,10.114401240745241,-0.24773400411774882,-0.3501622177037168,-0.00656095102318364
338.55,2.015821812482512,0.09770723376487764,9.982438946918887,-0.12557527668859914,-0.06509108270300379,0.0052376010577775065
338.56,2.3577190503194276,-0.043277345490906255,10.019429954529281,-0.037213531004151416,0.05962948718634764,0.0018994648039122736
338.57,1.8634683783733528,-0.13489516656218295,10.079484800717644,-0.040445830227368876,-0.096241525761172,0.002641592931790459
338.58,2.014184157798022,-0.17221659168002637,9.557811781274893,-0.020138965054532904,-0.004181338292349651,0.055275011371673934
338.59,1.8467677204549358,0.1296390387803475,9.236935155134722,0.2061268860362306,0.6094350153383182,-0.028311143796385295
338.6,2.1826713144583954,0.036786833952744874,9.3006222967398,0.22448342887033806,0.5145400299224718,-0.023217842072351898
338.61,2.1525942334237484,-0.10071103030128038,9.025702902760687,0.1211188177372848,0.010616697917419392,-0.010820181771341336
338.62,2.326037810784438,-0.24342810038092966,9.81688881923932,-0.16799263665602468,-0.43361210068056877,-0.0246626228964295
338.63,2.131015966921572,-0.3210268843626356,10.041161654859785,-0.2730910409513733,-0.5057051846971886,0.026238645191997548
338.64,2.2755708857311903,0.028884883186651222,9.829680072296028,-0.23356882080889188,-0.23906637827302313,0.0012121347764774831
338.65,2.086236964204927,-0.23998816126240172,10.140619390605863,-0.030011114003128947,0.07813090153826056,-0.027441056835063447
338.66,2.2252326687892627,-0.04327574487183272,9.864231381349596,0.035244141143622655,0.08896847712790562,-0.02352656049041044
338.67,2.0516107920215387,-0.2477802296177159,9.773154803870241,-0.0077531584109271365,-0.054473432466405444,0.023115349720858883
338.68,2.0719171780800845,-0.13534951170900103,9.788235060049209,-0.12013578134630712,-0.2470368524865749,-0.006604509919037887
338.69,2.1519950575632345,-0.27769690394877083,9.916967194831656,-0.17800117344299146,-0.18154836441679817,-0.0008107844937034082
338.7,1.8265538488604782,-0.16031318801535133,9.12693972245817,0.020272488467787682,0.2356035800994813,0.03300789566681918
338.71,1.9437823564157055,0.05342227571467595,9.242597077815093,0.3758380072084306,0.9437849140237707,-0.031648718140154686
338.72,2.084416821240083,-0.1181165195723195,8.643911384061777,0.4564328377536904,0.8492130299249268,-0.031658835042932404
338.73,2.249774313530484,-0.32486152746445607,8.556382530178528,0.2965887573191172,0.21089883265081297,-0.008114106076758639
338.74,2.462452123007199,-0.026077998016036552,9.240415614201597,-0.04895007845008247,-0.4550010414392583,0.03653722853045818
338.75,2.31730172879202,-0.012434701537823695,9.224884562004355,-0.23700393206831172,-0.4828765085469698,0.04460911918120471
338.76,1.9361256251304078,0.10043443048710243,9.888571429244069,-0.21871868635728844,-0.1718392422988412,-0.01010092123940145
338.77,2.1227545957753673,-0.34808841163741,9.57382578186067,-0.007980959261152415,0.23772923953436662,0.06427136224918858
338.78,1.960440918091773,0.007375080935045575,8.993128586537841,0.4638101696334226,1.0179939724668214,-0.08883718619621273
338.79,1.7742788773860962,0.11622445075556251,8.367161445954794,0.5793405143868289,0.9091093015234496,-0.04935711874754881
338.8,2.0613670867409386,-0.25515471341201573,8.152637835875238,0.4633245408287776,0.14764867486311398,0.02304797390778483
338.81,2.4002975584694664,-0.29013191285719864,8.968200330608717,0.05873732668554701,-0.5745358537536833,0.009354112581078471
338.82,2.205844222301109,0.0013560692702844213,9.833037567654241,-0.3836341441630867,-0.8091505681137358,0.08089033261460249
338.83,2.0253093363280357,-0.13167415731187856,9.908419817647616,-0.5405562166928749,-0.4686096780758461,0.04764629674769834
338.84,2.0231531961675504,0.2070869292393495,10.215403754913527,-0.24941440270797538,-0.15394988829197798,-0.020073541961665088
338.85,2.096664232409858,-0.12331682315762801,9.743829134927397,0.09338149470198956,0.1523514813054194,-0.05409862426773114
338.86,2.2814597680855337,-0.16755747282028527,9.912862224635495,0.3207539190068406,0.12545919724532575,-0.047402976606715455
338.87,2.038849270005337,-0.186949683766449,9.765139034067968,0.15609415602954146,-0.08492306072625712,-0.01669374476177848
338.88,2.090780928026,-0.31995612988059235,9.723434397732234,-0.11724984812981468,-0.3819131211967239,-0.04948198587392633
338.89,2.1926933064220715,0.12253969646881399,9.997559832963121,-0.32653632087707524,-0.4181156317561957,0.017667597538505296
338.9,2.5973168088445115,-0.04493133094712362,9.958435272333034,-0.2869879236634905,-0.39085535201554555,0.035356435619852536
338.91,1.9743297327635834,-0.3253421116076912,10.084291359326455,-0.11681360017190673,-0.2574519350376396,-0.014160506505255598
338.92,2.006484295530413,-0.2521401271923181,9.3135345702842,0.06202603607928781,0.030441475227709753,0.00562733969473278
338.93,1.9162198268693378,-0.2501056163042006,9.247516474204513,0.34071866496870634,0.6689199811850504,0.010703568415312854
338.94,1.948861037847698,-0.10548553160893955,8.497695661808473,0.5771896039700526,1.3794194168995553,-0.05646289407218627
338.95,1.7961743279117524,0.2650950321865231,7.480602334781942,0.6868993453597076,1.1281389266505433,-0.027165149369578086
338.96,1.7348659474881116,-0.06404957014975654,7.587406770080591,0.5274285497893642,0.12806076943735592,0.023398430181875596
338.97,2.016131385443152,-0.2902125181225645,7.869758074040801,0.20157062353249697,-0.36188669560602943,0.0026428821267470703
338.98,2.1758343041114774,-0.3122325469812223,9.200665667012592,-0.21439812783349638,-0.48591084006200536,0.040439866117676
338.99,2.3701700314792107,-0.2113520563412001,10.168451083670242,-0.4968490967459118,-0.5070052867111132,0.029919352387757923
339.0,2.318061127355298,0.014677649498369229,10.264326729284896,-0.40105948763241916,-0.5365785251875993,0.033818959022127504
339.01,2.068285474663217,0.12775823738242925,10.689832739821421,-0.0779773567341567,-0.27406067221363745,-0.024437125824277605
339.02,2.090469144084336,0.14230746721291118,10.456048069225274,0.02877467703282889,-0.22480194026104924,0.003409342164905297
339.03,2.087989414810618,0.0010259266994033026,10.765980896620162,-0.0726052615166009,-0.4078453176529565,-0.01295705463356316
339.04,1.9959561943361583,0.06026848525047482,10.12581859143795,-0.2561876514434011,-0.45286917721304415,0.057246954127541355
339.05,2.1379262743062406,-0.09582619291441498,10.100787027125783,-0.20879332336667958,-0.042157917092121355,-0.00999249580361064
339.06,2.2863133833462714,0.029066395684925056,10.547624620669904,-0.17562934891288104,-0.002938387712687493,-0.02863200516648306
339.07,2.151032062763297,-0.13276402097566428,10.204470631072294,-0.08386912320201338,-0.011676934711418015,0.016336673523009677
339.08,2.337782101106426,0.03284046703656629,10.241476479903092,-0.09500431488500555,-0.26232586805061014,-0.022970061622020435
339.09,2.45451589915986,0.028583073643422358,10.331642625088648,-0.20317091765129597,-0.41731404586316934,0.0356165330070481
339.1,2.2228256978878633,-0.02540866606089015,10.23621280624318,-0.27316074479907143,-0.38140582893620434,-0.009244579211218757
339.11,1.9875991861516766,0.053711623066409406,9.881998665886725,-0.1629584617776927,-0.07583783569485977,0.059344942810231345
339.12,2.02221006575808,-0.031396695232299446,9.396676411635962,0.1652770311052694,0.7449312103348992,-0.0010299521463833505
339.13,2.2024441239614303,-0.2921255416255974,9.015710092836287,0.3758918842351196,0.963073127963681,-0.04297411854047585
339.14,2.2953612646314006,-0.24623466131506014,8.524820354249158,0.387518877326083,0.4936963488993392,-0.049817199092309014
339.15,1.883797390803382,-0.10525353541079431,9.104170816134557,0.18758898403323648,-0.20545972852082361,0.024489134674636363
339.16,2.2228580223115744,0.16473643711223787,9.550774904729082,-0.2585847092709382,-0.5811647968100069,0.02437626066965621
339.17,2.0925417134668045,-0.08830865944371279,9.36194764289424,-0.35871792187675716,-0.2876479664567731,0.048017981419084504
339.18,2.146668818320399,-0.2219650612443191,10.280785496171553,-0.20767899872395926,0.08912717137963586,-0.021484302737110536
339.19,2.3307320627110375,0.10754623860612106,10.657792615270603,-0.04819239662502025,0.062444664148594856,-0.024890701325086265
339.2,2.253612418807956,-0.2995411745645565,10.194216223099978,-0.027159222501616873,-0.23340990137779638,0.014503836157628673
339.21,2.5763470770855434,-0.002004066254404302,9.772332548054436,-0.0018745448100617504,-0.1742533151450847,-0.015905931200474503
339.22,2.2845939669708297,-0.06639724533746558,9.857459840384548,-0.11272594563169787,-0.1910300468816473,0.022266791516444884
339.23,2.1696983476483553,0.027667987667145455,8.828076995434564,-0.028152130589886817,0.2843966467817227,0.08031132534401383
339.24,2.291636657546878,-0.08438249689453103,9.331625577925267,0.2232149803668804,0.8129857948214847,-0.043811874815297885
339.25,2.156709256470278,-0.1043904184970064,8.989840910266883,0.24948741924262674,0.5490515686397,-0.026425793164685827
339.26,1.9098057270297972,-0.05786357605316382,8.420870997456541,0.32397448733842904,0.24581128693703314,0.06651211097336605
339.27,1.9304060268295498,-0.30907513725763386,8.642870044705104,0.4917072195274559,0.6205410464039737,-0.021546208706009533
339.28,2.209955520426396,-0.13751542374257478,8.517592930954695,0.29881307372479116,0.3785443177504983,-0.02952728402593248
339.29,2.002850470353031,-0.25258921412618934,8.718156750974586,0.018690959790002407,-0.1476803412449555,0.013429403591791615
339.3,2.2747764844754617,-0.12599251165622122,9.319332237742504,-0.29355716971804424,-0.6290560358651281,0.04538090587618612
339.31,2.0938193088853563,-0.27179354114709553,8.995148124948658,-0.3770072790391119,-0.5392320755468023,0.08074309223151312
339.32,1.6610720793936908,-0.42463241063397383,9.534272408838005,-0.08155052864427104,0.2306155008307137,-0.040006271128574356
339.33,2.149320753295887,-0.004817446150326296,9.598300603474641,0.14831573335889497,0.503505259409303,-0.0024717813741593764
339.34,2.0541156571295436,-0.09439234376089564,9.529534359292652,0.23284593812575702,0.13723437408595457,-0.006807870929027465
339.35,2.0969403473796038,-0.5309432789342057,9.41061171242167,0.10340004893268734,-0.4094329285124645,-0.011397826335496936
339.36,2.1243838937613555,-0.5403392310481976,9.790785945823746,-0.2031993743095054,-0.7232211245637922,0.07841981384976449
339.37,2.1550204501624064,-0.23056690539396557,10.242411382712923,-0.2993661217473018,-0.40967172743667735,0.024504949876958605
339.38,2.2313322615708104,-0.10348101078059226,10.217183885926138,-0.2211664670016416,-0.15591839298120888,-0.025568261142087094
339.39,1.7720610404946928,-0.2652271698339427,10.474966621642052,-0.08238958515663355,0.01585329304991945,-0.026923721425548677
339.4,1.8453045198192255,-0.29398707979365524,10.130273841449409,-0.025752924343984615,-0.08941970909645358,0.009896519680695458
339.41,1.8906174991143576,-0.03268751454069359,10.335997976993946,-0.11805627182158238,-0.3705929413679721,-0.006793753012769303
339.42,2.328287603486923,-0.2554799941304632,10.411229675131422,-0.2577635698463679,-0.46725207801516067,-0.002552278575978433
339.43,1.782683249329165,-0.18603546416902852,10.081443432207944,-0.22552045137614316,-0.2670149845537267,0.0011216045898165012
339.44,2.144012860271971,-0.09188492884676122,10.132743327714905,-0.08767277561929865,-0.013585119669790771,0.008951788747087365
339.45,2.0390047841495393,-0.07216002801990333,10.081292060363046,-0.06404616946872235,0.03636693192390616,-0.03220548084845484
339.46,2.3099520057546554,0.02407066047235032,9.756381336406633,-0.030887627634134884,-0.02611981004792558,-0.014809942765889943
339.47,1.8258225133414174,-0.32691801092566797,9.939584686347125,-0.07490454196247318,-0.14250436308129363,-0.025951655917773805
339.48,2.29191078194127,-0.4138630478608714,9.567151180314148,0.024209506612358708,0.09158436255936493,-0.02248405923447465
339.49,2.1422955947896805,-0.21822177465173487,9.649439062048403,-0.01686514173834683,0.21221155709429654,-0.012933562772861968
339.5,2.7130664591929126,-0.42218708799911076,10.062174595862764,-0.0769480302554164,0.11178671624240812,-0.039382157467980496
339.51,2.0777199251352023,-0.36310464464545633,9.636874534087262,-0.11026118250221549,-0.07298927712730162,0.04691264149381936
339.52,2.4687804437752883,-0.16781218400383535,9.4877428796796,-0.0749349378313964,-0.12796739859978457,0.017321783162477105
339.53,2.2061467076024703,-0.28898118586522725,9.59068072958545,0.06400935730792903,0.12506988798883634,-0.007089527900969789
339.54,2.395495391172415,-0.17982847255426815,9.720512441894952,0.09751722961684789,0.28047041859881683,-0.04593161963621541
339.55,2.4181781876528583,-0.5690157900739298,9.772902508756236,-0.024730087752321665,0.17835590380847577,-0.01218034852963265
339.56,2.1958132821423484,-0.14316816412646047,9.646214229505478,-0.063036394826849,-0.03776555898200198,0.018489897855601383
339.57,2.192233990433322,-0.07858887493632127,9.52280190558142,-0.1048034148422533,-0.11443063622458285,-0.005875454227499731
339.58,2.242627678121725,-0.16475067603791727,9.66009096442476,-0.015148090432593323,-0.034466779757718086,-0.016312166252632845
339.59,2.626659857533667,-0.46919979914443305,9.284613805818099,0.0643248249475068,0.21320602488958082,-0.013540479566588182
339.6,2.336703518156879,-0.22308426816013494,9.641271529230018,0.07323015113623273,0.22935995727404723,-0.02235329224074177
339.61,2.1934136471598134,-0.4263522372133065,9.373611799896313,-0.0022163410620365132,0.12242412949556808,0.028573734737832056
339.62,2.228209763699209,-0.08323531883677901,9.174262320584125,-0.07623147232262761,-0.017688984642298188,0.027519918597413342
339.63,2.6144111163857104,0.14755358425098314,9.613676178024546,0.15887097800063235,0.36365549835862,-0.02896155191157193
339.64,2.2710529616578174,-0.3631411340432995,9.462142633525058,0.14890363777059462,0.3852529247460422,-0.02711419253846897
339.65,2.3086257705202375,-0.1648143710086523,9.700483202401873,0.021984877952188397,0.13082699750179522,-0.06836489354372288
339.66,2.243037137188853,-0.4636113536137129,9.664346429095367,-0.14074485312852006,-0.20827330894309123,0.030827791028831354
339.67,2.347045731880038,-0.11084253243669145,9.545325970394972,-0.15894223544172953,-0.2758386023412252,0.013243287701614079
339.68,2.2699333658774963,-0.2297440758384658,9.647102596022767,-0.01919664931970265,-0.05319790490826577,-0.020821111245662827
339.69,2.4745517765799248,-0.10414256711854761,9.633136861010529,0.0815299370906912,0.08339482992956465,-0.01531772106161897
339.7,2.2311675757240126,-0.4401166706596219,9.65148905084155,0.09200624274899775,0.20727476428959327,-0.01599737687915537
339.71,2.36347385412062,-0.33889758002936166,9.408884827217744,0.026075148334217656,0.12714788377976738,-0.030074959856623583
339.72,2.0598349697286356,-0.16103081964509047,9.509537815289574,-0.05425877884721532,-0.1097029040764621,-0.03436899006657825
339.73,2.2517107288722933,-0.06456513076235174,9.558184974982508,-0.09268792467689746,-0.17577268187424608,0.06341120872793797
339.74,2.1826839514744325,-0.3422152181334521,9.618937244493114,-0.04502773605115777,-0.09449227669553945,-0.005559430035248217
339.75,2.167948465683595,-0.26408828869924167,9.365509719671794,0.07582138558081994,0.11031061615198638,-0.038752821071164026
339.76,2.0069934904858555,-0.20345526064781888,9.526697158751725,0.05914096155689317,0.16443406679800843,0.002256394251642948
339.77,2.127753495706517,-0.3525768022570682,9.538084435162554,-0.02753814007052016,0.004636427428881731,-0.021029090824972063
339.78,2.3754584973224526,-0.3454463046643217,9.484453296289177,-0.05751008361203466,-0.08243804474609646,0.03452323512592481
339.79,2.070431736826901,-0.2237417271252031,9.298440773456871,0.13593623872566013,0.17442298454126878,-0.027020128262651696
339.8,2.2982635413284043,-0.1290260044051546,9.740067884251594,0.12039909142683235,0.1531385992656513,-0.018188239427353342
339.81,1.8171750695162898,-0.1061677882806881,9.4508670722272,0.03966070979209024,0.13923185708683478,-0.028413734944271626
339.82,2.0486902281208286,-0.33224773109060235,9.315551970904382,-0.02586004030084471,-0.012345136140371585,-0.031776188076909274
339.83,2.023025719738024,-0.20348878988582333,8.741999377659724,-0.0008724191762851073,-0.04179028147361454,0.1015223370133142
339.84,1.6992089044702043,-0.08868604805535898,8.682705408239077,0.35507157464367645,0.7512465962432239,-0.020287957244076137
339.85,2.140679908675696,-0.2965534242341539,8.677314805988086,0.44925984365659977,0.8303283765125157,-0.04957213509246678
339.86,2.0999750579026113,-0.12606647080769157,8.4122168626845,0.35666585626628866,0.26901101648514525,-0.027824350614559505
339.87,2.2959609007019885,-0.2713123015342229,8.759682053315846,0.019755215287942413,-0.3909616823492345,0.048857189127100714
339.88,2.0553281351007695,-0.14746710506754707,9.632325337518589,-0.25917116748668134,-0.6966517674685151,0.03828703339371297
339.89,1.9869605530559418,-0.3285715281727227,9.808178303672477,-0.3695446598149348,-0.4652499637330752,0.10010275049029446
339.9,1.9274541343751466,-0.26828929409725066,9.540706060271377,-0.06404864213086231,0.18614601944023956,0.014281483814659227
339.91,1.9810782786461194,-0.0568669112511047,9.56221138766125,0.11134417982716255,0.27076786872069347,-0.04207225558259549
339.92,2.453030174190971,-0.16939647634829677,9.737261752385514,0.14593512221267702,-0.09298801373004789,-0.017221948961517082
339.93,2.20847999469164,-0.5744329672506029,9.696221298579523,0.04488576417938856,-0.3834517123095155,0.051768496871657715
339.94,2.0273899479962822,-0.3100365899913826,9.808463513597578,-0.17311347823657675,-0.5005617606044337,0.05618981714521466
339.95,1.7506064229113636,-0.3174204793103247,9.599215151536864,-0.19207135841421863,-0.10394111262857403,-0.0076608143127401395
339.96,2.3125538626273503,-0.12145678799826098,9.732135681836642,-0.06385576516994101,0.19921566598889176,-0.02178630856187505
339.97,2.0591812599778625,-0.15093292954583212,10.081036215527648,-0.0364977416249987,-0.01397323150108774,-0.01024729031175826
339.98,2.260026410755769,-0.19407294223579405,9.9383015633829,0.05921340273308426,-0.0298916875741757,0.03285529035876002
339.99,2.211996429533737,-0.07836360236234731,9.954228953025337,-0.0017683764440329756,-0.16339858387279854,-0.022676727310112717
340.0,2.1241400466768865,-0.06728072698281974,9.521378585709947,-0.09737951940682457,-0.30629098818111006,-0.00824565656759805
340.01,2.0153176359178304,-0.0527449736429394,9.582048377461069,-0.1334672847062411,-0.10185136207784995,0.03716953551960749
340.02,2.1740792319608087,-0.02944563918448606,9.71798083565212,-0.048077455943474956,0.05661386973592013,-0.034883964425364254
340.03,2.196645599116067,-0.028003412637916447,9.85804015384501,0.03355075151736414,0.08777689365357809,-0.03317904964693647
340.04,2.0544801104849433,-0.23335753437519177,9.604531356397398,-0.03575764071535373,-0.06202316082275614,0.004723383300222534
340.05,1.990461840934351,-0.4876448599627461,9.682118992119577,-0.0980365042783687,-0.17979993404572545,0.026590694325788887
340.06,2.1896894048551925,-0.2798201699516558,9.891504272076649,-0.1151568517134947,-0.21941486666460427,-0.009023826263383586
340.07,2.0361587698831674,-0.38533091350428816,9.657150031673824,-0.05539236774596738,-0.0062314512008874706,-0.0052449041792196095
340.08,2.0879920839229205,-0.3194727974637161,9.323222606498407,0.03772118525545926,0.11874585855956984,-0.008998094904264543
340.09,2.179763897695756,-0.07363972878359915,9.57052953865546,-0.022915011676746578,0.03638052460584722,-0.0374037863535473
340.1,2.0403238745018615,-0.261321787180551,9.450192067309889,0.2310187684329747,0.3999424244090212,-0.010172742210835792
340.11,2.195069574647015,-0.3356358247024914,9.466802526636283,0.19087805578158595,0.35656452166556374,-0.025601855399159084
340.12,2.1432734678542755,-0.23210605271958057,9.391395403555613,0.03262447775093293,-0.01821949156958596,0.004521069192146962
340.13,2.47625134223114,-0.3242804975951362,9.240210076893245,-0.1292056254921341,-0.35084383270224845,0.040841177319345175
340.14,2.1952808708658527,-0.39596041809147176,9.775319475882144,-0.16046069865717233,-0.32628653283236664,0.040944695946867345
340.15,2.1027415929648123,-0.22889618587451588,9.916130250416204,0.0022534479710487852,0.1113000911528263,-0.01947841079562149
340.16,2.250635271511913,-0.17399812120694988,9.2468262764391,0.11623434751247862,0.29978566325960354,-0.020618871217584347
340.17,2.3785246961748574,-0.04577308343024539,9.67587763315774,0.056492777878044804,0.21610776003042526,-0.02800866035286039
340.18,2.0212392401764507,-0.3354493933596864,9.72396925883361,-0.0445688852597966,-0.10060102442505098,0.003949052124281388
340.19,2.2939782336393075,-0.2706731325416838,9.679187256860423,-0.16216937602263848,-0.3257719899332212,-0.02260057389613447
340.2,2.2878897930135587,-0.31601100784254377,9.502522356902801,-0.07021803774815877,-0.182633213596637,0.07025297960422593
340.21,2.160964400502293,0.021720430179135386,9.574075453593204,0.08152433681614389,0.31029950186896205,-0.040981418302478034
340.22,2.3751670135568963,-0.23985604605885227,9.592083836329332,0.09260340406792895,0.36129316544969586,-0.0400753764912485
340.23,2.101955395271598,-0.19250981161511344,9.508490534379469,-0.01604977420643443,0.0056971773516665564,-0.002971138237806918
340.24,2.123099166274921,-0.2486638660257271,9.569117042871808,-0.13675077047699166,-0.3442368318054469,0.031035362745588997
340.25,2.020579857646136,-0.3226591306594785,9.757693667901504,-0.033525821425115454,-0.18428898510348324,-0.021918629254262738
340.26,2.0819814875670875,0.02317583170937801,9.707006978847552,0.013965249690280297,0.08171439380483031,0.004055252036433846
340.27,2.2919922105937687,-0.4732194164108426,9.528309969690458,0.05096359068923654,0.12797485900018146,0.011621191427818398
340.28,2.1523216825498603,-0.3332820073763043,9.346278309927838,0.08367391030986912,0.18516390154116752,0.004413471061540296
340.29,2.3663201025202816,0.04588133595027491,9.374274132722528,-0.0025062353021712332,0.023142770508848953,-0.023219138231946566
340.3,2.3626058591600114,-0.216683149110683,9.791968016455582,-0.0711222730920924,-0.1724008928211347,0.011817040478186696
340.31,2.254792593671056,-0.04979398269494176,9.446523825212692,-0.05156093316635091,-0.1115113152783625,0.004177329978601105
340.32,2.3128240628228856,-0.10396007318518219,9.473175975543203,0.012522271360745164,0.04192479308346118,-0.007890517277940256
340.33,1.9197573531421501,-0.4047153093731054,9.534505329452253,0.0925153571791558,0.10113483319137376,-0.007959486767691914
340.34,2.4666184450300044,0.1200818982280315,9.6649622508805,-0.0031863554755750135,0.03287560824206203,0.0006278354242159733
340.35,1.96051393359291,-0.2317073853712905,9.589393849038888,-0.08270066638190524,-0.15699516267584535,-0.003530379967071983
340.36,2.224502134849578,-0.17464538161991933,9.500356095530377,-0.0924956419278696,-0.19264975513658317,0.05236458920622761
340.37,1.5537798258116593,-0.31939387988892787,9.327793916167535,0.028435740335509267,0.05843597379165875,-0.022273397438359432
340.38,1.9822802236346635,-0.3271755518386956,9.47884904871975,0.06336265113681397,0.12075563574384107,-0.034748548418778155
340.39,2.1717186105487922,-0.41901427263250923,9.395822395402883,0.08941236660044985,0.19888741761434872,-0.003164895985119171
340.4,2.3523433157421545,-0.21321848876522617,9.468141507273167,0.0012786400974063488,0.04351710669672617,-0.00630807782868152
340.41,1.9068228480780833,-0.1851862750227584,9.701368925474213,-0.08757666938939082,-0.18585296741466054,-0.011027634051908375
340.42,1.712158060328699,-0.1065779568099634,9.387366846257194,-0.10618595405821049,-0.23461746099121572,0.031769539771105464
340.43,2.0117022850400677,-0.31675339349016784,9.554863245078126,-0.03280123193506695,-0.1372739138601309,-0.007202798812036381
340.44,2.185455567463026,-0.34141360696036505,9.482027774488065,0.01553356331840208,0.04819250434331201,0.02493386684052807
340.45,1.9655510915033265,-0.17162241170859527,9.648734863761906,0.07826619308093684,0.15857658900440968,-0.011250105700520728
340.46,2.3135755253689028,-0.20742419530398545,9.497495259595341,0.005821301923013892,0.08369948231007357,-0.006363315487076906
340.47,2.3019125132247273,-0.3222983266743477,9.501407326293666,-0.07180409173532289,-0.0832085922906885,-0.0017166525824523502
340.48,2.319665138783201,-0.18118922134274867,9.685870172337765,-0.05465737732665395,-0.18705499504108647,0.03483041467885339
340.49,2.2447474418953135,-0.3099570048555324,9.781965656238516,0.05160811221993166,0.10817026581453629,-0.0016117146518492657
340.5,2.4616281720149313,-0.2609713567795836,9.519251265760843,0.06665245999930981,0.2399964876992048,-0.04389822164190602
340.51,2.058410918800084,0.16786026258842152,8.973014458911386,0.13196941807680118,0.3026367716674249,0.039339276541232183
340.52,2.092406066641075,0.23669600073788902,8.578707885832884,0.4551901466459598,1.0407043815148957,-0.030996402425875615
340.53,2.120780687231239,-0.23657918938399086,8.335615118970285,0.5637515520267725,0.885351799441207,-0.027223523619477413
340.54,2.147203925475475,-0.12138579955568413,8.138111101649656,0.3922897824350107,0.158024324904707,0.0012941391899039282
340.55,2.425175324059422,-0.4971656702943296,8.870179507889453,0.04055536807665844,-0.5391202699729837,0.0297683446500987
340.56,1.913504739042256,-0.27919550754611,9.418412530204114,-0.35079967411202956,-0.7413668917273195,0.0607210664548186
340.57,2.2202210121951977,-0.30913878221310004,9.399032204056116,-0.4090500585533905,-0.30402022625828307,0.024274391610744104
340.58,2.161344382676348,-0.005964992972590427,10.016347357900766,-0.08463461479689263,0.07399416813684312,-0.00985949272208463
340.59,2.3149864706033365,-0.16878318790512645,10.470443611558828,0.07261802350457032,-0.030369727033049968,-0.032628772428943575
340.6,2.1368504953121086,0.15294268625061033,10.15042658706762,0.0346992872728877,-0.32160040475301677,0.008354300917374222
340.61,2.339040540970767,-0.3196597938519984,9.924631900309198,-0.13703752794049248,-0.5240994071985081,0.052681414853150185
340.62,2.6097121449754805,-0.14708181023942604,10.166113956512673,-0.26832401938104405,-0.435008408130068,0.005287323343224452
340.63,2.1134150623549517,-0.052807315715472314,9.871461792140533,-0.1707460955238353,-0.12121936079832449,0.01802004791427831
340.64,2.153847859592569,-0.23216564226144817,9.99002503609794,-0.007918043579394442,0.08901409112085115,-0.0338315519158344
340.65,2.0143493768939935,-0.06883557091972545,9.743994640956135,0.13598415062949273,0.285645914156664,-0.014455006164517677
340.66,2.0643859813267618,-0.3025618544270754,9.593001716003545,0.10761752343649651,0.2064921034377707,-0.035886125253435666
340.67,1.7966492758215773,0.041155308583213784,9.688407788403655,-0.014760424839622227,-0.13967758979322753,-0.012642900767828445
340.68,2.2470880434582607,0.11205763347333134,9.254543846819487,-0.11979054989369142,-0.22296503392983652,0.04283117223308589
340.69,2.1842925990656576,-0.005475655274314206,9.116841341379592,0.016366679090088824,0.2990507452232398,-0.03948165766836529
340.7,1.7867672453491783,-0.18496805716701617,9.455430779960654,0.048410211739139966,0.317334800007854,-0.041067449998970745
340.71,2.3439020718485923,-0.3470975295930905,9.543098090286806,0.11963955397043147,0.15890436330622537,0.008841244269364511
340.72,2.221706522568949,-0.005836140545893875,9.71760778548853,-0.015674603784428864,-0.14883335059826072,-0.013560322818114454
340.73,2.224719757272073,0.11877872474484114,9.793787786444934,-0.03835228003825899,-0.16925510007025824,0.025206681892421437
340.74,2.07948506104078,-0.39040449158637625,9.601007931208828,-0.05842482861798102,-0.1579081465181141,-0.024933985520303344
340.75,2.0451555616452626,-0.3555264337850051,9.812531149582354,-0.10910561404131082,-0.11221687824402586,-0.020320673744460838
340.76,2.3012385356167675,-0.0249302258187111,9.867199935874075,-0.04667966165872517,-0.12372495933299575,0.00827116955517412
340.77,2.145180682338642,-0.1568045411492852,9.795961269627039,-0.07140662518902528,-0.14207629436491173,-0.01191308166905081
340.78,2.13473542597222,-0.09304872768824769,9.889956750239127,-0.024767691016306576,-0.17419181589553,-0.034121843660486637
340.79,2.011016189593398,0.010893947648779184,9.929327530340084,-0.03584540488034286,-0.12431408474493619,0.031788891594481644
340.8,2.2043579560308175,0.0008802188892522156,9.560959813411836,-0.05842130717182087,-0.11666647936652265,-0.0126002152161283
340.81,2.0933506412783656,-0.01591223704522604,9.5724099489897,-0.04462182901302501,-0.09275842643496632,-0.0036690813556319512
340.82,2.264015060090313,0.11565260011875647,9.766037452221786,-0.025215040665607886,-0.07217142570009488,0.00020753888417377082
340.83,1.9297909177185006,-0.28918724935859713,9.418992816734688,-0.044439798352604434,-0.05422264474070899,0.007703704345215214
340.84,2.0857012337089613,-0.11478252874033514,9.464215357830726,-0.030996291994294402,-0.0236271427708686,0.03589386964575174
340.85,2.436423709587166,0.061218122441878686,9.504158704348853,0.12359671726382948,0.40839207415389306,-0.0313507356355552
340.86,2.162038106699907,0.04331070490512692,9.63729710108771,0.09441617297106457,0.26262715945490883,-0.022994713761720943
340.87,2.2675384909913614,0.14968448449061633,9.55330998287022,-0.08757593255191282,-0.041781719027940666,0.020744529702259693
340.88,2.6767484158408097,-0.05653718763529805,9.947261841023249,-0.16501397526625083,-0.3142417603614117,0.014402800096894437
340.89,2.0784513273072123,-0.2476051393251886,9.871204350633267,-0.07914506274069377,-0.2561836959266121,-0.019383510537664985
340.9,2.4572559458155685,-0.47857732642863193,9.931031002107556,0.008008518590286739,-0.002749678695007568,0.00010541673640753445
340.91,1.7597618293361939,-0.5066432877784122,9.897604104204323,0.056473955859061044,0.21863502458143452,-0.05276271110090264
340.92,2.0474982938775086,-0.45681026947787473,9.880614150911017,0.0156771230796191,0.12732840381135,-0.04570691261705771
340.93,2.407416577796508,-0.27861080147099876,9.827987979883591,-0.04072416303165598,-0.038962996777406896,0.03259446211315265
340.94,2.529825078599506,-0.3404262331850929,9.490618282343455,-0.04841369189473152,-0.09260452026214125,0.02870191658748935
340.95,1.972657900710227,-0.2903242358535436,9.740439977751917,-0.005803484399950255,-0.11172113560910849,-0.001415755180935919
340.96,2.2590600397923803,-0.15371419387020055,9.448701214417374,0.06305442755385149,0.12598537855211653,-0.03683253372949451
340.97,2.158021321959487,-0.3581221264555703,9.649696949098766,0.02795263857410534,0.1991569406392437,-0.03694909349212733
340.98,2.107196953377139,-0.29901975796484237,9.337406890709538,0.007461349094491797,0.05489948460077399,-0.008313411180145551
340.99,2.082439744688042,-0.28930048129872404,9.559900043505184,0.034365905357458246,0.12138370320873008,0.0035537660176961135
341.0,2.063873197205324,-0.44189127818175944,9.723116884600865,0.05684937215293315,0.07210121719067657,-0.012826096011117796
341.01,2.4921740114939754,-0.004528325752555573,9.741408884658103,-0.0010755627168145647,-0.04478322164162342,0.00894586813896416
341.02,2.1793897168624246,-0.21361701397380167,9.39455826267675,-0.017733810478507243,-0.1042213106474793,0.03863854347592413
341.03,2.1626397972813534,-0.17127929852218005,9.520408364979293,-0.03122034933841162,-0.05599307090338809,-0.016086940382351353
341.04,2.3260373033239983,-0.08151736419619224,9.225634907361476,0.02351539178833057,0.08879533247109929,0.051743434698216385
341.05,2.1190753043646513,-0.20405535081577136,9.165927254556419,0.227986937176398,0.5364485408694046,-0.07796171419123787
341.06,1.9042865305578671,-0.24026811707222184,9.260190623860256,0.21972919014067002,0.4536476787483517,-0.04264259973924739
341.07,1.8105144524023404,-0.04599350656121881,8.91118152552726,0.20665060579016967,0.2900715622764786,0.0471329982082756
341.08,1.9316917648333682,-0.4337354644760817,8.335455128295775,0.4964001338379461,0.968191272219632,-0.059648934776350845
341.09,2.1826059140265337,0.05468710282007125,8.408077191590332,0.541106448227599,0.8274035485364132,-0.05967411048480866
341.1,2.032269896096208,-0.19377968004054857,8.138807785271538,0.38170129367965455,0.12476560432302691,0.01706846277857947
341.11,2.019036202652379,-0.06552269880212597,8.38319592260945,0.20860301754099594,-0.16424702548239012,-0.029340011689175854
341.12,2.0488667556158298,-0.26217884928149154,9.227217087260536,-0.14237209008616125,-0.42680129381227677,0.04332395930571854
341.13,2.0527567313505437,-0.13432270616334288,9.647439100582764,-0.4038508013722508,-0.5438380016256437,0.01672308612130359
341.14,2.1521669793407376,-0.21908533729106588,10.447818223070016,-0.29570251103411416,-0.5267425089956272,-0.0016353016622639004
341.15,1.9063225693230939,-0.25022198243711724,9.574332163860245,-0.03504107291524034,-0.18784477377709163,0.046862700304071976
341.16,1.7150667428958435,-0.0015785166737816714,9.224759366505912,0.40716673816411353,0.7474074841749111,-0.018304741206328957
341.17,1.5844369205662718,-0.15766101941692856,8.302381542475985,0.5416320675451337,0.8550021849290776,-0.042571848467005034
341.18,1.7555346839387913,-0.03634518530911111,8.243899189185115,0.41048533095061945,0.2371991251050708,-0.01890216401411595
341.19,2.1031863670176256,-0.21317001534283775,8.914868169850314,0.06014286910547051,-0.5569015596054716,0.07405053014332758
341.2,2.260749205430065,-0.00985240557962036,10.0739945701939,-0.34556725955530126,-0.91427993743436,0.060014104672902066
341.21,2.245333974019626,0.04148061440814262,10.507164492086622,-0.5769270480789961,-0.767219934229961,0.0564005679368738
341.22,1.9979488639702794,-0.18156101994209742,10.469482485061931,-0.377829723347622,-0.4224493908547314,0.02109888558472625
341.23,1.9671212720057563,0.07757270651898629,10.32053179767473,-0.0911722352007041,-0.17437748647651408,-0.01848589552762114
341.24,2.339725126965079,-0.0701485283640944,10.451754896789009,0.022214820281143063,-0.24253942234545248,-0.009103130592342192
341.25,2.1308560640699645,-0.06541009169061086,10.714533664253432,-0.08559335580429553,-0.3595232450899261,0.009606717721023148
341.26,2.1202113813199595,-0.09013879138588257,10.826837181268907,-0.2632088483206887,-0.46686936981454213,-0.01740957804841534
341.27,2.4312171915249805,-0.2060481182015399,10.181164445522676,-0.2540144970011396,-0.21949827718216225,0.04431250758854503
341.28,1.8247593408184917,-0.04910880510612116,10.037153992201729,-0.1291482083171569,0.05851844739678983,-0.045967400823403004
341.29,2.233491951630745,-0.01910159752848789,10.349818836682878,-0.07147233218497606,0.047097788645498934,0.009760107119783458
341.3,2.293702355665541,-0.24608658343901296,9.832684337260138,-0.05391834180005524,-0.1601663645240365,-0.030030171423738657
341.31,2.0601312674135577,0.014075986358623269,10.141255291665408,-0.12824277632727046,-0.2417874537464613,0.01163539577622635
341.32,2.122381525496998,-0.24173012064987986,9.977422269513946,-0.1297295556097257,-0.11930064245590008,0.014600177175106645
341.33,2.5073721564001588,-0.1304937564732787,9.823597567469625,-0.1017044752798083,0.07292284493249666,-0.010265723100093152
341.34,2.2603769429145353,-0.22387656039530432,9.682417169712595,-0.03905942158820049,0.21439747330818115,-0.03663396548748953
341.35,2.2422449951892696,0.31472991920278603,10.084961820270978,-0.02714530301040806,0.10807957613725788,-0.005564132823740324
341.36,2.397742228723926,-0.0025437591018598604,9.284084848262399,-0.03452588169408425,0.0707991741915886,0.03021040685740016
341.37,2.3907386699709345,-0.40782396267260473,9.542341411057972,0.14989979025299255,0.4208600351637417,-0.032632870213283434
341.38,2.3655298702166365,-0.11947264681346673,9.60093257068217,0.0806455233716999,0.3292135567101495,0.013369037897823413
341.39,2.201694462691116,-0.20226558755106572,9.589019432956404,-0.025226410190147347,0.15269434417686648,0.0029784828441998014
341.4,2.355234127399222,-0.014089458082954115,9.445762624881635,-0.13287197388580274,-0.11655419703994821,0.018311976635980217
341.41,2.3106277304669502,-0.3947588571794486,10.065009485861623,-0.10799330412774555,-0.22222681265349625,-0.0012295948221126424
341.42,2.295347563612891,-0.3051137891751411,9.715925258624367,-0.032046045137180845,-0.05389151898373976,-0.00507972931333189
341.43,2.289137794354925,-0.4176315466788767,9.600930712895064,0.03195529508018511,0.14828550834743565,-0.023067141195202416
341.44,1.9848709174606032,-0.35110994555191694,9.96340556135134,0.03872399977446052,0.0848772696670885,-0.025016670034581252
341.45,2.3558345074690545,-0.07462174962035478,9.449267626984051,-0.010777258711480983,0.06190328382261254,-0.02064426441259114
341.46,2.33012411015932,0.01819156871390107,9.798041518581602,-0.0523370965182487,-0.052103916515869514,-0.008267958346278869
341.47,2.112539013790392,-0.12415507961719281,9.45033454621316,-0.010447500369492945,-0.007555641027054543,0.011822347274632092
341.48,2.252566078579306,-0.16068179127843224,9.588820506945572,0.06383148964237022,0.09914923682026483,0.0030446439035153594
341.49,2.121140429482136,-0.16806340951268822,9.419398876676214,0.021726929722547257,0.06570153867026608,-0.01536536344823362
341.5,2.3293410887214443,-0.10606620894273083,9.576185632509112,-0.028085135482626034,-0.03632413164157184,-0.027037007985461416
341.51,1.9895954110812386,-0.32150383306777525,9.33846124121351,0.04308869989543526,0.11828352582479232,-0.0160101053275476
341.52,2.1389061707305,-0.4044425061839367,9.658157162846589,0.025523732141606928,0.08050910180191599,-0.039732943005406696
341.53,2.4304352124698076,-0.43225733792198145,9.548385345353328,-0.03914071196623082,-0.024677235894634664,-0.00234126228873601
341.54,2.3043507037988245,-0.12635843511678693,9.589980070654258,-0.07675959144775074,-0.14207798165869415,0.025395707922066815
341.55,2.3578256186734237,-0.5534006274117556,9.671779720981597,-0.03727502189627845,-0.11207041473607962,-0.010962231032715673
341.56,2.1113805694210885,-0.3760985602783872,9.348784618193042,0.068228925811676,0.13694560705440983,0.04142214534645558
341.57,1.9715660343777284,-0.3928840083877018,9.081765547749098,0.28811054780675033,0.7815273582405876,-0.05057838562588974
341.58,2.2648969458482218,-0.33114166893368485,9.195813930172589,0.3288652572277399,0.6583253648019928,-0.049037551216792256
341.59,2.062233050684668,-0.1274443175602719,9.048881816533497,0.2259922701835206,0.11005010290333986,-0.029887145327298668
341.6,2.266968393032718,-0.27621955794986885,9.729850267537714,-0.08750549159135258,-0.4681855568299029,0.015986524541456118
341.61,2.0513874145863213,0.0013344911644264934,9.694195399563885,-0.2835946889875664,-0.5498388432210425,0.05172864174036882
341.62,2.217605464226401,-0.24853909447505076,9.743185208026945,-0.24716014743696318,-0.245948295106844,0.01573238368690675
341.63,1.9973432939232318,-0.057329095872096905,9.65259661717566,-0.0227619491098819,0.047591973277251405,-0.004498722557996241
341.64,2.235330282877703,-0.16377167085945973,9.817654380630527,0.05073785013656859,0.10421981856048741,-0.07229138235725822
341.65,2.2174511632460803,-0.29237944496317475,9.784850516808849,0.05404199745528768,0.0038528536948575645,-0.010202898873685261
341.66,2.2802728343505447,-0.4017687143107461,9.640152237191941,-0.04808062978689337,-0.16946294635117085,-0.015771651883797755
341.67,2.278084217168622,-0.1397126712188697,9.7108161316731,-0.13588987331154223,-0.22818832054909644,0.018022550465237715
341.68,2.1590901728537863,-0.40944034316411215,9.89214916030548,-0.14027143949120452,-0.178739048158647,0.0076318867303867485
341.69,2.1961722710830487,0.04048497072471269,9.927348801832787,0.0008659386218665618,-0.025769834587692792,0.018509411274406837
341.7,1.9325477585111879,-0.05536395182132964,9.708083046581113,-0.004441507399405277,0.02379782589637495,-0.07127979670129607
341.71,2.0718450582152967,-0.1151807988747734,9.200192305146203,0.02735473251112755,0.0652960378025211,-0.0184246610371944
341.72,2.206349498132211,-0.44113042728348983,9.816035814006867,0.018254756439294046,0.03966591181190937,-0.004068952965912877
341.73,1.9298233134446898,-0.5096044821928497,9.501717943479182,0.06626286925285323,0.14146493543110414,-0.004340411532226739
341.74,1.913690239448178,0.0023278885926002746,9.506187782050397,0.0386807266505789,0.17092549556768752,-0.041186030197285034
341.75,2.32066694056344,-0.042449297510423506,9.640120302707208,-0.04189002201975464,-0.026187559201984092,-0.04014892684284148
341.76,2.1988653587473377,-0.0648098160346916,9.559586967419218,-0.0642224949335287,-0.21058227020848977,0.02747655859931457
341.77,2.3158631454491543,-0.19819852279604028,9.515708281085645,0.06929464639602395,-0.004613158709876938,0.012698582834300127
341.78,2.2925954061241174,-0.11823764319691019,9.526352025837008,0.06715981104578493,0.1348607331741677,0.003969020638963365
341.79,2.324251427250809,-0.09549626018053033,9.58213526403147,-0.009777924102356374,0.05313491151567721,0.012370694443955903
341.8,2.1069181548355536,-0.18823355951450116,9.283307931683037,-0.06628639759203019,-0.031096857400333737,-0.021677112095138125
341.81,2.192411699032305,-0.44875894055458265,9.653952725384313,-0.02313060502307071,-0.2255073796611535,0.02537314622417496
341.82,2.227727440444442,-0.21979999698988162,9.488271982183793,-0.027159087833844534,-0.07704658208770912,0.022405566913504323
341.83,2.241663883615625,-0.08868682250860158,9.358863463555405,-0.007829866503110298,0.026224372095242095,0.006110928265325958
341.84,2.466934510002991,-0.21592073304818843,9.411227525438962,0.0433846742031609,0.06504744044971007,0.0014217781003284767
341.85,2.078692541089489,-0.3719045533390223,9.572918804009722,0.08001089598721504,0.18326507118730515,-0.04217880215232192
341.86,2.2448780009970077,-0.24544701871990887,9.675347288297539,0.014952071178916608,0.16786438242903973,-0.02482398792607391
341.87,2.268413184555483,-0.36593157946424426,9.347252675115568,-0.03424237645288576,-0.08790032129881312,0.035180558600024905
341.88,2.1737129716001435,-0.19441377379669594,9.74809364163199,-0.08852617341741865,-0.18052359797115242,0.0414441049614985
341.89,1.9129162673715638,-0.2856585579399497,9.528006957302999,-0.05835552163675657,-0.11781550912297281,0.03227801453241164
341.9,2.198417057700836,-0.3146906580671095,9.284345667640302,0.06911627142400219,0.026161955200308593,-0.023951016978226727
341.91,2.184519969584771,-0.050683955989451496,9.519110693242283,0.06788349096192638,0.18765096626698385,-0.021098771557731304
341.92,1.9820547955049348,-0.07651682121897409,9.53990312603333,0.011052810877093307,0.14447180487562353,-0.014278355680616623
341.93,1.9637183189880167,-0.10429922079001017,9.361119081158527,-0.011280512884389849,0.05114720408690382,-0.016693480284476845
341.94,2.21853290653373,-0.23315445468991536,9.581131581341285,0.006069639434115884,-0.08341411172652763,-0.001940857971017819
341.95,2.197121721835883,0.08741828023485687,9.707062066164779,-0.018739266303443837,-0.12296720371547344,-0.03171438438724113
341.96,1.9652110679722075,-0.19978872314873664,8.933485762898181,0.09744692052231617,0.18411892362718074,0.04841842540279333
341.97,1.9251567387802824,-0.2565097253960362,9.075124780952205,0.32046636302277076,0.8418591041049416,-0.04810276646744407
341.98,1.7490532185251841,-0.01984721661266159,8.89041044442403,0.39738205862294435,0.687190845652911,-0.02278475321074958
341.99,2.2423710664475878,-0.22712063042831343,8.442387099906629,0.2503083521164901,0.07667379836102511,-0.011790719009709766
342.0,2.1399785048882185,-0.2325703434146324,8.874374088616005,-0.011662076122389451,-0.3740615969521476,-0.0023937886886161996
342.01,2.0879790844044526,-0.20685162246097294,9.957997505534145,-0.21305546552343707,-0.48261756842738973,0.018837364532137774
342.02,2.066019686127554,-0.19510897910739006,9.977282971226016,-0.2540053997834669,-0.2994282465366755,0.035797617180162666
342.03,2.2789683511703456,-0.17612060918653033,9.926048287121672,-0.0680373099501077,-0.05901704809469069,-0.04842673792378054
342.04,1.943474735388966,-0.3382425444896556,10.033764773187764,0.07020299833358092,-0.011894799632970372,-0.049703746500575754
342.05,1.9724164959332589,-0.2687192927641352,9.696809292814088,0.04339233226155238,-0.09666172194913347,-0.014473152098828972
342.06,2.1206816545901472,-0.10467904643658227,9.763055284169953,-0.00427630002791389,-0.16384299156725485,-0.01346820978831494
342.07,2.189797555140631,0.05414484134768055,9.679639766425742,-0.1498371084507465,-0.254127103343751,0.012660269746736758
342.08,2.561298340536195,-0.009181897223108054,9.73238309521536,-0.06064078406798287,-0.06329237600247599,-0.01761999890902241
342.09,2.3668151514625158,-0.15260348096741785,9.663578691824883,-0.023102401351443,0.04128225320571163,-0.02194909832147048
342.1,2.1033764368864425,0.10238944713615841,9.541401223486195,-0.037927628993972014,0.0013801117013551266,-0.0006684287964625942
342.11,2.316784896460211,-0.1502580915402897,9.118780442142471,0.07999646342007405,0.11556956007569504,-0.03586119952908882
342.12,2.2287424172006847,-0.2465639170724841,9.93695775805385,0.02169586412297572,0.04703998024988365,0.005107277234316778
342.13,2.2635615436134144,-0.011027102735207323,9.684287369467564,-0.056297064159099804,-0.05586296244686191,-0.003918054191512682
342.14,2.158192009801561,-0.2764697026986562,9.591807958295128,-0.11394750498183098,-0.1367519392370466,0.005590954448809785
342.15,2.2961200074993062,-0.16984455180466856,9.688736789876078,-0.05613023899137156,-0.11276236988411467,0.037909650833041104
342.16,2.2457984423580846,0.0012064981278935294,9.068319282017837,0.18983499978265295,0.4919542686538422,-0.041019481928182
342.17,1.9277943310003585,-0.2691703963040004,9.509345449465268,0.22769809310151432,0.4831979033065138,-0.04545416695079392
342.18,1.9668454908598636,-0.1720306298057285,9.304960216662037,0.13191961483260561,0.11470181796565483,0.010517773600242704
342.19,2.3389293245089062,-0.24020958210412735,8.848234187121014,0.08342819533350865,-1.3992327129867463e-05,-0.0012100505411387426
342.2,1.8109508705209303,-0.26773929029095545,9.48689591512091,-0.017144386539414934,-0.1136226964625582,-0.03058124218642705
342.21,2.212766017936959,0.16024259831962123,9.930934561062402,-0.13382849700048086,-0.22874089657568053,-0.005788003872946439
342.22,2.2144182251480973,-0.1919943249521676,9.590582494123987,-0.14565208341735747,-0.28719395648759155,0.04099355513569309
342.23,1.6302065345981864,-0.02425260357981701,9.951270059742663,-0.06121805381316959,-0.1329951482853172,-0.0030774340062920957
342.24,2.346607219316069,-0.16253850086917074,9.724890105195007,0.007157608329455684,0.016477981960872193,-0.03848573839650929
342.25,2.3500585277303423,-0.28150149078204423,9.792835459168957,-0.019830994317443267,-0.0777934979939105,0.016981791581178414
342.26,2.3080624516253048,0.010914217674866,9.853640259538494,-0.09689283050128088,-0.1881957567921805,0.009987704871396491
342.27,2.2074957574307943,-0.22294301245475656,9.322028624415351,-0.03969911742861439,-0.044987543258447664,0.04525090775276182
342.28,2.2228172004304128,-0.04710691273199591,8.912628096948211,0.1719783157515844,0.6198179218101072,-0.03699926985787694
342.29,2.2392021824417765,-0.3885193416417757,9.328308833117626,0.2903688431641606,0.6465897752549485,-0.021243377130099477
342.3,2.297354180875118,-0.09076260880950524,9.165986775659542,0.2287085212535559,0.13918255315875197,-0.017655096248630566
342.31,2.7538618353703175,-0.2549976987712391,9.20519225548585,-0.004438205100533629,-0.42431669515447595,0.007260522082661843
342.32,1.9388725824543522,0.24140808774641723,9.835436854395208,-0.2514332506416541,-0.5933666734166333,0.0546373570791866
342.33,2.101337997990022,-0.14014985420846393,9.398665139939155,-0.24679699942118644,-0.26493450697277604,0.0009090920850456409
342.34,2.0047057699162636,-0.2552119892422836,9.573081327481942,-0.04257008009561529,0.06107975395501166,-0.010715546076603442
342.35,2.2655800671860713,-0.09808271679144051,9.766078899369743,0.07697912508590303,0.09807924740533626,-0.02187322859449347
342.36,2.1463058434346065,-0.1250529923794386,9.557703380436536,0.1860213492188948,0.16107428672937535,0.03598763923054838
342.37,1.9883633283971298,-0.47983848415997105,9.118912600234252,0.3966494035193903,0.7164018522847305,-0.01550859982780892
342.38,2.1873783828347126,-0.496159099696729,9.004989821722173,0.32454590407877404,0.555313292003101,-0.01101014764473168
342.39,1.874909599107426,-0.042485878452182275,8.326665973090677,0.2876480813163245,0.4185149696809697,-0.025879742567434208
342.4,2.2118063275459514,-0.15152905913723774,8.777170447444332,0.14578417869376,0.1602364790188075,-0.02235197497612688
342.41,1.9652031226427715,-0.17905861289562824,8.977859582436343,-0.07932504513500482,-0.3530218694450367,0.010435610370170488
342.42,2.386043246145445,0.11570611657016917,9.55010945406553,-0.316956691870053,-0.6478834043927721,0.03864113320805125
342.43,1.819282381054691,-0.29029525324146205,10.177546844627706,-0.36210911573385635,-0.5282791258882846,0.03618645143918324
342.44,1.9368238044158987,-0.16151145124448002,10.067711894714371,-0.17732098020476164,-0.2564913525745596,-0.028793137870346024
342.45,2.165135319960755,-0.12718825486440977,10.077171684868233,0.02912996465148045,0.0010757996732643571,-0.021061274719358487
342.46,2.028070877413893,-0.04148287322697799,10.391153855858509,-0.01247158603237309,-0.02888627247494824,-0.015922041837138155
342.47,2.2668613135316793,-0.30757066630090985,9.928085973779346,-0.14986972890122155,-0.3145041556277106,-0.005690830407538363
342.48,2.1319679061156975,0.08916121220754761,10.165412139357286,-0.21982637962130988,-0.3995650805868651,0.00817847762543359
342.49,1.9188075090815868,-0.1315330164460756,9.688517644524854,-0.10978144734392299,-0.11414439772098324,-0.009544050500003653
342.5,2.3331298014383046,-0.1671641885061607,9.478889433434059,-0.02789702168867247,0.018738376445721537,-0.031227962044783453
342.51,2.191840130965828,0.02616151296407715,9.604314425324642,0.0629920635521809,0.1358032208841393,0.01834653108381487
342.52,2.103297180493555,-0.014463196410051435,8.804862633821,0.34244573708339987,0.8845515333283361,-0.0649208308113321
342.53,2.1663371613361275,0.14908643263764854,8.89031442626615,0.4602205863171694,0.9004361268595834,-0.06085368905967241
342.54,1.9358604704027425,0.13315210666212035,8.309561585997951,0.3463459926653137,0.43976609463789923,0.052463430559743805
342.55,2.0899884891506204,-0.10807683548134321,8.36295775407652,0.4206823861038049,0.534930481608061,-0.002881305951449392
342.56,1.8220849974173134,-0.3049787912775486,8.411259582563446,0.1813764608707453,0.14860064108404292,0.03316552073855286
342.57,2.181058289331498,-0.0052508970070931915,8.810640781214474,-0.05921159088799322,-0.26893991537598216,0.0151466846605904
342.58,2.231655755964243,0.09231508510062908,9.617063851051954,-0.2510402085750967,-0.5928137561863235,0.050972707511614646
342.59,2.481094144897705,0.008103899423213087,10.103795507101237,-0.3613992486104417,-0.6511750065203903,0.070060966844493
342.6,1.795145102752974,-0.1443003252168839,9.376768288536319,-0.20135584856656447,-0.2833067109819693,0.06269270672921821
342.61,2.1201262937983776,0.2204884310049438,9.57934992551372,0.142079570906632,0.37914849923814803,-0.05540058911222685
342.62,2.3093050435562876,-0.20109629356842174,9.9561047759146,0.21682691003224402,0.3310789432125543,-0.03567114361139124
342.63,2.079345988155362,0.2803810076558575,9.350168688900082,0.2454460403073391,0.12140728138912182,0.001993322377838891
342.64,2.6002691942495524,-0.1754068771902056,9.752718571710982,0.06701051964014507,-0.26012478904568653,0.006674980114754985
342.65,2.043755204828322,-0.13845919355906222,9.127503778299033,-0.13131861628327166,-0.38850506938838036,0.05053731901788855
342.66,2.2735369169818256,-0.19623068956374667,9.31657149864203,-0.09128812832693813,0.19038924451163783,-0.010487153744024872
342.67,1.8871113131762658,0.21012912197567796,9.787875311304001,-0.022881808905228455,0.18845574573191015,-0.01758345194883293
342.68,1.895660786809033,0.17449780378914598,9.807002750348556,0.010914772790002214,-0.2661159784515162,0.005434641737900235
342.69,2.3156942685798176,-0.0817778773797441,10.195636336527519,-0.13566121432625208,-0.6918672936137595,0.05631094649441668
342.7,2.0973483196061014,-0.08987872775698819,10.549272294564087,-0.3028022622260254,-0.7268045046416594,0.010883071120008424
342.71,1.7695076855960223,-0.12949070042728184,10.516507882587517,-0.3302790658306334,-0.3873413280514492,-0.01661835761707101
342.72,1.7640673838286376,-0.04867498054748637,10.43211343032385,-0.20333318215457497,-0.06458321250139251,-0.036248731307481026
342.73,2.0630746116202494,0.2626725753944027,9.990870599526586,-0.06644861644430776,0.07053834693648886,0.009935363414149677
342.74,1.9574652607659282,-0.24556965329593805,8.735038715294104,0.3761787158223092,0.9299441047622689,-0.031668265368832514
342.75,1.6885979574851364,0.09600977023179033,8.091792185550982,0.6702074784843164,1.3294641382621444,-0.06403669672603138
342.76,1.7195360085402507,-0.09274250186756511,7.396728599202999,0.6327087301518154,0.6306085944244219,-0.00014136982218004596
342.77,2.0807907809322232,0.1316085867908123,7.950019630060228,0.3093750192073499,-0.2718679734997307,0.059628779301864575
342.78,2.2462781858066947,-0.16215277019031749,9.277763233258355,-0.21861040397232098,-0.8203297723277015,0.05245983598015029
342.79,2.349313024841651,-0.1067088846339167,9.804836890522873,-0.6134523125681584,-0.7467183898959443,0.11608318922985436
342.8,1.9493785715925362,0.2665949661803968,9.557476456346693,-0.48387270004102667,-0.026414311147994172,-0.009810071981578274
342.81,2.0987130710633464,0.028576689370662017,10.4618505483382,-0.19090533858424594,0.1693189774834797,-0.039933581515845015
342.82,2.201430036173829,0.14953956206137756,10.432037537579319,0.03590741001685494,-0.15835688153470368,-0.050503957863590285
342.83,1.9308474720979019,-0.21416858918000917,10.584716885859386,0.039062940935868325,-0.5203116980857443,-0.002700627351960385
342.84,2.44130351897755,0.05428947556210151,10.7022256989172,-0.167965349028859,-0.6788249417467556,0.05061715007180871
342.85,2.2533323067050266,0.07616085983630846,10.591708916214039,-0.3575248144426209,-0.3307011811021378,0.04017600967736972
342.86,2.032242962250772,-0.10413415655706651,10.237428742314341,-0.24291866783224922,0.008976037694191058,-0.04183221314435335
342.87,2.519671101529807,-0.19117724001388406,10.643437093866401,-0.17710427062169037,0.02442132832466289,0.014794105411023741
342.88,2.4787964726222826,-0.21320783445814417,10.35764054013735,-0.0482213976722502,-0.21201917655395905,-0.018508807750870458
342.89,2.4237073720253166,-0.08654096849146317,10.406191962615583,-0.06373096510597817,-0.3417893160418551,-0.0020013884490267236
342.9,2.0460168229811284,-0.07192352609361792,10.062178826897965,-0.17798018556405348,-0.2514362934647331,0.04092218996012097
342.91,2.188024762750756,-0.004090976987224645,9.95088082840075,-0.15564723606934133,-0.027442458545101807,0.021401601750415476
342.92,2.377912653963905,-0.20798739818266582,9.590372354716294,0.09144034117379476,0.6452363898620946,-0.015474257637241869
342.93,2.2567636389990238,-0.5693248676727585,8.910107590955201,0.2847218972734716,0.8791052235943553,0.030416420113000664
342.94,1.8826932187418504,-0.09470394287718731,8.12721153475353,0.6167971304954907,1.722021407123303,-0.03349996776800033
342.95,1.4912085184354535,0.0786211369896028,6.8202682054513994,0.9312030789829435,1.75830411733802,-0.10698249173269767
342.96,2.176898199962363,-0.10510104458716477,6.607988958981529,0.9145013101370333,0.5414114422374392,-0.005041003130261689
342.97,2.075391177659722,-0.11482284295868801,7.1705038033893125,0.4320347045525585,-0.5102667800653219,0.08826729565223664
342.98,2.225281403083192,-0.06171071340308589,9.05228023519126,-0.312252616805065,-0.9303180097300211,0.06567074443935295
342.99,1.896909859570488,-0.1671307018952225,9.751532985788707,-0.7906296374558972,-0.7395280272067382,0.08820664073636875
343.0,2.3084803116818193,0.09369673205575768,9.75419426620092,-0.6852173168814223,-0.24940453983788372,0.03406885242543734
343.01,2.35809028795795,0.1526070230919157,10.385596426162238,-0.22057019623251864,-0.09524836257632156,-0.06334124223472604
343.02,2.203525628211861,0.1773850897480584,10.702537227922841,0.0720767537376989,-0.29428941442608497,0.005768568344699292
343.03,2.0669128935923253,-0.43151132772353373,11.049072026721921,0.15579498398480213,-0.39092812088741047,0.01660164298760514
343.04,1.955838657767304,0.014129898746235617,10.510043325836042,-0.178893125091801,-0.5013120934501092,0.029142979868062212
343.05,2.1108145063045773,0.22318777035578705,10.291909995582254,-0.3674180729034125,-0.40160593234153563,0.0384744265885964
343.06,2.0198979929405145,-0.02047225899957253,10.020592546387496,-0.2051559371248326,0.2578424334918466,-0.010012493556564181
343.07,2.1640853185294144,-0.16039636821530806,10.254559563537576,0.013582553462635098,0.32906633489025866,-0.039490649218058047
343.08,2.140804749269624,-0.054931717787922524,10.118993404074837,0.14061193280397316,-0.09760816004522409,0.003848790274287025
343.09,2.190994472214535,0.12557850499432768,10.203396823786075,0.07706491064281622,-0.4306872834279739,0.05251951130408236
343.1,2.090117115570546,-0.5096596236366214,10.589776440269615,-0.22677304853963318,-0.5395321983558716,0.006889835069613961
343.11,2.2702154593003665,-0.1598883004230515,10.306510522519389,-0.3753958127898601,-0.34261139464125934,-0.009546468793793797
343.12,2.2551141017404954,-0.024677217347163882,9.799749131817224,-0.2334254819573844,0.05990229100898946,0.07281846028672112
343.13,2.050110242348299,0.10546847482518547,9.76100548040449,0.13425899027414376,0.7347051105057494,-0.020539171677479554
343.14,2.0729673462161733,-0.2936581734935614,8.989244022227417,0.4423209398311543,1.0004887287380329,-0.07275071022373211
343.15,2.1029265855728494,-0.06568919912796767,8.431475533587982,0.49535499198697774,0.47616376061910043,-0.03132083460529603
343.16,1.9334355651806823,-0.13339369993268238,8.969604705009152,0.27190316485310234,-0.21276881978019155,-0.013302747544897835
343.17,2.4140997329973293,-0.19569116189016025,9.066783048834578,-0.1426378737326679,-0.51798559331556,0.03745316592813213
343.18,2.275713699128276,-0.07335233307101556,10.074591529161323,-0.4504851309322082,-0.4656408459738919,0.02159110311803889
343.19,2.2559943028324936,-0.13624396828379148,10.056466642293081,-0.35582242409059966,-0.26640498944969204,0.00489852227340873
343.2,2.3362701040047216,-0.20125065443525267,10.101855228341321,-0.1272262265056112,-0.0907337277524244,0.0017160406910662705
343.21,2.0972175548307788,-0.1461892425325257,10.345008866100027,0.1578201504055758,0.19312027285365582,-0.048748806471467725
343.22,2.1016618315896505,0.04673156926203206,10.115237290967645,0.13778855962245617,0.08835102256577741,-0.008902337454579455
343.23,2.227011644797854,-0.1064388738388882,9.926801243672825,-0.00068175078267344,0.06701774655860471,-0.018631838938190384
343.24,2.098237269221577,-0.35619405084174405,9.759627150214927,-0.20038422579854384,-0.11986328068830254,0.0006627115632954495
343.25,2.274411726834101,-0.34323362022123804,10.132990445092636,-0.29263779307346416,-0.3300176192317352,0.016446215498351
343.26,2.331141995601515,0.2074631551352274,9.505478238386987,-0.15575813982803088,-0.18336669129727293,0.08595857756012704
343.27,2.0737677908406473,0.00524320400430274,9.589463182696322,0.09994978261725154,0.46092717050067067,-0.03281212757892416
343.28,2.0999012585612222,-0.3469620429078646,9.48536441237489,0.19024363529646696,0.44862508212764735,-0.05436062191559361
343.29,2.0140019374132825,-0.0015063892820027514,9.68628061565704,0.07666999429532882,0.15230382316885938,-0.017246431575049747
343.3,2.2939297956893343,-0.07206546528267439,9.428778913319437,-0.05124646392316858,-0.2140863461197434,0.035786310747518944
343.31,2.3285333797926144,-0.1533345183108556,10.190747408896437,-0.22649960461965166,-0.4776156772458169,0.03247086569907759
343.32,2.37591466083239,0.13320559598279008,10.041880024939948,-0.20441090986273322,-0.15574078842276134,0.01997865625050265
343.33,2.621159785302699,-0.21043785500795104,9.985000514728538,-0.09579630086994376,0.1209595190151371,-0.030920037756826016
343.34,2.0585103059581487,0.13493419257036532,9.625665914549423,0.1353080079688646,0.3163600762303505,0.03096328972644963
343.35,2.3655235599634223,0.08640991657417213,9.218253132065147,0.3822399688562863,0.8091883722131293,-0.023065707115170624
343.36,2.1477432358098167,0.028299937726016522,9.087700989681718,0.36547357697139105,0.6376274255408013,-0.06890459112954446
343.37,2.083864296854671,-0.08954524355966462,8.042715908272422,0.316375649606836,0.3756324477391819,-0.007499916330848161
343.38,2.4659653184083052,-0.38073056667361516,8.779323113566582,0.09202113276704511,-0.054074589424562745,0.006156395869439547
343.39,2.1900366645850484,-0.127029956094655,9.595600669487869,-0.19584008318568205,-0.4286366606933259,-0.013115515780715535
343.4,2.4832051705640312,-0.12307875973975199,10.114263646617578,-0.3705977796019115,-0.5260931050121013,0.050251323197465766
343.41,1.949611574212867,-0.2816705590967322,10.248633615780907,-0.26279532929019905,-0.37332670601314744,-0.0031827423807933297
343.42,1.9981272881540333,-0.1885274852468768,10.573967692541224,-0.08791630280772797,-0.1776045429930098,-0.010541357398573637
343.43,2.436796947425985,-0.16714170948956472,10.178405116635947,0.03865771426245815,-0.11687895664815899,-0.024380275529453863
343.44,1.984454990662827,-0.0644349604468837,10.17795819859242,-0.09380592407494516,-0.17640730619753084,-0.01619897609919823
343.45,2.1678709039416955,-0.2376852260231318,9.883034238973142,-0.19023001136126544,-0.2591571871073936,-0.010973387949515391
343.46,2.2328834105163695,-0.2212325987311561,9.74854009890494,-0.0642532295568832,0.058576281494127705,-0.0004657675417429057
343.47,1.9708871748057353,-0.1737709858388241,9.946396136479406,-0.021058784129631015,0.18690551094129995,-0.06358171236208816
343.48,2.0384782596920092,-0.17620517460234977,10.05592012790456,-0.03945725668745492,0.005010783122802898,-0.017718339013973256
343.49,2.1658649737175044,0.0612177924988799,9.867832255506565,-0.12831505899216944,-0.2591701809978404,-0.0064283219646278445
343.5,2.3116176134854776,-0.4099677385934862,9.820266259812687,-0.14601018485367198,-0.26926535113727956,0.0305982018478224
343.51,2.120166084144662,0.09284152509543775,9.53947881453844,-0.0727459182311459,-0.08772185632814189,-0.03967798579607651
343.52,1.8649741078967126,-0.33595345737073584,9.850719934643557,-0.0011928244846799098,0.1333746559640581,-0.017576514067957984
343.53,2.225059038336467,-0.23434551526200467,9.535277431290089,0.00572325072495895,0.23378031577813632,-0.03331272867151056
343.54,2.360354614599711,-0.0036454206187022387,9.667718088387305,-0.023596425205781535,0.06490628678298566,-0.02558099463201116
343.55,2.2006691749321012,0.1489014129728258,9.943741911472626,-0.05916224596101451,-0.10538869258482861,-0.045415909297150135
343.56,2.37410142154331,-0.21156739756415616,9.644891201574515,-0.043992277571808805,-0.14706358090783553,-0.010247844180918456
343.57,2.2069974604895655,-0.3539163219963949,9.507529772893257,-0.013798284578000627,-0.02380813965793252,-0.005609851742746398
343.58,2.5711752177552993,-0.18507202187790076,9.44903734305639,0.019774992531954506,0.13926346630927033,-0.04125725930274484
343.59,2.3192863131582824,-0.28785829429549653,9.666865521078552,0.04532746323571342,0.14498358684864884,0.009569715766715177
343.6,2.2904438959921594,-0.16073677774301667,9.243230184020243,0.15901085535550327,0.44264812372342643,-0.009013686172662003
343.61,2.4021486530369804,-0.47295048691134134,9.759907511164684,0.15035840052741423,0.3760844319293355,-0.039409260592321554
343.62,2.276501822666734,-0.3833942737101895,9.535500941362159,0.012720184084042033,0.004227885874594443,-0.03824493875711521
343.63,2.3488875900483737,-0.2282932627339061,9.412016722569316,-0.09901135210438673,-0.23121478051527156,0.012450898938029965
343.64,2.089826151442529,-0.1941961692351491,9.361309657346833,-0.08092331869695832,-0.13961755298351008,0.06444990714240137
343.65,2.3902251471381164,-0.40727081960198563,9.672317440936729,0.1602446832296814,0.5007103362726273,-0.06188296543039888
343.66,2.181481925285529,-0.04229618827880732,9.23473410310487,0.19074593762306202,0.5163671247584001,-0.06331621171272483
343.67,2.1429110865958565,-0.19175514240369904,9.466308346611065,0.1245741655546645,0.22622520922032344,-0.027015117609720758
343.68,2.3969639260819378,-0.2575564982667547,9.42528490268937,-0.029275275697667545,-0.21502465711262173,0.012617413568164529
343.69,2.3279433518307555,-0.5847717373501259,9.581187156474233,-0.15984800677710095,-0.42154646067764096,0.019981864560865144
343.7,2.4898482229572254,0.055116977955577684,9.728830836117018,-0.13384017577687654,-0.2820322385057473,0.035010878482045066
343.71,2.3384472706106085,0.33970803271691363,9.878607441264233,0.06816556367842057,0.22291059248883777,-0.031869395884674856
343.72,2.2237124967695436,-0.26368635144120345,9.617861932169035,0.10297486297888907,0.28613739078122025,-0.034442201207650076
343.73,2.0632377114346765,-0.08032587480677758,10.09081920718328,0.03155563228859833,0.00048724155722756554,-0.03593828094930311
343.74,2.261799683367897,-0.2598767888359182,9.631348805443514,-0.06062100804061884,-0.3371516727864708,-0.01593779695869982
343.75,1.8187667359685922,-0.22460081294149384,9.377964758232816,-0.07813898960435373,-0.20747511264082516,0.0538198606617026
343.76,1.870408853763974,-0.361656488207166,8.599752411145381,0.2765431375392437,0.7299793122332335,-0.05904390250312273
343.77,1.8344632460369972,-0.193981092445271,8.700777558771005,0.44548845594200975,0.9799577912975072,-0.06466703803532314
343.78,1.9661774301854134,-0.3013175467961793,8.332598980086821,0.44091298537764506,0.4632477612194137,-0.025448041086232887
343.79,2.0113640361821523,-0.6717752493611633,8.727469354746475,0.18111029828095887,-0.34542046389290565,-0.01810508597253174
343.8,2.2153351195258506,-0.29477923729103767,9.461397388388933,-0.20278631981798603,-0.7396460739402874,0.05205792815360026
343.81,2.017689044271512,0.06314879076925489,9.678616292681474,-0.39636539693532064,-0.5051749324422459,0.05095268329230644
343.82,2.1886443682906203,-0.13979106955311232,10.033742327091241,-0.17189109254085208,-0.08813361545547732,-0.02596660246051718
343.83,2.156399055659655,0.36330505818292236,9.445463815677032,0.11062465153438004,0.3179681807687371,-0.022408195060974856
343.84,1.8595852683881813,-0.07699634446172018,9.682368975313752,0.2614789838901709,0.2495582290222782,-0.07000967128090667
343.85,2.101012670302697,-0.32323483569121303,9.392504399665366,0.14507553236718293,-0.14670401843410752,-0.03586292369961854
343.86,2.226576595955844,-0.29287613708828875,9.758280628385858,-0.1465471813468874,-0.540047325129696,0.055929928656991326
343.87,2.2694580616978075,0.3185103813793799,9.868581447238043,-0.3278372253735337,-0.5421122385329675,-0.004339195488327879
343.88,1.7562267009613637,-0.02530208360426882,9.883497036172576,-0.23621577773233704,-0.29174481398718566,0.020200694378755622
343.89,2.0496593364602984,-0.2060974337256647,9.800965251406053,0.03523895077741908,0.21332830805355088,-0.04353229684535202
343.9,1.7372043895117812,-0.006814700489434722,9.597058664126589,0.12307862970026277,0.30363671526516617,-0.06265953776953927
343.91,2.0935647723483366,-0.14291163325745848,9.016148420838475,0.11164595423659542,0.13053430147904613,0.060361150972116834
343.92,1.9858503064375643,0.030648649522545174,9.10650208609402,0.29799935184459864,0.5117164203479063,-0.009785695495038348
343.93,2.126911643859597,-0.4696238779406421,9.30444643734251,0.24075547302733452,0.44168601371769883,0.012066113402481435
343.94,2.082088829403639,-0.2872327154565316,8.432069789672253,0.27302284256787024,0.5992153567518989,-0.03188284199949567
343.95,2.0342506478737303,-0.1422105475270896,8.779226800893037,0.2413901884713324,0.35209363656515974,-0.0008037473905896826
343.96,2.0340559721091296,-0.147699291597533,8.936019156081063,0.03242981161949023,-0.24158338075946997,-0.014498891640383963
343.97,2.0113061935428513,-0.19478342946329258,9.376320129347798,-0.09779613486344348,-0.3645708048189006,0.06117231172815833
343.98,1.6434236240238618,-0.27009076377338975,9.747491115097285,-0.19174782133607912,-0.2620982546795741,0.01103811968926589
343.99,1.8440756287866142,-0.18572725972338444,9.961540442733382,-0.22319888906379834,-0.22011177761121445,0.0196379451337101
344.0,1.9602498782922295,0.20264432151484776,9.327637351780714,-0.03731122826369234,0.028259650642168784,0.04630762567394736
344.01,1.9496378019185134,0.14339250614990764,9.217952108001507,0.2358606493443434,0.6681871746371142,-0.009899186659271489
344.02,2.0348383091274957,-0.2857447217811696,9.139623317327098,0.30557543906126117,0.5584333891006753,-0.03742821224957671
344.03,1.9765288724097951,0.26303518106882995,9.353119100760901,0.13233275253852153,0.015380192676965257,0.016954887215161057
344.04,1.6864800113570408,0.3546987809168546,9.747940613251766,-0.17547749006025487,-0.5251007844769076,0.04551359136290377
344.05,1.846088201279187,-0.028715199785904977,9.851738749221115,-0.3810347323754284,-0.614821439741321,0.07999241303386814
344.06,2.1510905931886586,-0.08007471799908311,10.223194530967023,-0.40374198265384287,-0.299080235392577,0.012414807913493473
344.07,2.1341062458782276,0.0113519842583686,10.212090196628981,-0.1475460511815597,0.022221905445798905,-0.010739642410588482
344.08,2.0623569137943685,-0.0733286583197989,10.239487734124115,-0.0397577375384591,0.10718052140436271,-0.058435950596263234
344.09,1.903046353340309,-0.5104437750608514,10.235913870099463,-0.043467099121951874,-0.035632477069038375,-0.02170124843315583
344.1,2.379581076580349,0.03399438261287471,10.15185207104493,-0.15845636515337935,-0.19495351613234108,0.0285075078215785
344.11,2.114803662454019,-0.19719292258871876,9.785155921290395,-0.11169126817126174,0.10955912637673233,0.001463533522696757
344.12,2.212154030512336,-0.307551930326975,9.594794333192066,-0.07078888038613969,0.20739150964990827,-0.0305917069200876
344.13,1.9716123018876135,-0.2869117865537687,9.64676931594355,-0.12708131369476042,0.09269241532062263,0.003029689702282649
344.14,2.1945948177477304,-0.27769184185424656,9.637431677797862,-0.113936217892934,-0.021579017239682162,-0.014714885283083571
344.15,1.9919335877473816,-0.15577237221425674,9.61459484210154,-0.013101811504869165,0.1238039959731842,0.01607679657828107
344.16,2.07774192832982,-0.09515629254100619,9.719207407945738,0.023570190226193895,0.2693046470122943,0.014914783013634875
344.17,1.7424041279303686,-0.19822610567340374,9.73410812962642,-0.04836617134356089,0.21533511709878875,0.01844085416919658
344.18,1.7626904723792778,0.026854710197827952,9.694868396183244,-0.12744335775013618,0.13558821773264065,0.03430085821772885
344.19,1.7261001627842008,-0.3053522635040907,9.34471167877116,0.049362588069058175,0.33458086283068406,-0.03535907056816106
344.2,2.080997467327195,-0.061818159016987215,9.749263181569738,-0.007112734674331218,0.36589275753381867,-0.01318624017409681
344.21,1.6920407498348344,-0.333661812162947,9.904478005117452,-0.04243320844230083,0.13699055166230334,-0.011811822937228073
344.22,2.190839009610178,0.0035978370311222363,9.7297076655589,-0.12095498739874436,0.025625456860953556,0.01344123235200495
344.23,1.8752526763352675,-0.12668536824157106,9.756636614313623,-0.07551499725343765,0.08638119694192474,-0.005804587268486893
344.24,1.9397264865111477,0.005001750619217177,9.710005806410418,-0.035445592380158944,0.19585998367161914,0.026680354658954835
344.25,1.865449076316234,0.04177573891217359,9.041437401892297,0.1525789882204373,0.5563142953509945,0.04612753684329088
344.26,1.7851650316662881,-0.10216520215426256,8.865193741088284,0.5729416121633316,1.3636140956629264,-0.07464114271555747
344.27,1.8837998027433112,-0.38966761119912346,8.20916792346738,0.6606775600956611,1.2681115288670568,-0.043972330700588314
344.28,1.7858261521801468,0.04170834736221349,8.15820652317141,0.42582360353510457,0.5232686354351199,-0.013095868653122445
344.29,1.4757793329532036,-0.2526405439372615,8.382144251542334,0.2358415411485961,0.08257377509194044,0.023123347397784242
344.3,2.0162977075834068,-0.04739548173513908,9.344839967932387,-0.13230496378893236,-0.1707159382918636,-0.01833465102194611
344.31,1.9988272539794971,-0.2310679337424128,10.13701629906696,-0.33201459663703164,-0.20730553678288682,0.008447148550509502
344.32,1.9281669592447788,-0.5488292260551109,9.629894176481839,-0.31614326531218584,-0.20242828631349646,-0.0014168738786543775
344.33,1.8267429691770805,-0.3740257335117837,9.626390808567107,0.012440724792382105,0.13646736972732337,0.010375515426845817
344.34,1.6872984038449428,0.07527344582674986,10.04076949580198,0.13543510130547928,0.22331728303800732,-0.04560670794645505
344.35,1.6080639250442759,-0.0030472160519698643,9.902022464618693,0.06846723213977338,0.05403712417665088,0.006111147684415955
344.36,1.5297090267642333,-0.20890770565347538,10.397452488789783,-0.2002506086388051,-0.21504875675417795,0.004666374342733947
344.37,1.6975670674715955,-0.31756820918518425,9.88364092551536,-0.30405900332960184,-0.39342780485497664,0.02281740586924846
344.38,1.5220457057332917,-0.18612768787334255,10.204579352641828,-0.2992024528421299,-0.19659600670971453,0.008002470848433987
344.39,1.525191508978012,-0.14087650677673647,9.953079346477747,-0.027672638240296976,0.10620794606333717,0.0479905499442166
344.4,1.4393728619016177,-0.33803312724281165,9.600387148803346,0.37736157741712023,0.8298876385080622,-0.00861018828468476
344.41,0.9822384594969223,0.2166105872718744,9.198396281869877,0.4966535697172012,0.902030110189626,-0.06619336271956083
344.42,1.4617630920454991,-0.43607167087242743,8.817271469362092,0.2810074735572317,0.39005927379856403,-0.009189021746625337
344.43,1.5219869251252482,-0.1983526065291502,9.215355947422493,-0.07421364032571312,-0.23287769864077365,0.00022506679595445632
344.44,1.596725714058759,-0.07602206460636249,9.89372137666482,-0.3715734249223428,-0.5106390792280815,0.04100404324824902
344.45,1.2864032689967442,-0.14397963966270236,10.07432197008327,-0.368456869167999,-0.32172661938245456,0.06292576430676225
344.46,1.3368277910480921,-0.19639491962920916,10.163720137782947,-0.18853523669060365,-0.041921589212622824,-0.009782212105828015
344.47,1.284972892095419,-0.06634785300149752,10.382254891560374,0.056242114081333915,0.20047339553161878,-0.02334090127563067
344.48,1.5883551372155016,-0.12723743922720904,10.377467710069071,0.11282447710919018,0.16082458635276004,-0.060101678622122214
344.49,1.360211703366077,0.03622566926995868,10.485894218190653,-0.10514145408234621,-0.06768298339723369,0.006426051151054041
344.5,1.2450115757860156,-0.2920052591911626,9.915987314473163,-0.22522945753942014,-0.22910363308041798,0.04761734291415609
344.51,1.7453744040543804,-0.09745423283597951,9.928784586782456,-0.07465723672289695,0.16260040059694433,0.010857920535108014
344.52,1.5752671806147012,-0.28359675839093834,10.051426164041395,-0.006470763457476758,0.27610593218583784,-0.018406693772002818
344.53,1.7006158128032725,-0.1938593411570534,9.97475732330245,-0.03481714363399419,0.18559539624729987,-0.03414119508347374
344.54,1.3052694591573113,-0.08372706270819961,10.13667877531128,-0.07942483527695005,-0.012009500781022774,0.019943395232920075
344.55,1.3925854811297766,-0.15162455093545685,10.234820307356625,-0.12852648151495194,-0.09889411650034487,-0.005278664973582418
344.56,1.1208402519609635,-0.015639651434142088,9.616839904702584,-0.14611312249872432,-0.023328092318071366,0.027221159604691424
344.57,1.2357903840501698,-0.2903157042214926,9.89149099679555,0.1359097549669963,0.42339346411752926,-0.04140669746917219
344.58,1.2144278451391288,0.10280768191110254,9.878861775823214,0.10000722846159084,0.4390164346953275,-0.02976919322993908
344.59,1.5919027777838064,0.03541887060073648,9.695584597215968,-0.04131100902608611,0.1266616005914012,-0.048350085469031065
344.6,1.5790835642595122,-0.24153172960016736,10.381767496972705,-0.16155143930897653,-0.11512240130636767,0.0032121940472806367
344.61,1.4827922962710842,-0.1569691129409772,9.749928823389899,0.00827859071166788,0.10932586172990821,0.02088955399243227
344.62,1.313802883138557,-0.016625818678578375,9.47079881614623,0.12993048987921996,0.3948651656550672,-0.001405562602851889
344.63,1.3767559055125258,-0.267243691003722,9.942034832671602,0.0774220882355903,0.3367579293999935,-0.00033732501083722985
344.64,1.4548855497177853,-0.14273810427503414,9.846930664799812,-0.08032161104308243,0.01880804272607334,0.012079471246142566
344.65,1.5288265911479557,-0.23332648156808045,9.83829703685248,-0.06967917143458248,-0.0025280356013675353,-0.023570627476220525
344.66,1.0555873042904167,-0.19711312343723678,9.897609491127511,0.027183350112353562,0.0779748874204669,-0.0012785653403278871
344.67,1.4313682305268889,-0.16622299304193275,9.710686244972955,0.05073688849701562,0.135289270004258,0.01140829363711921
344.68,1.6000282333163156,0.09283844455564574,9.20417942714052,-0.02076434786085228,0.1546340257626617,0.009448401550797285
344.69,1.037837001177371,-0.18756208709297728,9.631166701946283,0.08847130485700609,0.3590502228141886,0.0036929459245730913
344.7,1.3891992680983585,-0.1657540879780934,9.928596252375325,0.0337032973941567,0.25564256894256837,-0.045483754122606246
344.71,1.1118112892099603,-0.39394274871854706,9.081106144311029,0.14692935987357994,0.4269822941186361,0.05243376957479998
344.72,0.8865444226625545,-0.10683012395360351,9.194583962275132,0.5218462908937057,1.3124990746910237,0.018521224642339993
344.73,1.1500866013600561,-0.22484578312665354,9.540097339003317,0.48406142773360056,1.9516877553412308,-0.03451607400414909
344.74,1.2354099579727642,-0.04195897961809089,9.204615818655059,0.2929454903020755,1.8311123052300693,-0.027964442907093795
344.75,0.7797892195245594,-0.18602510351938034,9.283786828545374,0.10654913380833905,1.2646043270358078,-0.017587974619180085
344.76,0.8860081285124053,0.017539261989510058,9.525601606223907,0.00620940546223208,0.5867206726342319,0.01274527152913144
344.77,0.8365778339047284,-0.09140461734460212,10.017469959026387,0.016449664806999574,0.4183552263604508,0.023711825947585686
344.78,0.5183644978937544,0.1301715855615101,9.873998615753383,0.057980977604221155,0.5924390156305052,-0.02760702688307124
344.79,0.7407628606008231,-0.4289543916076395,10.034753873261426,0.10589969748953108,0.828948656953978,0.037306327892912654
344.8,0.5451761795106401,-0.06452189870510125,10.011205591816353,0.049710432272780034,0.7417476730005764,-0.054340882409931374
344.81,0.49083043252312536,-0.278670090371221,9.945469470985918,0.0019493789436648215,0.4567574862665038,0.02186603035973675
344.82,0.4779276833606189,0.22043392516732643,9.750914648991492,0.008796929576329226,0.18214047942076483,0.002881647056294143
344.83,0.34232013609326106,-0.33859484542253915,9.764525857285323,0.006729075263699094,0.1509603268225633,-0.01588454927221232
344.84,0.27434641840991614,-0.09978643260281754,9.607030339739275,0.018997173244266592,0.23656861099845455,0.012044773343616557
344.85,0.3655500151892632,-0.28294836662337797,9.965227855641634,0.018383060706242883,0.3141033733212838,-0.03381247951169164
344.86,0.022609892668031012,-0.07808913062341935,9.797812931098848,0.005663429624871469,0.2533335292252419,-0.0005599731329363061
344.87,-0.004885218578982609,-0.0030399556949379913,9.602866585240324,0.02869069083570946,0.13058651768674817,-0.008716473047322898
344.88,0.14756514177180644,0.3835302298511508,9.917901861062365,-0.016897223500088095,0.0007131387327198452,0.013358095120225457
344.89,0.16427917523143956,0.02225171028675349,9.666213193414038,0.013323165422311245,0.012506005996100876,-0.0034306359899320404
344.9,0.21723392013919346,-0.2615275001118221,9.939246837994455,0.019832957180846836,0.042511176108033656,-0.009781468271149897
344.91,0.4183839928665181,-0.15234869831663028,9.75187871024445,-0.004592107317571307,0.08933082958892563,0.014407710158417771
344.92,-0.07702923126401282,0.20552502614802867,9.772303790216423,-0.008413595555592977,0.02584673196492552,-0.02239373293902218
344.93,-0.027212615641996125,0.10322375140551796,9.900125329375712,-0.00424888833228517,0.03221041321009429,-0.03950835904288465
344.94,0.3531680643945893,-0.06024420989624752,9.954501060958703,-0.018715833246448252,-0.02214929898679658,-0.011740747190978944
344.95,-0.03315566984391916,-0.027897116321600204,9.883253526915771,-0.024684725218094377,-0.03820438422773426,-0.004379208446355025
344.96,0.22271925413566868,-0.22722350519293974,9.425926466216072,0.019528841642547586,0.010232420976889516,0.014326592711704922
344.97,-0.1325415535733433,-0.11464598667448558,8.98949193278938,0.2932813341756793,-0.11529621596063219,-0.08323773056410089
344.98,0.07317587252139288,-0.0588183404543802,8.80840237986093,1.3339770396822939,-0.6763288480545248,-0.13631022009214078
344.99,0.28004848337966814,0.16370187339401648,9.09305111639154,2.6843074205862925,-1.2691776761901197,-0.14679924059032876
345.0,0.027237136638693774,-0.10394409154987572,8.074918377054253,2.8212653089639153,-1.4191237263869483,-0.05994532197954206
345.01,0.31611527943305273,-0.05617986267541625,8.83883339608964,1.7974991905031912,-1.2263566557927363,-0.10660910687171238
345.02,0.22930962324363954,0.2129918214400227,9.39218413496881,1.2103593060990343,-0.7207011359971072,-0.0471538018031919
345.03,0.3874518599184026,0.9367688161016836,9.857610978073604,1.17211696255817,-0.3772376903131135,-0.05223677788088086
345.04,0.1986113483616014,0.6331366578728101,9.8643536077869,1.5434448967422714,-0.36270455182082323,-0.10501435334218064
345.05,0.3277790374309708,0.7074570635679155,10.257993217075411,1.300338860101011,-0.45155473241607735,-0.08598795185046906
345.06,0.5400881436273838,0.9446338349939388,10.445452974214056,1.25303354258806,-0.5935703087740299,-0.07176924778043893
345.07,0.6705119917652994,1.2459774679234488,10.181056069775316,1.1670708981182198,-0.5886730466444382,-0.07278464808524585
345.08,0.6577665389550494,1.3444657240816908,10.596563568799152,1.0631146238368538,-0.40427439064781284,-0.07011343602210054
345.09,0.8333467923837017,1.3559447304941639,10.729731020381054,1.0603272152395355,-0.3019382613739749,-0.07035354255829906
345.1,0.45622367808644515,1.2357081857598289,10.469709827606646,1.0413467003654284,-0.2845489528631931,-0.05769295482610759
345.11,0.6904907689208158,1.636497167431423,10.258074429612833,0.6702924943880394,-0.21671258811810354,-0.004069557890966417
345.12,0.837399985871428,1.5465223255111549,10.268987185372325,0.4909720366746305,-0.23990293434241927,-0.018482709837197197
345.13,0.791856870996327,1.8101524885038327,10.465565006014959,0.5764107416286081,-0.20540411962122002,-0.021544602368658447
345.14,1.0429119659386394,2.0546555826756263,10.313338593243914,0.6299181285344113,-0.18443534467783093,-0.0677367487128937
345.15,0.9149644046056024,1.6968344394272608,10.032119014194127,0.3425291044721672,-0.04212900606054443,0.02506649850332774
345.16,1.0005749205121692,1.8436396699115767,10.138170785915996,0.18687327488643515,0.05159179972858298,-0.021718238828238996
345.17,1.0289253855362612,1.8459826821957965,9.88688617200759,0.17002363445026866,0.029907829906727603,-0.014730599129081359
345.18,1.0531600160188148,2.144266119579642,9.845421614494526,0.2496498994435345,-0.08474304159648641,-0.017453898229281218
345.19,0.9641103811222095,2.2830039225976804,9.671800530966726,0.24532846821742416,-0.06345583265531243,-0.014643086366357787
345.2,1.054153360859792,2.388438553197756,9.74953822282816,0.1793247171064942,0.04755799827559164,-0.001802418035607955
345.21,0.6872035348528817,2.406570997749964,9.728294843674467,0.021117150287688062,0.06843001020590864,-0.015422521164918514
345.22,0.7302971870264912,1.922057771222309,9.611234256142431,-0.07472987034660378,0.14647544299897303,-0.008489273673383644
345.23,1.0616994457350535,2.0587652873978013,9.63297877777809,-0.07270803170451201,0.12721780932968732,0.008848676388733667
345.24,0.9994735237668189,2.0172139077881512,9.48445837688831,-0.037033150620566065,0.08641151367528391,0.010198577575060354
345.25,1.0399812037587681,2.382960487342225,9.273697502711643,-0.07232291764393133,0.13008989310054606,0.0168242714135777
345.26,0.846672599548777,2.03397010229914,9.363728379314379,-0.1313733849017232,0.14969460754502473,0.00713249735068061
345.27,0.9101291194060748,2.0060717922269635,9.158480786011284,-0.07920752607792879,0.115259413879272,-0.02356115574279645
345.28,0.854426872872363,2.139278559442105,9.355544584818846,-0.5672160191733026,0.40205024922914645,-0.025803863166739043
345.29,0.9470805405265514,2.0026282499398205,9.128524746742151,-0.5794069382791579,0.3870214259495693,-0.014466338270453152
345.3,0.7862348576739884,2.2008430415577256,9.489890037259118,-0.10675166712675445,0.20386140656688623,-0.015012832617167945
345.31,0.9091311574025123,2.2846465378004313,9.837974631637618,0.26557113119008063,0.036614313928698336,-0.00832228986062983
345.32,0.939182362813512,2.196335144867196,9.450069744562745,0.28787384911006203,-0.10999481324147695,0.0012543407131095875
345.33,0.5766771889216106,2.203726973054086,9.795091347817396,0.08693102204291786,-0.004405892457329939,0.032235159591631514
345.34,0.8020163651091985,2.4535542352145936,9.47025743429342,-0.10866772234372335,0.08133991024003888,0.023836337471066362
345.35,0.6742744964218503,2.411953739583481,9.380525557814337,-0.18574268326093343,0.18218325632774943,0.0323138084361516
345.36,0.8702493659289661,1.9799137580209627,10.003779875901685,-0.014515374105801945,0.08734839446788972,0.028088829273930853
345.37,0.7203157408369388,2.4271377079571326,9.659350409662359,0.16195837408265062,0.007891682624134956,0.00520523779466531
345.38,1.0876228670503605,2.1810280593847673,9.449282860561873,0.18301020717183136,-0.02623765842125185,0.006036189260622432
345.39,0.6479800974426506,2.1015500458039114,9.548372872205123,-0.02010644858650816,0.04364843067285285,0.051786243282115924
345.4,0.4798051785368841,2.25000682721756,9.73886530044433,-0.16238965618445056,0.11090762485434391,-0.004623464548823092
345.41,0.6016032367978148,2.211805116748208,9.612690613101972,-0.1373316878778923,0.10426223529533946,-0.029713052384953684
345.42,0.6720943153118251,2.0620877370396746,9.203253605337796,-0.44873832541240233,0.27824069093574955,-0.011744063524710864
345.43,0.7567253994142952,2.230077416194247,8.999016808447635,-0.6204723299759388,0.390671628098612,-0.07081812271731651
345.44,0.6811247987110354,2.0420577731259817,8.208510167239396,-1.396571795075997,0.7851945182022516,-0.09072855835210955
345.45,0.8623081620200775,2.0431576447125632,7.6282735285331515,-0.9681366716135343,0.7902629394423325,-0.1504439796985792
345.46,0.43971664590754184,2.092338099710722,7.44608772042719,-0.003855048928274648,0.47690689502405886,-0.14235361780701078
345.47,0.7902901286426489,1.7739091842051857,8.453000548446674,0.13544253423196903,0.2077139663857832,-0.05550528326995978
345.48,0.8458466002421485,1.822086041440891,9.297720389126937,0.4328964605791355,-0.25570751688720256,-0.01572573334929979
345.49,0.573182383624159,2.1892960968924817,9.794218091215336,0.44559138663204306,-0.3972263112355392,0.01081082486213231
345.5,0.5867449823422334,2.180882632887075,9.850627565481295,0.37304282037282516,-0.24776950426349328,-0.016990493035292688
345.51,0.25562968839109396,2.2725402182095076,10.22258849309465,0.4589799196738188,-0.10375436686144728,0.0034986747154295214
345.52,0.5314182152567142,1.8723299636380673,9.988465435890271,0.06585885274394912,0.11588946235457213,-0.026119325661094445
345.53,0.5122485893849663,1.642477911969913,9.934026477795381,0.06167410639576952,-0.008481598234914609,-0.008743807678958021
345.54,0.8895909932411504,2.2007389636031305,10.02578429675315,0.18515858366647936,-0.1268167357848454,0.005977179799440664
345.55,0.5525595861338176,1.9972075660617343,10.061522417117105,0.3733801370337119,-0.23945593457206163,0.04125854425111766
345.56,0.5858295953344678,2.5302020568521115,10.06675876691149,0.5719371808030715,-0.27811281064188953,-0.02078420264582863
345.57,0.3404580349273859,2.116859256471773,9.949786245906745,0.3798628845277762,-0.15968188245603043,-0.0035997699431618655
345.58,0.354526253252206,2.1346050035778106,10.120843431868712,0.22544577735580956,-0.07941276269194482,0.014173432792004855
345.59,0.8090934488207548,1.992165224630079,10.036893364560353,0.1590923710118984,-0.06665017184503447,-0.01595979352303729
345.6,0.5169143646767925,2.090431274589392,9.954574458634458,-0.18666449389460757,0.046471820800250294,-0.00739819699711269
345.61,0.6189746456935333,2.2023127679617636,9.89198718883339,-0.16799196143758371,0.05061943807696473,-0.010189642213463615
345.62,0.9142679492500547,2.0561206343248184,9.738933879148847,0.2436096341425865,-0.07624534214058286,0.03857190349135821
345.63,0.711097958429786,2.171537846631641,10.007720918676815,0.49479194844066926,-0.16876800062585112,0.047580446351705157
345.64,0.49975443667629,2.124307419724925,9.945599324936222,0.3483307696777553,-0.12152667055427374,0.020276218841389138
345.65,0.524480067741764,1.9426392682682176,9.922734071502159,-0.041180617754382504,-0.04123495786070923,0.016143948767471526
345.66,0.40947501522535634,2.1917036829070478,9.963062204573205,-0.23873050723776987,0.03812969875073186,0.04399246467957969
345.67,0.6636138513432879,2.0852597693547517,9.924196444161222,-0.08429466057079077,0.039567482939715876,0.00596869419121694
345.68,0.7677339005975364,2.0968097474501817,9.577060965559527,0.13617380231078227,-0.010370455603624762,-0.03464905589962606
345.69,0.3128220266331095,2.3848644165688575,9.548574124672593,0.020948753750766737,0.05538828592810497,-0.034924582840436265
345.7,0.5456822712902373,2.129224800177281,9.379244134430374,-0.13711106121306224,0.07034320865061895,-0.0011303104303203343
345.71,0.4400118941734675,2.114027834444907,9.439920988644452,-0.3844595220378415,0.19061353781221296,0.017867881194641607
345.72,0.6282057087231259,2.0515158509009215,9.552106164534173,-0.2884173390751512,0.1380759240543953,0.012307885253242029
345.73,0.4467630358615492,2.0376059654984817,9.486067045297467,-0.04976293959604476,0.04181289073041928,-0.0031809812134890947
345.74,0.4272470596958763,2.0462729879193313,9.607343255253163,0.20202346858025588,-0.024918804766246853,-0.007669544447203812
345.75,0.5689407601621462,2.1762756757291757,9.53249155593093,0.22310748617995618,-0.03632414271226622,0.0019562151026605214
345.76,0.7791616349447037,2.026740571015723,9.551372701843485,0.06490845045821086,-0.028232707735111953,-0.008822838298929218
345.77,0.5409087856359007,2.2409521859288235,9.606861578621041,-0.07981390366123284,0.03319472411787065,0.0356315486350685
345.78,0.4904100621640463,2.4524714710821685,9.642184431489687,-0.09737080327473879,0.05404088094466683,-0.0017949543567097122
345.79,0.1445463617938007,2.209825848247539,9.39453394239971,-0.1960246626404924,0.13871524220519596,0.01225277589897204
345.8,0.46034947841430435,1.9067826759591489,9.410395610454282,-0.10705342626300055,0.08769242293703979,0.037263245586113665
345.81,0.5496302963017573,1.9852681354029773,9.455670648340252,0.13605279148436872,0.03601223825870771,-0.022363445583353746
345.82,0.6564961684392743,2.342552069611584,9.51290098412822,0.20058579174073232,-0.009078051126117929,-0.016714787472586916
345.83,0.7517268599806847,2.087770046283063,8.965613207669078,-0.03767989356999016,0.039728924010091704,-0.010324800839462387
345.84,0.5350246947127706,2.120493635392419,9.172639409283326,-0.8113297493877382,0.2755983498746629,0.014701052371406927
345.85,0.5178916342687949,2.1751890259771938,9.00854196933739,-0.646218325934252,0.30926933106083127,-0.033393310302318485
345.86,0.26259362476354053,2.1475276185393506,9.332698777371201,0.03000336959840383,0.22109769913356556,-0.015544620200128005
345.87,0.5672446867917206,2.1230467450486783,9.410523407798168,0.4474826018291616,0.037442223996272235,-0.0199587064708249
345.88,0.3859726557182529,2.3627989504311664,9.882232464490544,0.42674206551363836,-0.22553449012137552,-0.026209229837833133
345.89,0.24232759009916,2.202890156580116,9.410868400631838,0.1413497519207363,-0.18531827741039766,0.02579381766561077
345.9,0.534345488799189,2.319719499963398,9.822288181638449,-0.12299872369830961,-0.04048295275339339,0.039238607423289565
345.91,0.78170023289801,2.2472634831272478,9.806546352085382,-0.006646804784996671,0.04873962934036361,0.0015847842661039558
345.92,0.3807714030810582,2.3274019220876214,9.50894359952749,0.11803927223606382,0.09552505023058128,-0.028260842480411455
345.93,0.32950033406376233,2.2188535021005675,9.240064933462445,-0.1070113971947961,0.11001270827972257,-0.03008402492651177
345.94,0.3095535279935382,2.2298752414070404,9.337266996621368,-0.013697448656130179,0.04045176385128064,0.009105283522236015
345.95,0.21006049638826702,1.8642654895708943,9.576764948675667,-0.01644425284193452,-0.0019196324462770684,0.025757006907346343
345.96,0.38716434892694535,2.12114290604685,9.665768561300787,0.1495147180370537,-0.047878411087776296,0.006462929415822787
345.97,0.07727073454024769,2.086850943657137,8.894434744321117,-0.010754583848618923,0.03230505168908062,-0.04738037528895323
345.98,0.6747859299497786,2.119145198253749,8.523096952461337,-0.9573821064815558,0.3196826707143619,-0.004298490957134395
345.99,0.31118169402315976,1.977253050290254,8.6096941630119,-0.9324026549993503,0.4377377535639871,-0.018314519073795464
346.0,0.4298609239067039,2.0067380919479807,8.67675261589193,-0.1311682856190074,0.38323008258789143,-0.05959105509694395
346.01,0.49014211291686205,2.366622148711238,9.156453426192762,0.7110108428190898,0.05612125040354647,-0.05132214458653939
346.02,0.5031456058217803,2.35177986741825,9.705639221892122,0.8786288989205846,-0.279407948691108,0.023056435148276763
346.03,0.36026679143416085,2.1278370453983855,9.867793911641131,0.43532397250677085,-0.3096907436080725,0.01327870702387492
346.04,0.23601636956855912,2.092701763424976,10.232578755623473,-0.04370226646029232,-0.1140709170624283,-0.014281690482836042
346.05,0.39021368106617377,2.2278461915327465,9.397192918845219,-0.3235877293389661,0.10344418208115477,-0.012672169659665063
346.06,0.5676113728108201,1.912213189008323,9.078262306241557,-1.2368313103781885,0.5795963276547004,-0.04072556683858495
346.07,0.47096901528441737,1.815068111705831,8.293468999129779,-1.0927851754147904,0.6590634619600416,-0.11514804941070822
346.08,0.3772856934997251,2.060235503021387,8.051825139433591,0.02544955119778131,0.4471269248695738,-0.12681336028923987
346.09,0.44451462480335674,2.1168278312367534,8.942841361010867,0.8051580701464309,-0.006662384916271236,-0.016944042279361495
346.1,0.09843028202507853,1.9443928028196131,9.557354729084619,0.8865587612548924,-0.39736438920119665,0.022176079117837214
346.11,0.8044793460646087,2.131061430903208,10.05292056875683,0.5214066436588385,-0.5375354973005363,0.03950250441756165
346.12,0.3896735153137951,2.0415873711610137,9.84891403151654,-0.17400339629918266,-0.25995158967512394,0.0010394003610387538
346.13,0.3727731947299854,1.9036735987088793,9.093409007176337,-0.38507147374803274,0.04634555142061414,-0.054573555258937465
346.14,0.030244815403494857,1.8454827373167555,8.813681845312015,-1.0318720759213391,0.5252269129663784,-0.08437551742856551
346.15,0.4356266107121782,1.8814761388751478,8.496749252649995,-0.7309107759031945,0.6831836618003967,-0.14569843815919936
346.16,0.3295835175112699,1.98618140606195,8.413432008716724,0.22396985600918037,0.4233510349776757,-0.0919891283728694
346.17,0.2653954493560139,2.267479685412869,9.707148489808297,0.9535937377885363,-0.09859565883701686,-0.03140512230428272
346.18,0.31343533152948616,2.004009990978757,10.181913144201008,1.0799636338415448,-0.47524332084984067,-0.004036206390786119
346.19,0.24642381676789915,2.08475670793774,10.519330400389155,0.6680416947648131,-0.5341291140289279,-0.012696493636245532
346.2,0.0014422740838433978,2.2610659421358985,10.487550453927222,0.1846334815127197,-0.2952559184720254,0.012033005729339408
346.21,0.430174874771868,2.151173348004402,10.752981774724113,0.07954408813079555,-0.03238268509640614,-0.015096580785261446
346.22,0.06604056298801184,2.13167975254284,10.623344324749965,0.2973094817018096,0.04243453033421649,-0.02273296398082514
346.23,0.48427690443108307,2.201820648093489,10.653915180469458,0.4948486887847187,-0.09150205091830965,-0.018476410016829408
346.24,0.323224300044462,2.07212564510949,10.34923117823521,0.45774410261747267,-0.27200767985723173,0.009871553922618619
346.25,0.6419131524739359,2.0460600433338447,10.096546481921145,0.08386975662881979,-0.2522821018216579,0.013786987761086208
346.26,0.2544957471792437,2.3330062061659147,10.081188001807922,-0.17283830442796005,-0.1367756674715511,0.012227233101419491
346.27,0.5708574570433385,2.30723972377774,10.371464126733153,0.01180457369394914,-0.025768879490647333,-0.01433066434746965
346.28,0.2183667410007958,1.7991949085455277,8.561786974022501,-0.3185761774795865,0.11352583056755702,-0.09719928325198718
346.29,0.15021807906758064,1.9306916180781954,8.785846240031189,-1.1297230296009368,0.32166053723141497,-0.024478099883264316
346.3,0.11873611339242113,2.0312214373896977,8.905011016144094,-0.7447484021901027,0.3871494116846569,-0.02915385453019257
346.31,0.3444699205650956,2.2632258660939044,8.632980512021378,-0.2804442260867281,0.361982582817075,-0.07619553705075106
346.32,0.618402106925767,2.716741867092517,9.012887907779984,0.21259593287092607,0.13519884284554046,-0.03568509258308302
346.33,0.19328243585324692,2.2148870078951104,9.540536165015588,0.3891509043910677,-0.22204398069622877,-4.9007450167106933e-05
346.34,0.35091347498868947,1.7780497843686902,9.939832085170066,0.31866305016498914,-0.33863916383315285,0.005681710657438447
346.35,-0.12062071121532836,2.4429156525120743,10.427391045641059,0.24260415816856792,-0.19647769122647438,0.0020169361077568572
346.36,0.2662616124954262,1.9466868223364606,9.593523104594128,0.15344830966102269,0.0045109859628683115,-0.045411330787458334
346.37,0.42074050231090576,2.0513185106767087,10.05287650703675,-0.3522268131307099,0.155073219344026,-0.03164554702262322
346.38,-0.024511273423945046,2.067267559656644,9.814259929285743,-0.20776365880859698,0.1559199368168811,-0.03239383546829948
346.39,0.13537840898380443,2.2409982515034135,9.799325943463097,0.19283663691636618,0.025860623895762314,-0.003885394678405608
346.4,0.24869443000590755,2.010893793408316,9.982190357982754,0.5106968433887132,-0.15634345560564175,-0.023069897429698713
346.41,0.3708391505580335,2.049237887613293,10.247716188248255,0.5953147384675138,-0.27608908803210586,0.04687813821044022
346.42,0.49392555867080146,1.8319318387491366,8.848688796642387,-0.17923464294217373,-0.1795887131897251,-0.032424347592277025
346.43,0.05661565196022797,1.9177996501064605,9.197726281010345,-1.0335566350980814,0.09148310878590521,-0.05460021856792389
346.44,0.26852637256244083,2.1470522470275144,8.104010331258804,-1.4513378982865777,0.48491796796936665,-0.046016847493101254
346.45,0.202621219375945,1.9709198173110496,7.730667250268664,-0.4942076556798332,0.5335432206167352,-0.08968896631460421
346.46,0.1307659662265775,2.3333229456107376,8.706987275630224,0.6869372414828199,0.3389724279448922,-0.11522735186209287
346.47,0.22134248171125714,2.1613527283971097,8.80367835568054,0.832445491429346,-0.01115960803755739,0.02200519343012232
346.48,0.4215863899456006,2.3964418359977437,9.319008290183973,0.3694042425570761,-0.25442922647659194,-0.0118126669159073
346.49,0.2113217264169453,2.366050133946625,10.401775888786151,0.14154963491695435,-0.32804927084628205,-0.0030714176896191013
346.5,0.24351755991384572,2.1810433755494256,10.158944011640434,-0.028923881029728912,-0.12763978944721643,0.002254424144957629
346.51,0.2584412194506574,2.0913268924175252,10.491282203998534,0.06781133040005041,0.019515157109831156,-0.05973122017992455
346.52,0.23782223540958386,2.124749530623509,10.422886437166415,0.4847056128843083,0.0364565274391995,-0.028129400125412582
346.53,0.33794480771060664,2.1407247075400377,10.732031918544207,0.6840666184721763,-0.10336484429485804,-0.006777125771867534
346.54,0.22938964788150412,2.3644355544727285,10.382850336407712,0.5618768325918561,-0.23093071436335,0.03161319876014286
346.55,0.46735902642942384,2.2675975802761243,10.009412802701894,-0.04698261978489024,-0.19235358447847736,0.022063424741206587
346.56,0.31368644943209334,2.333648952034674,10.471466211758607,-0.25119177090804495,-0.08313909830098086,0.02692592177584249
346.57,0.3531753016227327,1.6643170229191981,9.701651977667021,-0.05931944872025652,-0.00028980301485163895,-0.05137402342991981
346.58,0.44611865525514516,2.2545043347972604,9.4999803125134,-0.5116983660369868,0.22916332520284827,-0.03896568140646811
346.59,0.3778373118714269,2.5835647486418507,9.580233914714158,-0.26594515480872766,0.27867198168739377,0.017567266473679764
346.6,0.2829695785553295,2.130497562338083,9.766676241372275,0.25307673245970425,0.0522307994344854,0.002121085362345187
346.61,0.2682869652824742,2.0072688641400425,10.134444515962327,0.6026224086296195,-0.1958513304649675,0.00989901392343218
346.62,0.16315137778085181,2.2078661238191186,9.995143442178385,0.4301332668389327,-0.25633482956700476,0.02832599496616981
346.63,-0.1483690864915807,2.56744898636879,10.216914829389877,0.06379884025219526,-0.18146391809731202,0.0034916248929222436
346.64,0.4529354649937215,2.3218991480104902,10.305092654312151,-0.1644780455211861,0.016071000125146905,0.0054327373911113065
346.65,0.1505916866795616,2.426318218051838,9.735445778209025,-0.16223803516988997,0.08852488080401709,-0.007032177870423031
346.66,0.1569751272690148,2.2661670431364724,9.138302323228189,-0.8099982398046852,0.2519338819065167,0.004129310945112902
346.67,0.24992830700247987,2.354045931200186,9.41240629897988,-0.7437576110935035,0.2984610474495914,-0.03980371859335987
346.68,0.32149619691351744,2.1825785827294197,9.487663507092561,-0.038523920115338006,0.17420898327427237,-0.028630669224843395
346.69,-0.032007166059045855,2.160005627816791,9.119749499601403,0.1850267986853329,0.017937266730428735,-0.0076819954665928915
346.7,0.319705468743079,2.2720508676571973,9.704311341460802,0.2117843267990077,-0.1581040388545812,0.010316497443323176
346.71,0.24805458205977626,2.2932516326112973,9.645429612094567,0.14484810478758298,-0.151921058475736,0.017628537823095102
346.72,0.5916590108448869,2.131703706942212,9.391705029649568,-0.27679663591062437,-0.033712574506813024,0.011625803343818623
346.73,0.27143355721678264,2.386610363791384,9.85920007265552,-0.2288500455198131,0.05501173632816103,0.00026856379604104936
346.74,0.3192022253728225,2.0067471176995726,9.748805095838396,-0.055939003975666736,0.12967368470711582,-0.023490450496686913
346.75,0.14325106430274176,2.2404930906808747,9.772550347236123,0.24647599416768243,0.03972288006170245,-0.011656821124184256
346.76,0.37578726930431344,2.3962753689129705,9.694198668219709,0.43467545946572,-0.1942841757838499,0.016181531855978773
346.77,0.10572632114764347,1.864176448757532,9.386773071093199,0.05386499277631643,-0.1917061825462196,0.014560981888939738
346.78,0.2184504886353246,2.15877792687426,10.155722478598161,-0.227815400695291,-0.10439334445707041,-0.04215529940841809
346.79,0.1944599024304421,2.4359533106837374,9.759361811284947,-0.005324795862820695,0.04094447101461205,-0.006852668058091694
346.8,0.08756252821128388,2.164174839855275,9.469537126968966,-0.30547963205271195,0.21571276366821995,-0.04311375993590732
346.81,0.24314332863606547,2.060316517896591,9.650779129568443,-0.2268796363024427,0.18210278547016676,-0.017925535118249743
346.82,0.08068137147472373,2.1643586862006554,9.566757369181722,0.2748372245293886,0.018523645507127835,-0.013236884217949198
346.83,0.2003385249479181,2.2136436810001436,9.939990183965445,0.422329448767809,-0.11816769389036151,-0.0335205977162475
346.84,0.4506867957749297,2.063601362348782,10.026504990841728,0.25866895856871797,-0.1495089844771302,0.01894108849431647
346.85,-0.23745298183912417,2.1653035553802447,10.427665982784113,0.05642275002819035,-0.05369347339795748,-0.005629587072973659
346.86,0.27157700693656067,2.3020445931529516,9.765963951636724,0.005287531580195367,0.027781623286719417,-0.004046175706432727
346.87,-0.008061618711571183,2.4406375613837095,9.826791321151564,0.08864095622592917,0.04934965724921472,-0.011287391376661557
346.88,0.39258388507650877,2.1950281788606327,8.703070238054,-0.09258047497087486,0.05338725228979335,-0.0020013798636654024
346.89,0.4799619506765409,2.237172641146697,9.088823904663455,-0.8037550378554648,0.1183476566000797,0.00476062879414585
346.9,0.2672682623480244,1.9861606964811935,9.39223686016962,-0.5502178193400283,0.1357228286364906,-0.015657346132005746
346.91,0.2562500990359776,2.2839052477823563,8.962704027059406,-0.22694082962179027,0.20332478407056895,-0.027735035434895052
346.92,0.29684496004137256,2.0280335458783707,9.59517958435884,0.1932365291777956,0.12505331423480218,-0.022476562920002392
346.93,0.44653822794981646,2.2165663727631557,9.746390919729587,0.534856641406049,-0.09530814926478132,0.008420551113577666
346.94,0.3351696677259042,2.2932571918830282,10.132215514347745,0.4237257880684463,-0.2399528707943899,-0.004479591677327425
346.95,0.13512893601560372,2.115287582982951,9.573049462340084,0.11323309203695718,-0.1371404679641287,-0.02401809125896827
346.96,0.2738201054533236,1.8065215918770592,8.675300226920982,-1.0325313815139308,0.08153586512027922,-0.041153681941565746
346.97,0.19316136877277332,2.0102712171833557,8.258850117788159,-1.2091372059133167,0.38835523039961145,0.018065395500404657
346.98,0.006705465560005924,1.9656620742553346,8.38705944050795,-0.37569140667022044,0.3788429968645635,-0.07941757037985395
346.99,0.4286048371410176,1.8385533328052763,8.457188784708475,-0.19200432592912406,0.48980102044499896,-0.0762300006515634
347.0,0.3030006292355811,2.052439996935273,8.886865688303665,0.2668053295366787,0.2191807707734114,-0.03157143983750036
347.01,0.23698400140339904,1.9901282544593626,9.689218751017817,0.6948883334639457,-0.2296074542444393,0.01964140725111585
347.02,-0.011827249745780422,2.3488240923882295,10.20107794646319,0.7232223801551613,-0.44761122969465733,0.01873995964020138
347.03,0.1598119019313428,2.066278787888462,10.41201462097342,0.4713232062561879,-0.2727989793319517,-0.026022894416318373
347.04,0.14620107210275887,1.8777625855612483,10.730626102870309,0.2624512719022705,0.010152200701853596,-0.0004992755869741763
347.05,0.476244453853086,2.1181670356958633,10.299605474122039,-0.04841570320682817,0.0986488416608422,-0.03910738915401321
347.06,0.3202914531575041,1.7663233491723993,10.162244416360831,0.0814224169014915,0.0717231303594834,0.026848351560127125
347.07,0.20204850048728262,2.099150249011276,10.093195046848578,0.26605985327810033,-0.09403148402599529,-0.024752537820228477
347.08,0.10656268733210238,2.2183271759279113,10.05705013954536,0.42346984577108543,-0.2235798047533302,0.028746081507998445
347.09,0.32146349083207754,2.2906792062863044,10.217743709819771,0.4186614628451323,-0.18189980333945585,0.021812306996721882
347.1,0.08538846031857943,1.9857865686128047,9.005375013409164,-0.05853913248650197,-0.13147738163652725,0.008418228539637404
347.11,0.34627883106799384,2.0708825475388286,8.918757844618195,-0.8699741690749815,0.07425360133608085,0.002677600501227168
347.12,0.33223859757159774,1.9811685736274354,9.173419620854084,-0.6444521041423864,0.12420309956353288,-0.014118915385595635
347.13,0.310293481227071,1.8168801003773591,9.29992619900755,0.15623347881240954,0.14654606332989695,-0.04028914345534056
347.14,0.4494511664553622,2.3691731702419845,9.98203039604902,0.8115582621736467,0.012852496155966307,-0.00583826894458154
347.15,0.3007264183900242,2.04634318035132,10.087807445756447,0.7582483846645953,-0.11301392983591166,-0.03872936513749665
347.16,0.25717776069689297,2.0951149769001907,10.252111438109418,0.22574209660550448,-0.13004782697028563,0.02796317824374114
347.17,0.2880819043955986,2.3938364274222645,10.649800110573524,-0.1653770103858653,-0.08405397234346586,0.008490839978383099
347.18,0.3357001448244298,2.302571420328612,10.214225289682458,-0.12170698192258736,0.002927182000488221,-0.008895154861267844
347.19,0.4287724353979291,2.332608695360967,10.268636989555729,0.13792825172419737,0.02259429710272956,-0.003899268513852359
347.2,0.02693759085237274,2.262722061331063,10.126634832130456,0.33497145567391085,-0.05476688101356108,0.019729763282626257
347.21,0.22258805267769935,2.292326825798823,9.68078491434883,0.12835045982946644,-0.019231156597696822,-0.03570588969358972
347.22,0.33814312439071026,2.251610032313721,9.789908381058977,-0.13881941542341342,-0.04367094390062418,0.0008920699743324694
347.23,0.6049375644654216,2.4319557604731115,9.62347689770315,-0.3955982429971686,0.03824217874936885,0.006398985929064123
347.24,0.3449487667377569,2.263255696574335,9.81815772267807,-0.24468887399648107,0.039335989346781966,-0.011150109923467402
347.25,-0.06929723408014393,1.8840661279180098,9.975597028895876,0.10882211265710284,0.020818060912397452,0.001456364724801268
347.26,0.09611691666460562,2.423883536478283,9.321621196268804,0.22416569723413762,-0.027158111423913854,-0.008906819706413088
347.27,0.5161774727666759,2.3924062908779984,9.720789042161256,-0.010878125091488203,0.011144258253590434,-0.012499386355722852
347.28,0.5832913804482397,2.114260818976859,9.636287009596225,-0.17707185996181066,0.013816229604043644,0.06272344085592496
347.29,0.1720755804083223,2.1497166678988826,9.701013978181441,-0.4111629458770448,0.038876529592540246,-0.009739466655819366
347.3,0.20427507426900568,2.253527094700506,9.69313499219788,-0.20270394792638455,0.07178923098848072,0.005552439799074139
347.31,0.31392835843279693,2.3476651719359722,9.192695376826652,0.17875682394770415,0.03546341708777763,-0.016791623229347855
347.32,0.06172207953016473,2.179897167006553,9.52993939250083,0.2525182164775792,-0.01993376056933756,-0.008743205219732906
347.33,0.09966200320403415,2.1286304439603363,9.365255081921159,0.10650879597825615,-0.0016522565184624999,0.012884507078866958
347.34,0.06471954455824275,2.120945789434475,9.613229779783557,-0.12215378956685753,0.013613735155407246,0.02433460618745712
347.35,0.3327545390286619,1.7118701267164393,8.511095064708165,-0.5914189837905774,0.10120098205437969,-0.03178598109078151
347.36,0.11810687975684458,1.9577966786174699,7.891478405336492,-1.8512911957487064,0.4110260351380073,-0.03408700444237417
347.37,-0.03885482295196796,1.6691483162017458,7.062011616278478,-1.4783443675354573,0.6312379131960919,-0.02286786248880134
347.38,0.4049134305931505,2.096770698681187,6.906691351458631,-0.14712888680187083,0.5674631359999895,-0.06481980123360016
347.39,-0.11911865408208078,2.2982255067045805,8.187317533785496,0.3483633382842234,0.30896695173511635,-0.05084784538623099
347.4,0.19241536764024583,2.1561509281068334,9.293177867477482,0.6192896807246846,-0.2469905276769144,0.018067683518976675
347.41,0.4321406559285322,2.321429387141029,10.111752594533787,0.4578046517409162,-0.4621743044695022,0.01584018663229052
347.42,0.14016891289044237,2.0717811957164365,10.528928939355847,0.33327093448837525,-0.20733308692291563,-0.02164715407780493
347.43,-0.06705548208843004,1.9049002085197289,10.102932397695664,0.247959394104425,0.057126389498215996,0.02051899573676647
347.44,0.44574017265249766,2.137268252241173,10.588259093822145,0.3933723316529283,0.1307339530188573,0.028347198168246723
347.45,-0.005434650148062631,2.3949684963912286,10.943203588518495,0.5802450301704923,-0.0665895507266018,0.009405457137666827
347.46,0.3014749024081117,2.080037921770598,10.593953697424258,0.5655286558304271,-0.22593617618597345,0.013434510584047286
347.47,0.2913002133151371,2.224703365325322,9.500773067083083,0.32292692382711513,-0.2760026018999665,0.007688043209731235
347.48,-0.12242219630310408,1.8681864673873343,9.544402850657201,-0.5252437926763457,-0.15405502024766798,0.03597684489195639
347.49,-0.10774481191802332,2.175639544711893,9.622905773931528,-0.562673582691351,-0.07108236655029052,-0.010958404880429377
347.5,-0.31351819012297844,2.5300869687794867,9.537284179471163,0.08367741454092882,0.11415196288575849,-0.053990864604696306
347.51,-0.2736165002822056,2.2590707291719903,9.698839660438173,0.7270965290603668,0.02495790577153189,-0.02304349544269744
347.52,0.5937408527186354,2.0894456993961272,10.026767247379139,0.7797868683606766,-0.0763028055373169,0.009939283349683761
347.53,0.22675565138015374,2.3746656651217997,9.944385879884804,0.1909765989640493,-0.1072702013472181,0.0019031690711412627
347.54,0.24159683483477484,2.239149995858947,10.110244812951317,-0.27132608318739254,-0.0339960624231955,0.028755864004856913
347.55,0.367589320272833,1.724018950654122,10.156902629756651,-0.1299226518697457,-0.010264534794607236,0.004761165357594416
347.56,-0.0009572338863953478,2.21234304500344,9.643458221374253,-0.004364947134492106,0.08050359727390458,-0.0015468982298282963
347.57,0.3249864186095991,2.470658192632467,9.90168779312424,0.18076596770801803,0.033305712972636625,-0.022041950899816785
347.58,0.4218513169392644,1.9200494739226408,9.930290660278278,0.2972465728089448,-0.02200723996387383,0.01527645627729457
347.59,-0.041068611461303695,2.2335850630880447,9.54232694257444,-0.09391122096256922,-0.033212816178679355,-0.040238179408706255
347.6,-0.03856843215806238,2.481477378871505,9.690286526793589,-0.31195400922781436,-0.0055075281290966685,0.014294535177384021
347.61,0.38583993026308905,2.2144539602080164,9.88006210979781,-0.04828001485398123,0.021601663636144106,-0.026180420157699964
347.62,0.12610984404373243,2.286795048999151,9.881847750367662,0.27953484086325814,0.042619656217702584,0.0031242291114092578
347.63,-0.08686659773083324,1.9513802867950396,9.885456085493551,0.29261990198348437,-0.01841099505823083,0.007802482101204257
347.64,0.13665233777116473,2.0316055274128275,9.382708092975783,-0.46747609127458595,0.01283069633635778,0.01958528340524819
347.65,0.001426445308739338,2.0599477397761405,9.411873205571007,-0.5945098166827735,0.027543165110301655,0.012774878098181256
347.66,0.2121231174606483,2.162691038378248,9.933060563279307,-0.07831313964658922,0.040704210438833925,-0.017072015900887406
347.67,0.5029998129303754,2.0914045330437445,8.846464757543671,-0.024698611255200197,0.08583475781018816,-0.011900292646296802
347.68,0.3534814259012201,2.0941775543242165,9.444880250714126,-0.08114661329856665,0.04156574252435247,0.0033057828704270834
347.69,-0.04281558809585642,2.275204203128751,9.608283070669689,0.12979508932787873,-0.008999124227422219,-0.010556177909715456
347.7,0.029300713679126456,2.1150729094295087,8.404982353935715,-0.024561287218591847,-0.055802008950174786,0.050478642541235574
347.71,0.07229408030627603,1.8858067012176798,8.929950296805432,-0.7259561101719133,0.030234425454435485,0.017765802113797153
347.72,-0.035101586030570175,2.2383254147786005,9.17374738946573,-0.5614742397086877,0.09924195741894337,0.025571460320417072
347.73,0.46223040300355456,2.203708587412134,9.30394620092042,0.19295610783773454,0.12866418757549583,-0.020574274795896994
347.74,0.0851282540887019,1.9476520353792854,9.931497968067864,0.7753836774365387,0.0593089942610171,-0.021462857479142568
347.75,0.06093523325917674,2.246349368325666,10.114923506343278,0.6138123319326007,-0.037017173237579165,0.02314290762951881
347.76,0.22959970130138302,1.9144446426888466,9.2896722545118,-0.30569542070289557,-0.050910422077300226,0.016365421749687564
347.77,0.2569824915619169,2.039242257407003,9.758706886244152,-0.5343876901296046,-0.013858454986299132,0.009737924350268927
347.78,0.015548713856154195,2.2888749990775685,9.588009223266937,-0.08556025279801036,0.013068045328672465,-0.03140043732006339
347.79,0.5883031704790554,1.9989331047836272,9.882540298663402,0.5581168220142868,0.10093114644373344,-0.05125393565686787
347.8,0.3492604505058506,2.3370003256763403,10.16884939386787,0.6837274600005956,0.0044104820876390075,-0.021954818225463142
347.81,0.46657029054277344,1.8575416364001038,10.164666713885742,0.2808451360376302,-0.10145064478654037,-0.008411716940299472
347.82,-0.09570469032535822,2.0587510806826184,10.04160929447451,-0.1981244253979825,-0.03304138437262438,0.0010831201178463958
347.83,0.23484236768979508,2.038469672178795,10.29494949168409,-0.187457916040953,-0.008067116698717711,-0.022391551457233858
347.84,0.25234326048425876,2.2477591490882,10.158415237758945,0.1344912873716278,0.008429989097902449,0.03219157086465313
347.85,0.20103610727519242,2.021056142583454,9.792606532528417,0.3122385153153482,0.04457911230592668,0.009278233943488817
347.86,0.09519562613172841,2.0935611647139774,10.342244770937757,0.2293905318094137,0.0152452462598259,0.0334570408124641
347.87,0.2675185056149775,2.216771073453586,9.67678181807924,-0.02467975705946811,-0.0320960629765155,0.027316183054013548
347.88,0.4030386611869082,2.399550587289118,9.20381220168058,-0.19702207835524002,-0.032843506984997765,0.0016250205221529537
347.89,0.32280741347026465,1.9262642920406134,9.28119050919838,-0.5629965387704652,0.0721330854971644,0.012518659740899472
347.9,0.19016319846294813,2.0521452060782557,9.845941862355996,-0.27767754577613374,0.09092491266346894,-0.02593587089194194
347.91,-0.050109896908531876,2.111018506312549,8.99471278003162,-0.1821689627578893,0.0673000384261265,0.03526173333605101
347.92,0.20963022963575834,2.125027448839905,9.089748336192471,-0.009707766264116706,0.034573926472983706,-0.03149536613543907
347.93,0.2645514785121769,2.192120667615193,9.619220962317605,0.1462930542748656,-0.013455953281203414,0.049736420333185705
347.94,0.03334161713576239,2.4151756146573167,10.016938942385814,0.20170287874691975,-0.11026718008546346,0.06754047085063312
347.95,0.20415414834576268,1.98854990452927,8.394066982045645,-0.11102975794821691,-0.04356607736493325,-0.00726836784133018
347.96,0.040904791212616184,1.7739468078553005,8.541538952313754,-1.215984285444868,0.08491979726438148,0.017812066701707305
347.97,0.14814643915688747,2.002140639648238,8.035987234160439,-1.1385693251150335,0.24716626607554637,0.0027167878889943677
347.98,0.1296009279636081,1.9177474519773763,8.514345831889383,-0.1642446374227612,0.2626671153392494,0.017293856561053627
347.99,0.1957372978538258,2.660163931968305,9.109597447071176,0.8517761926434267,0.12816036753757395,-0.024538986725127946
348.0,0.22250895241031726,2.2588469594195857,9.900070191950585,1.0193555043369253,-0.05705537984063982,0.004957335034840762
348.01,0.14567929321075626,1.9558562158644106,9.426193088514324,0.41554481111412256,-0.12271388447364327,-0.020371052682952792
348.02,-0.06526705102795,2.236456831388761,9.834977561936814,-0.20691220198222246,-0.09316531166252223,-0.005296218150594183
348.03,0.21314930819021666,2.059472485051106,10.264902661218677,-0.17901549276858825,0.013265290579268367,0.02281040371009652
348.04,-0.11522258766253589,1.9654332553994251,10.356056958241094,0.2497031095267451,0.040148489532153,0.0014360708739553293
348.05,-0.10662885472496404,2.5060757225274193,10.629826667530095,0.6202012821201598,-0.04648218550910173,-0.005947120623999829
348.06,0.08485820948213837,2.3211166643412993,9.947886549475728,0.512136054504027,-0.06991483046647945,-0.025638031001513416
348.07,0.2608198974634194,2.0251808955482495,9.666230800583097,-0.1718651447347233,-0.05001428647612881,-0.030818265404908077
348.08,0.2645684401619703,2.2092786154699104,9.795238064067766,-0.3442153727087147,-0.05710765858777847,0.011488105605365395
348.09,-0.04091947272066415,2.252127392222714,9.935435572667613,0.022496405490965276,-0.020843810816511807,-0.014595768534388627
348.1,0.4091554745334774,2.2420243643030986,9.222787901889514,-0.13155697958730833,0.056506334215749784,0.024718710063413064
348.11,-0.015797300714623652,2.330048719029274,9.466247038392611,-0.06409000776434846,0.00975228228501684,0.006532909486153917
348.12,0.32504023613691424,2.4000797916841,9.786812191088213,0.20719630297881286,-0.07357672872377932,-0.03159962689549474
348.13,-0.019504108775504764,2.1650469214260193,9.587907905903437,0.34234930718752105,-0.08742547907363422,-0.007521426015552479
348.14,-0.1343685070159376,2.1418750854002133,9.779742435217985,0.27301883805131166,-0.009734735451356738,-0.010753105276054005
348.15,-0.06975008173524505,2.3986834678445503,9.840421928152482,-0.01580690213903862,-0.02260751295388605,-0.05036436375380554
348.16,0.1213336990899863,2.0830054490795966,9.887937495386476,-0.07750288668348672,-0.007303065614863293,0.003302576821952597
348.17,0.1255683916057127,2.2069884405360956,9.35983854415001,-0.031706091772782816,0.02912710896758937,-0.005590025180330174
348.18,0.16922174252337052,1.7271337719804176,9.231650544875587,-0.6157299815890168,0.050632864828094475,0.04556794044705888
348.19,0.005716736876556411,2.162794594171254,9.329048008928964,-0.47426837965891955,0.06766696629959758,0.03321636779690865
348.2,0.0902204267773197,1.9172455335495455,9.455087792550415,0.0906754809474715,0.02573113081903957,0.004797721444390462
348.21,-0.24765799088968604,2.1899988010033957,9.751686461849449,0.5625085907406041,-0.004004527944880001,-0.04212647293757466
348.22,-0.15760033232624138,2.3227759753893666,9.66135845100899,0.4437927056930998,-0.07005303509177008,-0.007802656670955991
348.23,0.07465740724954364,2.1916953571882223,9.777103218966204,-0.2828922370453418,-0.022355320337650593,0.014452260254649123
348.24,0.29006698393276686,2.178681506232355,9.822720756153942,-0.5630741462162052,0.016946931138349556,0.03257953177077184
348.25,0.06275868906673435,2.1391880528309826,9.74667477663972,-0.16417114330802923,0.04473127879783952,0.018491100574722436
348.26,0.0339736689895328,2.110401707715553,9.526104537555783,0.11521278779374859,0.06786169481244561,0.009019925514054512
348.27,-0.07495715711610695,1.9450589674885863,9.501357820015953,0.19384462899131397,0.04480168701368703,-0.015285013490785884
348.28,0.4181533584871277,2.3572749206459873,9.846036394121226,0.10803312518193825,-0.03889631400794119,0.01352860691013255
348.29,-0.09996186501873927,2.4883568221477295,8.917875060900874,-0.13585215682098106,-0.03180386770812151,0.030712517591034202
348.3,0.04278189306581125,1.9749660044017863,9.818321265847487,-0.1761869231104093,-0.013398767796986222,0.025488487989968223
348.31,0.43799086710621854,2.093468913530196,9.620090843425853,0.12690461859983793,0.024826250506816472,-0.023911412502671717
348.32,0.07088500568800835,2.172839700541977,9.08263163753403,0.21210597241739637,0.006453023117902586,0.02235400723687783
348.33,0.2608175393506011,1.9552855858903613,9.148524520077586,-0.3412857092298498,0.04213565938277141,0.024055574229052003
348.34,0.05711602041048319,2.2684634105926498,8.856191948892816,-0.4331427447928459,0.08303299994229944,-0.010840065503769933
348.35,0.18626564219602001,2.129240306038651,9.415191701058607,-0.7247216209951846,0.2065327381176834,-0.02066087283833061
348.36,-0.07354912071889178,2.134300041409423,9.230460321472744,-0.20377439309695092,0.2541841453253144,-0.020746319896087734
348.37,-0.045112293136226764,2.2364866314547944,9.163395558370668,0.21760560676634644,0.19038706666786895,-0.032673498721395716
348.38,-0.11016053191780117,2.3333361757953126,9.271788909470034,0.4045656062589359,-0.09477708378751994,0.0026285472196707557
348.39,0.048573185801262755,2.192482206992842,9.886010052318376,0.4012391813770749,-0.2718626862508135,0.043105331501053196
348.4,0.12760706996363771,1.6434295453286918,10.109047501346327,0.2534121500447157,-0.17319550436565206,-0.0015709160596590046
348.41,0.5091942846010443,1.9934616976264048,10.253023698710626,0.1623912293432339,0.03366825804548161,0.01300053228981438
348.42,0.1513708193404268,1.9447016712317153,9.71280042959298,0.1469267867238052,0.10754340012084572,0.04390333050883732
348.43,0.11575737704320142,2.1564543142909227,9.621795479581767,0.22582246371785306,0.05889377067496291,-0.019631736877992096
348.44,0.2866562866390463,1.991892479920625,9.950721419062987,0.254197700430614,-0.057945264772390655,-0.0019296232737341318
348.45,0.23888260134771444,2.1105642147613626,9.999586587157514,0.2342516049587887,-0.11650529159908792,0.02555702682520815
348.46,0.23684169523231263,2.1899242284791027,9.266478318230979,-0.22481823191400999,-0.035076008508651724,0.0060679401735810315
348.47,0.16924693768765975,2.053121188665068,9.955145155700448,-0.3115354863078898,0.0021713744349365935,0.0023390123341931347
348.48,-0.1568424564453617,2.2080512633214777,9.765674085082512,0.06324638780833194,0.03892181458853513,-0.008287626606699494
348.49,-0.16298029109656165,2.2365749910022075,9.419960106609267,0.05572478423139264,0.05189630805753113,-0.017287236622619672
348.5,0.1296773121922268,2.242928663197766,9.284651513857396,-0.056224279443137896,0.00911540144554441,-0.0060840688191339115
348.51,-0.09294574631395149,2.350835655058829,9.376836134174228,0.07619713029123994,-0.03656288758564277,-0.0010600136083078835
348.52,-0.10405185933204056,2.6254805106539827,9.580664235952382,0.22865110277138126,-0.038580352710711495,0.017813581024270272
348.53,-0.13293293880608514,2.218496531655339,9.709346940214676,0.1922825920449586,0.007432214179604097,-0.030909845386107915
348.54,-0.01162378008937151,2.0568382420321174,8.612865791012675,-0.26757888260062185,0.03716155098395314,-0.0014746355615604485
348.55,0.06291356293690492,1.7365959736826155,8.625553431765198,-1.1424841846375282,0.1019162086291252,0.03086269881610501
348.56,0.06673565485983007,1.9412512703426004,8.655065115326328,-0.7774933908761332,0.17073600807784542,0.06436466605750629
348.57,0.15014968743310897,2.2993479485442285,8.955477951817354,-0.035172031752995575,0.19068660645837435,-0.040359412413085244
348.58,0.2264695050164639,2.2438506078203377,9.738383426270174,0.6937405618015359,0.08569535507605357,-0.016667133280294157
348.59,0.29570236316856846,2.2044040202238957,9.942270678992585,0.7759343487799087,-0.07716505364332657,0.022544294135022337
348.6,0.014281830549429664,2.0492594407529046,10.010525049005388,0.33091603085933297,-0.14587530319859904,0.031850197909768646
348.61,-0.06380601846036361,2.2424362972254834,9.711639104045274,-0.3929249917172602,-0.08364568192998831,0.0020884927007526234
348.62,0.012481934305626372,2.5534544330055424,10.187212193375977,-0.41656738675773897,-0.024190606874058152,0.029077580961931682
348.63,0.1398502139577481,2.153828024246088,9.866269514851103,-0.0024405631614824556,0.11457300465024801,-0.03526164691299958
348.64,0.07772845887843825,2.2452429819971473,10.272531367431737,0.4872846886002321,0.09530867163381629,-0.005880941124933287
348.65,0.05516537139262949,2.3041670899815014,10.348532006033029,0.6116009402246952,-0.08425263457397238,-0.03731529318686076
348.66,-0.005557153221314129,2.3609075074071306,9.886814483533643,0.2355817457745323,-0.16804533984199924,-0.012527530326664305
348.67,-0.18306852772739157,2.122106902512027,10.066291599589624,-0.13529306629671023,-0.10393418509301974,-0.028816190007937805
348.68,0.002884501771308584,2.360262586061242,9.877229313558313,-0.12373206049332107,-0.0053887295456673725,-0.0124782538261142
348.69,-0.05454283381623934,2.0527756607286514,8.921034059519414,-0.07262805321518181,0.030504849295261,-0.012134351683074177
348.7,0.061769198550641315,1.920695817687885,8.46247678463936,-1.0405953554099268,0.1362197764171891,-0.006240562851766794
348.71,0.3862802155242097,2.218273253658618,8.827657849524686,-0.97726757195646,0.21210020081962128,-0.019610650139565432
348.72,-0.21872225887313768,2.2137934798531624,8.728332550006137,-0.11107483876428478,0.187313551330253,0.028261942377824593
348.73,0.028439440428618998,2.3546409310302963,9.46696258947272,0.4529543328671197,0.09281582246748568,-1.591061365924934e-05
348.74,0.3750110193606442,2.198834958334162,9.958341650795125,0.6317721829707935,-0.10607297406072465,0.004901460468613004
348.75,0.20761408619422808,2.1562344750988065,9.794821768630564,0.3116237644346996,-0.23190428631226884,0.016759364144521942
348.76,0.1020178433879646,2.1798047282875608,10.094162356366278,0.02842936019488812,-0.07116554523528341,-0.010568533643706836
348.77,-0.03205162171620207,2.080638456537725,9.732044489181083,-0.29625834711671495,0.0166195548030338,-0.020667335570832245
348.78,-0.2754582245435492,2.2253363365947196,10.377160380568727,-0.13680377191872511,0.16307601884635559,-0.003574271059377086
348.79,0.3125331545166721,2.1115433718013836,10.038954946380887,0.32180424811111424,0.09551740866587008,-0.029771851026788063
348.8,-0.22468756548737642,2.202937697985047,10.551480719505687,0.6260600281101425,-0.07154787289806669,0.026810112695579223
348.81,0.26823299165715,2.115241740842618,10.255594450848921,0.454567038509231,-0.19515212961129258,-0.003981356251239688
348.82,-0.04381900048423236,1.94871244129039,10.241060602975358,0.0921660880409532,-0.14046215889104904,0.004598416737733679
348.83,-0.13606687392194658,1.9682580807299717,9.995201770544533,-0.32761446306302444,-0.05348482043411078,0.03317529807434307
348.84,0.17482017644085526,2.297484945020451,9.840486826339047,-0.2777258084301814,0.05111146618727865,0.017335500722315114
348.85,0.23588479649084668,2.184818223513884,9.296130621456358,0.10213735741549318,0.0914960480733696,-0.04275751546028861
348.86,0.30900879433617845,2.196382488322189,9.592877250829497,-0.30787550675328373,0.0641879699284469,-0.002567121423203065
348.87,0.06983084249964228,1.931576951687658,9.869616259437779,-0.18907574461784124,0.0028547194569401788,0.014637224826923319
348.88,-0.003921116085959658,2.58510597407888,9.748301240300352,0.21853236993471079,-0.05554194577798145,-0.01190596299176842
348.89,0.032859294198538065,1.9958966325701755,9.483224388799409,0.2703368787823641,-0.020256227074653223,0.03699943401859837
348.9,0.010035197707775001,2.10656613281638,9.542626133897055,0.13524569472507741,-0.061543018615214815,-0.002600181929944615
348.91,0.11198196760404737,2.0501479844035226,10.000350896807188,-0.0008214420908742093,0.01619774944324078,0.013553003670523167
348.92,0.3533208209915527,2.17584396336134,8.3898772317958,-0.3016484165631789,0.0355089123584994,0.009275169756995391
348.93,-0.2083567626364547,1.8155355871532812,8.698999627412931,-1.0645296796800936,0.11832855466258108,0.05366276870654649
348.94,-0.05254486105273484,2.1923301735550194,8.607929803364597,-0.9984156750568313,0.20893298790028872,-0.07340487213685049
348.95,0.1853437842695853,1.8465646023030022,8.576246354771506,-1.094646323215176,0.4342840791554651,-0.07006714078063003
348.96,-0.11026478814635045,2.4104053444612537,8.172103698893523,-0.2555333386229283,0.4723198318506724,-0.0690312718532758
348.97,0.28402168005970035,2.204293950898106,7.658784926243919,0.44181313871768607,0.31122353528439617,-0.008920290012106882
348.98,-0.2824966916428454,1.5060441584692439,7.646214974464973,-0.39694104022456655,0.2301562892600503,-0.012631655817064467
348.99,-0.0679849228431242,2.258445813047065,8.942880892381512,-0.51937999245221,0.045988665408028796,0.019304153755489342
349.0,-0.12101467068202772,1.8796189692927165,9.363838893096073,0.051529476506408885,-0.09059368717904798,0.0013423090319909774
349.01,0.1503768245676248,1.9945173073255869,10.115598294585146,0.83963066714714,-0.14697888046814458,-0.019940793906833693
349.02,0.12325772067816373,2.322372518787463,10.315591758982594,1.168164935325701,-0.17641890225661272,-0.011511836550409096
349.03,0.17451564264410696,2.0082579349882232,10.306857359759752,0.8518848525087585,-0.12673061068727992,-0.028345396175616534
349.04,0.02429074959239325,1.8875051719288882,10.63385654240016,0.3708595607875226,-0.058262235999406484,0.00020951326744548908
349.05,0.3663191033432354,2.2161956426938496,11.018761060297722,0.18048505676341317,-0.12204716347735453,-0.0005330901612086603
349.06,-0.08398239061214044,1.7011168540939239,9.562167548388409,-0.03198833035933228,-0.1352356417915929,-0.02090011247916383
349.07,-0.02356331846602335,1.9563501690359018,9.494925205582042,-0.6272985599606933,-0.03516447383012402,0.007176218999262565
349.08,0.14444386975934626,2.024994776460357,9.462781279233077,-0.306890037875839,0.032503714126831326,0.04766174119449872
349.09,0.08743249979993627,2.171951212457321,9.943982897519101,0.4434935473000664,0.07136847781635137,-0.022814002245815954
349.1,0.0705984736157039,2.432354167501309,10.231487229284596,0.9510304648002452,-0.08533325405728528,0.013123566167113746
349.11,0.19444479458083727,2.281520289044647,9.621554587823843,0.7917931392414701,-0.19191757874632817,0.012399646155788964
349.12,0.0711228649571883,1.9670972171237338,9.09579784150228,-0.43484311914875756,-0.15897035131278764,-0.011579492793921373
349.13,0.033711388949846335,2.244709316003336,9.096844365374821,-0.7777959518919195,-0.05722308150500498,0.02226725270998222
349.14,-0.1637013540629844,1.8599374027569486,9.32904597315117,-0.5137280859599148,0.053283098889508516,-0.018598230875229344
349.15,0.11676104060002118,2.1281166270046943,9.218801771148007,0.20003285472844418,0.2003824161913359,-0.048940479345512225
349.16,0.0684787376061916,2.2214220282228823,9.983452315439344,0.7862867757818436,0.012490341396514927,-0.003715846758636128
349.17,0.22580616920058139,2.256262271496489,10.529782479194125,0.8691332907098946,-0.1320178943575681,-0.03301830463145353
349.18,0.2222930997611163,2.0839836161072367,10.63484947667593,0.4417994214226384,-0.1648205680293673,0.006507096757307654
349.19,0.08533918268969226,2.081866821121889,10.405160851563698,0.0077301896588072155,-0.14637233860434448,-0.008344347579611326
349.2,0.058767262447326066,2.1008278149050237,9.162055799754214,-0.5362268888092044,0.0011498938270743993,-0.012084062386734333
349.21,-0.10747830802204111,2.4534342361329773,8.698731530192392,-1.3173447390277473,0.19731156873801023,0.024289983405403708
349.22,0.07442312785598902,2.2156341740722953,8.151497205873985,-0.7624203568408008,0.29694521321498224,-0.022729257783679832
349.23,0.006292744742455492,2.0250414364414873,8.91994592952635,0.2799493416074193,0.23014893738678338,-0.027313668343338447
349.24,-0.10004634456956932,2.4099127381930128,9.670304860687839,1.001603884954773,0.0034434488618278122,-0.02024803209726057
349.25,0.014927757860307582,2.5873285241717743,9.85073685138706,0.926748586324281,-0.2070984960954737,0.03621582059721369
349.26,0.13242245168035066,2.3314182453397168,10.689076533961035,0.3439643384169827,-0.2238629977424836,-0.00037417236584787184
349.27,0.1621650618806177,2.355269142257961,10.30602855565299,-0.14106125341262504,-0.08567559176325637,-0.0004046587412863275
349.28,0.05171489408876621,2.1540809749630605,10.117541069225599,-0.6393043191469738,0.052642031265011865,0.009701690577303822
349.29,-0.014974012735401311,2.3052526349849876,9.946847936854631,-0.3311057010012225,0.06474610996841143,-0.030086644740042814
349.3,0.0009567545132646536,2.5867944737146615,10.203997760792443,0.2610829668779536,0.05963636889529038,-0.030586021792064495
349.31,0.35272790616413346,2.3102114484222738,10.172618043979524,0.6718487336881811,-0.1357228610205678,-0.0037735552801648345
349.32,-0.06504783344939324,2.295648652577986,10.608275728601432,0.5223124804769127,-0.21842259359210361,0.020855384710346155
349.33,0.026260757234459847,2.3230384491368063,10.216512205108804,0.00860312083620153,-0.21179321350758298,-0.008150839794743129
349.34,-0.24480808082499692,2.279330164511361,10.710640027272154,-0.17082289478197427,-0.08280626176664074,0.009948380357304606
349.35,0.5547846969671385,2.267323931995401,10.086135228197284,-0.12155205191136795,-0.008952245766082036,0.015653042770106478
349.36,-0.20639282489649946,1.7919248932667073,9.479288703860322,-0.1313444044593824,0.009582994164232417,-0.014326403848979064
349.37,-0.30651693224067167,2.42676149779078,9.83908883904483,-0.06570708837312841,-0.01811038084457488,0.04062727428135654
349.38,-0.012380478816476803,2.4122878800567182,10.112519270249626,0.11122667524028015,-0.057053981648651636,-0.024583974983132913
349.39,0.12738146345892043,2.2150391675528693,9.412784664345352,-0.07343439110323846,-0.09099977918315828,0.0050384460972175
349.4,-0.08339979080149437,2.149821498720928,9.527954946418996,-0.18966029968742143,-0.05056138929396501,0.01877784046114583
349.41,0.4312086937573777,2.238956936758778,9.670308479575889,-0.06551596057611163,-0.030987715847974988,0.01253999010481139
349.42,0.34689249471057604,2.5697310758075114,9.418617051919075,0.13453122917475044,-0.03212949361761389,-0.0156824130525767
349.43,0.2659941344870186,2.377458684416964,9.824454253254808,0.1312276359759221,-0.03891148523509668,0.03120459296410622
349.44,0.10328212549111995,2.344881296172261,9.630905191581723,-0.08868103770553142,-0.034697682867424,0.015525552909510604
349.45,-0.07076186699660846,2.4066870770224376,9.65670725427653,-0.2313030714047247,-0.00462117327487311,-0.04034190317229936
349.46,-0.11212725943957116,1.9906727965600481,9.530963184543035,-0.12706930396854227,-0.03230900324647297,-0.04644395664135409
349.47,0.04517255725276276,2.459951034753591,9.55287431083705,-0.2089588903428309,-0.007611322587308567,0.00399535229808647
349.48,0.0960441712840483,2.156789106587838,9.593411463333824,-0.11291536936346952,0.03673949544883741,0.007013752665062579
349.49,0.12125275657557102,1.8894033626742748,9.414695647204933,0.051884912539281285,-0.027962936608203617,-0.01960220119553511
349.5,0.4039279175118146,2.12604793037553,9.168271493625634,-0.27096101341960993,0.04598061428195858,0.023597680730449225
349.51,0.12501757219504087,2.1124116371003665,9.650133808068865,-0.2133017937690348,-0.026864035113807222,-0.003800970569991584
349.52,0.0987310723170403,2.5077913413003126,9.523726909253174,0.08757806934627349,-0.035254825893642996,0.010630243676549203
349.53,0.2526338050296619,2.2148812381461718,9.75569177625124,0.24266377387095622,-0.030922524506426016,0.022167263437267017
349.54,0.002767950576910247,2.29612391992047,9.991440595619775,0.23143603576923646,-0.007643255170145769,0.011873578818403868
349.55,0.10679798115190269,1.8230482015460339,9.653891827207332,-0.10135210265179691,0.01857532096793745,0.02775802280388193
349.56,0.20923572172613236,1.9138709933367368,9.849389027068046,-0.21448634387634644,-0.03799460013317938,-0.005473534734838626
349.57,-0.24035077927241977,2.356535197983478,9.90631423682112,-0.02837151639080728,0.014845321651297476,0.0297657640334706
349.58,-0.006639336868458717,2.0885865581492564,9.021380756262394,-0.10280385491775693,0.002174382780148105,0.004724792182376809
349.59,0.14477346683297926,2.2416621953931974,9.4300720076649,-0.07645434559357242,0.02633162245380306,-0.031016308839733792
349.6,0.11810717353303445,2.4456981034558005,9.332018924325867,0.09704706061206536,0.02262144439917335,0.003816098634148013
349.61,0.16005429545352245,2.3352702529830585,9.233462546394124,0.002194848219653576,0.004104322513651169,0.042160238919918804
349.62,0.016603178346411257,2.0396846892189266,9.476936581640887,-0.0012037387672596727,0.01004974708755594,0.02162298701030182
349.63,-0.08784252194914154,2.1034961830340655,9.459778465339113,0.045028308888840296,0.025511044386704443,-0.06336854422086433
349.64,-0.23865990561289696,2.1908891903312133,9.07847064491715,0.08950848360826331,0.03892307859225976,0.008770680189181677
349.65,0.08984635712868835,2.2696011902300914,9.82744890935462,0.08680377769648691,0.008521224909338142,-0.005736315132096751
349.66,0.18719079636451139,1.9873821445529198,8.998801393097741,0.0107144644317879,0.017670930984608285,0.007630984611972782
349.67,0.19505829142389403,2.2228840900958042,9.333823798951036,-0.5271800359908775,0.02631233801268261,0.05602537071128881
349.68,0.12355522418361511,2.007966226962946,9.756683444003277,-0.3555319077758562,0.04098357704144134,0.01601171128676248
349.69,0.5002680967444803,2.0784161010936204,9.531501576516341,-0.07228135941144619,0.06291659833647785,0.0043510476979475715
349.7,0.23346544372358782,2.353862393227956,9.269199647115412,0.24859438180792126,0.06074015010117228,0.009601641539569874
349.71,0.19508811990292102,2.004811261064313,9.69831573916126,0.3412239430362367,-0.04303513914765445,0.02348259458063754
349.72,-0.08874848981995401,2.0565519897829527,8.424952333136817,-0.05805077553284592,-0.09724684380338855,0.00737346217861732
349.73,0.09176431762462937,2.1031139797926133,9.173645376743544,-0.9181793544936009,-0.0038642314236472814,0.04628125212426404
349.74,0.03715876553873826,2.21620261485712,8.861703007147174,-0.6677018339592096,0.07981543255975539,0.046274555793326066
349.75,-0.16495841970263547,2.4064716155032864,9.496905221191916,0.10896413651625639,0.10294094726550543,-0.03679118530196275
349.76,0.06454034879546694,2.3701855823004627,9.502924896560113,0.7853695398122541,0.06706172555646733,-0.024756093019116958
349.77,0.09128882048725516,2.1626658612954373,8.425149954543278,0.5275702654493113,0.00740101526989179,0.01833207657450285
349.78,0.48485333696582833,1.9925056681289348,8.876155946794844,-0.5176633091561855,-0.02852601171641537,0.02643184260489008
349.79,0.055901126858972514,2.041512031210534,9.110094661554164,-0.6779645585697255,-0.0031641917117920405,-0.017897534669313257
349.8,0.16616770003961928,2.1391526500607023,9.508274566709767,-0.07820160761246066,0.0796636731590616,-0.02227391594183166
349.81,0.19984182710793047,2.2024468051854136,9.922155335928057,0.6527636356538116,0.07837175375626587,0.0010864292980814066
349.82,-0.14736008280513324,2.5791897328832327,10.272090828994953,0.8648111596602621,-0.02423011566576181,-0.04310361195170971
349.83,0.25003140865755663,2.0161736810299233,9.805189839617135,0.211438919447928,-0.021441602094877193,0.014205131070067652
349.84,0.1704947038220455,2.0087188037359023,10.165666495457392,-0.27026945846664147,-0.005671488767216095,0.018786205573272607
349.85,0.3718865071466058,1.86568153650279,10.142270360258307,-0.17474712625369143,-0.012234656659042789,0.00491957626472378
349.86,0.3765377484777224,1.9397140588480797,8.459411255308057,-0.14630654606017485,0.04991130716723645,0.00994716726386888
349.87,-0.17787395552936297,1.9543871861158346,9.03335029470128,-0.7412087845409023,0.08877612982466707,0.006020227718504021
349.88,0.21031318573515806,2.0839446425248376,9.188586844847762,-0.47138231182708257,0.14769220831720503,-0.022704006847335118
349.89,-0.024032910448130676,1.8432856342544586,8.654523650363888,-0.23331823919909103,0.21249520177021514,-0.0055748557254060895
349.9,-0.24045074832677685,2.3963881765570507,9.537677932104284,0.13970859293923263,0.20054955998371585,-0.0046424784192613845
349.91,0.013036327617945001,2.0675172765678216,9.366578326195357,0.5888250216442635,-0.04027324057035311,-0.005009537695464259
349.92,-0.00964718981446093,2.026098800916514,9.450262401998705,0.5265405290115888,-0.2076323771684972,0.021119339744716123
349.93,0.22283001289191812,1.833850287986696,9.794111053780005,-0.18421361744681206,-0.22796191751323538,0.04384591206643729
349.94,0.03358186185179596,1.8650969553112602,9.826563524510332,-0.4850230699980275,-0.037922295916086805,0.033880913585298024
349.95,0.044160662039283455,2.054868939335803,9.58274081113881,-0.1489739425380487,0.14456363453716553,0.026373977500285695
349.96,0.10252410987643268,2.296121224296135,9.745580538053842,0.5178991026426893,0.15594201374892225,-0.024393870874078766
349.97,0.20287413049086672,1.9693232337395783,9.806588242761881,0.7244828469719522,-0.00483186314199726,0.023231331613321186
349.98,0.11852294989742548,2.4145086236911437,9.82135253133147,0.4901783959221526,-0.15710375313692093,0.013399916682651978
349.99,0.16748341981617904,2.08279920522148,10.163532182437173,0.12706795213904049,-0.18628416079011104,-0.003406642878876348
350.0,0.15839693269577476,1.9938871612971178,10.361680449233075,0.05289726695972663,-0.053802517495733455,-0.013088805538960427
350.01,0.13046039979855328,2.1427109461666194,10.090665361944236,-0.10605760491378394,0.02474478471389723,0.01014605616977295
350.02,0.28008317147717265,2.183928554864795,10.195654354257993,0.08969195271502889,0.0273177798121228,-0.027575243692925053
350.03,-0.2551165668905776,2.065657743524087,9.873554384854733,0.33407746965565777,-0.007094277189805246,0.02239725678272876
350.04,-0.1003435048762978,1.8166451907720935,9.213751231779229,0.17181719068605433,-0.05722255182558484,0.009955777780904552
350.05,0.09215243424917022,2.3100282715542297,9.259567132818527,-0.6868195381949089,-0.01793900562355509,0.04130070721669172
350.06,0.2025251749616394,2.202661632016216,9.642581301407969,-0.6483374879844124,0.03387070757921972,0.03172554256765988
350.07,-0.025879117241997623,2.2411300175465523,9.569137459930781,0.05438865347046205,0.055700520002212726,-0.004501038093953099
350.08,0.028764549862618498,2.4303111966596447,9.745652585300023,0.6842457767463559,0.05902781787228621,-0.013739782237066279
350.09,0.24010079208975377,1.9652472913969703,9.073015147997308,0.3985366926434772,-0.012672012179764571,0.0033844759708075477
350.1,0.20005998243199008,2.0858994437971368,8.534341743447797,-0.8440707023481168,0.013124720938321252,0.06258751125953185
350.11,0.2090375615242761,2.019458654066023,8.621381517937637,-1.0737018927187325,0.06315483672984548,0.031897785596376176
350.12,0.24104258477629706,1.8996656027384746,8.808540542012679,-0.34189857146519476,0.12756716041827357,-0.003966761682090725
350.13,-0.023763345004411046,2.35179924973353,9.677417085518758,0.6055553396255081,0.07768750057100135,-0.0017466045216383529
350.14,0.05008088792640687,2.5300427847681664,9.72902429327447,0.9681737920816273,0.026352367221582518,0.024792264443425978
350.15,0.34300400131494957,2.2139994691274447,10.082382717109033,0.643137392133099,-0.032675237898202286,0.000566300338535139
350.16,0.028594437280136602,1.9472607159492716,10.050494331545954,0.03541100715910503,-0.009203578645879389,-0.011985180576460796
350.17,-0.04333380669346365,2.146463684228365,9.813553137303044,-0.3372217773802608,0.023773770301396078,-0.027962347732150828
350.18,0.12469698122205888,1.7094090296962494,8.932425082844196,-1.239703518461647,0.14466184388044928,-0.008021791318477509
350.19,-0.04830391401131059,1.9352830911459258,8.757863519737494,-0.9853394097127235,0.34374743322677936,-0.03807883280189985
350.2,-0.23725383918917928,2.1173571524673918,8.506990280408544,0.03911258977117131,0.33566478448315185,-0.07154125994808111
350.21,-0.24910924989130073,2.3162661490365823,9.450338200063655,0.9461438475146793,0.11050088979231026,0.004842145051962711
350.22,-0.20229805162437595,2.1428287528663708,9.557445806720645,1.0908592133286088,-0.155601590519786,0.0019954940372063044
350.23,0.08900421586939633,2.1533693701603958,10.096326227070454,0.61429748430886,-0.22460473754085936,0.0015589870873635552
350.24,-0.006530444603891041,2.153780683911864,10.60258697638958,-0.017644261474771186,-0.10216900274774338,0.02553271544753703
350.25,0.05830835412302627,2.158852542141956,10.388213101205414,-0.14169610547117567,-0.06264137978998355,0.006699908169416404
350.26,-0.14474315038409488,2.2594021131370847,10.034631810604111,-0.01787787285704954,-0.0018765916895714103,0.011426934706973094
350.27,0.05901111425794143,1.7559649930789314,10.086852790453213,0.308078268134171,-0.03817044095472223,-0.013658128935685182
350.28,-0.017846014310148775,2.123053047476206,10.429129807425182,0.415036971665704,-0.11543295408824154,0.02256784499414911
350.29,0.2868138005998247,2.1944739044302155,10.349570383292454,0.2843593860420235,-0.1884643030320066,-0.0058178694884809075
350.3,0.1400064274095682,2.32755132559455,10.15013673106125,0.011618190497196253,-0.15786200020946728,-0.0025841886091384136
350.31,0.2376239163541809,1.8663640433135167,10.074262670241904,-0.11322225438258657,-0.06494931077699417,-0.027437489699379636
350.32,-0.18680231628781702,2.3120854150231414,9.260541969576114,-0.4697317278804904,-0.011077158193248,0.015964156669612525
350.33,-0.25177083122443045,2.2727310049037213,10.1672724528819,-0.3671946240905287,-0.004256768499425284,0.011158559925917497
350.34,-0.22303566930407398,2.3676794042185536,9.900555274985733,0.07554188340077578,-0.038849732161695745,0.019747809880205015
350.35,0.20745037827699087,2.2150676158543163,9.247419778156534,0.09351250705003722,-0.04608267732032643,-0.0013594337293837604
350.36,-0.019120714390906887,2.007796605097668,9.392594874154321,0.012001373681458982,-0.018190068572788848,0.026382300083146466
350.37,0.18245885422899455,1.9304816199426886,9.169027640149782,-0.2665604748501302,-0.04451396795120819,0.042301667414317734
350.38,0.07051838004060375,2.2193351900711873,9.732299693458744,-0.21410787372516185,-0.05479331674312675,0.014261078038473124
350.39,0.0501568607344278,2.475893482211479,9.830994531238286,0.1344923974974759,-0.004911353380384001,-0.007070813843275201
350.4,0.1004313994546168,2.406468677956262,9.925391315245163,0.27365513788656654,-0.04894266806083608,-0.05259326791510157
350.41,0.12223702897058472,2.5882683566529376,9.757361985223895,0.20858004732683155,-0.04163650214825343,-0.02446344327543848
350.42,0.2596447732925744,1.7338718109482976,9.60641917938791,-0.001741692171653892,-0.06591768006832868,-0.02152023157739306
350.43,-0.08442253221991228,2.1135224706612026,9.523863569688267,-0.14835336642655128,-0.03829307572271261,-0.022075848442017133
350.44,0.4609456443990717,2.029447332206869,9.342016864547933,-0.08203890230922431,-0.030273688209357105,0.0013289596822454834
350.45,0.17589959898510177,2.366392511199607,9.77745500938266,0.049633078131897206,0.012693744885874013,-0.034023961529927066
350.46,0.12685733081512768,2.3444684796360886,9.710963005906809,0.11299339513053452,-0.012684237023046042,-0.022505453123197437
350.47,-0.055958531097924605,2.2419470930438514,9.780424635731361,0.03920592368679479,-0.05619662612411122,0.022760597524795173
350.48,0.3532409753912811,2.1018547087797517,9.592380464072978,-0.04737024432469388,0.009615852523001001,0.0023145497817579
350.49,-0.03095859839512534,2.3629685178884454,9.745142918234485,-0.10832966139733077,-0.05056745690737586,0.022147596411301526
350.5,0.3583521662929743,2.224166556274989,9.303661924711824,-0.0750980347180715,-0.029818399129266607,0.013033194408807108
350.51,0.09887280575003843,1.9415996581151902,9.279720205208081,-0.22549380493161736,0.03474153303240715,-0.008020088838862419
350.52,0.04974033917284796,2.017813699461327,9.420495097436703,-0.2558291741343077,0.022454819307758014,0.001666157619464619
350.53,0.32489489932870624,2.2149977755798935,9.290939378780182,0.015800132172340133,0.002039105985283376,-0.00500388434946376
350.54,0.0073030067813812105,2.0101493156229253,8.787635519809548,-0.3832181649400215,0.022172611705587063,0.009875578084120868
350.55,0.0441976646793726,2.321292228948829,9.327098434992472,-0.4622006965233267,0.02389802302016008,0.014290702986434076
350.56,0.3133048103819637,2.311786765890428,9.5445649896532,0.020853540190071445,0.02976255834597914,-0.014655661426774824
350.57,0.13152195739581693,2.070579128132753,9.40560351914031,0.43487233768777606,0.008453233674802397,-0.013741390370663568
350.58,0.27401285402901515,2.157307719485845,9.994555339772809,0.43141842484043813,-0.03407000797188936,-0.013241097595396056
350.59,0.1598943080491934,2.001234706628862,9.291215912967964,0.015982006614391916,-0.06149974034767203,0.0019173012925458597
350.6,-0.0818262278447938,2.122193914555388,9.163852333144165,-0.7973745299068282,0.01960928550332424,0.018351547845624126
350.61,-0.007246368145814211,1.8702264475755084,9.418033920033867,-0.6702299903728369,0.07526196256880802,0.009535999477885141
350.62,-0.004228927165335558,2.1495286307128625,9.248548799297431,0.0220402094241743,0.11986295172896634,-0.01799732599003616
350.63,-0.013990750915492789,2.328887808375938,9.623225636540429,0.6358539630596103,0.06400608975766943,-0.004711330383865059
350.64,-0.11721525123310259,2.394989876659791,9.991343626169828,0.6528160881179358,-0.05530715147061492,-0.0023015750578824754
350.65,-0.020956342246398432,2.2133608331207895,9.921039263641523,0.13557944004620054,-0.08448928515932361,0.0012678253928916933
350.66,-0.08989554197161238,2.041844425618032,9.803719863425762,-0.2461317552301091,-0.025981820737006067,0.00736044841488845
350.67,-0.10163558392162013,2.0334494662996048,9.601594569340454,-0.3027930291924354,0.03720906307289532,0.013102999918520493
350.68,0.07804068543315713,2.2251679233111017,8.916938681246942,-0.8954621524172974,0.1375615906980783,0.04442245813894863
350.69,-0.1972463352252909,2.173277019409691,8.761666674906959,-0.486432672738908,0.22708158671391965,-0.02106795506680647
350.7,0.03129359353412843,2.26534087075526,9.28599491788009,0.3157719544035028,0.1708790190284762,0.021307644947635134
350.71,-0.06196798936056239,2.242613038112827,9.86534538178437,0.7834829717512091,-0.02552016332033533,-0.008339764130258172
350.72,0.1081560137964443,2.250620204911961,9.83111689723703,0.6141735900934497,-0.1954225070080713,-0.013231118449931151
350.73,-0.18932922227350887,2.233878062148544,9.836582761257203,0.03282400974220414,-0.16827480743309534,0.03844626240593527
350.74,-0.056451473146056294,2.027976543970381,10.338603691204,-0.252497537409155,-0.013138752186207463,0.01083590334505345
350.75,-0.20540245047597186,2.2625776732668603,10.143814961596446,-0.06708227215681363,0.057459252849691486,0.004870998638896723
350.76,0.2533740506398203,2.3476586564417596,9.83448767218682,0.2559823475037243,0.05996131839074955,-0.0051300375691372985
350.77,-0.06159535982946354,2.3668330243633044,10.04731229913667,0.3526458926153775,-0.0284671841292197,0.016219763656549722
350.78,-0.01420882967903181,2.3010823422893716,9.498842302134722,0.1863648785987718,-0.13985487267447103,-0.004839693070031724
350.79,0.3215092986757764,2.0244410931048886,9.302084828482185,-0.42234358608574896,-0.04310064973783048,-0.0033731224135214767
350.8,-0.15801053066551446,1.9402183475022021,9.710261816273759,-0.35940254965671115,0.015468160798521395,0.005153932915934384
350.81,0.0052717334676675096,2.3769869584840047,9.642721557547992,-0.03755561536621578,0.08322766615210853,-0.007308167673350796
350.82,-0.06101988285680901,2.1820681616353497,9.310752658609927,0.26815742720481456,0.06900206094098915,-0.02128273702466473
350.83,0.1580677465186469,2.3230747284960747,8.292466718443809,-0.13334738742905142,-0.010044232185087798,-0.033324986617474094
350.84,0.10745022417953216,2.0008063970971475,9.177579333423758,-0.4494727383841452,-0.011970596060365797,0.05010994369105084
350.85,0.13758195484383184,1.805693363033107,9.513199341856385,-0.14779770615275956,-0.05172202060325568,0.020177428107262765
350.86,-0.06594983489614978,2.3677905708926277,9.638455366873849,0.35561387600723643,0.0010401169983975944,-0.01895233288182462
350.87,-0.09147422054677755,2.2288803171209817,9.148124228771968,0.22131709841387287,-0.022439202852937233,0.012615389282151654
350.88,0.02537825860766913,2.3763293711016518,9.367783360484193,-0.010025525488337718,-0.0020627495476679995,0.020310559817016387
350.89,0.15383148638719246,2.208035519156757,9.446777335061704,-0.16640304681710108,-0.02909052770450011,-0.02793433166669562
350.9,-0.1405925847589505,1.9986054284460242,9.50877795138726,0.02377257802447273,-0.009064821786517836,0.012943398369696994
350.91,0.04772272477930489,2.317472123773685,9.771466027114316,0.2552006722727821,-0.014679471251563206,-6.951186938706892e-05
350.92,-0.36082165767399066,2.1772193040975054,9.241715052373863,0.26157086377922845,0.031346720202189184,-0.03678140032125993
350.93,-0.05677282544702869,1.7686619263060546,8.072623936919555,-0.5077551007920267,0.02996042079008726,0.015396701799989362
350.94,0.23340697894960588,1.7254828789410457,7.896084958787949,-1.6569586435006833,0.22455039098214175,0.016539095885586278
350.95,-0.027377678014411835,1.6475890294224826,6.698439130334599,-1.1022112106957966,0.3837590087392895,0.016641981610644827
350.96,0.29035562780344215,2.067046199110472,7.663781645709586,0.2690079089477324,0.3363547021194448,-0.0833298053329494
350.97,-0.18641528673437224,2.2660959628912747,9.122334491054872,1.2299279309969753,0.07669640656872159,-0.03134450892385634
350.98,-0.007454620621282729,2.524862415741242,9.292445711440365,1.252281835872346,-0.10596099702033232,-0.02322414167973095
350.99,-0.22231182752133327,2.070014166432532,10.063731624982376,0.5812462827669048,-0.07284750349704461,0.0025915108560757094
351.0,0.3334343026489164,1.8806805938503792,10.203583678128242,-0.2353016441487638,-0.015440304116789438,-0.019879603272976602
351.01,0.2053966314015728,2.050562750054836,10.290522130159289,-0.2774358447982617,0.008812275080698205,-0.01203790717624054
351.02,-0.1915954941347795,2.174160084262702,9.746574375212347,0.15390208090878532,-0.003547318160886039,0.0306624188883412
351.03,-0.08577493707294095,2.3235489565970977,9.649000122017249,0.38566638130036796,-0.030069051006490936,-0.018859867061180383
351.04,-0.35471359383781165,2.090470387960638,10.170792989542173,0.34366470188100556,-0.0888552461540673,0.010748237828105257
351.05,0.3443984032487998,2.349896981599273,9.510179615800078,-0.003110415225059596,-0.13173993133872938,0.03772933050249975
351.06,0.1985832884388979,2.0493870983771836,9.75622022063263,-0.07486568176414785,-0.12217487320518265,0.047844589447544134
351.07,0.3048266683359091,2.0484402266279487,10.436230088935423,0.2362903420239956,-0.04858415740146617,0.011292137418885127
351.08,0.09134117502471856,2.2962686231653104,10.659119558843667,0.4567343405081455,-0.04052665782467145,-0.026403028605214936
351.09,0.15727541111069174,2.2469282574681033,10.569825594034187,0.395982445620629,-0.08955045792517428,-0.023928590796785734
351.1,0.36666603833471156,2.343903095008173,10.407431294751932,0.16359079718850084,-0.09043206903425162,0.031849432169831
351.11,0.41065857929511024,2.0343970105148843,9.824394228214365,-0.42297384588587655,-0.09572454710090164,0.016522815736053575
351.12,0.14210018534472438,1.9933074269762763,9.504356562909084,-0.4614964601307343,-0.05697953002175131,0.033968166982543825
351.13,-0.13579301107395922,2.458101641606776,9.891511141125063,0.017224702092419324,0.02612796396044536,-0.04347208892215465
351.14,0.16811111074911217,1.9761609545806271,9.882695794446503,0.45560676614207696,0.018586567977558366,-0.0388100051795729
351.15,0.024213610335541813,2.4339384751180697,10.077329610586595,0.414856201659355,-0.0530979143146778,-0.04250418480779181
351.16,0.05941703590638321,2.0191929480775834,9.901144147154195,0.039619156470329736,-0.06281340675821437,0.004379020257425776
351.17,0.06467271512209369,1.8618806183571779,9.923073810347642,-0.3562077442460768,-0.06468726044550929,0.0067156861174126345
351.18,-0.1502907017645159,2.2188123221660163,10.113069998852831,-0.3718673116148224,-0.009595538258868223,0.019521950437138082
351.19,0.14264888694842925,2.5712255849426806,9.876270392002274,0.00291391159082997,0.01734846349518606,-0.017504272744159412
351.2,0.030642545004151506,2.141554497612103,8.737887141157696,-0.0055539401457088385,0.02591926176418364,-0.02609805100843738
351.21,0.409306971763957,2.1350118267342597,8.708240512194893,-0.7043141637086918,0.052151166299660615,-0.00586135902332546
351.22,-0.061762758255510294,2.131453498997434,9.406528321120666,-0.6094151551059068,0.07980734216602547,-0.002216734808463539
351.23,-0.05730696347041779,2.3341838081155744,9.437854583793975,0.08430126230762956,0.07883470442879797,0.033138303531598794
351.24,0.09083446420136806,2.070848855939483,9.897196956841723,0.5885671093517657,-0.0021045028982362036,0.005706306259432982
351.25,0.36932236498518656,1.9035246614278316,8.998711556538947,0.12411079549973596,0.0005730404750622364,0.011511757315832186
351.26,0.017894344505147514,2.322190826018782,9.795179110829528,-0.3445204143589748,-0.02480802544981531,0.04977218253794962
351.27,0.09692642987092177,2.289157068731528,9.792585056787585,-0.25944846494187196,-0.015547135116090566,0.03558590711674324
351.28,0.1218801194450547,2.3308651766884507,9.678304374058749,0.18374476603517167,0.006326917306495089,0.004676324190931584
351.29,0.0684058785479444,2.319512671138839,9.199353079050903,0.029950044777183167,0.03888034654518177,-0.03195491692734202
351.3,0.24181818837738933,2.164671553449307,9.565284620814179,0.008994279592444403,0.02064570679297451,0.011284558355777762
351.31,0.21262124866744897,2.205460312700824,9.365515568414676,-0.07533135967751922,-0.011269060556346532,0.04735856549014963
351.32,0.17247399980859324,2.3106263613228752,9.607439392736755,-0.011692307353487022,-0.0023917078501105304,0.023529846009140598
351.33,-0.06050068215635933,2.061831506859228,9.91891207439348,0.23605556701617392,-0.016254520281335148,-0.02780134896299119
351.34,0.2458699335087135,2.111541342010806,9.980264737936679,0.32303664667896614,-0.026702255908689878,-0.02533061267924834
351.35,0.31274201478006747,2.1373252478165883,9.651039215844849,0.25109422563340594,-0.011266366252864745,0.007407610684272765
351.36,0.006506274082114613,2.1158296927515865,9.949051443193614,0.020971937015528103,-0.028983047754627192,-0.014611228567181061
351.37,0.13211898348825793,1.8545087678735321,9.547149784772365,-0.17947551447255541,0.010461047112336017,-0.005533284201766159
351.38,0.13945835709718002,2.4204447482660583,9.912930955610756,-0.07487939381452141,-0.01120564146925959,0.03242373971243598
351.39,0.2789706115703986,2.0587436742213545,9.21170497950534,-0.10255655944401212,-0.00863910518010164,0.001583064530622143
351.4,0.15801370047593544,2.523160611956211,9.544309532885766,-0.016419022867640413,-0.013105850531655836,0.005923864286773599
351.41,0.34467129352358006,1.7700848838244252,9.567822978378501,0.1599570528762766,0.021938462454426412,0.015204314337970445
351.42,-0.03332825850502122,1.8695002709652218,9.863623341402091,0.2241494193281285,-0.038767960336573856,0.02049075430369426
351.43,0.279276818266619,2.4624494544424422,9.360740771815575,0.07289876632318917,-0.0007910457608127711,-0.0036716680125974226
351.44,-0.13111981354279706,2.2995940560173245,9.914193786858231,0.019880249471925113,0.01688529988670847,0.035988018098371946
351.45,-0.025838441119620345,2.095345091469667,9.685950391788397,-0.048739487073101925,-0.007210201546838203,-0.0006452315328559066
351.46,0.07891156433155772,1.9668849132166653,10.080199914763341,0.0036384157931977005,-0.00398670771907008,0.0011966395514577909
351.47,0.14371429741262176,2.3418869564888194,9.137663444513088,0.10136822511239527,0.03590516776884441,-0.013978580184447954
351.48,-0.19132361601921033,2.0308863162564696,9.215123254146855,-0.027087303845780227,0.005075745297106945,-0.0016585450827359145
351.49,0.352146959605537,2.0842521705344645,9.54514184222367,-0.09598294845689191,0.033376825665907536,0.011329387769918889
351.5,0.15411879687313024,1.969513481100556,9.636950231953522,-0.028888343883838076,-0.027072504153064333,0.01438159198524155
351.51,-0.024418115396744752,2.002055666421586,9.432259030232903,0.06614205485725169,0.0012190809158712027,-0.027580612115491333
351.52,0.07834468019221738,2.2535511961274954,9.7376646542505,0.07332543681502934,0.0053886204235142465,0.002551784323650296
351.53,0.08196010069563733,2.376845173302353,9.559475381182912,0.041130290554287456,0.04848549925489108,0.008325052793989476
351.54,0.0404337233861339,2.002624913376853,9.556501850629184,-0.051403254706354325,0.014660546044241137,0.0316565655677228
351.55,0.2582251023314627,2.0240882930851636,9.081331661992479,-0.07795116404674386,0.0198540645462867,0.008093087600770916
351.56,0.16929140000927193,2.527068307847293,9.057525412137903,-0.5597135868966197,0.05040032714450607,0.025267856381948853
351.57,0.2929780512358932,2.09337221691634,9.990849010357437,-0.40849043717719996,0.03446335520835895,-0.0038110555632575923
351.58,0.18237600329899917,2.354446636088868,9.470783357202745,0.1842466803300166,0.045065888125636694,-0.06437661953793869
351.59,0.27652117300685,2.249786423294853,9.781456545302046,0.36272778584369686,-0.004119519943678907,0.015140032940481317
351.6,0.1539165631423943,1.8316554310117281,9.703694244566929,0.17271303263339324,-0.013233525852403786,-0.03946208709358414
351.61,0.3266254011079259,1.9137486665361907,8.248546366840968,-0.44250225556009215,-0.020602099017517687,0.01859399445807874
351.62,0.04517398783071015,2.0578064318552913,8.124822826027668,-1.4654480804262442,0.11473028823825884,0.059774494006176244
351.63,0.1779875107204742,2.06253155937384,8.363862570587454,-1.1684616549700038,0.2815748813777787,-0.04792434193948722
351.64,0.027206356977035613,1.9216920462335803,8.236778835306358,-0.8659869318126024,0.33743599502984495,-0.05483302453778711
351.65,-0.011089218687389019,2.0636896505622957,8.361755732305854,0.11473177645869478,0.38163016601541205,-0.033863365891080244
351.66,0.3484192878980673,2.2018976787267825,9.425429590175895,0.9683041298004303,0.07845392017978328,-0.03910729399428962
351.67,0.054858687523777906,1.926984142515924,9.988842899265155,1.1030718673832265,-0.21502287836689551,0.03894614776994969
351.68,-0.18981896999301048,2.1449746134142327,9.867749114087754,0.5974385716779799,-0.2373109729683409,0.01851649731950933
351.69,-0.2177155654653929,1.87834553984907,10.010594049194452,-0.04735885189029421,-0.1435443234089669,0.0008764151644384066
351.7,0.07585566672752284,2.310251801470676,10.579974825364822,-0.0833270240945507,-0.04467219486403646,-0.014372798781684685
351.71,0.03562413538333663,2.2871782582241478,10.383047059754873,0.2805100545584351,0.01267820819382929,-0.025737679602388236
351.72,0.026995303005517363,2.0922722005564256,10.510374609706407,0.6818068622679432,-0.01604877758129163,-0.020151417172775504
351.73,0.15575489901863604,1.641931382726387,10.568295036282885,0.6265977728358298,-0.12719883378925145,-0.00047932840632025804
351.74,0.04480815387937376,1.8757524998329305,9.281084923646384,0.1952735272930229,-0.151488478027858,0.00012239183096030264
351.75,0.08941716551620439,2.510591956170189,9.742300811133138,-0.6671843701647985,-0.11353246369129638,0.04815165511217296
351.76,-0.0018593829263903877,2.1428960820775247,9.45005275001011,-0.5582773692172965,-0.017802723416697464,0.027865739618818094
351.77,0.14570966041627031,1.8216411651103346,9.359025908596148,-0.17149879368628046,0.1398227293278436,-0.013445534358207606
351.78,-0.060790880403508774,2.326091171928018,9.672376027598146,0.36602473976756145,0.12161293416035276,-0.02290147554111545
351.79,-0.09636081364927926,2.372723863039732,9.866424270690324,0.6228081453705948,-0.08001909016969516,-0.008785702421122954
351.8,-0.18721338654182712,2.452719986243803,10.2614500246242,0.365835128154064,-0.22803552735535335,0.003693354825884743
351.81,-0.05660442553178183,2.0417667275931612,9.617943127697746,-0.08377258650236624,-0.19414286864769248,0.011821640060777844
351.82,0.05342415697473108,1.9679471857141588,10.388946010771608,-0.21109431390805852,-0.025135308018995002,0.027221469248395205
351.83,0.06289438452239501,2.2622734193656484,10.051102341072268,0.0354509694632355,0.07065061616974228,0.012473330183794182
351.84,-0.22894580494269345,2.2355986572520705,9.60939341035603,0.31082330891118204,0.007184363342473493,0.019200788247232845
351.85,0.14564136198272642,2.2268653883526373,9.622283292405431,0.0710864246766917,-0.02657196141917364,0.003017443943910387
351.86,0.10707416271437034,2.2746709269611616,9.52477265635382,-0.20584627091663882,-0.032916967948876795,0.011116817870279875
351.87,0.05582749863433701,2.332679874977807,9.93368329938941,-0.09640534830252745,-0.09658072314503725,-0.0052917470621461
351.88,-0.03971815475319465,2.5949161120782867,9.758016357561221,0.05400933374971601,-0.031244427288601787,-0.03337686630888126
351.89,0.2512427977966387,2.191225291856744,9.617377925789983,0.18922249279986808,0.011455164207105798,0.00891433690487274
351.9,0.0108458391833307,2.314227852058559,9.782604212135817,0.12056487589950476,0.012812158734076297,-0.002623343312263517
351.91,0.2845266692638218,2.2429536752428687,9.357185865567251,-0.24555222778937863,0.023341445225389466,-0.019214996397612153
351.92,0.005931216826920299,2.4348410408136782,9.453807245146788,-0.37712955827854805,-0.03222956834291352,0.0029665807818815768
351.93,0.12437683855436799,2.452338905139355,9.354903796048912,-0.036122642826182515,-0.039738845738985215,0.030903864949192082
351.94,0.09532808281478221,2.1953443680680897,9.627582674990146,0.2237187224767232,0.009458633125190135,0.027630083348719685
351.95,0.2762323042836985,2.1232025974434348,9.04438611691692,-0.0158911283532681,0.026473739715573215,-0.0023274616224276934
351.96,0.07133289386265902,2.1860646505267285,9.452237039533546,-0.21459375636610517,0.03108682339956744,-0.005241304620853529
351.97,0.2517500816940017,2.369679182537527,9.916670788630444,-0.17269789030752816,-0.02345530522435071,0.0247498730581678
351.98,0.6147800221056493,2.116407209205896,9.131440355010627,-0.6101043718814808,0.036128633585971896,-0.0038330363228050793
351.99,0.11232147954381183,2.308785811409867,9.622153731303888,-0.5181605277761173,0.0724215062459667,0.05624017123558819
352.0,0.14893888959863866,2.0260605598391717,9.648399851232533,0.1360138728101791,0.05043450934904919,-0.006668835547900416
352.01,0.17552468690426612,1.966073426309157,9.576380475623823,0.5601900159788744,0.014101423606169228,0.0004110805930209391
352.02,0.1370550749152999,2.006457586444548,9.820534668853439,0.4758128456191799,-0.0423990623248979,-0.0034969813850941286
352.03,0.16100077204397617,1.9865440243608283,9.329126436760104,-0.13507554585339676,-0.02394936579493598,-0.014301903676696428
352.04,-0.17498261510649937,2.07688592034518,10.031487558765823,-0.42089140758247745,-0.029653346361841835,0.03571992219963027
352.05,-0.07344885348919775,2.093580191630147,8.512738256539853,-0.43088427269547047,0.05674380420141331,-0.008825590811435063
352.06,-0.03357388104782202,1.9788228602969749,8.90541889773891,-1.0055736576840761,0.23771187323649481,0.004531028011474383
352.07,0.04208538929756626,1.9922201309339442,8.628533880885296,-0.622499487238214,0.3399946528116047,-0.02827729519797481
352.08,0.029363810900544296,2.1003698881093653,8.885850310710996,0.3318081531967259,0.24219522093675458,-0.038728464811060716
352.09,0.36579704346798375,1.999837839859444,9.240757795161889,0.8536899765895758,-0.037111774779793605,-0.010649364080134966
352.1,-0.3760942902577506,2.0960407098333738,9.873781473808782,0.7489848732076099,-0.2102593405532054,0.03956059672672048
352.11,0.1441968087886276,2.0863482594867557,8.835689004887136,-0.20850848048376452,-0.24960839990694716,0.04728786520056194
352.12,-0.06226194294311931,1.8588118135635037,9.276645607503164,-0.8234100708347795,-0.15549335235743852,0.02673080908063296
352.13,-0.13127431081250418,1.8833992696418207,9.06433938786501,-0.5512603784440782,0.1130930577005112,0.011121687468519416
352.14,0.01241048772979059,2.368510257621276,9.169065618284717,0.22780066419517256,0.20016717546898347,-0.019318371084579435
352.15,0.017676045964664405,1.9681324011752663,9.508761535809258,0.8974721291527042,0.05182485607364458,-0.02338778358482341
352.16,0.10443379762751544,2.1129674182156046,10.184887285479624,0.8962294980513509,-0.11807754878247151,0.024068106540343043
352.17,-0.17371273783584212,1.8806929164287762,9.866207649014237,0.17161650588203753,-0.1507322122766261,0.007923980038370072
352.18,0.05157577712439054,1.908765131763005,9.867627913805885,-0.2331709764460119,-0.06087257705517321,0.003982583958654267
352.19,0.31166181659599274,2.1932511070801644,10.056677612983012,-0.040320397370390434,-0.03164230736273219,0.01630846107703031
352.2,-0.043914099425858416,2.3309488169053396,9.085837972262757,0.190949054820651,-0.006219116897403093,-0.007603732017739182
352.21,-0.18264107400775167,2.2665406279329954,9.295748179111312,-0.3519034562298358,0.06456969882376505,-0.018696226923309654
352.22,0.10318739562796761,1.8780943601945044,9.377718319403336,-0.19506946003209621,0.05389258212457956,-0.0004271334023314903
352.23,0.03553306860690262,2.327788485991382,9.698159913499332,0.07417017660013907,0.004964603552652684,-0.031928734158114036
352.24,0.1077222323986626,2.191219378472429,9.676803056490497,0.3299723646338319,-0.01819925424736095,-0.011024940888529407
352.25,-0.1852806073368672,2.128714701158772,9.86707856627357,0.4470515516678383,-0.11890848617560817,0.0063620276121303665
352.26,0.290173841447249,2.26172652445149,10.079646336937582,0.28402960591648296,-0.0804739999525834,0.0008028288623504098
352.27,0.2981305401199049,1.8592201662991645,9.70101757407213,-0.1679087203495937,-0.018199886508048962,-0.0029308617795615922
352.28,-0.04534078490564991,1.92563504518484,9.959041454940508,-0.23538228994950885,-0.019890262957199704,0.0008066886849944707
352.29,0.13217551041617748,2.3086715825051645,9.782725848714062,0.0746591317668546,0.001763658152521763,0.007582108612110387
352.3,0.0661866908671688,2.4263627918409445,10.109043665390942,0.4022144903589925,-0.011737237013141878,0.0014395914029215274
352.31,0.005396317000601225,2.3784491151244236,10.035571138220352,0.32928850352962785,-0.04600437884209961,0.002673461259373568
352.32,-0.15750769937542455,2.6261767244534755,9.909492237147525,0.06171867265779028,-0.025417477565749098,0.036045674315549656
352.33,0.15810503905834478,2.4948861081496423,9.830789636282965,-0.27059069415376447,-0.01204709769036316,0.026743303308879578
352.34,0.3246695122172609,2.1230740189402297,9.766768714389903,-0.2972342540586843,-0.015545860696901458,0.01755917461629192
352.35,0.004452403435129801,2.170192181082934,9.767013245961717,0.018177347396190847,0.012823787968987262,-0.0005310926160092366
352.36,0.16535652744298043,2.3758413040095934,9.834060992004844,0.22967875432511098,-0.010760660602267063,0.01350935917886471
352.37,-0.09875504967887258,2.2881733137775337,9.500736756058213,0.03353646121564419,-0.058934671644110315,-0.009998242712415168
352.38,0.055078670168541205,2.2742160699388645,9.338580427881487,-0.1673061432637142,-0.004015207966201468,0.03366540679253918
352.39,0.30492734353590456,2.1560069681762593,9.450481566121749,-0.20576326622630922,-0.03823713389239229,0.0275702466213299
352.4,-0.08810128545077489,2.177801008733903,9.394605201620726,-0.00014697524945197007,0.049134970178407,-0.0032159555034346377
352.41,0.4659251779231138,2.318471268295424,9.10285286906331,-0.238484343980423,0.08072175068781966,0.026890528925772945
352.42,-0.0200956246318255,2.329402269906266,9.870810954309643,-0.30195394240295564,0.009772368137402445,0.0017044450503459763
352.43,0.020980288204531156,2.339851588148426,9.523632596999272,-0.049529656953145776,-0.021628396257559086,-0.007997045623106535
352.44,0.3026433411487799,1.9463723960977375,8.54427390250802,0.03401993670418797,0.0046796391738349935,0.012594435951655769
352.45,-0.1245304474286198,1.9061638454341978,8.712013230536488,-0.5723345400487377,0.004399848769799351,0.03541786167406803
352.46,0.021146018883698936,2.182048398111109,9.25731936199238,-0.4029579891193378,0.08410210638879195,0.006870975084544132
352.47,-0.025667206773950485,2.1553739922149924,9.465434029732654,0.14889424865127482,0.06373166262012296,0.010493111818201527
352.48,0.006986424391963272,2.4152552093263187,9.736746605631952,0.59940214574437,0.047400258520781224,-0.033117408543951676
352.49,-0.03542936256281143,2.2998246675808574,9.899357429326889,0.44357508905964077,-0.07951057375292955,-0.00402629467171215
352.5,-0.18362499838069823,1.849292778987176,10.177940122280289,0.07049486294204477,-0.05810431963504275,-0.005063061607984637
352.51,0.06750543084897143,2.077830759384774,9.619517508136914,-0.22983965187185978,-0.04296811978713106,-0.02006490496716453
352.52,0.08454251036296645,2.091392190127521,9.552235608669942,-0.1779716195674793,0.031477908816280965,0.018359832484071133
352.53,0.02005797353524027,2.2517755642927257,9.512443531175812,-0.43206084392849287,0.048540022503870864,0.02754755265537994
352.54,0.008864635062244663,2.092666027850131,9.418184257459298,-0.18995028584260404,0.014796049819076021,0.005133668741210564
352.55,-0.09373871632189396,2.1004124207859123,9.477288425726066,0.09985200209005576,0.023814174454437367,0.0013085095165381402
352.56,-0.11741066349586542,2.03217492415342,9.32250990422244,0.2438150425853147,-0.01066781584729234,0.00505338213815062
352.57,0.2517090814773437,1.881548142458613,9.721304715035533,0.24046965155252265,-0.031262115488824585,-0.00489853347709795
352.58,0.066564819179974,1.9469862463757983,9.652422858324877,0.1773486808857348,0.00668573050845974,-0.020184145647508176
352.59,0.3093450428723509,2.1504791582726175,9.34218090135745,-0.15443875329972578,0.012146885551906851,0.0020012119702292027
352.6,-0.16949448865750788,2.1916454612263565,9.614511802757928,-0.16889812451580044,0.033011384716434666,0.005682796782502065
352.61,0.03489035146129674,2.143186982862511,9.748803500956956,0.1277916665173615,0.03436223833948607,0.025137350060991465
352.62,0.11994322488864,2.3998988123506066,9.677202219807524,0.3697407029207014,-0.0063146927660890535,0.0018039750808516485
352.63,0.09191740262113349,1.9341924998897695,9.621397652496759,0.3176219627431187,-0.02841950196580318,0.01854546007631608
352.64,0.010829706700301575,2.025755310917968,9.816840186348852,0.05981788154951818,-0.032741798106236626,-0.0013614932384185816
352.65,0.2518033832306188,2.0123153023654554,9.243485574896766,-0.1845905392088892,-0.013873678812085826,0.001135577929397739
352.66,0.11742644810237615,1.8210351423162527,8.365537280993165,-1.078891142565463,0.0725098065925131,-0.009330670236099937
352.67,0.2571990430663126,2.0711862812553212,8.475781583360806,-0.9550099435109646,0.15405469389738613,0.003429740825703728
352.68,0.10113196705788871,2.30031422705025,8.99456970555446,-0.07106724174332694,0.20926207124339063,-0.024158266731420467
352.69,-0.07071569090459918,1.9377765639134847,8.129810262285783,0.3738404930685541,0.12809371774191836,-0.025262021787577256
352.7,0.1479322196892346,2.3761122222433784,8.056530220065829,-0.43162278446191465,0.11924124164221081,0.017486487917031564
352.71,-0.17084708520063496,2.1530506022803504,9.104204745428383,-0.5223025806389037,0.01348576946879387,0.010712609985921146
352.72,-0.07868390064606408,2.1799966075172805,9.38159332277592,0.15351583019180784,-0.036141428117468566,-0.005741562317396245
352.73,-0.042076961693958914,2.4031324770955225,9.824618587047604,0.6271819859373949,-0.054664020068136344,0.0016517452298809802
352.74,-0.07869051202908972,2.098759822078443,10.152215105245942,0.68282459609118,-0.07911790120957313,-0.0490364900664787
352.75,0.21834518309964412,2.032438779399213,10.380411175741887,0.435225388236622,-0.05298597683311075,-0.04489526540485425
352.76,0.17556547943877165,1.823162427469135,8.910448325410886,-0.2246380659372592,-0.06513490845411161,-0.018365697556340085
352.77,0.1931008697304742,1.8929306730695885,8.65459815921707,-1.1367994743460779,0.025440837009507854,0.06616050651451716
352.78,0.11342160938962055,1.9570454078299906,8.49735694083286,-0.7236806081637196,0.17715540363156518,-0.007408991690283938
352.79,-0.14730536077254328,2.130344577444461,8.774971676400837,0.3005061563047511,0.2311016849162546,-0.032959851119005575
352.8,-0.28264400445308435,2.4501420508473837,9.21636278256968,1.098583009258747,0.018740845704232612,-0.02856954419215408
352.81,-0.0353685181569882,2.408296929366547,9.582860684278833,0.7494516178208406,-0.07845522056487689,0.0011356640703042932
352.82,-0.12086298600957623,2.2116895747268814,10.331787567409958,0.219699365068356,-0.0943127250205496,0.0063551758664558075
352.83,0.3368013896010805,2.0176830696322976,10.320050616922952,-0.06388974756265564,-0.1268535336965482,0.015554749492918699
352.84,-0.05563482930441136,2.23104978303399,10.54323655072345,0.08873803101809286,-0.03834755276440064,-0.015112164244163557
352.85,-0.20810270951093054,2.032009081819863,10.654338958330076,0.5216672930043634,-0.01774017131960386,-0.021875460465290132
352.86,0.295595185502366,2.3829117441878793,10.517311610416618,0.651955430338594,-0.11186095818648947,0.004465683815939028
352.87,-0.28364495479144997,2.386895379266745,10.14166434930161,0.39419093526810334,-0.08653235368938003,0.03265960848800248
352.88,0.0404013102022133,1.8352294354025167,9.560639542107099,-0.6161319408607788,-0.10962798610585825,0.002961787264815203
352.89,0.2412026699467647,2.448843784073272,9.572606962738119,-0.6838819744300648,0.007827285111312627,0.010625908921017838
352.9,0.023215826151477166,2.4873999494300727,9.719900922981457,-0.09306992119192214,0.05894090191833192,0.010803660992805806
352.91,-0.06399253569111404,2.5065716915136376,9.759399576746334,0.6082282689678727,0.0005341544952206269,-0.01885007036408789
352.92,0.1868710625719535,2.34269135246014,9.927548415607932,0.7678030481751552,-0.07494584424240533,-0.04104649497626012
352.93,0.1880086029814778,2.2939323194064936,9.683932853678925,0.2033854392409608,-0.10121760621647907,-0.010010965395083102
352.94,0.06933405014793215,1.8318222639695017,9.946906600834899,-0.2971291607688552,-0.06623256328484918,0.05376841041969605
352.95,0.5364437770375339,2.0971789588632213,10.087311263360004,-0.23605497396783237,-0.06420820526626422,0.01616122800736732
352.96,-0.17139194502387883,2.2902457943377663,10.351902773999244,0.17036814051048857,-0.0072239921227941935,-0.025104893230994466
352.97,0.016642847546192906,2.1860552354953278,9.812256316331823,0.1429458283442605,-0.02498644045682051,-0.002258975107927429
352.98,0.22653157636058988,2.2890980156795875,9.720256470510535,-0.03560852209201551,-0.019959460862729317,0.027785298125781916
352.99,-0.20324856733778696,2.209715704241094,9.641578219532885,-0.05357624112097806,-0.04838792066257865,-0.003209366481885757
353.0,-0.07767782883382401,2.1983500414965436,9.824277100275099,-0.0014470450718196658,-0.05371232168787335,-0.03575254929428801
353.01,0.14481183070580644,2.3339069070313165,9.719222639055287,0.10657327628947022,-0.012483543054115276,-0.016088740262594162
353.02,0.07859966602780316,2.0605115843022745,8.591815218881868,-0.19039225586463393,0.02190373153678514,0.016471022195299445
353.03,0.36256171109977914,1.9472898325071013,9.057902464007624,-0.9887396441595216,0.05296654183177428,0.013669869333556312
353.04,-0.20030501059680406,2.2918037096935633,9.001893166444622,-0.7314218428949042,0.10171197662426487,0.03529228124681507
353.05,-0.012754420932639843,2.099276960064526,8.955042511413245,-0.27122837562118557,0.17890891756725735,-0.04115657968912589
353.06,0.0071719220771928605,2.233840107928239,9.569490962982638,0.3447853323605472,0.14812774374362958,-0.04619284154377244
353.07,0.10178941828095862,2.0316093422842334,10.031448525127963,0.604284010575328,-0.13120959532032828,-0.04411528399814931
353.08,0.0885418006792599,2.230393432355462,10.423553512562806,0.3577429177363701,-0.18157316297623105,0.035447995870323386
353.09,-0.12520551857172557,2.3927015858735468,9.871983193821649,-0.10534744768450241,-0.11996178594637918,0.013847370572215644
353.1,0.2704242005049794,2.1291305970153447,10.152359041101427,-0.21408416392401186,0.005182930680310602,0.03733554040588031
353.11,0.06914627002048775,2.413856131348959,10.046637176134372,0.06229144746450382,0.061627907050920076,0.01592064249746173
353.12,-0.0285839146132255,2.1997228799389097,9.969170641891381,0.36271945071192735,0.05246442346020573,-0.024503575969439823
353.13,0.2666365548552717,2.2276303698862865,9.374201403636478,0.16739351593745683,-0.052966521840540584,-0.009608148985756397
353.14,0.0003231520227915119,2.2458948898131146,9.829441549845082,-0.13600697147877736,-0.051692719770844886,-0.015315559934656851
353.15,0.11931755804046441,2.1798336585897164,9.874167312698889,-0.08722160036498498,-0.09537827429393192,0.007823606770848089
353.16,0.06618030479366313,2.217392640769166,10.03468225196046,0.12065567664585944,-0.014090916083512152,-0.0062102305984518035
353.17,-0.019879549559721224,2.12165906193776,9.043876012538679,-0.045858676158511504,0.015242375622207784,-0.0460197692064275
353.18,0.018523804863196554,2.1832953434937203,9.495580662400537,-0.08341255933204057,0.03238726536986638,-0.004583116024926767
353.19,0.30665258889768154,1.794496540937978,9.946812179110557,0.01841911592767534,-0.014043083284207131,-0.019863785572263037
353.2,0.16338153994078305,2.2247564327251004,9.307780769157258,0.14570242445179118,-0.07389631480406089,-0.01706887923037697
353.21,0.16644001834521338,2.557943787729406,9.162315120203834,-0.05996480434305149,-0.04410199104950989,0.008795809993353478
353.22,0.2104974430742732,2.31955155836425,9.765663818433175,-0.1509966531435214,-0.011530203462365909,0.02333303163827108
353.23,0.025427448521907425,2.3566142329440685,9.631854719162048,0.00405450373683267,-0.0005699715132032167,0.017238292991117336
353.24,0.17743908414828433,2.0782508056877718,9.13012626840814,0.12418854570419063,0.02608335014387263,-0.0027080057829297465
353.25,-0.24167560769425786,2.371114867046529,9.065621905852856,-0.3461738135658078,0.029256437725511564,0.042091169499478165
353.26,0.4325954647612883,2.0402184871638918,9.698809793084948,-0.26468400359597277,0.004537078367456357,0.009592629820797905
353.27,0.061899885971926416,2.2544522284336272,9.8114678117645,0.19005727747437517,-0.030743906713604063,-0.014791792764140646
353.28,0.08643672949211506,2.265359417041368,9.72919990944318,0.43331593910421873,0.00281056479737829,0.016677166331543113
353.29,0.15153333562819693,2.16135167975871,10.328278839341744,0.2670337027113376,-0.0011776123470027093,-0.040877792588763305
353.3,0.16050763382233152,2.2898710405248224,9.865255252293712,-0.005615147737703491,0.002838505053220977,0.022696557072239845
353.31,0.1850662757738705,1.9032428355654416,9.957621399479443,-0.16807375938889757,0.006047100276118512,-0.013895468277583197
353.32,0.024489360377467947,2.1545389269527755,9.957694995186293,-0.07890404451589642,0.02117078317261646,-0.002417151496160885
353.33,0.16654008659691089,2.200112244479853,9.597881809657146,0.063972261794645,0.014266325648052625,0.003427549890427023
353.34,-0.2629652991645848,2.2994718548652715,9.899253742099443,0.1718886454989309,-0.009720027249851956,-0.03930744704564412
353.35,-0.11467737700471119,2.2076942178663534,9.355949322487815,-0.14326240867050025,0.05256326883219302,0.0051636697666224175
353.36,0.5488916612736547,2.029872090334332,9.289275494132582,-0.2726698583187797,0.027004530052244912,0.007672394179846146
353.37,0.27569571241199886,2.175306060653064,9.352908176022584,-0.09469572187493563,0.007657977372551301,-0.0003703391996562012
353.38,-0.053572980387322444,1.7830945921483725,9.321236576208339,0.1821755196939042,0.004770961117905679,-0.01659321873861664
353.39,0.22880303267308283,2.03137513569435,9.64255832789176,0.10916485298994454,-0.005701259749539828,-0.01613388650043139
353.4,0.3136634188857255,2.342135582730846,9.51364167709852,-0.04116277038765674,0.019734442833822752,0.0453222698350788
353.41,0.3930776172339631,2.0849064716690084,9.778629464838213,-0.0728240960704936,0.007485841806371169,-0.003804540790282936
353.42,0.2838610760251936,2.080905248477538,9.60958556857855,-0.0034042775171319673,0.012661730457989125,-0.010944722132466424
353.43,-0.018207064364376774,1.7929508513210108,9.116807827521804,-0.26161973146927386,-0.02613341947088061,0.015267189818749341
353.44,-0.010978622158502413,2.2955525492104534,9.294935520318745,-0.29312338495488016,0.03767788536203635,-0.029291375272348538
353.45,0.005906873666300036,2.26817492132093,9.798470808216251,0.05868479037138719,0.00980098089093356,-0.03571421082589537
353.46,0.027856850786191066,2.410408153003515,9.679970449260363,0.3032003054441216,0.006735063537432494,0.02223417385380969
353.47,0.19167058165080267,2.044936361250277,9.83276237332847,0.2680250646102136,-0.04001005080113729,-0.001763999186964912
353.48,-0.17667564729666613,2.091303896061474,10.21068623474235,0.02329883827515831,-0.008657881434983722,-0.022417738301375723
353.49,0.1675196596372178,2.1365429576155752,9.575456927911638,-0.16266447148330732,0.00033021427880349473,-0.018123467926492103
353.5,-0.14921793255636456,2.033673893863239,9.5966299713419,-0.07390992761907896,0.0063622018849901875,0.004498008465773599
353.51,0.2231272159830445,2.1991693594438075,9.522930239873562,0.03922216226109775,0.022294463816146234,-0.017405900436441673
353.52,0.08530536587522841,1.8371331158095214,9.596590167995025,0.14069821776383318,-0.019914027196545236,-0.022524045019708283
353.53,-0.03393720614849993,2.292021796030776,9.132698068326025,-0.22737067488105506,-0.012920992196636916,-0.012037729641984185
353.54,-0.01842520576881354,2.037109295775256,9.258846542749394,-0.33251041393059555,-0.0022984266680345367,0.03879499169150523
353.55,0.12235220842196459,2.201465048973497,9.826208949778263,-0.019762579735456493,0.003647013171457442,0.00989831300511523
353.56,0.39419571125984465,2.6826393334247136,9.633807001323214,0.2503848907918177,0.0028272868987581166,0.011217385959168595
353.57,-0.024066182245515405,2.119618183560101,9.062859717643228,0.06986767105738478,0.020130940794384638,-0.03213093222069154
353.58,-0.04190523201846846,1.8487347945956354,9.669782550314187,-0.15846779045301954,0.008861079534208281,0.004328832908458835
353.59,-0.020623009873060663,2.267456424266287,9.668439471113238,-0.1488280106576824,0.021056773566539955,0.02510286904258837
353.6,-0.12189761459085295,2.254069161207513,9.88985520973194,0.08258314027649845,-0.011182201232561268,-0.003325062332253889
353.61,-0.3044199290771998,2.2800808833328414,9.120697810867593,0.004574030355810443,0.03562770552117055,-0.017092656099427114
353.62,0.15900414310682762,2.029980132669092,9.197960746242343,-0.07468762812510016,0.027952860351047347,0.020086828775266748
353.63,0.1032457610435774,2.3344646871703776,9.729961121224784,0.030748400318373472,-0.018884879742196443,-0.019934083208923873
353.64,-0.0446804709645989,2.4845228865077975,9.992289270228753,0.20289098872785868,-0.008160960618888602,0.010503177563555897
353.65,-0.07947212124979249,2.1216987894143893,9.714078468840695,0.15496544920614108,-0.014012377646379314,0.02033081664374388
353.66,-0.11370156693951088,2.201532392338273,9.59120733175199,0.0510609521815137,-0.010506431588294703,-0.016062416854712616
353.67,0.0707090276412816,2.551482557107987,9.455047966239961,0.005748132289975115,-0.002000373481783496,-0.014788005796889377
353.68,-0.23433516193657689,2.195129542660606,9.389315140678578,-0.0693749120780026,0.01381522588871803,0.0007986537759046841
353.69,-0.1848902765287086,2.4566076160234984,9.3817502174075,-0.3981447029516412,0.01422550683119442,0.04044887909691988
353.7,0.3374423756322884,2.334520806793432,9.56760693419873,-0.17909080183512577,0.01001687649339443,0.02583417215684903
353.71,0.38568460174748387,2.0035409262606714,9.906790423332124,0.21523013668528618,0.014514739269569464,0.024189532167394452
353.72,0.22243900308013886,1.8674813556485277,9.348967088504034,0.34619014392810704,-0.02741999869968023,0.011041044782878349
353.73,0.21814004121352548,1.8931081867732429,9.21496649267379,-0.25031397630318775,0.0011575268362642955,0.038422992790513366
353.74,0.11068968097581203,2.192373110604811,9.46310046616993,-0.36235303964591115,0.015039716536671131,0.0032856488181558334
353.75,0.1410015144476851,1.8920753528479461,9.345165027968005,-0.3894393513259629,0.06821319292807897,-0.004731287700197771
353.76,0.2209571463420928,2.1430389190376458,9.566001457676736,-0.0509672315775352,0.12344956031711818,-0.010001871886983784
353.77,-0.07328917799524287,2.3753734329560805,9.908794776747401,0.35971050955574263,0.02721180067285442,0.05747990767752621
353.78,0.4421076570664458,2.296783623825061,9.852438787425548,0.4719199046200409,-0.05827241571830343,-0.0311824449642967
353.79,0.14349335548978184,2.2346110004605366,9.858972326855032,0.23854790274353754,-0.08498012428500294,-0.0028949540317049363
353.8,-0.0005813557254592816,2.121951750521227,9.689220402871895,-0.06618414725592316,-0.021685939391169244,0.040672020098424216
353.81,-0.3430488502113102,2.0433820103428286,9.750553370051437,-0.10928285759831058,0.022487313708414832,0.008835161368289757
353.82,-0.14805287138443918,2.124847636666766,9.683136435431326,0.02090377178814802,0.02312687031994045,-0.0017595909544729578
353.83,-0.10871270191759241,2.640977131590464,9.720231005212005,0.19039413814904094,0.031333495692973806,-0.012315883275702646
353.84,0.3869723895756907,1.998810677107424,9.751436129648994,0.15975531857041333,-0.05114206598939111,0.008176315512968017
353.85,-0.09075713112139697,1.9407350749032153,8.147545566923624,-0.33593944330885883,-0.05705802929560069,0.01943790151380307
353.86,0.0938511522631846,1.9093398766329612,8.079663506478955,-1.4873552646000314,0.07847405575871144,0.025184721366221765
353.87,0.4243434673890304,2.0573752082866434,7.594485145060383,-1.1702545966388127,0.2052980329503097,-0.02264703976045503
353.88,-0.04359205873160098,2.4136555978371392,8.212831885160298,-0.03150787332603658,0.2926806036282109,-0.04003389045871645
353.89,0.3659963424877123,2.1594938555625145,8.968445638853993,0.830508805450266,0.116724850403636,-0.006668298526699857
353.9,0.19009495377267827,2.1108605797749007,9.533295140578037,0.8850479216266344,-0.05419546584538498,-0.03152228437611073
353.91,0.03303348749320742,2.2636583271545545,10.210784551102796,0.4099321827442805,-0.12899850830947293,-0.01981787570080662
353.92,0.07567184999346958,2.2659822475963227,10.104539938559164,-0.0349882140317839,-0.08208135900201062,0.010444331077621589
353.93,0.015616289586122507,1.7815690540287439,10.318553519376115,-0.29713457186366937,0.007326800478958478,0.04250912786603293
353.94,0.18348995964603304,2.1612521394355233,10.133091552414035,-0.05260855810002023,0.13579658359547703,-0.008926019247128977
353.95,0.12302648438469381,2.2461309277381796,9.870152066013365,0.46817177942403404,0.054351415507725306,-0.03728941967879507
353.96,0.24693334886670534,2.1952736681372382,10.069206061046248,0.6704584302481308,-0.0796343134167068,-0.005907214147083449
353.97,0.2134654802166562,2.181464516232895,10.731898172721868,0.44139920357512685,-0.16359244924616376,0.02152911112851553
353.98,0.2933514020262469,2.240596243727756,10.130311316627266,0.07019876052946174,-0.1539580249838158,0.0010163283238255544
353.99,-0.288081493211814,2.3484361725670575,10.271329685959758,-0.07780602097625747,-0.048652786075265214,-0.025082373650358227
354.0,0.07333680481505993,2.16091276365917,10.209959217174164,0.029987914455912288,0.0036110039589109556,-0.009821991818662671
354.01,-0.040481128593439886,2.2368337464471657,9.72258962959768,-0.06173337468168401,0.05731999664832838,-0.004553789237132386
354.02,-0.008187589535580943,2.2744092148488044,9.342462942422948,-0.07029585558872012,-0.009099012641080676,0.05485393925088234
354.03,-0.020247835213516953,1.9029400518753936,9.042327463935242,-0.06171700844202975,-0.066934798923621,0.029466295717065084
354.04,0.36455097039901485,2.2173863500659836,9.082555817684856,-0.8565156118652746,-0.03950736630125122,0.027770450891321925
354.05,-0.010692630118833292,2.1518631245274245,8.936862730117284,-0.7032561738506825,0.028787784204847885,0.032926616416367
354.06,-0.0435943875730137,2.3488020626088235,9.19092163791373,0.01030043524490841,0.06646331233228618,-0.03258114076514796
354.07,0.03464459470851115,2.3607776840825823,9.739433106524462,0.6841294343481666,0.04606132537088473,-0.024042062078245618
354.08,0.07037733861647473,2.109476008875158,9.332838970995537,0.19624796599825645,-0.007311621385558641,0.00748932395572253
354.09,-0.30903573943548934,1.936750389437308,9.92647061664551,-0.2322341295126109,-0.012571638670466446,-0.003406445169230445
354.1,-0.22367123326244387,2.134057747628391,10.119298701585484,-0.1303756040104612,-0.07386332355588705,0.016688615516533008
354.11,-0.12494070799003958,2.24827341777604,8.615672542170325,0.00968450531392118,0.009309582370173559,0.02802037511862467
354.12,0.04969285984278365,2.0323923940757767,8.2182208083949,-1.0539949631259025,0.16065222122544268,-0.015708537337945874
354.13,-0.03222148217647936,1.892437436923836,8.04250970209734,-1.072226216762815,0.2557164867852803,-0.007821194785000159
354.14,0.11117831785113584,1.843680922463248,8.614865141773405,-0.11512381045282662,0.3330589312451958,-0.039236130962164106
354.15,0.18787144228638636,2.4025175308608913,9.134642537898715,0.831456271453163,0.12743953235197852,-0.04249640808065516
354.16,-0.015058490513131434,2.2636254614594438,9.882692939372541,1.1709097462236664,-0.06358345041130187,-0.0020146982368451386
354.17,-0.19026017955096547,2.319653575222141,9.810479628558683,0.7594543158264399,-0.18464542908866755,0.004802726844474709
354.18,-0.030664541193954585,2.4909760480053027,10.43899551765881,0.10158095351134877,-0.11238445850860806,-0.008580284376997652
354.19,0.20606812564308052,2.2018710030003,10.561660118874483,-0.0809326093049784,-0.015226551650096645,0.02916487528848192
354.2,0.41421318506614735,1.7304761907120942,10.612348021690023,0.1465840115537336,-0.03661395185231213,0.02652235309833604
354.21,0.1834183324816635,2.4860822127131605,10.47263400434941,0.5282433246007615,-0.02861581359567129,0.02671290878987506
354.22,0.22575258544797908,2.1439564489295204,10.712277689758555,0.5312995851167193,-0.1003277559356652,0.002776016746097747
354.23,-0.19517671640656206,1.8991278823056459,10.19206092697183,0.30431547083648247,-0.094576035753441,0.03104655755443832
354.24,0.310984742675698,2.332944328011457,10.13569175479065,-0.0517421370515142,-0.08417274936252912,0.0023466213816805016
354.25,-0.06316478579173779,2.1635092662743443,10.1961016862909,-0.12063880490167646,-0.05605190617438156,-0.013436101327249034
354.26,-0.294461837025656,2.218483822322941,9.920383564421078,-0.44779737609622944,-0.020446097575470987,0.012601793902653993
354.27,-0.2542573301998659,2.5546799786931222,10.110048401894339,-0.2693237254501947,-0.015832648553647126,0.02508592753932673
354.28,-0.05305466547965498,2.562378642239364,9.960481996676158,0.14631634759151294,-0.019051199467606347,-0.009315783860348849
354.29,0.15423924822739848,2.0537259632291103,9.924179262007096,0.27832743940177473,-0.05687222547131667,-0.03793928928725715
354.3,0.10470715573814347,2.0879957679508085,9.479621519311744,0.07273786563081838,-0.05646058811583945,0.022891487730868573
354.31,-0.11191535007536334,2.164022390562729,9.289793455224247,-0.10858729217567359,-0.04849476130624329,-0.022673277898673596
354.32,-0.11903130871487189,2.2741432797338916,9.755264980436218,-0.13729137033686842,-0.03302746668615885,-0.02574001691115147
354.33,0.1891372742503747,2.422393619673461,9.450874397779488,-0.14207150487656256,-0.020999441391161368,-0.011324779997716748
354.34,0.25945783623512264,2.4211697649408443,9.514384011752034,0.002025674680404925,-0.027872549191290213,0.011686767691285639
354.35,0.14236517183723957,1.9160941010557755,8.200726224692453,-0.24164549925343756,-0.011972374963471265,0.019059329555854584
354.36,-0.10733573068673596,2.032941522062649,8.659799993943555,-1.0338060962591105,0.05414313177077929,0.011485918139132188
354.37,0.1701092002710669,1.9674739681139695,8.874064155717372,-0.8704467109949594,0.1359474273047799,0.01994579184341287
354.38,0.1237534654553123,2.2766186492093112,8.784094928487704,0.06476987485531632,0.15658083034129427,-0.012811811307384962
354.39,0.18842976253374855,2.0759590717852197,9.888505481925927,0.7500123202829378,0.03442139590073003,-0.04049318725531399
354.4,-0.1787066750042024,2.2700697039220152,9.83166536842722,0.7668358768917548,-0.07879571191438585,0.0004950144205916906
354.41,0.14194732793738377,2.1681227714434,10.18978572329916,0.25848509806743486,-0.05718354596616872,0.024135013913550257
354.42,0.1087239485133851,2.2220232354880087,10.284530703415971,-0.24717869336883183,-0.017075148642175058,-0.026139847769362776
354.43,0.034888423342259216,2.133491249914869,9.45799555854073,-0.7817682848860005,0.0918970771003832,-0.00728077149465886
354.44,-0.022883765514792445,2.325141906610585,9.494056184863368,-0.725606559232768,0.16854582275880595,-0.015822049238655135
354.45,0.23266500646129923,1.9163523763856019,9.201928296432493,-0.06641737255695193,0.19088930474450821,-0.017022753772607903
354.46,-0.14843418290218519,2.1344622304241967,9.655399807285903,0.6811521168955924,0.06959082826173342,-0.024793315367331738
354.47,-0.12952267270002393,2.0700049778636638,10.047093460449664,0.7732610960812962,-0.1347280694950643,-0.023288779385811278
354.48,-0.004764622792845272,2.0430493871091446,10.054333555692708,0.32088026367856515,-0.19565080775867516,0.018381687398010726
354.49,-0.07497280637355855,1.9276984512590167,10.083725468565293,-0.14873119533792173,-0.14043135773850224,-0.0015243585508062443
354.5,0.03539674786549257,2.4044380706911146,10.111970751085325,-0.1938969203756567,-0.014869651483240515,0.05101577959404691
354.51,0.13364623866808356,2.191325541379437,9.997234523873145,0.13046421589024287,0.06971165390603205,0.014737630357995824
354.52,-0.11687518588339893,1.8338100883221542,9.843461736470935,0.36593304241296465,-0.005106160447640303,0.015660721834704572
354.53,0.1143646958908009,2.3161522154085112,9.378198283292459,0.07522668488839819,-0.0878577234007811,-0.011386591554641608
354.54,0.11750527229597277,2.26633956200242,9.412189948829,-0.20984090114517942,-0.10869382614961663,0.029475236853895158
354.55,0.25811654275786333,2.117820636659387,9.819921546020257,-0.14910224745186823,-0.0187642670760072,-0.032689471758137766
354.56,0.052254460640298143,2.2316658450413622,10.148021884026944,0.1114404587328092,0.0013517945970327894,-0.0291752596719767
354.57,0.2236475311955111,2.10374565933497,9.154663925180868,-0.12413985289173364,0.0103491325653291,-0.0221128230494826
354.58,-0.43911826296181167,2.2816067766101003,9.287468896005944,-0.22197243618199752,0.006118810648055747,0.04646508992365264
354.59,0.039621976330303586,2.051476219376482,9.653203187845866,-0.02622459823825195,-0.02605231932533753,-0.006824440682673157
354.6,-0.3479217682347477,2.35344702905561,9.905835638486888,0.22014185661952532,-0.02366356246330853,0.04083381976238691
354.61,-0.08337220258730993,2.050401241880485,9.244722352718938,-0.02072433653748739,-0.023784290090111855,-0.015187576166021888
354.62,-0.29943495663934006,2.0710418365285,9.636201240435303,-0.1369697734605975,0.020122140459244896,0.035697535183621384
354.63,0.13220486490307964,2.3506512536294704,9.51652527409255,-0.05601700984313764,0.04085945761424878,-0.01592884409483694
354.64,0.08455014130960589,2.1295556046113115,9.081587017785543,-0.4571162487610696,0.0711161547778295,-0.002343511556093289
354.65,0.14114202116240027,2.556363990485053,9.412367469172265,-0.2745680919981239,0.006485985389046718,0.018623608380015047
354.66,0.09354333480024735,2.239849337687658,9.623654442636008,0.23752713673343598,0.021727206428244585,-0.010878644859848659
354.67,-0.4113731148916975,2.2648818194665417,9.00693257047086,0.059614552675088445,-0.018683436501788442,-0.0071774657449015025
354.68,0.3525084425018302,2.321692743656008,9.243843142854834,-0.13764299119560952,-0.05189262603868101,0.006726732440486137
354.69,-0.061835169857283906,2.1868564152121,9.780223626036683,-0.01046766220803839,-0.018251548418447797,-0.005042378508635044
354.7,0.3158681102948419,2.065833911744216,9.664759026443164,0.2728051425370086,-0.017820176693196587,0.01637408551378038
354.71,0.003997426442784932,2.217821756003087,9.206621261582093,0.09498282174848306,-0.01295968314910342,-0.014149205573583555
354.72,-0.0549493565124656,2.473998863301624,9.58268409976258,0.014453425781440252,-0.00754744150656656,-0.00589686487646084
354.73,0.16687992219495204,2.255098287899156,9.638112840329756,0.06726465102807477,-0.05582698228483246,-0.006836255208354361
354.74,-0.3242530683009684,1.9531738901900186,9.75964869576236,0.19760934029661364,-0.05663548888054902,-0.017966685243308602
354.75,-0.010526704566825196,2.2809453650229763,9.445143420034606,0.13849103051090078,0.0045964974163801445,-0.004721922529747376
354.76,0.10388816996275131,2.0852959471791404,9.548698363334555,0.05564636378555799,0.003923684282446107,0.011809669406260284
354.77,-0.17199247356894432,2.5180952045344207,9.486269533805059,0.08171098426260552,0.024944014426429347,0.012930104134276204
354.78,0.1436057965798283,2.188200455152776,9.235648081345587,-0.013704164291527385,0.006102411461351872,0.015765584362853823
354.79,-0.08340028297128622,2.216859564661309,9.391665910827808,-0.5793248486786814,0.0379141937822087,0.007050359105695729
354.8,-0.014613422670954737,2.231416429409979,9.20112068465693,-0.36835288390682625,0.04276665605621714,0.03771106077723704
354.81,0.07430760654298299,2.2916807406263207,9.789410288121598,0.23600884395458374,0.0727686008474028,0.014456050015980534
354.82,-0.02423723035102189,2.5739464995498644,9.691242794658558,0.48649927704544366,0.014846902886620925,-0.03710402537246299
354.83,0.10465451094178996,1.934657809390215,10.052685940665421,0.28413748039100045,-0.0019924744362731367,0.0063506519119561275
354.84,0.13271619521038974,2.2059694841448,9.825592195344477,0.01765553973773744,-0.08912928204231507,-0.056018513670994
354.85,-0.0726401584026219,2.463921991634637,9.934364847273628,-0.12860050412676122,-0.01429287770070774,-0.020273448435466572
354.86,0.00615539259888602,2.606303836147491,9.614886741868826,0.05377728935196817,0.037525570838199435,-0.015848048602498742
354.87,-0.11846637892427223,2.5143087244584037,9.820362430382438,0.21044819458727107,0.009369928307526398,-0.02388051078853188
354.88,0.08915085281383657,1.9498146985450195,9.70365400758021,0.17174098151776265,-0.021010413980609804,0.004971337675037869
354.89,-0.15213708270942142,2.000826694799575,9.448388278573423,-0.13216341908463577,-0.022584507213325836,-0.016226519480434187
354.9,0.30443010784247904,1.9597859760302057,9.453992835049643,-0.25702223382924355,-0.011692303617916792,0.0200063802056286
354.91,0.3284138577837299,2.3748271876024445,9.793638492134743,-0.05056602536069267,-0.018111741427648122,0.003806876886513032
354.92,-0.08829864800613112,2.0553794788990833,9.833052204910347,0.21650359256037438,-0.00951626905080485,-0.002823268249610613
354.93,-0.02225845405410752,2.31629519460787,9.200694437359875,-0.0037912275940740967,0.023599686011985248,-0.007057562682050132
354.94,0.04737542070779736,1.7714942265718763,9.5489083013718,-0.18698888021396085,0.028707756721634857,-0.012028547504500983
354.95,0.32850873255428326,2.058919521717364,9.667949432472037,-0.0864260434003096,0.0013914627735972535,0.009263785326291425
354.96,-0.199632812438917,2.1406317344704493,9.378037575847785,0.10965335444380395,-0.01651370502627193,-0.020294067516522615
354.97,-0.07513599366843875,2.131681735772407,9.458965595356421,0.07318448896260828,-0.01234271311907968,-0.005557652031611007
354.98,0.24682278850377765,2.2891559832171176,9.512669693005336,0.022110774970633372,0.029349320885145226,-0.008494924483963395
354.99,0.12354689862569099,2.2205790050333385,9.524453517055417,-0.042532508031521234,0.009208679489040288,-0.006671231213674551
355.0,-0.12046094597863649,1.9922209650041622,8.268951231550554,-0.2167067571845949,0.02171619104057582,-0.012591027436133098
355.01,0.13373516315756684,2.048970113165356,8.598445240180736,-0.9636180177051803,0.06574506973197229,0.03537892957454905
355.02,0.2763619875424573,2.5154860361571356,9.085084735223155,-0.6550329279215051,0.12795006938949802,0.021311434813977848
355.03,0.04298236839559665,2.2018759128824392,8.795002680001803,-0.13413438455656648,0.18718117960395705,-0.007099408234640368
355.04,-0.13601414487607938,2.2105059258218756,9.593925120111141,0.4706610260415524,0.11798500860777773,-0.002131346463958378
355.05,0.23740140579490193,2.3956636313962494,10.001196784127162,0.6432557136114317,-0.08386791321966133,0.002394019810953379
355.06,0.04864722598020594,2.1239793527251725,10.105151371377522,0.32865521609463405,-0.20258218071250825,0.017521494375334738
355.07,-0.07396590228360633,2.2673792543106397,9.94599212299718,0.04805652120162633,-0.08719274294360918,0.0023389281730847233
355.08,0.05606617461926004,1.8004705411525659,10.118307217055118,-0.027413460659418243,0.0030917653995214678,0.021620197028529933
355.09,0.11221222699466278,1.9585831759734083,10.089803441985637,0.15304746384837806,0.10720166490567248,-0.03982497194645581
355.1,0.012425199057959198,2.07855774519582,10.00891725696178,0.3301122970553129,0.030572047369496907,0.027886888421923973
355.11,-0.09057052765923772,2.0461814865703776,10.104254045338953,0.32772070148631993,-0.035088456212481536,-0.002946683316063798
355.12,0.22645813195981557,2.0174883673468673,9.815532791481843,0.12434786561783912,-0.08620643799358788,0.008542537174602169
355.13,0.1311448147783178,2.012919816426472,9.806243001251703,-0.01520334179043355,-0.03531799811926868,-0.03913315828387437
355.14,0.10585926896933186,2.084409000775659,9.596533528986203,-0.31280467056040595,0.050246559935760784,-0.022343346657239575
355.15,0.07048857235682814,2.287086861598637,9.795294050543388,-0.20367014125844835,0.03345085411053197,0.020550019246051925
355.16,-0.26290192373338045,2.329845728819608,9.718847605746944,0.13826194396278813,0.023147321115654207,-0.018626012777206304
355.17,0.01428743705157906,2.4029420468352196,9.959762023553086,0.3021979897047093,-0.03714447658560034,0.006573960677506683
355.18,0.13597316834236875,2.2975508785422187,8.627642919301291,-0.061808333915626686,0.008352003501177804,0.005458099631447238
355.19,0.04069643880674798,2.2293259362015503,8.870026906951164,-0.9212867998931272,0.04111411032984037,0.017228396097818767
355.2,0.08684005053506227,2.285730523639676,9.084488821077379,-0.8078578158858636,0.04325617690843754,0.03499479811395084
355.21,-0.19131269308067428,2.0085361272331554,8.08933411791588,-0.4700061720807128,0.21719079250076442,-0.05021763939693639
355.22,0.23716571415768883,1.8318607919380767,8.022001465416766,-1.217992971581153,0.4356664820156296,-0.05035782795268199
355.23,0.3156672680810167,1.9062871775077606,8.084274261298551,-0.8797461700301905,0.5195478914216798,-0.07808831275873185
355.24,-0.1856309629342481,2.0274332677888687,8.296184948313408,0.15706013776473998,0.3792290431666947,-0.05064236165875992
355.25,0.11202626123610224,2.131677198751994,9.484407719980462,1.0530238129073723,0.03479145702457964,-0.0016906833313173088
355.26,0.416244329023472,2.3121828103325335,9.655695968552232,1.1378614237787725,-0.28458636746812804,0.025079127772479122
355.27,-0.039751377051643395,2.030249212181087,10.154922185749086,0.6143396098637036,-0.31842759480850197,0.008487755525250816
355.28,-0.021251637940662295,1.9728523830104607,10.33927673109829,0.07119077578277166,-0.1712660735829894,0.047512284133354885
355.29,0.009699789526276502,2.0941419061267657,10.411368019686854,-0.0010063936391604168,0.0067549540111030365,0.022598916554671798
355.3,0.034733618997247556,1.9663711893345774,10.464405857263026,0.30783043423152123,0.03382159024304839,0.02411426301455346
355.31,-0.25138396569831817,2.3716506805016286,10.649989848721136,0.5909004954037227,-0.09856794051632876,0.002966004786091032
355.32,0.07890646839873539,1.9123415948351286,10.339635518367551,0.5705878805259409,-0.16651132660954668,0.0032505898252126134
355.33,-0.12079217266007537,1.956823526357007,10.125732749965895,0.12450125800103236,-0.17974320758983836,0.0037162174204378737
355.34,-0.46963864028824015,2.170729667935598,10.328053167803283,-0.10920526663730017,-0.09132896904691763,-0.0361898930795685
355.35,0.0016929337408183574,1.6479923647428008,9.8248016054642,-0.2776723336218732,-0.010730649977287916,0.009980994689080369
355.36,-0.19698916268721617,2.1375216500966623,9.970422138038325,-0.026922187466890256,0.008054835675654922,0.005344627421074696
355.37,0.13512806957695606,2.0123696122007995,9.81319248864211,0.2844176982027355,-0.056504872376182604,-0.004329290230975829
355.38,0.4093661486326075,2.48078033158212,9.833356582119693,0.3956012053460617,-0.13028837846243843,0.01947684224319699
355.39,-0.03547378604022644,2.1017354167924895,10.010258628535288,0.057021950487966475,-0.11506752671660428,0.022296588210050688
355.4,-0.018151743023585985,2.162723749283255,9.752969148591406,-0.2418894579539883,-0.04530831930991934,-0.03699465116733901
355.41,0.25875768784829395,2.2350268314650776,9.817657486077115,-0.183198498908099,0.0011920026866375083,-0.002074340747117592
355.42,-0.08172944048127681,2.057681959733542,10.005658161233981,0.07906203392962345,0.01830600990041983,0.02352956828137992
355.43,0.14335592630233138,2.3340762377968387,9.503135373293203,-0.09342805993702998,-0.004595711297247248,-0.02934343551241697
355.44,-0.06581579592845292,1.9854008310144655,9.528917364088041,-0.1693836742299764,-0.04498694704361568,0.012170944332321191
355.45,0.1291976154163362,2.3133960195249594,9.374283232486349,-0.09104733691125588,-0.011316674905772699,-0.002118214878613206
355.46,-0.15401682998516025,2.1679684911421844,9.064581541713256,-0.016074993451908787,-0.007847561939621482,0.004887839073778826
355.47,0.045357390455213614,2.1236314247143633,9.112809747784942,-0.5926909188903191,0.02677609966628717,0.02015720989751312
355.48,-0.09505876234556207,2.1793925578782543,9.175562888531562,-0.40553465835766384,0.04873332275124053,0.025349488745554833
355.49,0.3909038765502685,2.1013845241764906,9.520255289724236,0.192512540581827,0.037807595428000614,-0.011179877249728637
355.5,0.10732690914742393,2.1450774683802756,8.52059885567143,-0.17950501922477588,0.039377744208471815,0.027319091783112374
355.51,-0.0030591771981903215,2.050510298571922,9.345036026343973,-0.32269051562799833,0.06347181934445277,0.017872740400208424
355.52,-0.24372167206801698,2.063974466934426,9.725121154123652,0.053534633248587794,-0.03202382466150451,0.0011746932480071809
355.53,0.22117712481297958,2.0215854615356563,9.200003978893804,0.062002161518350384,-0.03232211874251917,0.022296664049448855
355.54,0.05344209808509742,2.183152961002139,9.579127639089888,0.12406183496738044,0.02424930662313722,-0.0034754376359337744
355.55,-0.15880562936981552,2.1551400589935623,9.556017723309724,0.2028895221262706,0.002696975267208957,0.0025651797695273315
355.56,0.07671453801187562,2.1488644508488046,9.643509252949894,0.2519225092416496,-0.038730184924649316,-0.0018794244846401143
355.57,0.11131574076673517,2.47047863795835,9.93903728466245,0.25978207649793494,-0.04094759032706041,-0.008515390374735895
355.58,0.09864093136008716,2.302113444418973,9.969784950620136,0.16257131281562825,0.0024681990473890657,-0.0011760158889871318
355.59,0.07071087961591001,2.0762526216658994,9.864158371511154,0.11466864647159108,-0.01208253898580381,0.038038056316587104
355.6,0.01837539287528138,2.375673292553527,9.834362843975237,0.08529976860564216,-0.022033591388484763,0.0373987830176445
355.61,0.03159041932595159,2.1091243572627985,9.426841113303583,0.040779481634268824,-0.039611865249911934,0.02730855788211066
355.62,0.26047789131959387,2.161206763402568,9.854157147386616,0.02858569105537733,-0.01764360133350513,0.004037491785517929
355.63,-0.06974540315791501,2.4047718132475513,9.168626155138798,-0.11286502217056966,0.0063632213309166045,0.016880759501175964
355.64,0.19207880355020057,2.1604484196313414,9.815388364002334,-0.07500318867302097,-0.022031179195421424,0.006071325755966496
355.65,-0.021106030230922238,2.126911040426592,9.793323249293275,0.1266113213183916,0.007216921541441625,0.03830183992787642
355.66,0.21241413679840804,2.3595120227011366,9.903582799941548,0.2423030581243888,-0.013817138474019913,0.012606665209187157
355.67,-0.020844698865482722,1.8802884031312168,9.51292107385741,-0.13983304531998852,0.008956847082947167,0.02912880176827535
355.68,0.012091062456545967,2.1172991007783386,9.555172650243339,-0.3862086525705384,-0.0030558957772736737,0.0023846143140549923
355.69,0.037366369829105225,2.2516553297674187,9.954632650127913,-0.07737221446939958,-0.01562857986135523,0.014700101978669573
355.7,0.12818635500648776,2.097511553271036,9.897486782804542,0.20941856136164944,0.006916211065364514,0.01812603264978002
355.71,0.4494759325276647,2.289291083709449,9.610094051335492,0.1253818794812932,-0.009037698918589429,0.0021920016038925326
355.72,0.30634741827639667,2.124338719703219,9.627711993643667,-0.1378713184519282,-0.0029313882188173037,-0.015493108577844812
355.73,0.07573584560850877,2.525140340729826,9.854791725038554,-0.24805777253728836,-0.045772481953670355,-0.01970019559560236
355.74,-0.08487488589399662,2.2208287013943013,8.681220672357016,-0.39859264170484376,0.044953696701448026,0.0008801623300261525
355.75,-0.05902635131379351,2.2683581826872343,8.981703193438113,-0.9641832400317214,0.1746398245156461,0.023500229583000794
355.76,-0.07638305806295692,2.1135890524415295,9.47384365759611,-0.6415938372034734,0.1514063781516911,-0.011598932293772663
355.77,0.33032866756321944,2.1094602988919475,9.019826854094823,0.09765537499765302,0.14210486732708724,-0.00031191946625191806
355.78,0.38191907178423534,1.8467456331369083,9.013139160184135,0.4224065024413362,-0.021091303062620692,0.0029850350506163466
355.79,0.03749416708470052,2.1142981942904626,9.262035890802654,-0.2761581458214351,-0.10249357421868513,-0.001184380768979686
355.8,0.0845908290883818,2.4619518069862236,9.734230295131864,-0.5298406040408952,-0.08619846125264402,0.009451838482871719
355.81,0.03978077263856636,2.284639745939448,9.907920704419224,-0.1852992823500356,-0.014892722997131612,-0.01937868796723403
355.82,-0.08059343577639559,1.839311582533401,9.930700361755207,0.29161373556892717,-0.011191842172470993,-0.01339555992082921
355.83,0.14748826380371188,2.034164433980275,9.935826491398545,0.2908387557784125,-0.014456109271965233,-0.012289655831479007
355.84,-0.03763501336159286,2.032813376441932,10.11877743169194,0.02767538461842796,-0.044939910713965095,-0.037602605974061704
355.85,0.23176353829692986,1.8671410428847985,9.610883535625106,-0.2551813973474452,-0.08466144533409986,0.01198495491182584
355.86,-0.0639734082475881,2.2350817656581743,9.92509610449533,-0.294129623487982,0.007073876187977175,0.024939373703826553
355.87,-0.03794217351898402,2.326207943149029,9.586530300605503,-0.12570667686323395,-0.032509566118135144,0.004315514774378063
355.88,-0.11495409751610912,1.9751413978702046,9.866312529869646,-0.004684145151802849,0.043358913309873404,0.02368289263607976
355.89,-0.1691143767329788,1.8737751081705085,9.51107899362943,-0.08900400604485102,0.009981826676971553,-0.013787273444478786
355.9,-0.03346189032330231,1.9189753335553683,9.463546136292473,-0.2541720153539828,-0.003319231822698457,0.016012788496459446
355.91,0.09336709880564946,1.7859889032059535,9.914793969633687,-0.2445088339584931,-0.02981449980167938,0.0342699733377049
355.92,0.030312462592733097,1.8665529959764802,9.54532384792225,-0.12369646273904839,-0.02421876014179897,-0.027189635745835057
355.93,0.1737407314517692,2.1460112500447672,9.63721166505582,-0.08855920763314988,-0.038407371401725926,0.01392466629410093
355.94,0.16584536309039494,1.8151746974097904,9.320435198552389,-0.09841991703467412,0.03601624263239679,0.013450211913723205
355.95,0.2720835442142942,1.6414828808684105,8.773441488176857,-0.4381400958389662,0.091332183264025,-0.031073393696432895
355.96,0.30744630173462245,1.5685046467508377,8.33422967654518,-1.238794403896946,0.22283731451039832,0.017323435270877992
355.97,0.042176042082997994,1.8950239297434415,8.866933065335303,-1.0259208854976023,0.30717193826986633,-0.05963194679470435
355.98,-0.03592928906537305,1.811234536332511,8.692076632372869,-0.1294206951503934,0.2591962118855696,-0.0419401213534798
355.99,0.04332537023110018,1.7755528811258858,9.474543214251161,0.40700262710713975,0.01126078692849684,0.0004709215535160065
356.0,0.4282888365216061,1.8127402725269721,10.06842507613342,0.3192615291144078,-0.2036667632609705,0.03703701062290742
356.01,0.03908761501595666,1.8166714570666764,9.682573686903776,-0.022483153798405535,-0.2520330498465502,0.026544216962412062
356.02,0.19308146326616502,1.7409197557020875,9.992781219368107,-0.28667270768181247,-0.08186129832515197,0.041677200369188386
356.03,-0.15251521664090453,1.7703396002449434,9.840870312265901,-0.30450421129063826,0.07014201765075904,-0.010108460684001787
356.04,-0.00015306053993635604,1.4100590499256147,9.831931290705935,-0.04165258976547556,0.10717776041003517,0.001797462918200629
356.05,0.27746560544080584,1.7204333247179564,10.207690982950991,0.2065865419735251,-0.06662092500294427,0.00042086891573371414
356.06,0.25199780911016456,1.4592924384443837,9.920166961585215,0.17441993112373105,-0.155039131792289,-0.005445905684872521
356.07,0.2877573975571412,1.6495494268779627,9.865555023758311,-0.319327304318789,-0.06529703510849721,-0.010591297100402831
356.08,0.20691824753149668,1.660160809187441,9.913508445252436,-0.405317617819688,-0.021741262139681552,0.008977558967598092
356.09,-0.04642772263073153,1.657320151840752,9.79019712711671,-0.07129193565203748,-0.01277837943552441,-0.015388024386639986
356.1,-0.13167135646854422,1.5549287349116605,9.50435812573604,0.1350394073974442,0.029029950369638666,-0.035556256429826724
356.11,-0.2825500457677591,1.6420636581332055,9.466921253664218,-0.2956174107659758,0.05689005192154072,-0.007396370411161743
356.12,0.08540200323581651,1.3432218971766257,9.910556249759725,-0.3492507156976727,-0.018819433657893847,-0.0029455508171683225
356.13,0.07519251833864388,1.4309809346079896,9.821514527150818,-0.29677084630427786,-0.021125282671248212,-0.005103965606696003
356.14,0.1398388446092439,1.5017502332320831,10.014518143655016,-0.043956949351669126,-0.04357198167224158,0.02875230331061208
356.15,-0.02622878185063071,1.0259537114402808,9.806547840484836,0.17313791434554318,-0.10267131303633537,0.019237928123088627
356.16,-0.11118616873443186,1.25701939620965,9.896084251503737,0.12935229604197016,-0.06790445620725281,0.0025117708960446855
356.17,0.18536664096444944,1.218515806151199,9.451278520291863,-0.2172374096262093,0.022128393123821612,-0.032962121688036805
356.18,0.01891826236280328,1.427895372542559,9.900534130212058,-0.3874154222409837,0.02906721636090651,0.008193146834476688
356.19,0.12522973848767552,1.7370046812376634,9.592961739382439,-0.18459910345905295,-0.011070057039237798,0.019088382876773856
356.2,-0.23293807131887304,1.4020327925329292,9.44124006305541,0.05759872516192817,-0.039878606837193714,0.014152533276975635
356.21,0.17468216166698347,1.7092040702543752,9.556331973185385,-0.06641596088667386,0.000503763909881132,-0.01709701096798409
356.22,-0.16228222632732112,1.267951133943813,9.612529730273788,-0.24252449284610458,0.025626673557613746,-0.011832498058504124
356.23,-0.06183392348350132,1.6068057386316574,9.512543010887343,-0.18758640572755947,-0.01474844717771362,0.008591963724620559
356.24,0.07455199094466546,1.0090821403576056,9.422575816068282,-0.19966947989042086,-0.020174689350785896,-0.0403463545779798
356.25,0.22365510791561138,1.3668996646637532,9.641900409766796,-0.481147904350192,0.07204359190937996,-0.006189546641014735
356.26,-0.15897253267290096,1.4861978934461617,9.901082285930274,-0.24515041064170448,0.025144806760882647,-0.012867455544035646
356.27,0.4095521517871931,1.4320730844292862,10.152396611363395,0.13169296658506024,-0.09465131413310696,0.0037599551296785116
356.28,-0.010380136303205986,1.5865281107418763,9.760284971100964,0.25863180614298914,-0.1279824588992028,0.015926899670911474
356.29,0.012611800526325094,1.1677304506157566,10.042433230982123,0.05576651899713175,-0.10171405617594573,0.019622596765039524
356.3,0.19191967728836898,1.2616116660669583,9.851657375080572,-0.15956554513085475,-0.026681756892348876,-0.00458823287551263
356.31,0.18025135839814754,1.396915038855593,9.805188957401148,-0.27078742634655517,0.050200865468490785,-0.028133655420004865
356.32,0.04955604083288874,1.2662654533642026,10.136339289940079,-0.1632396316136544,-0.023872559021492587,0.019141868673816363
356.33,0.036678856449458334,1.2381695578709548,9.732808909059633,0.03561169067202101,0.010117126795813967,0.010554952072754229
356.34,0.17382194097304418,1.3121538404086404,9.806953491242922,0.05644650854933207,-0.08717711265609994,0.013397861142194711
356.35,-0.002256435527346154,1.4252665118640693,9.507102209306977,-0.15235988577190476,0.005400325317462962,0.01775275413438485
356.36,0.02164250515091256,1.3225097626288693,9.762552310775972,-0.2709706061216592,0.043743939962420694,0.026853028218331496
356.37,0.21099865315608196,1.3567925873885056,9.87055670936829,-0.17598837942382495,0.026130917071782382,-0.007234362693379121
356.38,0.09647788263139079,1.266820657636691,9.755129920754484,-0.049235563756746425,-0.00936649434382181,0.005201537739832174
356.39,-0.1823062828287042,0.8850587992656923,8.995028337143733,-0.406304658324794,0.09538719268732386,-0.05091642911116606
356.4,-0.06698270074605349,0.9706636729527137,9.185597995663212,-1.4629416913208755,0.23839430503372952,-0.03372822355371291
356.41,0.0232232284764363,0.8119557928550638,9.560894174181417,-2.1340040194526524,0.2828207231979611,-0.04025937830625696
356.42,0.09443955561221622,0.9844411775551777,9.484731511602531,-1.8368346355968184,0.13611968471000244,0.002680736080238339
356.43,0.31057800835549104,0.7338509901886451,9.470457564580864,-1.0768987941216155,0.10070406553145542,-0.02244689980570256
356.44,0.008979152209955127,0.7545245652999809,9.96771179364381,-0.42400453498962515,-0.008311320774434212,-0.011094290116177113
356.45,0.5785968067798171,0.9290931877207277,10.18657897916831,-0.42379385636574485,-0.02177364920181961,-0.02252118643777027
356.46,0.12382349324535372,0.6474413337673902,10.06311551219026,-0.7859422306363683,0.01179727443769784,0.022882298899242946
356.47,0.11173857170114791,0.4029691701424791,9.687869437892175,-0.9936223527193673,0.016786621053892708,-0.011789195752122325
356.48,0.04763026819945982,0.4665282097430783,9.973707580642039,-0.7627035443179767,0.0474009862509848,0.016841952949733778
356.49,0.13507597360290408,0.44398929941969806,10.143217033559354,-0.39877111139187305,0.04560605216139721,-0.0075889797173683176
356.5,-0.08577197544954429,0.19541177418053823,9.907721202289416,-0.18608409695720446,0.001050861614671843,0.0011481176579529098
356.51,0.3237767644846777,0.19581673604248578,9.76126908413191,-0.23491372101607863,0.016558413336769974,-0.03006339264876092
356.52,0.036515702076486446,0.14968657555509077,9.864083126047051,-0.377409376999442,-0.011702266729310157,0.01837078539668798
356.53,-0.3345995402156747,0.04393235090124509,9.763661749526841,-0.3546972462996989,-0.010204805002114917,0.035456872608129644
356.54,0.09855938481780929,0.5610340049521702,9.64415326487471,-0.2528988460992018,0.015234769156401661,-0.005554864143626674
356.55,-0.08110270644914502,-0.08158003119049118,9.488338989304175,-0.04464104701786227,0.002304630110540674,0.0005857873855476144
356.56,-0.10432360729958523,0.5399152857326077,9.972673835746118,-0.015243666891715014,0.009052531286291826,-0.0009480438953365831
356.57,-0.0021043193390023964,0.05875491550788766,9.651995333367022,-0.03938381319467076,-0.0612450883437019,-0.036230384845254614
356.58,0.12467637215576076,0.22906944929563805,9.833727974995885,-0.11846307392426085,-0.016073520425382716,0.00659710567935169
356.59,0.3605850745849452,-0.12285410789622239,9.80199541743595,-0.11830317076169213,-0.007912837973237746,-0.0007359627802698888
356.6,0.21604753045376535,0.1845530539781687,9.831186281699411,-0.02821192403220752,0.021789520689999564,0.014720908180154677
356.61,-0.18597116924781532,-0.1146753726187542,9.825025856968095,0.02714330090357174,0.028516449512049458,0.005137531613720191
356.62,-0.032754011012344354,-0.17072153339472051,9.529364727931647,0.06187522543511327,0.009983656218108993,0.018658748533418715
356.63,-0.04727266400128145,-0.23072728177446789,9.907904927766682,0.022744763733361692,-0.005629440511348534,-0.040238915515413316
356.64,0.36113829137380415,-0.029385896228859888,9.591926464545585,-0.04183382989745918,-0.0272655985076762,0.040830418860933755
356.65,0.36857713083864907,0.02037953471869731,9.912820757042784,-0.05766215952029337,-0.031436595319390956,0.018663620021853466
356.66,0.3379607076697542,-0.04445450246041359,9.82410268744665,0.0078049430998092095,0.02852284952436177,-0.020373774256723338
356.67,-0.0932035829655858,0.00889014354427386,10.029503617554662,0.0004461859853942818,-0.003260276252830055,-0.013644085128955244
356.68,0.28306473895471074,-0.013102319986106456,9.747726789260444,0.039180232738714134,-0.010460245599494093,-0.014180645038734462
356.69,0.13708615290534865,0.20926707830359426,9.925010468336646,0.02518092541921177,-0.04101175519637352,-0.01605402468282277
356.7,-0.09293256340709138,-0.3217631356711857,9.849049907181652,-0.005246167612870548,-0.0005770395613876969,0.024349389644408925
356.71,-0.2113096511194112,-0.04132058106762036,9.72953058868401,0.010859351940056421,-0.018865408752471224,0.016003901805363617
356.72,-0.06783429540416366,-0.02566881672141166,9.57362338230262,0.015778119437720586,0.006795962354683554,0.005526559728653766
356.73,-0.27100680719418624,0.1358630242347358,9.835342742726024,0.0382514771165974,-0.015071576823388829,0.011541077160084415
356.74,-0.4512898071351335,0.23179262234025186,9.697263668361582,-0.012892626480822535,-0.02022623985082501,0.015575022737622827
356.75,0.11892937335341507,-0.1193770708894143,9.4412284974153,0.014082741547645397,0.01686615172578566,0.027341761722722308
356.76,-0.06414564865335737,0.2037483614298874,9.388491262422308,0.017815450312464575,-0.0029502575141869426,0.004528561166127087
356.77,-0.25355944218674953,0.04735001060921272,9.1309208122287,0.009106869391345754,-0.019136549949955745,-0.030527308708524537
356.78,0.09032488985681594,-0.11815193057361129,8.855888571566679,0.009705045246634757,0.002273499289950658,0.03707672179783423
356.79,0.03871714831947225,0.19794498410398825,9.088958872113436,0.026421814017629965,0.020252262564447728,0.039761364450232345
356.8,0.051043189575392126,0.14576554566335123,9.034871995923448,-0.01948398913193587,0.019816504342896175,0.039126907319054674
356.81,-0.077832958118123,-0.011588672983441885,8.995239659570913,0.0016773885375306068,-0.02141534261071294,-0.028426689898146344
356.82,0.07737860785028787,0.2720082990331248,9.102245590993283,0.024637618246530168,-0.019660156205801985,0.006430849204518765
356.83,-0.24958667865510759,-0.016727085982362694,9.246265642958269,0.003341018156197144,0.013978674610863138,0.031297401898476816
356.84,-2.374693347459165e-05,0.0186650723835673,9.322181283708646,0.019435174464235427,-0.013756171815172288,0.0022864593641746737
356.85,-0.28032764838064145,0.2523374711094744,9.30610082443009,0.0027142270719165843,0.019651365468275415,0.006503149786635853
356.86,-0.12245349352809211,0.09430234719893343,9.291784476100412,-0.0009058214200245423,-0.023030589172257036,-0.011539272158718533
356.87,0.018705962456683562,0.11253493774303977,9.196815844191716,-0.0007400567165094193,0.003129212806173562,-0.03438371369812377
356.88,-0.018888178207247034,-0.300204653492699,9.241795702955981,0.0002899077411438007,-0.016008567531599568,0.01871095843707534
356.89,-0.28919941243616637,-0.510777758279395,9.65093706332144,-0.025697837744860983,-0.019117658012448305,0.00018416948121357385
356.9,0.0771546538922352,-0.13751232218600426,9.251778916468483,0.026901887188466752,0.034625956649574824,-0.0005524666746007699
356.91,0.17601424565654,-0.10994088837133957,9.44815486687435,-0.009097823583085989,0.030785399953722724,-0.003526463570551062
356.92,0.2437823444300978,0.08349325423671673,9.336296297069568,0.028091713425310062,0.030404672551612572,0.006323820545816867
356.93,-0.1804824279184703,-0.03725771130243995,9.57912759919443,0.01113952083720466,-0.006265585604085449,0.0010238402082319163
356.94,-0.11953508744112754,-0.08719517995605348,9.570617153006316,0.0025551008087061297,0.0037776089696107806,-0.00999242765775329
356.95,0.13666128292737384,0.3760275462608174,9.736142824453225,0.012127999965866438,-0.0036362023583364792,0.002260274786586346
356.96,0.06407286800978118,-0.24253692564394994,9.757182961246945,0.014797888701555904,-0.0054755999422193636,0.011979518216356053
356.97,-0.02105077283439993,-0.1391953714968017,9.665550870615025,-0.0005692289994769914,-0.009861852185011611,-0.0335691228062036
356.98,0.0730333068470078,0.16724834374318615,9.590776997351119,-0.009681515594521125,0.007668117442072268,-0.0046287191046711145
356.99,0.018982888169336288,0.13283893728995097,10.030142461575492,0.014569536361018785,-0.012396218145486236,0.03545311184160755
357.0,0.06481536628056091,0.16855596488084856,9.942685976494772,-0.0019097009019123793,0.002826881643598865,-0.016971866815458828
357.01,-0.27337594285005,0.19112649042360247,9.714508208259591,0.01729448158536361,-0.005375088815288791,-0.0012864449132283656
357.02,-0.05170412639317995,0.037435510742325775,9.942731520297635,0.005978585971545124,0.033543885548384625,-0.026570146723619178
357.03,0.1545841538044272,0.0019769321063825575,9.79941506632516,-0.00992102062674671,0.046240665796800376,0.02823115691899292
357.04,0.14130318763097036,-0.1385648795283909,9.78344121521719,0.004136214994013805,0.011001327866403971,0.011009361781741604
357.05,-0.2755711507605012,0.2921732079570232,9.991351478866468,0.02268519560515402,0.01646343089718466,-0.033686703273106654
357.06,0.058640470390963075,0.23868313325241802,9.952334000270664,0.028951219240734287,-0.018923557942541296,0.021614788768406105
357.07,0.008666487287249372,-0.06751677870486192,9.960256740493941,0.00666609245202915,-0.008202915321005493,-0.005399241006589307
357.08,0.034159767917629216,-0.002992047247619034,9.957367395832234,7.62607093600203e-05,-0.028079748897736786,0.018741161521673984
357.09,0.10746550050634354,-0.12314702993705304,9.668711965367084,-0.01161007692935429,0.018667669088627114,-0.024110191514464724
357.1,0.05232425696214592,-0.15682239231104425,9.532094319413075,-0.026199647083124052,-0.0005533237062947833,-0.003712309165059191
357.11,0.11396974279310637,-0.19445787235846113,9.785393804271811,-0.016755009361227147,-0.01952516348530926,-0.010472284909525077
357.12,-0.27841471676060286,-0.11070527723415925,9.629899485194333,0.01071343136043145,0.025443834313993097,0.007850486442124603
357.13,-0.02399182408543499,-0.04971292414153907,9.624971978668043,-0.00614843173409833,0.01016993486222226,-0.021879551319192947
357.14,-0.16328296548234503,-0.1284586852998884,9.59194767293024,-0.021829623813440686,-0.007750120116745997,-0.03487017493254655
357.15,0.009126766202804327,-0.15370688354872236,9.59387200606025,-0.009215432219001243,0.00702839293449036,0.001110199674762252
357.16,-0.3745244025000334,0.00828064753956907,9.492898753135734,0.014778747338342361,0.007485019529074406,-0.017255146975835675
357.17,-0.17156898002803714,0.2853848270430755,10.029373949577943,-0.03308444174278414,-0.040335655022804645,-1.4222227388312962e-05
357.18,0.18921184488741072,0.3170003187190196,9.697262519765749,0.03502531544154611,-0.0184659426204897,0.0029561931924955826
357.19,-0.06336413478819632,0.16044120280706223,10.025090389968106,0.0093849562914568,-0.012233872184930659,-0.03984866608171748
357.2,0.1709135347145345,0.06439778917890657,9.877722983332607,0.02087413611483504,-0.004877778120673684,0.03521616161424175
357.21,0.06478825459136359,-0.10223352956611877,9.789330100832014,0.022768263732789534,0.006935509639410127,-0.048492111378220064
357.22,-0.16272489078358662,0.18170961258291712,9.764565488266157,-0.002428736102067286,0.051883967557279816,-0.0070716834836059865
357.23,-0.21183616618857473,0.15803063362083175,9.791184618462104,-0.012825465982733883,-0.02353879309700295,0.01732636868694592
357.24,-0.0751834822076045,-0.37897930149141146,9.82187813089483,-0.014032498919628763,0.025079435549763555,-0.01125435723933681
357.25,0.15482278307886888,-0.12112477019489722,9.62115679615382,-0.004127552944350453,-0.02181266656981555,-0.009503574700867863
357.26,0.027085611395331267,0.014889682212601544,9.495420118047303,-0.046297629348584314,-0.009377441275130668,-0.0006052428087790621
357.27,-0.20175043418068928,0.04521083626670303,9.458158299380504,0.010014412124971648,0.012563049262510301,-0.014554320620996713
357.28,0.02369084991128232,0.06849212351550886,9.432946714142888,0.023187650338699205,0.005141458019476604,0.009507030494551424
357.29,-0.03855746299283773,-0.16823507850330507,9.775703671709037,-0.007689529996751121,-0.0020103105840970723,-0.023641644012003315
357.3,0.29630715518306,0.10193623252842583,9.654560202164552,6.483790441668186e-05,-0.031958825011908935,-0.042762599033612764
357.31,0.27909944850059687,0.03453615685752272,9.615615728856108,-0.04526068640557435,0.026902620906666622,0.009806248421425155
357.32,-0.12041132090841497,-0.05555018137709238,9.748890951149434,-0.025058740437321595,-0.024635745656060547,-0.026796147900498165
357.33,-0.2128013240826587,-0.0846935635383638,9.656073048698682,-0.052334867880561374,0.05115709014888299,0.026306147881019044
357.34,-0.028664077353934576,0.45055620526380885,10.187231642987442,-0.011719539035343956,0.03892160234741421,-0.001546917046925448
357.35,0.003651481385613704,-0.0515911960870572,9.891580497400549,-0.010799063853215786,0.0036742994550975293,-0.015360087234978649
357.36,0.24727973282199378,-0.19312631283808024,9.964054510456196,-0.01968444566303983,-0.018743907966849858,0.014986800206702573
357.37,-0.06608930909284488,0.031193583847905177,10.221012677068032,0.0031956212988054,0.00976646730901874,-0.012625746691473344
357.38,-0.13800855924329708,0.069806330969879,10.049718017572049,-0.027407373036251282,0.026616397022541465,-0.005895317958529941
357.39,0.28000566176213354,0.3189618284084797,9.811226492867599,0.0006885916554816423,-0.006865557128050999,-0.0048834099718898984
357.4,-0.0023592790697249486,0.04805211369971123,9.5288154452629,0.0003928705401283526,-0.012906713299012953,0.0227422772002859
357.41,0.05561061998713184,-0.15504509162051167,9.894450643167692,-0.014473653726809567,-0.001401342888233096,0.0065211831643850185
357.42,-0.00771000653793918,-0.1432547040747844,10.452517128068232,-0.031109973881679753,-0.008936504163880189,0.03184264838768242
357.43,-0.014941628025689633,0.07697369738715729,9.852029942208445,0.029455573043965858,0.02526319249492208,0.00999832669517815
357.44,-0.150291039351351,-0.11392328405113124,10.049675259469698,-0.0012728457473922784,0.018268350356397053,-0.021664971249710886
357.45,0.2585421608178094,-0.16494277719756642,9.578865234388326,-0.008772486650195616,0.0026810383765349965,-0.014148646750134572
357.46,-0.09695493836363538,-0.06927645424082907,9.632646352383519,0.009376760646525557,0.05250659157747588,-0.014632899098897239
357.47,0.2241563839736932,0.11615910351164056,9.769844244899483,0.012587119430324369,0.03335955160627957,0.020901977880559138
357.48,0.025627483667634475,-0.40268627428198683,9.858625990275034,0.007523368111393574,-0.005988460569861258,0.005957590060697675
357.49,0.07884629729852785,-0.05524623789898443,10.050608188956465,-0.025527516455548894,-0.0073400274921279745,0.004769983887377894
357.5,0.026730967837713226,-0.04832148010978115,9.794329772260763,0.0050016104076693714,0.007138237526312595,-0.005507431937293506
357.51,-0.040156065881780945,0.33223798108717767,9.621433090968466,-0.03469783833122019,-0.026742525679485145,0.0037631585506620623
357.52,-0.09454782526314981,-0.0054663636023521995,10.003972454750247,-0.0011891274322258288,0.00402103592818797,0.0012225718747097111
357.53,-0.03815167972923969,0.02967164464465487,10.004010743529713,-0.02481789076273248,-0.009085163680543077,0.015869361468720724
357.54,0.007081738459169062,0.12238472098240635,9.778274437945992,-0.05415162761548757,-0.030621907082202117,0.023503097265377523
357.55,0.13326882483064384,-0.08220325870411777,10.013057425490825,0.00943279529196483,-0.022321720486982118,-0.009863614444918315
357.56,0.28946740189908715,-0.35475529508441084,9.622065329972957,-0.029026044830728105,0.05114943798520411,-0.03831646373046065
357.57,-0.15530770863713017,-0.032920237537002066,10.022663601430402,-0.005987865970545328,0.020927737909029267,0.007763204815182762
357.58,0.006398907537490409,0.1813984345236904,9.244408894151064,0.0022884759121236096,-0.038476168371499676,-0.03213147113048363
357.59,-0.19446641862635686,-0.05865695323575925,9.493022518599355,0.04032999767670142,0.003846988221583986,-0.00043495060766194244
357.6,-0.0427999694666033,-0.01988990721256879,9.475177374098436,-0.00895409299034944,-0.03297414231046646,-0.0143192013495298
357.61,-0.1788172422678923,-0.11246597935263601,10.107153194085251,-0.02902613375465174,0.013259472969454403,0.02278088093709517
357.62,0.1513018603913974,-0.15266640033489112,9.947345503566757,0.002260003798253881,-0.011163688568789222,0.022544527166987762
357.63,0.05819766862627416,0.014049272499887612,9.77799292460542,-0.014359642196776507,0.01529724635260456,0.003835699791728272
357.64,-0.09126649778595188,0.15268115472353538,9.761923781316199,0.02949055885435427,-0.023454899020714567,-0.005188520838733541
357.65,0.09738164175164488,0.011307109737865688,9.605957165290887,-0.0038450824014260258,-0.02153381184785509,0.0517636360496028
357.66,0.1997564070422072,-0.0798072885477142,9.771719066896242,-0.018590041253804413,-0.007445111365302479,-0.01003595118866399
357.67,0.3358223646285227,-0.4524474069262505,9.789907706521808,0.009539642560723288,0.008970392486807387,0.01971525572118009
357.68,-0.07899593041285524,-0.43365005986565675,9.73835366663025,0.023568925369304373,0.03195343682042077,-0.002949089382210941
357.69,0.10905455718649325,-0.03132384447379165,9.690146128247653,-0.0408402375256036,-0.02937353653909748,0.028064153500047834
357.7,0.04891833218663362,-0.10118722246201364,9.621113074765603,-0.013788750714152163,0.027559660441158925,0.023196056934792923
357.71,0.17269668166547641,0.03646499451442694,10.275522086056455,-0.01029337149144854,-0.0033897163418443316,0.002637823786201499
357.72,-0.02847830398355858,0.3505790350150231,9.989635235762352,-0.019006410945997282,-0.030587695235765086,0.04842943512151584
357.73,-0.056358706150340936,0.07106486869040597,9.715702641657272,-0.030111206575671144,0.025058145903417837,-0.018874585571094983
357.74,0.07927850092331284,-0.10939470324800828,9.745267524750151,-0.028868727938911074,0.004319881469281372,0.03461718841909127
357.75,-0.028920169681502756,0.10309948698372608,9.675560622533304,-0.023004050874558108,-0.00795283660309352,0.010041328120100413
357.76,0.06602479763443038,0.14331586794851567,9.581086811643612,-0.012781390181006838,0.011748026752004034,0.003291924712727947
357.77,-0.29280646143869954,-0.04410210210426154,9.712804822009462,0.01777388223786115,0.008409688460254633,0.02240180852266586
357.78,-0.05723378744467973,0.1450125504094213,9.54544586038469,-0.00272157082948043,0.01212001893477897,0.006123334796574341
357.79,-0.003435901718500422,-0.0010048797625784138,9.511532475762955,0.031036439846603227,-0.020519982184212932,-0.01157706570637199
357.8,0.502649766147539,0.16402910822355093,9.559554025619095,0.011430852598091292,-0.03185172661986521,0.010749307990082424
357.81,-0.053641991460726,-0.16489195790033895,9.61333400799752,0.005457551484776428,0.021366622092461,0.012246712235149495
357.82,0.09648343328521668,0.2738762331134049,9.621638752830819,-0.006977395509588676,0.009735035063539054,-0.021351863431297777
357.83,-0.056983092996139295,-0.052318170806956575,9.784770374321825,0.02698696103631816,-0.01831665943449187,0.004581807178461574
357.84,0.0292806005133398,-0.39586447151673104,9.539479053329027,0.011464357293418785,0.026239803150160057,0.029170507142382902
357.85,-0.09370228430697801,0.13033522259258823,9.600255321855157,-0.006126949530855217,0.018774801040487465,0.005690925306569783
357.86,-0.120661026398662,0.19425522189246058,9.954043731416208,0.010071208157048083,0.02612149848301545,-0.025515567150339345
357.87,-0.23048508709545912,0.17005141136801388,10.352515693324602,-0.007372180835627356,0.02232787324507797,0.004007814065461111
357.88,-0.29332764388383364,0.17353854168671054,10.316932530129364,0.016222758389529073,-0.010115723737110891,0.056350928629336244
357.89,0.11252609040311926,0.16971763587064123,10.274801391051298,-0.014928706673591944,-0.024767788954410144,-0.004837334492031515
357.9,-0.2044512127421602,-0.01709905013781519,9.871426195304268,0.018524354007524543,0.028553907638237553,0.020723736401330156
357.91,0.23181713897665165,-0.014904969982135299,9.978748034766726,0.05140756659715333,-0.022906399803363706,0.013536309973436134
357.92,0.2488411111054069,-0.20347835424437533,9.769559620001894,0.006605667580260795,-0.0016959489166265827,-0.01676841961799061
357.93,0.034915346108754346,-0.16117475100183684,9.885904578888974,0.029477033572694027,-0.010751984276057901,0.023149620322578307
357.94,-0.05676089454019293,-0.1401287413421093,9.774618264980484,0.01825721764980149,0.00784445432786902,-0.0091101895835008
357.95,-0.12252834335099848,-0.13461821536085017,10.009433485270886,-0.0004742332016238626,0.012744754046077033,-0.0431982849094203
357.96,-0.10515726664300669,-0.1781809415741224,9.970344270462956,-0.012760972813801914,-0.04231681484985518,0.01579643804550992
357.97,-0.05702445645426916,0.29355835421752713,9.777995684704724,0.006213291180936545,-0.032801114306462126,0.010226700218391028
357.98,-0.20873571805954222,-0.1860418180620326,9.546418700428854,0.022054900922557324,0.011595468931759815,0.006694771575334225
357.99,-0.3531013160101441,-0.2107696041988622,9.895583037457477,0.03465369763885296,-2.051790173228619e-05,-0.019068889772564757
358.0,-0.2433575063372959,0.09915685637365455,10.019339317305086,0.04920697060856829,-0.011050342983732067,0.011669350604357172
358.01,-0.02525480309230128,0.25441412100176164,9.527616761694045,-0.012957250708239079,-0.016167372635333674,-0.03811002078093547
358.02,0.05456826801524205,0.1765380148328711,10.045269304395669,-0.019732567110977102,-0.006320411482956473,-0.003235601906998241
358.03,0.018497143699328256,0.2303955841202554,9.694736755856269,0.03515696920658019,0.013895597852293537,0.012062920581845271
358.04,0.38068689610051415,-0.06754769332976292,9.836805988753458,-0.028431008087899456,0.04773501282395487,-0.010120053702463458
358.05,-0.18930521009560983,0.16327660443251868,9.417358284342273,-0.01108030537351501,-0.052909706095459835,-0.031459024749786506
358.06,0.20349932596768144,0.12355314522451401,9.496903083555328,-0.006251069089207724,0.005565478794938166,-0.03370483125687716
358.07,-0.11605548799309456,-0.21146718550964408,9.774205443911983,0.024910183306130203,-0.005716863606160982,-0.013774103984291523
358.08,0.36391053966619746,-0.04134535771309822,9.38347348202863,-0.03380560607776087,-0.019827719128174038,0.029854701415849835
358.09,0.037855125142176954,0.0237146801729482,9.691088575111843,-0.018859978804096223,0.030970372095414773,-0.003367549103770911
358.1,-0.1258724337727773,0.12660488912066842,9.568927356317884,-0.014879763130122802,-0.014085930280096614,-0.003927184890705458
358.11,0.1623087471466266,0.013063602845718026,9.857437228388221,-0.01084091259736781,0.0067689964670337105,-0.009036738248669653
358.12,0.24000615866719202,0.05510720403956075,9.38381364859484,-0.015074844355319793,0.022007424624349223,-0.004827696728972519
358.13,0.042989293955317906,0.46429109024763177,9.77313880963307,0.002496887445554713,0.018789533891029477,-0.050367374100875384
358.14,0.03174982430059342,-0.007046580443700012,9.584682822657374,0.014084983674272163,-0.018600436466663855,-0.01757172287805542
358.15,0.04656245640802427,0.2812504359075815,10.138998203483432,0.009846803624781504,0.000705977967043571,0.0073504590291812695
358.16,0.037067194608999834,-0.06587165858062524,9.886527570774772,0.005092860409408438,-0.01762679232678665,0.04757686343412359
358.17,-0.17803695776511394,0.05629651747615221,9.689809902150929,-0.023546005007500946,-0.010743952982255531,-0.007820516168292442
358.18,0.06891013147530763,0.010854665668786541,9.618006587337158,0.04003083609539104,0.023541841849399333,-0.004005493053356723
358.19,-0.057298213129098864,-0.006950485880256282,9.92501952676464,-0.0038341437289015267,-0.039106729150568044,0.02858756279382507
358.2,-0.20646740601499006,0.08335612833801345,9.8267090881986,-0.04592847414632427,-0.0070149601746380096,0.02922702246797657
358.21,0.1457452460428873,0.033510841854889596,9.45351289836002,-0.02836923929394309,0.02172838255308959,-0.011881186651663685
358.22,-0.10880435889495632,0.31248389267860227,9.518842229371971,0.005792057089151186,-0.005346899742751874,-0.0042976636571954215
358.23,-0.03780293481777182,-0.0031410868757816234,9.653489325114771,0.023310449642298975,0.008830682685731313,-0.007788956593892639
358.24,0.060685382025019975,-0.20771533314649285,9.978847675483271,0.04303966521010322,0.02392003362193187,-0.0038512667199520584
358.25,0.062120623669738244,-0.14143104385751273,9.765941303243892,-0.027137762342688446,0.025223440035756325,0.021712960914374253
358.26,-0.0002053049803260932,0.20758497183641658,9.767392132780296,-0.03374854001299762,0.017785676672127892,0.029900979115583436
358.27,0.07078673786256431,-0.04687776197995189,10.177174229972017,0.004167894104504231,-0.0111253529840193,0.0073466754465481175
358.28,-0.3425869654039862,0.07830272048692519,10.01640358628332,0.018947110453966534,0.005358623301591237,0.011795359369712701
358.29,-0.06084662700491411,-0.05497784773674036,9.889225999200004,0.016036780263856795,-0.002859841841076066,0.017599350472805968
358.3,0.024545853832540713,-0.23679052301908884,9.684980135393968,0.011056673578762348,0.002815915732198377,-0.011257731093044385
358.31,0.23089854258027714,0.26469676690353255,9.853547248671171,0.02349925902126707,-0.024711266878256297,-0.019722711914010493
358.32,-0.024180481719422848,-0.1805928560362195,10.113259828606788,0.018521207422383314,-0.01453456388069853,0.004502744149164177
358.33,0.1456555063105378,-0.010435117085821169,9.791074184766565,-0.02344070804685292,0.019925257344981927,-0.008759378236525547
358.34,-0.007955233700004114,0.17701632434498016,9.798137919532426,-0.004237971760048164,0.007442978011063502,0.03804041709668358
358.35,0.14950558292247196,0.3506494550027689,9.51972663368486,-0.0021045370205358296,0.007914045446791095,0.012498757702963511
358.36,0.1104411623019031,0.04209228978890719,9.698278748444846,-0.018663297308558716,0.025680792718630593,0.005572726145446756
358.37,-0.05125315470772079,0.1600199690219649,9.362694884283712,-0.04732004427734362,-0.01710914294675962,0.034948780994774095
358.38,-0.06092555371517603,0.20398306461221322,9.26441932457721,-0.0009347723765698881,0.01105609493576872,0.01262448586811731
358.39,-0.054729891491614696,0.35401383968701533,9.416179253455166,0.0042653375351655596,-0.030901137845683595,0.02943043501082098
358.4,-0.07786584335300197,-0.31518518205895346,9.627432653804577,-0.026218563140106333,-0.04601198745359963,-0.011971721611869369
358.41,0.07400377769661219,-0.03417113517096797,9.996589451001041,-0.008418759723559297,-0.0020832776937125047,-0.006552102606318774
358.42,-0.13655187891892906,0.21833571464367477,9.883423683271374,6.960603867987023e-05,0.036899028734276675,-0.005276027098127898
358.43,0.18227632599309948,-0.36408689064957195,9.592768432709445,-0.01567205537645589,-0.044524852613850946,0.004471245046889841
358.44,-0.058677370651522204,-0.06996168771700524,9.84778185022641,0.008555044033002274,0.000163628859848288,0.006783950474747467
358.45,-0.06193281280510632,0.10003179359603093,9.822863832225103,-0.031433051394260565,0.002679414261264324,-0.0032441025104064727
358.46,-0.26619765897525643,-0.47925600911067157,10.340047728401132,0.0019333832369285541,0.0022194649198006705,-0.01178739935764165
358.47,0.13542137546965066,0.11250214836830323,10.032566272922482,0.03235606861961645,0.004806214276912216,-0.024479358073773137
358.48,0.08439234851368725,0.15649311490526305,9.90619642646535,-0.027732942384153768,-0.02716027310601719,0.017626775127874812
358.49,-0.06326485991799513,-0.016532911364005077,9.723320580477589,-0.005561142490168398,0.004525268969848121,0.017383742351221698
358.5,0.2499903670427784,-0.1550728976284804,9.545015168649492,0.01132074105761568,-0.030760947297691577,0.020458245815911234
358.51,0.0445487697345572,0.19608889889054715,9.786745786894517,-0.026539557413278594,-0.028489700231976372,0.028967146527950398
358.52,-0.1432622259729053,0.03318044386993913,9.694800262594828,-0.02620227209061623,0.029099715430394947,-0.023712793393317
358.53,0.12401225590631208,0.2324487836647891,10.211859235290648,0.0034372715182897405,-0.014698953416981608,0.020752067373104838
358.54,-0.03868923563148748,0.030364714645936566,10.289531152856352,0.006496464875633501,0.01832573371672418,0.011917054673065017
358.55,0.19643442406830255,-0.274267441062688,9.979147720559572,-0.017890509081507584,-0.03549048886829769,0.002913586240738118
358.56,-0.09844430998475581,0.1920224523807461,9.56822075141395,0.03519329185605612,0.02312848746132167,-0.0011252626662376641
358.57,0.14233304248449896,0.17441455724885443,10.236998557661396,0.008712909011724253,-0.006626491541765135,0.0021329125315019512
358.58,0.014003728373330257,0.14384015237614456,9.73629058697623,-0.0007468771213790645,0.018874645080829613,-0.0011859698042852003
358.59,-0.1037487317673636,-0.3309358232875155,9.974431026167629,-0.03304298751035776,-0.008205072659714789,0.01295097073269991
358.6,-0.001146671439023687,0.5856887963028916,9.801083202096478,-0.0037127254900551528,0.0187732624048764,0.024100039964336264
358.61,-0.07593386919123987,-0.03812688838648427,9.615456786710812,0.026167708483131904,0.009853623223587281,-0.011193887615561149
358.62,-0.09009115661547873,0.24238981557615885,9.438695341246163,-0.0074931148122384765,-0.019074371538175712,-0.013972252777822066
358.63,-0.022639036690056267,-0.08693529561000433,9.586184979194119,-0.028919823240794434,0.016855124407741725,-0.028858018132061635
358.64,0.013452505662007046,0.05547879581278077,9.323091118594968,0.016330511448301156,0.03853598188996388,-0.016142169455889508
358.65,0.1897030577042148,-0.03596174618867991,9.475549098623867,0.027108572257962697,-0.01110308198528425,0.011519058508336105
358.66,-0.13988661081513448,-0.044431908852253794,9.306261059117732,-0.023739240019087934,0.009897957064817373,-0.0025625145814717194
358.67,-0.060718553741786745,-0.005200287639009907,9.34443078674642,0.019340740094824074,-0.009331570257693655,0.01275796678560344
358.68,0.12889550811399222,-0.10627262122946575,9.874167657894384,-0.0027411285187740656,0.03369213533252151,-0.023703609350348157
358.69,0.06785508717936388,0.0033225117502062576,9.697364449813614,-0.005410713424333604,0.0375404629607444,-0.03988646257590036
358.7,0.07349680699909719,-0.17982338515255147,9.624692487188767,-0.03485428730473565,-0.015353598288060023,0.010281321435440532
358.71,-0.17432315933312306,-0.1483157490330524,9.784603617076996,-0.021294990102767943,-0.03257781138105433,-0.04148409523593579
358.72,0.3138005097322445,-0.01860020569246119,10.283761849098036,-0.0014462583828984518,-0.02542804474280453,-0.008539185826851944
358.73,0.28930099286043237,-0.24097356093029995,9.658141027851364,0.030000890138772964,0.0013981822039640104,-0.00362518125321889
358.74,-0.25330770586665463,-0.03190457874841348,9.680406215119136,-0.010950625776042855,-0.03553813587167103,-0.052983606851486745
358.75,-0.04618973451804388,0.2587474056401652,9.854822554671038,0.011023506972662191,0.021810768966375637,0.014147460703706911
358.76,0.15596772072082993,-0.20446589155139264,9.778768319559735,0.012639452326904738,0.04859563678651098,-0.002012579454291886
358.77,-0.7265973848089874,-0.30201587722414336,9.820953919937239,0.0031135419868009422,-0.027232310588801687,-0.028236139890139796
358.78,0.3829148173581866,0.019582347886800078,9.651057908770424,-0.004152684178074456,-0.016235357050659087,-0.004053210667213811
358.79,-0.019630550495183856,-0.13211741341719516,9.997861906156322,-0.010912212170535602,0.009503144073935868,0.02911590448244854
358.8,0.2489256363752051,0.03772714115983549,10.044102660226706,0.012214112542350553,-0.005603029882546096,0.0029093468633568566
358.81,0.15386950077700015,-0.3063288628603206,10.15921556491596,0.007522087978221682,0.006152091589902381,0.0002636176770262317
358.82,-0.04242852728022951,0.0953350038296324,9.854694993919148,0.02356008105157772,0.02468392957787047,0.013716735795854827
358.83,0.22694251930766315,0.30169915651055484,9.700816085609492,0.004524632450230638,0.00657900859390625,0.0056765120491626565
358.84,-0.11351072929407877,-0.2604964969558016,10.043476259838716,-0.006123229157691412,-0.022493475069612093,-0.018977079525887657
358.85,-0.09738884380321387,-0.19845253011826025,9.619630607344876,0.02168219007394303,-0.00048739700557247747,-0.0027799804397905807
358.86,0.1444184051427,-0.014456545282057703,9.684463186340711,-0.0034573023808442288,0.05440702675226303,0.02108016507494606
358.87,0.2921060791664297,0.013616518256377948,10.068697719274736,0.007709863446747773,0.008913607541429171,-0.01506435337676312
358.88,-0.14374403932860208,0.09777544135848222,9.451881670632302,0.022347108468100577,0.023084439992524113,0.008212326121542721
358.89,0.1826764372590967,0.19853434658852012,9.315830834238351,-0.0020492017018837265,-0.003291288311470183,-0.003507573189926283
358.9,-0.11120211534405097,0.013862960365261419,9.674172161898595,-0.005085616575688146,0.03664530537937618,0.013689840675777078
358.91,-0.06187340935502248,0.08361794686768045,9.502687963483938,0.030777326800164328,0.01079800440983003,0.012500910168727496
358.92,0.17300458911478678,-0.021318567423226308,9.63264049357283,-0.019665147575764715,-0.00938408529665938,-0.02646889438569929
358.93,0.1674810764258226,-0.05930618244770825,9.843731922505969,-0.008741047808449118,0.00685141700773407,0.004824493096560803
358.94,0.04944571297119677,-0.37002839942962806,9.658159127020795,-0.010309957607976355,-0.019286340824950565,0.034436193530288796
358.95,0.0882473742150421,-0.24180656959971056,9.759609252380704,-0.0044907722879840425,-0.03329296292983323,-0.017711138167398322
358.96,0.15023794411265787,-0.1915592440621003,9.610873912749621,0.02534231092389576,-0.012392724994151942,-0.02625743231538012
358.97,-0.256703096357516,-0.21040585725036942,9.927070166199028,-0.014738501286144587,0.007712152939501625,-0.00443452934189013
358.98,0.28309806209048427,-0.21933695596545472,9.633214477713762,0.02277373113259325,-0.04520434076715669,0.018795727164637108
358.99,-0.3301334799593584,0.3234406695462447,9.542083780924784,0.005042553156112595,-5.581655798467628e-05,0.04445707776617558
359.0,-0.08183775769259075,0.23722596019179923,9.72614165974667,-0.056793086972551504,0.021024831527631176,-0.008553203294773104
359.01,-0.09488025224068139,-0.02892700090200589,10.153825331038005,-0.00039424374168713593,-0.002259415333989475,-0.00401461661285021
359.02,0.09184893416906985,0.13031504085535536,9.930955355673136,0.008063381633388426,-0.03596972139771764,-0.0378801302341555
359.03,-0.2635243910024892,-0.12312199310530793,10.054300175932545,0.025501112001846658,-0.0025992915906271567,-0.0035224350832157025
359.04,0.1643938123616894,0.31475220418640637,9.921494878260843,-0.023616657805764704,-0.02549034509565902,0.014407052886803386
359.05,-0.3518452192057761,0.050465511150822644,9.936135133217526,-0.00309839790926822,-0.04539181069336757,-0.025311397843551416
359.06,-0.1275988369734971,0.22140133824756728,9.729642771009386,-0.017915010783062322,-0.01634222226402752,-0.0012200239459819503
359.07,0.11045575464887811,-0.06585789214201945,9.71773810617678,0.02107238575513328,0.005146906978851492,0.007231880208925806
359.08,0.06505616096605278,0.09953281846447784,9.339661989746773,0.0019532130186872424,-0.012090370129526386,0.0074136373447881215
359.09,0.32397115109652974,0.20328289742979122,9.836616788533577,-0.004268329662774967,-0.00717446006199111,-0.015938753507419783
359.1,-0.10922327811390613,0.1697785850161985,9.777026595955126,-0.008800890023129304,-0.004328127339255014,0.009101444773020387
359.11,0.25723875873558033,0.0074251312472358045,9.84213162478196,0.027870193393258007,0.006950074406289307,0.007028154020324115
359.12,-0.13171128483301606,0.06110439561137624,9.792085569149979,0.03793950294056675,-0.00156871420537191,0.005437907277648388
359.13,-0.018911668602074848,0.2764507436260401,9.99736502913178,0.0021706422532570156,-0.01760933689619599,0.022814097024328586
359.14,0.08976832102429445,0.08193863433105152,9.589992777048684,0.004691950433775807,-0.00435989597631124,-0.03274691246248011
359.15,-0.055824111254503886,0.026422844294513192,9.74496267288352,0.03691093539364684,0.011295115014137175,0.019118667593151343
359.16,-0.37637884579787706,-0.21885913942700047,9.804567899308019,-0.0021279127241907968,-0.003872620693561674,-0.0014809471031508904
359.17,-0.1817685158189127,0.02307065379391805,9.921225685402439,0.006974370327541629,0.004139292306593376,-0.01565627919402281
359.18,-0.033692331685733275,0.07807401920463325,9.488188459002318,0.018795021387836914,-0.027253604551977017,0.021077496170838306
359.19,0.20920811766031397,0.19738062482327598,9.82986751830665,0.027580642788998497,0.0014641007179481008,-0.02715592563450201
359.2,-0.38609541464225566,-0.03832318854948784,9.939019032709876,-0.01785792350862455,-0.03942968616381796,-0.009799435757729963
359.21,0.1618691912297876,-0.128057287248159,9.33194780264205,0.007771459476234172,-0.007492785418150789,0.01241388997776616
359.22,0.02281942094855721,-0.3162501378133832,9.847360670841699,0.031099299351272446,-0.00263533539200849,0.011929408563521668
359.23,-0.27496205923787537,-0.2702461141828677,9.83384719609821,0.00945130954272652,0.011328394327038863,-0.03220823776315147
359.24,0.07400278953469118,-0.12912798637748146,9.957716660668188,0.022114402594660718,-0.018264859540092812,0.013081305614759883
359.25,-0.2224505051225337,-0.037912290810158476,9.72641231801036,-0.001087142405217268,-0.01601742290976795,-0.009396852591157663
359.26,0.12481137197337712,0.06381440027203669,9.988484513885203,0.025891889241734946,-0.009396282647788919,-0.013215156052291432
359.27,0.29154926258905906,0.15197817142945938,10.02126682622558,0.00019618333850275943,0.019936388403478538,0.050574558806217564
359.28,-0.25698604045714435,0.023503673132468487,9.830197819684905,-0.03761934576467488,0.023006715678411997,0.05480340635427944
359.29,-0.09425850015644342,-0.10606081788442574,9.434189456000585,0.03415670278412431,-0.001124670073657148,0.004604387309502928
359.3,-0.2772593377753607,0.058675875550225014,9.638759394729469,-0.03348481767340708,-0.0123086364501624,0.026494341141942834
359.31,-0.022181454472803886,-0.27474453026687307,9.810079323494309,-0.022324478904876436,0.029083915667470213,-0.016452945614941514
359.32,-0.09826478635247612,-0.23041340175993402,9.841388199468273,-0.030264135092725363,0.016918162983667526,0.010409195277895873
359.33,0.12687061137604863,0.14120321927453003,10.075442542735773,0.03430922650934557,-0.009502137076595134,0.03682219093235023
359.34,-0.01706565953288031,0.11399875869571284,10.048032518262108,-0.05666815673193751,0.015406532460441645,0.014070959705791036
359.35,-0.06484560530713218,0.1729773127827277,9.894262635415593,-0.010062245855401938,0.03339092437524595,-0.02338187571091553
359.36,-0.1273875290345925,0.18841334833701356,9.898398737404772,0.0011317659913265513,0.005591346123839957,0.006712778946294362
359.37,0.034461573311003385,-0.2820694035556457,9.641065853787806,-0.028436417227129217,-0.00689994035831209,-0.0006817874495325487
359.38,-0.1873687681191141,-0.2053518752407916,9.736627602941642,0.009799743157923483,0.018824884683727106,-0.04567958897816612
359.39,-0.5487747388143638,-0.07970587556146456,9.810520570452221,-0.014380984210332664,-0.02553412536647421,-0.02583743975566691
359.4,-0.020930290833748085,-0.0010227907231691788,10.001754254776625,0.0023670971671938728,0.030867944183216287,-0.016219178260423704
359.41,0.046362634682189686,-0.12950265329256438,9.531125157161068,0.0035997617157125118,0.022198957553885783,0.009283624331252344
359.42,0.24177372136660719,-0.27509940914768577,9.69942351629344,0.007347963788910458,0.011596204050157658,0.021914047617278602
359.43,-0.07043919947244728,-0.13053415282488692,9.875022989297728,-0.007773393191527018,0.013532069740899063,0.04415274291555048
359.44,-0.30013860472064247,-0.07599753020736481,10.336478264987578,0.012237361734172128,-0.031112283021184208,-0.01248564714556673
359.45,-0.29293107345319885,-0.33390740465412755,10.023835988858783,-0.037535046153194446,0.015600151791320727,0.008151523253076368
359.46,0.12616874258729238,0.1616048966625117,9.954872085313882,-0.004598844158507094,0.0010870115597461085,-0.006969184730784212
359.47,-0.07855532642690427,0.15649242033938476,10.07599779508479,-0.005399005431863279,-0.005814142538363738,0.017834673069434197
359.48,-0.15176024372117064,-0.04570367341698578,9.594197507315108,0.002571041324974129,0.005458019616937715,0.018846093233302105
359.49,-0.04844178226161177,0.135458093019026,9.647424114894347,0.005867646401935947,0.021947141607015587,0.018619150536360225
359.5,-0.25051367333237984,0.2796010177340451,9.84052366966793,-0.01311160815283542,-0.01876575196974208,-0.03170639896113928
359.51,-0.2778754871483882,-0.0350104511785173,9.665807337951323,-0.0026415449081148164,-0.00873053563597653,-0.005633656688808973
359.52,0.13703395987375022,-0.07563195612514317,9.686852142964204,-0.021543356947175824,-0.003699329376547614,0.006229079402626609
359.53,-0.13150650664350605,0.011814179048009103,9.79516714040421,0.017073893304301025,-0.012617026861444754,-0.005858108726488628
359.54,0.18609058019340333,0.013357583365262524,9.707890686943522,0.02191978513252579,0.0018491182202767724,0.004137340962110702
359.55,-0.05899067366874679,0.11317914391667089,9.652740492330327,0.011538951810757992,0.0015645536928390585,-0.03399850851682254
359.56,-0.06072129298144551,0.6138425479535344,9.944881555508617,-0.008141766298396119,0.0027545474795645135,-0.013244939229288743
359.57,-0.004438371398933159,0.1148739762527882,9.35114106094035,0.020819744768764605,-0.026555645512240232,-0.027608380917423715
359.58,-0.15657623910316812,0.03598291704424092,9.8011211369535,0.0034600876607027704,0.014984723955001554,-0.0072988938445257565
359.59,0.27942080758825394,-0.4422252420162709,9.43154025975036,0.0037431633261137934,0.03116875015045822,-0.008379720911686464
359.6,-0.14445625562277536,0.3042898781880192,9.388761716738708,-0.011522555403411931,-0.009086768434346644,-0.009678339886655549
359.61,0.05494666940531616,-0.05454208977744969,9.751055836476349,-0.04993780099272153,-0.02179908560802261,0.0018663710110888413
359.62,0.0698585295266238,0.06204885632868325,9.507578738361893,0.005217935593889692,0.012797828244370892,0.01865135044823093
359.63,0.31145990124531625,-0.0956869762316924,10.037549019721768,-0.024988211773636634,-0.001090196748578142,0.03131366132257428
359.64,0.23012929655727832,0.06154739640551637,9.684642588065152,0.01849963785261809,-0.0024996157625765724,0.01114611555870238
359.65,0.1649758001210238,-0.01589733864014855,10.126450266024374,0.0377237239511603,0.04900025354854291,0.0255648470269686
359.66,-0.00697840340285036,-0.07807414066700938,10.389765240232675,-0.01531941645447435,0.00574847178444114,-0.0028571734417183778
359.67,0.2977098600593967,0.14749202419224447,9.914837338325668,0.005547211206322475,-0.002821360664240629,0.014399307542875947
359.68,-0.3133875659753823,-0.0676979116083181,10.018603639150934,-0.0004157492147344721,-0.029313390026516346,-0.003552343151489346
359.69,0.1915434899663378,-0.23093850948253924,9.82032560054638,0.013753597294869151,-0.006942890639046427,0.014802210963909745
359.7,0.31453540625843474,0.017974874276149657,9.991156284280795,0.009030951454286626,-0.027634522705536162,-0.004693055657926091
359.71,-0.22637605802501684,0.0942164165113036,9.78354612326854,-0.004831769873936984,-0.02624210197407935,-0.013081348540676418
359.72,-0.2480589436745837,-0.09349720928850833,9.957192879423225,-0.025181862068532474,-0.014210211410489476,0.01557167616176383
359.73,0.12143516928135316,0.02441629849530565,10.084236059685272,0.000814921159751923,-0.019452481997165292,0.006158618985904357
359.74,-0.04578265901146239,-0.2812798257412849,9.713971321581266,-0.008872697749952332,-0.0070623180468624355,-0.011600873693940406
359.75,-0.20688836818150427,-0.06626816016017853,9.938618741250494,-0.013584390825274874,-0.03553502181701894,0.020748744462468174
359.76,-0.002149219354483167,-0.1603606463252584,10.080763259609133,-0.007105092754575351,0.010727984712846044,-0.0018138427304676703
359.77,0.04561974200904917,-0.12541579551822,9.256267321032583,0.009472558416845866,-0.019164782912086016,-0.015895306928396746
359.78,-0.07206740567208805,-0.24522841655539795,9.57216536913588,-0.014338936202913034,0.011815354413401926,-0.004852841352521778
359.79,0.13611703920298926,-0.08084736155118889,9.473132796426295,0.026776820234745664,-0.020594699632909545,-0.031225179635856654
359.8,0.16399904416450845,0.17914617800804106,9.724427358189576,0.01599806944557891,0.001024421401919302,-0.03231147268694009
359.81,-0.38845171542519524,-0.011193161324919971,9.320227483013232,-0.02186452129400556,-0.008122112115785798,0.011154593772751516
359.82,-0.08293379727741676,0.44792218727704447,9.496837739763006,-0.04296599746221274,-0.011587482630555626,-0.015859982145410643
359.83,0.09623156052104771,-0.2349354289867776,9.939458722875393,0.008309441991418627,-0.02266661270886325,0.016160223392830946
359.84,0.2802440245640228,-0.023917408717527008,10.029079408550858,-0.010589184435926742,0.00658265511347259,0.00774344339034302
359.85,0.027164400165115198,0.07773391727418243,9.821162777498165,-0.0006247605534524335,0.02399529606033423,0.0018505627418719146
359.86,0.24089581560076267,0.2060424986841249,9.918172614773486,-0.00017150557859883545,0.021511649760609923,0.012899322611291713
359.87,0.1859070993577598,0.21260145664695554,9.955763270238348,-0.01117459106864645,-0.046453294017414104,-0.023736872743267832
359.88,-0.06482122435851499,-0.26382152809992043,10.071397253161955,-0.033692548316579356,0.009803018607682854,-0.018188108267873083
359.89,-0.10422627285978815,0.3095514468053578,9.93468751699068,-0.030561354846619086,0.004547866783210854,0.0075444263977836575
359.9,-0.10699901547440897,0.10493977724461151,10.057890618178158,0.0007348361314978384,0.01748247194123894,0.04402033726668167
359.91,-0.1448902411758289,-0.042452449138794916,9.939204958876184,0.015618807676078246,0.04009074231829847,0.0373203532247586
359.92,-0.09423333845463101,0.009627478260746614,9.930239822557091,-0.033549236265511324,0.018934493336802236,4.440504707861872e-05
359.93,0.22505735877331323,-0.03490796979702689,9.884319256489647,0.00414056882371336,0.01448552609645329,-0.02109748181820286
359.94,0.26306775536118365,0.3222140192006691,9.70819295422101,-0.011424398326000318,-0.008024198219891898,0.027565524543496304
359.95,-0.024859179422641004,-0.2471573815910712,9.928204821181376,0.00980659161400385,0.003000023347380063,0.004437249996075622
359.96,-0.00035958987343372097,0.16728656832315003,9.891124170888308,0.018800497750576704,-0.016699190452972308,0.002524433830744184
359.97,-0.44860993657164544,0.3247460495778979,9.620505237246542,-0.0035038888383667165,-0.040368650902265914,-0.007166824247351576
359.98,-0.061012351952939886,0.03508393520312628,9.705624771823818,-0.02567220656197215,-0.025124133451755598,0.013944055866903093
359.99,0.059720110287982076,0.07142607813798656,9.849703198674066,-0.016135773776181198,-0.010584117967400308,-0.010218082920410558
360.0,0.18921235524722826,0.011894140023589362,9.770063008015631,-0.0006230546999399255,-0.025348509033722752,0.030434063312053637
360.01,0.029772488697858132,-0.1828879905204906,9.937300510991168,-0.013186581253282037,-0.038552568787103905,0.02664857447836619
360.02,0.23406041952980688,-0.02808551996836759,9.801233067594344,0.020332910451492204,0.012791490707624158,-0.01506220503203445
360.03,0.07188556166813909,0.022301670002338975,9.707374031449964,0.015920427576543116,0.021265641992873285,0.026644090129771758
360.04,-0.056343434907559546,-0.1514089723811466,10.168598342952496,0.03405111017574954,-0.017084556249101573,-0.02492117492459906
360.05,-0.2825480335378175,-0.0916340044420914,10.073869275034907,0.027220977552370858,-0.01412991272716292,-0.017456024181377518
360.06,-0.22216632810413325,0.14159946864708453,9.799994912741388,-0.024584204858896678,-0.019415510802915446,0.012470209383750729
360.07,0.031390799288513856,0.11639071962504492,9.803359575239474,0.02494494429405976,0.0005131510522897622,-0.001717078055984165
360.08,-0.16938339718317422,-0.04922475323806509,9.713530885411398,0.0019526802837417432,-0.00538683985553699,-0.011563117972209987
360.09,0.037131550307874364,-0.02889995144817735,9.698055193762569,0.011959811480550663,-0.009457024867980005,0.010652039659102493
360.1,-0.07398346347606027,-0.1925902610173083,9.424843123885603,-0.040645046437888285,-0.003461467540512108,0.006677840786306096
360.11,0.0286450213321367,0.1510862829202939,9.58367100151395,-0.03369924430388101,-0.006718868363225798,-0.012945688092005322
360.12,-0.16082394214112794,0.15282873743798686,9.621068774738738,-0.009412368897210312,0.004115383218335163,-0.020715326076304327
360.13,-0.24454136186797415,0.1323403393800879,9.454559795902126,0.005783905607056093,-0.0020408716459349567,-0.003005541561001728
360.14,-0.08696053261230095,0.2584529324319566,10.1686586604649,0.00404030295830951,-0.032345886896521486,0.01973228750618636
360.15,-0.07038514394067952,0.0369954931250345,10.035881976124918,0.018301585606627136,-0.006685537378807201,0.0036410176163857687
360.16,0.20080463240195456,0.3900764359852918,9.997951408287548,-0.027165107626771226,-0.02121076622890503,-0.018003517936036637
360.17,0.06444188537845225,-0.469498094897942,9.809653780682359,-0.009606225097364541,0.007009471610445886,-0.011587552644144267
360.18,0.06663372849117527,-0.12589650111402492,10.093286770041685,0.0029707019258094535,0.0003014699174564227,-0.01125506444790458
360.19,0.052548699820171456,-0.10708720149200199,9.934843806464086,0.016227232798593064,0.023705100472121373,-0.006822087799887705
360.2,-0.2841447169865529,0.18187051912877755,9.758581930243917,0.019999205483688703,0.009759756891035224,-0.02416582332804718
360.21,-0.22437150117605711,-0.08904497478386293,9.983084635148659,-0.01686629141868056,0.01593480100436969,-0.026991559065284488
360.22,0.17703392465047793,0.1456453019421043,10.365130058406066,-0.0383982266134422,-0.006814346720795813,0.0233343295606528
360.23,0.15442919854405732,-0.1741645478451814,10.192745383085613,0.002654823740232879,-0.000848846893469466,0.01452704561488013
360.24,-0.10701463707124831,0.11285779545141639,9.975588584027047,0.0017524643711210985,0.031496845117911496,-0.05642761012618993
360.25,0.2529648168445882,-0.2504504608462701,9.991683206629071,0.008853122518137907,0.013960903975089261,-0.023827025282750512
360.26,0.3293684306280622,0.0969816879403551,9.702743150098046,0.020828953489821878,-0.02027731525047779,0.041096333564451575
360.27,-0.08267949264352116,0.22673059250329858,9.46591972062331,-0.01264379863992604,0.015815523064159766,0.006523439759184011
360.28,-0.2782850846188802,0.07168779845111002,9.650669829722226,0.011692470254720566,0.0005780701877387637,-0.002089017629139782
360.29,-0.12448523447244549,-0.25916681319270685,9.818905625099847,0.0020109854956654417,0.005050177623089617,-0.001918727966637572
360.3,-0.12359303893785617,-0.13848567325378597,9.616277529605147,0.012959768867751974,0.023127627804958285,-0.022991292199596836
360.31,0.073321518451851,-0.07261849927766954,9.550932264306983,-0.009150517161331176,-0.008363385488097095,0.011981876419519092
360.32,0.00817098830350259,-0.06889892211002174,9.818720820068062,0.033467031435966084,0.025553559988486737,-0.011479880723812971
360.33,0.001059053869379114,0.178660004737265,9.635865604949979,-0.009616737292797922,0.0210042234828942,-0.003222084024019056
360.34,-0.08263227804746397,0.02750665533578081,9.881792689861998,0.0026435810364162007,-0.025515112875027248,0.023120896753464324
360.35,-0.22989114795609128,0.10601366390961987,9.594589139472653,-0.03326635750788334,-0.00512910716865184,0.021335275586099423
360.36,-0.11316333328028964,-0.004829215920455631,9.890296134154847,-0.037329454615160615,-0.006828872269041671,0.020247769447694193
360.37,-0.3971125657068827,0.37797896763686706,9.905181806742295,-0.022417711157503625,0.02795456885022385,-0.0008945712473518777
360.38,0.2604133435624717,-0.16929715803520323,9.651807426989677,0.0010629565676434274,-0.018565441007169014,-0.03235608543875705
360.39,0.13470012590189537,0.1623012145149501,9.67019732152387,5.445636266031265e-05,-0.04300485605921404,-0.0030417269232783377
360.4,0.13361086082651216,-0.032416266861000534,9.863680860903203,0.010084401682069716,-0.007212767400406469,0.012944053046857812
360.41,0.08649432098924698,-0.12862816253842835,10.31559949180793,0.014391701784596589,-0.010598235478607896,0.012012275905665106
360.42,0.23014633851605798,0.25943922983930096,9.815613058753284,-0.008105897165898114,-0.020062284642580506,0.006046466054302005
360.43,-0.22972503852881404,0.046775778998212274,9.982277058521445,-0.022419214843158047,-0.019084594060181446,0.012400835626805037
360.44,0.0995711305920184,0.03985718069023857,9.755681185627873,-0.009953352862785812,-0.026004649261137394,-0.0049814094684024965
360.45,-0.010598618962344746,0.078652800457953,9.80087387311426,0.0030297909805670144,0.022412749949406598,-0.006174325096217567
360.46,-0.35855950891074007,0.0049779892776215095,9.658211642882124,-0.03795261869337145,0.005888551504190331,0.011692662917076142
360.47,0.30659719280397857,-0.013107190215930034,9.910344341902775,0.007821133414318069,0.016885845893164525,-0.011068934721151042
360.48,-0.09078158133590382,0.216044313272455,9.462882511262992,-0.0017224191945555524,-0.008349880561931502,-0.0029142120481434725
360.49,0.04957667355655085,-0.026235641753081938,9.996202155367877,-0.00041193221894847415,-0.027674940820723245,0.010953175826967077
360.5,0.0192712832924104,0.08230022572793941,9.648467060809768,0.014829529171057112,0.02192433680572985,0.022332750682435672
360.51,0.2322136985010359,-0.1339310238918114,9.80946275293721,0.030935369214348227,0.0032099959393194545,0.005518986928579049
360.52,-0.1348717553014353,0.20447625847184414,9.77460439491302,-0.005964944466589335,0.010527098268986866,-0.028078286944672733
360.53,0.20891708771131698,0.11746472865186376,10.18656333141366,-0.05131285690190497,0.004918704363798024,-0.00015405562216022414
360.54,-0.12113402604065751,0.08546589056419811,10.116667101663484,-0.01501101302951395,0.021845805098686395,0.04359841321590288
360.55,-0.1253515594767788,-0.2285797451204073,9.883468910975935,0.00031457313587262485,0.011619023952412119,0.04229174079975469
360.56,0.19775413951479912,0.10544751535237613,9.869213122655907,-0.011763541241496396,-0.004492528202612968,-0.027450355440600736
360.57,-0.37731216214623003,-0.22771176307052435,10.026662703630626,0.01468028328019839,-0.021567569739919256,-0.02110104518576724
360.58,0.05697483723492376,-0.16014438287033528,9.615266198151991,0.016918934121533193,-0.02280069290151787,-0.011710581552973985
360.59,-0.11945625150463388,-0.3402774492660004,9.85063374863239,-0.006298827270516157,0.0016495287676444855,-0.011463239856052106
360.6,0.22107309123345437,0.17355305144473274,9.561029485033757,-0.05601515744627824,0.010289688703598612,-0.01562530780190379
360.61,-0.3905217451213754,-0.044522201441058694,9.644974136021137,0.029858241997832043,-0.025195365736161976,-0.007622878146112331
360.62,-0.20596037164675307,0.010056288258617643,9.917201893302423,-0.022823287507988513,-0.018835657628578327,0.007437417768056725
360.63,-0.06865355463745272,-0.11293397384039629,9.75580021619965,0.014843522040793774,0.02190323684292427,-0.017741420488252627
360.64,0.1626638756317474,-0.16790720328085895,9.784455772742291,0.01870387635635065,-0.022280867138040845,-0.007279887590451018
360.65,0.03549778117003013,-0.03974946213528986,10.004148253537084,4.727340374347547e-05,-0.02146017576740642,0.019487133023159714
360.66,-0.07829826372755067,0.004199707867573429,9.62274847367002,-0.054391138351065314,-0.025211254516160006,0.016728735158936088
360.67,0.1305303751749677,0.0027362350085392098,9.853954484504643,0.009650095883448197,-0.013680607465977056,-0.02582260004896705
360.68,0.34065330112276143,0.09164597050507019,10.262076471190138,0.0029270318984955064,-0.026772677304075933,0.005667880931232826
360.69,-0.022385078381742772,0.09131511615341278,9.899286201913291,0.0168884632712385,-0.02383845995793149,-0.011395623799486668
360.7,0.126185770553519,-0.21618766654255336,9.763374611793253,-0.02379054728642977,-0.0020687156381358324,-0.016576089831945626
360.71,0.18172419624505762,0.07556917281286839,9.72644207696906,0.002522492569565237,-0.003784016659520988,0.002643304242372333
360.72,-0.1868801226480158,-0.1306717751828965,9.702288676626978,0.058076652955597115,-0.016118403645318993,-0.019776865743754122
360.73,0.2245247357018217,-0.22922333449653384,9.622310285247774,-0.006119106743393892,-0.0143000828165704,0.01771904974867632
360.74,0.1440344921071217,-0.08828246110272148,9.629234405735899,0.040971972652446516,0.0036793428033463117,0.00425065131252394
360.75,-0.0841453304635955,-0.19052227740316283,9.807531523611782,0.011113969832591218,0.00658748629646134,0.0024718123977341077
360.76,-0.18184658930364517,0.2070718399010524,9.729364053474052,-0.02267405095641819,0.024484850704471758,0.009842210329914293
360.77,-0.07461737318825634,0.1325114276814017,9.681926558941313,0.02949680746835274,-0.00321269083912085,-0.001681027226026752
360.78,-0.06936195058925997,-0.2827148373297291,9.75979818567312,0.034276269875637116,-0.0031523422262658115,0.03500425871660911
360.79,0.386128158502752,-0.28328883136579125,9.556964917460544,-0.005152044343031823,-0.001015917141639489,-0.02168977819216062
360.8,0.3324433543363786,0.0702108993596283,9.875144233386914,-0.022651642892107027,0.014046925945436812,-0.022879912820673504
360.81,0.13700518397540637,-0.35367276103455475,9.909588058547225,-0.0015447102864412827,0.010695132676073665,-0.008949538462760821
360.82,0.05550743928277141,0.27871791849312694,9.955483988139024,-0.02735669667262743,0.010713480080980381,0.022397409633666824
360.83,0.41479755374205934,0.04573963323001392,9.810071728768486,0.004488999641095964,-0.03255757023690513,0.01870180069472535
360.84,0.15721519187696414,-0.2013728808572846,10.168392650225016,-0.014902320208459824,-0.0017435971527718795,-0.010058575766157958
360.85,0.08128110253333809,0.06522527606447082,9.998566445741691,0.012872498352188287,0.003553043434214834,0.023614983692215347
360.86,-0.235016485664366,-0.1608741777122916,9.969712208560786,-0.019077882010207464,-0.01736974220621046,-0.008362324124915358
360.87,0.11886703446540721,0.42693119202513563,9.83972084831894,0.003813284301220466,0.016537857168584916,-0.008109126164446876
360.88,0.0001100617155745873,-0.09989911882760506,10.049572576070283,0.020454633231662262,0.019267343648449887,0.008713422406590027
360.89,-0.22073934356664887,-0.029370143020019324,9.803340523577827,-0.0041705885432378595,-0.014722724257652628,-0.01053658556642584
360.9,-0.1261850855899834,0.11330639766073144,9.716239431935048,-0.009856930915302145,0.033723286021906475,0.006889270590544612
360.91,-0.0209199803815872,0.10118332741823745,9.962293463825452,-0.011548373519181988,-0.00014082202997737649,-0.01253935147469876
360.92,0.010026760073135365,0.008782632212347388,9.886912643939064,-0.026478102995522935,-0.010925593977490029,0.006568322906382965
360.93,0.2513722546718395,0.12327916594078586,9.851820055198283,0.022801411739731887,0.031925514665978386,0.006346420030468075
360.94,-0.19919178863824658,-0.31120893454209314,9.856287621077845,-3.591935460095731e-05,0.008849910605882435,0.030388775877754893
360.95,-0.16435422323326732,-0.034573666577076494,9.549683398222147,-0.005922803690018883,0.026632777016758057,-0.019370656513687603
360.96,0.20573320171895187,-0.24559315537720872,9.874485933900916,-0.007653309391039634,-0.0645046196091342,-0.0304064648814335
360.97,0.051962056012932516,-0.10652161805005278,9.475201897949926,0.01735615541900714,-0.007777131635181038,-0.021889853574577102
360.98,0.07152091520091787,0.11075511539787379,9.801655425815095,-0.02619409540817915,0.020895722749908977,0.006126267157363835
360.99,-0.1808090733943024,-0.14504890702086926,9.586816786228372,-0.005203558475728999,0.01721705404457862,-0.03142743711206643
361.0,-0.04557247524529696,0.01207718669468361,9.467234596513553,-0.0030318609311383786,0.0012277791913060448,0.009046438727250935
361.01,-0.08504373545294217,-0.07701129745262447,9.653524766761954,0.008411894130820068,0.0026683360497826557,-0.006753292719451953
361.02,-0.20284273855298784,-0.08490200611070829,9.811698755870143,-0.009548113994648017,-0.02194834411460804,-0.007007521599956707
361.03,0.1366675498420759,-0.23815177951595842,9.59598309649853,0.007070370261961269,-0.0286210208348644,0.0015985370790339822
361.04,0.2008738216713795,-0.5233715208054122,9.85930330982522,-0.009758948683547444,-0.04389208305192322,-0.03255782982306272
361.05,-0.003774281221713523,-0.01780249409629708,10.271274739189355,0.021600265878893476,0.0098032016627786,-0.0007245103159721299
361.06,0.019481033533877017,0.11252838599597328,9.993057341299968,0.024421101603442047,0.0017163355038267995,0.007788050485682469
361.07,0.2570541931994673,-0.2332154896667803,10.106493597386192,-0.004979082314189619,0.016470412359553026,-0.035740827983242886
361.08,-0.03961126742146518,0.21008471581620417,9.958866665941507,0.004849268777407774,-0.0337217308436866,-0.005808332051462005
361.09,0.1698272645415286,0.039274936930607754,9.970109109683113,0.021710318394699973,0.010728354531636643,-0.007439007907778059
361.1,0.2533175213318935,-0.3080522366785829,9.882286165058334,-0.014817942048437343,0.01784383150856956,0.021000196609426217
361.11,0.18705474187093324,0.010232420704059466,9.617444620071218,-0.01757618659357,0.030650245702801872,0.005177286131386847
361.12,0.2302020050297763,0.17103468044887282,9.557251032857703,-0.005164632273763586,-0.04542093843721637,-0.041158195386865354
361.13,-0.030513410329566344,0.08748699274753895,9.675243357011862,0.018670818210014466,0.020963099215076334,-0.03662801325577504
361.14,0.09723985841408107,-0.047561153602651327,9.589977953387303,0.0278990855311799,0.021192309342304396,-0.009173147772333058
361.15,-0.25479112594537057,0.3284250941383493,9.72903831808003,0.0028784200027730748,0.016033240097331338,-0.006722053232258847
361.16,-0.2506298205482126,-0.24721460184688313,9.989568985314266,0.022596150588111878,0.004763938561384336,-0.04353553428568641
361.17,0.053962700084257666,0.1913649101431543,10.026009133737578,-0.016780306526039002,0.011867005872589886,-0.023152398720432066
361.18,-0.12176975617019228,0.006182369000962176,9.931595906966422,0.0056913072975821105,0.009272470498069691,0.003732393970597697
361.19,-0.11323766318326776,-0.1886546391890956,9.466986285329629,-0.029654375855244,-0.0060585894076147,-0.016911592235075285
361.2,0.6486102213130899,-0.014113805727796424,9.462941212155108,-0.02181740638884647,0.03006601707278979,0.0010721961153545047
361.21,-0.12030452102016322,-0.1348899962976268,9.830148508631394,-0.026071647155625762,-0.006141077622174427,-0.0037472966098941246
361.22,0.0398079898547798,0.0984081273632635,9.776609669639189,0.01721948539148456,-0.014212308443017364,0.031024730036391737
361.23,0.23792623550180111,-0.17944812128226575,9.734629006017464,-0.0075075630633152325,0.025246191783897295,0.009809608898640283
361.24,-0.35783006565428493,0.009515929292008184,9.743370118322801,0.0020219690085480292,0.025769652330572615,0.00020846443481656587
361.25,-0.10082022751431832,0.046658106042914316,9.74067584169073,0.004854131855131056,-0.01163744839751544,0.0006836288368411989
361.26,-0.06138047371355042,-0.25180726573807677,9.582393336892148,0.013427937285918486,-0.008341078507551261,-0.00171290069194616
361.27,-0.1518112500003569,-0.07478036123349201,9.870911401087673,0.009312510129706408,-0.01804846789619773,-0.001516786159834466
361.28,0.05861229552938811,0.026446590293157046,9.649054732375848,0.0033788161895561587,0.006730062455801041,0.02665101118662134
361.29,0.027017966510767655,0.15658686018079374,9.875466928487786,-0.007671710926239715,-0.014740324793687589,0.019073674813279953
361.3,-0.15739818164357422,-0.09808324013953146,9.681743854243068,-0.005402948446864851,-0.01780375505512325,-0.010396432145506097
361.31,0.14650563394878166,0.12501865692280079,9.818532554541463,-0.026471234996182647,0.0027332436398565937,-0.008141452251248554
361.32,-0.2152194479385068,-0.0242504434741284,9.479836918155774,0.035930388768742,0.01741538900038687,0.004768253183874747
361.33,0.164551989213922,0.04873983854603042,10.048445307150939,0.013471383379092773,-0.020072786152004415,0.008117812675483133
361.34,-0.020675291253715998,-0.237195104924204,10.057165283691827,-0.015482758945304476,0.005134710126574948,-0.023114613190185117
361.35,0.24149555681563525,-0.08219150059074824,9.921242827448312,-0.0313621684251144,-0.007134632800973194,0.0009955069202842268
361.36,0.05520376513138819,-0.15880377568534046,9.661045418631689,0.0074916564637220835,0.014546895967101734,-0.006223391576840078
361.37,0.04500993600782024,0.08170249144174609,9.858817039260046,-0.03036760320004798,0.046365024641448364,0.017113914543740498
361.38,0.28481988556670557,0.11617558533716596,9.819583898449348,0.033485993028164435,0.01007411603382381,0.022015049681126206
361.39,0.04967746113317766,0.0702530885000924,9.814732626263284,-0.003982192760970424,0.00764523584722875,-0.006260462870546612
361.4,0.005737868924031986,-0.4286142184301228,9.709128632979962,0.004877712938165831,0.0006859643626749222,0.0014869570837495762
361.41,-0.013933806692771796,-0.041948095148560696,9.678492926430758,0.002382879254985978,-0.005858629916630262,0.04897363802762401
361.42,0.04906681417624906,-0.21235719440294185,9.716162281666424,-0.022137120436216403,0.012999274530570114,-0.001914388055746746
361.43,0.07914302585047131,0.30927150192624403,9.64749509353968,-0.010167369367256481,-0.0016967773963861657,0.01886616179409163
361.44,-0.13943760355867885,0.32940735142626826,9.705253632334845,-0.0037445790570876983,0.05750741539478293,-0.017817192873185422
361.45,0.1025457340975591,-0.025813852546502224,9.976966564063213,-0.03411310537488173,-0.003420436931126429,-0.003636121137512053
361.46,0.10328042011541672,-0.27100252188096746,9.889079338273824,0.024815878505701924,0.008444053114722846,0.012195390922008926
361.47,-0.14490031765360306,-0.2421091395096494,9.920244392254531,-0.004958583732348064,-0.026514367906887923,0.001363588701427954
361.48,-0.04112793970574193,0.04780493355393902,9.392386567692057,0.006924686676005196,0.03389402106259616,-0.004286368375091167
361.49,0.23290928327687374,-0.12590009979863667,9.864820238077344,0.030771431205170358,0.003082621933139316,0.004957988476561049
361.5,-0.034201490477673936,0.29029008148297125,9.717635823976263,-0.00022894279218482397,0.013107778518902564,0.024691922349894587
361.51,0.28168568453486964,-0.09868850530444469,9.699580219223357,0.032505851398221965,-0.008255532352664602,-0.02158169713161707
361.52,-0.040707073337925496,-0.14551252215087856,9.753145521249214,-0.030633648498327386,-0.007677420831400207,0.0012068073666036566
361.53,-0.24111286004396934,-0.21106475693627758,9.982988208382572,0.013847338208458536,-0.0014947561419920662,0.011884135343073822
361.54,0.26743048021011984,0.1204211683844281,9.398376054526857,-0.02152900782658429,-0.0010339706659505765,-0.038845228963897714
361.55,0.10944711351031047,-0.1177231430466869,9.797304226668672,-0.01540426130580427,0.00858352282706395,-0.024907742090667647
361.56,-0.21585336582493267,-0.08120874562946526,10.065643547204477,-0.034211108072254304,-0.011698066892858955,0.010384305011773256
361.57,0.12007831176157915,0.16722183736408822,9.830287146487445,0.012009075240128887,-0.02333486633758133,-0.007095861859947893
361.58,-0.15156272570337884,0.6207436591112315,9.862156499293183,-0.02417412840133869,1.964204236868034e-05,-0.02522515857303265
361.59,-0.028321906193952924,-0.27171752071862787,9.728738832610558,-0.007465348137305365,0.021636013337114283,0.022397153900905745
361.6,0.07086246980086286,0.026341574154634957,10.069954030832667,-0.016255796348377736,0.003331404273616107,0.00746237381572809
361.61,0.32444046447481717,0.13883871870852257,10.002044734290859,0.026489757958324575,-0.006610358636479994,0.012588639620845294
361.62,0.22525246438287963,0.23841054793313998,9.803587660447642,-0.010849713330598393,-0.007716605889930843,-0.039630932070644415
361.63,-0.3234050300407201,0.023844131671985347,10.028091758255618,-0.027656185139251145,-0.009772950463492741,-0.024081010328635685
361.64,-0.05648755038476091,0.0845866045216369,9.81088585589539,-0.0012300039279927665,-0.039358008430673115,-0.0300681567785627
361.65,-0.20619517931568132,0.020391023550233593,9.96350618852054,-0.01832686235981342,-0.004401167343811376,-0.0019244164362052156
361.66,-0.08749532582174314,0.16874975067294581,9.356605910908629,-0.02445843743950861,0.019501143695924424,0.0011005916935641475
361.67,-0.2917234655244767,0.14445169518041545,9.407691393426905,-0.0034457604428090325,-0.005179473898073038,0.0011069866407013365
361.68,0.2491998375247147,0.19292266586251114,9.780482508894574,0.004553152495357078,-0.05038933782705959,-0.012418790819104394
361.69,0.025906901440210347,-0.35164710991505865,9.66596046001481,-0.01730173492965192,0.011001929502546205,-0.005459139295192787
361.7,0.11543838652677531,0.27160660245077217,9.564616693209487,0.0194044279927138,0.03671136159547349,0.0030282673494845007
361.71,0.23175391864951805,0.056885730851747494,9.998604409905214,-0.02635836363161845,0.011942443540545973,-0.006074642894677227
361.72,0.07817810166314856,-0.12208439190405228,9.822017279973366,0.018934081392549918,0.01679336093248,0.006481088871082406
361.73,0.1806865687847195,-0.2788250111815628,9.67461480389198,0.006952188213691945,0.004265418860198687,-0.014343044027629146
361.74,-0.006107530022017084,0.008963015533598368,10.101353478665636,-0.012002673331331233,0.035642446848740024,0.009848487974959873
361.75,-0.20859735389486425,-0.14900939435735183,9.8778979367438,-0.03623632988425953,-0.00010146139421329899,0.03539611051781716
361.76,0.2702423089086707,0.15757962652628751,9.71672791917235,0.003982087550633636,-0.008432635511743223,-0.03847340113061654
361.77,0.030008394148064662,-0.2800314201956432,9.725537199793848,-0.0017124418935737773,-0.01659463087615034,-0.008929807563572503
361.78,-0.26742804434566403,0.5135320942771713,10.018893328411382,0.005892576192636436,-0.009225927926810823,0.008024538438205994
361.79,0.09798446891701552,0.20081141129255772,9.719814854485266,0.0042067181015754095,0.008617654509698452,-0.014465854712123373
361.8,0.0846339103459462,-0.0790539046505186,9.66688264451124,0.009947015773825701,0.004657949706039382,0.002598615136747913
361.81,-0.21125240083601862,-0.009513680945877385,9.828404153445005,0.024918065179626178,0.01362484514157028,0.0024725989224057138
361.82,0.17853446163156309,0.0295254311257921,9.824017774572773,0.01624808991553094,-0.008583193527927082,-0.01121529361454417
361.83,-0.06046117116196898,0.09112335445524515,9.929944562157345,-0.0486398420808427,0.024944795870017324,-0.015617780009632933
361.84,-0.10267520334000599,-0.14490439907108035,9.624999999353063,-0.007427393131673039,-0.006994227159338011,-0.0071401364941160745
361.85,-0.3198010948493702,0.18561224017290612,10.123930456118737,-0.016204206466138567,-0.00678026099325258,-0.0027690211973664404
361.86,0.03814050575305396,0.17152427134450715,9.675690985264897,0.020559281053446177,-0.04357973637929347,-0.004587136820296788
361.87,-0.4231954929646033,0.07216938709105106,9.884954887086467,0.01842543595711662,-0.005500597633681115,0.00029492708737954983
361.88,-0.058838546280416265,0.15456277220547524,9.863592705200228,-0.030407695813557126,-0.008336583988251248,0.025162879707969977
361.89,0.017702508645877284,-0.06902937910817004,9.77268121009755,-0.020406045092939504,-0.021402502009686998,0.014997574858473443
361.9,0.07818537202790853,-0.3719552833966283,9.875381720987447,0.010943446655791143,-0.04476186050963082,0.0221341831279416
361.91,0.03850903417544468,0.14632924820910428,9.857341522531266,-0.01224377500862178,-0.025993061059640856,-0.010900549373597385
361.92,0.1939331861404942,-0.028438464999250228,9.762776501680662,0.025822413620989432,-0.013621548082502096,0.009539916879921754
361.93,-0.1345227763305872,0.27288867243951925,9.918523707637014,-0.02074982592475357,-0.02063847035823698,0.013934252858503566
361.94,-0.12036498594808522,0.17784769002570294,9.915012816310961,-0.01419158470940446,0.008291179971443822,-0.02192219635088606
361.95,-0.037561790393501694,-0.06915591708753792,9.90377491209078,-0.022707713935025697,-0.01155316739604665,-0.019464059691394173
361.96,-0.1922660301361688,-0.060978880416632845,9.823758282416922,-0.01892797091032165,-0.004710935761269686,0.029521070816618717
361.97,0.0755042452624253,-0.1452228755663616,9.564622942326261,-0.02803685029391065,0.013482578408201811,0.010778981377852298
361.98,-0.01339925516301974,0.004005998003148711,9.859940478055199,0.026724580501758535,-0.027602207846682075,-0.009987746263976366
361.99,-0.24314186841704852,0.047518694068500074,9.798243036868294,-0.05007117421664128,-0.024685049002405094,-0.01037532249451815
362.0,0.1983630900214334,0.16840379108455014,10.1610432588862,-0.0033050126414941646,0.021067341480960282,0.023858478048039804
362.01,0.10979492266629166,-0.3078124673420651,9.757935567812252,-0.016659125051621735,0.0048668938676201265,-0.011767347859327332
362.02,-0.273241523841715,-0.11715603273407456,9.189509280253782,-0.011425429326236181,0.014436183479451447,-0.005349463533119593
362.03,0.0026357916418898717,0.26333831870629654,10.020866624126477,0.014353943219213355,-0.0019895792565226673,-0.017464385322349035
362.04,0.1753693072199046,0.09844891305775581,9.822090959887221,0.012279581967790665,-0.0018459832725205721,0.007559012288804145
362.05,0.10941927974832878,-0.17398219700953632,9.463739786485672,-0.026573057336735664,0.03646930714186245,-0.02981068185547758
362.06,0.05684677928445493,-0.0811977324107812,9.552991316708463,-0.0013677546709924143,-0.026587586957382645,-0.024624481618839438
362.07,-0.24592640757118195,-0.05908860586655364,9.679915835073688,0.019426087057990257,0.004391206706461643,-0.014273555743865764
362.08,0.06455531184540299,-0.2925251072149192,9.558005995983994,0.008869621899186466,-0.0006435365979446528,-0.0019314606423899844
362.09,-0.10917826509436944,0.11062856413630245,9.577937867366686,0.02358861851186652,-0.026985892958471612,-0.0005260594242618809
362.1,0.16274354970735455,-0.052827376660495785,9.644695913850523,0.023605070794786118,0.005606703753047362,0.021132926570511624
362.11,-0.10316445036853823,0.16193984646971743,9.471062263726221,0.013693018057294443,-0.0272356022684883,0.006550995840805516
362.12,0.173111755111409,0.01720336482199036,9.671490117685364,-0.05214612443097201,0.0008908540341564911,0.01442232783774477
362.13,0.058862334763264614,-0.019529652898811797,10.01507839872537,0.025976241751970167,-0.0007616908125187324,0.010439993428033421
362.14,0.21724579140173114,-0.18045634732646176,9.965829598388638,0.019049531875116398,0.010223379022426086,0.008673865833884242
362.15,0.08080008681023598,0.06563655835972364,10.046087584306283,-0.005014088364974131,0.006922859327291333,0.006192392085475328
362.16,0.04767074696331939,-0.03333756553557102,9.636470036074074,0.026745743035646845,0.024168708411108564,-0.02099431097965805
362.17,0.12291547443125446,-0.09127510672754291,10.132940411109976,0.021883453108462174,-0.04025686517435514,0.0025288093754332244
362.18,-0.06312722663557971,-0.1315071549876082,9.94442497624608,-0.011299767144096357,-0.009870457683015168,0.01749271624139019
362.19,-0.04961800520190378,-0.06900925255019932,9.67963091892667,0.015186935587433966,-0.03541766305517444,0.01450488452323718
362.2,-0.07487562394905814,-0.26468495157204275,9.505534948086064,-0.0028325337090271776,0.024898494190237937,0.014895554858603345
362.21,-0.331497469669911,-0.017157600702770247,9.732047152765452,-0.015669076098159446,0.015935387961983342,-0.01219227944576069
362.22,-0.019934565460017078,0.18422444018931675,9.493051984685577,-0.04355301040201723,0.03049547910719453,0.031085396709858937
362.23,-0.33343987556179727,0.08646579033284103,10.454017540309103,-0.01593952611954043,0.009686931535390087,-0.02476249982521122
362.24,0.18161073148198306,0.078485104246696,10.16305713189472,-0.013129539875756512,-0.03982932294620364,0.02388406726595531
362.25,0.08643719304042978,0.2175096775125602,9.885004756261967,-0.016116486846187956,-0.02968496005927286,0.03212757222920092
362.26,0.03590398784583265,0.2908252377182015,9.729302456579964,0.023811818807025032,0.029684349617184993,-0.006596095374556516
362.27,-0.07276366230580208,0.12818539159668954,10.038289567094486,0.011142621285349662,-0.0024417976239439663,-0.006997206114575648
362.28,0.052632898579252456,0.10053111166575464,9.655552687252731,0.00029541125192962596,-0.014210363775786317,0.003907556837572466
362.29,0.011186789545234041,-0.11026665824201744,9.700911345976108,0.03257782560415751,0.0027561374958912474,0.023507078397397914
362.3,-0.058218899740223214,0.027698376631075043,9.487045452519762,0.030365823075626713,-0.04969036535295748,-0.028405823311531256
362.31,0.1117498331731703,-0.13486692819915871,9.419558217863292,-0.026102176009762782,0.003463775850372371,-0.013960981252074152
362.32,0.008154946180008204,-0.2164841461921844,9.976026962213286,-0.00821493662120561,-0.011212522215848699,0.04746447128367597
362.33,0.21071087681766168,0.14139415726579038,9.576051818105443,0.004594120623662031,-0.007164306439038732,0.00040387318037172435
362.34,-0.0643443921131304,-0.006164663469800045,9.913442587226946,0.03515695226931499,-0.011307761501537492,-0.027224293185735687
362.35,-0.024401229901519637,-0.3706723533132809,10.266286122589241,-0.001980076697337801,-0.013093361031707882,-0.00850492530630583
362.36,-0.083032633138598,0.26521353757632327,9.581657104684696,-0.018869843985375178,0.024457831327791803,0.008920129897762499
362.37,0.011756764931450293,0.07487795446099701,9.806909204886518,-0.04177607619884854,0.0235249184838346,0.016436529090322716
362.38,-0.03292554535568601,-0.15659523927117522,10.099954122266746,0.006329776016423275,0.020922837771730166,-0.0188473314675202
362.39,-0.1783932695251194,-0.2637235237805392,10.009565312234454,-0.0335904042413701,-0.02735227283795669,0.0016995731451873238
362.4,0.10277175606148561,0.17946180874500978,9.572949063437559,-0.021596156758523354,0.0254364309630821,-0.0061777383122916035
362.41,0.18520715101816762,-0.0730844170465308,9.758647952739949,-0.013624376852233912,0.012064323582182426,-0.0010424329324036404
362.42,0.17062603484468314,-0.2749479531233799,10.323052264724101,-0.05511945757584115,-0.011739924415375674,0.005119302445903141
362.43,-0.09400720622161293,-0.06277092745504544,10.056294236520749,0.049272625652921044,0.00883085390341554,0.01794628381295478
362.44,-0.18664904020452905,-0.03190360192701813,10.00806407406348,-0.012279548103721775,0.00516699983050149,-0.011259150772419636
362.45,0.05429045714007215,0.08317150269216557,9.631562019345854,-0.00013967492420727078,0.02627632278477445,0.005269639720378839
362.46,-0.04819265910870422,0.3010669624114638,9.874401879967817,-0.0031826448126108927,0.033882198310912694,0.0070280730132079965
362.47,-0.09173530104978815,0.17011645419534954,9.958324604562351,-0.03619369504207356,-0.01989032137681883,0.020039110079730672
362.48,0.05810331304618039,-0.0684412865947919,9.729480947295889,0.029811796490962203,0.01820215052873685,0.00629009340561822
362.49,0.06290964805947827,-0.11034386560127897,9.556172487985153,0.02629716974454065,0.029543045000757336,0.009132537601771545
362.5,0.04636061891903772,-0.07901201774821315,9.805660895690453,-0.012987435454782202,0.014344852290496712,-0.015426873161840186
362.51,0.07547830330964664,-0.2469126949038861,9.62163443290085,-0.02171402765490533,-0.030475106450101958,0.011907634264529546
362.52,-0.0826220734114726,-0.1277886707837282,9.64306560737561,0.005721788751674382,0.018791129089259794,-0.015960687564815352
362.53,-0.07700716480156564,0.031233217446792156,9.533361965859593,-0.031266525438355765,0.008812586262546263,0.04245150587634891
362.54,0.018499066723127032,-0.1448561665656928,9.72610101363533,-0.0422726963899225,0.0038829420769751046,-0.05062131128087451
362.55,-0.0405910230543332,-0.25650194819124783,9.570927409520705,-0.02650679534197881,0.008764277089512109,-0.0040420342077210954
362.56,-0.30016339550004767,0.1137264844137519,9.610465496409704,-0.030859995980659038,-0.028562564964665346,-0.0191317991581474
362.57,-0.293232281041246,0.23305023913315182,9.749621436416975,-0.01792825133710739,0.01899283297646759,0.009984463406891592
362.58,-0.12387890339304129,0.11792993411604505,10.267580432343546,0.019019951651682274,0.0005486837101951352,0.01813733572768744
362.59,-0.08936493624422426,-0.02885757458108042,9.812832444903734,0.004999293806924458,0.027473420127227186,0.0036965043843886617
362.6,-0.17175684571876462,0.005624510871320645,9.93488356424079,-0.011525053876332002,0.0020983690355507937,0.003672649799930056
362.61,0.25133421245905135,0.017253797537333377,10.363667542332106,0.010199865944147936,0.019332590705728746,0.001162157792794554
362.62,0.07716243308804971,0.03796768739705164,9.957288580275968,0.0070443559283191945,-0.016125512235153096,0.03458359958236838
362.63,-0.09521303713947862,-0.03479158987837588,9.813463709405877,-0.02491506287421863,-0.023489731824122333,0.021520076973028643
362.64,0.03888473676776524,0.01386362288181902,9.808409242651761,0.005161068247802729,-0.0071872005216407344,-0.007141210985164708
362.65,-0.05593866590766631,0.2269623664535915,9.568714281403151,0.004697238667057173,-0.026960994405955646,0.0056293066525983405
362.66,0.5091530318481776,-0.21709227548340304,9.814514340680827,0.0023373437784048384,-0.003210932751597366,0.04213568357329185
362.67,-0.18752071387373773,-0.07607461206680914,9.574813181008023,-0.0007250688436875054,-0.017054147429811078,0.0035637154697137088
362.68,0.4121199333236165,-0.2167537155105269,9.882671164306098,0.04214482302826852,0.02727562283907156,-0.011261791396852764
362.69,0.09328793635873878,-0.38075735135955224,9.796065742290894,0.0027450695680220328,-0.007407805663994781,0.025898684709810514
362.7,-0.025069853881789547,-0.05802795056176983,9.337110166748428,-0.022282480352027362,-0.022080205100937292,0.029670788987324344
362.71,-0.2659393586251513,-0.46142332110898565,9.552279364152406,0.008701501496751337,-0.015942464032475706,0.026895956644422448
362.72,-0.08079260945182626,-0.26626704747666274,9.810967173569013,-0.0008944209326588977,0.013492314082732309,-0.011147629499401573
362.73,0.04628025432148629,-0.05267401177678374,9.987038795703748,0.016230841856423376,0.007662643946397933,-0.003945749859451466
362.74,0.05478833181256221,-0.20275012920227872,10.102305914805786,0.01178940319027164,-0.009767772459423374,0.02364986097670213
362.75,-0.0662225384945024,-0.015481941171284354,9.675062906459514,0.021257124038279736,0.01974880236220532,0.020739540512288608
362.76,0.23782704795123247,-0.06706358078992117,9.946062967037442,0.001406919576507432,5.9664615021362183e-05,-0.015043510353580357
362.77,-0.04147081654810599,-0.12460629956923239,9.943757823091879,0.002812364689721382,-0.005612790984860324,-0.010705913856675906
362.78,-0.16640380190623982,-0.3797687023032281,9.749499095387616,-0.0030789478724760917,-0.009284192410864008,-0.022095823599120948
362.79,0.27417029543077304,-0.09257216593056795,9.85634023856525,0.02051314923039516,-0.01898614018883205,0.006856635919970202
362.8,0.4570576579084729,0.06576944408695541,9.319029573678097,0.0020764125591559964,0.017754607388625988,0.00931364211150313
362.81,-0.07284295004250099,0.14843050168454344,9.79548269257151,0.0037514396525944677,-0.030176635729365412,0.00962120534321644
362.82,-0.32137913528139445,-0.07563450807406867,9.64089221612731,-0.01808748255962897,0.00039964289829045344,-0.015495847620905433
362.83,0.12009646300212037,0.036819796652907834,9.719295382652195,-0.024979695698325383,0.0252902167127608,-0.0006698734970370556
362.84,0.05471006468507969,0.483346604578385,9.841149725596658,-0.033488689189482404,0.0031631590100219646,0.05285031580683629
362.85,-0.05880188451930346,0.046218658823911324,9.945904682324569,0.0036604454710494777,-0.03144884557667572,-0.02784931279845059
362.86,0.19348971917497743,-0.024350790794222008,9.924229920502109,-0.003603061705864702,-0.02303866901669063,-0.010213602787379334
362.87,0.2774220175276782,-0.001733908125058656,9.61499494750421,0.015243576576962127,0.016600436320921733,0.002914910308204615
362.88,0.042412289862531934,-0.2113592501842281,10.090566194274784,0.0024240560161510336,-0.010864887275111892,0.03824689207396992
362.89,-0.10820765740806039,-0.1727594176417763,10.158831591701805,-0.037183567347067834,0.002212741076045238,-0.011315275314814742
362.9,-0.0004286999449657164,-0.06704183483628336,10.054109521800733,0.05634168894143656,-0.0010907289139045011,-0.00886344144141833
362.91,0.27484615359652564,-0.03676941926553917,9.984058362305586,0.021538998794913358,-0.00032730792893576174,0.00219351735398571
362.92,-0.004068050963559996,-0.11079045964372954,9.768514991543396,0.015555263722407368,0.002348234840216869,-0.03340188625771472
362.93,-0.05157713406946742,-0.007823217804410117,9.82390080163406,-0.010149332298695891,0.021567116163067588,-0.009603963953357761
362.94,0.4525140955946277,-0.13851485769857377,10.045014102864021,0.019173289634425945,-0.015983975328262963,-0.028042433395091385
362.95,0.13299168702260208,0.2415692482602631,10.227340184509263,-0.007856229719641675,0.021914146922567768,-0.017683374868433403
362.96,-0.04704874123806418,0.2985998599846996,9.947512860999495,0.002419139619348713,-0.009870928621149144,-0.011550482165373433
362.97,0.011828488888909468,-0.20167438794480377,9.598880210272334,-0.03550850379295089,-0.051449407459717184,-0.010028019124823128
362.98,-0.09760380482161658,-0.20137280825435203,9.907506784361017,-0.022896917694891075,-0.013316350469859574,-0.018608288270520155
362.99,0.09827846645078069,-0.09858937225540655,9.543218861912324,-0.004509637029097992,0.004715027179320853,0.009543745011248246
363.0,0.1838589195611353,0.05337539900131852,9.749553551095453,-0.01781398646511154,0.02502153976732967,0.027854621583153397
363.01,-0.23386811903177163,0.03179905778515043,9.873308845376732,0.0017960744462937085,-0.00888762478716088,-0.012584120575153344
363.02,-0.07520794660819836,-0.0584420935389106,9.84994172816928,-0.01100200215947729,-0.00018673734154206327,0.021705036695787383
363.03,0.046860259125355665,0.18137091925763957,10.029567367365061,0.00029205839476238195,0.0151803834315238,-0.012413224885253238
363.04,-0.07994038066815709,-0.13217851248797946,9.644545662976585,-0.02730185770136092,-0.0045399335330090045,0.006412431627678662
363.05,0.2673267253560809,0.03447228544932234,9.48271495412045,-0.01595052310576997,0.004769206610832508,0.0270150697068922
363.06,0.0898227819708348,-0.07130621804902862,9.504720021053746,0.02440773321061654,-0.006630199341314789,-0.008546542778892356
363.07,0.018426013979880456,-0.06095545450368064,9.717787847621251,0.012418334230124962,-0.008656257417628401,-0.0077982329287941765
363.08,0.1615082581914184,-0.05327368971107894,9.592367834486796,-0.030087998142719622,0.027672767292512192,0.017942734928297514
363.09,0.19967365631115508,-0.2369315018193356,9.454328040086354,-0.010866018301342413,-0.01507989313988318,-0.0039842280534216805
363.1,-0.13568088908867076,-0.006591255963269247,9.373295055951592,0.006919812931189878,0.00905850016413739,0.003025593053863245
363.11,-0.08406259475843085,-0.02564933773526291,9.2641152682332,0.007774600427927404,-0.023522678454549,0.014428638579210543
363.12,-0.24145584635098175,0.16201192525237743,9.439332368187706,-0.013961244280797397,0.019849473949322346,0.007605982326222244
363.13,-0.07880688101800677,-0.0029672455715939864,9.856924703126424,-0.024380630642071237,0.00517287046648589,-0.02872822722945902
363.14,-0.018893044380570576,0.04479055041887012,9.577154743912091,-0.0016315206720248115,0.018266431095232072,-0.005980638686704768
363.15,0.010198367198085203,-0.1319271667611359,9.706670164554161,0.01033937733089931,-0.02689516217272441,-0.03003406136345135
363.16,-0.06920952401988024,0.14966633613970842,9.71593154424123,0.0044639613356241385,0.0025569854834641536,0.006735350521622712
363.17,0.266772582801014,0.3874032663869863,9.810369655030415,0.02902871225066227,0.031071690456125227,-0.02657580627303782
363.18,-0.01619241185460943,-0.10539434080896085,9.657447798664084,-0.017241396569520197,-0.016876952545648166,-0.020633110660680885
363.19,0.0728752622842125,0.12641468713854132,9.288971163726591,-0.03171963662006912,-0.016138225595728216,-0.048326722513167344
363.2,-0.18567357795654657,0.3726048773804882,9.94020998440652,-0.03523371389840415,0.013875059501535171,0.03308739975002352
363.21,0.3473527082349586,-0.2625718581646852,9.724316382120774,-0.004748816760159189,-0.04803326315239433,0.017768039253304804
363.22,-0.14972882658072695,-0.027712013591219175,9.74099573071428,-0.0027687071083816093,0.01480319389418713,-0.004851335304124595
363.23,0.006430632150927561,0.15211499584072743,9.801777321667458,-0.007059974478470735,0.005565527600731126,-0.031150038201503586
363.24,0.06223919525319681,0.11264462664959603,10.187939447614262,0.014957098339338898,-0.009492301548563774,0.023561762090687947
363.25,-0.04270030951526014,-0.19183323007980388,9.9985748588062,-0.035187260663351275,0.0032477726036058384,-0.007119477137009673
363.26,0.19316802622522575,-0.009624965697611938,9.830857044311614,0.038884117148172324,0.007360922136618695,0.0032577421866197324
363.27,0.07714069607034983,-0.20602126466647203,9.624612322441543,-0.01126025001650632,0.013909199473054235,-0.008525343688945876
363.28,-0.14974352363895369,0.15525224688152775,9.848425720202112,-0.009622328060892346,-0.01086510213166565,-0.024104244384779747
363.29,-0.14804172113487565,0.17038730326278284,9.94607329525774,0.031084089679641866,0.017324658181304225,0.0058447534080938775
363.3,-0.040895344485330776,0.32193943164881883,9.734980157570691,-0.00422378996050481,-0.01137628651912276,-0.047963344894505246
363.31,-0.02290724351151352,-0.131863945954042,9.583968764516744,0.010269455190047967,-0.006477927190496019,0.031207932835152826
363.32,0.23779191187625298,-0.013188844708481794,9.76427705501565,0.009166011604394191,-0.04378595040524515,-0.006418715111909255
363.33,-0.21727692322023237,0.33146545708557085,9.887801932408005,-0.01604081466666617,0.0311475143677971,0.013135468757036684
363.34,-0.1457920793356419,-0.36269435306798037,9.653227073629036,0.0009555181004493832,-0.030186387591402318,-0.006107906536183336
363.35,0.12867570729841402,0.1338373758489579,9.776432831601761,-0.005479521380977252,0.013273510403576777,-0.007272592537786128
363.36,-0.33631770045744497,-0.41586650905259986,10.123824219442145,-0.03649434443047736,0.00170153239436512,-0.0016343353268849852
363.37,-0.005060592570631598,-0.029664510369325103,9.819867864908082,0.027979804109227697,0.0027396847210921327,0.03458368349650594
363.38,-0.1603372416785464,-0.060310174024532856,10.123611682619908,0.0054260660950209184,0.014465876820914342,-0.014367179423325336
363.39,-0.08898472430647139,0.12957056964967054,9.859040922808193,-0.011939035495878016,-0.018625593037135044,-0.004065054512367919
363.4,0.22729058381996423,0.06756495444658771,9.837843517737976,0.025236357346243618,-0.009086666971753006,-0.0015033250989715974
363.41,-0.07721707773356437,-0.0635551992301728,10.360224906948424,0.035400225638483454,-0.0037295775036243436,0.01635617133208699
363.42,-0.02440286377501518,-0.15941266253406675,9.628194657993062,0.018611763520632887,-0.005744974224960611,-0.005492646643530018
363.43,0.07574289664913432,-0.048818030300789836,9.843573242431225,-0.018544994674577236,0.005499699078915045,0.047449278894802376
363.44,0.14076011016214912,-0.16247139014735695,9.80710273425575,-0.00881361098440201,0.0201662388556117,0.004968149745964884
363.45,0.24362943690202155,-0.018109054877283037,9.706009325760409,-0.059920298979757786,0.017725880949131946,0.0277089443749877
363.46,-0.12609116750897553,-0.3595037847434476,9.873376056791903,-0.027955797369872908,-0.01944929800480382,-0.041981164306577376
363.47,-0.25361497695172136,0.002719114760086153,9.67582664532822,0.020322463315908295,0.03613278030445693,-0.009845168461632229
363.48,0.11493516513044848,-0.016176935730651213,9.739245636074351,-0.04260414855360427,0.021691764349370576,-0.018499685249000353
363.49,-0.17842217855168488,-0.1818642684497979,9.52218413865763,0.008335674278109419,-0.0024095088198261313,0.003887216332337311
363.5,0.1469119376256509,0.07146304110192893,9.564286989719806,-0.02218488196436638,-0.014022920878036261,0.03483723301751766
363.51,0.10201505680356841,0.11414876745463846,9.529803082467911,-0.008613254501847063,0.0223388036329893,0.009417139690635498
363.52,0.22062563083926826,-0.1180234080589494,9.439157782219475,0.014483506864954634,-0.001357056471695826,0.012691171399516662
363.53,0.06590774345939945,0.211141458593756,9.960306842397793,0.010583201744154006,0.01323001919507435,0.03818061426822155
363.54,-0.19029071357568675,-0.08819140506155734,9.629316314034458,-0.01619272379551456,-0.019177505376585,-0.0013060273693041079
363.55,-0.05616346307838,-0.04448540492782878,10.131037393098852,0.03575340824719498,-0.0060254799414180635,-0.02507004378679803
363.56,0.32127852852864597,0.08158119003870555,10.085261226506903,0.00598682035330739,-0.007262185952681088,0.0014217105196681142
363.57,0.04471278223806151,0.07601571688750264,9.75244029880486,0.021157926371446673,0.013035243050252093,0.0015916177107163072
363.58,-0.0780370722630475,-0.2354216950102049,9.922118711513438,-0.002834508540784686,-0.026237506296061513,-0.015577320439980339
363.59,-0.18706915186820414,0.11343460420595963,10.27493834851075,-0.002584951508503748,-0.0009482970325114095,-0.02104012012000416
363.6,-0.004683323135126019,0.14599297215118023,10.268504248032954,-0.0042535138743276125,0.007335269162314209,-0.0563062953020583
363.61,0.10106846867906719,0.1723281494004547,10.000148820431798,0.010099063007545291,-0.010360359516527641,-0.02358755228180855
363.62,0.05839675300155299,-0.08649896649404566,9.871164130082306,0.04194760609501123,0.04359266160502449,0.02298644905046555
363.63,0.09018950625577989,0.10551157225347335,9.868967706655695,-0.011037147409727796,0.004760693103452424,-0.019438169164262123
363.64,0.1366306269563291,0.19420119862749882,9.88891294960927,0.0028634578100007997,-0.015432554936962928,0.0035222014046023676
363.65,-0.11037476320610178,0.08111784446052915,9.81401347314306,0.030861830160669075,-0.013579677109892765,-0.01938368420732608
363.66,0.13761525588380075,0.45553377808059425,9.671045127449208,0.009141830379410005,-0.006413619006878432,-0.014199241915120488
363.67,-0.17556045949533278,-0.3174519656798917,9.916588832466505,0.030340918228882803,-0.026684276289346092,0.001030032391660867
363.68,-0.09696279032250021,-0.13625734670363462,9.641219033447248,0.018960998861570016,0.022275963382005833,-0.03363246492729394
363.69,-0.1251245027535608,-0.06306959804441731,9.819524679146529,-0.00018534074261837062,0.021643512848153842,-0.008544443779447297
363.7,-0.06585838990253758,0.15927138297047103,10.25616208774483,0.03068034387848542,-0.03790167834403117,0.029023775559412036
363.71,-0.01620213003121503,-0.017538296094764795,9.945556281409313,0.006276099202402568,-0.020669583071570533,-0.01070301887869255
363.72,0.23156312293821268,0.3133138614827811,9.888646966574093,0.023171587253466863,0.02856084309203602,0.013954570697456628
363.73,-0.0025630044918308788,0.1870513653791572,9.88788054253202,0.004978345736827487,0.005197336515941107,-0.01685333963400198
363.74,0.1933916911003898,0.24378794961193967,9.379596077829778,-0.0012577888231695893,-0.017415617811450124,-0.004412442674189302
363.75,0.38869226621590325,0.021083563346242954,9.628945006828419,-0.013245067553183738,-0.006727267385270916,0.025551688754275735
363.76,0.056590262932223,0.3196003378858239,9.366911602055431,0.05115976682145876,-0.011946667188235699,-0.016033852522450404
363.77,0.19747737743630714,0.07254641868836936,9.800440259902127,0.017236309563165297,0.014044866660918047,0.013357112525436308
363.78,0.0225075742789683,0.5092258438748818,9.537493643401447,0.025525881357190073,0.010918563510601604,-0.01357557335357072
363.79,0.2250187789707166,0.0635552105799954,9.735735222254807,-0.02949732083272579,-0.008323924331922417,-0.04329202102132735
363.8,-0.2578071376178809,0.005351016145463765,9.726678641783671,0.010035370880394153,-0.022891705501660524,0.017112408530638043
363.81,0.16883400659885547,0.0536749604417322,9.909582590423136,0.0036592878970751527,-0.003991724171960871,-0.01608316785738552
363.82,0.14853726354768104,0.33423087989726213,9.354866187380594,0.014512641041909791,-0.017031302840973945,-0.02191116349149319
363.83,-0.12990939751800012,-0.2125462136214445,9.605852765323931,0.015657083781168427,-0.017464116740307553,0.026032904945760243
363.84,0.1671160800526201,-0.1422735402552418,9.803011711547148,-0.027758878760123572,-0.019133139907786343,-0.011125441348304841
363.85,-0.008679878480784749,-0.24776502307096412,9.669087858831142,0.006152164191910033,0.02530929897364704,0.014991697351382267
363.86,-0.2214639376349097,-0.19403437228602163,9.605738136632967,0.008570620046370285,-0.006783266457433604,-0.0013142819913298635
363.87,-0.024531080346276202,0.002319293841173564,10.056592485908554,-0.02728771469461495,-0.006769385680303369,0.012224118886554985
363.88,-0.0508663687781156,-0.09542996858960759,10.010730593738835,0.019686398807143752,-0.025258105618598467,0.03489789149572668
363.89,-0.06183711950037803,0.0413774096342014,9.670096559834025,0.002565515150523693,0.007882522741819258,-0.003670791838493929
363.9,-0.11364663382605586,-0.19049874034954922,9.54539576667161,0.03974522629837906,-0.028294955578779164,0.004447654692067633
363.91,-0.07971671458547322,0.031607958623998435,9.711405581900037,-0.0035765565428242745,-0.008579940592427887,0.004783171591942815
363.92,-0.259909322564065,-0.22943765446129966,9.74187625211419,-0.006867723276190343,0.012688326619601984,-0.021187811917245065
363.93,-0.21217945234003072,-0.0657462902560446,9.557132267983267,0.015919007603636584,-0.004123229868171998,-0.02548569654491347
363.94,0.10050269175112615,0.011827160835504434,9.704811143672126,0.030652023113346166,0.0011500699721157365,-0.00017180809622485235
363.95,0.25387015144116204,-0.17373045824620176,9.779007783548876,0.008294801076708977,-0.01132930526512832,-0.002993519504409687
363.96,-0.10761885461930211,-0.3573822332689661,9.653279690982364,-0.005961279076816516,0.006806766397477131,-0.008139669507716435
363.97,-0.16862115310095124,0.052300530467972395,9.641715507818887,-0.025737932672029597,0.010021628060172882,0.020820082499894792
363.98,0.0020296839292676463,-0.13402385743908812,9.617848595720876,-0.005714379162410747,-0.026110917706371663,0.01809471222568782
363.99,-0.08371325597640442,0.13817468083387596,9.763125316128178,0.0034770587739113516,-0.04186031977795449,-0.007713567862443163
364.0,0.04789228758337403,0.1412093270328432,9.858839547135865,0.006133890165361673,0.013068541469206309,0.014634474871911966
364.01,-0.22972747040160454,-0.3688715191006179,10.219615132036168,0.034816588140922186,-0.013748604183574304,0.012032291824655178
364.02,0.16686785786817912,-0.08243424295621946,9.624508197167913,0.014240627846380896,0.03311109116282186,0.006738012012250904
364.03,-0.0975969044206942,-0.07103215668883732,9.627292791269904,-0.013351050854733036,0.010492138518662172,0.01347640472276794
364.04,-0.04219517769855675,-0.20349815122291626,9.905753366066774,0.019370566647150804,-0.06423008832823947,-0.028912467497446553
364.05,0.09771844404266432,-0.2817209222999291,9.95517426893596,-0.016142877089911353,-0.0030449380394448923,-0.0104713101528709
364.06,0.07044374304277856,-0.09426585809964616,9.588639884094748,-0.00266976264313401,0.03168162455903584,0.0382724386084452
364.07,0.24441472918653867,-0.004718234867444725,9.556002756110004,0.026886216125075538,0.010746062086020369,0.004529305484720142
364.08,-0.233378010370041,0.0994976865058463,9.778633577050831,-0.009024190576432152,0.005303618443348321,0.02240920759730438
364.09,0.06221367751713173,0.12866405662842376,9.807509139928284,0.020417770408378583,0.0077155764840393,0.00961030591675228
364.1,-0.5076967784469236,0.13684934272536947,9.869216535860561,0.014039697783521805,-0.008917733385583182,0.009450242023900313
364.11,0.10575832814415702,0.35193998718790026,9.96056016000266,0.031866269563298494,0.035697519306473115,0.003841592134595976
364.12,-0.03341458426127116,-0.07706649959484851,10.1445461831822,-0.01280241774478246,0.04700318304074437,-0.011793150241006313
364.13,-0.13547188504312685,0.4127466598700953,9.616738086755273,-0.0266249138473042,-0.033105259527818426,0.0004938049662598927
364.14,0.01319765108558485,-0.16132376545659902,9.764558177422211,-0.011527555001148878,0.0016523835491727597,0.02430468762090918
364.15,0.17408250199477124,-0.07765651804258451,9.677006422135982,0.033151555524608994,-0.022891566080684614,0.008967080197402758
364.16,0.10781741755567995,-0.10045536164782984,9.869332433693813,-0.01639416445253771,0.014190812712356869,0.0081162361683509
364.17,0.24497307634946736,-0.09343136966210736,9.662506703460261,-0.02063071124713114,0.0009086679709969725,0.009746887785729592
364.18,0.08647439045530131,0.12973449331622844,10.097886816767256,0.00641614272535999,0.021125790943677586,-0.005613071389693543
364.19,0.07829624601865626,0.24646833183222852,9.949791574957507,-0.006349283978995095,0.008581212083271847,0.0025225131759371005
364.2,-0.008119786868865825,-0.029066438593627685,9.914656445018515,0.0024835315507040785,0.025160515042728024,-0.02040102811479125
364.21,-0.17386499417178097,-0.06438365548848285,9.902382223818881,0.017135907780914388,-0.001617966158373339,-0.03293730271204098
364.22,-0.14900644905686383,-0.11823789546527547,9.677630005011256,0.009621031346063482,0.0402373762135476,0.008886474302499947
364.23,0.02333341395421584,0.04275101859599098,9.729804155240839,0.0122960387804454,0.003508533555993005,0.001834637895173185
364.24,-0.11355787201481171,0.14926841497306728,9.521876703917567,-0.01829459978873921,0.00946691057503827,0.011275432953592086
364.25,0.08164508842491215,0.04654606668692432,10.107552961939405,-0.004713446157996601,-0.02047427343912916,-0.005116901839027578
364.26,-0.08407429813457298,-0.0002605658322827384,9.430353381536493,0.0021708952821066652,-0.04596176796057123,0.0008975361404748066
364.27,0.15563720795185398,0.046922722196599084,9.59635081566403,-0.011561808922829151,0.026141112004246698,0.0006863084900316221
364.28,0.06357551098038479,-0.021316906346560485,9.583358896155298,-0.015364346706554816,0.0076114824666147825,0.0005379382038057187
364.29,-0.22371482051072872,-0.07550139898780307,9.641727083933747,0.020994478680321983,-0.01845997124348597,0.05091900956905866
364.3,-0.11194932353993049,-0.12336268075724315,9.837154329778015,0.03805909118893903,-0.0016276651627257456,0.044537221378701385
364.31,0.23147358159698334,-0.07360117452649045,9.84497484913735,-0.02088213063614934,-0.015578339764791402,0.003957364519956898
364.32,0.011701083324441787,-0.07559773372765491,9.64408175018289,-0.01961756786961714,0.016029987638948077,0.035685104807816996
364.33,-0.29302034368787677,0.2249941178740456,10.009323253934745,0.002668472040757191,-0.004958603473098831,0.030387472606601833
364.34,-0.13397375013741727,0.14388194207956032,9.964447604300968,0.024094656783633168,0.011542815974985549,-0.014304191617410752
364.35,-0.20166684815330313,-0.09904278206307224,9.691584783575767,0.007014734344591905,0.010717031976638196,0.031168061116975915
364.36,-0.06304300449019613,-0.0037114273520521,10.085959116589,0.0032916229554293143,-0.007603451156326647,0.007243360829444522
364.37,-0.017437774715406033,-0.15895890758522885,10.260105699492348,-0.030773496599100333,-0.004388108270129198,-0.0233496953409951
364.38,-0.06179992189866942,-0.14619949929526888,9.719308445172482,-0.0013016880739548167,0.009590378151407371,-0.004366053091434077
364.39,0.2824616062528845,-0.07729299552159714,10.199875374397656,-0.014822838029044752,-0.0016941190922822656,-0.020059353363169673
364.4,-0.20035876956867202,0.20318099512871787,9.74373120151376,-0.013287157940581225,0.035687820179543514,0.010183723041065743
364.41,0.30431739466887997,0.12264329119723105,9.810622201394466,-0.00457070736154013,0.0051311752922553215,0.005806521025504623
364.42,-0.025322985886585683,-0.09686388343878671,9.753029286999546,-0.026964019866891488,-0.035828104157722696,0.01635684251343887
364.43,-0.028972861562376693,0.05787606732284551,9.728747194624125,-0.05962774369017999,-0.01882234711264606,0.03073604083840034
364.44,-0.5042667666670083,-0.11222295854529513,9.815049033459557,0.01581646303006017,0.013497156268952594,-0.012684473527682275
364.45,0.2655850956905913,-0.2572764498299745,9.471929676638648,0.020846234949737575,-0.007894516689481977,0.00935893927741425
364.46,-0.0746147003971536,0.08608178423465782,9.65384795744149,0.00954660015571281,-0.0005559365946206394,-0.0031684450645789765
364.47,-0.13082908648719296,0.2630743103040571,9.977234039217823,0.012683563405304119,0.02645924536130897,-0.0011768591524357447
364.48,-0.3003288606141092,0.2003773803885759,9.758244184480095,0.03975273021470162,-0.004632158766828815,-0.018807761951523817
364.49,-0.13044745292552215,0.22350322612069007,9.550317150517788,-0.022648858682714282,0.014152360501519115,0.010710481394497774
364.5,0.14779899666172622,0.26578769806638347,9.797050228831864,0.0033120903348688073,0.0019516232351264693,-0.012088972493859599
364.51,0.3299818667524367,-0.15773733431070272,9.675326886541313,-0.03528337463656463,-0.0012069894719031406,0.004530991648023068
364.52,0.04324334062747617,-0.00870773247411305,9.94263117458684,0.03516747460186848,0.02511859825929264,0.04569980143986003
364.53,-0.11149997268692456,-0.02805554033180305,9.340939601694984,0.0135541256520928,0.004437264300550155,0.033247911585757836
364.54,-0.18017730517787106,0.19726487005855672,9.811140993697752,-0.003777587415985263,-0.030752059200208213,0.029795503461885316
364.55,-0.198611480692541,-0.03429002726355004,9.750457194643651,-0.01765714173351782,-0.004947865659814361,0.005426173695501586
364.56,-0.0217656430236467,-0.025173437975295494,9.692017727718609,0.008422187057014401,-0.013156439157726836,0.026422705734331767
