t,ax,ay,az,wx,wy,wz
5.47,-0.17833668402959413,0.10367247930655751,9.697706684216264,0.03702147087887989,-0.017213487349630862,0.015191664452794334
5.48,0.2951057009121404,0.055472146305020516,9.996133274922405,-0.009014632307388833,-0.0050705990277668846,-0.022105485177155222
5.49,-0.38784299949772816,-0.39134360551116193,10.97335290268533,0.0107345623235526,-0.021321072878208697,0.007820538342934143
5.5,0.19573798448263785,0.029375416845627084,10.369085419702367,-0.011999390349573815,0.009387573688896055,0.01754821700140366
5.51,0.1721364232741361,0.36174984028938545,10.299084069792855,-0.017426626286038922,0.017157918226654873,-0.0006757254937231188
5.52,0.09424742480718998,-0.11293625522784362,10.582182010493039,0.039492157290019675,-0.013005854071958868,-0.022810202143195492
5.53,-0.058458592222719194,0.32524464671027,10.763571367147508,-0.023335608752628533,-0.011806210490319675,-0.029362685337853602
5.54,0.28937000445787725,0.08390037561607683,10.526329625647932,0.025816146092506237,-0.007985711699147581,0.0273379626541439
5.55,-0.032551427897849136,0.09811017232095882,10.204586210950763,0.023088660947363927,-0.01030620515602085,0.014666759001681618
5.5600000000000005,-0.43538510118313345,0.003519172777139262,10.409614924309064,-0.0014661766007963695,0.010681382542785604,-0.007675665631357193
5.57,0.2870370873021286,-0.012249051690898103,10.568620312036836,-0.004548000043519014,-0.03094626016078961,-0.0055779992701736995
5.58,-0.1368212694304786,0.0032625698404653443,10.826730119158217,-0.05540358583628717,0.01892937777138863,-0.023854342054075262
5.59,0.019403693688890594,-0.08242152887690013,10.182067964294202,0.01326527057285622,0.028557250902571028,0.02702411475479042
5.6,0.1877500171799097,0.370583708445119,10.397407222145425,-0.004697198289485411,-0.006873170820327877,0.0038067492236186435
5.61,0.17713114749061265,0.21225993708903043,10.164196648652867,-0.002439911471360083,0.007602652912281786,0.011499635644414552
5.62,0.025240004702756332,-0.14137207902449594,10.031736528503256,-0.007875994928977767,0.015090158883159916,0.012525086705197992
5.63,0.18495686723704974,-0.1548978561231531,10.198476216311624,-0.012691365282260622,0.019349120469318744,0.025208990236084444
5.64,0.11841317861771175,-0.1065537768401705,10.284174351781283,0.031221394754429525,0.003997735782170088,-0.011444210203659834
5.65,-0.4928924221766846,0.07586260702263883,10.089801907870012,-0.018152218998623335,-0.0016805193620696988,-0.02000981828864348
5.66,0.049795503319551654,-0.011085467313740067,10.338202245876245,0.03222534799037062,-0.01616208132498579,0.014472858171617566
5.67,-0.1020757923832103,-0.1030796401550701,10.234267299750387,-0.06905201051329247,0.06684135303938687,0.004018483139215874
5.68,-0.02294809765701286,-0.06620674251213053,9.687903419598623,0.035818714650732934,0.02143399961185534,-0.021152671409628968
5.69,-0.22068817907929308,-0.037253410808957124,10.404415833694877,-0.022193553829032785,-0.004641175541442385,-0.035466589288963186
5.7,0.10665446974293012,0.29379835920288744,9.98514353003295,-0.006598343380206718,-0.0020392376698953212,0.009956106703187598
5.71,0.08210295611013835,-0.10546989086314171,10.117013326350431,0.0037510993160536884,0.005475862465887154,0.030927532848251286
5.72,-0.09136545978279788,0.24961544796074114,10.35849706449704,0.006620183292614876,0.02109657266511345,0.0036942703661546786
5.73,0.29446415937948367,0.26232635167489715,9.937243055239808,-0.012901909963554375,-0.029567356993037627,0.028035544784933877
5.74,0.21587570962909283,0.16405340466475354,10.001442870296096,-0.026652148727588674,-0.015270724669229678,0.013960599345812383
5.75,0.08466093121845587,0.0982791516681899,9.93296079387218,-0.00783206929738781,-0.004711659568331136,-0.017822369180162896
5.76,0.04231940098519229,-0.11067916745888198,10.040891059626107,-0.007095129444258966,0.0036522759253252587,0.018125168849645122
5.77,-0.11600264387363066,0.38556815803759137,9.97904379656289,-0.0035329358833376167,0.0033522891904723537,0.002595156351232962
5.78,-0.10812638612939063,-0.30485020435778304,9.975926949255166,-0.0058458973792592794,-0.010355537922181496,-0.003042590528162511
5.79,-0.01131916287485409,-0.10153686247938785,9.771855058724649,-0.006302353851744868,0.023241032606398804,-0.014499707985827304
5.8,0.2135782036388974,0.16561628169143372,9.960699884097298,-0.01561409780363036,-0.0023639902492356957,0.0038259728362794276
5.8100000000000005,0.32985048642802334,-0.023983061414513077,9.929773864018545,0.007615909341384953,0.0015181204991268889,0.010396600280281054
5.82,-0.01703680892674087,0.16270778098069566,9.914995739417952,0.023479925032906346,-0.008899485269534522,0.00032934306076113257
5.83,0.08493818745279351,0.25401896602358,9.939400188036217,-0.028305494549050826,0.03929922754614411,-0.026218045622956973
5.84,-0.0727737634783709,-0.17424635388930843,9.958956888741554,0.0003578940217810297,-0.016841054876879636,-0.008769923962643917
5.85,0.16322980423196426,-0.18556415422428085,9.539183079048165,0.01503553892029226,0.016801793010416483,-0.02211056479229488
5.86,0.32466603906789177,0.004439308014236864,9.674379819301537,0.012731625274672797,-0.00018588460597732492,0.00586777325416585
5.87,-0.03022714993697678,0.15878411907391618,9.884887795312054,-0.020586002575728894,-0.015077357506391317,0.003926801556835884
5.88,0.5558842173644544,-0.04281383793972244,9.9310118505528,-0.008227377002182899,-0.020324026642009274,-0.030293808517664125
5.89,-0.2129331317518476,-0.18772120519354388,10.201352076327652,-0.04314691412791676,0.0021790086528864034,0.011075409408609727
5.9,-0.017662926987560567,-0.09545682997798387,9.878856452818878,0.00888230805276692,-0.03529627597734381,-0.01624816499147509
5.91,0.2614975601341445,-0.06326791939070654,9.84776218286802,-0.006429227806618427,0.005787008981959521,-0.016340015002716746
5.92,-0.03173303223655035,-0.03692648960816026,9.746796684411049,-0.018088854042084167,-0.03810185610976913,-0.03208524645421694
5.93,-0.6595455846381967,-0.12856530998799287,9.515930785712674,0.0024886952270225695,0.012415518040941409,0.005312396261904281
5.94,-0.03790291801680145,-0.21901287028597607,9.478907221476968,0.03275781180286384,0.006780308632892041,0.005369520730864642
5.95,-0.02811992358293827,-0.11704449107877142,9.846627680613413,0.008956231032118489,-0.007022829747974635,-0.019166843890590958
5.96,-0.14674754836432405,-0.10911948277819357,10.044158475201487,0.0073461245826473235,-0.03194529270755531,-0.02245041110326514
5.97,0.20329834042886696,0.00892161188783346,9.914138707119404,-0.0004737300214487094,0.01675056165231848,0.03087356638149132
5.98,0.11989304170791773,0.2398584513391513,9.22704802138156,-0.021204303181992477,-0.0034540861569387926,0.03985623099855295
5.99,-0.047300902027789034,0.0894760047940914,10.030257062553813,-0.010675000435117979,-0.008460700129141194,0.01960906573144854
6.0,0.2411765752391078,-0.028554081336937466,9.595713160009312,-0.0032114516734699054,0.021358622494923103,9.862853916113087e-05
6.01,0.2785817241524399,-0.19860695153263683,9.882448373202733,-0.025691812958959087,-0.018723602112614555,-7.188058400616891e-05
6.02,-0.0746578663468381,-0.16581796436845173,9.674329098996154,-0.014036597210729307,0.007771860962309953,-0.00406276779530575
6.03,-0.20530457671547733,0.008922281897335807,9.818899869016937,0.014370233506923565,-0.009149613631357188,0.003494109965651158
6.04,0.14355158072376806,0.1597864590033666,9.725902795108734,-0.009802014380929903,-0.0008738195656726762,0.04930822287264954
6.05,0.34657435454795177,-0.25421943899728555,10.050519008935506,-0.02927703629062193,-0.0041307285661455724,0.017078606217239767
6.06,-0.0003736942296704889,-0.33582896521940536,9.699754124797662,0.018075906755524854,0.0372052668496932,-0.017437994781355586
6.07,-0.2250611150032735,-0.10963797378763461,10.001200888677086,0.0752044216880783,0.032787366152547,0.019128076340792822
6.08,0.24650464947117773,0.0037414149568254667,9.599796057306259,0.03590863978447084,0.025405921337072934,-0.01868986598424549
6.09,-0.2863827806676024,-0.11441726109816294,9.810032845230058,-0.014318398941556343,-0.01648898792785769,0.007960610057808192
6.1,0.05523495403992013,0.09338368973278897,9.884739632051392,0.0055213789307177125,0.004667533011584758,0.019285396473101093
6.11,0.3960206368040272,0.0989199308983858,9.858244690574065,0.024271058428019347,-0.030972159024035134,-8.550547433793815e-05
6.12,0.11252062395104201,-0.04200197086464243,10.005736965697597,0.060469082614314607,0.00766201404248538,-0.018187946437359805
6.13,-0.23328425892481927,0.09997163742538741,9.708782838403943,0.002489845587024648,0.034214314344707154,-0.010094530819683256
6.14,0.1123416493656647,0.01139036062934933,9.910395246226932,0.018766896961382652,-0.016532995282319825,-0.023298264973635536
6.15,-0.37110652885820616,-0.13180156876663113,9.612556068679341,-0.0027509607849493063,-0.03801741213094891,-0.06605090237854686
6.16,0.41685092764525156,0.3951825595107436,9.764728481434913,-0.035323873077826785,0.014903150432218557,0.03489656759389198
6.17,0.04206147658013067,0.03706580446543981,9.966912329259689,0.003990331855574518,0.008581931281630492,0.0047005939149497794
6.18,0.026292255537507633,0.08519911706625527,9.88036762201569,0.027847554401049277,0.005709270500527397,-0.01581938435029777
6.19,0.15758811353670782,0.03420338691317673,9.600314978227905,0.019396864940369334,0.010964729854434141,0.03165901428754537
6.2,-0.10670256274084258,0.3189298060717223,9.520938679536737,0.0016780098682990746,0.002154827119388164,0.00647057290418175
6.21,0.07323397450437681,0.1916763699810504,10.04637799290037,0.030740166743541866,0.00020083036669549953,0.00409893277682133
6.22,-0.10555057546928424,-0.10213473712502927,10.00563040453456,0.010593776065300221,0.02121637167135257,0.021758128533327172
6.23,-0.009476467184128529,0.26053697008470017,9.98534482535037,0.02463646515120665,-0.00922914120261704,0.000501188153685593
6.24,0.0016072094634590793,-0.04273146092839525,9.856344967643833,0.017486217103221777,-0.010024038618693689,-0.003086648791564306
6.25,-0.0632314251355847,0.05734240576391767,9.91542808756632,0.02861875212541206,-0.0026975392203426683,0.05595545872562122
6.26,-0.24142052961190488,0.12194300773952721,9.625641445196315,-0.015671084526298604,-0.02474866456091884,-0.021878802207424823
6.27,-0.1760514564681924,0.06274390050275802,9.363105796018463,0.05213125811189112,0.014571356010865982,0.019651734836924246
6.28,-0.3381071361192275,0.23610639611260387,10.21519636803694,0.01362691773497349,0.008270318711220886,-0.024004999152357306
6.29,-0.12843281079868563,0.1524273849122092,9.627342501184348,0.015258899403892327,-0.018859857635344198,0.011808625721248895
6.3,0.012462612374482535,-0.2170444501000958,9.354557437145719,-0.027671173831935972,-0.006650912662271055,0.041325802057492735
6.31,-0.031023723502004,0.06969151511178573,9.752622891897406,-0.027653128278534413,0.013025944857913993,-0.02754527583597065
6.32,-0.18600674639297893,-0.45805412889183017,10.041989482114985,0.02517971652246079,-0.041545294670875046,0.0075937135015780475
6.33,-0.18256532980570872,-0.3809121346603532,9.7050352187786,0.00020075872531148762,-0.038603765918958234,-0.00824109151568524
6.34,0.02923069751339426,-0.006941761806332931,9.990315903042056,0.04013121399968767,0.02925829057360124,0.0340524939284141
6.35,-0.011990041640676583,0.017026016572691226,9.612975498768414,0.012097505870646931,-0.017183329947824656,0.033928391003126133
6.36,0.034918064778286434,-0.06506020766015998,9.265714752429588,-0.009591016974889406,-0.038849140247675266,0.003387184446825934
6.37,0.01859853812000786,-0.06125109327007091,9.832886793142972,-0.011342759838766996,-0.0006018365608603639,-0.04088119983621897
6.38,0.06193309844785683,-0.12352625766698712,9.635962807734668,-0.0249177758306803,0.01560545712373146,-0.006721557691364715
6.39,0.3390657887783946,0.07544818064447181,9.724808492222255,-0.019537837689771093,0.01332790856182132,0.014348288983114115
6.4,0.20064843388223422,0.11063705780486255,9.69506531975639,0.007956774689969592,0.016795424302314583,0.010277655231893949
6.41,-0.05489466262392861,-0.3912020884871641,9.976242412152182,-0.008850627257695748,-0.013233764893474635,-0.006569461972871176
6.42,0.001187254272546853,-0.06640491388158687,10.08872044413736,0.013414652092908506,0.012310214057934253,0.021067734748085733
6.43,0.013813285258702311,-0.015351503672266877,9.931486215782908,0.007583654954569662,0.005658045770233311,-0.016870388580150823
6.44,0.01876823770250717,-0.06611349987350777,9.766245784557297,0.023127963835440263,-0.02260629641932847,0.00539118428210215
6.45,0.22914109324070037,0.24517890837400466,9.355346981673272,-0.023444915562235394,-0.008094639578854493,-0.012763020007092294
6.46,-0.3333668825390265,-0.010321954798504073,9.470913980677105,-0.03593672468553416,-0.02509453280554074,-0.018409949575621323
6.47,0.09810983244370107,-0.13959715650141333,9.991953186810417,0.005529445981562682,0.02866067846824399,0.009727244051286816
6.48,-0.2834424924095583,-0.15137487702562033,9.966369975420115,-0.015284363500855372,-0.025744404734433356,0.006822926346053408
6.49,0.15853205683885607,0.11304599796276467,9.633295268757022,-0.022281540732803598,-0.030453790653420684,0.016604706503900623
6.5,-0.03028942109917356,0.11301206997138279,9.873295304861346,0.002965548400398445,0.002543232497972493,-0.002184079886427337
6.51,-0.15440867769311095,-0.03895163134750467,9.887887432059676,-0.0016703924913908444,0.006693745698641697,0.013194893558484022
6.52,-0.019840610551474836,0.2273184096557015,9.627954693181513,0.016930945423066696,-0.006037891154142827,0.03545071908572847
6.53,0.14685280409108017,-0.0937503852024165,9.71218480228911,-0.014613180237174313,0.0010576992284427047,0.02144653238968974
6.54,-0.2764684165146923,-0.08242567620236516,9.97715215334879,-0.009301863679162605,-0.008801401292675868,-0.01865254934413887
6.55,0.0201243663588964,-0.1501665532184967,9.404672050323057,0.0051063629951774905,-0.006085354750918173,-0.009970170196508704
6.5600000000000005,0.25292822916000135,-0.045487299946498375,10.21584457784712,-0.011308530366347052,-0.017754606543795008,-0.0026732717127514165
6.57,-0.002510443288732972,-0.06350679483579903,10.013082863761785,0.010267652512713808,-0.032201631109485866,0.0022675056038190095
6.58,-0.18794828403182723,-0.32937962744908794,10.010174768618697,-0.016258934069171622,0.0023425863878186915,0.04121626183027611
6.59,0.18413926380845946,0.17293999298720505,9.704115533268663,0.02204730733365055,0.0027394517130438566,-0.028860000586283557
6.6,0.10263402741971002,0.002103806562429295,10.004658114469187,-0.02817566454164112,0.008548160059481742,-0.016072384004836994
6.61,-0.3217818875965349,0.13348137123176723,10.023309293160594,0.0033500313023733467,0.0028322474171699813,-0.004679226300746075
6.62,-0.36588547423460854,0.07574254261933354,9.87488010570681,0.02128670287335419,0.007599679945615334,-0.01614536361877604
6.63,-0.1634410688975911,-0.12815759067687296,9.892732781259415,0.007793985508162163,0.008650218812185334,-0.0005123735664554779
6.64,-0.2433124443532273,-0.13406198364242092,9.868036677193272,0.02671361786170548,0.01207264259213698,0.027555998503213303
6.65,0.15226822599584547,-0.014246931675723901,9.68019620118781,0.03659444657405089,-0.011834152580352877,0.0062737510698538885
6.66,0.11097515960215139,0.019257339976055075,9.290802518369665,-0.017225697128824935,-0.0018996105724951502,0.02574432221677581
6.67,0.2008924723881309,-0.10256111537806804,9.603198533498096,0.05429476256126941,-0.0008080546535278488,-0.0023520237396965358
6.68,-0.13422527193659836,-0.3060332544394593,9.518261371658378,0.03249716582844611,0.01570490254938405,0.015640349811247914
6.69,0.013865872099544686,0.16164766041293033,9.986288961618845,0.007165817752661279,-0.00991018885791024,-0.022858408649015824
6.7,-0.0790596929675795,0.035691293062802394,9.577890754710031,-0.028744364159170012,-0.007654262172236675,-0.045016103591167
6.71,-0.05368273882753202,0.04198316080429542,9.863232566037997,-0.010840568786395468,0.006161408270008902,0.011505105300797156
6.72,0.009737712918160129,-0.1516273185300395,9.635053844189745,-0.005704317300811776,0.008095751965490287,-0.011566922721180295
6.73,0.03887841152920229,-0.007239801740282158,9.839085419353477,0.008202526393596076,0.01316586526427352,0.017105551234676095
6.74,-0.23790751900934162,-0.07567919930494887,9.725274969964907,0.026127891200947436,-0.02481310884858723,-0.014605247021293103
6.75,-0.03838389657221969,0.1389969410526994,9.94579198599553,-0.01171343483958458,-0.021271480948094175,0.009753168534268936
6.76,-0.09841541196925598,0.022411238926268062,9.858626899166195,0.03203461801361736,0.00961871643293072,0.007468680522733712
6.77,-0.05482813216073743,-0.20496572654661052,9.354917522076786,-0.021665099842506284,0.008733403478923006,0.018622026245050986
6.78,0.05215477970290226,-0.07479369042546374,9.657728081388719,0.009291588404404468,-0.04020573556135228,0.037065789193457134
6.79,-0.22038311750871784,0.4178071794574255,9.869433092420124,-0.0036181902341875277,0.002070877949216288,-0.005831901992232157
6.8,0.021789536685587977,-0.05366452947212213,9.441079564094064,-0.03464258326474907,0.005010754463255486,-0.01594192757747448
6.8100000000000005,-0.08147810554352683,-0.016020561930929215,9.874431007588639,0.030765261284462036,-0.017902438209463096,0.0264749463852251
6.82,-0.15644208668023019,0.20879363890334326,10.034618738637993,-0.007383870408778086,-0.004501411245133587,-0.0068696186742398906
6.83,0.06410602517293022,-0.13865450917563418,9.617090397438837,-0.024338359749509274,-0.0070197517137295055,-0.00921157073421044
6.84,-0.0415746382665387,-0.07569044469611912,9.91565116171008,-0.02435528469035331,-0.027699391924130595,-0.008885393358723955
6.85,0.18723524977353442,-0.06634470359534234,9.740890167852559,-0.01564969567461803,0.004496869076504924,-0.026195872836149825
6.86,0.0938330000516275,-0.016465593416793125,9.387290958642126,-0.011260789299001995,0.02287653390815023,0.026381492394579046
6.87,-0.07551465895733296,-0.02621915180979622,9.931012375432363,0.02404252533531155,0.01352931549221421,-0.028057178616631005
6.88,0.3514388334274414,0.09383719680570538,9.841322071116586,-0.009224316186170757,-0.011562725110072343,0.0003206089212091043
6.89,-0.10316618079731774,0.09003905339181957,10.230709690360866,0.008107484860691723,0.0033976469219775657,0.010767840509122155
6.9,0.11207785421002694,0.15252571408350718,9.961074062315523,0.007016366890495194,-0.0044073009222264205,-0.019681417139236716
6.91,-0.2584324091595598,-0.24229483599938073,9.531385907591876,0.005681870433414793,0.015531086290396887,0.01064761397816946
6.92,-0.054071351179262934,0.036161037919819033,9.32595884860899,-0.0035738296432421997,-0.00368432691339356,0.00828183305200635
6.93,-0.10826463902229115,-0.09044288852840185,9.916444086389385,0.054098599265748074,0.025020136446744837,-0.009802382086589198
6.94,0.11407261205973669,0.18560784871124664,9.644787501428157,-0.02177705679543633,0.012448471574245844,-0.011688391840700443
6.95,0.13645434012626545,-0.15340960802017622,9.860210385729747,0.010220882117144739,-0.015420115340630647,-0.0018388687332831358
6.96,-0.12684138753400756,-0.15669520293688455,10.139368060176318,0.028104588284091778,-0.016265541478281784,-0.00802481165091758
6.97,0.11425380610673574,-0.1581290043891677,9.821498262201679,-0.03800852188870177,-0.017798708024828302,-0.004725608647549724
6.98,-0.16225715019959133,-0.08927784171903777,9.79812019565338,0.005562554785148151,-0.01861439301773895,-0.02089633815844688
6.99,-0.46486192987832237,0.13849108334874238,9.97455423942333,-0.007826472537884606,0.006232560001582949,-0.0022426061822573514
7.0,0.12204212079149711,-0.10120091085578883,9.8664325090475,-0.016167930539252966,-0.010976730735176205,-0.012832133856114916
7.01,-0.26044730945412076,0.06809700765451039,9.305378527436037,0.012260308399046788,-0.027615176127856543,-0.01323356335890409
7.02,0.13570182346997678,-0.004479684616086479,9.589993250940577,0.009978137215660597,-0.0028512351253732254,-0.03954428497960153
7.03,0.003227149626734526,0.2405912489691102,9.34271018772386,-0.01963309615177325,-0.023262469641387135,0.016014334648177957
7.04,0.1775180119705833,-0.1648449895122668,9.777859689004982,-0.016755658947507242,0.0038053130595441867,0.028339881447222985
7.05,-0.11521422955761017,0.14636585462731744,9.715536194456154,0.04440276898140595,0.014617176619517955,-0.004660762698813839
7.06,-0.0542153167973912,-0.16889319875379175,9.90448019785615,-0.011997299376781623,0.016253284282359642,-0.013717064487500673
7.07,-0.07557866799399372,-0.18089471370465027,9.497367556628728,-0.03954268440705053,-0.037296696158940705,0.02618469929769326
7.08,0.18724617522481737,0.021849612233820787,9.765411343392923,-0.0014784564744389776,0.0017557409422366383,0.013503755488281833
7.09,-0.0349339902840807,-0.036272089420379405,9.877275275272261,-0.005384509684691706,0.0034757491056164234,-0.00873545215101813
7.1,-0.11955397221884985,0.004974739950683816,9.498258106576086,0.006059615535630105,0.03968876287963782,0.012644129986768839
7.11,0.2780837491583941,0.08673767641471467,9.792165204026787,-0.009210834378182304,0.002903891697742287,-0.025182741959394052
7.12,0.2068826938370358,0.08055619911093416,9.906978033641453,0.00791066996984276,-0.00042498335233331224,-0.016128620980275347
7.13,-0.061132887475348736,0.012221242687259559,9.410592749738065,-0.0036765435169170747,-0.001862828551225926,-0.009098939377574451
7.14,-0.36349677896093197,-0.10924502022946539,9.541633623717651,-0.01994202329967841,0.04731670545660438,0.03797252666135987
7.15,0.22642500358158432,-0.4433191494667463,9.9275350047908,-0.00040032904533601353,-0.019537810663926687,-0.0006998251407556469
7.16,0.31360262192667804,0.03419373500685941,9.768673854247393,0.03805842739705275,-0.03057968821137354,0.028808584870298783
7.17,-0.1613167654278021,0.03472119642946247,9.463961354942125,-0.01239960801773435,-0.021091833470914905,-0.006521788183162596
7.18,-0.08007473036251198,0.26223603454270844,9.546121514860687,-0.007334697612870246,-0.0012784501203986567,0.02106198306502124
7.19,0.26985374050191663,0.07071186919110577,9.641405012014898,-0.028380095107417055,0.013861921375497037,0.021616770942204398
7.2,0.09219573913552342,-0.044093804659117365,10.012502842706777,0.014644468590746732,-0.0022581531309160442,-0.009893194367429253
7.21,-0.28648608085580607,0.09828329529321093,9.634799533951403,-0.013468807504772447,-0.023756960796594433,0.035480607299339155
7.22,-0.2615487949099891,0.16841646268888835,10.18020608800633,0.013224783971244457,-0.014702484307925902,0.004922118057186216
7.23,0.16823624090466538,0.17660160391849497,10.044138058194966,0.010669076379161169,0.0019291213194723635,-0.005036568383705841
7.24,-0.07768098340976702,-0.28865360038571364,10.010314626031173,0.0077566262525922075,-0.027690513579006107,-0.007822684599364473
7.25,0.12212815845576289,-0.12162009677459709,9.836708825159796,0.0004221660815913253,0.012992864653442468,-0.051248040365937116
7.26,-0.4284229857180705,0.20629498778755034,10.107464099274273,0.005343639261815458,-0.03459660874678729,-0.015699603059880995
7.27,-0.12233461048775694,-0.1164835805010015,10.021838355132989,-0.00111337176125383,-0.0020379480457385158,-0.06756587078355757
7.28,0.028290814252734924,-0.003942587313970492,9.875339448853744,-0.03492442379145929,-0.025064192991930117,-0.03369309685970039
7.29,0.0322967977843742,-0.17535518892132868,9.363414641924173,-0.019145199488087135,0.009915629141753604,0.011712909917556023
7.3,0.007239885449342563,-0.29271473300859946,9.586548417024057,0.002538133517772992,-0.0016911877538753508,0.03710149903524722
7.31,0.1635230927795277,-0.02740644910706827,9.940556941903585,0.0034203513077888472,0.012976024936930992,0.026561876714430978
7.32,0.1593373947992916,-0.16832715914623472,9.752728584007052,0.009084277793156402,-0.0034814410357543297,-0.006367517597057293
7.33,0.05395384618083666,0.021596482760192014,10.02665296074048,0.011878411190612033,-0.023606410838780026,0.0163076638572189
7.34,0.07586255591160919,-0.0726321628865716,9.96034928377741,-0.0326950950315196,0.01920514237274282,0.047962841648111966
7.35,0.10317586742809509,-0.2089839345815372,9.589857059757758,0.030554346128311323,0.00320287892595484,0.018089437606422912
7.36,-0.17407838052861627,-0.022743348459721202,9.218444708566,0.003514465620737115,0.003061225586564501,0.02649734331855764
7.37,0.13974196773169967,-0.25310430842745546,9.690264518051361,0.02400740064749991,0.024528317565723646,0.023650201723670803
7.38,0.018713726184572524,-0.19401235782493187,9.563449398580856,-0.01559133077537981,0.006072577983078348,0.007691791489504886
7.39,0.24735919201150933,0.022132508105684536,9.795566589178023,-0.003815442269789723,0.011288075221674873,0.0014074022256610286
7.4,-0.05760511823306721,-0.0507999632318794,9.865624599503825,0.004401540745023158,-0.021890467888010797,0.014552780500334032
7.41,0.3208618004767103,-0.006903176721680053,10.419098054273556,-0.0180760000970727,-0.014420854912846516,-0.011010141179687401
7.42,0.29335571668116306,0.06706512414359168,10.0897300922073,0.020057835298953823,0.007655370668739715,0.01979021479364967
7.43,0.00601315606706257,0.15976683962622987,9.853980066025894,0.03851554703419884,0.03691685622749221,0.014343286406209075
7.44,-0.3380929836594512,0.16093901948098985,9.603231049924608,0.031224800596802865,0.01840563908066464,0.0013785032536336654
7.45,0.2739965873636473,0.202006918588789,9.81739698910469,0.013098722028874155,0.00403116021454349,-0.03688016249816948
7.46,-0.2060298656839356,-0.2320129368556738,9.997044602329924,-0.004760510645963879,0.012896286667214457,0.019725871153226517
7.47,-0.6131905574839986,-0.1259270617370633,10.07037458820566,0.007215466514003929,0.002517763768426234,-0.011506338635031527
7.48,0.1276019978674264,0.14259107740074706,9.975779607844494,-0.006985740912056001,0.029741379057041682,-0.009260379959307471
7.49,0.08953863667643752,-0.2562178324155825,9.880971064543285,0.018176500483863055,-0.013590083187376614,0.0014403292594854613
7.5,0.00393905524861205,-0.0846086372507091,9.6768559335725,0.032357513788473374,0.013909576169402329,0.0021875049146215624
7.51,0.16297590465423195,0.07630711735940357,9.772492815330539,-0.004161084773613094,-0.025676408045125377,-0.0057430229318882284
7.52,-0.17254328694956403,-0.030939599571252353,10.151042925944322,-0.027035997830521623,0.0007201753100079629,0.011980133696838636
7.53,-0.006177578479561818,-0.16379174450145498,10.035758691046391,-0.00053763989899977,0.03743616141254915,0.058968096218834545
7.54,-0.2850692482894572,-0.014511843135731495,9.908696754498726,0.008421196979141284,0.029551519942735582,-0.013441796873360822
7.55,-0.3934261087065761,0.21925045467158227,9.829435555222629,-0.03891367938110062,0.004213636934203505,0.00028025709142710646
7.5600000000000005,0.22902775053826321,-0.30077734002855844,9.807174160459674,0.01096108146685966,-0.006568312137503033,0.018947637790625572
7.57,-0.03212092562817032,0.10198075270240613,9.465235237895532,-0.02439076926512006,-0.007810052724732836,0.01811550157436529
7.58,-0.028868665847083717,-0.21517006793382754,9.481223768817898,0.023103982288414933,-0.01739010452395638,0.002099449484309658
7.59,0.10267870977063902,0.13115021891936857,9.960104526089154,-0.0013024110086983323,0.012581723152624381,0.016269665359612117
7.6,0.043830881794243486,0.055559315810860536,10.028645835450982,-0.006552669025079579,-0.002624249750436461,-0.004957702935134304
7.61,-0.10280171149112219,0.07217501448472143,9.531162165263115,-0.005724921280757961,0.04217683019376031,-0.021249236536383054
7.62,-0.20687010617952528,0.3213568677045113,10.099429124332188,-0.0038279563134252154,-0.0026837960667837196,0.0009924876169130387
7.63,0.10734867943067762,0.04103001769387233,10.08737753435373,0.011452911691683849,0.01838458018016494,-0.056129963324786945
7.64,-0.2543273312097455,0.041561635460072056,10.11340628136941,-0.027417294908413315,-0.009992728547460866,-0.016418384739017293
7.65,0.4142078327519855,-0.19193491787999736,9.509172631551285,-0.024630540450221314,0.024980276187783774,0.03435252426151082
7.66,0.043434963416285735,-0.2875749430600911,9.468177824165222,0.015500353761063894,-0.00588745428331403,-0.010894346396897956
7.67,-0.1266757998813826,-0.08138921241987648,9.898768316691761,0.006598142769698191,-0.02651575914173401,-0.0026844658065639957
7.68,-0.10198721081045459,0.07618381696975356,9.984953930164126,0.004942815968409849,0.015944655358852568,0.009805300426081317
7.69,-0.09463927307855187,-0.11192436699488054,9.766446380607187,-0.007439924640155934,-0.006851414686775554,-0.0066450211139209405
7.7,0.16420757528120367,0.04257212066659042,9.429527405493287,-0.0068991235161929825,-0.007574065140145253,0.0026152859714042563
7.71,-0.17605846228870106,-0.14513390778414093,9.364133195255368,0.030194999667790098,0.02182411286863614,0.02184925711950776
7.72,0.39426741704666307,0.033404236506010244,9.813721071086322,-0.0002125748773231216,-0.021820899570180977,0.004752936562702667
7.73,-0.0643761251400925,-0.026017942238629715,9.249543912559206,0.008913108586029266,0.0031089025467535628,-0.009684589363187583
7.74,0.2831298994533955,0.3316041066981512,9.721229221762405,0.013112953464607575,0.0029807699461002575,0.029585427076389642
7.75,-0.09080042517336145,-0.2559239174175253,10.044197884316263,0.01464175572593118,-0.01157169776552933,-0.019165198090261345
7.76,-0.1779332161634196,0.05038071797619525,9.524958596453658,-0.015202751677191796,0.03473989783426097,0.03339265617247542
7.77,-0.17965093576394633,0.43945708283787066,9.870202172178312,0.00864531724869245,0.0007303138828777721,0.0005161313736340991
7.78,-0.21266188741867972,-0.07295696415286865,9.796252397637389,0.00974846355550026,0.03567307646862381,0.020479648747457554
7.79,0.15107599895939813,-0.018441738864925655,9.503195782286388,0.0012047797156555509,0.018226029607941136,-0.01771730946948329
7.8,0.2845826482670523,-0.03395612423926606,9.819458879616167,0.01570163596027538,0.0005223436155385564,0.02767704194067142
7.8100000000000005,-0.061909078458786716,-0.08248049021801195,9.748046051021593,-0.016819042217278375,0.01249809924013376,-0.00693026146084711
7.82,-0.04741968085446315,-0.13120604619721923,9.88283346462847,-0.00727336718632432,0.006045921690947681,0.0015587440896929912
7.83,-0.023516369309418087,-0.011164897181809484,10.014016009811002,-0.013423944194667128,0.004684096053904342,-0.03166166430433439
7.84,0.15645094405698137,-0.09494609073856695,9.747910296514124,0.022313709197495733,0.03762075529994203,0.03686027205044586
7.85,-0.37367658652685504,0.0614901051299075,9.784033700769594,0.0025620512499212756,0.02589955713117937,-0.00315242619416023
7.86,-0.19786727618695438,-0.09237780311913228,9.846101281872611,0.006611058924644014,-0.02166645711952348,-0.0169096636661131
7.87,0.023908000490751233,-0.10443641132240972,9.30862424733507,0.010191838851755466,-0.022162661935951164,-0.002979347041944247
7.88,0.22556438201023749,0.03289580658545149,9.748149782864814,0.005908078644069069,-0.00044694076506031317,0.014076919104808006
7.89,-0.2781237516480359,-0.07383175722695634,10.05027535347675,-0.0051622029644341665,-0.0012928579132426511,-0.0002468918305136127
7.9,0.33108858502672794,0.1906374517700678,10.266232340750161,0.03328161599309441,-0.008963603647539491,0.01220010798346175
7.91,-0.12949797283736927,-0.33094964738265376,10.05534468357168,0.002054084716680611,-0.024339292770970376,0.012188908846866943
7.92,-0.14537851380412592,-0.17655057637123636,10.17312003039956,0.02214685737892259,0.02121056324697925,0.013793454023134024
7.93,-0.13253805781831368,-0.2616206593615385,9.479639135955138,0.018735939805955688,0.02746721958237893,-0.05294105682495399
7.94,0.08067874988029994,0.30676796996759137,9.86998480357251,0.00987467656293001,-0.014648729505953136,0.008181281791138096
7.95,0.4071303058872583,-0.014771633330935147,10.294142749983068,0.039069297475376616,0.007747311809408211,0.022321524216541398
7.96,-0.3503101685131601,0.21061310665792435,9.81974001689032,0.02009935622227192,0.013323651838381759,0.012506964732651947
7.97,0.2863999824424886,-0.045178827471050204,9.858332760021488,-0.014201692175501726,0.019106289089141387,0.03513909880554275
7.98,0.20595966185645737,-0.1703119878146543,9.827757804586046,-0.008045524213430856,-0.01802505894111926,0.00453823382276142
7.99,0.4182898494802869,-0.19072640444775532,9.818287404619142,0.004575016206591708,-0.015615176081519449,-0.005016284833809511
8.0,0.06062733521431093,0.14875968358779837,9.827859200464184,0.003666910256041193,-0.026581127137506856,0.020307900446457493
8.01,-0.11158971645410888,0.12564878007572067,10.061463856802884,-0.004062258102024732,-0.019407490058298536,-0.0024137097395091098
8.02,0.23655539912941573,-0.08542950322759024,9.8307651103137,-0.00719787043487117,0.01295659674608166,-0.005811618524003502
8.03,-0.028353146822660717,0.004738033331381841,9.888929966093997,-0.023870494037572448,-0.003117803902936226,-0.016660578590861858
8.04,-0.3123709145319937,0.1452217520780842,10.112010929788577,0.0004114756932897282,-0.03504738343163737,-0.0017881902467523146
8.05,-0.012745029275780714,0.016468104706901358,9.637114957810473,0.005948919131802932,-0.01482515021542169,0.012422192030177807
8.06,-0.0734894970920858,-0.26585415270708995,10.253901940821203,0.013035186974226702,-0.005473280957373824,-0.0015542645134169445
8.07,-0.1799089965540632,0.12465351616073979,9.99627554930809,-0.002841903203599722,-0.005617626567057631,-0.00026011691819678235
8.08,0.18285768550578782,-0.012620040281329941,9.848165901255003,-0.01325205853476194,-0.02032968375634522,-0.018927129934096742
8.09,-0.18451365111296564,0.20160870430227298,9.876193077826454,0.040375731034893975,0.00236947782050409,-0.015282817055178175
8.1,-0.029139755205244065,-0.16755561988010928,10.109337599918977,-0.03328205295948312,0.020008630137285315,-0.014380463718120627
8.11,-0.22368679319853368,-0.13015353004081992,9.624377324366415,0.004536099812107533,-0.01694124280081087,0.02870621506562073
8.12,0.11900150893195013,0.5214114100291143,9.710626875341307,0.014158187088584712,0.005409983595737399,-0.013052486504695322
8.13,-0.23075920402644132,0.18302892618415842,10.11761752949421,0.0013427238860826897,-0.03531491855571113,0.0022944806690126853
8.14,0.06489903986072144,-0.031599720116488574,9.831869880940129,0.021062599682901008,0.020042276494382155,-0.022926992593633004
8.15,-0.1787812760985813,0.07013918488501256,10.182282000905607,-0.020213068612299066,-0.006119965233118745,0.024268808533745165
8.16,0.21172383736682457,0.19803884393795235,9.8985816935915,-0.024705360449226915,0.0009695184888571329,0.025262118188733175
8.17,-0.12304169365147757,0.028768798794878397,10.131643951522056,-0.019002869763657053,-0.0005344690242767185,0.00010373030676272629
8.18,-0.16510749402829974,-0.14207447596239361,10.096023151861962,0.0071625911379135125,0.01970995524313979,0.014794220363929628
8.19,0.19883683331009275,-0.19113793529149425,9.83213171403666,0.04581827742607262,-0.000514025589387619,-0.02408018448390895
8.2,0.023713026630101695,-0.17313008841109495,9.50424692281893,-0.01642376483404786,-0.04577678956294327,0.03909555176325967
8.21,0.03580051537334874,0.05377942893137907,9.608915011346095,-0.031422906733989404,0.02445581796466909,0.007705523147257662
8.22,-0.1348778203217284,-0.27383437299454494,9.482286461043225,0.0021092838233426696,0.009609107202676171,-0.018995753003445345
8.23,0.07586525365081596,-0.04552699511396221,10.024803708735464,0.044412486510641294,-0.021481369173905758,-0.0035529960467522476
8.24,-0.12150391064691063,0.011580823257532501,9.497552991309355,-0.01978924617077136,0.0222315879728559,0.008182950481712963
8.25,-0.21725075055396714,0.047280180979686774,9.74954375817576,0.037265857276299746,-0.018575265860431046,-0.011454519518268962
8.26,-0.047818703513213386,0.036626480406925344,9.846169274777845,0.01920020818724028,-0.012070312421400959,0.002336202077208213
8.27,-0.20623934611515948,-0.007085325551109546,9.423711734314432,0.007712396385379242,-0.009427500968831945,-0.0018575499669536769
8.28,-0.021168847685210376,0.025710242634624927,9.951456423780106,-0.025611141414180902,0.008074054003586592,0.030762523736095948
8.29,0.35363297393207016,0.026634404857920718,9.897399595945716,-0.012662726910761443,0.04654470423960414,0.039009571896866574
8.3,-0.17905992186080066,0.025408579794402104,9.799915113883989,-0.00843244314442367,0.018426160588039905,-0.012801554817152103
8.31,-0.45765617430156064,-0.16404683152834493,9.818373613057167,-0.021313745670636815,-0.028684350273622695,-0.008608338143948947
8.32,-0.14084227472108363,0.15985862086691793,10.304033098828336,-0.0014109282364212583,0.0029238025812469586,0.00634589496048566
8.33,-0.1695980263537864,0.11343397481994862,9.37302476030636,-0.03522530461726924,-0.015048889437080278,0.026288050564306248
8.34,0.15553226310849785,-0.06619942289211643,9.608003714194899,-0.002209583197430053,0.0014994126492267129,0.0007679320930985154
8.35,0.20780102913983617,0.038350930693475574,10.120823054970232,-0.010436601460862643,-0.029548680151489086,0.009244105986366052
8.36,0.20653511227424148,-0.3060668361366725,9.82215005246174,-0.02836143026860894,0.009028224663844293,-0.030992104076173973
8.37,-0.09851954413181904,0.10179745220331672,9.915112681777922,0.009180908381697559,-0.01199686388084983,-0.014554728179195089
8.38,-0.4209611068144237,-0.0368961671646053,9.710927919066986,-0.008758343783925995,0.004307508514220686,0.006587676758591546
8.39,0.02737507256129052,0.13627423732690597,10.035935673396095,0.029626797131565488,-0.02032695784274245,0.003914689687946457
8.4,0.13500369817846428,-0.18740962044138107,9.647543588416903,-0.012234341773485004,0.044606213079197946,0.004655195068742045
8.41,0.16204586688834416,0.06317561146665028,10.155511924531623,0.007570725930103341,0.0044798231090455755,-0.016086365279212797
8.42,0.1250369752536957,0.04096377373872088,10.106864193819776,-0.013060039486367653,0.007825468381659864,0.004743289814751885
8.43,-0.1022396962183823,-0.17744268797873858,10.350577736201977,-0.009062947285794615,-0.032678159042856134,0.014140049851436264
8.44,-0.20351280540909353,0.05564606494550618,9.650713370708457,0.002048470408138633,0.006674796854137179,-0.041090380823836446
8.45,0.1916476129928937,0.039878900428810565,9.648568170774501,0.010127360333226346,0.006436073271176749,-0.025742227908989605
8.46,-0.0754155680681159,-0.15934010403363666,9.478093767540917,0.012133496816225825,0.010068571457430116,-0.005131050036262184
8.47,0.056287267817461975,-0.31399391042268193,9.659853957127385,0.03678080996934579,-0.03203043303930141,0.02950952136898491
8.48,0.07053957437805193,0.14994390831221943,9.961663108268766,0.0171156395021028,-0.019799521579615915,-0.0036041233151460675
8.49,0.37092472756148825,0.3272455310410825,9.876606108404943,-0.01202389216032066,-0.009271412093570035,-0.016317951986209975
8.5,0.04151364657474788,-0.2467943370027273,9.63319581268445,-0.010418767810715292,0.005585936524655781,-0.02190461157235887
8.51,0.12093043632055955,0.15052538813038102,9.892641913684523,0.0390340796888437,-0.0027625530796309737,0.007419020886511723
8.52,-0.06303412320715902,-0.057290182036817065,9.9909655018849,0.0037074666301888655,-0.005777519045024172,0.0036978784481410524
8.53,-0.027855198661115098,-0.10708017769894286,9.956534205060496,0.005789256390329828,0.017261010258814297,0.00122693677859577
8.54,0.19551640427263695,0.04561047946174985,9.578133428696843,-0.02358650241390869,0.00455798285504461,-0.00592925501304733
8.55,-0.19794672260687543,0.31650914016835574,9.294301429353016,-0.030468987723233247,0.030092972175820753,0.006608952988777231
8.56,0.3041594365509783,-0.21244691724440937,9.470452898945988,-0.029395897519409544,0.006042535845568726,0.02243196838192487
8.57,-0.0902214238538667,0.055524960616522824,9.918915714383424,0.005106918103232149,0.0062516661953095146,0.020148533268080943
8.58,-0.26821867513666175,-0.23241281751942036,9.771546502763453,-0.012027928720126625,0.01978597893135253,0.0010597617589934165
8.59,-0.03549649598010107,-0.007580567994491024,9.540098142612587,0.02903234310762532,0.00397544799144363,0.005205752413819043
8.6,-0.09729335874969917,-0.25198950657648495,9.874542389732836,0.016012370607690354,-0.004858828223789143,0.0030508729592206682
8.61,-0.18393918414999552,0.18319544803840407,9.905154447416502,-0.029774927249719002,0.016990585266152793,0.01850947793801054
8.62,0.06848188681540751,-0.01502018794463519,10.120824427722193,0.003003282291498071,-0.037375025469115294,-0.0023588684340302276
8.63,-0.13505964915120738,0.045873876372960976,9.834123618591576,0.006743401144015246,-0.0009691761198999632,-0.013735581152033601
8.64,-0.14101524948338426,0.19320735301381373,9.988375491984293,0.052186101554852746,-0.006315167716591364,0.007283595263717783
8.65,0.11116975301204973,-0.12623788240871195,9.668480345140992,-0.03583340071251717,-0.01231194894471787,-0.03006128646837877
8.66,-0.0019966783278070905,0.16973370456364353,9.73703863026758,0.018945560237618064,0.02431954158152562,0.006962985998807738
8.67,-0.09654612761994678,0.11381904032780459,10.015239015253625,-0.0003761088759863761,0.018122569462556925,0.023162285723917073
8.68,0.49903462223428197,-0.2135759042336538,10.259623529409257,-0.019993596493264258,-0.0039825693596127944,0.014419710484493765
8.69,-0.3259122330029539,-0.3113564052271255,9.952216943576621,0.013138416080691098,-0.007470773764152647,0.015258824677129527
8.7,0.2468474834216326,0.08450006431363197,9.891128663402734,-0.04125971073266533,-0.030780816943190847,-0.045903568848318865
8.71,0.29709429598560405,-0.1717282598063951,9.717801561179805,-0.01791412030049727,-0.028733615311870363,0.0035813835973039845
8.72,0.0718625217163677,0.0937452694996974,9.991469463919652,-0.0006389861241421043,0.03867272191047521,-0.04548027290199223
8.73,-0.02784408374123878,-0.32204056963408056,9.972314969748096,0.002891422846598203,0.01388098055815885,0.03507742911278985
8.74,0.028811618166535883,0.017024215422667938,9.842880636879359,0.0027270678560772465,0.005832563783485692,0.02474229083202673
8.75,0.28073695894454975,0.04083158001876328,9.996323707097151,0.010972390698095923,0.007331462468081412,-0.001686656820716378
8.76,-0.05076003493850446,-0.055719347313749466,10.048202537314056,-0.0061708282045653245,-0.011973406205123481,-0.008258839332081193
8.77,-0.24070108938867113,-0.36392577152967837,9.634022014982193,-0.004072265456386401,0.007794309828463214,-0.013212320269063254
8.78,-0.03631503489032009,0.2410454497065989,9.46703369642436,-0.01841549433592173,0.011310745737289947,0.0030311302031430674
8.79,-0.03244668114196721,0.0149521380807687,9.929124527240722,0.002087053177319167,-0.015132133752719708,-0.011176189404681732
8.8,0.04726684724242825,0.20683820799826133,9.74480607682039,0.014920867489962684,-0.0076852739065759665,-0.026138275511734595
8.81,0.2000873366965418,0.02582585019861339,9.853492030228873,-0.034614406021854706,0.02288764701591565,0.011290830832017595
8.82,0.1703394874719135,0.06725287378901902,9.455759410879308,0.015490294830650725,-0.015263015963565657,0.02864143030535832
8.83,-0.04185398730479951,-0.1207117140766968,9.567398557934858,-0.012748306136807216,-0.019584484565974992,0.006074247042850628
8.84,-0.15879454681437766,0.3862358326795483,9.436534429136584,-0.018401518474743157,-0.01535296918378652,-0.007802962121591243
8.85,0.08860034002407484,-0.0028688659430585175,9.834826088200456,-0.010749776478093108,-0.00021261467130786902,0.0030539246859883134
8.86,0.41437579429404475,-0.16534933445958752,9.459489892454913,0.02140052272772706,0.003124552704466123,0.004442969024987765
8.870000000000001,-0.17276420898669528,-0.19522005031979944,10.062187329268196,0.0006304843860377551,-0.012538227185574149,-0.03483787939682176
8.88,0.09891510730328598,0.14479371339808925,9.374852628735836,0.01607587446660847,0.03531044686081006,0.03158836696460789
8.89,0.14063406184712537,-0.20658831156885848,9.882411226616227,-0.03475768561546624,0.01976134234525253,0.005254067621044071
8.9,-0.051995425885909954,-0.2994566796042184,9.939709747728177,-0.02030955404911942,-0.01763994528979769,-0.021422352739438474
8.91,-0.2758371853567886,0.11638386847064536,10.205758328856874,0.013210472860613793,-0.013321174896968966,0.006020746981207291
8.92,-0.0015204179265541965,-0.11491177775109691,10.220273558892272,-0.005540011079737925,-0.01814755416687314,-0.0023646978744047754
8.93,0.012895825359856226,0.18377505020475376,9.868675588167685,0.006822494564061667,-0.0045008492280033665,0.0030726985332648277
8.94,0.13355798911631417,-0.29686396089187306,9.68386744981053,-0.016077251078522512,0.016375118308872647,0.03273725632295677
8.95,-0.5719181701977947,0.11745922044921182,9.811118218350266,0.03492614042396259,0.025718694495659486,-0.005187833674599717
8.96,0.014843057476438104,-0.09817986307551843,9.637808755182057,-0.0258723450920676,-0.03479910856646156,0.001058030431510744
8.97,0.04053405920454239,-0.07877764142565523,9.384086331163981,-0.009715260838256447,-0.0004696321617132321,-0.01230108924493354
8.98,0.3714509754907779,-0.15925694055175577,9.66373685118028,-0.020110225910611467,-0.025349708044881653,-0.006286095686447717
8.99,-0.16391546618698527,0.20585910685038128,9.614877682262218,0.014231877330658352,-0.001680429368206086,0.010710517759970348
9.0,-0.11459153496045475,-0.34502095524502385,9.96505171002358,-0.034784269751738324,-0.0038527004817675123,-0.028696153538913242
9.01,-0.06139418224079761,-0.19431097929503577,9.375867948842078,-0.02860265952057486,0.03695744421343212,-0.03540429037314628
9.02,-0.1116315907456702,-0.06773572508131004,9.76542200032872,0.030643232605669445,0.04082207110654598,-0.007068842101735642
9.03,0.23101230059712932,-0.04951191433143952,9.593324274618835,0.005164118994528714,0.018222670957116292,0.032507792348261746
9.04,0.38629605938223877,-0.09249292201260337,9.73568964360954,0.027243842635534605,-0.0023194113389847877,-0.01981163035537763
9.05,0.14001980862833663,-0.01872476863297757,9.756771085693128,-0.007810754427060975,0.031024628887116292,-0.00013386603224695083
9.06,0.07387451935422751,-0.12898559255084177,9.859260583026671,-0.006466726518134051,0.01211242796790855,0.01512683700514236
9.07,0.17129340118722938,0.23416271274088613,9.84838515837744,-0.04088217134891349,-0.02624641141341446,0.035805412945178985
9.08,-0.03374956091176773,-0.22642221249049319,9.958107760031483,0.01631896282550696,-0.0062816880400512086,-0.0020502076224728116
9.09,0.07922327568625497,-0.20012149390899864,9.78779519070714,-0.012456314240750867,0.01617461736420151,-0.006317536220289582
9.1,0.21460371649974172,-0.07787048290937014,9.758251096093693,-0.038910466203203216,-0.015212051744323081,-0.02402264693192622
9.11,-0.016101848037123324,0.06310181430159031,10.023193632942183,0.0034996193084714166,-0.01567168936403148,-0.007800791138495772
9.12,-0.014471738635681129,0.09617798125659571,9.723754887844956,0.036283263650947174,0.024023797230583736,0.026592449730190787
9.13,-0.16148186656753935,0.06566026738616067,9.454664840560408,0.0208513887650623,0.025413468398259854,-0.014019320119083353
9.14,-0.26525280361019854,0.006164300339470986,9.664313531806384,0.021568548724446007,0.026436884231370448,0.022001843674667496
9.15,0.03946039658655971,-0.019660925022133426,9.834189863129698,0.017015516734712376,0.0024703591245644144,-0.011539844488672442
9.16,-0.09760720514021147,0.08249841694509139,9.953300891410164,-0.017615035888175815,-0.01078469093418241,-0.012250997889579453
9.17,-0.193257397429844,-0.3665444894465658,9.934056796859176,0.04117657967798873,0.004140488296771448,0.00672400668522817
9.18,0.12095874790197275,-0.12675439797099283,10.086960290543747,0.015375571404059858,0.028877716227768482,-0.024652115988870238
9.19,0.18034436129569778,-0.08179164598943595,9.672579561282474,-0.0007930759252247971,-0.01807816629378582,-0.0045920230322188055
9.2,-0.049555433075989766,-0.02943578969777004,9.426876431032078,0.022373861806954342,0.017223358188350656,0.011961784480093902
9.21,-0.14628003135464485,-0.06666178478933306,9.864275804980153,0.028738964164547316,-0.007262044495649626,0.014383593221434213
9.22,0.24566731617384124,0.3219655258860094,9.855324652207017,0.03400039788727966,-0.01620429680838359,-0.008434566580030953
9.23,0.10915194501675421,0.0019743891475132547,9.86157016389361,0.002653650848810862,-0.011271937581452613,0.008037739295645524
9.24,0.29523783461360226,-0.13510337430367192,9.96228023165222,-0.011546412519640479,-0.009968818768563228,-0.03128434268916174
9.25,-0.07214808094914427,-0.038274317958403865,9.572153137338182,-0.007418246142246586,0.0014461466466153224,-0.012462550300287614
9.26,-0.08236950258503166,-0.049859886253425745,9.59846682979441,-0.029778280481149506,-0.008047052251347534,0.009211958408553947
9.27,0.33150213425009617,-0.09355084936888475,9.795684357368382,0.010990483938027654,0.013121380946265417,0.014576993822538329
9.28,-0.017242875304753876,-0.24318024235413033,9.868032789261598,0.01568261843381427,-0.003646534270525606,-0.024828393330750254
9.29,0.012271215322912104,-0.19612749902068718,9.250593911703538,0.0005192458010849202,0.025793405110498505,-0.0035207508290129525
9.3,-0.11832304180810842,0.11692609874892033,9.436838926967665,0.003531787802209027,0.02472929515429776,-0.013421203367182376
9.31,0.07878758998138223,0.1408179391401597,10.233272991122563,0.015426043516827172,0.010575778343136426,0.003541677066620863
9.32,-0.44769566848051273,-0.20908367784783852,9.800219840048767,-0.02288610579362703,0.0010558976392392749,0.02840549896951286
9.33,-0.14677241696915766,-0.0775028506293435,9.770143671120891,-0.01173364117703225,0.008397580142136946,-0.019031382016157967
9.34,0.09562985348617642,0.3558497136935619,9.929079873463492,-0.012821828233557117,-0.03598600832441219,-0.026239244162173735
9.35,-0.1598682673546297,-0.00560269322678985,10.015089290282456,-0.025516024771102958,-0.00040313470709861954,-0.0032016144890368876
9.36,0.20848824325680013,-0.3041428906998021,10.02343880545756,0.0013821971759915386,0.005020625834968776,-0.01817122371359166
9.37,0.09463709113260739,0.2473683371507339,9.631994165292994,0.027566193477643157,-0.010207278646367175,0.004898404748945854
9.38,0.2006616046756047,0.31957294197253244,9.842433635726687,0.020834279820339186,-0.0113714119420292,-0.028237784284961272
9.39,0.283172574749187,-0.24692059312277564,9.992170334604118,-0.009744500646603118,-0.01710555639252714,-0.0027897041966641967
9.4,-0.0984051204234103,0.15077968746370266,9.969086670338525,-0.06140050224519342,0.04704032951317041,0.04152788328415926
9.41,-0.03399314117026297,-0.04621711187617784,9.384695113368803,0.02158505961390963,-0.02528693331417196,0.020948762986262
9.42,-0.1136633168069196,-0.0372149377521554,9.61431696707576,0.010914899584439202,0.01126318401771943,0.02705018935329581
9.43,-0.09375031248184981,0.057677938170606007,9.975088845486102,-0.041355942832247534,-0.016996691122161747,-0.005814569299270306
9.44,0.1043982586889564,-0.22027355015419392,9.658834220629437,-0.035945281477457625,-0.012717946512247717,0.023893607843253627
9.45,0.06431484862025513,-0.10087857084302032,9.861123661249627,-0.020143887405718732,0.03061804041647246,0.013454973394170323
9.46,0.12947149220383958,-0.14139719426546576,9.859277830865828,-0.022163701986219926,-0.02046858500254132,0.027055146783683842
9.47,0.1349774842046161,0.15193946873476966,9.49113634981296,0.002092902379838005,-0.017965510475343855,-0.0163813293604151
9.48,-0.0003884385110855653,0.084315835476053,9.77189632359074,-0.007119903016387381,-0.004426632818536323,0.011643592166789916
9.49,-0.21730153266151067,-0.25445197541526704,9.339911525781313,-0.022202307288545827,-0.0324080409347609,-0.014164221522303
9.5,0.07855156082031563,2.56808234847355e-06,10.320843906901482,-0.0036278967525644203,0.017779174772678017,0.021992998850311873
9.51,0.16253431021848394,0.2544360841806877,10.227947772880396,6.0830713769574335e-05,0.03515573023930695,-0.01893312646278738
9.52,0.23074388512187594,0.0073067855339564525,10.121013478555923,-0.03127620595990673,-0.0334484203067993,0.003996309251898383
9.53,0.1071784939850875,-0.0076215039252666514,9.371127314425511,-0.004510910645475283,0.0185892439084755,0.007866291420668711
9.54,0.07372505008739084,0.15710531411856227,9.602998858562442,0.028740661032039087,0.01701071090197097,0.05095621940221536
9.55,-0.07322469956597263,0.1696985302730956,9.585288933625751,-0.012171368252712074,0.0038527167123037064,0.01119348590566573
9.56,0.20090063308900719,0.054055187547167635,9.897912093171222,0.03055182267432359,-0.000856804135190555,0.00843862784029045
9.57,-0.08053807707549496,0.08552409271926668,9.887620693414863,-0.02861369402650797,-0.0029610195139196443,0.0037234526146967704
9.58,-0.24854036075399752,0.232671554011411,9.606416329777428,0.011383734693805611,-0.01730615194699441,-0.023202691134199392
9.59,0.07550816853241246,-0.17777571945749052,10.010743177103947,-0.004420277253274428,0.008802799035604186,0.01475367327152239
9.6,-0.028165991291919056,0.07216880835484323,9.854270438560011,-0.003990429900228883,-0.016177920578643073,0.006786164918812823
9.61,0.07820015202050588,-0.1153973316057758,9.948233965244341,0.0026427591947501155,-0.022199847204949844,0.021192565897480656
9.62,0.25297809981881286,0.358596600855835,10.067228965985375,0.007439335151759161,0.021703892029484532,-0.032924472631800906
9.63,0.34506331898692777,0.46654673254063667,9.86003071629059,0.019136354777563386,0.03405810119478958,-0.015538908776012248
9.64,0.3528311589709249,0.04879745590958793,9.929954155334197,0.02506400590662216,-0.02914733529087884,-0.0189082221346922
9.65,-0.10117181986902463,0.4069019046834293,10.036578159373558,0.015546083149561074,0.009533749288055896,0.00731871324089756
9.66,0.023432403057931726,-0.04077638976141881,9.610484756867484,-0.0027096853077514206,0.029804647284037446,-0.009592121232794803
9.67,0.10513187478871465,0.229781474117589,10.01506814332239,-0.01464005747625346,-0.015242804419723088,0.01782767874780152
9.68,0.11499500047594996,0.2649152348691123,9.633612682603227,-0.007523860874049464,-0.006813245249074578,0.007395599013823593
9.69,-0.008192163003150791,-0.22752964443846901,9.289579310506594,0.016501295908600572,0.016267011476090224,-0.01292673195665308
9.7,-0.0758005642852167,-0.11447891378440575,9.689047855063125,0.030964574834399832,-0.005573217097560691,-0.030036854566431043
9.71,-0.27912542196052975,-0.21397413235377855,9.619353730364205,-0.02743267098737135,0.02066197420902668,0.01411586700433972
9.72,-0.006500525198729453,-0.30414940205387947,9.520671577908574,-0.00398047159235095,-0.006806386557555315,0.01800154312350711
9.73,0.04550707515098522,0.20439855349103545,9.676997518500063,0.010760589724541941,-0.005681072159515364,0.004412795979494117
9.74,-0.20673849341660297,-0.003027863725862312,9.883583036800578,0.0017306891323440566,0.003914721322428261,-0.01750047774108198
9.75,0.1116777627004776,-0.08929277512565283,9.30630917509612,-0.011564690058367083,0.014805060619696761,0.014336857128760726
9.76,-0.03129391658296436,-0.0008323741676929904,9.428143668747035,0.02001872246858308,0.03341044734871902,-0.045735464464923735
9.77,0.05554456886445999,0.03152803635942585,9.941527874861443,-0.0014351801013397073,0.01305981480191716,-0.011123600770002481
9.78,0.08604522282457597,0.3501259487761413,9.865195296606121,0.034757232985744464,-0.004654617690972285,-0.0005193901780391116
9.79,-0.30786925702991363,-0.218189386831418,9.517349522686628,-0.011109509771132108,0.01846075178890611,-0.012333114171963075
9.8,0.21782508496442834,0.27098352922586405,9.90993446948232,0.005288773534845336,0.013625997573898931,-0.005587100419841478
9.81,-0.1156024494542114,-0.06789970822171063,9.82772946491347,-0.020573102486736716,-0.004141636228784691,-0.050806527500888515
9.82,0.2605077121579473,0.11756199113118052,9.992333555666326,0.019120411403721504,0.01920636437369446,0.01081060323309753
9.83,0.05932083890496058,-0.22304157332094762,9.900341953505631,0.017463932825713555,0.001899049628594209,0.006043044325118181
9.84,-0.019697081634636314,-0.04288947727434869,9.570036642409132,-0.019082301249966144,0.0005804072169893498,-0.0026063725065125793
9.85,0.0757773109990006,0.35617995163884536,10.087901222506666,-0.03499872829761492,0.0084768940483946,0.021203118890322458
9.86,0.24177679317682993,0.16037106220585423,9.62543934512093,-0.026290153463367286,0.010598278925396668,0.006289257785720899
9.870000000000001,0.08472946459469022,-0.1706118872375245,9.797117484618644,0.017366770223007158,-0.016411181903198138,0.031404628827166006
9.88,0.19416753625900401,-0.18987721945771363,9.675113856632995,0.0176695699217082,0.0002827468221755021,0.006668930358231475
9.89,0.13870539066506146,0.09712524639998613,9.571956015641065,-0.0015047525011321666,0.033199988578476704,0.031508284540870214
9.9,0.1653392021729227,0.051423492970325245,9.768251598829542,0.00320956769733388,-0.017831929425097606,0.008851293282034827
9.91,-0.1718750059352036,-0.07972517717316127,10.228486306453753,-0.0019454409001946717,-0.04057335907451533,0.01588620029811651
9.92,0.1312408901610394,0.0856870539559258,9.643714783336481,-0.010253048102464262,-0.0158796165997145,0.01790950853173068
9.93,0.08706480060907996,0.00386617150661135,9.193455913583367,-0.0018751657522708433,-0.03129859945485579,0.011129955348972901
9.94,-0.20584623684977166,0.27279352973842386,9.95272891668185,0.019109224040482906,-0.03359707511673794,0.020281800485015093
9.95,-0.279192063131458,-0.1168426973413077,9.679179972389491,0.020719350201104436,0.00654219173551977,0.012383027079909134
9.96,0.09122813986230566,0.3582690105961206,9.645871406777776,-0.039396158434397255,0.0019501462387993892,-0.023926458157775672
9.97,-0.3345469440768839,0.27588860986960023,9.805999537706018,0.009370827362748926,-0.0032691738725176885,-0.02346043329198082
9.98,-0.0632140321621094,-0.06451423915255083,10.123664884795701,0.02165995141661382,-0.008853066795195591,0.021113693427879512
9.99,-0.07597449753477654,-0.24030504530118452,9.508399979353984,0.006581707332086765,0.051085182452716336,0.006067048187370281
10.0,0.1405016341589924,0.027555275347733173,9.707844098473572,0.03818727575434359,0.006321197773656452,0.010615640417859618
10.01,-0.16383889080172,0.09207968337910034,9.94316782421808,0.023598147771943592,0.02884573620189348,0.026812714396598648
10.02,-0.034040606517162765,-0.05576014283113397,9.763736602395895,0.015325591874531547,-0.030741598024936482,0.007257645740922291
10.03,0.1932755826447363,-0.17532264122260136,10.00085140119476,-0.01217487520507821,0.024615667474425798,-0.029256932283029533
10.04,0.1940511411469651,0.21741644734978466,9.867613959933406,-0.008310579558795857,-0.03557277520672011,0.005070645592896957
10.05,-0.2550184651639394,-0.039441428489577164,9.693810180076953,-0.0026578440222042956,-0.00885323439048187,-0.0251911707794901
10.06,-0.30272985934489877,-0.17672317747258406,9.584101836984992,-0.02878232083493661,0.020664366341023015,-0.004519398199951059
10.07,0.11720151391018517,0.02376521630234941,9.871960942631237,-0.003992714027640439,0.032474862418154435,0.004348783568401507
10.08,-0.21740172211503728,0.18939056767626383,9.939679739677588,-0.0013258484623068034,-0.01045232720700705,-0.0002893622070484079
10.09,0.13257491556407885,0.33797195299951155,9.562832239305566,0.030081924299377075,-0.0016343478601932465,-0.021547934684598716
10.1,-0.1691203016776038,0.22951228986466182,9.576205219803345,-0.005673539003038923,0.018783212146316532,-0.010339422035953517
10.11,-0.07597632059260509,0.11941771115562677,9.739860417881989,0.03245402470948939,-0.009166801577508621,0.03774018861800354
10.12,0.29928027700026266,0.35905891502063014,9.928698508533277,-0.007866491258378976,-0.03145420584246339,-0.025776535833303166
10.13,-0.02055788773585787,0.1931948050315597,9.96359073452079,0.0008648295962772381,0.0021698397705671568,0.048914938960653846
10.14,-0.294421342903118,0.14663589440173236,10.33509056565046,0.0007603508128479813,0.04400307076009508,-0.01257300522601262
10.15,-0.16528247486063583,0.2693784779622168,9.775250670393746,0.004096105692716212,-0.025786546287118486,-0.006639384450295518
10.16,0.1177073466148257,-0.20689325579862106,10.167596114015947,-0.008405093364508115,-0.0059055104593269195,0.02462452526212983
10.17,0.001492865943538374,-0.26571045459035614,9.812072143514069,0.02300931748525506,-0.0035477309652825737,0.012946209797866405
10.18,-0.4150867250104262,-0.04364753753943153,9.779525760959181,0.00952727257140742,0.020078577184034645,-0.004836184043370627
10.19,0.2893958793267454,-0.017927953280315392,10.06845810207659,-0.022285838720946076,-0.027971148470285173,-0.017610720923432084
10.2,-0.00733337626761598,0.28565791071053515,9.862096694368704,0.01141177053920159,0.004169917741130952,0.013105254355272686
10.21,-0.13336202447058984,0.39472080013124716,9.864590703277031,-0.0026842309516714714,0.009401527536084617,0.0018475005323509723
10.22,-0.13597104002422786,-0.0675372541563036,9.889022279166957,-0.02112264921218651,-0.02972783259203292,-0.03640898330211198
10.23,-0.005881106733884544,-0.32819719328564473,10.08679128757991,-5.884873929830031e-05,-0.015314206361286595,0.002397258088162324
10.24,-0.0328883084498992,-0.06230632771035674,9.748425623509705,-0.017340495421466727,-0.01214266268283154,0.02822459096001726
10.25,-0.21324672301734607,-0.08907827881911505,10.104323315191532,-0.033785620077702555,-0.021990802131130853,0.010286788250631665
10.26,0.09504210799066302,-0.19385483235296064,9.78651144941992,0.004946949735844453,-0.005201934478038924,-0.028649544562820737
10.27,0.004528286444316729,-0.2049148619768255,9.93577149822834,-0.021509140480310544,-0.025027174859205664,-0.03538881295535504
10.28,-0.088930864041037,0.07885681043124405,9.908342597567698,-0.025882403339386264,0.024230301223964787,-0.02222852243447179
10.29,-0.05907432530602499,-0.35141159636115693,9.422315776882902,0.03950083665083301,-0.011006654728578195,0.01598780008068114
10.3,-0.1854353557938622,-0.025631584951496134,9.745285384617208,-0.0062087965711408654,-0.010209464132802106,0.005524993053638151
10.31,-0.3472427885597712,-0.07340328664519548,9.559379499954195,0.038162057432693616,-0.021201085912222528,-0.012386932027713805
10.32,0.05940815129731312,0.1140307241761924,9.610459059802961,0.016329133124495614,0.00453750443795823,-0.009904326332734529
10.33,0.010184278006980005,-0.10665201393297927,9.832828545903256,0.01020486261283536,-0.008578603672633082,-0.005463280316575504
10.34,0.16573906575598268,-0.04422553826774468,9.159443115090669,0.045059023310535004,-0.00971367747867868,-0.0008319914056473528
10.35,-0.49612749399815886,0.06779674056612085,9.580317404297858,-0.006742776701611474,0.011983874318400718,0.0021385380340492905
10.36,0.054175615088969654,0.010998711662462593,9.988884920269635,-0.010972185105395237,0.010806808390466235,-0.009911002328200389
10.37,0.2931424350203149,-0.12295496368385253,9.446782445549392,0.03434782497380754,-0.0004032510421145465,-0.030388508268330016
10.38,0.02980469886342321,0.14831642815762205,9.58313748771411,0.009914245561166211,0.01721128316681538,0.007429407241928636
10.39,-0.2675280802038595,-0.03804501867191453,9.831320775728022,0.008580433975414593,0.05089572183215523,-0.0038377380412859164
10.4,0.0894623511304537,-0.06464860798368834,10.003535895657402,0.009253116733934636,-0.025996407954799537,-0.04327869215519448
10.41,-0.0573838920005592,-0.2144271118361405,9.79732904605141,-0.0007702365967632868,-0.005781850698783093,0.019996708362490023
10.42,0.09703312189733258,0.18098815633722914,10.071987792930603,0.01512112183085926,-0.02253257551108686,-0.006938680942010291
10.43,-0.11270719816588592,0.02705909995958964,9.58618016607165,-0.00333704932745311,0.018086823109965493,0.009084611073913049
10.44,-0.39661443310841443,0.08289156998355378,9.90677737738026,0.00786399445324687,-0.017510863609043564,0.008662737909871935
10.45,0.23403940849471053,-0.3507288047837103,9.708263309414692,0.0010673454664414713,-0.014776655680545515,-0.009586000141464553
10.46,0.053778176230127255,-0.10979623497878127,9.907408396804525,-0.007754166018335934,0.02673974259872147,0.009811543888852884
10.47,0.35925071513118617,0.3708161346146492,9.376875179871782,0.029726949790575878,-0.005005402226041328,-0.026244410264717438
10.48,0.19482314041974952,-0.07144203564410082,9.588858821325312,0.0035955619619665916,-0.0034151287555711845,0.034428588635135725
10.49,-0.12640830305728723,0.05643314009054517,10.00008844536723,-0.0029138193669889963,0.04415526810001282,-0.012283044255342702
10.5,0.04433622488023261,-0.11696382952271961,9.542601221083768,0.025719314915115074,-0.010302095693280463,0.009053885376153844
10.51,0.06739260176518734,-0.19978694477543954,10.138226566207985,0.0036993153603880513,-0.014616952487921185,0.022645171762529486
10.52,0.3136074821352644,0.03202538023716045,10.016815690436047,0.012019315978892272,0.003413175594954998,0.008770788011942992
10.53,-0.018048302754668236,-0.38071645519020714,10.164115716130764,-0.011632160522329894,0.029853190416273934,0.005960920951343748
10.54,-0.1009134608144462,0.15744303260284348,10.100582908830887,-0.014313913820861767,0.022686266171365533,0.02181233547372984
10.55,-0.1328564152721932,-0.06698076231343762,9.749268508404281,0.025084481213834952,0.005692514613825211,-0.03296067466526462
10.56,0.05617733949970849,0.001141519321413624,9.996824327887197,0.014490479823750287,0.008480679677867,-0.030557552988347007
10.57,-0.1950647398838283,0.10644731953426188,9.328362282683997,0.0026154640435262504,0.005772046286342796,-0.002413364209363612
10.58,0.24854556778271553,-0.1283180897856429,9.672930884575619,-0.03218894636090155,0.02338496062301011,-0.033523328582496695
10.59,0.2064244997183357,-0.18358278227967492,10.173720241007837,0.023970610486960694,-0.010007040203930919,-0.02419635380193404
10.6,-0.02952772422856242,0.03102476085748199,9.87192396146569,0.05407717131174196,0.019655204671501513,-0.005724039647259785
10.61,0.14836257210221881,-0.08485007863094007,10.100974947358296,0.013128723650862612,-0.04380529672818281,0.012055182613342694
10.62,-0.06830237309114905,0.07662615785975657,10.056441989927638,-0.006642242434369612,-0.012082748244936242,0.022768912854500417
10.63,-0.027279605671294248,0.16894142332885198,9.982805008847585,0.00587940737038634,-0.017917968176254365,-0.02030248863575545
10.64,0.1367236391160705,0.02064507513692121,10.094313918182097,0.021766479296133866,0.006880727222799265,-0.03426710990537646
10.65,-0.23699220520383615,-0.12084552668225168,9.506919814932438,0.0006390015611186023,0.003652189350258135,-0.005168151902979954
10.66,0.08451232975872659,0.015203369975182814,9.857189204199097,0.03160657301374314,0.018586467098786516,0.007879245951968459
10.67,0.18345968681240574,-0.046177662757580354,9.645052137703113,-0.00026656714190074945,0.0168034014804993,0.02026042383417871
10.68,0.04291918232339545,0.09905527813333409,9.750665742365815,0.03350394237306496,-0.02609933427193726,-0.024403794677512868
10.69,0.18000410288595156,0.10858609289178872,9.395224579054007,-0.024928474577701417,-0.006939905122727053,0.030322527955668255
10.7,-0.057547981096041215,-0.05722450003577571,9.192337127708914,0.005347088143718557,0.0166660341904868,0.012422809642064863
10.71,-0.026271319390006143,0.0634444744755645,9.725724928876001,0.026301034111834945,-0.017980476438254827,-0.00920113451539021
10.72,0.12168575270137619,-0.2946047020808633,9.610158270612084,-0.0296542325017999,0.03397804711694254,-0.008545136665084645
10.73,0.08288145627275767,-0.06390770205268931,9.849757704735941,0.00397186629032659,-0.010818122514915363,-0.001820802295964797
10.74,0.06089619337849134,0.28184579190931275,9.878003277398559,-0.016773539769454716,0.007212237881526314,-0.01686782069422274
10.75,0.055849378676490674,0.24265631649025923,10.089446514590252,-0.006226021824677538,0.01285818560798939,-0.031090807577947237
10.76,0.010969196355861298,-0.036501676571706346,10.041567015411658,-0.0022464861980796783,0.038473925293128194,0.021563255995301973
10.77,0.21636717262850827,-0.05677436564289096,9.632219910625631,0.002586288509445822,0.025815194847534768,-0.0161885675917191
10.78,0.3079963006715177,0.06868118255570482,9.886325084982927,-4.203042413906245e-05,-0.01724683555155878,-0.005485632767137175
10.79,0.2074556804836604,0.12509716454052067,9.959144641157234,0.022229135874315426,0.010260975991310484,-0.023187482955946366
10.8,0.10620961406707528,-0.07158105516557126,9.859871810919248,-0.008708705606447077,-0.010488183796721796,-0.005052577483000581
10.81,-0.15597054096090227,0.002144431593731947,10.2388661918638,-0.023992460096915833,0.002169019009697164,0.000315584428330817
10.82,0.1520838164613558,0.20044377159747548,10.029379861918107,-0.02767278204778793,0.0057391515145993445,0.013416129948396261
10.83,-0.30754022838198736,-0.4036858847919321,10.00029360171908,0.019433341848296183,-0.0048194557609771115,-0.014684322890163153
10.84,0.05376888400296879,-0.12662298154058546,9.804188021738558,-0.0014565823522674182,-0.03264068255818965,0.020278023055175606
10.85,-0.009192361265650689,0.012731094583119044,10.012901908408963,0.015846912781215763,-0.011454947391142355,0.00026720460953148984
10.86,0.1254094301772697,0.22678602396851222,9.856741165262573,-0.013221089159089091,0.00834896032747479,-0.01427141412691192
10.870000000000001,-0.01635901029557962,0.06934165529153032,9.853587310289596,0.012649327107775093,-0.012339315597804682,-0.011980711719551009
10.88,0.03354903955369394,-0.07392028945632717,9.980644608626957,-0.020069379877487584,0.015302588066208406,-0.0034399618210482637
10.89,0.060561297896153596,0.12863069302164995,10.064619405064892,-0.01539421813319225,0.0030699098350988234,-0.007707652428808709
10.9,0.19883115136755555,-0.3171968944509795,9.768907305597514,-0.012460704602375193,-0.012241406475505945,0.05067237050195099
10.91,0.16332565781553962,0.0893620175561817,9.665613130947255,0.006636358722084156,-0.003964163463519346,0.03691728477398038
10.92,-0.09614083494956174,0.20704914365189475,10.146870147183384,-0.029562431586696716,-0.006103459282498213,-0.010151341278758315
10.93,0.17094362761645973,0.04738385053969008,9.714772427916017,0.002620960007426657,0.014652773410338289,-0.00964035391456774
10.94,-0.18426464273038135,0.07133341019752899,9.641223199863473,0.025060624971332462,0.0035424923594159744,-0.006777339288507869
10.95,0.3850544558511583,-0.18508543203901429,9.896066692102588,0.010233794965406823,0.028127795832084617,0.007585468641007972
10.96,-0.025022546891360836,-0.1972119664845718,9.524603407389854,0.002581920770994932,0.015399979940031392,0.02448668756512337
10.97,-0.044235379042959114,0.37912552438863806,9.928469533968984,-0.058247833877869026,-0.052139652530673646,0.0005383140743670877
10.98,0.10440041048630122,-0.005123383745785332,9.45268520257,-0.008876089386001753,-0.009039968872229935,-0.0457958702738336
10.99,-0.09993735145721541,-0.14431841090884068,9.924282060852198,-0.022157951031763212,0.008621542143393692,0.007094861112298141
11.0,-0.2942492948244735,-0.10263680830049043,9.689192462202826,0.003227151314145159,-0.0005585594814889012,-0.02168122895541436
11.01,0.10054671422109461,-0.19417004085956327,9.694780667240968,-0.026088496344301066,0.0031208262272175613,-0.019869930347716676
11.02,-0.07612017522025909,0.10021092495021049,9.712860477112658,-0.001802045064234026,0.016450109584648924,0.006949614647246032
11.03,0.0033421645782997734,0.22790144697322445,9.913808759792223,-0.006115335853820529,-0.01929022334597743,-0.036732643740575006
11.04,0.42685248435541595,0.1404465491595836,9.841947515629489,-0.0005796880014734791,-0.0420825335102675,-0.007570565953588839
11.05,-0.08811911966845062,-0.153127115518416,9.47651670044287,-0.030284982790916747,-0.025201749358262155,-0.0019513282858673214
11.06,0.14033830175332357,0.09582306085921036,9.740656773174274,-0.007903003450418876,-0.0006737032316659805,0.02428956350556415
11.07,0.10864347753228883,0.1444566703266479,9.682712076098746,0.04057440771336769,0.00724429497628014,-0.04516259326977929
11.08,0.2693271757150004,0.1551103839765081,9.807036138253116,0.0011404694881156953,0.03627972622392444,0.03143115598130084
11.09,0.1995406940993498,-0.30517843425278257,9.76725201473452,-0.017303948599471628,0.022183064355604874,-0.00044361636662164816
11.1,0.1854459557036739,0.21039582221349193,9.621751001565487,0.007321573068801038,0.01684274523217347,-0.01053485835500906
11.11,-0.06616103689602923,-0.0284751885117778,9.737927924212817,-0.002202875686330751,-0.008919137120835688,-0.010165348344235315
11.12,-0.14346074386419913,-0.11109089797048506,9.781356819370842,-0.0012652138641463804,-0.035574584635370776,-0.02798947332740212
11.13,0.001000784884330936,-0.03578290049183544,9.811885779069836,-0.027357258977606814,0.02239096170424813,-0.01579261084128368
11.14,0.3031395945655678,-0.4428117709836093,9.997801500226029,0.038397628451073404,0.020639690402907203,0.009355120382458495
11.15,0.25844073194610195,0.28170719920812193,9.412250082660918,-0.011080074957166845,-0.011752786177869625,0.024029043899718144
11.16,0.04034725990294367,0.27304057407060695,9.214994608380696,-0.010894740637844316,0.004854270506570398,0.02686256523714487
11.17,0.2920861576044642,0.3029786514522317,9.654414427748454,-0.0013482777918136367,0.0011483312524431866,0.005247083697408128
11.18,0.3418563876559601,0.06608103189372082,9.77369907347487,-0.0029565754769537754,-0.01957931261384265,0.03211239243352707
11.19,-0.1452584782176433,0.12711977857975706,9.519180810769223,0.029605235170872813,-0.005466362493072557,-0.022836916696977797
11.2,-0.019321574827522083,0.08755225309046699,9.389494191478372,0.012900376015770243,-0.014667172123409827,0.012493954567719104
11.21,-0.03960924514635047,-0.0818681863436358,10.062091581372623,0.016281598857029504,0.014662621523562736,0.03487489681825453
11.22,0.36422844276835903,-0.31590302678718984,9.989995447390722,-0.00035073400646487,-0.0006540515963732215,0.02388028313529712
11.23,0.23572356015643517,0.1431080109942058,10.23338077015877,0.002600394752811222,-0.026242863159627167,0.027210114916231046
11.24,0.23048628421928302,-0.414349430983111,9.898747295940218,0.02388340146830765,-0.007610116767457394,0.006650902083512218
11.25,-0.2531451111902213,0.21548206666474304,9.481460997389863,0.015267395531503847,0.0025640942826308305,-0.01914226620881507
11.26,-0.020695413236352673,-0.21535336196721444,9.921517158745198,-0.002574602009249039,-0.012214904748583064,-0.010125181752041967
11.27,-0.12035605559409615,0.04217855637221374,9.759501704458945,-0.014560004259337157,0.014134824721058602,0.031970526876718135
11.28,0.032094483984741476,-0.11667401296096916,9.87757316442139,0.022066315459828387,-0.05415316048007337,-0.014774713968581439
11.29,0.1861888284466869,0.12910102603553908,10.00724814675838,-0.02487837110783592,0.011345924974244248,-0.010668418761616942
11.3,0.012581851466347825,0.005322682359442283,9.880637206586018,0.007502015867207266,0.016115215774480766,0.014100972184891035
11.31,0.009508375872005101,-0.014796011268127882,9.849220253011113,0.024542784217344647,0.030146491510995483,0.062126798004778966
11.32,-0.11464827576010268,0.18854757169025876,10.051834861282275,0.004814096019076336,0.005717771414254629,0.004057764956577932
11.33,-0.5176980429778695,-0.32429611734232927,9.99771842476384,-0.017497279380231146,0.02070770560732434,-0.045095618917131174
11.34,-0.12761199226325262,0.05069133136807381,9.622484240355096,0.020068362992109682,0.0070537290498359035,0.004773196812567858
11.35,0.1765275334667349,0.06884971036947272,9.71693273776761,0.007975266305798003,0.006036224868001122,0.015464957359562074
11.36,0.02489752177843666,0.317305455055217,9.537883099132294,-0.008307709976399232,0.027942473117070033,-0.0058102793658346315
11.37,0.08770171853294167,0.12215261665884092,9.87040458391739,0.015556207766526964,-0.03534448269370413,-0.013947600083233157
11.38,0.21117493884478802,0.02219098823110926,9.620868331432096,-0.025777858596062752,-0.013388962341447362,0.04845051617357505
11.39,0.13797847029040794,-0.23119296482135598,9.821161355098159,0.013275710369537582,-0.009302181095246392,0.008809762899442432
11.4,-0.2145117787081717,-0.03809569767024303,9.89009266035972,-0.025381760369608708,-0.0298140377983461,-0.009051488806417679
11.41,0.12626066955985515,0.07956700393609609,9.496271070080892,0.005097452424233549,0.00466038967371623,-0.005713202193565195
11.42,0.013611416700256439,0.10948692789956907,9.425786888010943,-0.004713297242797144,0.009677497736281042,-0.03281981372182099
11.43,0.10290205617435576,0.048050235729250955,9.626503534336683,-0.013373529548208229,-0.03859734682867223,-0.02903348877426241
11.44,0.2612906476754024,0.014458712637019538,9.438163943710371,-0.013960987064146746,-0.022700024480436794,0.024619354285630616
11.45,0.023894865372907602,0.12749522676399058,9.800152489876318,-0.0027654445246104997,0.017482668740438186,0.005201346029332178
11.46,-0.19859578779592946,0.1923457339945803,9.768255625089715,0.00038638888189197084,0.00805018801429605,0.020614287536088766
11.47,0.0839281979293356,0.04429056587083562,9.37206834358713,-0.03957069362066703,-0.05656837914460449,-0.005238663871406207
11.48,0.2897875338853586,0.11724399730023649,9.715210511775686,-0.025400679011551408,0.021544069519815915,0.013068230404733533
11.49,0.21549915513101345,0.10529575928565921,10.023542113962215,0.004788453140096987,0.013871358796239847,0.004443769587962775
11.5,-0.11241521860398292,-0.354213016286822,9.786460571777495,0.008303609296573098,-0.02211405091697781,-0.005805726201637658
11.51,-0.09137893970261804,-0.027972398937765704,9.97570169722205,0.013973783077832178,0.009712720614875213,-0.005107064392195021
11.52,0.09655186287041437,0.23712747480698107,10.132556884644039,0.014148589593858481,0.005564017718792717,0.022990415539505607
11.53,-0.20292266968296144,-0.027886723584316687,9.854942209490845,-0.05240086916730066,0.022910050034470098,-0.0068423505544262285
11.54,0.13992331598802213,0.1068842969527168,9.896478933663749,0.044823136335790506,0.013930266028982041,-0.0044764864255788985
11.55,0.008339411895546763,-0.009609294327182286,9.848151471612962,0.015385662894605133,-0.03568591912198135,0.017568458427999895
11.56,-0.06574424528498225,0.24797814093011208,10.153384392466043,-0.01417027272573138,0.009826838249172673,0.01917194490926005
11.57,0.09783298508159323,0.10280871840160044,9.64411481739682,0.0032525662293710154,0.014034076734540454,0.04580801321447056
11.58,-0.12283609220776152,0.07908036463808944,9.86765629539284,-0.016847146719696122,0.0037848140542636843,0.003545855082720708
11.59,-0.27964659124874425,0.01260257980197682,9.745400563525411,-0.029780577645954882,-0.014077319889470412,-0.015357762244839007
11.6,-0.07089617560799796,0.050395233409436566,10.045978074969248,0.019512608654186178,0.015143928080965227,-0.019754643880050424
11.61,-0.1615793660171209,0.05170920899848958,10.106738885729463,-0.013489428686918008,-0.008370058771049491,0.006393504472690725
11.62,0.3338189091705673,0.03190505611622002,9.532889295376712,-0.032566316259674745,0.03580662472635883,-0.0015486754018913744
11.63,0.05326730540800644,0.09717231516189348,9.970182933321338,-0.017459347723364285,-0.015391815639274622,-0.02593113121349912
11.64,-0.25681885530326054,0.25496768687933424,9.461318409643507,-0.006216730654242799,-0.0002058955824366495,0.0017402674425319351
11.65,0.030349007100145382,-0.2192179131505442,9.900080409296105,0.031692463954030144,0.016079473955816295,-0.026821954091279288
11.66,-0.09165756502165145,-0.026136025959124023,9.773715105251837,-0.006871905814910796,0.013578329353035944,-0.007474197859613491
11.67,0.02724927630490339,-0.0636156912612924,9.894487082777141,-0.007640835340670778,-0.04472579901656794,-0.048534703196632535
11.68,0.01851673540254509,0.021971836146703182,10.32937700580562,-0.03668585993067325,0.022002996565443883,-0.010259405631890218
11.69,0.07115328002852214,0.0846201798248666,9.756348202805865,-0.013539177490837993,0.022331708694447908,-0.002169380607166748
11.7,-0.21758760061994364,-0.016109475497584114,9.505247704316169,0.00478177672247761,0.009157621852972163,0.023393077672718306
11.71,-0.16825888528107605,0.06230177003546818,9.504341154647477,0.00020659249002713022,0.0004096924927144913,0.009349329765377076
11.72,0.02584197819483092,-0.1415360481779919,9.824956133267467,-0.0003609433294219081,0.0006010989368225083,-0.00873740360250134
11.73,0.2539195855806788,0.24955213469484894,9.843575237823448,0.023097900959187248,0.01683134254961609,-0.009441043502847022
11.74,-0.2850541431920739,-0.23326812799184027,10.157087401228232,-0.002833539573693479,0.010378904519403468,0.004887741825873925
11.75,0.0732883349333553,0.19749076829379197,9.553214989658025,0.009564726333169958,-0.006249163496798148,0.013226892615448835
11.76,-0.05376932592807679,-0.21625803178107617,9.474730073797792,0.02235281076311476,-0.00328624433666456,0.005652559894396381
11.77,-0.22551908252121974,0.2092105538515642,9.488460497897826,-0.002201184170322482,0.03119651904880267,-0.00972085314518871
11.78,0.03871993036029458,-0.009850594450269803,9.833561490879044,-0.0037138226061765433,0.0216827571373689,0.012659942722592757
11.79,0.32928621990173634,-0.5113909988735083,9.898729621429423,-0.03504632552096167,-0.015259707090796909,0.012929868447023611
11.8,0.2120097135525616,0.009357965020019822,9.742067602322244,-0.004207932115204914,-0.0019597773692494502,0.0222502339037893
11.81,-0.02749347941966689,0.2693617020604115,9.71636073916699,0.0069660253012351105,-0.01490143482015978,0.008635387813565869
11.82,-0.014596502275465866,0.10994368757967492,9.561084786004711,-0.019004625999986986,0.010815718694769078,-0.017833287665282728
11.83,0.10922224566755563,0.13059795757430206,9.777807906189699,-0.0045830808795648634,-0.022678276669895615,0.01061674194191666
11.84,0.037919850399162645,-0.18594830491951356,10.054822552627872,-0.01684694471260438,-0.012191893278310051,0.03320558221982148
11.85,0.14520744850971504,-0.16781721459549528,9.948710647052716,-0.0344661223951272,-0.004949301987973653,-0.04049831782901031
11.86,-0.1343235858142685,-0.18941427329461474,10.076721615857716,0.009364012580185148,-0.006901887344417236,0.010044996847324895
11.870000000000001,-0.2256886896362422,-0.2763904106325039,9.458634467275989,0.016628924017007173,0.0006653688786499808,-0.014894520362110907
11.88,0.018395532291557715,-0.02411656315789667,9.537939676792407,-0.02380746071224908,-0.001142372644421132,0.050418616767966246
11.89,-0.0031528715738529866,0.07590615498952996,10.117193290341017,-0.008628281797956197,-0.03944941656660501,0.012955292904715967
11.9,0.08649550999805512,-0.2749907345672262,9.79784850496787,0.001774659025153864,-0.024353864982046784,0.003746195597135518
11.91,-0.09798658144962308,0.1890182354296753,9.807233499571646,-0.007723501609341088,0.0036421588642782505,-0.035297384984252445
11.92,-0.41325590087741754,0.021729863154609834,10.065908417852015,-0.005636169033291173,0.032813554925286696,-0.0035128075889787735
11.93,-0.25448481269079243,-0.03275082289938239,10.303192815514333,-0.0015600430329200732,0.012428847618236514,0.022982970241226586
11.94,-0.09013944772641741,-0.1307699362629196,9.652069733986329,0.03060548778139513,0.0382380417271753,0.004514095033143321
11.95,-0.16419924835567232,0.015377944876273877,9.986544121354454,-0.0124608908785431,0.0021535858418239204,-0.017397622792460574
11.96,-0.102387788762778,0.19160601757483464,9.713095543004082,-0.00654273724536933,-0.020675310462784882,0.038802372165602
11.97,-0.021229738159830085,-0.2484061212390312,10.123414009870524,0.016867677040326184,0.008634521760737056,-0.01127753375079331
11.98,0.31168575252370084,0.22156202424295446,9.9025560348331,0.019946815876829,-0.017756485492998176,-0.015474227244922364
11.99,0.2388185086974891,0.05114838675998157,9.683531099274727,-0.0073057054600038215,-0.02153532486085501,0.000293848134941964
12.0,0.1603320792629147,0.11951371516757174,9.335728021296195,-0.026041944564281445,-0.02542846502743216,0.003782930208917891
12.01,-0.14265450653625766,0.03529410956709113,9.42018333802568,7.43339812377257e-05,0.012259282702906086,-0.026777899116343734
12.02,0.12267078350879904,0.08091770634180223,9.719014242666908,0.011992667879136155,-0.004567056268385245,-0.01004481245999414
12.03,0.013785998560914364,0.15168959967008985,9.882424742509523,-0.003458331018620191,0.00480919013461643,-0.05747718895471623
12.04,0.0060908681998447034,-0.2846065800024295,9.959562947243684,-0.00431810200955346,0.03474435493684084,0.041021253376100776
12.05,0.0956292318285275,0.2803840041394187,10.12772044007921,-0.0015067733463764903,-0.004319078989095876,0.020783641549577823
12.06,-0.1372786436676019,-0.23083199498067625,9.92229830704418,0.01729163521121587,0.012352748063402131,-0.017799343681668554
12.07,0.07032547036336781,0.10657762893773239,9.618354483510435,-0.007746912439837944,-0.004800608285931681,0.030052294326163218
12.08,-0.07033061049086836,-0.03216057411415912,9.730091246290087,0.007661267298710557,-0.009417052382596745,0.02763378279184477
12.09,0.240370620131016,-0.015227560947141635,9.528088788733925,-0.013300204025940865,0.0016176576872551332,0.005513549838707044
12.1,-0.6095438144181331,-0.1157551938613627,9.901570748813365,0.013776145313416503,-0.04256935394911418,0.0058167152615247195
12.11,-0.016894251664052465,-0.12203297804334018,9.512094766984449,0.05409053374459364,-0.013239598188828387,0.03271459781171515
12.12,0.08671496177461471,0.35385158169019226,9.576909674076282,-0.030169646331913418,0.04969590114355458,-0.0032260102210715136
12.13,-0.08572727879846423,0.08364641160276201,9.646186429560762,0.01778413799782304,-0.029618828969811627,0.03632301907886042
12.14,-0.040259372164400085,-0.0885416882803957,10.085440958787196,-0.031149202132109328,-0.057763978460834635,0.008456115369458117
12.15,0.14500765822638936,-0.06686620758135674,9.984627583749663,-0.002072732790641149,-0.014249522250740814,-0.022841818472275895
12.16,-0.22187165926981714,0.15864672665917853,10.16991755501937,-0.009951367795112166,-0.014670532962013226,0.024886581596597047
12.17,-0.0025613975658204877,-0.37427050265711376,9.681508559549284,-0.007111619119650015,0.008035576473556266,-0.01328130564891506
12.18,0.03793258295506318,0.15473689183124487,9.858099264040938,0.02137813004728696,-0.002556414142307609,0.030245575815691265
12.19,0.278915728031607,0.21010377628056132,9.849751759488102,-0.01745085136022586,-0.02000808101886367,0.026328882358491075
12.2,0.00405064638998017,-0.2802042182924852,9.429180012061906,0.004251638199048126,-0.006325564119859238,0.01774648576087352
12.21,-0.4118184731195433,0.287183129988965,9.580339478645444,-0.02402716221697329,-0.02448612076886249,0.009203659344082606
12.22,0.42277638307540644,-0.14602108874407932,10.105813309322945,-0.004597320814253725,-0.00627348829863222,-0.0004943387683630857
12.23,-0.13087130010192857,-0.023205494660869627,10.05341000169833,0.0026224062806415776,-0.028468955599782214,-0.00540919349443684
12.24,0.11538789503161108,-0.029394781333158163,9.842859762487832,0.012542712615383365,-0.00801764599986349,-0.010766761030965697
12.25,-0.100869792394077,-0.3602843112739174,9.57496293298047,0.015446269542642563,0.014157595037472472,0.0014184445717570662
12.26,0.3607682164036735,0.06862148416478317,9.741356508594427,-0.004185990483837951,0.009676374961800316,0.02895056198513596
12.27,0.1882216401370934,0.08343984932736496,10.072222094868739,0.004923935786603083,-0.009503424141070258,0.035551657929635716
12.28,0.044487385627126126,-0.20794151965053775,10.113713813490351,0.02220763843940432,-0.04566041835581294,-0.010397641021919278
12.29,0.04024185726150066,-0.18203749417166004,9.554320042168793,-0.014452902160879895,-0.019975735546145724,-0.02079139574427485
12.3,0.05877671091096951,0.10926063992469462,9.624140443237968,0.0369622392725745,-0.005812179217916482,-0.05408904351464028
12.31,-0.0014883140513150866,0.23683379329523307,9.7936894348882,-0.01793838588030602,-0.004228721448747959,-0.006402435459078491
12.32,-0.03270702535315987,0.4183017866040565,9.77015503848226,0.012566108795992351,0.049744709783432865,-0.04476563212452811
12.33,-0.18376815031730898,-0.13163263419629653,9.76500186814094,-0.028339708362756028,-0.01122058525604102,0.003390452879262243
12.34,0.025744595474440576,-0.010648830853722502,9.599405700158046,-0.016038843571780544,-0.01447082666761087,0.006693380844728453
12.35,-0.016691569079298064,-0.07351936475823435,9.83696141600196,0.033014538171629935,0.023361400579208193,-0.03586975475190288
12.36,-0.22048704687904344,0.0673914338256704,9.925228665680049,-0.014999786929887439,0.031278941751125,0.0030103237626772994
12.37,-0.10035849716494037,0.16024567165859815,9.974436500594612,0.007794706081368451,0.009322258864538331,0.012761037913749761
12.38,-0.1220662737253797,0.15981948883494979,10.216086959587432,0.04035047474894548,0.019775717249160444,0.009861352837469863
12.39,0.41721685497978445,0.11437748517574102,9.973404067790849,0.017088652526868364,0.031642452497633776,-0.004483233570634316
12.4,-0.09551778695004368,-0.16150297532218474,9.858167760114426,0.000812076710676366,-0.0006457414152652392,-0.016427837462323982
12.41,-0.003397568999999727,0.012643627714511193,9.669508029290789,0.01598868963996015,-0.01242537323778346,-0.027477144496932372
12.42,0.024521071001238567,0.1195187513346457,9.509497634984015,-0.01587514556197419,0.012400812406175635,0.009218896780869549
12.43,0.0412570672136241,0.02635592614632721,9.728693349237394,-0.012367833950221783,0.03679204190131367,0.006210049063624756
12.44,0.30054289443480803,-0.1284454122729579,9.751176016667067,-0.03585082005160929,-0.01167852975744887,0.0041087531059412355
12.45,0.09156634598755721,-0.002701673156476337,10.01113383796708,-0.01699521864520507,-0.02489989749977657,0.011929393072045403
12.46,0.305129815463453,-0.27486118258811043,9.873743393950683,-0.0328377831259312,-0.033532700960472415,-0.015857474957231606
12.47,-0.3070972178391216,0.12088652852549552,10.11034611529663,0.04124653692820082,-0.01972499813970787,-0.010212975308453135
12.48,0.21628946288398246,-0.2719703948038575,9.80749931477224,0.01609544960567651,0.011522558876894719,-0.002266246743269606
12.49,0.17041667174824535,-0.17980460769735243,9.974857674084278,-0.02092279982335953,0.001247767438304379,-0.003939406039617229
12.5,-0.059953344731612186,-0.0072671752617602505,9.737832901647065,0.018353259928098345,0.011357467530231131,-0.02383347043613265
12.51,-0.2316144347539582,8.978455069163011e-05,9.523080125640465,0.004996508812379774,0.016011477839725452,-0.0006672547509258269
12.52,0.0954371547200177,0.00952011119370122,9.663759440672978,0.015277993808678057,-0.0197586449490675,-0.003055028028692162
12.53,0.18872125215020333,-0.1450470741601463,9.634670380417717,-0.018315306621356334,0.021997349073685123,0.001453265136897353
12.54,-0.3065149072020527,-0.04174607202152213,9.590159920646267,0.0033290231304434884,-0.006805984514260402,0.008919365693451007
12.55,0.15412345451328596,-0.26355409199786944,10.182147204328585,-0.003919200507977684,0.010996733106736078,0.006342500947909975
12.56,-0.03922309746103112,0.12067344823020093,10.098112977418108,-0.02714521526349346,-0.006847237705336005,-0.015946702066929847
12.57,0.05420772455363203,0.1467903617149762,9.922651717677423,0.02093876400394662,-0.03271025303603204,-0.04552173620388784
12.58,-0.31320050998784055,0.0248112592821409,9.800945112028707,-0.028275492912006792,0.016358207514863145,0.016860345234785478
12.59,0.004855811731865654,-0.13036575291984573,9.939076740500218,-0.002376424116541538,0.012277372339182429,-0.024325372150085896
12.6,-0.258244238394023,0.04971108307561984,9.860080831115313,-0.0030178906753628647,-0.009703056601887411,-0.0037133943013102095
12.61,0.1857872532132855,-0.028171881703902866,9.854155069846176,0.027101762675780235,0.01771888771122622,0.011162041191993613
12.62,0.2064375978331759,0.18770885728238487,9.566734915747919,0.005249476472917936,0.022465759778519116,0.01369176336558509
12.63,0.19795090689482384,0.0150809872395532,9.620630682111948,0.012948651431074501,-0.007931651221033224,-0.021935260129959014
12.64,0.08530404010513395,0.07175405451425729,9.392542680362626,-0.014409984084960362,-0.004823604657123258,0.009636175175986717
12.65,-0.0813922976067613,0.1840888696146357,9.86197705104329,-0.02761589856532704,0.03142999699165917,-0.00405268704816423
12.66,-0.2853342837134224,0.005192634531040986,9.833726919538158,-0.0062723099650534245,-0.0010243601048994125,-0.007260944525704826
12.67,-0.15603108742402377,0.08622117567738193,9.606747142992921,-0.020292908431458256,-0.014786013000932161,0.0029982122033368566
12.68,-0.06298216966604381,-0.15873916887740733,9.739126683963216,0.022431676171518113,-0.02322514568949656,0.004923587290923409
12.69,0.10380541668509481,0.15536650691245277,9.742783249545575,0.015526630840382928,0.005356829140740683,-0.02021388724431164
12.7,-0.06668063710978618,-0.12893348196511772,10.03862426995414,-0.02387461209956915,-0.03435734699668533,-0.01603134146244786
12.71,0.11521902043188502,0.08971178882674047,9.261916940660784,-0.014270985085085505,0.006122070677175592,-0.025862130212645457
12.72,0.08252295931305098,-0.12999450584040823,9.593431890351473,0.005661479008835433,-0.008574367312610532,-0.0065251332260477125
12.73,0.13722767813742273,0.18951304405586997,9.874094469973532,0.013211324470392338,-0.036999360207688035,-0.0023182525804816114
12.74,0.053445923939543435,-0.0583103227623096,9.698384279047637,-0.028515953726605776,-0.0046470885587866426,-0.010999377936917484
12.75,-0.06806735614474597,-0.055282678927550295,9.856807642992068,0.03848045901186311,0.014961056107285271,0.019221213731481335
12.76,-0.10813103818618282,-0.3429999572894512,9.966994679540463,-0.01442701019234109,0.0012875415233416963,-0.008362063918451334
12.77,-0.030474994035143747,0.06256229396706953,9.825175267742733,0.008131764085280553,-0.006623115159213015,-0.0007083602342951164
12.78,0.097466357141726,-0.05812917409771925,9.495344169549233,0.0037401410213027263,0.010271046694895996,0.006420858729436878
12.79,0.06986872157398517,0.1296693131899775,9.728542380285818,0.0036055568096260127,0.007319545969254979,0.009909136154171917
12.8,0.033723508715402924,0.29272962776654143,9.757425354635723,-0.009760841689387355,0.004931007011878109,0.0166032238878053
12.81,-0.14773299525299163,0.15915276140859164,9.624012180199085,-0.03819451316170094,-0.010026018903145965,0.012653745680028793
12.82,-0.0021573948886642186,-0.13982806553319763,9.536252839866712,0.0021799362372047627,0.02196010902693797,-0.012064489101563087
12.83,-0.2338325293888916,0.3558827219592488,9.697346288943585,-0.050318700574415856,0.0173530976716577,-0.0012754517820458549
12.84,0.1644295804679873,0.2566138535385541,9.459919422273765,-0.020263468857450555,0.021102636868029396,0.013899963985832445
12.85,-0.24367267832663372,-0.13720698157376354,9.879626228129121,0.006987152791357218,0.02067007849759269,0.024818084946533193
12.86,0.18730682808865298,0.21695279978149015,9.837883860711836,-0.010077397605252742,0.027445006983426102,-0.01342630432376799
12.870000000000001,-0.2468731725968374,0.051677916110195156,9.230418938038595,-0.003359096923915501,0.0035156710588400398,-0.0244216195909665
12.88,0.0366664858671434,-0.14120434855820616,9.801196905034056,0.012011252868718812,-0.016462133432362774,0.014503188561761906
12.89,-0.17011814932246622,0.017301211688586518,10.157115293087971,0.014754908373219503,-0.017013935909653843,-0.03064941043710401
12.9,0.15261549791212908,0.16400833626453573,10.071974134261808,0.02078597750182659,-0.013216717253632182,0.030725902320513223
12.91,-0.0010389165112927687,-0.04872440372731905,9.928161368722886,0.03452102182935593,-0.03417952516170758,0.038907409491338724
12.92,0.2656068509034663,-0.07948227000029331,10.272342209976337,0.013665646451298858,0.022265637798682163,0.03357875708177507
12.93,-0.11380180426957053,0.0010767840445995891,9.834657983322895,-0.0012299410113528967,-0.040817968718398615,-0.009426595421762581
12.94,0.07904039692864052,0.12622264283091664,9.822961030072612,0.02060808548357411,0.011256734364604606,0.019503964011457063
12.95,-0.12727193934741565,-0.15244334463992854,9.929020037272839,-0.027800577578162265,0.010754543535026844,0.007053126613847078
12.96,0.07251800831698471,0.017925113900965434,10.041443336153193,0.03476945108782459,0.011398319519815611,-0.03393202039272346
12.97,-0.07553998496329553,-0.044196613637675145,9.623672358700297,0.04743468154793261,-0.001527380248278679,-0.00023707039003299628
12.98,0.06179141173542412,-0.1120637079316811,9.63593220090021,-0.009316182900227713,0.018357480062124766,0.0340057440490759
12.99,0.06428091497650144,-0.0322909672653553,9.640708528191196,0.011163965280442835,0.012976415210536978,-0.026106998065060123
13.0,-0.05642463115220805,0.25773003437447706,9.784384314114952,-0.03840655750844359,-0.005919667078788904,-0.0021622061501717824
13.01,-0.12713177111197688,0.19103026164208123,9.928993190512763,-0.021967071874201282,-0.0010573101004435468,0.006131764950065196
13.02,-0.15460338984748376,-0.04354798583148355,9.892975694981489,0.01101345184015134,-0.01245487146714163,-0.025928084652190812
13.03,-0.07609431775053066,-0.224458657854432,9.861965847795602,-0.008390221728201386,0.008954369125799898,0.01755062510571948
13.04,-0.00618435458097926,0.2406699093527779,10.19259726803522,-0.0071693052286358,0.013053348671930117,0.005144675359471796
13.05,0.09089452904020173,-0.21830091027147333,8.43861870057438,0.062213246787362064,0.5395169454233705,-0.018046933301487843
13.06,-0.11189443354523884,-0.12173131200722927,7.686309923597618,0.20369203284296677,2.1153842081626424,0.027694318302130965
13.07,-0.3087322102310805,-0.12314780682264005,7.992676520588139,0.3643584751447664,4.005314894097191,-0.0787760164948975
13.08,-0.4215402995436586,0.2125971116095519,8.996141620604385,0.4038731045799789,5.125581987597453,-0.09105840724231068
13.09,-0.45407226122518707,-0.15711695410073723,8.977957697155727,0.36122109132078667,5.152897527584826,-0.06319832779309513
13.1,-1.0354059374463895,0.07567250533585784,8.299519015841078,0.3904888039381005,4.237668105517516,0.02916783406599337
13.11,-0.8424507244690177,0.244098655824031,9.336557719265437,0.41003596382745794,2.9141501294318224,0.0417998864970335
13.12,-1.1647177429395865,0.2562078849574023,10.627470908324598,0.2826733833902798,2.375525381816823,0.0757766730896273
13.13,-1.057654990705367,0.08542808302521593,8.78871866916146,0.09387126633514506,1.6008436583731238,0.08492262140975516
13.14,-1.2726738220679306,0.3864371596490177,9.398640553072163,0.07047936656763068,1.1184869788190475,0.11260084310899543
13.15,-1.7882752926281822,0.05706520386635436,9.344004495287843,0.20412059064573715,1.5403169585465484,0.07006260410040896
13.16,-2.1976224573498797,0.19447102112917153,9.672912709482459,0.2041746707267848,2.427879765753238,-0.018972721179795298
13.17,-2.460551374783291,0.034436818924523965,10.923486284532604,0.04607970728394275,3.0072843747607454,-0.016543895396867077
13.18,-2.717469671872466,0.23248833769166827,11.648575854823234,-0.06320436634022414,3.207296318651704,-0.03542874391251472
13.19,-2.7320725235000154,-0.05813318984176463,9.41131685696292,-0.14372910005154776,2.7403770463916564,-0.02095019679775306
13.2,-2.893878478052531,-0.07278275755893035,9.814453575695934,-0.14466920232918723,1.3795413222448876,0.04905013171300111
13.21,-3.0205050807685283,0.5794696461136596,9.975112052496161,-0.21348877615155742,0.8745543085335041,0.07278809730552964
13.22,-3.193924746264331,0.42936088099801517,9.802608419022766,-0.1294625980346217,1.165461292690573,0.05431898980166808
13.23,-3.7012501063463694,0.11363399767778642,10.291458736753958,-0.09694415177074278,1.9015142611151024,0.005035741565637396
13.24,-4.0458615368792445,0.2714896625685286,10.986867811509573,-0.18759648209450352,2.500487197917984,-0.059216268300746125
13.25,-3.75214160268378,0.0785594098869758,8.579710921793883,-0.3077956870410066,2.0517774493813556,-0.007243454380901875
13.26,-3.757038824624203,0.09481345926913942,9.012578306484098,-0.3455100120069813,0.7736620956732904,0.07222178205520344
13.27,-3.8879161735321315,0.14872328355515796,9.304599980717313,-0.2046486893670491,0.5729949906196212,0.1340039336937232
13.28,-4.41986878252953,0.3661741233388463,8.8801647449051,-0.11325726430954312,1.2368650445245581,0.10302187109089699
13.29,-4.296526715112954,0.2986927336644901,9.610492476176256,-0.11397470968702783,2.121803451095231,0.012477967738545426
13.3,-4.952707240112445,0.28198688670149163,10.696529786750016,-0.27428237940158556,2.662786207228783,-0.03669656932356935
13.31,-4.521571430451171,0.3933249374543173,9.513454814669409,-0.5333472451135135,2.5468093015172952,0.1440401058201516
13.32,-4.303427192389761,0.3852184927611991,8.53567269901428,-0.7094764988662571,2.2198792742353457,0.15481477176600636
13.33,-4.971379975489853,0.39357606027970093,9.360694078766468,-0.6569868286423135,1.8153895451318602,0.06974282931489585
13.34,-4.993618991481098,0.001969381376554613,9.742014236242811,-0.4812635957413764,1.653384304821474,0.06233277564447347
13.35,-5.367819547226224,0.37695932500581397,9.969938963973224,-0.2535931756577663,1.7522541912928278,0.04991774594902749
13.36,-5.458332718533394,0.3075794711119151,10.01586190959804,-0.06805359775671929,1.843546126129567,0.024378523664900533
13.37,-4.715364862906282,-0.013935956124186882,7.6170100981552435,-0.07141185247017293,1.816333946155772,-0.06089235015059431
13.38,-4.928793735022677,-0.16235152407006642,6.76732494930705,-0.3712913086451619,1.283782415080499,-0.005284363830543206
13.39,-5.0836910718878885,-0.052520289931590414,7.29798264860961,-0.2564519146055105,0.83529472994881,0.04531661301550616
13.4,-5.548126440498777,-0.004713251198447205,7.734841173064119,0.08685927011788691,0.7610271716786696,0.12498492164069933
13.41,-4.324811854106206,-0.05140099204445711,3.9813236821691005,0.2418541912832312,0.5961360867369155,0.06075871280424845
13.42,-4.835959248363198,0.058979644875994414,4.021035838170101,0.13327297916259417,0.3502248924677693,0.06279188630329212
13.43,-4.201260793682515,-0.015088981864670593,2.2247756053551133,-0.013498214812520146,0.15500443063878105,0.01241292600694412
13.44,-4.7600548707536925,-0.1389593982816153,3.2824961527145695,-0.11552678633906296,0.0068339094523513205,0.06673073263771671
13.45,-6.547986796047611,0.030277101379173575,6.080254195699764,0.021136897714599714,0.13966401103699624,0.052476439831543126
13.46,-7.480089600557842,-0.24981851567075233,7.254541259798694,0.10245690797519368,0.41943917722122687,0.08236043340858165
13.47,-7.422655765740317,0.035690567309344244,8.057001774415465,0.09151284763222685,0.5126523853674485,0.004710056379264523
13.48,-7.571819476063227,0.2120562809493725,8.300551838777064,0.017727976805457082,0.4276903268471397,0.009181819378784704
13.49,-6.514966534811435,-0.2752560303633286,6.17951041075495,0.02350461180725847,0.2534545395445176,0.005758424873793962
13.5,-6.6621623913136725,-0.28836366454687357,6.131234313174033,0.0003402966832203682,0.12090255061767985,0.05859357835101227
13.51,-7.267876917192356,0.05248648162263128,7.047050473618457,0.07335151830595071,0.21153691835036548,0.09514565205595028
13.52,-7.251974288870077,-0.14342316145015985,7.773984544495299,0.0815207362921368,0.2920500394727043,0.05720029022935714
13.53,-7.235490209190481,0.044290914952146127,8.208903840457712,0.055935441043416426,0.3214666420425187,0.02876615555998948
13.54,-6.26977366746827,0.14915927141450552,6.341268032244877,0.02891783147457188,0.20315724603814722,0.027269620309793574
13.55,-6.8256801458792555,0.15001885037892185,6.434047639234004,-0.004600462844756277,0.021173206568473026,0.05123873188938693
13.56,-7.1508632802830645,0.3105329536951723,7.3342465093114075,-0.011857393088590266,-0.03878328200070945,0.07259507824308425
13.57,-6.849963275855801,-0.12129357950022046,7.29006722662281,0.03729695528182854,0.038297125568543776,0.05964910893235552
13.58,-6.969425324927605,0.01756903641190906,7.1824191663070165,0.018065287614539325,0.07589017067122958,-0.02219380704189282
13.59,-6.789871043490636,0.13112493331390954,7.356799205021637,-0.013100582812984828,0.006965025758196394,0.030036786638600706
13.6,-7.293851883638398,0.053017842105645724,7.4019508377323895,-0.0331331969245435,0.004954931537516596,0.06502539526493026
13.61,-5.481705295656824,-0.05728983897912524,3.8828598306308337,-0.031191327708667133,-0.0852958581975188,0.06870562220460268
13.62,-4.880625555100598,0.13208111220244392,2.924436979917082,-0.02773317710235651,-0.20685877347043066,0.06870846437261782
13.63,-3.917109811135852,-0.25362913322537745,1.7595477464930542,-0.11907649159656669,-0.2305755174541314,0.09244501964467766
13.64,-6.310831602864043,0.2109663578684687,3.88371019468529,-0.14331539687851466,-0.25956842273555353,0.06565958617747687
13.65,-8.252965155106068,0.2147670571217582,6.8659976398576905,-0.1892282155958434,0.023001946942485193,0.10663202614217264
13.66,-9.275942267493654,0.11770540472359675,8.022378587491882,-0.17714285845234826,0.4369133407484864,0.07062253972934004
13.67,-6.739826652684252,-0.2417607112111959,4.666087314698407,-0.25611508091374086,0.5416951421841647,0.0624448069948282
13.68,-7.757500360602476,0.08650117964400003,6.567492820162378,-0.2745034795545403,0.4765973735571022,0.040977318984103395
13.69,-8.723479875204516,0.10105362959300537,8.510826885036508,-0.15637830265140146,0.33467533000980454,0.07278246924454593
13.7,-8.594055284147354,0.11388873842156205,9.46887245123282,-0.08725747082506298,0.335050807279117,0.12175658677975595
13.71,-6.001288861748867,-0.1195523905167315,5.258349184047731,-0.13300997910098725,0.34442910989947645,0.07036606232873263
13.72,-7.251946814163675,0.16868765603526958,6.472567593738427,-0.15265021877261595,0.22071840333807077,0.07697832497854003
13.73,-7.52138689412239,0.2529690674716754,7.195231019897676,-0.11741547858573834,0.29723005979564193,0.07621466597854593
13.74,-7.74432229440663,0.1111771147680788,8.593373131406292,-0.04838256685087932,0.43436543473216144,0.07071206128977787
13.75,-8.265318630066771,0.2666259267197523,9.527443932147689,0.0427214489826135,0.5099623980045038,0.049732997418235114
13.76,-7.87716217648777,-0.27552211083422484,9.454104942941294,0.11508012132471304,0.42639213037823737,0.018352888904785
13.77,-5.8431049404185105,-0.08990017524389701,6.293777324075486,0.08811090098531169,0.263991061349533,0.055459809583670236
13.78,-6.180689278974099,-0.06833874968187503,5.671337072650948,0.06800195804961484,0.07570710904362586,0.041754957812868455
13.79,-7.146311262534603,-0.02472187666005931,7.2269153594759645,0.02317830413815523,-0.04240660633783083,0.03062601990423527
13.8,-7.606772593152837,-0.050153986293977756,7.63425539356508,0.08522973941202051,-0.041655249880805864,0.046496125613193454
13.81,-5.8074760021566725,-0.1650767521199572,4.213271468930582,0.035343072547861135,-0.03202873580144146,0.048310845805478835
13.82,-6.521853711846442,-0.11491302837060495,5.272085060340277,0.018234143398931865,-0.08319324247447382,0.03403339524393119
13.83,-5.0866831536735555,0.15254471808215234,3.4900745076035844,0.04300678938144865,-0.17718366650468678,0.08155855833855773
13.84,-6.596305713793931,-0.01693560747600552,4.616102833585479,-0.023525087012977088,-0.21760565189076286,0.05995205835643297
13.85,-8.149195446412472,0.03218058740035118,6.970099958981386,-0.01872865890893976,-0.04030673013360009,0.0670935432176178
13.86,-8.414198621175652,0.10052987412891035,8.588940418561728,-0.027198764200924225,0.25150878711634805,0.028522060036613676
13.870000000000001,-7.998924580477436,-0.06654331473609174,7.786135557756108,-0.010745448660352618,0.31780596169529857,0.0466289980539987
13.88,-7.317456754408795,0.0053273221318947996,6.26954742277905,-0.012400539267689956,0.28325135653262645,0.054783921445035084
13.89,-8.020266238053628,0.10112793666556597,7.962120269139456,-0.03873631383439058,0.11337722048322771,0.04344546165345413
13.9,-8.155391734926049,-0.004464506712774964,8.797005402410566,-0.004415088263350665,-0.017970411787775215,0.002626802978468089
13.91,-6.353106405657079,0.0415611982304234,5.059331566995361,-0.01653699925387065,-0.014652979741722728,0.06174449032766892
13.92,-6.487583153612522,-0.2398493070219685,5.603882194179622,-0.042993421357451676,-0.05161436731193431,0.06733776662305131
13.93,-7.18552229448176,0.08465167015785291,5.719327030369298,-0.01374886972742752,-0.04350251006339319,0.07404831634299999
13.94,-7.18284496870437,0.1606823505405851,5.9615094439793,-0.0005910730437101511,0.015329142902320056,0.04535065572913936
13.95,-8.151529167815921,-0.2515308067185569,7.914914667090598,-0.00667660848587856,0.0751343996954646,0.03426129676425373
13.96,-8.579310667907663,-0.151817924105623,8.519711196603607,-0.015719945797678922,0.0972589095810858,0.01577621220552682
13.97,-6.076744337558981,-0.08681239498633071,4.5118584866017635,-0.035207822044892714,0.061104585264447925,0.028534812190225366
13.98,-6.552247995595499,-0.0029844827021540746,5.539087732572167,-0.038686228232914975,-0.04455900316093101,0.04385026723000658
13.99,-7.865957311980798,-0.09689446607980644,6.978147699522897,-0.06538501273429805,-0.06350131080867583,0.07582834919954348
14.0,-8.242172543760699,0.11118916461871653,8.33600348881384,0.02648189782036922,0.047864314987857315,0.034924647181378644
14.01,-8.076022860422396,0.16353689668966706,9.04338918817619,0.010594665737646034,0.10166214510436761,0.04991058255452112
14.02,-8.008248575416802,0.015521027605578774,8.903171258008047,-0.022723752105837772,0.08410074717801695,0.009633405673951507
14.03,-7.705431942877836,0.08078255958159525,8.492722568159028,-0.008679931053209133,-0.07531402282655433,0.03791328314541816
14.04,-7.603426510544646,-0.09916583781632565,8.47225238105487,-0.019619012852039527,-0.25323990518948175,0.05190576335480318
14.05,-7.212490639373521,0.38592619944541884,8.005257960757445,0.013718540534258023,-0.42851820527013923,0.049032822235733964
14.06,-6.442359428672365,0.2343310272963916,5.299244500536169,-0.006995040634017999,-0.4852518150125961,0.08589552223152533
14.07,-6.436903229284382,-0.010202183696629064,5.611740091780148,0.011847411828143972,-0.5588346430354887,0.054725277461011405
14.08,-7.251093955016585,-0.04217447641481481,6.478984124128052,0.022362410300429358,-0.3587458866790342,0.019942258370116733
14.09,-7.423966267869871,-0.04019605339414034,7.109329047915291,-0.037191101862286656,-0.20296847812884417,0.018199139579602897
14.1,-7.598754249968055,-0.0970836534412733,7.392830471325261,-0.00045830059216612345,-0.1562905557747778,-0.0070473573230657935
14.11,-7.441545016862561,0.2174668687362463,7.526779008940548,-0.01864496732460757,-0.24213258806318333,0.013249094263953078
14.12,-7.596695235700208,-0.0406694765452862,7.371653909787052,0.001443007623078663,-0.3141236405212599,0.039120698809557534
14.13,-7.228751686063753,0.24264494846046253,7.169820443697352,-0.01543160628625082,-0.32816632191989353,0.04522549769838634
14.14,-7.360748259223561,0.11927979202954148,7.124600857314939,0.0009670190054158548,-0.19975555319905738,0.0324873587021777
14.15,-7.491522494889192,0.179632386991815,7.576593113866827,-0.010035107184107245,-0.11826261558105194,0.017388457523471686
14.16,-7.381405603919209,-0.08446658927561425,7.4658336487301105,0.04169035816402582,-0.13297449355676494,-0.004676994247113996
14.17,-7.078710108819693,0.08686940138814418,6.799620583634435,-0.017557736868885773,-0.22602807354995824,0.026321335754922827
14.18,-7.143346869025197,0.12086488824749031,6.852816717712931,-0.02152872661310449,-0.25814495324759434,0.01210223672503968
14.19,-7.100735340433783,0.2750893927983037,7.3117460716446505,0.006481953667422879,-0.14804537230596299,0.09678278938802398
14.2,-6.301048956187338,0.2561259641314257,4.986687560622326,0.04361375631779644,-0.08438085303644675,0.03558657437484197
14.21,-6.7089288338292725,0.10334083901876444,5.85665996947492,-0.02768111773123089,-0.11525385859096875,0.03023330376280755
14.22,-7.24066011931122,0.11287159467505949,6.485637048866652,0.01693612334456288,-0.051051233880572006,0.05895016454019179
14.23,-7.460582909397599,0.059183269656300524,6.626138031281262,-0.008614216681953859,0.004007813232440066,0.047321612686116385
14.24,-7.329085526823238,0.16627586206599632,7.2093773136247075,0.014696369559196235,0.03648520583035834,-0.0006575881431435948
14.25,-7.543809625192278,0.2189302279802548,7.691026778835594,-0.03294859332329184,0.1455123480731381,0.03805317896456755
14.26,-7.430059518125108,0.034898272630423346,8.042427288845506,0.00788006865908271,0.09978903985925996,0.06403376959818662
14.27,-7.238816172635145,0.050439396822462915,7.565560532398574,-0.02770348990155134,0.06065691928277955,0.030607015275456645
14.28,-7.22593147711536,-0.13253221848021732,7.2691117705260035,0.012783787880615186,-0.012365122293057373,0.04656101870006744
14.29,-6.329943643510982,0.3867642672080241,5.621363190120098,-0.0019127678546334449,-0.026810493286404793,0.006664747291681476
14.3,-6.585126409905825,-0.10703922981888514,6.330086424941396,-0.006997856591157188,-0.081771051344573,0.04077875730601326
14.31,-7.252938053243522,0.18919984229068762,6.899262039629991,0.02476864956490748,-0.06675709136568102,0.04944021851962677
14.32,-7.123193176451558,-0.12113520810701237,7.568348508818999,0.008212706618207421,0.0379135181318509,0.04366901016046734
14.33,-6.3508230793927565,-0.29196348194851207,5.214017896882429,0.0398647711373118,0.02513521223504562,0.043523123950374526
14.34,-7.334430389877789,0.3998257650023551,6.792672717942505,-0.01343348476540555,0.012369493248796357,0.038656644063532516
14.35,-7.620719156165222,0.06106370689177469,7.768579261800379,-0.024581998982966622,5.016112447196047e-05,0.01964019769065497
14.36,-6.761108825089911,0.01675305917652753,5.70260841590751,0.0008771090918248,0.0642569589768553,0.06768915249930488
14.37,-7.124313765607162,0.05929219895088339,6.188476448196335,-0.026078244606309572,0.04493733870556346,0.0842890500164448
14.38,-7.4257081945385055,0.2332161196791417,7.174295750402109,-0.0204402671030594,0.04697991792869076,0.06945607102196592
14.39,-7.071928326891338,0.16977405236157306,7.330539346921025,0.01655238886312433,0.10813911254982006,0.019596701640072732
14.4,-6.694769207035313,0.12245241596963038,6.491341603729549,-0.005006489386482851,0.05314509555552571,0.02911149526658191
14.41,-7.246042890790704,0.03536492486058118,6.94173702463687,-0.04257991006871423,0.0988027254200253,0.05162292338062887
14.42,-7.466652773697053,0.38688279329514963,7.706918472774379,0.0042082684784239596,0.10679304649851934,0.033026869566686
14.43,-7.192857262985554,-0.05189243701063556,6.670946269719767,0.014755598123344234,0.10430347773097708,0.033758019064317524
14.44,-7.202613201033863,0.2502406953487785,7.335615202874118,0.005223385434313361,0.025435793205351172,0.03880700928613741
14.45,-7.287949318889345,0.1570840147946392,7.2832048912779035,-0.019605300892079486,0.010232931880646001,0.052274236290390366
14.46,-6.909904151805135,-0.15853581977079267,6.793887827450081,-0.01601959913317642,-0.0066405958783864495,0.025420311333645577
14.47,-7.3125515218249255,0.09107138086904103,7.290090646741179,-0.027744942600033254,-0.06610775897576478,-0.011984987952927448
14.48,-6.868078694609982,0.30141904934149716,7.117915079953825,-0.0058219230966790655,-0.04529890109136146,0.032543023485949625
14.49,-5.709928962530587,0.44011695303630793,4.149067773435501,-0.05036989321719044,-0.10453251922954987,0.00846891023097937
14.5,-5.919568312263747,0.41554206738271404,4.73298085028837,-0.02880458613960476,-0.13930266691806242,0.03443225001842966
14.51,-7.163726798844497,-0.01254295881705883,6.278344855679951,-0.03195479246910489,-0.09296626900775379,0.0032890009088847663
14.52,-7.57524462493135,0.2961855017786754,7.0438308205607205,0.019726976114921344,0.12998589223079665,0.08925954789957465
14.53,-6.356733242924448,0.12587439324831196,4.96503804049332,-0.007615555978878129,0.20528412794771508,0.023852180675558964
14.54,-7.553631996675078,-0.12827549638493382,7.064296591003679,-0.013639242679800467,0.15844741801346982,0.0458757849359865
14.55,-7.905650782374257,0.3284811952934188,7.797859446599754,-0.02948329383181897,0.1610535606092326,0.035307211790229165
14.56,-7.036239180382547,0.5344049265163694,7.369896311868091,-0.012966707162541242,0.09018482831046946,0.02487123663103621
14.57,-7.742660819266817,0.16048346557006177,7.834655932101517,0.01976188706627463,0.1263398030645363,0.04954809189390731
14.58,-7.064077312313147,0.23553064574718843,7.779562383650645,0.011152962388162692,0.17356399611644252,0.00502934977721551
14.59,-5.984037867412468,0.046185254159642974,5.193405879715157,-0.009906043126201686,0.13293614373473994,0.04517211536126884
14.6,-5.651666266853973,0.49517940670687977,4.342514002835905,-0.0262361402075311,0.05420967732953903,0.0030784732499489764
14.61,-7.319805593345966,0.2370593575664459,6.191464149910913,-0.056551517471482904,0.013174632061967716,0.04104150344865846
14.62,-7.475106059806537,0.3908532037773101,7.488608944448208,0.02737357790763858,0.04326461705739952,0.017707653038598226
14.63,-7.931206832629899,0.19340676188922196,8.211849996643958,0.00734300549329465,0.1791894163102774,0.059011771406030256
14.64,-7.544369744051077,-0.08846793077336812,8.494112937724488,0.028240913036524682,0.18502394264686678,0.020169550144127125
14.65,-5.862034019022379,0.30559786745977674,4.536260296950506,-0.0013505393639466207,0.09178773073198483,0.035563121144383966
14.66,-6.67479364903677,0.2403380980211026,5.3736767567142,-0.019912768061077325,-0.05895499374753432,0.03371449559905153
14.67,-7.783189552782661,0.07473777006371021,7.3643675014897285,-0.00804890123447576,-0.027207137339817146,0.04841002793055202
14.68,-7.605633171260852,0.05930065989139646,7.982840335465256,-0.00760335548655899,0.07297215637530738,0.05338893801156587
14.69,-7.484222060326041,0.37043794395038054,8.072460372094431,0.01995803873649276,0.12429750550577004,0.040342915132743136
14.7,-7.858038940556303,0.557713031810209,8.240806817368078,-0.02871507238912723,0.09410642289831124,0.02462059212142722
14.71,-7.552961555662215,0.4144224939913549,8.257068313924705,-0.00880095793108846,0.0344408084407378,0.01660308491415107
14.72,-5.952921450863651,0.06369127412004183,5.0431264515474865,-0.01068843538402915,-0.19859683550291676,0.03574077367537773
14.73,-6.731310520317393,0.10720394229784311,5.607459292449648,-0.01383413786981539,-0.24333291760784773,0.08249767939251573
14.74,-7.1948795074799206,0.4036683286856403,7.101686742642227,0.013428891747855323,-0.18357207512389645,0.05632757229545768
14.75,-5.104434617247938,0.5461285097957382,3.5497831184255757,-0.022033910076773737,-0.05616271672457262,0.026279280041605943
14.76,-5.67782397594424,0.3397720601071711,3.675934635892016,0.008770134065968296,-0.08075363624820726,0.04583157405767242
14.77,-7.9718845038051205,0.1439803839984226,6.197522635756647,-0.04600226853063292,-0.03201687360856689,0.09243056901045918
14.78,-7.328236279770456,0.24222754870090837,5.815557342298448,-0.04544550886650435,0.0671040772210283,0.05491468778251171
14.79,-8.582341601038753,0.14290205317196775,7.703511102721627,-0.03479034818712249,0.18999042080127143,0.04763191943171478
14.8,-8.545798555462776,0.39346865722783264,8.690737735551812,-0.013186176687388392,0.2966714313513897,0.06246735581381796
14.81,-6.731214187802888,0.18003453516213064,4.954023490484259,-0.0030033615998460335,0.34742187230243987,0.0772458298052996
14.82,-6.001501213644592,0.32943191777012903,4.561672014354303,-0.024314509048313775,0.2976331122264218,0.03723879426680765
14.83,-8.151287051277537,0.38421072451296523,7.222618347929375,-0.032060471216515125,0.17516610694264143,0.030184145652028156
14.84,-6.878442968715402,0.4010124817649221,5.451376614772477,-0.018452950724232916,0.14802117993071517,0.07369363488310235
14.85,-7.940883439157963,0.48909389111377355,7.229306914489276,-0.03455045163493453,0.12916208141594449,0.08098616419060851
14.86,-8.573858614825737,0.43630864699242156,8.524654665938941,0.0035044566359508506,0.2933537348764955,0.062405624611349915
14.870000000000001,-8.430062990184352,0.4423248864569636,8.941408753611137,0.009134404653274353,0.33705226211862416,0.036081192588785706
14.88,-7.393247362803998,0.549026327115933,7.616359407713719,-0.006703515878454202,0.3196256179472686,0.06833493267721867
14.89,-7.546361285479613,0.41654804458934647,8.319257608944879,-0.013358197420259284,0.11952993837002346,0.025665550781032217
14.9,-7.7703332442170865,0.3080312418475927,8.554170333172268,-0.0015655911766259195,0.013135337563939618,0.026099513552049702
14.91,-5.5682820085202165,0.2980302676984903,4.4019584858676035,-0.018588745115386638,-0.12779228804887827,0.03228472462060723
14.92,-5.171393457950469,0.3051071964563561,3.523558551181981,-0.028735586331901306,-0.24102566205154466,0.03560872874097128
14.93,-6.761702978447879,0.3611688347667651,5.413797524549311,-0.05989970910978252,-0.15999605270951922,0.053272983649186575
14.94,-8.19851898522616,0.264025657800422,7.565006637828825,-0.06818731545951162,0.0011912505193854093,0.09240910050715175
14.95,-8.533591568443516,0.46046188118206166,8.364091994885023,-0.008964925119256123,0.1703129315450607,0.03220100343913366
14.96,-8.01589797557064,0.18208848835274424,9.188330596026566,0.03768994916100659,0.15420398029432028,-0.012884851855153825
14.97,-8.06101578504559,-0.0009653027772719147,8.739144578628729,0.02307672009113381,-0.022926765363642708,0.0321107027470498
14.98,-6.792927703813198,0.594966508895816,6.8234827303515875,0.013476737598872364,-0.19655019617559055,0.06437926592965874
14.99,-7.562430880907305,0.43532459783009425,7.519866629255772,-0.038334469061587086,-0.21229109112431085,0.023921963155369517
15.0,-7.631519226715806,0.19571706844272707,7.59392420894629,0.06014711833549101,-0.1342150180044248,0.04409915502263229
15.01,-5.396294664326299,0.12400281112179518,4.351447747960798,0.058322784882350556,-0.16353705089802498,0.061980241777830875
15.02,-6.027810762320316,0.11405249847785642,4.161165328920362,-0.04596096436220755,-0.20886534248810137,0.05532090942757614
15.03,-7.256399537996172,0.28501046054472823,6.1371189415702165,-0.00021526807147316182,-0.24211867324973782,0.05983012439084921
15.04,-7.492505266456203,0.404168597230993,6.818507975235626,-0.031597564505720294,-0.10552726376167654,0.052574429467312396
15.05,-8.317396594347018,0.5457657668322056,7.807356311652614,-0.06649283882287947,0.08518044380573438,0.0562648123511475
15.06,-8.394272215741532,0.44067619153059406,8.142079197975617,0.029923778245685904,0.1620613124351316,0.023349849226681655
15.07,-6.601977462457568,0.09234747415463293,5.858814010165086,0.03718102660779741,0.09582311774188766,0.05328023269434687
15.08,-6.466506510218894,0.20538143644277895,5.3583930651800715,-0.002005477387570934,-0.026656583115639787,0.08414580727579923
15.09,-7.946946025423587,0.42372911139118113,7.233263392430698,-0.0009860237706140057,-0.07444488203171563,0.04781055720656174
15.1,-8.29609664956766,0.40712755746033363,8.145916791953535,0.010809010330907032,0.09924066449962554,0.03836201067791254
15.11,-5.800346198578566,0.04855125785258435,4.091780857147028,0.0021642937596995683,0.1643702586840533,0.09232130294795168
15.12,-6.245329532580849,0.5790043021022986,4.722795416759877,-0.015361636816454853,0.06881821186884533,0.06752653259014899
15.13,-8.134548740414221,0.33300195099867813,7.029422084333454,-0.016419988219140258,0.08120974762367857,0.044269534203281655
15.14,-8.135052488926801,0.3261170107359992,8.178281838023814,0.015738096743888177,0.11173533349842804,0.046099376912114035
15.15,-8.65626524562969,0.3478771877797912,8.790624453633038,0.043224617096151746,0.2052820656259917,0.048966659879151976
15.16,-7.800384652293347,0.41880500529515463,9.141896419128615,0.01767758327957117,0.20874996252469513,0.04658817455342642
15.17,-7.769709473372473,0.39587798258409695,8.789944755203164,0.029942298253477787,0.12669307894358692,0.03379942409558536
15.18,-7.132237942967507,0.25909911034269023,7.205980742860719,0.016323648923040175,-0.07554339670248354,0.008147125657012887
15.19,-6.9645172479932524,0.28337332858748454,7.615378756110537,0.011935078569841986,-0.19747270559578042,0.06152295474055665
15.2,-7.35898454088572,0.3896465016797057,7.276620314221271,0.016320318632526785,-0.318220377152121,0.06775251225122372
15.21,-5.4705077147436825,0.18634948912555732,3.9733893166366734,0.006244159910020702,-0.37649235065048137,0.09030046085428119
15.22,-5.833505661889546,0.30995624472199357,4.079251844671603,-0.0706179771017719,-0.37922693618026365,0.05933313475915476
15.23,-7.1879793920885175,0.28848090125179693,6.672601843733511,-0.0644470023053239,-0.23915261819390649,0.06690194412878597
15.24,-7.127406254628073,0.38311749556951097,5.499273944826171,-0.03768797466596303,-0.003870976084029521,0.08442237243564066
15.25,-7.67462671160673,0.5729209027474389,6.684164650645836,0.01559700172159236,0.11563025312766559,0.014867618999105534
15.26,-8.146171355415674,0.6728529472857416,7.817066991234393,0.020937476497108764,0.08654413046648271,0.04938834522769374
15.27,-8.215579001726447,0.629980321470196,8.242256382269662,0.01897373427049812,0.07461239307973999,0.017656409611197625
15.28,-6.984039856309012,0.6460322089092748,5.9328055779119,0.004969943035180205,-0.014092999650023436,0.07733852593321322
15.29,-7.329679537743943,0.309919714804949,6.749216891999051,-0.0030311513214172636,-0.01446273665860849,0.06995407217938426
15.3,-7.900036589531247,0.21038631082685905,7.642746793619775,-0.007752867354886255,0.03892089499868137,0.035520403797971015
15.31,-6.341326691158752,0.4873237160076467,5.715536113676242,-0.006799587747065593,0.06289640614398069,0.023425111662004054
15.32,-5.81238051616821,0.3551968865391164,4.224300655661092,0.007667320302083269,0.047393257955457985,0.020835930007858904
15.33,-7.4464450628621695,0.613072808794108,6.669202521836657,-0.026882581560985226,-0.03380518974238385,0.09092379067893412
15.34,-7.699216110473283,0.5226790358411918,8.092770565209602,-0.008879598998589054,0.06508904698443277,0.06324436978011236
15.35,-8.072333336116825,0.5035041649599765,7.653545120939185,-0.052371398922906896,0.1217861066771459,0.062050821598652564
15.36,-7.832771571446783,0.3554436385496021,8.27097137425722,0.013419814452964654,0.17600416230541258,0.044864479784343256
15.37,-7.12470077312836,0.5895103872848666,7.1870167839115195,0.03315642565005102,0.06846798841860091,0.06275726924252205
15.38,-7.111087270841886,0.6681271008741316,6.189189428641886,-0.036492373603894214,-0.08031170927056422,0.0219837625604808
15.39,-7.3531936589586815,0.5268444808225268,7.38095865894734,-0.037284537955756404,-0.0667999148818741,0.06065955299200724
15.4,-7.702855254814406,0.6202667516533609,7.752539448508938,0.017602604136932525,-0.018132550446208564,0.03980007480029006
15.41,-5.929445470331613,0.4913269010808363,4.424529763139206,-0.031155530921051524,0.0033629351891992084,0.04312638928580851
15.42,-6.372803709106034,0.4453211179288009,4.945257031720391,0.01357626341813778,-0.07211793859718296,0.032022038492314005
15.43,-6.373828153095817,0.40903853296505793,4.770587895268274,-0.0272617962444806,-0.10238776968071645,0.050802019337153295
15.44,-6.568417572749561,0.41342880873624405,4.70450112253827,-0.19750340736578254,-0.024611165257083897,0.048190291560867564
15.45,-7.98560331659138,0.6543848177205411,7.304536433875258,-0.10948236047447618,0.06757840838358789,0.08689219299277207
15.46,-8.402594579493439,0.5524574764340187,8.400172828666056,0.1020951495577167,0.14904527431445788,0.07404990687493264
15.47,-6.432065682403208,0.4088124139431827,4.691981799525321,0.13114421687053748,0.25601228904602136,0.10138971824319203
15.48,-6.768412302846348,0.6089641619004944,5.295762570845526,0.012698283729590393,0.21856995092506828,0.044357790118908086
15.49,-8.440300048507487,0.7198525792152185,7.249849588291875,-0.045320110927686015,0.11462969622249314,0.020585001298175285
15.5,-8.722364147745154,0.6122928062584244,8.78045490997762,-0.04496163960637915,0.13549982250808873,0.05339338292569235
15.51,-6.155920229031739,0.6458984107814757,5.06151680918393,-0.11817189703369446,0.23378328420535205,0.048604534135685884
15.52,-7.16943953769838,0.32315332692518567,6.2625929905983355,-0.21013489293521292,0.2798012937479271,0.04465014336500332
15.53,-8.053082500334831,0.46217762269701784,8.025176997713398,-0.04047297241252386,0.20396548753831714,0.097936661698376
15.54,-8.225978042577472,0.795150034930304,8.684077910623325,0.16711410130391335,0.1652605845354444,0.08027937193086776
15.55,-7.988161463779883,0.5423139983263449,8.903393428807043,0.18980794791001204,0.07347428712299947,0.05816867840655422
15.56,-8.213355916974255,0.5047671726330146,9.056459906468445,0.08778601107060317,0.0754649052012294,-0.006025123667671935
15.57,-5.5943894789177415,0.6691624405364823,4.943669574160929,-0.12404312656225319,0.005990415934265247,-0.01626989227681752
15.58,-6.032842461695636,0.3797618283916122,4.7235632638410685,-0.20851902235061873,-0.05279116539109149,0.019548985256668986
15.59,-7.351057505996883,0.2885426210405795,6.637563682693074,-0.058208660720347416,-0.2190811342895314,0.0530166665223115
15.6,-7.8987275499189264,0.5803676579223648,7.453742128541255,0.1857662905930903,-0.23753996576730538,0.0809413889674862
15.61,-5.822298244092514,0.405628435099277,4.408958247620969,0.15213793945401502,-0.10781098544819319,0.10371709117499592
15.62,-6.345217315096365,0.6006075583688131,4.831123611043787,-0.03124015279034489,-0.004659937200024727,0.06443396302413798
15.63,-5.843633344011768,0.5022583348672488,4.16002712428246,-0.22198974198757998,0.09875813340140238,0.07041093752481789
15.64,-7.06052823029312,0.37731486927813973,4.692646965481094,-0.43854886890483485,0.1922458678491302,-0.006841028241530312
15.65,-8.29448135723066,0.8171356737501828,7.574928555365715,-0.2397960006936713,0.08219978719570525,0.15228071525648018
15.66,-8.640133627620598,0.5550273093184718,8.677748125350993,0.14917844354093832,-0.052264822938923476,0.1414475653742253
15.67,-7.722697284047241,0.48883278261554414,7.284604374080953,0.1916299122785089,-0.07303577177176097,0.08943103195322058
15.68,-7.483718777939223,0.6263220420843257,6.575453712503461,-0.060359564622705614,0.14944368576343955,0.06580907463942258
15.69,-8.238466748758563,0.3771694132892787,8.055722261130931,-0.1465374035942593,0.30969290266648475,0.0596609578916926
15.7,-8.37289483810413,0.6681097171268628,8.855156426495451,0.0304474071068754,0.30894196822272874,0.07069785002806658
15.71,-6.206413880088061,0.7013611887728688,4.858056612697369,0.12554221508236224,0.1253870430311591,0.12550171633125895
15.72,-5.800798211980995,0.6687315183924631,3.991839406898025,0.18772289037953785,0.00321635242500835,0.08596048111475686
15.73,-5.6562912865507435,0.5686119881321399,3.5747771039845766,-0.0029111889104734903,-0.03776446469405578,0.06524329791796775
15.74,-6.9006636017123935,0.4323784844323677,4.7248102084107995,-0.28827159894895255,0.1006153102943588,0.015226207220976964
15.75,-8.649105541323337,0.4828735471203681,7.357295926629611,-0.2847371659283027,0.18116194578960573,0.08776671092350351
15.76,-8.802028264073325,0.8758614116565521,8.676322416356363,0.004065977490343973,0.12165273960961245,0.09133543854255066
15.77,-6.849474144456503,0.3691847471262635,4.9683661414331555,0.027767725275067344,0.05793569087515003,0.18633059740802066
15.78,-7.58838209547827,0.6591639114549397,6.355733708658352,-0.14320291110697442,0.1561169781504231,0.05168811013596164
15.79,-8.719293797821495,0.7023698208902033,8.598673749909189,-0.15619481679921618,0.1785776354425851,0.06139274483971022
15.8,-8.884785409208632,0.3809370899392591,8.831163120397726,0.03228450741499664,0.11670889005640729,0.0789590800601902
15.81,-8.332770679000763,0.7441118914683844,9.15321762457197,0.1669421646617713,0.1617886826266562,0.05263030592101214
15.82,-7.996689754466363,0.7105978501496685,9.338630626317846,0.21281395108335596,0.07672222947185417,0.016900062178328984
15.83,-7.449593584372965,0.499938610566361,9.074194477954398,0.11926815675600867,-0.06210786673998773,-0.012989932831186175
15.84,-7.0992432534311165,0.3458082124382367,6.9430399874730035,0.003921814425762039,-0.18786975608427553,0.023652535943978013
15.85,-5.803345363614281,0.330931869915575,4.336224837942381,-0.14204884024163061,-0.33343165466133273,0.028975990352344258
15.86,-6.72223771828308,0.6331398558012735,5.0372491879893495,-0.2607679345337179,-0.3372812130963011,0.04202638070210021
15.870000000000001,-7.204857097266701,0.8098548573650862,6.617433183198884,-0.018837672773337356,-0.4188026669830025,0.09199110390847232
15.88,-7.977579248260808,0.7608317369385208,7.478686066611732,0.28658232505410935,-0.3606907119832314,0.08196165554949147
15.89,-7.813314445786237,0.6857398097863436,7.953699434070392,0.22552280855588644,-0.24782302486366348,0.02588510989034903
15.9,-7.679506476573264,0.7945597659011658,7.761405520959436,0.043336282502099095,-0.18517315981565713,0.01447392788991965
15.91,-7.679530899493008,0.7346835997772062,8.114291784847785,-0.07247306136106095,-0.2537876936945516,0.05136645850544653
15.92,-7.698106231630995,0.6288622724029016,7.866114839838078,-0.018460853345111473,-0.3535956329860526,0.06553665118037992
15.93,-7.420135269389092,0.5055342439209922,7.384839181199276,0.12989571186893778,-0.4216211905464657,0.0883474350546718
15.94,-7.474715122802655,0.6343096154195839,7.617456005951607,0.17341078450313488,-0.43477496511323716,0.053506110162090115
15.95,-7.095050010623368,0.5269888061153698,7.283481604926743,0.07628438260544718,-0.4079089935102423,0.018964023422603102
15.96,-7.4379983706496375,0.5879698252326478,7.1753585808594655,-0.005525059297184181,-0.3713025866895634,0.010278387414565087
15.97,-6.562658042751235,0.8113868114456695,5.7310967270896915,-0.060798171382966656,-0.36203748339153186,0.07058238706560424
15.98,-6.521256485064815,0.3549661368800585,4.987997555759773,-0.217400940561914,-0.27014473213910845,0.037923101161442666
15.99,-7.399711859496939,0.455060969553976,6.428870390255476,-0.07429241762363584,-0.3018062577036029,0.05008052138138862
16.0,-7.625341251204191,0.7997473962230345,7.1154106003153945,0.18942578045117758,-0.20648116354238508,0.05013131331990216
16.01,-6.230456380359006,0.5835761975287114,4.501679821057027,0.11314292724656523,-0.07791158669982486,0.1063298810774277
16.02,-6.242019957167489,0.43007652852585504,4.524355401486899,-0.08874216200379526,0.0629773406964329,0.015269593654443057
16.03,-7.46482030508079,0.6957156255086148,6.526120958810862,-0.17501427889497514,0.05850661056573107,0.03950950813007947
16.04,-8.190472369387857,0.718042233883506,7.677446224543698,0.039632916704532735,0.0735257784956176,0.06049148187222364
16.05,-8.28629741462344,0.8744960030424386,8.294668090199425,0.17827035157228882,0.11090617685953809,0.0256684193493584
16.06,-7.874331497651056,1.0369355352060576,8.33609418043691,0.10771278620300993,0.2054827738490349,0.0029482817020792945
16.07,-6.036761246189398,0.36443089213428315,4.983574869075638,-0.12689403312888514,0.3241782812188786,0.029160611430767043
16.08,-6.354190913332027,0.6818780077092356,5.160999107066175,-0.326895973558102,0.34562714963972546,0.01040429330595063
16.09,-7.425259697452649,1.0101740710031484,6.984756332936684,-0.10152445665165295,0.1864898281472701,0.07583754386815991
16.1,-7.738067089838286,0.7901456916602476,7.776878030475036,0.21264364988155698,-0.06348533177055253,0.08017747222721126
16.11,-7.804448978488137,0.6086423817404273,8.038668244235902,0.2907607325088301,-0.044604361719677764,0.05562107331489868
16.12,-7.625935947133896,0.9503341025936531,8.422086948511591,0.09751748456445543,0.09360022646190173,-0.026004711119910782
16.13,-7.243760891254047,0.733369662718863,8.066386011955844,-0.1411160401009928,0.17305494347520034,0.051927301857128065
16.14,-7.127592996988645,0.8942981642145708,7.9902672763568665,-0.07320770131543464,0.022707585801428298,0.030489640541143476
16.15,-7.24020474887626,0.7844650667511226,7.7930304977871065,0.05375436537413478,-0.19066739091328433,0.029171516986493187
16.16,-6.851296830505201,0.6302611026087908,7.736240546039037,0.18893561187541713,-0.35895064192438825,0.06750221075411672
16.17,-5.632520931181145,0.559075615776238,4.133068578246584,0.058768626407839045,-0.35983490398003487,0.12711182142743802
16.18,-6.2352388304882735,0.5750962415736787,4.7908099313110135,-0.2564483427557672,-0.23097361176712433,-0.024859789483497735
16.19,-7.078379058329519,0.6431824225918895,6.163721452034488,-0.1871060582812351,-0.10911794795946794,0.049683535482621
16.2,-7.335555299852868,0.5839781386153822,7.249958525136614,0.14091542703842602,-0.052063446004293155,0.06862928796368323
16.21,-7.607190162746311,0.8456613835216606,7.7053102205432165,0.24499071997962196,-0.0707933131934417,0.04623776057394211
16.22,-7.31849321705053,0.7756729734049668,7.898244320980405,0.09465818729606079,-0.07578961271869566,0.05891849775394048
16.23,-6.14154916471092,0.597433682221934,4.857260932891507,-0.20509032147990883,0.14538576754968763,0.01328072838634323
16.24,-6.449012140732451,0.5333955125199358,5.136676281499723,-0.5075359110902375,0.30836331978812453,0.007281849849064928
16.25,-7.3409829148476,0.7689189502762904,6.840528243981657,-0.1956989578764092,0.12456586687264055,0.1046428231173364
16.26,-7.624197485291969,0.7594490324484607,7.304931469010555,0.333186188179921,-0.03113795232572258,0.09751746727672844
16.27,-6.06371002579042,1.141799985918632,4.321647076436063,0.3581006265876207,-0.09111163470473826,0.197776361824174
16.28,-6.55785352580564,0.8072586801093391,4.951542826085091,0.08650236239464283,0.13056376014066592,-0.0062378709453605186
16.29,-7.644606737068109,0.7297022551274366,7.006776890126261,-0.1628089203175755,0.2655004586773091,0.004046250899766796
16.3,-7.891559862954698,0.9255100061478272,7.991847879243327,-0.1368583594869202,0.29619986193490616,0.05178702598961041
16.31,-6.084864718364938,0.6360905629115885,4.833422835216876,-0.10448469745174693,0.3210679218637377,0.13990815512315286
16.32,-6.690666486952603,0.9221890025716148,4.839226291590831,-0.2474521998090898,0.36200884942323885,0.03554035371923908
16.33,-6.65214994008991,0.702162881823447,5.075600595635876,-0.185305857738956,0.25377611299480013,0.158937429666512
16.34,-6.821350232915059,0.7424334544058232,5.871986634303816,-0.24271605036324484,0.23615219076605967,0.08544097785741211
16.35,-8.001462469620751,0.9911073691277571,7.387668952590725,-0.1230107835287561,0.15219912307287128,0.11515382712501226
16.36,-8.29576171953127,1.3081069619777685,8.681229001520515,0.06483603829942013,0.15091504011136536,0.09154431849947532
16.37,-7.034358418256154,0.8350225843209578,6.584302271412818,0.07568720189040358,0.31105456282131966,0.1265250867841935
16.38,-7.214911857854628,0.6133182657268773,5.829981658583329,-0.22815439259445666,0.531779455448143,0.009614460679018947
16.39,-7.745457552199122,0.9650509060937635,7.7737153946625295,-0.13979632400306136,0.4012018258082083,0.02529733479798009
16.4,-7.958518879057299,0.9276192563436864,8.746203124430998,0.23911406152503845,-0.09928118052395898,0.08455106314270587
16.41,-6.597353700469741,0.7664554275084389,5.171452005816179,0.2430562948096344,-0.22274240533503495,0.17404681387693302
16.42,-6.401299306815968,0.6800927326484267,4.074781806112285,-0.10846099694314296,-0.04032966364384006,0.0019450705900222673
16.43,-7.611354369588323,1.2579044147966494,6.4951646483974494,-0.19379781784564573,-0.02599766043921454,0.04768076071725032
16.44,-7.8334860336528145,1.2820758060568416,7.757482866523573,0.11953799916570712,-0.24204740790477366,0.12405377723198313
16.45,-8.214654228268659,0.7268362557934434,8.184064417640698,0.36986343824372075,-0.3772494762414209,0.0768108849066616
16.46,-7.7775191902043295,0.8821545621461646,8.556322847321736,0.3473332027718479,-0.4148166064217298,0.06662536360027971
16.47,-6.440455714691207,0.6721206473122674,5.695144940323532,-0.07202973892116785,-0.23263703130417723,0.051828153611435904
16.48,-6.865599804359966,0.7583864962035906,6.012376711629355,-0.5534483959693561,0.1696129215138239,-0.04017354073587233
16.49,-7.114934974613556,0.6595409122229416,6.797126598922653,-0.2976689586010607,-0.16546683634509754,0.04554677415036753
16.5,-7.044654568986461,0.7886868281683739,7.226177187711822,0.3903698355505294,-0.7883125893007819,0.2510887544440147
16.51,-6.996174808495979,0.7765403602915,7.009706946625809,0.5300842103850021,-0.9493266553780496,0.10200971005197265
16.52,-7.57107975267503,0.8176383681539161,7.495586014308354,0.24514309262283962,-0.719251709337668,-0.03085033008314879
16.53,-7.514830854534932,0.6082328944839366,7.398967482247874,-0.11277119030375975,-0.3627881913012215,-0.03619775144965013
16.54,-7.682829321597365,0.7231849999770349,7.8760214180429555,-0.09650704180351664,-0.35398332134572047,0.02749316510332645
16.55,-7.5236981081664505,0.6929393595302605,8.325378862325671,0.27335542717224176,-0.6345163849858367,0.07548150079136631
16.56,-7.337109752477813,0.8624285807481501,7.54913484989437,0.4731810084442789,-0.923659847948729,0.08693734706002997
16.57,-7.128968784461749,0.8053090364211957,7.355610605285792,0.2167352281846493,-0.7331932332411537,0.01716958050629252
16.58,-7.375159780634855,0.9097006047814161,7.589759047401583,-0.02728937903027529,-0.4481692078986859,0.013895203996383991
16.59,-7.326033892220281,0.9100074633054167,7.965273567897842,-0.025713733421270535,-0.47778417808002527,-0.0012794319676676155
16.6,-6.902601754143572,1.1469604737075478,8.062868306167418,0.18594334461081008,-0.7513410773102807,0.07114789836416177
16.61,-6.951770558081723,0.8010448326567635,7.554473978967042,0.2520497787836797,-0.85213039005824,0.06509321428363407
16.62,-7.161851340577088,0.9951683123768769,7.562754967303285,0.20251240169101395,-0.73637887140964,0.017930835527836392
16.63,-6.374459879301048,1.1091653556695273,6.279797782689745,-0.11482131540773616,-0.42801579487846386,0.02722782382571525
16.64,-6.616788282603779,0.8949100173864488,6.847643086976459,-0.3549516317898136,-0.25640320681509804,-0.004968228050559076
16.65,-6.907815242073527,1.1547264068793326,7.242205039957784,-0.031063531020569284,-0.5085910110375842,0.07254452589182908
16.66,-6.968152229849446,0.7451217231550835,8.103972044582738,0.38781599242687587,-0.7148504367106527,0.08359273797209281
16.67,-6.21360476098499,0.8679734686066111,5.701934358802302,0.18846720020152655,-0.6315201246007115,0.21881791054078537
16.68,-6.364927727227951,0.5864281871907434,6.159722545342935,-0.40872371139954594,-0.14171104603024404,0.006997297792424497
16.69,-6.857325761484296,1.0505259757613254,7.197312963788259,-0.41805825053247103,-0.1911895300344622,0.03458105516557531
16.7,-6.6987415379568125,1.2241919662054024,7.923453300876076,0.15244351664868744,-0.5259229264957382,0.15531219042545352
16.71,-6.1767204929483475,0.9578110320873671,6.071079680407635,0.344974145883667,-0.6520818294344275,0.37249001126148124
16.72,-5.988683897584443,1.0353641800553073,5.872708909059373,-0.034021563759567996,-0.2770238830890185,0.11587771536378011
16.73,-6.933818626036659,1.2015605738974102,7.30959598184501,-0.2888429298004372,-0.10816088356574902,0.0034192691651561673
16.74,-6.88921918897237,1.1577393262964129,7.194010459917815,-0.08037559666428194,-0.16368882858999173,0.23342456968663983
16.75,-6.717245902577906,1.2937497807123668,7.586956012207802,0.11722516019299724,-0.3642033988427559,0.1358735028207766
16.76,-6.912314651073664,1.2758421578572836,8.785369677650912,0.2124979483397446,-0.4079491791953954,0.054562100786195486
16.77,-7.176133081659737,0.8828381555525162,8.908936552926152,0.16063180601486815,-0.17519355755124866,0.002460424223229094
16.78,-6.8799103169258,1.132085033738941,9.026356578964819,0.07210542440974398,0.050084101752383536,-0.0011725374086768636
16.79,-6.719001297305072,1.0155463030438927,8.70370498615312,0.04489639957205176,-0.10101196290385392,-0.005759692012505346
16.8,-6.119052006159771,1.2280234381670747,8.490833729720547,0.05300647263236165,-0.45172034399885036,0.059915025537994125
16.81,-6.236777473746207,1.2027187906934185,8.3443778067776,0.09482598782424409,-0.7019396687796771,0.02080754869230734
16.82,-6.02975711070379,0.6785559624964956,8.216844444677674,0.12690351648068424,-0.7941955155330178,0.05301269009789718
16.83,-5.881991734580931,1.003895737927145,6.723120017572878,0.061167988951727835,-0.8196409259019553,0.21707959971439103
16.84,-6.092277687625235,1.027537666234845,7.03935795443162,-0.10277288876367931,-0.6718917510636402,0.04511362582818362
16.85,-6.311628146012382,1.4337272900619666,7.763123792751994,-0.11482110263126452,-0.4614271067981726,0.03751054510790997
16.86,-6.313559434477249,1.0240355791222246,7.999829419994764,0.060525896066405085,-0.30929967573889966,-0.007721652835117523
16.87,-5.450234307989027,0.9271886599108201,7.116355840985625,0.08243971915963001,-0.39612708241293554,0.35035826392151603
16.88,-5.4505620415508265,0.8138700180795873,6.602858025335933,0.07429441468619132,-0.5064419777675967,0.09152629881745859
16.89,-6.007189924866639,1.318895805203609,7.43615219958294,-0.03986061199450439,-0.6408096210308337,0.08016074720090408
16.9,-5.835405897561743,0.8045666579178714,7.100636267803204,-0.056520051352320584,-0.6451473766189565,0.23255911962774456
16.91,-6.076719515848484,1.0500277162005933,7.315127536650829,-0.1462232963308197,-0.5997420566420288,0.07067168401073097
16.92,-5.9259912423483625,1.1112003273565814,8.235830450581522,-0.03065050719092583,-0.40721189304471633,0.04945203289733627
16.93,-5.515736568732178,1.3144915572069023,6.891149133520966,0.01165748788693353,-0.23482352667723097,0.3670265539424343
16.94,-5.786732426855349,1.4449627432393397,7.114628864426133,0.046283028349745875,-0.2109994938110933,0.12203116497114588
16.95,-5.617564561052465,1.1443534561862876,7.925008333975721,-0.03225861007114271,-0.21170987730184893,0.012777853380989343
16.96,-6.16021660046909,1.155725596962356,8.59314201497304,0.00023343984343726643,-0.09271380211808067,0.05216110352448503
16.97,-5.6840627305669305,1.1661643228246585,7.57776401104732,0.007117200731503988,-0.1697622166455083,0.3046713436984842
16.98,-5.320772571848942,1.0865994112602264,7.159696847500692,-0.021008206231243096,-0.2839370768799613,0.16404478463393465
16.99,-5.595541066532994,1.585923290685879,8.183012914134588,-0.07914790249548717,-0.29257186259088996,0.04266033349133462
17.0,-5.779716484663566,1.638347249869841,8.491031149464076,0.00668900495797092,-0.22647321766227968,0.023395532955560287
17.01,-5.491790843254342,1.189238752684359,7.478995089433435,0.06721236412662873,-0.09249986851952591,0.3052621562748823
17.02,-5.373865774234561,1.3454416646908152,6.847529912268063,0.023345735454554803,-0.13716585010761145,0.14775485011124978
17.03,-5.697892229076328,1.4329735531034042,7.928342351706035,-0.057308240370831945,-0.24325121033417374,-0.026562130028396795
17.04,-5.942036581052062,1.3423972306792111,8.104718961759628,-0.035586782283049616,-0.23655143959430527,0.14702176493707153
17.05,-5.812663726319689,1.287627530250933,8.39587523715635,-0.027237681670000888,-0.252385111348461,0.04875204763349544
17.06,-5.638474623661418,1.125682335345879,9.054392860441284,-0.014930551089732525,-0.10537873285049945,0.03240066607680561
17.07,-5.765618613440406,1.2298275632878315,9.160325227668974,0.05570646855205278,-0.12401623425830233,0.02025938644298725
17.08,-5.599792605143621,1.2374631816601025,9.044049768006836,0.07353652351301622,-0.2233134132218601,0.05583401081282604
17.09,-5.2301121566580635,1.2057521845864039,8.629425042861413,0.01464153566533774,-0.35451006204806457,0.022957990503514245
17.1,-5.511088991367873,1.2348628652190967,8.653016893955748,-0.00351895497044636,-0.41361150524891926,0.0439113963435392
17.11,-4.931603733475124,1.2009791587313186,8.609524760003817,-0.026484777573354927,-0.4414895297316224,0.04154241042203634
17.12,-4.989383014307304,1.189315183716502,8.44016081639717,-0.011314375382428892,-0.507272704637074,0.045936231119652435
17.13,-5.222318707493454,1.4152695115194514,8.102442923951052,-0.011796737584736032,-0.5465772825004702,0.042195071383903
17.14,-5.480156364562817,1.1885380193230308,8.746740672665577,0.02432694938163245,-0.5835455568630247,0.06869874036044073
17.15,-4.5498238586341,1.0693464960839763,7.380561155929326,-0.025960085831966184,-0.6299808761361329,0.3109938433679716
17.16,-4.593624609223536,1.2604195919265064,6.531831862432934,-0.07576860012442256,-0.7002743330285198,0.22953190070280483
17.17,-5.158982557243962,1.4323006057745558,7.224065561681639,-0.20619513789309948,-0.6982372783826456,0.09688267631630448
17.18,-4.884170451646985,1.5908859953918637,7.461192772768503,-0.17461473633227265,-0.38726186922702394,0.2952768862005275
17.19,-5.088381763475707,1.5904904893199299,7.588637616534217,-0.13719536747940084,-0.27746591938620535,0.07279662389580303
17.2,-5.212004682336229,1.247539593567448,8.50190066809068,0.01309854247855916,-0.28416244169266003,0.0597683031572118
17.21,-4.949598257780271,1.0032103189940316,7.672231350503749,0.06676369735009524,-0.3095218700435092,0.35032102330333204
17.22,-4.498237857584025,1.3192159284176177,6.91488609433974,0.020466432553032935,-0.38685433467322206,0.350362618411317
17.23,-4.859143836889204,1.4383968771277096,7.574270518044404,-0.21460559938960136,-0.5026724166907072,0.06793197436922675
17.24,-5.0209474660614895,1.7316005079570447,8.22368312113512,-0.3183551496370737,-0.3289219251917827,0.10465011053124029
17.25,-4.957677457064477,1.559923174681482,8.784737073826156,-0.08872707157441709,0.0031282047148468023,0.07841207531323376
17.26,-5.163164573885523,1.592181937423398,9.384066625719159,0.20491037805807136,0.20653100678706945,0.04610840942888694
17.27,-5.315071105953831,1.6640885946533959,8.884371861891315,0.1614001748928799,0.09613324451661982,0.22474247100315514
17.28,-4.960196953791152,1.3446651443180777,8.838099791644243,-0.2517345506546051,-0.40099927691535364,0.16511165725317195
17.29,-5.1108820783002225,1.4059604406499648,8.810277431272604,-0.4228728195005643,-0.5423762661235072,0.09643223055440847
17.3,-4.8369168786972,1.8380430134493424,9.222719380608423,-0.18641562356060368,-0.16193365244105315,0.06478132847335022
17.31,-4.3444080338696045,1.1789442037857958,8.412737524487417,-0.07467153956951605,-0.004975220755593385,0.2599555515323514
17.32,-4.69863737557734,1.5271103432898405,8.714746764419122,-0.2889878169879838,-0.31912961134366713,0.17420538968306726
17.33,-4.734861629273473,1.1643895479125375,8.659287487316831,-0.209149301512795,-0.43958281153988543,0.16880452417408812
17.34,-4.471728756292132,0.7912985423748428,8.08162726572133,-0.2668834122021415,-0.6022788077712519,0.23511269949280075
17.35,-4.5713075852623,1.1932287939835542,8.330767797997783,-0.2300075979328418,-0.5231667063377579,0.1421439819242951
17.36,-4.591550474441859,1.3983501229080395,8.663232570193674,0.039352017297692415,-0.17918165504335762,0.08604302279277247
17.37,-4.496060364194347,1.5712671332995862,9.136796651567208,0.30817666490312207,0.18252155054903488,0.0008513235216859663
17.38,-4.807653548712192,1.4927963050836381,9.28487872198989,0.30052387521765894,0.14305077952985645,-0.0012416277409027891
17.39,-4.769406421151026,1.1915887709866564,9.361724003540683,0.1546866551973138,-0.0792636411955313,-0.00604980351347633
17.4,-4.426175551924477,1.6958096513417946,9.385630353960824,0.08308405188642787,-0.15361886366362618,0.03741162656182434
17.41,-4.088363845811448,0.9069623394253081,9.023223912063852,-0.024729086275190215,-0.39545542240666026,0.2103678965411607
17.42,-4.271904473619114,1.3014343664983268,8.617161980731087,-0.4183209065814265,-0.8432458379196133,0.17959412961304547
17.43,-4.371234012017605,1.3281826302800188,8.427999427422375,-0.42699800121489856,-0.861454230271823,0.1631017478771131
17.44,-4.322771090281128,1.394266187820551,8.26298089669331,-0.01084806021248214,-0.46857487215803034,0.20731266348114127
17.45,-4.442793034698295,1.2796951997504036,8.549782497315396,0.13431765977396665,-0.29321489702082715,0.0842810438833941
17.46,-4.312268999447575,1.6733214617399694,9.168048739069574,0.2473479761793682,-0.07448279668482577,0.009484245202246626
17.47,-4.551283092731732,1.5576635925972835,9.190765331947917,0.10745019846905488,-0.1287626033463697,0.15093465100665118
17.48,-4.360764530189494,1.4606634790076103,9.049972359011212,-0.474158292560039,-0.7456095891563858,0.11866989310453038
17.49,-4.175314645958618,1.5638915623613556,8.959404753478006,-0.4836341700784833,-0.8586183185536964,0.12872680908774894
17.5,-3.7792004984650367,1.610022303524995,8.563049912628081,0.033079966729740035,-0.4792716653568178,0.12112461011613204
17.51,-3.9682869425881533,1.4124642958070937,8.71487172985089,0.11259240963652035,-0.39275143246952066,0.2621882016674601
17.52,-4.017951295435886,1.413169397024072,8.801476124699134,-0.4037870771579991,-0.8690514609144084,0.1579372687680316
17.53,-3.6797257992622288,1.234670357172601,8.236270566239874,-0.46489400764627214,-0.8474840300925337,0.12291921138368773
17.54,-3.846135904866931,1.0670405827136862,8.431971813059713,-0.07965179030954064,-0.3204077355019548,0.13950277115775273
17.55,-4.25172718467773,1.624889321383212,8.723728231071807,0.3841835512834765,0.25463996270616707,0.009073695884958738
17.56,-3.5967588305572256,1.407732947607294,9.692824514364169,0.5754355613689337,0.4915150744155392,-0.03158392725325493
17.57,-3.7182185770513607,1.3421142571274556,9.319688797561323,0.4725329414616711,0.24700056004039067,-0.014616510381978023
17.58,-3.9022253600337944,1.2942982455497059,9.213917732889335,0.18676845217722637,-0.16582578754607868,0.028132446761397697
17.59,-3.6905797261957747,1.027248589990619,9.567619890684458,0.022113061652828052,-0.3817533433138589,0.09202283904987416
17.6,-3.788766447474579,1.4066245573806524,9.250045968921404,-0.334793360714222,-0.6538664995143669,0.09363942226763185
17.61,-3.8170751731148753,1.664181573097618,9.199410432173092,-0.16487207428695805,-0.512716928075217,0.0791730368267205
17.62,-3.7807794452893306,1.444366095720355,9.325693225463459,0.20817623022913587,0.004212154011125194,0.07357442411739633
17.63,-3.69512896596654,1.1620564043205834,9.464484831028313,0.412371536244586,0.1902672453310984,-0.024190209109939183
17.64,-3.6350393063928546,1.292047199319266,9.489166491650748,0.33282822773492005,0.03300649298946595,-0.01618626990046161
17.65,-3.5347483185467587,1.170492360061662,9.481955600474262,0.052510484847157285,-0.35087649401484744,-0.041651594052950554
17.66,-3.6601809742579094,1.5013134256732574,8.962833630306372,-0.06237245397748257,-0.5470009910144629,0.015524930753279546
17.67,-3.319867251471777,1.1066137766255801,9.06292674385342,-0.08657929045700641,-0.5104317879812067,0.013996359540060857
17.68,-3.4417553163796084,1.3556851039628057,9.0648226588625,0.047191916870577943,-0.3227679512257765,0.016460926552375486
17.69,-3.598155795455242,1.180102526748972,9.313728661488568,-0.1750675225594679,-0.4357933458276087,0.1430100134657705
17.7,-3.4684194740129324,1.114725424293818,8.760442824789983,-0.7915446143509786,-1.1416318381797508,0.13053786633617184
17.71,-3.3617393431398135,1.5257590279533302,8.08857770515766,-0.7300427268031143,-1.02904404534068,0.1734851701170224
17.72,-3.5013282286026737,1.487193140055011,8.157199096823348,-0.12538293207666795,-0.4530353156706839,0.1115276462284921
17.73,-3.7148913973866056,1.3296229040444867,8.661767137600995,0.36207745142782877,0.010382911789309793,0.0413992168781335
17.74,-3.2206322381018584,1.4549345560748295,8.673486266399358,0.3930298476032877,0.11384698299532486,-0.047635143873047604
17.75,-3.4944565988417695,1.3342178227429216,9.30566797912645,0.18952864302003222,-0.028649740441492908,-0.0052228722453923696
17.76,-3.3484080996113352,1.2867508188440986,9.414992661525405,0.009715703453474264,-0.22499043262918705,0.00857692782196657
17.77,-2.91893692391397,1.242513191411759,9.385167718513394,-0.4227404829793728,-0.6386759555758448,0.17835210397279772
17.78,-3.342477295342015,1.2347420231938986,8.684371480154583,-1.0561622493165013,-1.2799647279561175,0.21933007077073638
17.79,-3.102105246189722,1.5018193447629922,8.057962730900643,-0.8302128020642259,-1.1139920096581095,0.24144544297870063
17.8,-2.954365553930752,1.4480824474444545,7.773814421494839,-0.04800451403466285,-0.34787767571579686,0.1744113597811681
17.81,-3.1031122761681837,0.8792168012705026,7.9087284334639945,0.28426709014391727,-0.13468558323894286,0.20895081202367238
17.82,-2.8519683162650606,1.3399741696671412,8.368314265425678,0.05963717233390578,-0.7686815089737411,0.18192688535279752
17.83,-2.896357410668111,1.3695489362293056,8.845897285831018,-0.1102045634035324,-0.6598848953387094,0.13998242643717856
17.84,-2.941786263894471,1.249878731005801,8.518023820784062,-0.015216901014608965,0.08528258427431863,0.1354239977242805
17.85,-3.4108848473726403,1.3382751336108616,9.431982378936327,0.30173163229015915,0.7576891909639482,-0.01982904677637083
17.86,-2.9693986628125715,1.3234079694097893,9.897816183662766,0.5464115457467819,0.8321019844496352,-0.03936727498568525
17.87,-2.630231866158074,1.4517218161613414,9.15650585467075,0.44439687631513886,0.15710683224350297,0.11570978411067602
17.88,-2.7258980122653265,1.0371106920150432,9.171340608287611,0.10413873071353658,-0.8433112093977664,0.12349480187156728
17.89,-2.586653867564868,1.2687177196513943,8.837753093296273,-0.023175761192806912,-0.7177168328065456,0.16258199471452964
17.9,-2.4336563393715376,0.9331431035921512,8.712977433674261,-0.003849922804185786,-0.009012216824384956,0.15407624052703617
17.91,-2.6697535781024726,1.1054983068903212,9.37560531522492,-0.08367614224581195,0.020307514044787967,0.0665279402969556
17.92,-2.601142514302023,1.4502194230197558,9.382517994210618,0.09589929230192959,0.2780838809626913,0.05409678476062872
17.93,-2.8271022168671736,1.0875280942721668,9.605393410204384,0.35263190139084716,0.4925612333278771,0.034023383865600276
17.94,-3.002860731608898,1.3141976060228804,10.06371481421192,0.40843738316580624,0.43074797479964183,0.01006020878404958
17.95,-2.3324575266901544,1.4227077863918027,9.730371955165387,0.2158940339928014,0.18568585012587524,0.0004858328509576989
17.96,-2.945217960262304,1.4759065168800958,9.906475522622351,0.03993695028539577,0.026520691082863614,0.05117541905904979
17.97,-2.663677731423515,1.1861643728578974,9.689363871790293,-0.11540279740540482,-0.15390508774402903,0.012675999019068216
17.98,-2.7009895518987674,1.4763030068717922,10.169544692230934,-0.05503560051712227,-0.06704819560516628,0.06379419543812263
17.99,-2.7766435160683747,1.4296227517726376,9.925888929845327,0.16293837873617506,0.10479046512404504,0.009306137936762415
18.0,-2.7610768247959085,1.5871679277781188,9.79765234249988,0.2298693084220475,0.11364415434907914,0.022401425024434145
18.01,-2.314510000165802,1.290456439368406,9.481836036202592,-0.13234415902191266,-0.3168392563224118,0.11011037590687925
18.02,-2.506594929942757,1.4314790971818723,9.05537872815863,-0.8698090839014243,-1.0563335899140178,0.1440189764903876
18.03,-2.228012710961546,1.1222010882044617,7.95725471840145,-1.0500361020998499,-1.2795001569341706,0.22340765945843777
18.04,-2.5637324013272114,1.2871447218548728,7.964040952697304,-0.5568479911147902,-0.8048660898322857,0.218421264104154
18.05,-2.527480171780393,1.2693293259973213,8.243234976074524,0.13686405862535353,-0.07823332821290006,0.09257252421731178
18.06,-2.7381048254939646,1.1273038198998122,8.635393610784712,0.48964770548037734,0.34899422009669606,0.00947581232848915
18.07,-2.755956177660934,1.1439681202102479,9.40511389396875,0.3777470106972574,0.2046033364241175,-0.003349463532246697
18.08,-2.496438865459423,1.576873527004275,9.456840772834672,0.07417977472940719,-0.10867999583318455,0.009749661688835017
18.09,-2.5686717415003977,1.2950344974821328,9.246824469461691,-0.46169583270008435,-0.655107094538887,0.14529625507052024
18.1,-2.034308511059378,1.421144049653166,8.713847697938395,-1.2292524961923756,-1.7332141019216074,0.27869317963353935
18.11,-2.369444482223071,1.404384131586674,8.172140460861707,-1.370713667568218,-1.8677990824676687,0.2765819261771036
18.12,-2.378968766129412,1.2797465881963628,8.598624033988951,-0.9973693662138724,-1.1378912837376125,0.25847494328569315
18.13,-2.367985640436494,1.337596399889431,8.15318534686378,-0.4737418334560157,-0.5951895396531175,0.25887187057717376
18.14,-2.2533832609306117,1.4910336738073005,8.16448868746104,0.09457876864583348,-0.08539297086163448,0.14457483476293853
18.15,-2.246014364035305,1.1592692832808007,9.275087330081467,0.655663128648135,0.5366136885395874,0.04023276144639813
18.16,-2.477534534529665,1.3376496045186816,9.016000894228222,0.7340014754966568,0.6667776326716471,-0.012347886074308059
18.17,-2.160673431050139,1.127325261208402,9.814155467500335,0.49134411765918745,0.5383383835718861,0.04019841644339371
18.18,-2.4021427292608,1.5765318416358671,10.22092711209328,0.2719561349118911,0.3786071721790625,0.07888055978108613
18.19,-2.053096911390365,1.0398326833987932,9.239053681613816,0.07103761235163952,-0.12046207882168405,0.10445764938789581
18.2,-1.851429139328147,0.6398466010048589,8.154442050874373,-0.34955795227869024,-1.1020817345451857,0.16097004387021419
18.21,-1.8020018643738471,1.240294783066711,8.540325369943151,-0.20371021577383958,-0.8557273770604453,0.23970537532414213
18.22,-2.1800351255470054,1.166186904200178,8.707843235551529,0.1992617633455298,0.16118161300271872,0.1419563404411562
18.23,-2.190941876561609,1.2555867240029117,9.369444790538973,0.5291012251134147,1.031975439482658,0.051867731189557564
18.24,-2.4473868034257062,1.2358240386590764,10.299071636651469,0.7063224077956054,1.2363906398965534,-0.014088581573705643
18.25,-1.9793341053578801,1.194116070468383,8.367712820735793,0.6416090558413501,0.4857733717117463,0.07029907936788063
18.26,-1.8872379362929874,1.5081912352484017,8.576210929676096,0.2693781619419302,-0.7180271499121385,0.13218655805210616
18.27,-2.1187916045473725,1.1754550819361071,8.766823461922812,0.05191835407054221,-0.8464730948305978,0.11809896805000028
18.28,-2.1138016808496447,1.0821523208630566,8.928895884798884,0.14796520711305194,-0.10872039721584079,0.14110281222644297
18.29,-1.9602817427366648,1.4097779845226166,8.292951185317428,0.026679719592218737,0.31009172757925607,0.09502063749669606
18.3,-1.832054831855334,1.2541132313674381,7.324102421803749,-0.7947579946814674,-0.24502157871407687,0.12876590928798304
18.31,-1.5314818926613454,0.8479402786621555,7.145856521749195,-2.6508610323461026,-0.4448344790283762,-0.04901442216957872
18.32,-1.9846106951165727,0.818204742094625,7.4476852829346605,-4.61629363819203,-0.2046034031058799,-0.14941811231444233
18.33,-1.8951954522940868,0.2854993943112781,6.620725573863427,-5.157481783187617,0.07347698369997538,-0.1316901601730103
18.34,-1.92124307011372,0.5877449138544528,8.05766481885327,-4.365202775341531,0.2749076230195601,-0.06241416196342471
18.35,-2.0252939167212047,-0.01756693589654751,8.37997133130764,-3.4250140250221843,0.30312150121545983,-0.002089994940202681
18.36,-1.9920546231329457,-0.14715975073161708,9.431753085169525,-2.3125528356406604,0.13879414960877418,0.04810914368373717
18.37,-2.3018182678007086,-0.3984530563954862,9.62312004507779,-2.12235923900399,0.2584088037590511,-0.04889981112745768
18.38,-2.0882184400544714,-0.5110855111690347,9.967734125928594,-2.5557791120960927,0.593369942889831,-0.10086405671550466
18.39,-1.8970790685515644,-0.9224868995732993,9.117787889438956,-2.5894224161336363,0.4783309239465204,-0.15445870890197416
18.4,-2.041101650403836,-0.844176844117764,9.604850986526017,-1.844839427105556,0.005424233941507452,-0.08719324689963764
18.41,-1.942487860875544,-1.2960382687761163,10.18980430493883,-1.7434584283359427,-0.22276130907807654,-0.05558653079341102
18.42,-2.3632583429412604,-1.58010447061804,10.387428808865247,-2.174772640164613,-0.21580724207826993,-0.07010868831296103
18.43,-1.9046459863819716,-1.8130327858211748,8.389663042196398,-1.9852850095742491,-0.3140218990585386,-0.09016464153511847
18.44,-2.205888532341575,-1.862912733398964,10.15232534633665,-1.5011479446944236,-0.38402707390330343,-0.05428613642949327
18.45,-2.156474312541247,-2.205982222692014,9.14884002255937,-1.289334498118855,-0.40509131842079504,-0.07443333402716143
18.46,-2.104627931563874,-1.951196838521003,9.22657907614964,-0.5856070653660047,-0.7212958437570043,-0.0686130142598686
18.47,-2.075681824171399,-2.0502795519908683,9.318970726084173,-0.835034779981451,-0.5973904790209501,-0.1481326863349383
18.48,-1.8799368226830633,-2.731605042883664,9.411114767263943,-1.6709262759130035,-0.445706218935478,-0.1062940942795965
18.49,-1.8524822195111708,-2.0258517588525478,8.182408325052727,-1.7107384848514104,-0.3003812895423612,-0.01610467007417466
18.5,-1.8683513976562542,-2.597244195197701,8.940025842336699,-0.7363286704967977,-0.283570928846506,-0.048746555058593426
18.51,-2.031483889333701,-2.579089517885217,9.008604374325595,-0.6624459985668815,-0.08463310558520215,-0.08120062612376552
18.52,-1.8439324281334186,-2.8415647749346777,8.6160116318312,-0.8111174683273192,0.05308126686475641,-0.10615105045010145
18.53,-1.6013172939884814,-3.3002116130896555,9.761471952626703,-0.519125598275023,-0.21025678856174798,-0.08412097041032872
18.54,-1.6105991069135226,-3.131322554674058,9.680468838700753,-0.9338725966725426,-0.20916061168131705,-0.12334816850836494
18.55,-1.4547853096060444,-2.9897401874504297,8.54932594325741,-0.8420531809930962,-0.2954297013205571,-0.09558258265602561
18.56,-1.5268856894276124,-2.9815850244212125,8.467084327846232,0.07946134655096901,-0.44864982668182607,-0.08291083670712525
18.57,-1.539103091184986,-3.1363559873615907,8.658281358208276,-0.13922648484597064,-0.31290410759928333,-0.10187718310629394
18.58,-1.748492970442773,-3.3683675799618795,9.150314988357719,-1.0417378001429478,0.025422733459926065,-0.10747952075826983
18.59,-1.860705477503073,-3.551446507215259,7.577350379169724,-1.1813636860009848,0.08088235127334892,-0.07712225739757694
18.6,-1.4228615350821596,-3.666383237154873,8.521059716574408,-0.31150188173669613,0.04665186935185475,-0.08203887583578963
18.61,-1.9899624250370982,-3.9132982041988575,9.231938438896762,-0.29494198284330087,0.23541319639191338,-0.07592598739834679
18.62,-1.601184408974614,-3.8835058562328397,9.60725386796298,-0.8288305555332531,0.4193567292157492,-0.0738478663766291
18.63,-2.0752257221911847,-4.2719494085530325,10.459957217590498,-1.4357951912821032,0.6062257166175528,-0.06496187697578448
18.64,-2.2485846555863187,-4.365330672411118,11.793297703723955,-1.6884843622901338,0.6507572051689887,-0.06831557291399329
18.65,-1.8713394504429282,-3.8959387573629476,9.57540873507942,-1.2214963254341675,0.45189518249007965,-0.03053616882910934
18.66,-1.9977993612214275,-3.751465925653503,9.56344803552642,0.022360559883354857,-0.028687821999420264,-0.04708726934520148
18.67,-1.9252463500416224,-3.9608693804711943,9.080656344566616,0.31796749775610894,-0.18539813288383314,-0.07859568287376954
18.68,-1.7028047033048848,-3.84531706334266,9.045796227927774,-0.3090086644446129,-0.05318604686752946,-0.09313876158657353
18.69,-1.7991550316408902,-3.5930164698690894,8.018553753786122,-0.5282168538312221,-0.10695653594136112,-0.09707040961953912
18.7,-1.7323941081162013,-3.7414476512676487,8.550278248580774,0.10877518694884143,-0.32196007546364197,-0.06911727840523935
18.71,-1.8699666498159173,-4.155601190443858,8.97140744815661,-0.10142464902033684,-0.33582311990071245,-0.10498072401425386
18.72,-1.7086198034917213,-4.4784331709801455,9.473711591111615,-0.8107145620123193,-0.24168569266083226,-0.06580904152707777
18.73,-1.8327194854750222,-4.688270773804504,10.752680037794448,-1.489330388118344,-0.1656414965725888,-0.06424097254225061
18.74,-1.563163647362635,-4.545522064374297,11.632291451527466,-1.7461034345569768,-0.19855209920035988,-0.047537246100948595
18.75,-1.705887695654613,-4.03366930376584,8.988138292463155,-1.0991359525780653,-0.2684823188235359,-0.018430096895201364
18.76,-1.3109496320122231,-3.9910396572216396,8.945294443072498,0.43288638235300875,-0.3900017907577481,0.016940831126503166
18.77,-1.7895713917796479,-3.9590748503102327,8.39572905450505,0.634676583218907,-0.07614472021300565,-0.12860302830981757
18.78,-1.608662861609813,-4.197547083279585,8.134418027835903,-0.27054508714064623,0.35826760585075723,-0.11113174765176635
18.79,-1.504444747326945,-4.528170279325765,7.702966482394172,-0.6141242088130882,0.47838630867656307,-0.08928403934560619
18.8,-1.6352175984870512,-4.402020595899595,8.344183310877375,0.20250524650535182,0.22797276391184146,-0.08664884226623365
18.81,-1.817204194974875,-4.4639572424873055,8.394305527522004,0.3069868881432751,0.00015425015618582977,-0.08046000882976431
18.82,-2.303292212871588,-4.383293955266448,8.655154575450426,-0.42645990449920523,0.013755579839841717,-0.11350197759969177
18.83,-2.007806090337329,-5.1305941755563005,9.808299876759124,-1.0937727268959285,0.02647011586398232,-0.040621078695433965
18.84,-1.8230752310594016,-5.588305820721226,11.067163672376134,-1.4395617400927547,-0.012765083559902014,-0.06311328474502487
18.85,-1.3765991073211985,-4.577843737216621,8.949894402346262,-0.8692433390940675,-0.18244460631279585,-0.024441950748593406
18.86,-1.738133806187215,-4.774989810133319,8.829146486021674,0.5014102921089191,-0.3541285876394138,-0.003039897215584362
18.87,-1.5513763992053096,-4.495248239059872,8.735308374405637,0.5517685627567231,-0.06984634817308634,-0.07086355695808155
18.88,-1.5608853260940339,-4.569649749024788,8.473916860177946,-0.3684930399108128,0.31296457801308974,-0.06186943693678215
18.89,-1.2601929921155803,-4.503539268874333,7.371944496692619,-0.6422208993019625,0.4479761922891746,0.0013119593892974082
18.9,-1.9234870086824167,-5.005772853238452,8.056894942718353,0.11857265788172146,0.4206616827493432,-0.0041800164667870265
18.91,-1.7028449750816124,-4.8475455687170514,8.727867747154585,-0.0034570931367763156,0.4692376041174624,0.011291380452045731
18.92,-2.045525482906011,-5.001137636250238,9.320031336798102,-0.6614494724286812,0.5227054900647529,-0.028763181415025457
18.93,-1.9398161303533046,-4.974147406753185,10.266598018438808,-1.3900531109406231,0.485720588235993,-6.230037339099645e-05
18.94,-1.7567315481661097,-5.208142960993951,11.290184487911738,-1.6437753604495975,0.27504525418196607,0.01539799168566048
18.95,-1.5978875706601667,-4.994883954814096,9.161466189678201,-1.0303679630474147,0.09519276374459251,0.007700819928228157
18.96,-1.6354749510769244,-4.842954132178315,8.58604023464099,0.5336125391997657,-0.10747237282071362,0.06503882245944015
18.97,-1.3885351825032666,-4.668825697527647,8.075447902046516,0.6330387959224537,-0.04900054947741651,-0.016280834706758077
18.98,-1.6616238847381992,-4.693261840821011,7.882138731908989,-0.3437739384523291,0.15726418535211806,-0.0021189901422547716
18.99,-1.728152052798032,-5.38166731514542,9.285086962477678,-1.4486837548739353,0.1809052225544697,-0.0480192815907804
19.0,-2.0037184610022782,-6.017500386515625,10.570886565477947,-2.0645460796746073,-0.015110700996890276,-0.04190799789833703
19.01,-2.0768492640367824,-6.004528203166783,11.802748746044587,-2.228875638551535,-0.2129075690972168,-0.008904801432837627
19.02,-1.9074617818074477,-5.586155948779356,10.92047306353232,-1.6546469540749043,-0.4533450480553612,-0.035239429742749316
19.03,-1.9541283514350356,-5.515021929412528,11.560494580477112,-1.2769861566031537,-0.7233547105908782,0.017606224640957745
19.04,-1.6629864193645578,-5.402931208207425,10.730386930655712,-0.5718540166008591,-0.9986255220770632,0.04729573835125696
19.05,-1.6360971407017402,-5.113257275702962,10.630005628253064,-0.4369417636331444,-1.1540514484981987,0.019118366599314866
19.06,-1.846719449359023,-5.377744561990653,10.00668815014217,-0.9227545061110228,-1.3362200245567135,-0.016453573383092817
19.07,-1.9903934151181877,-5.67193620660367,9.900571009382988,-1.6348087365347301,-1.3750072222521128,0.003451910173075194
19.08,-1.5215477621841071,-5.08728970754505,8.646622030376962,-1.409657135788575,-1.4210938584738275,0.073790425384875
19.09,-1.7862518753370173,-5.421773963468678,9.663443381689694,-0.9441225023358462,-1.1885237791907068,0.10426006692748414
19.1,-1.6383827753139475,-5.55555857041814,9.967736372884996,-1.068985968851672,-0.839663343224487,0.07533757031034168
19.11,-1.890951018821476,-5.105941054727839,7.677708883655015,-0.7093945166281661,-0.5939984524505275,0.10944488468296337
19.12,-1.3598989382920401,-5.213089550633912,7.05862658856294,0.42539729467632553,-0.37773968228748256,0.058395861854218335
19.13,-1.2156405486656512,-4.811751952039597,5.680240663208474,0.8670244252627073,0.051260569731184806,0.027369935496273295
19.14,-1.0596016447424943,-4.88860608102501,4.773153503226836,1.8382149797380114,0.726251181916023,0.1229809128413247
19.15,-1.3553408061574115,-5.480558417941613,5.119729358094864,1.3784980378825549,1.1140863137017563,0.17781235905094692
19.16,-0.9615824561896869,-5.404215377861038,5.348686648292977,0.08149657923133259,1.145630724805616,0.05600576387128574
19.17,-1.1963464649757705,-5.949184313047659,4.931597024809589,-0.6074987285267907,1.13471754474882,0.12423522864241178
19.18,-1.2153351221650455,-6.173816766052542,5.8986768155118545,0.08246728847753479,1.0523870304281837,0.10033595784754377
19.19,-1.2411239754984205,-6.514318768478298,6.6396894681132945,-0.031223822379088127,0.8070619437733118,0.01725421439266163
19.2,-1.3059540709118744,-6.862119389225346,7.860435085300005,-0.8284965764156114,0.5628322275112674,-0.016223927110981834
19.21,-1.2149295119194028,-6.465572690506949,7.030881581709917,-0.8535649962400802,0.32557110336178413,-0.026985921816406765
19.22,-1.5355222148269523,-6.149868194207458,7.891157535514214,0.3310834382330366,0.0026972064206493944,-0.0034634674679893205
19.23,-1.0083539627700513,-6.841315467619604,7.367706599612143,0.3176221944950802,-0.1181740225463247,-0.025495573491661983
19.24,-1.4993663214071231,-6.309279905931741,6.659163051148403,0.14993130686773345,-0.15401448691461686,-0.05440790270800663
19.25,-1.5976593485653807,-6.475234026906486,7.5911099001667575,-0.41561672696788815,-0.2215945635526126,-0.004599058042747271
19.26,-1.2306271500077908,-6.895289973581347,8.396437161944032,-1.2708815404362652,-0.2865174127594049,-0.031084044912008005
19.27,-1.0437053132200673,-6.324417377508076,7.494655181351488,-1.1964300331218687,-0.5112714089986213,0.005298420765796653
19.28,-1.5313098250985446,-6.368120702133903,8.401020763123194,-0.2155670438764174,-0.7240174159110975,0.01354253655024222
19.29,-1.599021424461163,-6.639502307758738,8.766690972973839,-0.11982979391708783,-0.7370285565316548,0.00466598654057427
19.3,-2.0273631069006424,-6.604490989240403,9.051864667511023,-0.764485519088987,-0.6927107828083794,-0.01975507328963105
19.31,-1.4897620283687325,-5.708644475567691,7.499219723301543,-0.7674791187725464,-0.7443954007493945,0.010254414336070522
19.32,-1.5776997862597624,-6.266102210914187,7.348479108133507,0.3591892491846804,-0.7149105266179177,0.0070404370489239075
19.33,-0.9928676829341765,-5.188473998337586,5.972448672334179,0.9610810002530938,-0.34031037758574856,0.007000055599297629
19.34,-1.397628519419921,-5.339426917864418,5.405394158434839,1.73955281228864,0.09821416955952615,0.10868040211885553
19.35,-1.2222416609939526,-5.744485241569584,5.654192948636346,1.135953011265333,0.4298749076534741,0.0987408815170172
19.36,-1.4966656933506526,-6.327511371525362,6.291293353903338,-0.2305667370110947,0.7333693260335798,0.05886261487962832
19.37,-1.2478507599889987,-6.245397459586845,5.734658685692569,-0.8962716744102547,1.0447318253741746,0.16452870691251337
19.38,-1.2016129857607334,-6.412130994673037,6.008409133731385,0.07562303025590122,1.1696309466144144,0.13429507510121058
19.39,-1.3869049601916976,-6.650117863084488,6.514563049041012,0.5037038389583218,1.2029233401000272,0.0526144881542225
19.4,-1.766964117690169,-6.725966723401961,6.459677488027118,-0.13285740963418485,1.2140980658948592,0.050986635311027824
19.41,-1.6354057190921127,-7.091064674200432,7.529330170065496,-0.888737905032484,0.9500323896887263,-0.004908636577536461
19.42,-1.4655599850828054,-7.539331570205354,9.11548402709949,-1.4367508577310661,0.34898113072774345,-0.07416908384312633
19.43,-1.3768443307441578,-6.6741787220183415,7.783154444282331,-0.9733691078111417,-0.2831518818256607,-0.10899182630834674
19.44,-1.464575850480045,-6.877991334990978,9.086154651224511,-0.20423648178984838,-0.7998158167540401,-0.05071045192253017
19.45,-1.7596216940999292,-6.75948065866111,9.10453495437122,-0.21584098896681003,-1.2218610299512078,-0.08803079766280224
19.46,-1.7170702246237832,-6.9825445869878475,8.98807777029095,-0.776605933929572,-1.3033323265961445,-0.030635597115834114
19.47,-2.15999868738829,-6.7776372938071185,8.63435316316756,-1.1502742868308908,-0.9740008739017992,0.05875710410448903
19.48,-2.0111796035039693,-6.629541692200026,9.497355710406872,-1.197004212234201,-0.2961204785150597,0.13743551871276852
19.49,-1.368305138049058,-5.885038863082758,7.519707157093905,-0.6440820968829648,0.21701332922128674,0.16159038636918138
19.5,-1.5528887906286521,-5.480204675293571,6.696810730672334,0.4374457313296701,0.5990072948364668,0.06465318268445343
19.51,-1.5915457906044717,-5.758203230187174,6.31548765893453,0.5078278944009224,0.6137193352417082,0.017573081529538823
19.52,-1.2769473739374542,-6.320947143797728,6.6350240673106535,-0.34475689506189433,0.3600484178041325,-0.022598934844848824
19.53,-1.4647333403495943,-6.5431843743206795,7.007391892046773,-0.7658670375327316,-0.11239752043886395,-0.058027852873323967
19.54,-1.7873524561643999,-6.949189998425098,8.137919395262145,-0.9383690963414796,-0.5672474415817058,0.011093233196664248
19.55,-1.158732334917965,-5.954763179232379,6.660300387698545,-0.21428376572660554,-0.6645207422119568,0.011647638492550719
19.56,-1.397896908974821,-6.510466780486519,6.652819015045898,0.9495073746818219,-0.4503357662422119,0.03258545734359635
19.57,-1.5374694246669254,-6.314924920346681,6.964351828933284,0.8245845260548212,-0.07331380306406228,0.03367712998139822
19.58,-1.6451520557690402,-6.533159959613512,5.848519137616523,-0.031470377289564894,0.36569084353559755,0.06111706736512147
19.59,-1.7054658323212801,-6.797276320597906,6.314141670118455,-0.12775995312888538,0.7223689057301952,0.015419094699326862
19.6,-1.5428939044843817,-6.897408828292411,7.0912635075165475,-0.26065780957238044,0.3507974376729571,-0.080312735622662
19.61,-1.3900129878915384,-6.723838666119549,6.391777528670582,0.13017144758501425,-0.04593865702683583,-0.13361302424437252
19.62,-1.4824741767890945,-6.417744798764976,5.833514577802333,1.3074294120617622,-0.1547281694660311,-0.0682143834269358
19.63,-1.5093794630285413,-6.238719404386853,4.999933354856201,1.3409883507621048,-0.16325593471455027,-0.07970575824195784
19.64,-1.4466916256099558,-6.110366579509718,5.113612078666655,1.1832320794357247,0.028522277223037344,-0.027168053122454267
19.65,-1.2798224698643417,-6.684381428583864,6.260151614426292,0.020687137942300492,0.21597561221821496,0.00722043408925549
19.66,-1.974780662568287,-8.00892289311641,8.08693126209751,-1.239724330853831,0.44514456342134845,0.04648198813681128
19.67,-1.5512031984934733,-7.463798798480698,7.765521043061192,-1.5807318068865712,0.39436066931507857,0.059102478462787086
19.68,-2.142476145025568,-7.233098765486108,8.325072082770435,-0.45330368791834524,0.22579701718130255,0.00707958818008297
19.69,-1.8224189154070811,-7.532466304125688,8.64085009370766,0.14008585321441608,-0.0014114198138125353,-0.030379278491252465
19.7,-1.0683127790846751,-7.424500152921098,8.563513577825665,-0.08038904608846956,0.004869631096539456,0.02025442562317939
19.71,-1.301748760436959,-6.506460606858703,7.662882087306853,-0.41158973504988283,0.10411363777877136,-0.012551450280843405
19.72,-1.5555046970595794,-6.83343478943189,7.439820496903059,0.3101583474466885,0.20224102797612167,0.039987923980890044
19.73,-1.8020658780331236,-6.824241699843547,7.621050811045858,0.22760634377702818,0.39131171879529797,-0.04021533268878326
19.74,-1.5893039433241136,-6.918394912614008,7.7208037938371135,-0.3729376365144694,0.3373135360893392,-0.011778506694833706
19.75,-1.842254757190576,-6.7842103927148205,7.955857902149,-0.8304169627746424,0.11901339820396922,-0.035608428230998995
19.76,-1.5617575124546974,-6.665227611048935,7.674904532124574,-0.5729343914094542,-0.0820804463461956,0.02773228841187122
19.77,-1.6229155851191155,-6.685884598482428,7.2941216793491215,0.08328987235178416,-0.07184775051732777,0.08186773876497083
19.78,-1.5733494991713992,-6.724988987823413,7.258200940173286,0.5366198045123576,-0.03883925146698448,0.01752030126163534
19.79,-1.606707475158735,-6.527300983427767,6.893159513113733,0.6666281917964957,0.18155662901096842,-0.007048969939730615
19.8,-1.7142477938994791,-6.4875003936236135,6.738624165444862,0.2767202118987672,0.19608871286022647,0.008133610616363208
19.81,-1.5160264264992542,-5.830095557591965,5.086661857277488,0.2521985725737009,0.3713922481061193,-0.07086482798883305
19.82,-1.4966780528958896,-5.9347591325825,4.9233136489770635,1.0797318860979797,0.716294335670886,-0.00012552012909274046
19.83,-1.5011908656553676,-6.03591730728509,5.291283187859719,0.9605794095439344,0.6937639806754378,0.005387792067316386
19.84,-1.7029237235928278,-6.347679993025425,5.200287487263448,0.11283890667790286,0.503823307800521,-0.1048003015953881
19.85,-1.4093730346477162,-6.881216284969778,6.60983331198346,-0.17335563819300243,0.24691563212637435,-0.04185411898455306
19.86,-1.8954870622027276,-7.713869812439989,7.5504290480943475,-0.5475267089175277,-0.11405968014449264,-0.030812934709416706
19.87,-1.8620887870421128,-7.192170472871876,6.890896439624984,-0.47060231196692426,-0.283917313244546,-0.030708240311702967
19.88,-1.819886000656887,-6.852988957473685,7.244670155088572,0.34518468873895186,-0.20161952327756402,0.014063952166589448
19.89,-1.8608343155021578,-7.21776960779208,8.060959950280871,0.1821058135034004,0.1337956373772492,0.03868785759291063
19.9,-2.02276674465785,-7.319091362794709,7.755349204160985,-0.5054531323821306,0.33107605307175664,0.012221249740481992
19.91,-1.6054608370266388,-6.639114635327609,6.562540023833433,-0.7132937572710627,0.2614003323926403,0.03005453320444841
19.92,-1.765808980028402,-6.6669048466583,7.003830809277596,0.10169051219598645,0.19934886663625512,-0.02985756202460183
19.93,-1.8965290337724214,-6.957190896020944,7.970786852904095,0.24961561403937074,-0.1276713839447438,-0.023967715527709904
19.94,-1.4692591008514682,-6.66979418841902,6.9547445694146415,-0.14190755393147028,-0.21967500425008474,-0.09177858981224832
19.95,-2.0416966547943725,-6.484836429907787,7.1913965492238505,-0.055884620904830075,-0.04553083489006836,0.02881912406322359
19.96,-1.7622786333539637,-6.289090651217618,7.376436894043079,-0.23768868023980924,0.055690389055438314,-0.0019076928903577484
19.97,-1.4467133900893792,-6.642863349290051,6.210436824172517,-0.3750132471692633,0.03262004064937485,-0.03127808693204143
19.98,-1.872996220646195,-6.2360247248045955,6.766544514938835,0.2788862394450525,0.18249714863603406,0.027448295408820343
19.99,-2.0722635840485353,-6.68931671762044,7.094698757847036,0.31501518254663147,0.08934670360520751,-0.007476310855164026
20.0,-1.8352640988579594,-6.955598525471971,7.1985746780887565,-0.1190418469244872,-0.09693301983882256,-0.042580559906754065
20.01,-2.037587881745707,-6.7935487484032935,7.476712068971829,-0.49730831026053285,-0.2273308485117287,-0.002212708390663197
20.02,-1.6142322302946628,-6.745837663274295,7.556108071118696,-0.34477808210530847,-0.07549716105146585,0.058042714584127755
20.03,-1.6472227711086866,-6.731202206175409,7.301221429732188,0.056139188151813735,0.04978354907162907,0.13396673573452295
20.04,-1.6838695828069061,-6.538322963774845,6.791633632618522,0.36999481368386855,0.05223053645563595,0.021152311460456347
20.05,-1.9491353780754546,-6.797666969678906,7.136299364210646,0.33374763166729543,-0.001853330462556261,-0.02186734383582611
20.06,-1.5271540950868392,-6.053512878406205,5.518443186173354,0.5976864744237714,0.22008207701293617,0.008578023627520644
20.07,-1.5418864475857261,-6.618230681575465,6.129775988391996,0.50569173900294,0.3509488434288708,0.018815861752099736
20.08,-1.8853445175583796,-6.464975098100855,6.7804009925974675,-0.06202621156090959,0.193439949780279,-0.022757100102573015
20.09,-1.7687244455980458,-6.327105098493616,5.398552270008318,-0.04068897497434293,0.076164978041405,-0.11127775728378289
20.1,-1.9013938125339263,-6.6146511638801355,6.380680223829759,0.7093051038930088,0.25730601787120566,0.00620144655572334
20.11,-1.7912528292580032,-7.068652384143768,6.684916116683808,0.41488451467600435,0.24191987422792258,0.0012661926546481683
20.12,-1.798526673027278,-7.387424534658175,7.4050164842920925,-0.35977059833296804,0.21922464784105716,-0.051684157799587675
20.13,-2.0957632621650086,-7.134089903250868,7.587074368587391,-0.8664739008088702,0.012994505978017587,0.007868982437351665
20.14,-2.105075313841531,-7.005439589054376,7.878140519067494,-0.5966010196383598,-0.08624401455051443,0.026300167261947477
20.15,-2.0617478167531758,-6.818341150619004,7.932647755156956,-0.0332819505478941,-0.03336974365324732,0.048039516230374196
20.16,-1.9657650569251321,-6.497419767616125,6.216531449360593,0.7126383998798326,0.3246471606253443,0.08766185273715202
20.17,-1.6049759634242842,-6.364307133230388,6.464332223716958,0.6080286001502725,0.5614616180437915,-0.028224872065211647
20.18,-1.8947896824419408,-6.35387822536667,6.648202297826442,-0.07505468112164385,0.32150971221282565,-0.03427008181332538
20.19,-2.168507898012422,-7.1130172162663445,7.0867622640382555,-0.6848682464316879,-0.0805937159818975,-0.040327056093926894
20.2,-1.9997538858585961,-6.445416876634614,6.213320108642426,-0.40298588668507684,-0.34820701030725043,-0.11521307262424987
20.21,-1.91344548325613,-6.503969649746369,6.552912770170419,0.5242765418022051,-0.28566989921617153,0.07880788617917793
20.22,-2.0091671927313373,-6.790873934293263,6.78053153343468,0.4406150498699816,0.10659927638053299,0.03446928702661145
20.23,-2.0709479629753482,-6.2096319817667585,5.382111619656668,0.23408076543733516,0.6169344870874348,0.04701604986569506
20.24,-1.8080556655681006,-6.620060869403061,5.838236300284088,0.21220014045546814,0.8275398210944229,0.02137147048096641
20.25,-1.8671305020912485,-6.761527281734651,6.6089093731124064,-0.05254321509404751,0.42906414543628546,-0.11757615117617486
20.26,-2.217630085988233,-7.096984986397022,7.461992983401037,-0.496277955530772,-0.21166280627400086,-0.06919911863905415
20.27,-2.126594574502387,-7.523690038804567,7.77428119320989,-0.697371819937897,-0.5433816476398176,0.036308991329329354
20.28,-2.406044409678034,-6.930548257855985,7.686017670392734,-0.4971844005766073,-0.2642648590012231,0.08967112849037416
20.29,-1.7287072083584154,-5.862676750441216,6.090948604779498,0.09798887319960632,0.30297141542976386,0.10825863030843577
20.3,-1.7566409173597624,-5.560977173156865,5.363242684485083,0.8897264810640267,0.991183162394882,0.11387417946678306
20.31,-1.5536680224054875,-5.370947856157259,4.580719022596403,0.947076593516707,1.0043197656115375,-0.014361329522744496
20.32,-2.1247052932721573,-5.84496739870579,4.7785930102866185,0.21228395855482785,0.5647894689964573,-0.1353785440015713
20.33,-2.46528309734359,-7.151678133938832,5.756966924779751,-0.1631590719339689,0.05256149110993677,-0.10943669250817778
20.34,-2.438552738199576,-7.840421012956768,7.163853312873496,-0.6777264446097325,-0.5237059746370477,-0.10950033617615447
20.35,-2.265851001935391,-7.226850583069394,6.551834504092673,-0.3929214460442323,-0.7595645549425258,-0.06480672952696633
20.36,-2.5101736212277066,-7.410407783494486,7.545079470476477,0.20057314904015966,-0.6472908763589763,0.08011099824880903
20.37,-1.861937396755251,-6.047516677399457,5.25881201248387,0.5983292048690646,-0.018703960876058245,0.095819588028196
20.38,-2.0393485816587567,-6.257168956358937,5.60208954975691,1.2621984201976324,0.7748912946573748,0.1916958745209558
20.39,-2.298646790281809,-6.10159469689805,5.477866052577645,0.9916745821973839,1.2333569996991505,0.12521883728328942
20.4,-2.3647700434921277,-6.321726308706465,5.478353780568855,0.1908335489609058,1.1809872846245637,0.05701246148956949
20.41,-2.6495104778783167,-6.877380792405744,5.928982531442868,-0.34639615176645766,0.8735374682527525,-0.014559928727215357
20.42,-2.4406253426592532,-7.900886513809597,7.634006424002701,-0.7906338360255172,0.1743924470014242,-0.08899402164349875
20.43,-2.5120946287031147,-7.584582376519478,7.585081914461473,-0.5798598368143665,-0.5820779911109983,-0.06072088678735122
20.44,-2.423141448385231,-7.64619376796226,8.250252465525373,-0.19206092323105112,-0.9877549852457093,-0.02599391709550525
20.45,-2.219203157306817,-6.278104729153227,5.945358330063449,0.3002183073950524,-0.9851422021549241,-0.057177280233451346
20.46,-2.606908387865375,-6.633050087459221,6.46155697616786,0.9077449038046919,-0.6090925162982173,0.054546627569001936
20.47,-2.277864288296124,-6.746760360640856,6.926116415656136,0.2745603081828992,-0.12525616599953965,0.025381676255724957
20.48,-2.6938847992306805,-6.683592689787209,6.821118067137151,-0.4715947509759612,0.3803857059121741,0.1110786929096998
20.49,-2.748653584952178,-7.3094176702848905,8.091532931472726,-1.1321288949744932,0.6623283124085988,0.04389176519787116
20.5,-2.6197788819757903,-7.559186921413885,9.529156142126968,-1.2485819562180622,0.3985543993234711,0.002015652666296006
20.51,-2.121959378437103,-6.69500822645174,7.315693858965064,-0.48518544830758736,-0.11373484379716475,-0.0476408563204895
20.52,-2.4452756883501476,-6.705635989871435,7.501272881891652,0.80879320118201,-0.30456736616409763,-0.04084028329667524
20.53,-2.1164600340201547,-6.127610972797237,7.414183527304616,0.5809543884337228,-0.26927972187215515,-0.020783978531978997
20.54,-2.3098042792086466,-6.8085538376884145,7.577828098051254,-0.5549368848559907,-0.2255569203099589,-0.05769783149293197
20.55,-2.6136114707051252,-7.523969731285619,8.643631729436535,-1.589473161365162,-0.20463024581739886,-0.02396888086248638
20.56,-2.658533328403925,-6.895587137438781,9.115944724030967,-1.5368798985573011,-0.1560265457096544,0.0625155384220722
20.57,-2.2103434130002437,-6.828650949059292,8.882218576152315,-0.6506040557032094,-0.2538092069379834,0.12049684833468008
20.58,-2.5829826102658076,-6.479767369539009,8.137167889278388,0.1710598245893303,-0.31506186284970045,0.05940204182181223
20.59,-2.506552214286392,-6.4325990726838524,7.821598549720327,0.3928310552945658,-0.4154944816117939,-0.0017681376724671717
20.6,-1.9604376684881695,-5.457524265850752,5.562207693539075,0.36773118431890384,-0.258253940129515,-0.041398829872670205
20.61,-2.1078746710011003,-5.680923714447151,6.137338223715348,0.6292847813258287,0.06597439246652441,-0.0011400725327532536
20.62,-2.3487185158225596,-6.337028468785949,6.261063498591231,0.2818545323431333,0.0299906839889671,-0.00253649546028855
20.63,-1.990097081642486,-6.946739014839536,6.501572182364096,-0.16843286106609917,-0.2836748618684703,-0.02390597037267052
20.64,-2.159765527094086,-7.214270417276369,6.647117568727202,-0.21099927937946084,-0.4608283748300598,0.009291523562922444
20.65,-2.19835204733974,-6.222952816375092,6.134943304991945,0.21404307489308605,-0.2450834087286659,0.027903147764943285
20.66,-2.0221986499383116,-5.663016866125732,5.265640949449225,0.9913727194635995,0.30436989416499904,0.11443216088452217
20.67,-2.347282511450988,-6.340143454451466,5.341381101643171,1.03242131976116,0.695926814354776,0.07626293762064143
20.68,-1.6043542979248007,-6.440527807757879,5.692294765041943,0.39870056259285536,0.6513905874395025,0.007145934297983209
20.69,-2.0118905987923372,-6.032974772273797,4.803643252480568,0.11814012300342736,0.5554903877458622,-0.08189938763229246
20.7,-1.9502680557628433,-6.531300412960723,5.474445508518953,0.6951064189437669,0.7109607456097362,0.04864921672591795
20.71,-2.1370119383975203,-7.05008364300922,5.981403028683186,0.524078632843101,0.5311499438356899,-0.026462382478494736
20.72,-2.4738452920567604,-6.836124092656656,6.544103513973399,-0.2395716952241517,0.24475775572525285,-0.09951256341632118
20.73,-2.2432591085817544,-7.872359835690079,7.66806634419036,-0.571398536807461,-0.05829417161308242,-0.0563429562492907
20.74,-2.7929844760520846,-7.539324894656233,8.65875333649844,-0.8180140693491954,-0.2425738687080959,0.020825689148318866
20.75,-2.662334797712664,-7.82570147911106,8.679035900344712,-0.7640353578714413,-0.24831862952273479,0.01713035179223229
20.76,-2.452825753931395,-7.340341850727367,8.663286851868474,-0.5361457274306155,-0.159042427465003,0.06172924206841574
20.77,-2.3937903671851943,-6.853179213877444,8.064187400646135,-0.3173475752538813,-0.08449501915698888,0.02911571924195597
20.78,-2.3459486684831328,-6.383511504818243,6.567715446277,0.3690777016215161,0.22377336094938777,0.0413134776024342
20.79,-2.1732207944375386,-6.283910284393469,6.8089489789844055,0.4020335745754272,0.18703189957771346,0.022362393769040412
20.8,-1.9241614667583389,-6.786439684786838,7.0960820759018555,-0.16019466602856824,-0.1524133117370815,-0.05017361181628753
20.81,-2.027245498087042,-6.056189652120169,5.662293889144753,-0.2370621656029369,-0.31288234931794306,-0.15385215781368958
20.82,-2.093907143232387,-6.139179293505305,5.666160524498324,0.4656541837092299,-0.16500417709737336,0.0030325740806304534
20.83,-2.5745526769379405,-7.005151982050488,6.798765142180004,0.38818598126710957,-0.08356115948873358,0.0037558503041006186
20.84,-2.5609501621335435,-6.997973156778347,7.428912240825886,-0.315675652106935,-0.09260988649788708,-0.040366783199967095
20.85,-2.5301121387069627,-7.170879652990317,7.724864284907823,-0.7921281863373606,-0.24233028571755938,0.03726456570385
20.86,-2.2500126804551757,-6.742661702568529,7.323135244696379,-0.5123982425277104,-0.25951566197491377,0.07097630784640066
20.87,-2.6157759711868835,-6.720003719096132,7.655978023746573,0.15383298287098104,-0.20822842226821134,0.02654897549544189
20.88,-2.595704768893833,-7.03537960390671,7.336431165458586,0.37754124721565174,-0.1759659217844862,0.005989232195634051
20.89,-2.051700940502476,-5.619084229765196,5.281100572321474,0.5734352535201322,0.03271891872545559,-0.05109009286084471
20.9,-1.772993122918398,-6.011094555991161,5.307847349571438,1.0257793204197985,0.5844412909594883,0.05315339054952783
20.91,-1.9298478252160507,-6.023858030083558,5.437779076341284,0.6000835061653303,0.6787203719501649,0.002567074100235765
20.92,-2.0788535008988016,-6.53476846405637,5.784186523840828,-0.22541633358830915,0.3184409389276218,-0.06218704380832641
20.93,-2.3037589612397147,-7.352017451425191,7.201144573153553,-0.8133322412628522,-0.35380820527237977,-0.05644801749374626
20.94,-2.450934084590606,-7.312535337197084,7.7782258836654,-0.6786332352801775,-0.5518020860605424,0.0427934493268717
20.95,-2.411963537102841,-6.805572967506293,8.017580881441734,-0.13051160581902504,-0.1986894185603625,0.1323122079751068
20.96,-2.2834144576766,-6.784651954920694,7.139407519187703,0.33289089841521646,0.13164303385785595,0.10519303077946665
20.97,-2.1825845281341234,-6.992725697543454,7.415496263086947,0.18682493060867994,0.29200932155128123,0.001940676876896931
20.98,-2.3511350637983894,-6.822481451300178,7.525873983544114,-0.2606228967138959,0.05015348681444952,-0.02406281620474281
20.99,-2.304675677342898,-5.9135551304535365,5.868799588030909,-0.15056424885123093,-0.06745571284783893,-0.08728899478636185
21.0,-2.245331611513932,-6.355624059502706,5.434178492022607,0.788267424049024,0.20988977299446648,-0.003355726893426215
21.01,-2.3440235221935755,-6.2765126323180525,6.308077320960457,0.7318695777240352,0.3162623875046834,0.0184001947567475
21.02,-2.4697371287640615,-5.870541447264521,5.077817528865783,0.226040533177001,0.49709245527570856,-0.05214726307211695
21.03,-2.4153702286422725,-6.8510256702051135,5.57316409079324,0.2548348081386371,0.7711211233168235,0.021789765162648703
21.04,-2.278950149011441,-6.904209745085566,6.409489530225657,-0.09970103583355397,0.3869898441031538,-0.007614358166155251
21.05,-2.6592497679044333,-7.289205994547908,7.800822793347278,-0.5670876694405886,-0.18032649622178626,-0.03860662408783813
21.06,-2.2904659415600426,-7.485965165163404,8.176613253560005,-0.8659481402087106,-0.5879630617321846,0.009170855582111507
21.07,-2.6417343600844787,-7.522682630047294,8.480053530319788,-0.6730643221579738,-0.414927135843729,0.11061592463073111
21.08,-2.6624993696141015,-7.489455473939076,8.255345475949836,-0.2785300354014003,-0.052373776258047344,0.09539361610147773
21.09,-2.492852267360375,-7.008761492566667,8.0785891427196,-0.0763475167725324,0.06625749066728441,0.01347270481650323
21.1,-2.599705884650064,-6.811520627342587,7.8532419753494205,-0.16075257450649483,-0.1458064229669228,-0.048446531665706886
21.11,-2.4142561185185056,-6.912009568219886,7.50790075805427,-0.1695209553025531,-0.423747642203875,-0.0004844205970458383
21.12,-2.1278627270235613,-6.543346061052492,6.87318095225729,-0.03153060711388319,-0.4458990339139536,0.06253814268281799
21.13,-2.1089954088809812,-6.44116480835071,6.518169470074547,0.14537935997454657,-0.3414583987622256,0.058142749213316226
21.14,-2.111128556286909,-6.227721297752491,6.811362512926924,0.2897854299370977,-0.166025367228854,-0.006176118920225918
21.15,-2.2712496574281458,-5.404153609268997,4.747474356129696,0.6222771780757507,0.13994706414152805,-0.0132031295986565
21.16,-2.038686418280021,-5.025463183304475,4.323558918010247,1.3759679301429946,0.7966430955059586,0.1250033639824828
21.17,-1.9147067232032133,-5.425834393618413,4.30634139268634,1.3466825029675251,0.9071045196166247,-0.01096976322874247
21.18,-2.1018485734166488,-5.787648764776475,4.049743073382951,1.0574851935821739,0.8807048082454224,0.02312092312747215
21.19,-2.603406044075514,-6.483728234801328,5.138557451738193,0.1773284908836874,0.514678492510499,-0.04562393636208977
21.2,-2.720204544247368,-8.023750235574646,6.576973694649177,-0.8601302322351548,-0.0716819774451792,-0.1395566944947665
21.21,-2.928418638706306,-7.985562937231517,7.979215485846409,-1.2939741441060812,-0.4892219031625929,-0.06475858322768763
21.22,-2.4065199165280644,-7.307331743380209,7.691108111890239,-0.5722175939093422,-0.46287323187571605,0.07331688205507964
21.23,-2.8638123565097944,-7.697553684308485,8.77604843765797,-0.06223732695513635,-0.1786160886799186,0.07529119630719505
21.24,-2.500839256495535,-6.837429140055239,6.862234536481615,0.024191232872046525,0.20635378479570077,0.05695739946800327
21.25,-2.4881196335509643,-6.256473750166029,6.609067343419753,0.19420111695894646,0.6121532462431882,0.04516009449897786
21.26,-2.638424095745291,-6.6411094262596215,6.868221885405192,-0.14191843610326127,0.526004223214392,-0.013873888555076678
21.27,-2.4127064932317834,-5.959533163006717,5.585034563755348,-0.1623940032454593,0.2840689854992477,-0.1095782157411074
21.28,-2.178881069253536,-6.293163059142258,5.495848125530313,0.535456580814956,0.3494345812042758,0.031165997366516596
21.29,-2.4331303769646,-6.717929310978829,6.577551323786581,0.29696543125597263,0.19009501842375837,-0.026265895238911895
21.3,-2.3781714798216775,-7.3404723104312035,7.606981880076396,-0.6404010845891213,-0.046377810567788,-0.08975155259068608
21.31,-2.390791299063787,-6.618180816280097,6.315238969971946,-0.8510489687076739,-0.28131964848198043,-0.0974142629060968
21.32,-2.4151274432861167,-6.594573901849195,6.536865255409639,0.10469650546102136,-0.3325984696758089,0.04773028907072906
21.33,-2.7357420383449917,-7.04342226383829,7.119155060154004,0.22018582553818544,-0.245733097798143,-0.0007703972419609165
21.34,-2.835278242170636,-7.059673031786689,7.079976792223407,0.2596511908360088,0.061336860606678506,0.023335416244507943
21.35,-2.7031567678594772,-6.979035194746293,7.640939699377414,-0.3890931086673703,0.256716962100662,-0.007991214953024007
21.36,-2.662745286320635,-7.03293813968357,7.864804417206386,-1.061215590664248,-0.012091917511325385,-0.010318209854953003
21.37,-2.527048552516801,-6.477933902423562,7.025765610445577,-0.739159312138908,-0.31856298185913473,-0.08980597217719759
21.38,-2.5019165777854653,-6.48458307256644,7.186864247422957,0.20443606130466657,-0.3702551727583399,0.05466104393240408
21.39,-2.630309908176904,-7.082193843009292,7.364276367243243,0.28270354182949853,-0.29129436162485955,0.003974038951631932
21.4,-2.727874288605033,-7.071047700250092,7.606132939694006,-0.3663561798735315,-0.2237380478527317,-0.009402284350280331
21.41,-2.849101651966493,-7.009582254588727,8.44850289973773,-0.9354816003362175,-0.26137470592977613,0.026671448010189575
21.42,-2.738482258460505,-6.874036291931262,8.082173138804837,-0.6507210192181923,-0.3482682010904777,0.0996680550417792
21.43,-2.4419214866819825,-6.657608166557514,7.314441436718531,0.10103258702528504,-0.3806581869777297,0.045282431725530946
21.44,-2.649009831138464,-6.453461525629555,6.862522230149491,0.5606990786149549,-0.4065502931697042,0.04048738159404253
21.45,-2.540393439683902,-6.515613136542375,7.144207014836404,0.505022126615663,-0.3132203608477967,0.019867842426029143
21.46,-2.1570629055287633,-6.0633145624201585,6.018848592456367,0.22280056299887616,-0.20726428031191024,-0.0372601084130887
21.47,-2.3103343598623134,-6.370936287475807,5.822926241794329,0.3400548199337949,0.11229839110613185,0.008229708911095458
21.48,-2.4084869249616987,-6.590229777769697,6.526634358408046,0.30305821127908567,0.03011087726502205,-0.008862974098299937
21.49,-1.966165095688976,-5.159184304851236,4.67273369686573,0.5052440207155432,0.1833089802099811,-0.06996413798518075
21.5,-2.1179526062956975,-5.612151259907729,4.292195661737143,1.246316499530687,0.7372415584482197,0.0803312029231313
21.51,-1.947180057257516,-5.99709228894417,4.971703376326817,1.0569922836591203,0.82365273224249,0.01037278583941478
21.52,-1.9829025607654232,-6.598080709149621,5.657437099467362,0.1919294212203109,0.5963245790730061,0.00036228241095049435
21.53,-2.4605379299319994,-7.5965480560110406,6.896218026413561,-0.6973024572607905,0.11353435372700259,-0.08788500472466441
21.54,-2.720408850601972,-7.92355750090674,7.896574735004349,-1.0816228938846761,-0.3908426243632849,-0.060490107264361784
21.55,-2.5768731371933042,-6.404570304386979,6.180538398737485,-0.31782233061938114,-0.4421248840288838,0.0005585853332889645
21.56,-2.5601568798810783,-6.858465043506912,5.733229089714205,0.8235487970535943,-0.13120535146494655,0.09402043051376366
21.57,-2.6251756443780048,-6.7852373191355495,6.761357302870966,0.7225388154012213,0.3660879472636973,0.08101632202952327
21.58,-2.279369212118645,-6.233108117834186,5.658542695821466,0.1758698099444663,0.910045686817831,0.037213984223091044
21.59,-2.22010119524974,-6.459175943478997,5.5895517221123745,0.19047637499678466,1.338033340717944,0.07324280759595059
21.6,-2.333951113126575,-6.694381575113128,6.216366192129059,0.022673685164660125,0.9408486858165866,-0.037532893394171936
21.61,-2.4733445656595614,-7.163875825515563,7.183965743557579,-0.24692630222839265,0.08363395516864593,-0.12857603732963974
21.62,-2.6166767566220384,-7.561954011057092,7.885219690417141,-0.6366307597413257,-0.7209265098484858,-0.1508413716982447
21.63,-2.8460189099574205,-7.181745353341308,8.321402248576195,-0.5509926047055096,-0.9074236640717677,0.08306361781672834
21.64,-2.7907568404359844,-7.150215696567246,7.845523548048072,-0.12692691559197455,-0.33378380976429517,0.15850321724902694
21.65,-2.7753260555302153,-6.876185253565048,7.150002569367296,0.28813561189405373,0.31088062983855136,0.11367894306127392
21.66,-2.7662229449638995,-6.773327026643878,7.406384789565498,0.24613245052340801,0.545598127216958,0.019386091838644145
21.67,-2.51536919407602,-6.644372095840138,7.405921593255971,0.027699405190478567,0.22479733624550502,-0.04024382291726619
21.68,-2.617789302680303,-6.733420840154318,7.0429663031052785,0.03010166295865668,-0.1677128106231868,-0.0664855962369015
21.69,-2.460619996778729,-6.796887724043689,7.288478896499339,0.19840075561587156,-0.3900257748309689,0.017337666771754995
21.7,-2.869022562147674,-6.745914101205617,7.80988699978477,0.30508146713802264,-0.3689214343147386,0.06660779540574831
21.71,-2.417096671756024,-5.611217446877078,5.282407500763091,0.7143460217092772,0.06506290728277932,0.05245743774470672
21.72,-2.117960380580779,-5.451427498538213,4.623364097562864,1.5924962964009561,0.7998835716231858,0.1768064045290126
21.73,-2.4951714952210455,-5.278212670108424,5.0393206649346425,1.9475840164415241,1.1877594514670355,-0.023443835809217516
21.74,-2.5362218534484184,-5.740470512784511,4.938467580950223,1.885170810212243,1.1882536558062748,-0.03659158633901165
21.75,-2.2040870305541667,-5.92095311989569,5.135808199010817,0.9094347622872844,0.8166598108899702,-0.05325794685811973
21.76,-2.4115891205168207,-7.309740175447432,6.21897401593734,-0.35491718073708417,0.22609766414113044,-0.1893562774886395
21.77,-2.6623048161232616,-7.094697775751727,6.067258157955439,-0.6097199564067587,-0.42242214429764635,-0.2715189330710385
21.78,-2.9820480217316336,-6.952340641545036,6.407721037762662,0.47192531047664826,-0.817198082020611,-0.015710970138926243
21.79,-3.0634931529948006,-7.1341941202363355,7.226056660285421,0.9051287747480112,-0.6897280810943954,0.000645829057811193
21.8,-2.892549080379633,-6.840681985699709,7.6774326120029155,0.3121202195126435,-0.3026651853328127,-0.01447972673276509
21.81,-3.1730058596563238,-7.083955002547941,8.539706077754474,-0.5623595561030721,0.06746509967691071,-0.014309544961219115
21.82,-3.558239532464919,-7.526859648112037,9.447139712000661,-0.9895718400779399,0.3210047123682195,0.0183540758329833
21.83,-2.985326268442991,-6.443623778358978,8.228773867235473,-0.5900488891252172,0.3686484364982045,0.03130613688743367
21.84,-2.804597513550674,-7.041619058608878,8.715624860597867,0.09763460380840679,0.20146201784399156,0.021794100883780452
21.85,-2.814289676274941,-6.554034126329352,9.45919512911175,0.2489146011635771,-0.1061618462934003,-0.0122192498725124
21.86,-2.435933561439632,-6.455779838059133,9.340483885938735,-0.06643532197987519,-0.17161026172514324,-0.03270281020903624
21.87,-2.583258617296538,-5.394087051858308,6.301146389003004,0.029417250485553405,0.12461803236023729,-0.048929502790802576
21.88,-2.350269156912185,-5.525089802417054,6.325134677946017,0.6951566606996704,0.5399606841196654,0.04737161342526565
21.89,-2.4889915236708613,-5.406084603463649,6.325701797795016,0.9483327143743211,0.546512712042542,-0.0850806175586948
21.9,-2.252356844317919,-5.320851077207556,6.209057728162819,1.1156874430896306,0.5642073388690654,-0.06924616901846385
21.91,-2.865905303527506,-6.0804737709226595,7.0918493540540055,0.5369593037535477,0.16935433153588095,-0.10651211232832031
21.92,-3.0116367080865,-6.803780740641131,7.767585877849717,-0.15703859083005903,-0.31064812481246384,-0.10338302008184047
21.93,-3.0912040200428432,-7.087704889407287,8.154165320437533,-0.2996616413087075,-0.4475158963320637,0.04467739642003074
21.94,-2.881962559986053,-6.497928328554979,8.499482505285965,0.1679400530649177,-0.11740849221880262,0.13724786151191748
21.95,-2.746883308474817,-6.4738805704651945,8.354267028387639,0.7038671498652251,0.11930119440370095,0.056122704699107816
21.96,-3.0052304519858564,-6.276288479084845,8.299971144880981,0.7995855648795731,0.09366194261151578,-0.03896455076290233
21.97,-2.597147489040502,-5.474104120296516,5.564802800814177,0.9436717638409612,0.20148456428176237,-0.12534815540074426
21.98,-2.8633687253648756,-5.159499255700723,5.4826736954857,1.3807482602610421,0.6051638136138197,-0.0008414788946494618
21.99,-2.7443968287331812,-5.845944517325422,6.218579244423597,0.9288214682954483,0.501081780194264,-0.04321908271251115
22.0,-2.654125185768523,-6.236084411498464,7.126444192628255,0.18319469658906082,0.10668022927897347,-0.07903031678976091
22.01,-2.6353555942815032,-5.956358045147557,5.486694010109025,-0.04599432780701496,-0.19263009523391436,-0.17992277432958784
22.02,-2.6816422435270093,-5.830707745828366,6.2526744438661375,0.7312663348783841,-0.05969699566329328,0.0003586221113431737
22.03,-3.0539485878279766,-5.275247163639482,5.448354743163173,1.2991671647400769,0.15413400555848153,-0.11866807881554527
22.04,-2.6756261460005097,-5.399425458623457,5.690464995322718,1.732095682808938,0.3867691238590441,-0.05310986517250105
22.05,-2.537755852713901,-5.563649906384081,6.004638996932286,0.8576940833946062,0.32339768178710887,-0.07971084503912892
22.06,-3.001666243530436,-6.293009377971072,7.590717993460773,-0.50915110717877,0.21710487645989235,-0.11191956665481806
22.07,-3.728709554625689,-6.630666989548783,8.762099970982963,-1.3222779543713312,-0.0077696025135911475,-0.037179522410360405
22.08,-3.434367638667277,-6.718997013857901,9.862050878072836,-1.122073715186772,0.08846030594952975,0.0630509014749533
22.09,-3.4895433563992726,-5.969395632936564,9.756915767825976,-0.4542932214211886,0.06816763859563878,0.12861535710965674
22.1,-3.223060107024533,-5.7423146967455425,9.248915481148673,0.2026156486523122,0.006311602105374832,-0.02791267981255261
22.11,-2.9391479013344273,-5.567825738408903,8.930349854156677,0.5376146317095576,0.0760813585920391,-0.01162127018914644
22.12,-3.41983767865783,-5.685936754514875,9.253157377336192,0.13081267660509358,0.02364466386357031,-0.038443459404070845
22.13,-3.143200513623615,-6.175545458586818,9.13468597285761,-0.3223242865471881,-0.03409414454396836,0.0031723460908271855
22.14,-2.909870954426205,-5.782675509196488,9.1478829991938,-0.27541811016957285,-0.21959812056652706,0.01881892984534709
22.15,-2.7890565953150994,-5.584043146337198,8.995446310644418,0.19838371461949333,-0.3476804612099507,0.038626010157905684
22.16,-3.1101852456521937,-5.055035453109634,8.070491865819529,0.7352419552137434,-0.24885977315636937,0.03136027839891819
22.17,-2.9548086822401847,-5.058947168885399,8.022905241575376,1.0031394538879699,-0.219493557009335,-0.038461326307595814
22.18,-3.100108272313295,-5.5292862351663175,7.827865418164702,0.8687222377913864,-0.2325118598329306,-0.006636126007126956
22.19,-2.6146876394462133,-4.84941628475164,6.144390796638537,0.7670500540266656,-0.12333511829919601,-0.18956887014487803
22.2,-2.190855409677177,-4.531779836885067,5.253663666158122,1.374798086939991,0.2998491660665748,-0.05203592166227259
22.21,-2.5687430802870486,-5.184431866040598,6.143341408335558,1.2449439572737981,0.2690989088860234,-0.027815231721763315
22.22,-3.1707477972410616,-5.605994823921618,7.300349684323163,0.4357452975700794,0.06847774624934756,-0.03653911891020637
22.23,-3.1738219415868585,-5.61086514715157,8.159788366563987,-0.13632511031687491,-0.2810076961786579,-0.05310237281301758
22.24,-3.2736527701331224,-5.653242926294405,8.631548269943996,-0.020878834753457722,-0.3361796940221664,0.04439932494225532
22.25,-2.772883795024069,-4.832429196024501,6.876767804306314,0.5022754362184338,-0.047406706794735146,-0.09681324257223181
22.26,-2.934848358660615,-5.360522137834655,7.474647546423731,0.9676271234328779,0.2527240910106315,0.02201676695866507
22.27,-2.944158903696134,-5.429361765005949,7.954323911202731,0.6408693906025323,0.31412824848168786,-0.028683239087390976
22.28,-2.981478797308613,-5.702419892836867,8.588043413077324,0.007109963773987392,0.19222236945958468,-0.048492815055813224
22.29,-3.25902519799961,-5.868684228462419,8.892746466821423,-0.3088764791885249,-0.1340011124563661,-0.02945839483266608
22.3,-2.9047395149682536,-5.60476014179939,8.803877206097583,-0.0340285197234232,-0.25622924272245107,0.009168224010603798
22.31,-2.7046594471114833,-4.432064787293468,7.200061465983093,0.423247462178863,-0.1136065479533097,-0.13913175434583813
22.32,-2.7815221044959593,-4.826159926685691,7.659141719123763,0.8317143469695176,0.10089483683513031,0.047158378480945944
22.33,-2.884574348747707,-4.534132594427358,6.927118679285842,0.7885632596168239,0.18723188269856872,-0.27626724419557847
22.34,-2.596312793301978,-4.564249182617326,6.687067568644556,0.8769364337268194,0.08064042701564857,-0.11700898927724063
22.35,-2.9959535974800477,-5.295840078444117,7.558963642870038,0.5398040954764055,-0.19806785565261073,-0.058741477835269715
22.36,-3.1089507088752666,-5.058266598218281,7.996696818697243,0.0018703839258990976,-0.3499752438851381,-0.09737259085596722
22.37,-3.2686149532705207,-4.837181111109576,8.417349684142659,-0.09792510118172416,-0.16457201363016047,0.03923154722136654
22.38,-3.0958720805218327,-4.943259082250242,9.19952242952569,-0.0057628501627774685,0.1634176013188639,0.06405726783872681
22.39,-2.8624234560007653,-4.428923001501776,8.160101898779123,0.15986631275576108,0.42266583195899327,-0.18682930623756602
22.4,-2.6024856103003526,-4.520703634454967,7.401869523520993,0.5763067925582176,0.24276159845959175,-0.1513103267452519
22.41,-2.946859438766735,-4.892049825369142,8.097157181259636,0.6642743157980239,-0.16311700225193185,-0.10361789235234847
22.42,-2.6106385770878076,-4.331839122985617,7.074352051939985,0.4878396078281911,-0.377124182396458,-0.27928290927878757
22.43,-2.658554970171065,-4.10822584167535,7.261683733353232,0.5862569735205873,-0.4167838114098495,-0.14218056101196816
22.44,-2.532010990955662,-4.512598884601649,6.827256265341308,0.677007596286795,-0.4033439529578732,-0.08168310918878433
22.45,-2.843189405371079,-4.970748921400805,7.672395054085247,0.47672782430509053,-0.1729004194463148,-0.024782809421410548
22.46,-3.1853624172581205,-4.879641550808155,8.20335843082714,-0.014556147228967187,0.1393648545570092,-0.025078719561667746
22.47,-2.751918935966781,-4.830202367581327,8.269491377594356,-0.3222898477764798,0.2932056822813327,-0.17871026710051185
22.48,-2.8821150108302818,-4.840155413936407,8.129268683528245,0.06476983222831703,-0.03668263820121162,-0.08372340110984294
22.49,-2.7810921974370095,-4.733279061530609,8.581857467192775,0.4197667231413084,-0.20858697961432107,0.007533923061607705
22.5,-2.7005601851870225,-4.618088367481165,8.99448142790177,0.3557419774350941,-0.01435185046110598,0.016528988891681397
22.51,-3.1896204401126926,-4.5074704310976434,9.512268914736232,-0.055131547868050156,0.29403278576499847,0.06688809038576454
22.52,-3.05457097422997,-4.840964461519641,9.649030200657144,-0.39700716685073245,0.5296428916501513,0.019201421815645596
22.53,-2.903089300038569,-4.492886125026481,10.038181657216047,-0.2957258159045232,0.48687434502734867,0.03267518589103621
22.54,-2.964861189148628,-4.275975644863443,9.6345331208741,0.11731259575731365,0.21226005877881574,0.003814335026999979
22.55,-2.3675217474201333,-4.319794473748864,9.329052112210306,0.45340058911393977,-0.0014161895658680868,-0.015631214446858895
22.56,-2.6001825255005633,-4.245637614839719,8.869065287734552,0.5653520460674378,-0.09987119069702416,0.01436421352545117
22.57,-2.6394829269760223,-4.316218643709443,9.015212334720491,0.40593123462237524,0.012700127050738724,0.0010248314079967982
22.58,-2.661732266009557,-4.11907919651258,8.94047832492398,0.22891848896820796,0.11949790086682155,-0.030104900032653672
22.59,-2.6833199384425206,-4.1351594651536185,7.8778136404046775,0.2605427230800414,0.07835490983326958,-0.22979160896583503
22.6,-2.7332303701682052,-3.8509924813812653,6.95012810238454,0.4972930447375473,-0.0865695906956953,-0.1581718406213829
22.61,-3.004899406229235,-4.287191183773891,7.989541497764117,0.8359815642579436,-0.22116919854742068,0.00923916192497533
22.62,-3.0431603294633427,-4.488617207446163,8.28011888882531,0.8135646631550469,-0.18078486057627025,0.05135143475280389
22.63,-2.857814971965949,-4.243803389029247,8.629595465458396,0.5485473663090429,-0.058609356505503474,-0.004557877835947513
22.64,-2.9337783986810666,-4.126339221005347,8.774128218056418,0.2946946896324653,0.005762995157614686,0.023076149433485377
22.65,-2.7963858724470003,-3.986057283719359,8.004373436850752,0.3009771104474603,-0.061311000461539124,-0.2655841542366938
22.66,-2.8033208948027304,-3.875098552225714,7.634399815420959,0.5113083927138313,-0.2356833904388631,-0.0669158957731119
22.67,-2.7400285506562354,-4.081089842006383,7.97988007079299,0.6485125944476908,-0.20652635340790032,-0.08007058759217447
22.68,-2.7736370144447884,-4.19463554564968,8.00663165395024,0.5782217316041875,-0.1317612702997906,0.0033672648731985838
22.69,-2.8396432260553723,-4.3888519890831015,8.57495377872719,0.35083796824576624,0.027767510400663727,-0.013089754634255334
22.7,-3.0562493077716173,-4.3775942211776835,9.111343246087648,0.16224756408085486,0.10619601621863345,0.05343339551116347
22.71,-2.495017373340743,-3.78504417666323,8.186142492906583,0.1432359263636392,0.060092377123793186,-0.25633642871261075
22.72,-3.0162714696505715,-3.869488713431178,7.9826926717948705,0.44243182877524,-0.2235680640524031,-0.10208030909694175
22.73,-2.824275444638418,-4.521836187273836,8.638946278461647,0.6168622608932622,-0.3100767173793063,0.05811124131168145
22.74,-3.0301060015806476,-3.9705399956214094,9.021280484391902,0.45019195976978094,-0.0974320177899092,0.010338177193786866
22.75,-2.734384142689371,-3.734896681392923,7.741408833421769,0.1973808689880903,0.07857718601535969,-0.2583685177483872
22.76,-2.7446243392432788,-3.7459597183498095,7.592602637650776,0.3067670166138682,-0.07272384065578034,-0.07695851115385458
22.77,-2.5578407198160953,-3.658255904383719,8.605695732276295,0.3663549739594961,-0.16987500802320984,0.0306552603482065
22.78,-3.0861786542407312,-3.7214947726304795,9.134317046630821,0.2281930792156254,-0.02777260418453759,-0.0035614836528917986
22.79,-3.006365306283966,-3.74279261831022,9.291237721076483,0.11648208566820617,0.15843022011781144,0.02835147454043792
22.8,-2.835210115582457,-3.7117913019963957,9.36632041819571,0.045032543467911725,0.22046681686525932,-0.0113305086380905
22.81,-2.819324532290532,-3.626696601680436,8.636644702742387,0.11713726565998814,0.11657155629174117,-0.1590872864173598
22.82,-2.5437501791569446,-3.5916485528816593,8.652044029325184,0.3891520968593627,-0.20322331490203044,-0.07603531767770541
22.83,-2.5855272553959847,-3.7305257331216866,8.835755463988832,0.48450343299665183,-0.2569354695270559,0.009272295262909678
22.84,-2.873918816725039,-3.699645732724161,8.336211932104531,0.3210531156501897,-0.11571191264128068,-0.054469251640390993
22.85,-2.738174570383276,-3.7077514039438175,9.311808899970433,0.12224550624600294,0.10332965732704388,0.04188346037029486
22.86,-3.030311698446168,-3.6632428016913074,9.608891433735677,-0.03585763937211402,0.25269585276311823,-0.0024443627459919542
22.87,-2.039078963256244,-3.3873567889799023,8.31032949811289,0.07704039984879016,0.09889323627743059,-0.2175186581116892
22.88,-2.494720325618589,-3.4977801565295294,8.520248592381934,0.4263224601223415,-0.2323851455317195,-0.006813788576306684
22.89,-2.8512338398217074,-3.0482982211151946,9.053743461721027,0.4792020447462337,-0.29991127164750375,0.031692386681867656
22.9,-2.6319717795591577,-3.1907247311862275,8.621532544897505,0.31086891341192496,-0.05379486678114791,-0.09642778993016365
22.91,-2.6874516944845444,-3.3303344362381617,8.590148547068555,0.19857977088083667,0.044780130322079545,0.028260780098262377
22.92,-2.6924477876907287,-3.545604457792152,9.008938083602283,0.2316509900744603,0.021487989476453872,-0.019018096605668576
22.93,-2.661795284730222,-3.1028989459196197,8.878509022197159,0.3166911527574749,-0.02757757995670848,0.05836738450579381
22.94,-2.853432005365201,-3.6072643148050965,9.363479210499204,0.38556449878491256,-0.09484374233382933,-0.011531286654648816
22.95,-2.5719185090147723,-3.2510803108549706,8.467520467964844,0.376640201598107,-0.09481123596196102,-0.1989081910969806
22.96,-2.521267866933883,-3.115383933803317,7.960793206449079,0.5304659687568497,-0.3419410145236006,-0.07854723822415176
22.97,-2.584885775642177,-3.302552040059342,7.6920222685158866,0.6981277946663847,-0.45668993652159223,-0.12179697333178567
22.98,-2.4791378010621363,-3.1302171473302174,7.879593342931176,0.6771656621973756,-0.5036295758540557,-0.03036285627808189
22.99,-2.9156659306715413,-3.3580898750655375,8.454487337931505,0.37970239946708284,-0.19745170781219235,0.02197209247486696
23.0,-2.906362490973113,-3.1787074552049126,9.281873028046697,-0.04605741203150814,0.22250913494985136,0.01215263760140975
23.01,-2.6985358838954845,-3.4224239362766506,9.720931050056697,-0.17081950205511412,0.3694064152471902,0.0029640451252515108
23.02,-2.7266358134376447,-3.0096484094243983,9.38608011463055,0.02825043440923837,0.1980612260297591,-0.009258615472169406
23.03,-2.6504678882460513,-3.4990849300831224,9.428777699208444,0.25484849095563467,-0.056081127645935494,-0.013766766278470033
23.04,-2.4574419022812624,-3.114483317928116,9.50991214663303,0.40336209181162436,-0.20905901261951143,0.04353738427969313
23.05,-2.6106886827610176,-2.8044973086995317,9.540196559646398,0.24477770931012133,-0.06505320885308416,-0.0008026274833604855
23.06,-2.6110340453654537,-3.2264589420960563,9.474638624585081,0.08036199923108595,0.025536901773083646,0.009814580562373757
23.07,-2.3725771371479425,-2.9023070850073625,8.112249596176344,0.13280136383450256,0.004127973615831495,-0.22071158421402506
23.08,-2.4702428846911584,-2.6183694393038737,7.879196991841056,0.5864252819715347,-0.44795157540265046,-0.15362526655551914
23.09,-2.3061348958691053,-2.9209882664415674,7.897934138817036,0.9187916758852711,-0.7146637127660602,-0.016398250493513695
23.1,-2.712820480422211,-3.0616878309644897,8.32517797018469,0.7404385450832026,-0.4976670082082265,-0.03216800344332302
23.11,-2.5963066597808666,-2.831371168270782,8.592682604906429,0.24318768832795135,-0.0757762159523199,-0.011811404479647087
23.12,-2.632267484727431,-3.2290656458821263,9.251661905807545,-0.21891638181030293,0.38762493693098626,0.012814861802627746
23.13,-2.3994002252497215,-2.8864019292745424,9.915232127836012,-0.20150644308051358,0.4061841795940744,0.013054217780787246
23.14,-2.552366716655959,-2.5377546627369894,9.703562058678523,0.081813115425254,0.13620300351034478,0.039028312162323636
23.15,-2.458567854247038,-2.401701002575297,8.715258901177434,0.5533601881899062,-0.28645167733220805,-0.21760934949986335
23.16,-2.159197784618631,-2.5209558650892383,7.91008564995632,1.1132995343681542,-0.9114573252257255,-0.1467618507171668
23.17,-2.3706161041935805,-2.5425949215617765,7.809739918011716,1.1840786572632946,-1.012881445339905,-0.03885878418393169
23.18,-2.0865924622016476,-2.5973220762374702,7.373102270668909,0.6595967622018232,-0.6265930858841736,-0.02444193061071724
23.19,-2.2627469633066544,-2.3559229014384693,7.750036997017371,0.28980664902053455,-0.26807160418209797,-0.2106083736441181
23.2,-2.257567528721079,-2.7547586689200307,7.999627585608403,0.5241846001634718,-0.47887642568112726,-0.06745269099909736
23.21,-2.5568387425610295,-2.74070073526871,8.206435683997949,0.6845461314474922,-0.5445410181187258,-0.18730298673955548
23.22,-2.164413404960942,-2.2788752875948437,8.100464826557593,1.023880378900546,-0.8899799994922519,-0.12540615013311404
23.23,-1.8399113263135125,-2.260963981306503,7.612726824615486,1.0160795268017517,-0.8508898337397752,-0.2402084162336088
23.24,-2.0344158583777934,-2.447865323902642,7.17918957153852,1.2341483691097355,-1.1431791929297839,-0.15287636769479923
23.25,-1.5834429709182047,-2.2116314590843054,6.600821175353496,0.8781144714937181,-0.7609558093084567,-0.1629760785970035
23.26,-1.923822444049776,-2.0424990166250323,7.681303548172758,0.03280098276433064,-0.035013473885124685,-0.0908468609321505
23.27,-2.0712566711969975,-2.5187783752138895,7.91387354229867,-0.2836824056594876,0.3501848059714093,-0.20141921489724324
23.28,-1.9870626222375833,-2.1550501194891565,8.783426550390471,0.1415240993004516,-0.07628599319687346,-0.14238834900647326
23.29,-1.8803754277428792,-2.372320627729709,9.2272747863223,0.6830552104582662,-0.590311771395574,-0.22045317705999978
23.3,-1.8016673825317817,-1.9166429178472306,8.246433629587385,1.028752081358529,-0.9544985714136988,-0.16250281196989647
23.31,-2.070727506678711,-2.188783886985657,8.018846461516803,0.5200979804257619,-0.4372528660259739,-0.19680957717700254
23.32,-1.8186430917528398,-1.7825211026114915,8.068156542651094,-0.08739227981176567,0.20464634816756827,-0.20548261659966718
23.33,-1.91917407768452,-2.1219981882125785,8.845098799222736,-0.1345063527527385,0.23449236993348566,-0.1545879592908115
23.34,-1.817452298708102,-2.186961499586491,9.604703296520007,-0.4365555888722291,0.5112331844469956,-0.144142209893264
23.35,-2.0939206539465958,-1.7970190035931266,10.041389958775042,-0.486545264076248,0.5765618280922674,-0.16721952701381243
23.36,-1.9118195396454896,-1.8681453676301403,10.737202276363055,-0.7128577318310868,0.7647840565618675,-0.0788991323287707
23.37,-1.979710281165894,-1.7120379627600855,10.051086003169111,-0.5888811787589739,0.6885909445371631,-0.19912546079668705
23.38,-1.6449660355268483,-1.971805309210861,10.234290535305856,0.04354115224070936,0.0065668120694311605,-0.1268247451625344
23.39,-1.9530563153959377,-1.9917213012037631,10.103144451925653,0.14722869563536878,-0.14342700642145378,-0.1303379226757122
23.4,-1.7905511707266912,-2.0189914972922804,9.876435174482651,-0.167254393490245,0.24058546229318084,-0.09206240951642683
23.41,-1.9980473856008611,-2.100449730805643,10.266660282907884,-0.5961506959977482,0.6790410718120383,-0.08044785274814056
23.42,-1.8246238082770532,-1.9495109496930618,11.161553145715475,-0.9289339155287414,1.0424965515400555,-0.09209931693699352
23.43,-1.9816477975883238,-1.9911987254142203,11.672314852664796,-1.0200749756651544,1.0683173735538805,-0.08517488771706662
23.44,-1.7539113984963783,-2.052750629242278,11.647750009980815,-0.8861447403818183,0.9531512875305372,-0.09776230819528148
23.45,-2.330956800870698,-2.0689025794684524,11.44011789018386,-0.5995383193437094,0.6543275651586336,-0.09871594566516106
23.46,-2.065773464424722,-2.142981562973197,11.068675070760928,0.015562010206750628,0.13755180514205492,-0.06541932658405096
23.47,-1.9120420140370096,-2.1798304044990693,10.649569778077943,0.16731674154565562,-0.012056513709797467,-0.010090816318058082
23.48,-2.274870856895101,-2.1806241404846616,10.485700357576077,0.02692919778137637,0.18499404720811458,-0.001712806495497935
23.49,-1.9901616677279736,-2.0651884789224835,10.013599117410546,0.1869954007742227,0.06217290006364011,-0.11900672156887519
23.5,-2.003532278446288,-1.9959983743960938,9.096100408167182,0.8515307378559812,-0.6306551516433657,-0.09813968670405301
23.51,-2.025000374378521,-2.0520339207037224,8.744209380943234,0.9499898696045243,-0.8078789660176147,-0.05168359046698097
23.52,-2.226942640518543,-2.0829674828256235,8.662224791598069,0.4494849597013082,-0.34823847342284175,-0.025340707077481834
23.53,-1.9281284239366947,-2.21487717766682,8.981942063899933,-0.11018779914396448,0.23029927458273233,-0.02112402334203785
23.54,-1.9543317150556747,-2.2803911024396726,10.11414200769214,-0.5078110431483756,0.7247220452638038,-0.030210421651146645
23.55,-2.15012132002539,-2.0324017804229157,9.666541633612827,-0.2830809358997757,0.4988709679685646,-0.14600976907040877
23.56,-1.873314551789349,-2.3396239024570287,9.55652444131964,0.49127688124949787,-0.27263383411701675,-0.038201872622041
23.57,-2.370802286349054,-2.2825583870651633,9.648245020992878,0.760252985106448,-0.5968399127183828,-0.04929457272373039
23.58,-2.0508956713055437,-2.1680566847147746,8.838014081969236,0.5650765335177955,-0.47338766239345087,-0.1392886311066764
23.59,-1.898891380250183,-2.260537428951018,8.72271059819867,0.5089818401918524,-0.4121623612889633,-0.06689708298218276
23.6,-2.0856828846304976,-1.8900369559235857,9.090154202568426,0.16237048040589472,-0.0917060273464753,-0.025747978535206485
23.61,-2.250809028495956,-2.0010152051966275,9.33529729298063,-0.1927767140501607,0.3474842984639638,-0.046664291015778084
23.62,-2.2839902508357666,-2.1007760646821914,9.568223268819333,0.10165288999347372,0.051974424850657515,-0.043225159349099006
23.63,-1.838058592658541,-2.062789798969168,9.8384762478026,0.16236549753458757,-0.019206643491805182,0.011422244228771567
23.64,-2.387403850628897,-2.037185369383268,10.2068891135941,-0.04717655312169978,0.15648413762903043,-0.004058087986677715
23.65,-2.218724503250073,-2.000025080762018,10.062068277175287,-0.2840366309087029,0.4107544097410141,0.012901611966710882
23.66,-2.1079767354848444,-2.1960276891623476,10.509502564565704,-0.4398248634454651,0.4794544972487749,-0.02943849917558907
23.67,-1.903235558291788,-2.5526218068015467,10.752945494195156,-0.3113630916045764,0.4034535807492505,-0.044447208718521945
23.68,-2.408956751302373,-2.0373872990803976,10.395837437814125,-0.031051626616499857,0.17517458221695864,-0.020669544604850085
23.69,-2.213332650943649,-2.099878653223028,10.223250806863767,0.2350779742607193,-0.0915155846997372,-0.028842880376145207
23.7,-2.171231752003771,-2.3082096084465653,10.385228081621666,0.20692228226561787,-0.13307784057994337,0.0038066102971057465
23.71,-2.1806744847305755,-1.8590249209146816,9.934770450666322,0.015388729060464477,0.03245313460260746,0.034895703859811666
23.72,-1.93626306989944,-1.7781583036519855,9.972850671098438,0.06588962146371224,0.009120740852988158,-0.02010858251504881
23.73,-2.338474757362253,-1.9720671385225401,9.748147092918483,0.19158680119959512,-0.13012047859632112,0.003995684877214101
23.74,-2.127517587640727,-2.0230242009005277,9.59723994554415,0.21929944828335168,-0.1732667058723681,0.004925259274744507
23.75,-1.7006281257488334,-2.043737902570203,9.809221766460974,0.3041515641130902,-0.17794719587047686,-0.024846406311228652
23.76,-2.2235191182872307,-1.918953331974072,9.402046969707236,0.1438891911744612,-0.0995016707011353,0.02276578015045192
23.77,-2.4119078022153624,-2.0622010558213675,9.627067320150998,0.1580081904669764,-0.11221132623234178,-0.0045638787748348295
23.78,-2.0034355134652047,-2.0138299786674616,8.860772098996387,0.37679983628890723,-0.3249697856884801,-0.17075934421217187
23.79,-1.9129418966885592,-1.8039877398418713,9.012229808371606,0.6960132985923574,-0.6993903139666314,-0.020755869158066813
23.8,-1.7797625524481044,-1.6569386803499597,7.883588826934542,0.7418876585581853,-1.1108741556248627,-0.028030462793882757
23.81,-1.4988563811489315,-1.5982632028523556,6.95222233654582,0.778431285372014,-2.706417387538164,0.024295615577012437
23.82,-1.170555885555702,-2.005116736598142,7.234466311501732,0.3227510745155725,-4.428902622371598,0.07906669101597538
23.83,-1.1989370351422497,-1.8950923279488385,6.241015432162711,-0.43108126809947345,-5.077033695013172,0.10974277950895717
23.84,-1.0366614666842109,-1.4441442282717603,7.1524790430394285,-0.7246910632439161,-4.689230156137633,0.18325992913810268
23.85,-1.0939430882907668,-1.8091132713604143,7.659591152200516,-0.44948647878925824,-3.796178125657176,0.14858958519183188
23.86,-1.0537491637131635,-1.8432087959975874,8.982542329288117,0.08705105328471671,-3.3056461490562348,0.043798862322955295
23.87,-0.7889144592995535,-1.8692128979711282,9.728844743561716,0.5282429917400472,-3.33269762937496,0.03271153181753915
23.88,-0.28815624305660076,-2.2831436895235755,10.35927394318664,0.5838554842086543,-3.560732939418809,-0.026326791388905573
23.89,-0.00927628950447195,-1.957126934125916,11.154700709028482,0.4683178872103584,-3.5795479910188557,-0.0232686287244374
23.9,0.44211953614748695,-1.6506688478341869,11.624270879543403,0.33250406345184336,-3.6040945042157158,0.03400709468880493
23.91,0.7424647769090448,-1.3645532387199504,10.59564525494959,0.622011956219522,-3.2491773055395727,0.11399992713783592
23.92,0.9294534188692658,-1.688412454216955,10.200385780428627,1.1980936453481454,-2.402605294252287,0.01692568173877045
23.93,1.4038967359603698,-1.0808299736727078,9.465768326700696,1.6997705706051867,-1.6153050840057668,0.0980595726730705
23.94,0.9156045217258768,-1.4221057063783638,8.806399614840052,2.3015552186164707,-0.8367990139810579,0.027544979297263895
23.95,1.3471027638906834,-1.247727604923685,7.664274303224966,2.170208082460963,-0.9872468396594806,0.041232675524791804
23.96,1.779105258662411,-1.1767318188864353,7.8463216763945685,1.6076652531084838,-1.77452062636797,0.10006614476138659
23.97,2.2240102833673445,-1.117110814558774,8.909550805969035,1.0542125903464494,-2.209790125810952,0.12845474066034138
23.98,2.4732851459392977,-1.1004281778106277,10.215183622520028,0.6082217645500091,-2.4718052433844573,0.1263607027129293
23.99,2.932114964598167,-0.7860673960433863,10.595093942417773,0.43073158368807385,-2.5390551913735377,0.17124317835656833
24.0,2.7859906152446885,-0.8026995751075685,10.607173905644746,0.6170790955992412,-1.8793855241302464,0.09520975401575313
24.01,2.824364338467261,-0.7473230278136397,11.174786209010577,0.6858287431876455,-1.5939770898922276,0.08224614236573459
24.02,3.5332537479985575,-0.8611793052954279,11.501202979867314,0.5566895453742502,-1.5744389328335147,0.09385246734914414
24.03,3.2114285833696523,-0.6030247015816942,11.444673723037464,0.3172381438247145,-1.774102737883167,0.1779424838411729
24.04,3.4527815175969545,-0.538821414327997,11.514021602507302,0.0362992981345935,-1.9757477020267502,0.1241378258660313
24.05,3.1797147661638956,-0.6584301752225556,10.218218891196633,0.0980988813869471,-1.6300181670105884,0.10210606960139387
24.06,3.4538319361451846,-0.5325686366957129,9.769546290552933,0.3919434052229251,-0.6267770790160553,0.03726299589146183
24.07,3.5048814895774485,-0.5440723653192745,9.221331908748999,0.5121544754566262,-0.5616007957057993,0.07050617200490307
24.08,3.660046154340941,-0.5438560702922672,9.605595312961967,0.3927451539904432,-1.1922546332125876,0.16262349148208222
24.09,3.895854103304436,-0.3796771034392377,8.210449740711216,0.35193219028613437,-1.3462667680635438,0.1392619463666992
24.1,3.957183165632393,-0.545842301401161,8.307867943552695,0.441527828678885,-0.3572284467795532,0.07307096405212853
24.11,3.989087285085221,-0.44169605390178845,8.719518456462922,0.47248631112248834,-0.2839429654432264,0.14886361556691247
24.12,3.855304988071036,-0.03781634221239283,8.713277570964474,0.34939189443442364,-1.0269711416776202,0.18953900270994395
24.13,4.456232682491153,-0.31789565947523896,9.845954403954979,0.08601421117612484,-1.9322928085468825,0.22249812948370684
24.14,5.167841085511255,-0.2711415539448896,10.925885138347992,-0.09358106712369138,-2.429304000164264,0.24812313145719347
24.15,5.172873944273275,-0.3413644691214789,10.869863702765127,-0.25524994415174956,-2.3382231484136393,0.21539474753111856
24.16,5.048414681547158,-0.21073924603486122,11.673157198004485,-0.3903515573409962,-2.2652252156907307,0.1901436880484805
24.17,5.232432511386691,-0.16305819013830913,11.483793544562484,-0.5256770273314673,-2.2649358718599815,0.18128693628158302
24.18,5.240194549565185,-0.3527348821933269,11.421023777047216,-0.7361822903907025,-2.3065980849880137,0.1708238502309876
24.19,5.124867079785881,-0.3700051161448334,11.571019117143607,-0.8995675360019655,-2.3300431767046743,0.18362193838328195
24.2,5.2852619823004545,-0.31967803995934463,10.88269866920791,-0.9345378144477675,-2.1762365699948574,0.16372180573773892
24.21,4.1198314749059195,-0.1661755689091625,8.177329278165276,-0.9231089393527057,-1.7322019737493233,0.23954655270939906
24.22,4.563959048202535,-0.29182797861856646,8.089465950510503,-0.8806251030037644,-1.05782960794343,0.1620284174005199
24.23,4.077637987417462,-0.328687425102386,5.450899284803052,-0.8471248173613041,-0.9273986041730164,0.14423986872394806
24.24,4.233364724602565,-0.2538768140626636,4.274639007932523,-0.5169482340883014,-1.111944350785312,0.10736114901060154
24.25,5.550371105464064,-0.36336362646136733,5.888352128878972,-0.5091027384570936,-1.2397606274717867,0.09896662540456236
24.26,5.971543675107327,-0.5640667060473656,7.278210369044043,-0.7011474618500817,-1.0282226945334259,0.08116668764123544
24.27,4.897249238736967,-0.5390268508590569,4.941274680991953,-0.7834513622873401,-0.8165839216376497,0.24650958104791687
24.28,5.052152779964553,-0.5509346583154969,4.548801895777467,-0.4244859449386884,-0.7959223760777292,0.042318254036115055
24.29,5.920896639214738,-0.8720893965887269,6.468281526857996,-0.1694848590303712,-0.5148526774836625,-0.006899472348013776
24.3,5.754297155585279,-0.5872949262529823,5.960381279380636,-0.0851634483301623,-0.19482907286128526,0.13406171209428877
24.31,6.4283467382394575,-0.6210024015830776,6.196122551549566,0.039983389941141145,-0.039391194738221405,-0.023665276528759435
24.32,6.916246490329887,-0.659237736811277,6.72385233750852,-0.13642140551323487,-0.14704290372324494,0.034334951860182684
24.33,7.0020488135484245,-0.8957742157725996,7.38203460508011,-0.342551465312146,-0.23794589165078034,0.0399413915377486
24.34,7.260722274493018,-1.222031120179236,7.654404149944405,-0.22098754969401702,-0.13935099761393577,-0.025938681209310997
24.35,7.292267877571605,-0.8336667314641059,7.644639350540608,-0.02704370006576034,0.02896226283949766,-0.035983733358588815
24.36,6.627169816775094,-0.8824536145349706,6.028618946314085,0.17738668031002583,0.07589467048327653,0.09392316081758155
24.37,6.575621153329729,-0.7231014763762597,6.388228257821744,0.41426099264048744,0.007407915869119515,0.0022380323592763266
24.38,7.092812830206973,-0.8900406311176228,6.886117364858445,0.155599815373354,-0.03137714200656203,0.05445276220607182
24.39,6.676429584361864,-0.9372919171155928,5.759966545406812,-0.1645587998737661,-0.011309876689279765,0.20385951395806512
24.4,6.3300007338908895,-1.043678790379128,5.370760970540983,0.11270534779443768,-0.17091285538242873,0.023078918771951007
24.41,7.048835422412572,-1.031685764801944,6.589643195350673,0.2132733082736679,-0.08508544460482864,0.019586316727572342
24.42,7.091636988211599,-1.2530540631781646,7.073751343973597,0.07849114108593327,0.1717421429099748,0.06403196612480434
24.43,7.303484683827066,-0.9931055858765192,7.273553262839825,-0.1860381731992983,0.21744767049245947,0.059571448826258755
24.44,7.310812504071663,-1.137405732861466,7.384272269611434,-0.30594154952999975,0.11879282996666586,-0.006820349164668614
24.45,6.574964330329268,-0.8962478970532303,6.58642161188174,0.013336946698578512,-0.16595705129828744,0.07657111326420281
24.46,7.058097380158273,-1.0083574175409393,6.958411309551726,0.24397507498760979,-0.28928361302024685,0.022970417381995296
24.47,7.209399339547925,-1.1128849063059354,7.2835080274668,0.0908573937733237,-0.05724800059230999,0.05825952269703546
24.48,7.272446026736332,-0.8624781945856775,7.508704464717051,-0.24535672046206974,0.20144799593844792,0.08175795830463856
24.49,7.099758575583022,-1.1371397106545729,7.20543188638466,-0.2672727175913488,0.2371082873788401,-0.001032845046849723
24.5,7.033031238606355,-1.0587990100023221,7.165085593557055,-0.15439365336187097,0.08368131511296074,-0.0193947560790406
24.51,6.973215971411823,-1.190871116398568,7.162676018831197,-0.0037228333715291486,-0.011514794506723866,-0.002037792332145724
24.52,6.394774742680576,-0.9742849455133675,6.403079651642774,0.08860603654809429,-0.051270824337629264,0.18654960902662798
24.53,6.809643078126952,-1.3164645689687846,6.127547849147165,0.18924667108439241,-0.07303887399346198,0.006079531492612828
24.54,6.6069131170520015,-0.8740776209125124,6.190497111659079,0.08593765609579221,0.016522872201464672,0.204788432135244
24.55,6.522329839492039,-0.9260740578654852,6.090621563238105,0.04236539317471786,0.04335560549570247,0.03120227671709263
24.56,7.325535703048574,-1.1214480281996637,6.905168639500873,-0.10543153406925229,0.1193585092727159,0.003367404426402397
24.57,7.20630520864562,-0.9983868691765899,7.208032856654595,-0.27696361540951436,0.13851444384754982,0.036602859950209024
24.58,6.533379255354175,-0.6515000227492529,6.131459413929651,-0.08450086717238753,-0.05563214128360798,0.019867950961385657
24.59,7.272491242668217,-1.1074707406161994,6.911546539569779,0.1581660554680745,-0.19681212683012708,0.015578523053441208
24.6,7.2719759531152315,-0.8733211169506767,7.221493888354665,0.006713684157950529,-0.06473132534151989,0.04332420076281615
24.61,6.2466042277248555,-0.7751095735224406,5.952345682099324,-0.013555700474995998,-0.10409197051814817,0.26434391257227385
24.62,6.916161466771832,-0.9433843328533645,5.4536482944033935,0.369998949470149,-0.23997187116216026,0.035563011339195705
24.63,6.30013656659527,-1.1986666802494732,5.295923037581135,0.384842342034761,-0.17107780193155656,0.26043282094977244
24.64,6.388759788857619,-1.0962019592877743,5.197673982239896,0.5878725604273063,-0.14269691729361142,0.09427474621236501
24.65,6.80526880214322,-1.2056998335374973,6.6390624784361005,0.24405579351765355,0.13192323454633864,0.07297497045661148
24.66,7.491592224627492,-1.512735381148671,6.98775417231323,-0.2344341164777367,0.2716713257728969,0.13708376722035293
24.67,7.656618720646247,-1.573832944086309,7.452216338419256,-0.38917760228619946,0.08005823876855941,0.022350681351307848
24.68,7.161848211654309,-1.574821488648542,8.372664036355046,-0.17853759867280694,-0.31234625583966835,-0.01731245113401067
24.69,7.53934225151756,-1.5935457963636972,8.196354366041023,-0.15536943612022874,-0.5103570462244025,0.03953019933892712
24.7,7.3824368614936375,-1.138454303951918,8.184221225573522,-0.2361031412808171,-0.32282434698832796,0.03334021277966602
24.71,7.032806682736985,-1.1098008645439348,8.079212470694346,-0.31774681145064226,0.05315279964722719,0.02697329142074798
24.72,7.205680515363863,-1.2970993777277258,7.580683692976348,-0.3063638192299841,0.33283915078587256,-0.007451320943871596
24.73,6.763856517763373,-1.4431000357181152,7.677987113874352,-0.25069174407869343,0.3141080323097109,-0.020059015989658858
24.74,6.979358810909457,-1.0240071731168907,6.878563600912943,-0.17600866322052588,0.2204544082577853,-0.024121942035732338
24.75,6.8783374489613935,-1.347755770058827,7.45183970323701,-0.17157572240449812,0.12262354698097307,0.001636174704260755
24.76,6.104900054812047,-0.91779908558795,4.874979646554974,0.07708864872325581,-0.08809645091373466,0.1874399530424909
24.77,6.358662578303183,-0.7992676630378572,5.904862368316449,0.3101710800636731,-0.15507692056886382,0.01792171324826301
24.78,7.135969094580407,-1.5356961623220475,6.696071087838138,-0.008470689520552459,0.19248247813229147,0.09199908905355066
24.79,7.063847205055591,-1.2670810211393329,6.673234313866603,-0.3095257461781137,0.48370884917850443,0.1416556375067775
24.8,6.405104090890802,-1.2746851683546243,6.127550714663734,-0.10855920803683905,0.31554161377908235,-0.04708078112935439
24.81,7.014243194877367,-1.1938602221277685,6.865788775205116,0.07869410609949155,-0.0229641679700548,-0.015478557666323944
24.82,7.50474456704424,-0.9583825278781879,7.302613693209125,0.07330737870527004,-0.1251042710310053,0.020273451053697832
24.83,7.36474288088155,-1.3248023550658163,7.1715959739320665,-0.11697085709906559,-0.0795152181326535,0.043593189779970086
24.84,7.0862331296807834,-1.2803884526594576,7.546124123435142,-0.24792051946609378,0.06239664936567304,0.023373855775042
24.85,6.565818637213806,-0.9769901325390018,6.15230268327547,-0.16450055490515608,0.11861520027656065,0.156103089564337
24.86,6.868704188439808,-1.4489778604074788,5.925913686169511,0.3274094626958069,-0.08045972651158048,0.041811734340329476
24.87,7.155596436517883,-1.1706825689666926,7.018842092852614,0.3402649631919987,-0.1455154582619007,0.043672717074101
24.88,7.061490958780256,-1.7519035840512291,7.302610401410282,-0.07231109322929336,-0.09697025921187702,0.0531091885083448
24.89,6.512085781873648,-1.1106396256640234,5.740541773069145,-0.19046729014343608,-0.12428709022124859,0.355513419026123
24.9,6.381249998027724,-1.3814255982471522,5.036454600558064,0.22733352352206002,-0.37003025835366354,0.07536066717644765
24.91,6.770631262757593,-1.1305778353712324,6.878556051142785,0.3126243868717844,-0.2787435489582495,0.010947657050213274
24.92,7.11691642414272,-1.4847455603815225,7.161126296660456,0.002774179209325541,0.04766679864850201,0.04126612303150072
24.93,7.573334804107087,-1.34262173498634,7.5508816590729095,-0.29608305395397416,0.2192577506640867,0.10781014557124784
24.94,7.09139617218098,-1.2567576602090345,7.055295152998872,-0.24063030919365355,0.07829361695308976,-0.029399457818013522
24.95,7.119696415589905,-1.0037741659824573,7.56749789743249,0.010229684965921871,-0.13244345273402874,-0.035361266201386146
24.96,6.999219014699245,-1.6504998316718167,7.922300080658318,0.07262373075716169,-0.14681627786348486,-0.021423627102845642
24.97,6.666188373166527,-1.2369199697195987,6.296465274709377,0.08810205420227867,-0.14016499086440992,0.2951973070063992
24.98,6.909197280854052,-1.2679606307261286,6.602230704922203,0.34386887009904094,-0.19412395283921677,0.014721693610124369
24.99,7.118455665914903,-1.7006753540619877,7.066436749269256,0.1197213693873045,0.01807109225572133,0.087744348571763
25.0,7.388204317075998,-1.2276096499112499,7.5252145091779,-0.3100503172965424,0.14469635558274382,0.0851544035304924
25.01,7.0165371748137755,-1.8373993118983023,7.364215516804931,-0.35769075000208556,0.13694631549310454,0.047454107295139374
25.02,7.146891265379083,-1.2066955508241275,6.881474518230862,-0.15533723447923606,0.08777118097527963,-0.06409829067992528
25.03,7.338118836847448,-1.1958421611416585,7.311316924656514,0.04352781237034497,0.004042786871675502,-0.02232433191600413
25.04,7.344924635825571,-1.29755932934821,7.206396198503535,0.03821354221732895,0.07617128673710064,0.018676280830076216
25.05,6.961791747712668,-1.5960223517602983,7.077724628717305,-0.13118132553968995,0.17356684724720303,0.047416931555939054
25.06,7.233556885316521,-0.9801422901165384,7.384104885413662,-0.24907585977069474,0.2222172052787283,0.0356792697483305
25.07,6.902761128815087,-1.5193813157426952,7.0386448888681405,-0.19114214483225186,0.25831696661802134,-0.015873652526931813
25.08,6.910210818071285,-1.5249794377574206,6.860798298420936,-0.04936407092406742,0.19187608978079027,-0.04249808203689985
25.09,6.438778963018225,-1.0228109334006075,6.260724732315615,0.051311026918467756,0.09516890371002991,0.15851769152009954
25.1,6.50800064948554,-1.4450780000938668,6.543968778403057,0.30214977589353614,0.03102614091126403,0.043266570848532575
25.11,6.785292433822689,-1.2513153558518118,6.691805613372775,0.08769816059759321,0.03293154043329975,0.026685142716063422
25.12,7.079844148376036,-1.4335562130789432,6.608086989394078,-0.2004584056177739,0.1273133360632447,0.05866848709848586
25.13,6.968377852548316,-1.2029855449310511,6.9463490256351506,-0.3110636571295796,0.1813113904031906,0.02679212493518058
25.14,7.107354388478214,-1.3777234450883022,7.1368481160825255,-0.1977810978104377,0.1360496853281901,-0.05222697339344243
25.15,6.199407686123712,-1.071092861617217,6.0864728555161705,0.1953919449647096,-0.04139958119770632,0.18766478698471162
25.16,6.7577367860994775,-1.2365538606692588,6.2490465975817475,0.4511243747142608,-0.12893896986192444,0.018855129698809134
25.17,7.045219041371429,-1.5687121856154962,6.9824619332426865,0.15867013987774847,-0.07534738141221307,0.09998256895320914
25.18,7.231371996211922,-1.9188964817844438,7.242148372357829,-0.3067042118952443,-0.033958277658644606,0.08475825798437188
25.19,6.2630116356194785,-1.4125076901218685,6.121281441950781,-0.3786681498886461,-0.012651484128525231,0.32587523586051653
25.2,6.56741376256833,-1.5941283180952937,5.874279054708151,0.06792067900038133,-0.26583335331172153,0.050288655883731
25.21,6.531456209893371,-1.3774510867669072,5.9771331349859835,0.34070626476952937,-0.28364179844398385,0.22496321632958627
25.22,6.809358728315861,-1.0874455139374126,6.049191807399606,0.5412683582804617,-0.18098046807350915,0.10528601490119695
25.23,6.465015222330743,-1.354827615586605,6.034783182332217,0.48615214650298255,0.10095368516053987,0.379355268974326
25.24,6.744417752519473,-1.3585037719028348,5.2353957967886116,0.7430150759231545,0.22097119267325502,0.11029755248851456
25.25,6.974811948702482,-1.3622564127815788,5.517397266643526,0.6126682056703474,0.31364713669270305,0.07137956957752148
25.26,7.063380329377464,-1.434896501083366,6.714568147103641,0.11912842182601045,0.11195548145840553,0.06977199694261442
25.27,6.795261213686882,-1.635439659047434,5.9773103237869964,-0.11073966173485114,-0.06775159417015127,0.5017160346060187
25.28,6.457040491241029,-1.2353074923027931,5.427504156822081,-0.015540084075019278,-0.16493050606781776,0.22892344132161507
25.29,7.41485602713369,-1.6320042839300855,6.64679324639412,0.18192403121309303,-0.2619523573306769,0.02238176227466762
25.3,7.579008314152986,-1.9877965158801634,8.162178177654882,0.032098668287893255,-0.3547557516534921,0.06189689298723278
25.31,7.3220804306362375,-1.2984552992094591,7.121971151715302,-0.07213786473675043,-0.4378645852222607,0.43072133662366613
25.32,7.075107487813211,-1.4855976781329885,6.691253914250647,-0.07993705130757127,-0.29599608599819716,0.12972686938770062
25.33,7.678487478304166,-1.9201704493810845,7.843393698299941,-0.04144141995795861,-0.24150494740585804,0.00033553604045674645
25.34,7.894767300123025,-1.620285900596311,8.080292193762517,-0.14528773156766966,-0.3239632707588799,0.06622737192663708
25.35,7.400489818625359,-1.7507594919266216,8.601987831969547,-0.29336241276749964,-0.47300638521548394,0.04133698759431026
25.36,7.4923124236969585,-1.5462504329303899,8.20429217212495,-0.4336408889271883,-0.4650409992190697,0.08866334115068247
25.37,6.684072203760657,-1.5111794912098788,8.423294309111741,-0.27234809215390127,-0.21975237846449844,0.01777238061612735
25.38,7.148810000580248,-1.3013866484256473,7.728324172967287,-0.1463334747249253,0.05323591832127692,-0.0022464134550776674
25.39,6.391136891345043,-1.306099921292358,6.511859352526491,0.1164645799915772,0.14257704060533666,0.22922125063373844
25.4,6.112075926683933,-1.2946582237900974,5.803681209398401,0.5310312991738918,0.060653680620789324,0.006283060012736333
25.41,6.36898227643792,-1.4360714002416117,6.391753806143304,0.22650732567478468,0.1216242675479694,0.065293888841656
25.42,7.0977231986103115,-1.5628191874369575,7.05953661321117,-0.4280064398439306,0.2437583925676453,0.14278974042635367
25.43,6.995418574510775,-1.5702483787097943,7.378379509803887,-0.6694816598991193,0.3574581031745839,0.03403618050513569
25.44,7.163180824949901,-1.271905327560967,7.46639699735503,-0.32294767124989204,0.3016453710788067,-0.090788864354553
25.45,6.485132091695837,-1.4992237708197451,6.1390016659223905,0.21920991752458363,0.17614255693225436,0.08834577114973402
25.46,6.684674339212649,-1.429787109541525,5.802253655383619,0.6880622687800895,-0.03476457213559439,-0.020346457798068443
25.47,6.803163214225931,-1.5160568397889482,6.249080854589823,0.22708445401455002,0.13108862385851489,0.07306004185874501
25.48,6.725981214299724,-1.3883406766923447,6.5162264035635955,-0.3991551954319661,0.2379105897461923,0.281256181997909
25.49,7.061886844138962,-1.6813454325954338,6.81498492504795,-0.4637964566434104,0.2234185955457807,0.05879975525248904
25.5,7.302769625196836,-1.6656263389026373,7.309909281592324,-0.18523897836641132,0.05311699594374169,-0.032488426833898694
25.51,7.276339331422546,-1.4352093624321505,7.467887715140245,0.139271234229997,-0.06299811795945728,-0.0029465398021174963
25.52,7.182526468059419,-1.4770507504983823,7.141790051663755,0.25346479841648645,-0.022316282745220926,0.028849360052700727
25.53,7.043921813603514,-1.4996501432959914,7.305467126056171,0.003590617339465557,0.015524621248530584,0.04462835450477823
25.54,6.699278464821822,-1.6371187409594885,6.727187559747531,-0.3090399095414529,0.038563067662701185,0.24523658879954735
25.55,7.219870818461911,-2.0675245342684834,6.773014899997189,-0.15671283748136794,-0.030068343564877816,0.053893615739779424
25.56,6.9082565397443325,-1.815884916430883,7.162450208004028,-0.007062617824683285,0.005977057790037335,-0.0123529544403469
25.57,6.354454738303177,-1.3407744437088758,6.117297762310699,0.11106443995839156,0.05436143739977724,0.2543021976636544
25.58,6.524874858149271,-1.6332810354351681,5.9118681106518745,0.4387226087431216,0.06528114278481095,0.06014503998796274
25.59,6.635748681436467,-1.657375483507352,6.705387424609764,0.24735456930637256,0.04655483580894557,0.015165772184240967
25.6,7.000215547215416,-1.9373246465528304,7.140965860468421,-0.2545272300244608,-0.017895001215000636,0.08407543076978777
25.61,7.123175809610888,-1.95693757467523,7.3412055558134,-0.43834476583354753,-0.021233239932849337,0.02932390201089228
25.62,7.198030339299025,-1.8561290703025155,7.680685331036126,-0.25121418924016087,-0.00821537694924682,-0.012489005080392834
25.63,6.77953684173616,-1.758473032955827,7.5936109006097965,0.04674296916892677,0.03825416242716048,0.012821233227728143
25.64,7.215999540126457,-1.7137575372694767,7.490517763521755,0.1321628481487621,0.13195107965792988,-0.01825036131463408
25.65,7.023829344919673,-1.5763873136245585,7.283786160555497,-0.07175585687979608,0.11037107195967943,0.05541355777198309
25.66,7.0048694026069285,-1.5779335598541397,6.68939512634026,-0.20998311220859014,0.1131925512695922,0.05090754295534673
25.67,6.83282797851151,-1.5206913021595336,6.9451388866889925,-0.2850643772011137,0.1743239491438382,0.004496902136131535
25.68,6.911853754205606,-1.7471658526018183,6.984061987858933,-0.1393390857932012,0.1276810402994254,-0.04990127864381504
25.69,6.992408985144529,-1.450540199682713,6.552301735180204,-0.022390221514967033,0.13260638166063926,0.06216363872332702
25.7,6.781594695862261,-1.8568835684835763,6.643956121633387,0.1994353765121369,0.15752508718914854,0.00986261580336935
25.71,6.5874557503267965,-1.7701792342881606,6.55339280245427,0.05359463808383178,0.08403936411521942,-0.02286020535517074
25.72,6.902261226677943,-1.6359460728112172,6.279474484271659,-0.1421849161678433,0.07382798310655027,0.057404843216414786
25.73,6.828380580495341,-1.6909734216897048,7.000992647385064,-0.22503509674101022,0.09440565077979259,0.011830776100796078
25.74,6.6029980307585205,-1.62515717505371,7.075407377814794,-0.15739444441742667,0.10805048518941071,0.0631997600536991
25.75,7.0816549494572865,-1.365116281226181,6.678191158035119,0.034407670766623294,0.05979300164650818,0.0715680982221912
25.76,6.65562088821561,-1.8243378631568807,6.738434049219812,0.17569439951065147,0.06274972708465683,0.015180682265026
25.77,6.823689749953383,-1.6833466090439049,6.623257298102332,0.07708363045983317,-0.03273248238426883,0.017796519611365337
25.78,7.031987067364303,-1.803491533714578,6.826238366915712,-0.13034522446013816,-0.08413090569896566,0.05860451608493643
25.79,6.510622836775064,-1.545341197483761,6.613525596051329,-0.1811803918770284,-0.09059366730024519,0.327745765814705
25.8,6.079830360862935,-1.379911432069748,5.148268254291533,0.226738540973201,-0.3460604476161614,0.18707437977585506
25.81,6.45861210873558,-1.655343308591783,6.4188609666226935,0.4329999153883976,-0.2689891654346975,0.014116931439388672
25.82,7.068888473678045,-2.055494082402255,6.534935470868907,0.08927698456640441,-0.031372404925194185,0.06605664913595193
25.83,7.386655185802376,-2.353881294809146,7.6084754211363705,-0.2654609941585287,0.14033709491819038,0.040103671816036565
25.84,6.993357105809474,-2.242232411983993,7.7037502662222845,-0.2964154776815592,0.09695436862981036,0.021127141155383437
25.85,6.841857157728495,-1.624253424414765,6.384313029147427,-0.0772034194076156,-0.050313395307322845,0.26496017283881373
25.86,6.106124867770414,-1.5511329844910313,5.459547968095634,0.3090042552080014,-0.2041093349617317,0.06928945146818978
25.87,6.97429896599622,-1.7104295819423259,6.729135983873194,0.36196581807692463,-0.1849310621550591,0.011171608861794713
25.88,7.23383598949044,-1.8680380269862067,7.115434039667751,-0.02322674440202459,-0.12005668396292161,0.08796266182107206
25.89,7.24433283081799,-2.1902512603767508,7.464574109974094,-0.2847190255077654,-0.049699679074622465,0.09706462811458481
25.9,6.817167296768503,-2.172851477695278,7.438508690794021,-0.3044552279873257,0.03381053023795754,0.011830352764937635
25.91,7.605818311456581,-1.9356527579156018,7.189148723078751,-0.009284663628911474,-0.02003380374841071,-0.046719711478768106
25.92,6.7979340813593385,-2.092480722425954,7.041234369888694,0.11578756010013352,-0.020785278910834128,0.2333226073145353
25.93,6.753104052442993,-1.9019002988927798,6.529167895262828,0.239520643870063,0.12200362219331257,0.042152344139126295
25.94,6.503778315681466,-1.905941921368983,6.43106698361308,0.04337202855936269,0.06795845133201392,0.24297301798778906
25.95,6.587412367356034,-2.0455521849559717,6.186827523976123,0.09562603862485992,0.12683144152152376,0.032867571615948235
25.96,6.741097712130129,-1.9756225645066305,6.6362065397810985,-0.029768020439181572,-0.008517920658091448,0.020220163053171765
25.97,6.543002891600264,-1.6940945580366658,6.211205490035389,-0.06873465872855605,-0.058036684967429655,0.3227252401902444
25.98,6.078786489880971,-1.7947063739855456,5.091043553499875,0.2722692838071086,-0.2708980376052486,0.20219588966828506
25.99,6.444964196148544,-1.9328169631574126,5.45534352643864,0.5365296519447296,-0.24775326193878391,0.31830309738185864
26.0,6.709376473330628,-1.8765238801117143,6.131740926031393,0.5561870137295055,0.020781329545694324,0.06678329111172455
26.01,7.009553226073503,-2.053018037159397,6.722691662898831,0.06134000791885546,0.20439129090883656,0.0951252845601722
26.02,6.9572631757847,-2.0791496052806977,7.196944547758986,-0.25926896696564933,0.2121952498605563,0.06255168371206633
26.03,7.301350190407587,-1.9936887733746986,7.61480304164377,-0.3157878708801712,-0.07155919165604238,-0.05027995770724154
26.04,7.0313823223414085,-1.9551229096322005,7.87020206527734,-0.1682755104766011,-0.3939851578817313,-0.004271937519225088
26.05,6.755842097364183,-2.046248482310833,6.715896466485766,-0.0648999238142225,-0.5365317820021062,0.31015347075603295
26.06,6.488417096282712,-1.864515970030583,6.909971883188266,0.061322496832752635,-0.3829576346906847,0.1011960447000237
26.07,7.053770740251606,-2.2766493632160003,7.349932421699283,-0.06350791077375398,-0.03516654577057662,0.09255163341149192
26.08,6.830182366439906,-2.1312250766770604,6.969430863412454,-0.24797740020907483,0.19981535881296633,0.178991203044301
26.09,6.862663240816013,-1.8778286433296174,7.451241001515988,-0.2408098570935131,0.20921109485957595,0.020598260736388707
26.1,6.901296847302933,-2.5055128009417347,7.316464180097196,-0.10421657731773117,0.018888333196835506,-0.022309506833148265
26.11,7.110758464327524,-1.7439322835057027,7.228746929406898,-0.025931925442624723,-0.13789671169337553,0.004148672695476415
26.12,6.907184484919604,-1.7769463697258576,6.694343506005047,-0.022981762805319647,-0.05369588964517817,0.10073977990817824
26.13,6.759503689466039,-2.043565863000986,7.093919300134655,-0.05600664814200538,0.16076894375967435,0.016621590132320122
26.14,6.666849016834114,-1.8698676269052106,7.046880456393306,-0.08631162905938634,0.27317030002005815,0.03517082261027624
26.15,6.283991222410004,-1.8305118210823375,5.907311014402708,0.006907547807143,0.2493401298118168,0.2939889474703115
26.16,5.825119105135111,-1.6244730881201073,5.424183905736875,0.43737824362943795,0.06826041920297266,0.02721732068487057
26.17,6.831380257159653,-1.4919917361450774,6.514426154064916,0.3815732047297111,-0.012433592043018488,0.04796643302605675
26.18,6.787741164598028,-2.0558589952829713,5.9715669041414925,0.11662042455982131,-0.0017932642478980495,0.1896540151301253
26.19,7.126110484601078,-2.244542146083616,6.864734654368635,-0.05507269243581581,0.15403390101018988,0.05874844092163517
26.2,7.0358931037936285,-2.145971888346198,7.257768588048172,-0.17399151779843025,0.05258147420182634,0.027029026116806423
26.21,6.582259197542739,-2.457491389797474,6.778127198341172,-0.1948306508705244,-0.0562659329688553,0.34624765032726107
26.22,6.152133716344654,-1.7976493358227048,5.494065436589103,0.1846116094323487,-0.22861354866008524,0.23460253894203625
26.23,6.185846577033296,-1.9109353799200572,5.65525656657996,0.47279754414036823,-0.3020797053370624,0.39822603088450526
26.24,6.540226124621069,-1.9890021340805106,4.951753947752504,0.8003991111602783,-0.18708713023937065,0.1193756948470233
26.25,6.834769454346474,-2.013136244170355,5.947899104795792,0.6928064284070237,0.08752049909031288,0.16891503923416365
26.26,6.892936214931132,-2.104159062488909,6.232469190722962,0.2338795425990073,0.35652298258630166,0.10995454986136387
26.27,7.13348305760433,-2.0666697752681484,6.793393262804741,-0.08535308508388734,0.2826736654216398,0.06905996138820229
26.28,7.4459840447971795,-2.1288444133734776,7.462995962680992,-0.09908997891815985,-0.15502760540794733,-0.012034296254153887
26.29,7.078772955484724,-2.203362657375631,7.059252716799659,-0.07002511674636605,-0.56970756177944,0.13897002157765756
26.3,7.440076938760397,-2.167859371646316,8.1673165587533,-0.04514749090772425,-0.5914342161860543,0.0563750993754226
26.31,7.161111371776986,-2.064169871062254,7.578031568690273,-0.23883697729843867,-0.4145987675531749,0.2553252480884386
26.32,6.977613721188412,-2.2404157579128046,7.094054145880945,-0.27043615114782416,-0.1717372457886202,0.07518466218668096
26.33,7.129798997661173,-2.0378588114222382,7.689311976870018,-0.20734320320266908,-0.023463929600249685,0.043107862121352446
26.34,6.960189494176018,-2.170981155801529,6.996843447219563,-0.18543236074825675,-0.06506034109183459,0.2708216176099397
26.35,6.724033442147213,-2.1569936158661562,6.886869363076218,-0.05862187612285715,-0.014477028844217596,0.01936127392729137
26.36,6.831215701874447,-1.9246320460195017,7.288941662104807,-0.055537983810489876,-0.017469243917569745,0.005189153573918708
26.37,6.559881942289637,-1.9720459536320423,6.482223180156703,-0.04929969386009906,-0.08122555155170652,0.3139340803530022
26.38,6.407386558783335,-1.7360681240297302,5.748925106583286,0.16402542762650182,-0.09018710005475823,0.06452785937255871
26.39,6.611781904872781,-2.191859848162231,6.923425181299092,0.13654654855763615,-0.004223833279732355,0.059844988986146354
26.4,6.807072566358813,-2.131540414267796,7.0098811638476475,-0.15325004402193873,0.0924684569189944,0.060062872858878305
26.41,6.724332376677277,-1.9246303567739684,6.171300689709293,-0.25465684979593006,0.17659130025165223,0.25682166682490853
26.42,6.6838905956986805,-2.05618641253643,5.883770993818621,-0.07562028578836508,0.08400778392367877,0.05770461303556929
26.43,6.698886596723701,-2.2741409883859203,6.693177325220565,0.08649643626619125,0.05092360138234839,-0.017590914056632025
26.44,7.157457392481391,-2.194587988142026,7.119718983325653,0.02868009421320252,0.006590926424018971,0.03360040032699414
26.45,7.222877223755859,-1.9367323781576768,7.4992357115480095,-0.1491739313620444,-0.00933055901887657,0.04128391626116158
26.46,7.122098787899175,-2.4077422024226354,7.331661480610588,-0.17954876939458408,0.056273122034679296,-0.011053114673509001
26.47,7.323785472755622,-2.41357138466152,7.300043654701204,-0.1329727607183612,0.10863188428274753,-0.01499243054241021
26.48,7.245614127097058,-2.470427342236838,6.9918240413942225,-0.0710752900513491,0.11674445467004661,-0.01206118830375168
26.49,6.916618327778477,-2.253647016674649,6.910188270946676,-0.008301223290834171,0.09301610574807284,0.01569427897588796
26.5,6.760017632564331,-2.1738209651423213,6.694924417260463,-0.06318142786487682,0.12891597411590675,0.014929750650478206
26.51,6.737402280373187,-1.9989761714409375,6.83897202291923,-0.13713059864932398,0.10391378211510416,0.058823615630457765
26.52,6.726956352786502,-2.180882961147002,6.892489636966359,-0.05756950066137068,0.17976002420044476,0.0328877792011786
26.53,6.531010689231612,-2.064194877782813,6.912746691861911,-0.018196789696864474,0.16860483790458552,-0.012564124865204798
26.54,6.555254949019587,-2.244851405738277,6.530377173889009,0.013015569399987357,0.13562548361351445,0.17431817804801952
26.55,6.59186739845846,-2.0511341626318673,6.813578923434104,0.05821405855963828,0.1357049440352014,0.014709103582682083
26.56,6.68842468940711,-2.225725814221869,6.5387326907157,0.013566147563222173,0.10570210060987327,0.041077214728957104
26.57,6.681530417118392,-1.9521385060398384,6.504535968714644,-0.0750992890127226,0.07054740301817472,0.30362541778058916
26.58,6.4203322453038485,-2.090889297973577,5.896484881261328,0.19707547762528785,-0.050306054958477855,0.04067618716659278
26.59,6.752882670186786,-2.4265837590110344,6.381900830827016,0.18768751120148594,-0.03233509205053618,0.042867981105775
26.6,7.009877564464289,-2.542196857576124,7.182277279713896,-0.04547209068478421,-0.030899507859097435,0.03501050744605161
26.61,6.9636623330624845,-2.2074286159877086,7.072408264195832,-0.23849629151255075,-0.05393636196281591,0.03949634175654912
26.62,7.1162003991387195,-2.4025999784241905,7.266404195630442,-0.17630506112684816,-0.0382492116344281,0.026431846463567985
26.63,6.724382338534138,-2.5589674435824015,7.271057763553872,-0.0013356496848148797,-0.0012514971635554373,0.00020021105003768455
26.64,6.919446321796089,-2.5408331007897536,6.767997671218745,0.008826056623510289,-0.00785699356903343,-0.007962865588941548
26.65,6.727039620656289,-2.3886075902539945,7.485563881069147,-0.013147691560381064,0.0593433133202053,0.0363851472498217
26.66,6.756541300714671,-2.124996735840171,7.411550789207697,-0.11827400987731403,0.0743090322785173,0.049424397647219884
26.67,6.689658596263868,-2.239782652316435,6.879632164810627,-0.16115316691240472,0.10006829392501021,-0.012628683613685337
26.68,6.798057870706198,-2.244938480669495,6.722543612265745,-0.09994346649797099,0.07053558175434316,0.03393614457048996
26.69,6.328768900390483,-2.0230540020754555,6.135751067273395,-0.0010310904216481983,0.035791017643091186,0.2948523842899923
26.7,6.111428723241921,-1.9842521821727268,5.647566842372491,0.39683089339355937,-0.018073714881344634,0.0812834627779202
26.71,6.444508861994852,-2.38365183736076,6.159643908723386,0.28233957651933894,-0.014047819284214554,0.030919115100544656
26.72,6.454374703377868,-2.1980376547475986,6.864341183722593,-0.10841637332887602,-0.033674011526415124,0.1283202479873122
26.73,6.816424508555488,-2.409186453723958,7.008346258337123,-0.3908421172954406,-0.006346385251858479,0.04289144995932878
26.74,6.994693038470062,-2.428059447255352,7.146661217831416,-0.2928918446510379,0.015660795466862533,0.0033017501475548334
26.75,6.354026774036537,-2.5189175819816314,6.456654275583363,0.015092804383866521,0.018811915571553164,0.24824775430207272
26.76,6.22867934112118,-2.375509479309606,6.029811250476537,0.32229538408688796,0.009761677352683884,0.047022471029224036
26.77,6.912521694187503,-2.5186483092063923,6.761542264452364,0.2645581031252839,-0.01566518473129029,0.0213972211233824
26.78,6.551765364716899,-2.775895600693774,7.109334414731511,-0.11283291409049352,-0.13645746103205714,0.10107215331393923
26.79,6.662197497838611,-2.6508063581292602,7.137471612828108,-0.2732484000252479,-0.11239727622773753,0.10344430352485537
26.8,7.056490158319573,-2.314977029971623,7.4629535480793185,-0.21265848702603862,-0.022644085769005316,0.020946142627397538
26.81,7.011068322827199,-2.453989620086389,7.195761455768529,-0.05079111975104486,0.09908597686929506,-0.003181702140861677
26.82,7.00693262326561,-2.0624302463266906,6.751392602856382,0.04709593032294511,0.23748448568640868,0.15155671437104268
26.83,6.815968663207642,-2.593520891634365,6.7989043318675755,-0.0019898841883401255,0.4123645376322537,0.05068838141279475
26.84,6.7465002938139795,-2.6229215829138663,7.101854672587449,-0.20721038020732468,0.42306466169633,0.0034074820110941324
26.85,6.967264557656617,-2.4884443031266787,6.983394871867513,-0.382057109792245,0.37278408637289207,0.014666734102073215
26.86,6.5589949116863435,-1.750115754951558,6.862837695578898,-0.3055271311759276,0.3672111032218434,-0.017331256912436744
26.87,6.7311676720886915,-2.2411116492857803,6.882150910829224,-0.16143849702495622,0.3517799719199273,-0.015603228434071834
26.88,6.540400102068874,-2.7477332243737598,6.609530447908363,-0.029103686545126996,0.34673719377087836,0.07336093209471561
26.89,6.38802031195353,-2.3263954749227604,6.712739732563507,-0.041204297023924585,0.4108067267414758,0.04305589493480454
26.9,6.636121905009204,-2.668842225073478,6.460709183682351,-0.23085802587997836,0.4269392071963607,0.08044520048718468
26.91,6.668604135708494,-2.3971675627707945,6.1252508267701495,-0.35774028921308615,0.44084777946287973,0.2551144807744343
26.92,6.073843713352371,-2.403438419442934,5.927487052165139,-0.18281006265690514,0.4868402233378172,0.04940326510538125
26.93,6.3775242722220495,-2.7235519400539308,6.487561668969144,-0.08409163351295473,0.4822216453912295,-0.01044298611900988
26.94,6.473102291079661,-2.5473405491176697,6.815735975421182,-0.12350682488987084,0.5325689461508968,0.015430075050730763
26.95,6.745827595011678,-2.3716380505134556,7.253504326054104,-0.28123769720603803,0.4484117498432751,0.0011822474325838134
26.96,6.696131623217611,-2.7784115415552786,7.1465410823528,-0.38002073888026705,0.35338508991423573,0.022424458782281935
26.97,6.569317949801555,-2.5148089671769314,6.89442664671832,-0.30564456785047245,0.24869627243627654,0.3168221705879409
26.98,6.241321048483369,-2.4578562724498116,6.351556485178691,-0.17934385151153764,0.2709144268036655,0.0627782475728349
26.99,6.672478732545096,-2.4075809058126043,6.898412921745376,-0.04141104130145211,0.3656779321820017,0.010656198876562972
27.0,6.708957777405792,-2.49987078130846,7.2052988394648745,-0.14890397666968094,0.3159745007636276,0.002931530466051807
27.01,6.41750051951454,-2.509296773398086,6.723051059156777,-0.17446962411821862,0.2577988634617916,0.3404398206759766
27.02,6.149975749525582,-2.563546497903729,6.0304558478124,-0.06073760164961679,0.32647860082663094,0.16200792354982685
27.03,6.233580644117081,-2.789779349502159,6.889364551324986,0.03405422203316459,0.38756723808666405,-0.01916040441886455
27.04,6.657685509005977,-3.3905447104332493,7.328443007208195,-0.04959970065503183,0.21475598655095005,-0.0047167186124460175
27.05,6.440093761161929,-2.786386511973716,7.877403055911564,-0.22005220972487308,0.032186553133403274,0.044618576587458464
27.06,6.486397332275393,-2.815002170644805,7.807705845704734,-0.27409848554301397,0.09771730450901692,0.007998500884059586
27.07,5.975735937128331,-2.465681624689974,6.89035335061076,-0.13148702664263814,0.19852660716946455,0.3076988381703911
27.08,5.756736029969905,-2.4484248495731467,6.076876080377453,-0.0034548661081933137,0.38041361089917825,0.1229937875944449
27.09,6.079954458911108,-2.731162984350446,6.780133185668506,0.12325018766371318,0.4622745294252733,0.0020713594752471334
27.1,5.8057642449770475,-2.869535588411103,7.125148503451975,0.048462418905293986,0.36593041866263504,0.2940582750349387
27.11,6.2775408344629255,-2.5932051330109567,6.716009550821751,0.02926561480408287,0.44486444155618304,0.05409466259067317
27.12,6.035678094392023,-3.024572556940125,7.383038283557431,-0.045132106628990934,0.3873115262528746,-0.00011424881095955294
27.13,6.2311132758299115,-3.130004539978229,7.66176921853893,-0.1390582622074062,0.14166850496898467,0.06192210167997285
27.14,6.311169267606069,-3.1252285578815613,8.06087293642977,-0.1894079235097044,0.09256554856413649,0.049809676150102636
27.15,6.040682816648659,-2.776090558411977,7.830384171532022,-0.12770770166548376,0.24997993277434377,0.003767254477014542
27.16,6.081211459278376,-2.7577368264144653,7.88239832602661,-0.10904319054632919,0.38995846952119306,0.015310083311720112
27.17,6.020157664997241,-2.768544824715111,7.824144118384518,-0.06947298203059885,0.5271625933652376,0.0006810569485357007
27.18,5.899873018898853,-3.0114056959428583,7.518453902716875,-0.13005822098868208,0.5167713913074281,0.01869515236921537
27.19,6.026890862881682,-2.7418683230597143,6.7257029983572005,-0.11680105354113748,0.4719628201445712,0.25863838690389146
27.2,5.443923333661308,-2.9896124228579453,6.4127931381986665,-0.005685422550444898,0.5427357560243802,0.057258493754111905
27.21,5.545620328873552,-3.0286766536006473,6.907928617911123,0.04395382984029059,0.5399121639112219,-0.001143277715773793
27.22,5.415195469471854,-3.1736528452098853,7.116145665629776,-0.10759143207971139,0.436670381909219,0.026093403494352355
27.23,6.018275044286434,-3.085754336541176,7.3970423403544485,-0.19424668288337554,0.3088974043502061,0.002378223105361059
27.24,5.872945548505408,-2.97243360540793,7.714933009622889,-0.15811524921463654,0.3460085212427388,-0.02243161207243244
27.25,5.631847814946958,-2.719218612214248,7.587272470512584,-0.07480719598781015,0.3747650219888594,0.1338351185553649
27.26,5.341001093069947,-2.799930863066951,6.512969336856367,0.04902520367519546,0.4353675610367533,0.14440095302776593
27.27,5.523226337322437,-3.282317280917378,7.066933034873449,0.12683714087976164,0.49400399508621795,-0.0013141542600012606
27.28,5.716537319896968,-2.9808713106651945,7.634430519712568,-0.10621839735020105,0.4149850238371125,-0.005207349750572712
27.29,5.5946958623748,-2.8842133873415015,6.825646416428998,-0.21936292067638535,0.2409822374115632,0.37013143948240723
27.3,5.325449341673182,-3.217903844510924,6.272417246305495,-0.18036392642148766,0.29218480138653724,0.17504424278418607
27.31,5.80661343677915,-2.877106955341635,7.053665027786122,-0.05564123214597528,0.3097008633214801,0.01200774326520736
27.32,5.8085140605280765,-3.136216812345323,8.2538207010187,0.010773409764835658,0.2571186842812036,0.038927274550704966
27.33,5.906951833583826,-3.2691483184357732,8.143329562218826,-0.01885488028421082,0.19470656773531905,0.004047381714536094
27.34,5.8046994591514505,-3.3343676216808067,8.150486606156482,-0.16211792591192398,0.16016995925567698,-0.006246638145185791
27.35,5.3719073368727335,-3.102797442870269,7.037261530251962,-0.17367304429025723,0.16684711851196746,0.3247450134141704
27.36,4.867661548361044,-2.85250719368199,6.51860204630159,-0.047893171484685984,0.2340900155431843,0.12782323686478933
27.37,5.329169271098849,-3.5153333609760664,7.373905693693779,0.03809577725614881,0.3813706136301988,0.003003339568956421
27.38,5.852724356754737,-3.1797012386136365,8.171021693005718,-0.011636878738537264,0.25395285760296965,0.03764151595410298
27.39,5.3741613902921115,-3.046878706304314,7.110119159612097,-0.09066441846049904,0.16404845912949023,0.35439098708337535
27.4,5.211187075062759,-2.989009117072699,7.233349873329042,-0.014483031224610848,0.21698069272449774,0.0765615292267289
27.41,5.613012447550628,-3.2974778536447684,7.975819744454595,0.0028367282540109964,0.21224965435498477,0.006353968986429528
27.42,5.4488825002669445,-3.1852886531600126,7.766570057416032,-0.0869724758419423,0.26943401826284136,0.23114156034893307
27.43,5.436936770633895,-3.47433111479689,8.048505601635265,-0.035338960557715675,0.33932718392670447,0.05713951509165939
27.44,5.326429928086233,-3.3704900360332193,8.247955959935178,-0.03894774196760089,0.31033592941523297,-0.001139970515995381
27.45,5.516104562418658,-3.4334319822310713,8.596571571052737,-0.1050730523637859,0.1680951023612669,-0.003376597049603125
27.46,5.57462286788061,-3.339186131822993,9.030401106012247,-0.1348886237669981,0.06014630517780812,1.677698870341561e-05
27.47,5.250612409385153,-3.0772426711050476,8.402688826918682,-0.08752619554012832,0.2236889521789481,0.03110601284413503
27.48,5.202930828805628,-3.0129316502325785,8.17408659514797,-0.03029274246468595,0.508817614746575,0.035730874502337334
27.49,5.281462970256606,-3.067821422058464,8.138437156596227,0.029954104332103777,0.6515013448897248,0.0312682972810472
27.5,5.295475388483365,-3.175664285198466,7.973601395558386,-0.007356805937382992,0.5882527241331893,-0.013316291464545282
27.51,4.613771487371057,-3.1581042164071857,7.109322543303484,0.03505078718024272,0.4749668692645996,0.26647049505904485
27.52,4.6319692776584676,-3.1194573906269882,6.7961083521042465,0.17916076525250682,0.5290429760922142,0.08411666524545275
27.53,5.0769346154287565,-3.046686353472727,7.284422077543313,0.21866147646332967,0.5666346089479561,-0.044485029266257574
27.54,5.247148104529969,-3.185959663833474,7.778265766523977,0.021895495741317304,0.4568756366082561,-0.004335774112838883
27.55,5.038421033150241,-3.4356503142532278,8.10279572669396,-0.17399099749570296,0.2361536819997004,-0.006080006839821012
27.56,4.954525612080266,-3.19456211434809,8.11541288245384,-0.15160482606794012,0.14075262798572655,0.10575941870535484
27.57,4.799228098536241,-3.337455779686431,8.093558357852057,-0.022515507189903812,0.3049915482122877,0.044411813237919116
27.58,5.320604907854896,-3.586324409157756,8.668168278032256,0.08299525037716782,0.4877839561467242,-0.037277391837614235
27.59,4.789230588981529,-3.209892820005922,7.452663303603698,0.06139424181604889,0.5255837138657096,0.32405184789501973
27.6,4.305571184871407,-3.150616853920279,6.387456725171558,0.18660307071249888,0.6505950039446204,0.09312636342003722
27.61,4.8657952315414725,-3.043717605238263,7.488696722908521,0.23656701833674834,0.6206349602322685,0.013338918215399197
27.62,4.951918242820134,-3.1221138463470672,7.839665516649647,0.05655507452962879,0.3199988252608031,-0.023656926767942732
27.63,4.880041422441514,-3.2540444524772307,8.838214973995143,-0.20713281412584517,0.04816770432634555,0.02779538830083743
27.64,4.809693594083758,-3.3809219894849685,8.72166954494671,-0.31693312606221685,0.00437628691235668,0.03876382490723919
27.65,4.620318088877088,-2.7773870893309573,7.591712670479968,-0.2921768132337765,0.10700155329194938,0.3490286239615474
27.66,4.3386511579048666,-3.0136916712968063,6.690531349958354,-0.10815822436770463,0.19097121304133555,0.13486174271491105
27.67,4.523234748649108,-3.08234987549421,8.04441087313478,-0.0018674469091247842,0.25679226881935935,0.03451424056919067
27.68,4.435961656584178,-3.402815224240121,8.518670091427913,0.031104713052890944,0.14837088903850829,-0.03276684895881064
27.69,4.019991927481037,-3.2619457564650283,7.099483815243285,-0.04674422035936907,0.06087999988762192,0.3550732814098461
27.7,4.210860937349266,-3.1679061848771175,7.176444828962663,-0.023546647365036207,0.14294244260288178,0.12260106504241851
27.71,4.40797167046991,-3.6482140146790787,8.19364663996361,-0.024434151645716128,0.24690625098476873,-0.004999543310372221
27.72,4.674622454038055,-3.2743169860508905,8.067600586952839,-0.011444842513762503,0.23143371420505118,0.033121100690396
27.73,4.310277103534685,-3.7230433524091664,8.676078640434222,-0.046866896493796814,0.25241343561816326,0.024955738801114943
27.74,4.6014663552327395,-3.4983010895096873,8.873848609337578,-0.08021934083732371,0.18145461098376828,-0.014912913109405512
27.75,4.501450403929998,-3.211299991620108,9.042694329704517,-0.08090500335098047,0.1556855583751318,0.006663429082241347
27.76,4.24918112031277,-3.7089153416259135,8.92484236809592,-0.039846046303066436,0.17937850449750212,0.021549844095439072
27.77,4.1981910907192965,-3.419056934944246,8.986732928332051,-0.026394801913065292,0.31401936600834035,0.0014767196660929252
27.78,4.110981090458871,-3.154376892889303,7.917961002296605,0.09518268927431917,0.46403817648228535,0.20827688417776458
27.79,4.0149785000982705,-3.1329852757662486,7.9834199370004475,0.1976517284225723,0.5686492870579007,0.04859369919197343
27.8,4.537371623998511,-3.2488349597016137,7.897920031233939,0.16984871048859015,0.4777194517223166,-0.036105284213249864
27.81,3.911699100280483,-3.047460681644363,7.264835111752419,0.08228287100404702,0.2838638441695604,0.3495649236115039
27.82,3.7703119737225617,-2.97937785584136,6.653820138891442,0.19890474929572288,0.328561319745327,0.0848922044317944
27.83,3.607052977032603,-3.306706526619433,6.543832402964496,0.2148302246759646,0.4077391708524383,0.37262245951510903
27.84,3.6162740786263057,-2.844594781075477,6.070721491526688,0.3121918664013757,0.48089406830693854,0.2638691925749752
27.85,4.159209227319126,-3.111457482733698,6.76203338590483,0.38936261702519054,0.6271091064238574,0.04786412735896269
27.86,4.560417996971603,-3.2165293441514637,7.198098750229683,0.2504109262585024,0.5337409020692927,0.029903647826394056
27.87,4.038468495032154,-3.432491367464723,6.835114628214279,0.05182604051734547,0.3269661901152458,0.37463956042400276
27.88,3.8936166856340257,-3.32364071411205,7.141773160403202,0.1312897316457686,0.3133239719610934,0.06689918336121395
27.89,3.9479626998689388,-3.4942959762560375,6.928701565753412,0.12314174442358264,0.2426828326101387,0.23250779092050428
27.9,4.005771274295313,-3.594169985551601,7.550207534003226,0.13458342221324526,0.23865744269577296,0.05099168384399633
27.91,4.294326297289639,-3.6584692925777924,8.557259501290362,0.059690751517043124,0.21974111001794736,0.06665326124161881
27.92,4.251653533850629,-3.1860107440627785,8.8536422943054,-0.16868857683330513,-0.005913908778978249,0.04330350557969301
27.93,4.540860228843878,-3.646023561488212,9.80194820773152,-0.41725915771777133,-0.22525683310298125,0.047159549414975105
27.94,4.215067461332038,-3.5467661587542927,10.475531494229676,-0.516226282112788,-0.3802834553108765,0.027021836068243456
27.95,3.846576057163145,-3.5532984439708915,8.846187635645165,-0.5150791869530451,-0.41166538358510596,0.2509821407940038
27.96,3.94695037723141,-3.3633512955601588,9.079171325239868,-0.4533265531980473,-0.37717125224789655,0.09716662514869547
27.97,3.854550711720486,-3.47169032024407,9.916902236825115,-0.30722395548246023,-0.13658764877592205,0.05946682019540207
27.98,3.6708964019718824,-3.528795601277152,10.124766383932295,-0.16203593778103884,0.05750424624623007,-0.017983599817497597
27.99,3.560088867476475,-3.117258189068501,8.126190820504958,-0.07743734457568488,0.16554726242989753,0.31722313026646454
28.0,3.2005129338781795,-3.0838838231098253,7.805286757559048,0.08885770554081204,0.31077482995101413,0.07417392739824477
28.01,3.6296022542216075,-3.3549454980200686,8.527636208805703,0.16201282337703482,0.3584483434290642,0.003133287320094782
28.02,3.8442695181602513,-3.2490997764466902,9.010743830443367,0.01990110418973442,0.290216207588411,-0.027069159044825535
28.03,3.800317633550496,-3.4825132710435085,9.340351849102055,-0.12771375679305186,0.14042723904215518,-0.008021287664834984
28.04,3.3962131267654283,-3.2710995828021283,8.63575481352638,-0.1658568081061436,0.07081484802321587,0.1620900712412219
28.05,3.9807022674568486,-3.3533582554617936,9.198799310378146,-0.06292792364187677,0.16169427275487241,0.022251793077276906
28.06,4.04121175911898,-3.468918325155885,9.069567091141865,0.11554128588139509,0.284530373795529,-0.002582211421609257
28.07,3.4888422760410616,-3.324640523777308,7.5930584929211955,0.20054473646183016,0.422378754694876,0.2566687709436496
28.08,3.021668241651595,-3.637165735321074,7.787648790846545,0.3437196696362263,0.5709628055055285,0.06847305010356472
28.09,3.532080074540101,-3.394560808087895,8.586459432672898,0.2663378801820765,0.6125008189637109,-0.01804849487822493
28.1,3.456532747840339,-3.0651353681086815,8.619681298820634,0.1111717170532573,0.383785765624012,0.02024945324240753
28.11,3.4069320129563185,-3.5723968219274345,8.924485378701496,-0.0345315848437712,0.2433854050617221,-0.009694214966136563
28.12,3.583453069785642,-3.5399719886010366,8.90834250957802,0.004038625738627462,0.2521972908334617,0.010467683048313513
28.13,3.6174244960435162,-3.7024822877182384,9.237705468941554,0.08242381749880663,0.43255488246284374,-0.0219846333956428
28.14,3.5731783394116428,-3.5028799543809783,9.11513779872272,0.1748760586592334,0.5036336411252532,-0.02524744145345938
28.15,3.1042424988917454,-3.2592385000919997,8.311287686592019,0.19115407161880518,0.5047067613632438,0.23142931097057667
28.16,3.1112360089894646,-3.0317596861221285,6.773321627818633,0.2813278216657048,0.5536852338150648,0.17313173414908006
28.17,3.15643532944321,-3.4935332698582595,7.773693115754132,0.3569622294526565,0.6007706111507813,-0.007744006426899156
28.18,3.271259008637903,-3.362454193872277,8.592080801132326,0.25060664784333847,0.5179653681657465,0.036797242801511816
28.19,3.1471328079710053,-3.4243439055066127,7.295667433953832,0.03646988665430416,0.2721550604449574,0.29554896834477445
28.2,2.830632365122007,-2.4999882232700346,6.7918624962174645,0.10034974037433808,0.2705651918532072,0.31296777082888155
28.21,3.0741472112502275,-3.6236139407442627,7.379843255184701,0.2644887002804365,0.4142333222812522,0.0030937023757959675
28.22,3.107393796834812,-3.500886818344704,8.349672410950586,0.1815279730922564,0.4107074857630771,-0.005587638576651942
28.23,3.0269939956825196,-3.452363530734467,8.90177158428347,-0.003700169866832498,0.25806940536207,0.013896738286169656
28.24,3.2561494841256056,-3.592802913277621,9.709295902352704,-0.2594623925204931,0.029125318052115125,0.01782330968864615
28.25,3.1182585865535697,-3.7833600276447052,10.240439556581585,-0.32470346338245293,-0.15561427691589194,0.027679601975318106
28.26,3.1322506711402096,-3.735487802010739,10.149109717397819,-0.22422977511386172,-0.06566698010167252,-0.024616807804912252
28.27,3.0285710980424945,-3.415997665054959,10.186706643283866,-0.07473061406535468,0.13858174211504518,0.017521009883999204
28.28,2.7655637067161445,-3.4095738140346454,9.889493943859456,0.072672634967342,0.23780295769070878,-0.001192149942519415
28.29,3.0673568829154125,-3.53994315582541,9.57294845300664,0.01314602063673933,0.23770303806221654,-0.00016480777494851974
28.3,2.7892992297909642,-3.253413388883448,9.622287942320414,-0.057398711120080076,0.11037837981343286,0.032075076463861284
28.31,2.669104578745022,-2.9571053794926874,7.902576969094024,-0.04918636561909348,0.09880444266180773,0.29276121420817386
28.32,2.6973837351593395,-2.9948405949440784,7.563078988955974,0.06772796337259708,0.23701489529412786,0.13648591156391846
28.33,2.7349418769379032,-2.9857145185203056,7.842062116148463,0.2289127771732868,0.37970854856978187,0.27265603143183204
28.34,2.309810956826893,-3.144663564514939,6.882634069116069,0.42830117953056357,0.5347233116699014,0.23305139508142098
28.35,2.4392696431886827,-3.2634056873284667,7.596395463318003,0.6203230314974795,0.71654930574849,0.006349117269270094
28.36,2.5688896424365604,-3.3417205847200138,7.656642511532992,0.43297992737429014,0.6598209327153195,0.00790188069870648
28.37,2.5391292842000652,-3.1326175613920206,7.545965132498083,0.269604467440915,0.43384801758420194,0.3268330095352866
28.38,2.622587747687947,-3.1816843444818748,7.448440487375935,0.35670505959718113,0.5501401008767601,0.08289197532652548
28.39,2.602109161504614,-3.539367904066884,8.23790326116347,0.2947203365811865,0.4735163725118081,0.01504097186472943
28.4,2.6748746447811724,-3.366427388547048,8.633713023404223,0.052012971375612074,0.28371937771998246,-0.01712213244837941
28.41,2.794375303085282,-3.11835674134913,8.277126129868407,-0.06639744426341249,0.11856262565507736,0.2098659823253157
28.42,2.441007208087385,-3.304520562964245,8.397732464065449,0.342682717059336,0.4823550155049519,0.06194657810218684
28.43,2.3075779262006515,-3.12763028368363,8.449292243101784,0.4091181654879744,0.5447164177111267,0.01367194559796341
28.44,2.4621690653111887,-3.083708712201451,8.929647187155446,0.14984762286440753,0.38749730450244596,0.026753573161552593
28.45,2.3118042385375697,-3.180027500154772,8.286970973732245,0.04831424165024002,0.2515444021620399,0.23365854486263984
28.46,2.2741470574940914,-3.011903219571966,8.427177933367503,0.49591746132605713,0.6962756052571587,0.0947396046501039
28.47,2.19025061717088,-3.0301748119061083,8.279114788559426,0.615799290397283,0.8354776205088309,0.017704824052361255
28.48,2.3673602918686067,-3.28169793839801,8.131727484764241,0.2864026916856472,0.4793059998030786,0.05145505530967258
28.49,2.537223386227393,-3.1282737558601443,8.340272379708706,-0.07273429792296664,0.10544284510545618,0.06497500526733226
28.5,2.414471470606358,-3.429823696471592,9.173887892405167,-0.4723267959988466,-0.2091739779957263,0.049198771591779905
28.51,2.503228205044198,-3.6322880342353057,10.024948803221827,-0.7125976445222834,-0.49777498770758105,0.046451253877420426
28.52,2.0184674240429143,-3.275750630591435,9.998712819103337,-0.3022230898713803,-0.19934753436561123,0.061097220703906906
28.53,2.4190796759567403,-3.1769111881832366,10.604657758060867,-0.10482832487745328,-0.02177890923901795,0.019796969312776476
28.54,1.8933374025091771,-3.0211894805916537,10.228362476061358,-0.1640413612331586,0.013164811730571144,0.08030215266195237
28.55,2.1559851868397906,-3.216914998386269,9.977617760672246,-0.03597397580742698,0.1316960330024129,0.022655662760076845
28.56,2.2061183343421367,-3.3345039674589585,10.161126294966875,-0.11811659677273371,0.028732955980579518,0.006211386269211071
28.57,1.7248309796183867,-2.9283259081917454,9.415999553297944,-0.02876819052395957,0.06682118391421332,0.1778130136695034
28.58,1.905520113503407,-2.876664580975527,9.221066000564699,0.47126304140228703,0.5641149538587149,0.07214568637301616
28.59,2.3937678639090074,-3.008466107531812,8.697102026782314,0.5062767897359293,0.6240382040595572,0.021130423165414185
28.6,2.3413287926855735,-3.0085977680512648,8.667459156644258,0.1757088567066562,0.2983220326273498,0.016269372705402074
28.61,2.0880487905366567,-3.094691306036937,9.062423493063635,-0.2882586514440714,-0.10376396155303083,0.014489359183672246
28.62,1.8505984925390004,-3.3122839777119877,9.983960834486417,-0.6388912993163388,-0.5190984096258175,0.022748413951146743
28.63,2.337535044798817,-3.2660891327017643,10.844909657404896,-0.6508036311112932,-0.585002816403679,0.03444565915655229
28.64,1.699323229372568,-3.3077422289658593,11.105218395404238,-0.4363095714454959,-0.35023061133274136,0.0024354295721984824
28.65,2.0335443307646837,-3.3277002143216756,10.783900763086333,-0.14475693682322666,-0.06210614078185572,0.05882632913021194
28.66,1.9727111140973328,-3.384274511787255,10.0996361000781,0.1687273976504818,0.22774554419682674,0.004546295417185346
28.67,1.7880418439115056,-3.1472566202041588,10.071499817973864,0.20974261064843716,0.22889662240488717,-0.04428890661365995
28.68,2.035130844457524,-3.206435173338686,10.074346980821526,0.023022822133145767,0.07904854744222746,0.0007004883113599751
28.69,1.6232355890266372,-2.861779229472087,8.819481398070659,0.04545398519833268,0.039985804302708594,0.19803659368756982
28.7,1.9956641586279207,-3.035760347620076,8.937912474211995,0.509841143656916,0.44680631593201703,0.06956152273819564
28.71,1.4492152444115765,-2.953414317656775,8.732208317896761,0.6663981536162473,0.646628009409386,0.050306100293772776
28.72,1.8987950591361986,-3.2244558670205534,8.722269960522588,0.4505419651843879,0.4881318410038253,-0.01663273749332264
28.73,2.0943812912079185,-2.9784852386506793,9.108699777348722,0.034544613260978935,0.17139512219248984,-0.006824009918937346
28.74,1.6908850966140045,-3.2124881636969884,9.585423072187885,-0.26166040787132994,-0.08917532382685149,0.050968766167417995
28.75,1.667981664302336,-2.8885923222404464,8.95515434839997,-0.05609063637261886,-0.051051309114387065,0.20539908367901508
28.76,1.8536537041285135,-2.9268224982034643,9.230745843733748,0.5548209294060162,0.47714794776557057,0.0654485547493399
28.77,1.739064226872528,-2.8874518375727853,8.81146525133452,0.8155607182984985,0.8091597942811594,-0.010788725303830092
28.78,1.6687543897804333,-3.0788964495137403,8.226762176191938,0.5522444869778864,0.7213212887754198,-0.0013308961670073904
28.79,1.7228845716181616,-2.5434368918824624,8.302345017815576,0.15155354054915127,0.4312668622606901,-0.015868709625844322
28.8,1.9509529804370869,-3.4274124996622333,9.04852639728307,-0.23951830752922923,-0.03305681892945264,-0.02029017269710532
28.81,1.683795836581406,-2.9444781883138225,9.141682132385984,-0.3181925368457905,-0.24226938785251786,0.0863266132329058
28.82,1.746447551784642,-2.7212878766087454,9.720824764526947,0.1869646907437108,0.12382022568352175,0.053585623897339174
28.83,1.6121339169653606,-3.080871872523364,9.591782756968264,0.4244933542787882,0.41010505110639867,-0.03232170054342531
28.84,1.664035568373746,-3.2718000834595253,9.19750304530369,0.21154885942118362,0.4228165176933292,0.05225376436178366
28.85,1.4633195170087654,-2.816339215984921,8.822334112704993,0.20685703692155985,0.42378067293099486,0.03881713743528481
28.86,1.6256183051949804,-2.7492491243783084,9.441654415998569,0.025028147762719034,0.23142220355145068,-0.005903875297369198
28.87,1.4511216344367415,-3.0483795188161245,8.728362629726178,0.08718426003880603,0.20186104653405562,0.15425928345226697
28.88,1.4665992941822161,-2.8205713953078573,8.859053039494832,0.7893971495078045,0.8226927071908933,0.10135914378131439
28.89,1.5944640086315198,-2.457408706287378,8.17944603028362,1.024896478637127,1.1134541374677265,0.03530644094383394
28.9,1.5068177213292335,-2.8090283946368557,7.4509254013548425,0.6240269934709886,0.8968008854003384,0.012682269064391665
28.91,1.367669160241832,-2.9785288946326083,8.093929373169003,0.015822133555417704,0.30197147292964255,0.032232797909907934
28.92,1.40658516429135,-2.828953923927408,8.894327156608616,-0.5234381689394756,-0.2860259450657338,0.012278642981509207
28.93,1.7145443535973313,-3.1242896842884855,10.10045305703193,-0.6804036969516779,-0.6086836318970992,0.023845966146772247
28.94,1.5086567159572248,-3.047903205314458,10.803249611244539,-0.536766263432083,-0.4434398692737233,0.030637843145148266
28.95,1.4521189812601385,-2.7620637052991746,10.19682526217261,0.02791513755974735,0.11456596917049747,0.18778656914058042
28.96,1.410697990346643,-2.910217499555463,9.552244861294996,0.7686536610805956,0.8784210167891603,0.020991920779584197
28.97,1.058911781873376,-2.5390471380553272,8.462959328294437,0.8761550277023273,1.0011243462867139,0.00018383159736101023
28.98,1.4311497687394565,-2.618196705724138,8.034732570354992,0.3974639345596866,0.6703636307701284,0.004107829107411109
28.99,1.260893224992093,-3.0133379306710113,8.336223654202763,-0.21621539705476517,0.0903481702087512,-0.005614495587964211
29.0,1.5122142552006517,-3.0422780945550985,9.439203966641063,-0.674353147308172,-0.5184552377354108,0.019715857649109696
29.01,0.7914598518123531,-2.7628963584577364,9.290071099244857,-0.49230749119861356,-0.5005526677909428,0.15612221455236797
29.02,1.1713151428637159,-2.2044732926439523,9.134333498792317,0.36149083257870557,0.18562958873658883,0.22569091770487318
29.03,0.9643909243741448,-2.406866904532007,8.65250288219568,1.6345228043531592,1.0484498503210837,0.2054126740621131
29.04,0.7630670693784762,-1.8864226758550342,7.04607423995807,2.8634841677958436,1.769599214462512,0.08741858659279834
29.05,0.7627400708687261,-1.9540873579622542,5.818384284171207,2.5179436925267393,1.9017172521710153,0.01064280772454131
29.06,0.8811463781797146,-2.0041189913512776,5.634344912156401,1.28886132501874,1.6744622022456654,0.01300494553492966
29.07,0.49727526133845457,-2.059344268061152,5.454991772601502,-0.10193978455041522,1.0828772781556602,0.024044164739647666
29.08,0.8922004518972692,-2.653907892120725,7.062183029575149,-0.9894048629842523,-0.03836887347042974,-0.019140405679529834
29.09,0.9648296360659543,-2.867390431309441,9.26108590759135,-1.324109875865486,-0.9650206139020254,0.01256645448231542
29.1,0.6788531729059579,-2.9922243764927243,10.199163019730538,-1.243776021615954,-1.2880302901903147,0.06272872330583878
29.11,0.9271349343413829,-2.5867624115471535,10.601709952335288,-0.787957685924311,-1.089619997742807,0.06907519777115684
29.12,0.8650746490758926,-2.773239392630732,11.19129533850357,-0.4086715952595533,-0.7564331870813391,0.04078596572254294
29.13,0.6926737353902457,-2.509293250959507,11.07806800903194,-0.14057647550647076,-0.31063109672739997,0.08280003017357188
29.14,0.6935350241550525,-2.6561592083116623,10.923490692527043,-0.17173215228378513,-0.023944068043718517,0.04763859201575925
29.15,0.6399544754720338,-2.6554326392524943,10.67308354014519,-0.5278437271927666,0.04534795104617721,0.03760010998463534
29.16,1.0153715877795968,-2.243105761314756,10.485207921456299,-0.7148873290313135,0.011812639193664381,0.06014330762738558
29.17,0.9456411026376356,-2.555688630250324,11.005353793654066,-0.7492114154911241,-0.2758988041498781,0.018651532758389183
29.18,0.7852682816988555,-2.758352939813453,11.797603981567965,-0.7626973709417865,-0.6127669546258141,0.0628179955538614
29.19,0.8985478079504808,-2.7179354483963287,10.9203641221895,-0.6575828922980298,-0.6973819787992043,0.08621879266580669
29.2,1.0019571367942517,-2.5760016872992857,10.976885034016703,-0.13281229294074695,-0.2925112958284608,0.07050269540255061
29.21,1.010680560418428,-2.5505394955010354,11.023396415741024,0.01087174076443607,0.028502869483982438,0.019176344831356218
29.22,0.8742882789547349,-2.4531466487533593,10.591074642392547,-0.1804670322293061,0.10495478650302618,0.053892454557305
29.23,1.004776944777545,-2.3763095688061835,10.11732099971751,-0.08265976505929098,0.22139439526203228,-0.009670613034792972
29.24,0.927880408636717,-2.4722258867180686,10.04484877330017,-0.12912132879275287,0.01323755171232369,0.01247357613065882
29.25,0.8106531471130544,-2.7640695064920133,9.640737358564063,0.14068942271271967,0.0007729250343610876,0.13857078695013805
29.26,0.835049407427005,-2.5075162229997043,8.887614375891248,0.9997264650504545,0.4900829009733456,0.0068743164943181265
29.27,0.48291807223758043,-2.1851492271425723,8.58197218916334,1.546848328674559,0.8675058555410878,0.1618126840901049
29.28,0.8148772881530635,-2.2523475087509968,6.747606625017305,1.8316315484730228,1.235076182244155,-0.01670382548116499
29.29,0.6634050526355408,-1.8879307910073773,5.674888725553757,0.9096921753019573,1.2679393759618307,0.07067400482338926
29.3,0.7847985734281077,-2.3027058544092833,6.60236040488805,-0.19771913542278105,0.7287138887718594,-0.004435931463564146
29.31,0.6123681535848751,-2.565919312359429,6.839938959198971,-0.35416702069058875,0.18595238211531165,0.02861819551367252
29.32,0.7425169832990224,-2.3363534000689343,8.027522823941148,0.4373261928840378,0.0886597135359124,0.021647532557561595
29.33,0.5898951792260698,-2.611471142433196,9.037570281378713,0.41682942685521496,-0.019543827970006665,0.02448348718643705
29.34,0.3359014333212329,-2.245823366428056,9.328425843695376,-0.1481563744870918,-0.05815159775717302,0.015063560411595275
29.35,0.6350117912747016,-2.406109864311254,10.59462910249191,-0.7755920718881476,-0.1792293189899993,0.07098173298264228
29.36,0.6578483973770576,-2.6413265907442756,11.154244969074284,-1.0379705379556996,-0.34275445447285,0.027091804981476737
29.37,0.4380062204582341,-2.5170511586981927,9.093403966446045,-0.42313606528726794,-0.5428419501741926,-0.028053823670922014
29.38,0.5304781703696928,-1.860609955817518,7.550446500647858,1.4153567067888972,-0.6281624980814426,-0.07290006279348044
29.39,0.4261709024879747,-2.021785798675961,7.339057075612791,3.399613527172509,-0.6069993695012602,0.018803416176875705
29.4,0.26639228898700984,-1.6187572346775236,7.353352967062759,4.337483200278942,-0.13419671005809003,-0.054166149521493005
29.41,0.8368996944635703,-1.4922126278665808,7.241924446218605,4.709089390268542,0.23326016531323576,-0.12027384305168905
29.42,0.3896666419458725,-1.1893878535629203,7.951728001227572,4.242418512837186,0.2577842512804313,-0.09041415025247682
29.43,0.8125029879267655,-1.188471779176181,9.060936391414481,3.6577123669722096,0.01920547418256568,-0.07654492712682986
29.44,0.9183431523120176,-0.877949204864287,10.27175051929267,3.5075186894867225,-0.1825421040837112,-0.08360501665576703
29.45,0.7739738422380138,-0.21413854771576757,11.068111720083996,3.4527277474360756,-0.3341740159721697,0.010971150808156999
29.46,0.9694499499805089,0.37636578890089417,11.671184542345488,3.509566507116315,-0.24892965250205215,0.025604845490323398
29.47,0.8734278983242204,0.47285220476516054,12.082235432134077,3.592513386659903,-0.19233512234122685,0.004941630686705108
29.48,0.97521993861713,1.1382606154326609,12.265085072990493,3.522019006210906,-0.1282047715296719,-0.0075135753070179265
29.49,1.0400319308912391,1.0457801966154623,11.060572426771786,3.4225308604292906,-0.07031044088391077,-0.025556326351395268
29.5,0.827065509395523,1.0188395171060955,10.285377948072009,2.3319755947997836,-0.01519323153744287,0.029245238036115083
29.51,0.5951095749804418,1.6798314228265137,10.893127400230846,1.7509512889874776,0.11201153112105626,0.04290651412793414
29.52,0.4127125686482716,1.8810895674446615,11.131740219936423,1.7141184915440306,0.18148647869634363,-0.004891620117291065
29.53,0.6213951014083072,1.850659659741063,11.130021774722643,2.0941962320759795,0.20880198991081328,-0.011790941388874232
29.54,0.6873998649466315,2.187255920317689,11.555947597438236,2.3946925257290474,0.27049064934947487,-0.04428209659491679
29.55,0.6517908780390117,2.15518644669917,9.909122442275509,1.9201296061715456,0.31895939736928486,-0.018216785937280284
29.56,0.40565337246958344,2.295970123599902,10.96334421275771,1.4212939635729043,0.3298196022361673,-0.025988783713234462
29.57,0.6405387419552498,2.4621280792178113,8.563557306374747,0.6411027064761656,0.40057441237803193,0.0307107306113519
29.58,0.2915955449481394,2.213367572427127,7.762074194350936,-0.43284723251947366,0.5259169074918191,0.010314073676914826
29.59,0.7054227119100585,2.2055829601987957,6.978576158691814,0.2863044728121031,0.5352129426115012,0.0005619214466148284
29.6,0.4436623611940805,2.8554796421098896,7.900260669265732,1.6338618236550444,0.5309093770863091,-0.0674680817499759
29.61,0.6849656115273806,3.169094065166976,9.411636437769426,2.0919470808925356,0.4459237918813427,-0.0713599556023795
29.62,0.7534569201897653,3.6311498591343483,10.997372834465544,2.3123980245204105,0.44268736265328723,-0.027987721199115245
29.63,0.6311070071575559,3.7788074119549484,12.024923331751424,2.3153769564701996,0.5025034108192525,-0.008450906776648896
29.64,0.534006132289209,3.6842739119858807,12.245865196926145,2.1686948711234724,0.5681841162014648,-0.019763039974386155
29.65,0.2076030515956717,3.487574348115204,9.735033621935793,1.4890358867432554,0.6312577836041382,-0.0012209556824045067
29.66,0.02617716721085861,3.82042122456705,9.24210995995404,0.17231923871935798,0.6057908748798971,0.036377836320064666
29.67,0.3370755605278179,3.822697377683854,9.226094107538945,-0.025218754123382217,0.31980322123793237,0.00037503867579372595
29.68,0.261308152153923,3.653513669016557,9.064009559779873,0.5923121365369033,0.04618795990349061,-0.0006008522514154326
29.69,0.2050402512574682,4.033840831585132,8.24482056185021,0.949772356074473,-0.18102616061510568,0.007670828073627348
29.7,0.5175534670645672,3.884521975946856,7.812438388338494,0.016747592161583166,-0.15827565659451626,0.07196112623273875
29.71,0.35523750811313004,3.9542547017360956,8.808950882201371,-0.055078151040002465,-0.13650383129088506,0.026363166026583163
29.72,0.168967249944767,4.107369358523708,8.559609372443694,0.6126605815976757,-0.04524757138802801,-0.0002540157356629661
29.73,0.32591852747367844,4.217786179173807,9.561453019572248,1.453387832055759,-0.05684541766529583,-0.03691855035307736
29.74,0.27829379472934596,4.84037817244412,9.9347168790558,1.7614197456443927,0.05951367619343856,-0.035792368619172545
29.75,0.04253194098505597,4.794440881695772,10.445043542059274,1.1734446807360461,0.06926333524295197,-0.00041983919935183536
29.76,0.21802808509830726,4.70413993142885,11.404920190536663,0.922174026669979,0.02630453740085594,0.03933760948470067
29.77,-0.15768218461032912,3.771375514718101,9.052026411047155,0.218933035987537,-0.014130187192883443,0.022237367654374455
29.78,0.4003463361975927,3.918751054135305,7.915193717052514,-1.175067778761902,0.016809418425828133,0.013488654674458141
29.79,0.25596971476675434,3.944253091252172,7.056339525335983,-0.6385488638769736,0.03484115453251527,0.03022545056171543
29.8,0.44573279012819217,4.5086007175125005,7.329399342976725,0.7881061828392301,-0.01329495461504562,0.016086035957335217
29.81,0.32693710166491385,4.198893483339017,6.831428340214316,1.2561378343492395,-0.02201038766678821,-0.038698967582293825
29.82,0.03989030743344599,4.550096173381247,7.576438186730573,0.24828314547593955,0.027120569749887254,-0.011057622219098716
29.83,0.2981158433420137,4.437614972446055,8.054797252056307,-0.6661817688851503,0.014266619003952291,0.030895678441520875
29.84,-0.04589001029696402,4.6834132294722215,7.7165916397417025,-0.5902261567157076,-0.046463317724941895,0.040079529356356475
29.85,0.11699067830348746,4.9738538033813375,8.250032489205225,0.3960276796846791,-0.11926109369542029,0.03149206132952062
29.86,-0.11040346217420605,5.551883040019687,9.796378847771837,1.3390518408758332,-0.188357453950481,-0.0023918636748684035
29.87,0.12271784283434674,4.86716599634553,8.519507108275283,1.188385914013756,-0.19229980516473155,0.01639733792092442
29.88,0.19940445220056047,4.9276714929313306,8.492317823885887,-0.20983959819423587,-0.1461595749037736,0.04256831774222769
29.89,0.49073663826494884,4.886035455082229,8.569471053282765,-0.623473231832445,-0.15343826738486996,0.04578287262997136
29.9,0.2891135728603268,4.996065321088008,8.802954269569595,-0.04504485883829456,-0.11302897517780658,0.03614493074690904
29.91,-0.018772921649885893,4.785501258972703,7.461174986601784,-0.01720947780994032,-0.11096772591891982,0.041176860718626696
29.92,0.295456073015408,4.56632759248304,7.473963633945928,-1.048095701660586,-0.037160723442300356,0.008049760228803257
29.93,0.040550860204955685,4.641226828333956,6.947536401388769,-0.8149976414043758,-0.01044715037483571,0.0008912245653161545
29.94,0.15745781737050096,4.5865300120116705,7.440963723581612,-0.7910684089983485,0.04380618756163866,0.0088698025989611
29.95,0.01545481517056288,4.730012912363093,7.726518878353616,0.07615524770501564,0.02183686531536959,-0.04119685938603336
29.96,0.7446350320666784,5.60309253708742,9.490512169235352,1.0854454765105723,-0.07493069703120053,-0.017976948191019408
29.97,0.34753037912592233,4.430987735485582,8.08009436270308,1.0191187372717587,-0.0802900822450702,0.008174227066955468
29.98,0.190206243942565,4.340386943296604,6.975099616004818,-0.6353957282599274,0.0018244833676069826,0.03404607673658415
29.99,0.34350105936884257,4.591792166980689,6.8812529052416185,-1.6465396364977714,0.00519418401195174,0.02813823545916191
30.0,0.1490936472885015,4.249690261943873,6.260299005994926,-0.9458691151529396,0.013789304310598861,-0.008879281317146184
30.01,0.19251908975964294,4.681508927560634,7.387170077229941,-0.4085834244802213,0.08812181832511601,-0.04647302629422764
30.02,0.4166614794359801,5.218106394296084,8.494591391871127,0.607344985155918,0.08824918853079385,-0.07180795781197592
30.03,0.5349923623750439,5.315309026673295,10.150144646976873,1.2805724548987858,-0.008280517157606464,-0.05214236838532822
30.04,0.1560429064976126,5.701228947692082,11.342838928844746,1.4605588084323353,-0.05227500489209976,-0.023369177048992832
30.05,0.5135452679267809,5.179354142164716,10.430590772129106,1.3555469522414278,0.06509361762733239,0.023938746957641574
30.06,0.24085363605737747,4.852115228014324,10.241340788001047,0.32076706564111457,0.10644218907120068,0.008919952358386442
30.07,0.28445106087359656,4.909284970971192,10.535677364321801,-0.07327763762004755,0.044981998331811296,0.009105316503225063
30.08,0.12631839120258948,4.884615390226811,10.26915198135878,0.05237105082153565,-0.2632818911135153,0.013289821181068459
30.09,0.14714683625265568,4.457432211304158,8.093951984497213,-0.27966582013740054,-0.3542402600893357,0.06009014866085048
30.1,0.12110632663845022,3.974473323205102,7.115833319278269,-1.7150783606352924,-0.3704468767187528,0.07289651519989714
30.11,0.3583000345743356,3.920205511449874,6.214998865500241,-1.5759082221332799,-0.27021606412360044,0.055130265723885075
30.12,0.3830193960673894,4.011303072181678,6.70557419181456,-0.32859822978851744,-0.20390734629583715,0.000250041306772422
30.13,0.2562433464170113,4.858179134748557,8.298915071121217,1.1267633716002385,-0.10829406748591558,-0.04909417560779768
30.14,0.28534349000831555,5.564585266552714,10.44128433921403,1.9245558791597344,-0.048610554878998485,-0.06083757075460045
30.15,0.44118156802312214,5.698540079271624,11.50527207148263,2.1647293833304473,0.08492528860317632,-0.08864901491816743
30.16,0.0849522258268155,5.802206245818769,12.011845497183378,2.126554516736709,0.13163555628681173,-0.02489336155892645
30.17,0.1702167995629089,4.915457251033465,9.636545987632456,1.5213432810639933,0.3314445093769166,0.012566632116830803
30.18,0.553943934521744,5.010102302548265,10.391427985682473,0.6169162610699195,0.3735250041652637,-0.015822856406023003
30.19,0.3765072786732588,5.204216885604976,10.888877398736582,0.3868280118467843,0.13905054684300883,-0.06338123197434978
30.2,0.33020820536506773,4.963318749486477,10.34723877593936,0.4770402184161661,-0.33711058393414023,-0.013720591751500005
30.21,0.23537712833493576,5.208502254295682,9.752332084805579,0.1444411392360996,-0.5680474765426679,0.027100556399570718
30.22,0.4201865347450957,5.128447975305802,10.18350093507415,0.34062284539807625,-0.8031688039370594,0.07618033702872642
30.23,0.372412113508303,5.544294906160802,10.616167885003708,0.884969083020264,-0.8733951049905488,0.034467016668788486
30.24,0.02003403819509897,5.819898780500406,10.92163152996267,1.338846161248023,-0.8160214857154047,0.048205141135985306
30.25,0.3243084594245904,4.991122981822264,9.095484308821689,1.1282867048545633,-0.6800465880245504,0.02275029119354096
30.26,0.4694219232889447,5.104652992258214,9.26747382481526,-0.08467629400138528,-0.49817377856877304,0.016232060772678494
30.27,0.6120036533641453,5.329297660988416,9.073492332805408,-0.25016641766536907,-0.3860865766162528,0.028257098480850135
30.28,0.39028036938001653,5.516983521995902,8.84776873330603,0.47469541300840856,-0.3012948938318371,-0.012547501343409097
30.29,0.5241493939212202,5.224510206423193,7.476350279352028,0.5807882655118635,-0.20559046343828818,0.0031116167920443062
30.3,0.3581313393673552,5.3764883337141285,8.470699753955593,0.06370724814094193,-0.13244334232847568,-0.054191134446826314
30.31,0.42801145977632904,5.559091079666585,8.758913523371689,0.4078583075797034,-0.18649139326183242,0.009182462788642577
30.32,0.49257974835578233,5.394895407037678,7.760269198014392,0.6751867638051475,-0.20311409714278517,-0.01711618169883623
30.33,0.5851318660126783,5.753392431296634,7.969325726644136,0.12317277269665147,-0.18085485403706353,-0.01514153916642517
30.34,0.6010461546867353,5.820007379824846,8.432592578084316,0.485439313709705,-0.31624976100839297,-0.014474404378208568
30.35,0.7634574347523189,5.732701797953455,8.997983545781068,0.9866884675688979,-0.43597107375627264,0.007222731503584829
30.36,0.7153544535648747,6.27272739857318,10.132422603486305,1.5833722308572846,-0.5222054058525983,-0.006231870682188388
30.37,0.7700507391725314,5.7110657672645635,8.092110480654837,1.2495685978369244,-0.5611266500380301,0.03097557561438228
30.38,0.5787038396749756,5.433446605777559,8.46831136436296,-0.19979752459854097,-0.46187995024233086,0.050982411322698956
30.39,0.7372638632479955,5.602035663280805,7.522206013262546,-0.3322818421007696,-0.40982326129108937,0.10121084987573284
30.4,0.592365385795609,5.904844689681573,7.877243287589749,0.6855108870490858,-0.3727297238697792,-0.002004006837515509
30.41,0.9638970121419841,6.614833950895247,9.053924545741433,1.7933098089304458,-0.292492487104439,-0.0508710253352028
30.42,0.9446679117162772,7.010186387505478,10.308011045032012,2.261174352500907,-0.14069585629457254,-0.06170619638787445
30.43,1.0474533771762529,6.461695053093305,10.197874471850922,1.9778526431758898,0.010483440207183978,-0.059921702638308295
30.44,0.9539612768579159,6.110442021596071,9.724282746851813,1.3779182491487816,0.04164776916830663,-0.012565828972578741
30.45,0.9694013696450274,5.4932472871127205,8.528262029316412,0.6711068206653367,-0.11876521524022808,-0.003628902926083622
30.46,1.222638822534872,5.502375319919751,7.084722969631162,-0.38998242548782824,-0.5523978886853914,0.043383487616325135
30.47,0.9061191917084848,5.904838663278154,7.168901833358174,-0.37031854679436205,-0.775874350435562,0.05516584780471015
30.48,0.7614560601385931,6.081688936345018,6.874531934480887,0.3687793203309291,-0.6678574488289131,-0.00401259828009576
30.49,0.79504487042833,5.886475714783988,6.9349987085161935,0.5637905124037611,-0.3822723616420071,-0.028106889943273553
30.5,0.8524272579526767,6.041279812090127,6.769599596652797,0.17126112844109706,-0.10333193595791657,-0.04365666632551259
30.51,0.9849499648591519,5.909016589601724,6.698551555594131,-0.4085855575463243,-0.06291112805214358,0.0024798481546495915
30.52,0.7003739150029843,5.838661839372721,5.467286610990311,-1.0875898680679126,-0.46221674682525987,0.12200596445555144
30.53,0.9830144510168422,6.021490593290025,5.453101334845016,-1.0634160820536103,-0.8258376471279091,0.10296727362849081
30.54,0.8148963747887574,6.629612704980854,5.905387430784876,-0.1680974320170047,-0.7389154214912896,0.04316977089455599
30.55,1.1744436200232433,6.910079661638542,5.921668662843259,0.33136222235881146,-0.492919095352313,-0.00809042233113273
30.56,0.9457522207938154,6.87287890025844,6.642516767401349,0.3004817586305699,-0.0778574312660102,-0.043567373655172464
30.57,1.3436458338395658,7.014614276251436,6.637523760629428,-0.003926619032645018,0.07151168745966079,-0.07263808509277352
30.58,1.35980872692526,5.664163879990615,5.228375472688902,-0.7875152964953991,-0.4145801792787697,0.05326618404657973
30.59,0.8359276172872406,6.47887924791475,5.885656172516045,-0.8859670459045227,-0.8182637368354129,0.20202649354775096
30.6,1.3201701606742275,6.5623458326380035,6.089634284192918,-0.01606444332710915,-0.7114883700276176,0.13989189622709544
30.61,1.519244608172941,6.121408602487608,4.910953907420642,0.3314807624481908,-0.638430266540745,-0.05286328433199731
30.62,1.4765769031755425,5.835113621904047,4.473623218624188,-0.5835671107282451,-0.9244405312907639,0.05583158665196991
30.63,1.338994261388009,6.717714977866085,5.199368567018436,-1.1805497574445334,-1.0226168281326513,0.32330871837745995
30.64,1.3576487871530158,6.817163956107814,6.046628721522178,-0.5059503247191581,-0.7449387095465038,0.12964924785757947
30.65,1.20683325881234,7.57708760685191,7.349961092676445,0.7618713045596855,-0.21820399771394192,-0.09807563704363911
30.66,1.6618820448109124,7.818663299969562,8.627678537212248,1.6523311703031962,0.42217535755567454,-0.25927460559545723
30.67,1.62188160387104,6.91851607068509,6.585684923078717,1.320911901649298,0.6882382911633216,-0.22670379055705495
30.68,1.2781594505976828,6.860969296421503,6.994532285942208,0.17033088182254827,0.46443222857889077,0.03663012392098854
30.69,2.2512711460473023,7.35644587854431,8.079595855700461,-0.18818159254111755,0.1411108129774853,0.10339954229335828
30.7,1.8313247539050352,7.045577507697603,7.798309042151679,0.007258139149661591,-0.27713749479466926,0.14218358360611166
30.71,1.7229174485885896,7.334713998887059,8.14600166167839,0.6346038692388493,-0.3240246048587565,0.07797124609826786
30.72,1.4792906083822634,7.349950734474607,8.647435600283229,1.0907124454820734,0.046961566464427285,-0.06390686930815559
30.73,1.8114504866051928,6.730601913558545,8.149134873745702,0.8536904008854832,0.4632080817577731,-0.028617814874608072
30.74,1.8860846973830612,6.535649104661995,8.116808966253487,0.22004219461421687,0.5402494934075203,0.026982029622817195
30.75,1.6580635069399066,6.6027005615509955,7.788200218053436,-0.22754446512115079,0.35926058045683984,0.024715898477299315
30.76,1.4885680301173514,6.085539300158243,6.608128512170551,-0.660704192447457,-0.08682691630868569,0.10131281213902568
30.77,1.669441506139151,6.566059755102214,6.799271320326116,-0.4289784151828158,-0.20501025670306217,0.08784434045105245
30.78,1.5804836145290513,6.514025997458703,6.807191762696195,0.11509844753937985,0.010332472374316545,-0.002560226440022354
30.79,1.4432112888047728,5.772109364953735,5.163515544945898,0.14301264275672393,0.035279122187945114,-0.14111861695683794
30.8,1.8421619877432642,6.242850544012233,5.359968882886646,-0.5679987449886031,-0.4330830154788434,0.11708943160547415
30.81,1.8271205550160468,6.802538671071969,6.1916073659681174,-0.6523921359151943,-0.41595380413026206,0.09121229106028715
30.82,1.7907194052116433,7.258515439461429,6.843672771835103,-0.14188727894470107,-0.07665415532788472,-0.04855313060593748
30.83,1.7652292540949586,7.16053992129052,6.9504659560377435,0.2566931198966676,0.057208917995045655,-0.027054088248374734
30.84,1.9115937850048073,7.555205580742395,7.410609070036088,0.31264208241650826,0.028141334256185847,0.06285451698331172
30.85,1.528947266722444,5.714315012433805,5.318725987523375,-0.17514776719559988,-0.3942824990968883,0.005834739654030512
30.86,1.8131886650926061,6.167199182021357,4.86342413169616,-0.973797035357991,-0.9973988970813727,0.2940814201313409
30.87,1.6405204046189281,6.206808681507179,5.155070365517845,-0.8433331203209384,-1.024445091973294,0.2165846032894176
30.88,1.7198894419880106,6.962313011747812,6.137930546898375,0.06707079321424184,-0.4710310359100074,-0.009880568939758461
30.89,1.6151457142341417,6.534319925665926,4.884005003029757,0.43582647463101476,-0.003940077658123934,-0.22661020202235882
30.9,1.7952003984406477,6.656340617287393,5.59022673741872,-0.2743830161089439,-0.06253935438936521,-0.039754078754265024
30.91,1.796394579564816,6.590654775654811,5.875015476757225,-0.47682754458259374,-0.046129021179327816,-0.07817611777581754
30.92,1.688472930588473,6.616558490402415,5.610910645004636,-0.886636671985547,-0.4032187435339549,0.14986781686013004
30.93,1.7785546245329522,7.12777548625942,6.357669211299881,-0.19616319262313353,-0.4176761612235365,0.06748844094104811
30.94,1.8211011259789138,6.91703972218991,6.451917526854324,0.07546372039853827,-0.7006599549048915,0.15801552401595875
30.95,2.0800949605810986,7.706654717663711,7.817510766669141,0.5968304439995381,-0.5272035574766616,0.08373616368289868
30.96,2.198111214278144,8.222354534941122,8.785657004663223,1.0450263997295945,-0.09851028888503192,-0.04470383366274397
30.97,1.8763506248053228,7.188205204191978,7.11236246748542,0.8708408894026163,0.3081755711236141,-0.1331297066062862
30.98,2.1934297075350013,6.885409121058009,6.943236931403861,0.03392969072639386,0.12975387766735666,0.031139194003692083
30.99,2.265080147937182,7.114841947520353,8.226461504009894,-0.07355800655731565,0.02116718457735718,0.04385920534781386
31.0,2.134874003661991,7.601771121387729,8.50578286121919,0.4837394592319585,-0.016417015881794512,0.03011266235860701
31.01,2.256701650834832,7.476429843255897,9.090283406237274,1.1367278988496137,0.08023453754015615,-0.002336090050211674
31.02,2.307178210309747,7.311674287211668,8.861587251610532,1.0758684231902764,0.23333434153972263,0.014111048852209613
31.03,1.9247756345488272,6.318177022342532,6.551055672760605,0.36879347620179054,0.16681165500453685,-0.010643036613258267
31.04,1.6474718091423939,5.686755601121304,6.2090056891315255,-0.5594823821023116,-0.3585187527983091,0.1557076972985611
31.05,2.0458741736544295,6.241828825105141,6.3747884425473185,-0.7204388482135838,-0.2796597621619237,0.09123104559311271
31.06,2.1453621825971716,6.453528119649255,6.905782906745233,-0.0682365070994282,0.1519767440339277,-0.02859936179251081
31.07,2.1580713943309013,5.592220977941659,4.667120284489019,0.20662366144147562,0.32309964324796114,-0.2628824148144956
31.08,1.928814673008068,5.888845365178442,5.202176697792211,-0.33390205065304984,-0.0976715256804023,0.07630141357542264
31.09,2.010066292921646,6.994150807560384,6.212175152794704,-0.46105976230163526,-0.23695089246569728,0.12749918283944633
31.1,2.153841812134841,7.225098337323979,7.065877706416992,-0.060461000572528206,-0.06309319226662946,-0.007099273836496655
31.11,2.194200777868911,7.92358502674674,7.8232081422953526,0.3816401478475369,0.2098400905430763,-0.036367829488007805
31.12,2.779204355166173,7.428825215794009,8.104105416086128,0.42203673941329023,0.27571162454947906,-0.02405908835347062
31.13,2.2477618251003944,6.923452290113179,7.413252006903536,-0.004691281444244515,0.0441473581082983,0.06802197933122348
31.14,2.331473120449053,6.98283586481625,7.6852538003534985,-0.24840087637811448,-0.16877311930176914,0.0644875340336461
31.15,2.35657385474149,7.294327744355674,7.47208489962892,-0.2939143966041102,-0.15067929377910735,0.012822962095304275
31.16,2.1560933997141314,6.5358605265768,7.11090824191025,-0.22718697383277173,-0.11301256505154374,0.0065455334567399315
31.17,2.079533971551983,6.840166075379424,6.939985205378207,-0.0830503480011858,-0.006215972609345394,-0.045111831505107086
31.18,2.1529934639936,6.7582857287943305,6.740627464775709,-0.11230401021368933,9.612413671294517e-05,0.05284236945787222
31.19,1.8244709849899365,5.9433768975133034,5.018085923094428,-0.45059402116523795,-0.21085789934651386,-0.004077038368393175
31.2,1.7919680333703232,6.21141794749198,5.139087943334432,-1.143145965130687,-0.7915766030352086,0.2380551606826997
31.21,1.7728735483721898,6.146349344138524,5.705448730435723,-0.7877028509797915,-0.7484802381021167,0.08822740828153078
31.22,2.047331431285859,7.080925825452301,6.710388595164476,0.11067602190156614,-0.20332674516223848,-0.08435432674091191
31.23,2.2182017882191354,7.548944071928303,7.413304263810035,0.7830053243065354,0.3257157501963371,-0.13652953870762924
31.24,2.347459299723474,7.708533356219734,7.7511660464058085,0.5650982207290522,0.28772373694465575,-0.03986426229549922
31.25,2.0871702910331758,5.852236538792458,5.665758217347728,-0.21967276892069318,-0.12382542611704661,0.12794683837372373
31.26,2.043531367900401,6.2515174689671245,5.619215857800358,-1.036649457146872,-0.8514193791343645,0.2957237906326526
31.27,2.2898850800412682,6.48664329901556,5.6995721649147715,-0.6927747278314115,-0.8540251956389125,0.24574697246196534
31.28,2.4023272445551243,6.849169398964038,6.575804787014684,0.24490106112086127,-0.36752420404722835,0.018147000816680175
31.29,2.0713234063913637,6.164025519499328,5.221322522608706,0.6496457059150033,-0.012692558036654256,-0.2613528508833689
31.3,2.178889996724701,7.054520097775943,6.037270521311337,0.11210147353596406,-0.1173278436705155,0.0017349048389089065
31.31,2.912452820194154,7.374744090044415,7.8835222189420415,0.039463758382256915,-0.023122510365482206,0.02656828807463546
31.32,2.5048515892173,7.305721238693335,7.520408158854428,0.4240347662898459,0.10959190046833177,-0.0517542177412538
31.33,2.7126680226046975,7.503285196148115,7.809146009272508,0.4460146610985549,-0.05238160981989225,0.06369831126929876
31.34,2.4404413185104445,7.438514911622012,8.239932930538004,0.4786896011047312,-0.0483910216357131,0.023729420266577275
31.35,2.3755635299835247,5.887201769474637,5.883775851040579,0.16185686844009275,-0.11452161369853245,-0.05031461219961411
31.36,2.4774540811984926,6.322127649074258,5.651121213974462,-0.5034589961823502,-0.6071254973179238,0.1645730334685698
31.37,2.1125451863227758,6.463503735779316,6.526365363109883,-0.35926673838770223,-0.4339049474693174,0.12801406739852061
31.38,2.2227395761653126,5.712213858323952,5.4375651082894745,0.14691341635191058,-0.0640247876323889,-0.13389399453569426
31.39,2.453346275430152,7.156711009312791,6.418312347523612,0.11892190441580788,-0.05280896182986595,-0.013366874453426138
31.4,2.644033287184775,7.190830614764534,7.655922470615597,0.36505412637781065,0.22934732103059569,-0.04268069166108139
31.41,2.646500458869492,7.2897464788513995,8.008301103519983,0.6096148123861144,0.36386208272090576,-0.012454625737254935
31.42,2.368232805929912,7.242845855395024,8.48496163355926,0.5239042995451225,0.3248213103826389,-0.020726862227495643
31.43,2.754860041365497,7.094395081608915,7.996891509998274,0.18688767244195936,0.1587157641786488,0.05276364787005684
31.44,2.3071155001571912,7.130608351170391,7.615365531261848,-0.04791264149471646,0.11006306606264342,0.04770760715368603
31.45,2.480556271956772,6.820711920640497,7.632595701628742,-0.13143053039806665,0.19966084815442584,5.291881032756102e-05
31.46,2.6215631371876817,6.7878880928923,6.951876187020867,-0.12471406384561515,0.28570646930961835,-0.025502125813886677
31.47,2.616949359419636,6.69644878993084,6.8803776463192,-0.14050307468145448,0.35889810647977877,0.005100492555849921
31.48,2.3718646224158317,6.966336741175979,6.7732830160881425,-0.2327832078178208,0.22565316253904005,0.04360713533383175
31.49,2.520152942754825,6.166149897719682,6.255762053747514,-0.4198488466732063,0.013343264541248866,0.07898355209954015
31.5,2.317908395728392,6.4974544063223885,6.435348038232162,-0.4207216035720931,-0.05572860754627272,0.05530377374675343
31.51,2.2446864842718064,6.885677146491684,6.424003392628339,-0.2977230874896335,0.028128824402955,0.04751139150033455
31.52,2.5349083503286916,6.402662120911191,6.374703855057671,-0.1896096827061111,-0.018599788467585213,0.04025211291234353
31.53,2.3388995400371826,6.568416287671214,6.353343124692713,-0.14970315418983393,-0.0715369427527337,0.03774489479841527
31.54,2.2012224103430724,6.218143073375432,5.624233414221704,-0.22467363344650965,-0.16230010368135195,0.003549412042616669
31.55,2.5289586254488157,6.601923971355372,6.039639942836738,-0.5847486315137995,-0.5458848509268994,0.13882492772640637
31.56,2.558562511316275,6.793215377641654,6.621841416338044,-0.350790643155311,-0.4145711117408495,0.017498444762275467
31.57,2.439753027407345,5.9828143595095185,5.049245213584766,-0.23193266889802247,-0.36318763428251455,-0.09337464521890286
31.58,2.1518915128804474,6.162578806147623,5.2834343054089485,-0.7293541192324501,-0.8065616243793068,0.19102318353226655
31.59,1.9844511855976887,6.775529524771297,6.122660642494107,-0.3966893069353477,-0.5978096504320928,0.0741779672974234
31.6,2.576190406527078,7.256935942460776,6.767447261161081,0.4150024701564658,-0.11003074558968683,-0.14214045380277615
31.61,2.76037039085091,7.835740695642648,7.738892386357395,0.7840927998238071,0.1584559810128771,-0.12365072801932936
31.62,2.8567378239511614,7.293976405071339,8.189503705662844,0.6404655613410095,0.1716475917649478,-0.016008935591989286
31.63,2.3636550746588134,7.254491102938774,8.013877048753193,0.2809359579367156,-0.03391939078563909,0.050971641280447885
31.64,2.779275222454764,7.007529634477953,7.929570631490119,0.09725200580251477,-0.140250075477861,0.024848358942538104
31.65,2.7051032556034267,6.92148904387919,7.997060781418721,0.15090671422336074,-0.01776454785595357,0.018178742824468918
31.66,2.462478758549584,6.015059239208612,6.002109283939789,0.09502438351586517,-0.013592373339058227,-0.03998928793191024
31.67,2.7181508777075116,6.284439854778991,6.627112390607024,-0.3348496263444147,-0.3076145281985782,0.10613359458776828
31.68,2.4424952737042616,6.599004838859784,6.871335809178205,-0.19147958380127136,-0.06170932569319307,0.004014223290835863
31.69,2.2781853714385605,5.724516375842634,5.015778643738233,-0.20367144150106578,0.03409641275506488,-0.10387535692365713
31.7,2.4202993249920453,5.84634655459287,5.018933594117431,-0.7368239965823643,-0.3814940973952519,0.1472592725352195
31.71,2.4126250324046836,6.568323002988187,5.903246141531798,-0.3864737412868643,-0.32450204776516706,0.04777046805902255
31.72,2.627595817660161,7.359918008733745,6.902760834453755,0.4562947354701038,0.020749209570981537,-0.08284058709993161
31.73,2.5959814499692127,7.421904594569729,7.106631961679607,0.7988684138963995,0.3657638595358245,-0.12849205870592795
31.74,2.930935654558581,7.453690253107488,8.05610435939029,0.5158795697220196,0.351774799078444,-0.02681312167140342
31.75,2.231428208809845,5.624771384880846,5.767702379929347,-0.1889718740253957,-0.12991726165706635,0.1005403971256492
31.76,2.3106774641780863,5.801558292655056,4.559423782327977,-1.2754224051521037,-0.92504745708461,0.3740442151325712
31.77,1.9551695592181795,5.849570372435176,4.433337084437465,-1.179281969810396,-1.125144202047385,0.3284063599712849
31.78,2.3848337430572935,6.302614634825039,5.392774511961174,-0.19592945150199945,-0.7844793594973135,0.14500974629309074
31.79,2.4710013019938377,7.388772402603947,6.857226010664913,0.837523407914122,0.08074842982899844,-0.22953034142753842
31.8,2.742384677578238,7.677681206328571,7.299193310237802,1.3537241635965944,0.7433288122165853,-0.2121603908517744
31.81,3.1302915542585596,7.298939174615828,7.851785982178926,0.9038267980176031,0.6108441129899876,0.021491515155352237
31.82,2.602689487323721,5.865870222797934,6.085661279751329,-0.003794928916128317,0.16837611368159566,0.16491143249323004
31.83,2.922787132843429,6.606088777242791,5.864758141381528,-0.7544627347835221,-0.48485154852265,0.31907320114433196
31.84,2.794400430689563,6.1827751588217135,5.940401592887,-0.7392650846264388,-0.7695508581018969,0.27736750778153385
31.85,2.8135133714511356,6.59878641360094,5.8862167769608575,-0.13001314839799696,-0.5335150804910013,0.1413767244043463
31.86,3.0047325148232544,7.343753144916464,7.394274869081205,0.7609648378221626,0.21706438868921682,-0.1290302068086282
31.87,2.844422852232298,7.340515406560546,8.000967075656492,1.2466142611682935,0.920661980805562,-0.18020024224445397
31.88,3.0226120278905206,6.944505437204264,7.487777756685937,0.7948998736081561,0.7243351702652799,0.04719169984067076
31.89,3.3180166111603002,6.628449355003855,7.933792615118921,0.12119771841296764,0.2852161971612628,0.175433477894779
31.9,3.3654993886696607,7.012109664972219,8.242079614470121,-0.09773425140326235,0.09015405271753354,0.09762062475945571
31.91,3.3923856452284933,7.401871228930874,7.562278862383574,0.1610738920353798,0.20597259644647517,0.046570312935571095
31.92,3.160170405591891,6.975546731792721,7.6598185524603215,0.42724327271007934,0.4707854878914325,-0.04705401732029488
31.93,3.2185228606283602,6.78120869914041,7.251144361528414,0.35653176450407315,0.5802181055288581,0.009746261023694636
31.94,2.915301210165853,6.424580394609264,7.545008419250642,-0.09506210330664078,0.4197226163073028,0.01409576727031426
31.95,2.404964303110573,5.583480779635022,5.181140802363268,-0.736470478743851,-0.002288979094944639,0.11085713298836092
31.96,2.560182958282276,5.603377550087534,5.042075813828858,-1.3916890603380556,-0.5728042986680335,0.2842477170821198
31.97,2.5877627525034264,5.717446513121522,4.619643403242365,-0.8213705864155179,-0.5041627648514797,0.16105055948396838
31.98,2.5602926249066176,6.747519434387979,5.679803684360766,0.23241374969144862,0.00027707587395411903,-0.07120593384114653
31.99,3.1716575050063893,7.518851018512081,6.935033093711586,0.8769220108693987,0.5342747697182253,-0.14433586938887832
32.0,2.953969094177707,7.238226495679812,7.3292615092983295,0.4195853935176218,0.44215518491752714,0.04390359619033545
32.01,2.5315203910672803,5.966775158615415,5.381781427040327,-0.4735825614835403,-0.084829854121129,0.19936970415298325
32.02,2.4182541259659978,5.4690698806678855,4.581760654806236,-1.5278083387241252,-0.8991729224099715,0.4401039732561858
32.03,2.770170792849701,5.773035094344555,4.310713060725113,-1.5044319170321805,-1.229633827243327,0.42468253862974154
32.04,2.373567399670169,5.721080983742123,4.687813531572871,-0.7381585073796251,-1.0371241214099731,0.05790651278322085
32.05,2.876956435497687,7.1184282079008465,5.907543723106022,-0.25717434121394184,-0.8074736780473092,0.13788071198465532
32.06,2.981354739551873,7.835215229972059,7.9021911878601525,0.6418248905552885,-0.059108080632584034,-0.13674391423065346
32.07,2.8282481797909202,6.6893158454626045,5.826445246485322,1.0757331599570248,0.5318740161782727,-0.3800197143804644
32.08,2.7938897446779474,7.132822818537353,6.55411650841482,0.5418636158214403,0.48901478257891534,-0.05376567463538833
32.09,3.4519929091268184,7.905866713443125,8.063016409408423,0.1935220580626934,0.2716173544393416,0.04782771497228004
32.1,3.3929186354760206,7.776806073352202,9.220638375758986,0.43561736759801833,0.014284973405668736,0.039599201968609984
32.11,2.8339939490781334,5.977999705342252,6.277643070494829,0.47161265924815876,-0.355356333125047,0.05555424146621977
32.12,2.992592670973222,6.149301016943347,6.152445516779887,-0.07332960583014661,-1.022863022508119,0.29760367649874336
32.13,2.602875909915544,5.795253725304583,5.052154651057736,-0.4824828773075346,-1.1446415413394824,0.08573405662307686
32.14,2.9170994059803568,6.2813213124593075,5.563166570011124,-1.0835877310406572,-1.372734016118247,0.30994724832492376
32.15,3.0040147427581663,7.087031984432794,6.8516078083167935,-0.6957765435814312,-0.9152882757974288,0.169249192177037
32.16,2.8813887243568725,7.3862468110864405,7.9570379833879805,0.27020552461615593,-0.09259536928821725,-0.11251335714083686
32.17,2.7794207041644534,7.101092151332134,7.9543001245047416,1.2817059396042363,1.0440041790690628,-0.363723706187756
32.18,3.3367364786963507,7.017466580443462,8.155821516885384,1.4322614881438573,1.4981613270214804,-0.25945562548975193
32.19,3.516527117922896,6.9637363890201005,8.412155907391398,0.8658629278519209,1.2523612790800462,0.08834527120649593
32.2,3.5376598561749772,6.908797411602698,8.305577208840306,0.4044009066676283,0.56329664633609,0.19479405782807463
32.21,3.301174553181518,6.872709327799606,8.009681726842427,0.1371424536458899,0.018116559773077863,0.1983875315541011
32.22,3.194131241615633,6.815770363501522,7.642756721454128,0.24983181524971196,0.1175564759570518,0.10595898597537261
32.23,3.2774404273499127,6.274595803298521,6.439363028433154,0.1833631610363804,0.31600038633335087,0.02356404191620904
32.24,3.2362864008271663,6.568554048097057,6.7833813336351945,0.11827201234778532,0.6013365192676893,0.04245333606423404
32.25,3.1167802221565406,6.37630297887982,6.684933660622483,0.25993067629576266,0.8908852466418279,-0.05655822158567358
32.26,2.714340822439604,5.997449651815028,5.816243232538747,-0.11171459535159067,0.5788947405696262,0.05613015682913953
32.27,3.139168489961565,6.4704371273209045,6.579019159106654,-0.17519089093167703,0.28244515679639676,0.08658747296971182
32.28,3.2238217713626747,6.737781810510867,7.0897495885142305,0.0936593135345657,0.28735698361885303,0.044174575358041555
32.29,2.7016473313483496,5.961913835589567,5.303287661015165,-0.09029208689610074,0.033202669161683296,-0.04039285536757243
32.3,3.028425684571053,6.218388984793448,5.317509809789036,-0.7209754134219316,-0.44024761055629635,0.2136895395552759
32.31,3.0012415307797817,6.622227694016013,6.033192940352381,-0.6282270006400844,-0.33781144438161637,0.11198922225155702
32.32,2.932510476082681,6.374930197751068,6.186840824095441,0.025780771701449597,0.037066575430103596,-0.12811232793039942
32.33,3.01297039181313,7.25973169981366,6.324537406687417,0.20102887440757317,0.07506094779323061,-0.034272303470835146
32.34,2.941932125757585,7.250757125256942,7.419518580853323,0.34231353751293514,0.12791256790132027,-0.014354116505169972
32.35,3.4798558538111877,7.682263546895151,7.749651058505699,0.23475945761965752,0.044699155905421395,0.03336028107370732
32.36,3.1747715834653643,7.13964694220717,7.718599011783698,0.16740950007048028,-0.025185622024112876,0.03676544101666454
32.37,2.7818934034279375,6.835399132407251,7.730789141165635,0.07341268849597915,-0.053113624158131825,0.01582961531855718
32.38,2.901274247682369,6.0087713465075945,6.422633734508583,-0.08568302845552267,-0.12377090339252808,-0.01445526548895238
32.39,2.9698222451151794,6.495577492666884,6.292424002521048,-0.47498920682295503,-0.3619543503500938,0.06417945918849552
32.4,2.7074105278202802,6.796354523868277,7.0408575927681065,-0.2588162247229767,-0.18245328751589474,0.06020275501925874
32.41,2.970737144731824,6.853654329818857,7.036004310420951,0.1497265304012732,0.1276111458013647,-0.09170937464237597
32.42,3.0863925610778553,7.053754867151554,6.790067056321951,0.25091541975291315,0.230511450805937,-0.02666054500012531
32.43,2.8500569986565916,7.0270385686560894,7.000062464302089,0.003553790816946307,0.08557106366076675,0.01005395570634408
32.44,2.9878817173898664,6.355576425106869,6.611641694291128,-0.324950327391823,-0.07780120305363991,0.00687377881186732
32.45,2.744300587056704,6.6425165517293685,6.304815557491143,-0.5656066478476919,-0.3186453437678453,0.06971458547896958
32.46,2.815939529447258,6.796702729761184,6.721911692820171,-0.3127270275249621,-0.17417202475265905,0.03809732850777433
32.47,2.615469683414686,6.207827818370037,5.894113674522924,0.03371100208557953,0.08366362750516917,-0.09753851160857234
32.48,2.7705166922641173,6.406064335267763,5.573021981603376,-0.2565992096607235,-0.2112569785208074,0.060974643755026904
32.49,2.865218701026401,6.626617566186927,6.437104270164555,-0.3640119890596365,-0.2604529514606751,0.039385355826522556
32.5,2.8236939739022198,6.892480160167781,7.016454958913546,-0.0021131142950149423,-0.051154196891867024,-0.0359918296074036
32.51,2.601002835379357,5.74618595568081,5.0197259118909265,-0.040822154946281296,-0.0951108246431794,-0.10575911816569766
32.52,2.6069260535011023,6.622492617722869,5.229429774562095,-0.6603997198070286,-0.5816320825689281,0.1400778965178821
32.53,2.6539231388510816,5.268548408407603,4.749522806167018,-1.0657420483522815,-0.9122292771778916,0.16025400723111824
32.54,2.7796552224317583,6.068536552359158,4.646818719538671,-1.508379071947818,-1.3340511507446375,0.3403285408534579
32.55,3.1032673824034647,7.144179857314787,5.690676095306452,-0.8343066070800605,-1.1656958629816605,0.22380368970873893
32.56,2.921805242073286,7.31952827050892,6.911553609342642,0.38373527242748245,-0.5297822228131421,-0.10441611816937282
32.57,2.977339670126003,6.369862039060279,5.1175352746096765,1.018607207996611,0.10053286141221549,-0.4340796401150107
32.58,2.9938046411525754,6.457810983178549,5.072720470201476,0.37470688941155905,0.16946003224172543,-0.13538244575113523
32.59,2.969256211931536,6.670764998434469,5.880704759142164,-0.22009487319450202,0.21049327224015246,0.00028085991253962855
32.6,3.131554637084102,7.239771574836484,6.375990375971972,-0.6064950409513062,-0.05975333095605402,0.140509877295845
32.61,3.2817605577458835,7.274335599109586,7.317684599549202,-0.08066092381982187,-0.2116476405915891,0.04695300181435611
32.62,3.559582157383816,7.858995933655283,8.60738514675062,0.8014783291316218,-0.1819523589309881,-0.0006505620539903612
32.63,3.559608340135467,7.995276979798763,9.420294716597397,1.219271300549626,0.1345786048713549,-0.04861343987819022
32.64,3.4943182230433334,7.2565245001593,9.255685025804791,0.7596526206794474,0.32140330619339086,0.023234841578322625
32.65,3.855369609886553,7.000155203193135,9.173030385781678,0.001899639524653903,0.3147189367279571,0.03732663025090091
32.66,3.682894665901623,6.409297512387381,8.64376456653914,-0.454743202821773,0.20096674515565013,0.08646604613264222
32.67,2.7294223841900114,5.4932155050304,5.688899255396437,-0.8258459803659958,-0.06466756212305103,0.011423084344460335
32.68,3.0062840931295374,5.4927500768387985,4.715984544284674,-1.63283471173398,-0.6767986885187876,0.24162073962475203
32.69,2.83604518224121,5.607114045950494,5.234668638578592,-1.2168792828507136,-0.6997128582711988,0.15505484623324708
32.7,2.6672214413506987,6.343018605379816,6.044509099352695,-0.10709393837367458,-0.1541267684667859,-0.07993312539585659
32.71,2.7194646597309116,5.503187372182426,4.40090846320831,0.3472870965170068,0.23166260761436258,-0.39149143945959985
32.72,3.068773014621524,5.9294735260820675,5.239425882601717,-0.0009367603513566469,-0.020799106939291684,0.04147642281094559
32.73,3.407235724619779,6.589984160125176,6.246229950927892,-0.6046424301668588,-0.19468589875886477,0.11408997465618648
32.74,3.947088737855331,7.092874610920637,7.4592713773524455,-0.670953258372234,-0.165431657994626,0.06847317003696887
32.75,3.8669391693244703,7.560451525378685,8.098308336938393,-0.26307454278736947,-0.00697429024379285,-0.01613985558089088
32.76,3.6282116943078995,7.363842970218678,8.32198512234445,0.20597528710641202,0.13512051912598294,-0.056396821568777344
32.77,3.4379744836762893,6.75715710603564,6.816043892412594,0.017688359943476496,-0.09359891630063702,0.0519403406219573
32.78,3.139715960941927,6.628298301986761,7.581757255884258,-0.4604214011340271,-0.23542669812544975,0.05296236786149766
32.79,3.455488383264149,6.878996190399416,7.838793329307953,-0.5902643125595087,-0.1807208217512934,0.03342979143894404
32.8,3.376701158074893,6.2519458829058925,7.5081370497010385,-0.6693293765432613,-0.0956863637959834,0.034660792290744924
32.81,3.3593056932258003,6.515185258998389,7.689806837409214,-0.37926872879918766,-0.07310636062685784,0.0001549950138339455
32.82,3.4883338222264806,6.311079693621237,7.788583597179568,-0.016551671307689447,0.06405562033833054,-0.03817953244833501
32.83,3.345513544500656,6.3784633532765245,7.890819294485948,-0.2823166851642525,0.04824933508299234,0.027742549850988292
32.84,3.143166406117023,5.961461331220607,7.551498506837748,-0.7846829096732326,-0.046601845843273884,0.06491466189428828
32.85,3.017585713990026,5.356333750503103,6.40803244219888,-1.2953623888577002,-0.17537964353109492,-0.03842931238073341
32.86,3.2218573623261357,6.035573594477776,5.750606573900467,-1.7481895937343677,-0.4187555871022291,0.0737737311481935
32.87,3.2276678192247044,6.016970009959908,6.582284698881295,-1.0136717411774294,-0.2607779961451753,-0.029344806209505102
32.88,3.178670948178909,6.639278141179499,7.421561151726711,-0.012176736786978202,0.03248676100377958,-0.11613604745580462
32.89,3.7303544136770586,6.542472866772638,7.672210094735295,0.3062267491945426,0.1640379617171409,-0.10183845477889776
32.9,3.6202813660688635,6.514432360824576,7.834254425377107,-0.12423246682773631,0.06517958400777851,0.04098622007455684
32.91,3.4119294359330454,5.429854696043986,6.564633386905116,-0.8758034442139065,-0.19220612263876408,0.001157241908982514
32.92,3.0369859963440202,5.5241456068557975,6.0547928995846885,-1.4887200903960662,-0.4848174370224707,0.11835747166986242
32.93,3.391123282315906,5.822191833998787,6.823766494774051,-1.0569307484616608,-0.37622705618028424,0.05314787624160558
32.94,2.9227759781778477,5.954633216305646,6.793323592997804,-0.10969485475431244,-0.045782759380072216,-0.22868566475992358
32.95,3.543441662608058,6.149344981338986,7.380489313318272,0.16053080276671958,-0.02935275913506584,-0.07266237030813623
32.96,3.4907154873092225,6.194826088339565,7.911197290687753,-0.17618674746547586,-0.0720306456834918,0.02062933506652216
32.97,3.322653129153932,5.697754037851009,6.879068508622024,-0.6203792994606557,-0.16209184029186097,-0.10769032338976231
32.98,3.53609397434464,5.494525153218393,7.118502360618481,-0.970665964076731,-0.32042925293436497,0.037114841185928976
32.99,3.54033551859815,6.0759885723219735,7.857368927521446,-0.5945469510366825,-0.23634177757992575,0.001893275096511872
33.0,3.875715680633775,5.762776735157384,8.192177305576903,0.0799388510098827,-0.06675646056135218,-0.10084662694585679
33.01,3.22391247348187,4.900172498163129,6.129294229611535,0.18813761571648988,-0.03359414574554426,-0.19088626148057314
33.02,3.3462083994852354,4.881269923403142,5.9921272396249545,-0.3948288528699973,-0.4772330724496956,0.09813037997010603
33.03,3.540208550241145,4.960890695932481,6.1630053199838075,-0.8093370481760633,-0.5391610864157202,-0.12735232237291916
33.04,3.2438647292253906,5.237066204487237,6.781138700714155,-1.0948013876220077,-0.5101993305792548,0.011160398651690093
33.05,3.683404485730493,5.8959643407338165,7.3880035437260885,-0.5771394230512064,0.06837081834827644,-0.08115942647755496
33.06,3.6368246658605528,5.856363949594714,7.728534602717298,0.1748636255226414,0.49700998811098435,-0.17035792582007928
33.07,3.463206484113456,4.952437443522158,5.995184734300377,0.2706353230611577,0.40768439669190615,-0.26172783340555444
33.08,3.67520200925875,4.886112783363563,6.077299996837368,-0.3273317276294518,-0.1315650121166717,0.06048809110453755
33.09,3.4253693330001553,5.540521191154357,7.941270136694749,-0.5669348103038705,-0.5729928987825668,0.14760218875473857
33.1,3.819072384842847,5.844892158726783,8.284214095345298,-0.45105215137552446,-0.5197044902090044,0.06218414288430647
33.11,3.674759314026847,5.41601182846646,8.930652541446817,-0.027314460683053723,-0.2549669992755367,-0.018609032389941042
33.12,4.02777906164876,5.822872294013697,9.396944761404349,0.17120125324603513,0.07653719302343985,-0.031844426610424366
33.13,4.000268954489439,5.33866062863669,9.384985693258379,0.02192069926328938,0.1246304846045036,0.00922334452190349
33.14,4.259676155012406,5.3660340843749905,9.348136057558738,-0.3608398148165121,-0.04947564564564641,0.05958892549709831
33.15,3.438304375059249,4.755945465409426,7.8779576365266175,-0.6426642694962507,-0.13705438142911358,-0.19131369253713265
33.16,3.328885576385798,4.5082259020478395,7.093598499544691,-0.9129600215939944,-0.12712800693498558,-0.04685324634196796
33.17,3.636370750038421,4.892871188833069,7.5502145886168055,-0.7415934194100738,0.0484284607879929,-0.009877088119868163
33.18,3.5159686655532374,5.057084660927417,7.823854426028962,-0.37426475832537004,0.08243706440455184,-0.06888757931461645
33.19,3.4560334824573298,4.625970834138949,6.913072748215654,-0.221498947529589,0.15010100124904333,-0.2782027553786063
33.2,3.7739868824453264,4.812056893594401,6.5295826449499765,-0.48088006641895803,-0.06873544833318049,-0.011949265423793294
33.21,3.6056945632738433,5.0961533213817525,7.335181213919318,-0.7638574854702194,-0.19484248223047335,0.06639853496608111
33.22,3.5886177408500415,5.125912890051482,7.728709203472269,-0.7825585571543192,-0.10052570083181817,0.003442691987608581
33.23,3.6914301833825056,5.185888316354972,8.394405756964115,-0.5003772188156205,0.003988351625937546,-0.04836382927276101
33.24,3.642717373449612,5.266204599788507,8.067956205286647,-0.2857062851290654,0.018290027244059388,-0.10267518495543243
33.25,3.753972289899913,4.818714345274537,8.405113044980196,-0.31714596269744355,0.0643249334440254,-0.014512262162348381
33.26,3.8886515459828903,5.099639001497173,8.240415518587833,-0.4872016625782541,-0.007272641086467361,-0.01535267360532076
33.27,3.958127961574401,4.9993524792185235,8.249339721100217,-0.5743877697139952,-0.05890629459230261,-0.01473014691473959
33.28,3.4457408094732043,5.065186792898764,7.945244101764935,-0.57561120672167,0.04362125426098211,-0.11634743326172861
33.29,3.503833008592197,4.8391677254598635,8.005037565280267,-0.5829543822965841,0.06990280635802201,-0.007722714981526603
33.3,3.7753598041481857,4.851693366924908,8.200396235279204,-0.5172137942914261,0.05631128450961718,0.029641207232280073
33.31,3.3515273430591828,4.282903275969763,7.137885741941885,-0.5135541935693176,0.07780240704467017,-0.2740322425621531
33.32,3.2835399996268753,4.403904151425237,6.823373101604501,-0.5640110156068344,0.12646731602626457,-0.05361046695374713
33.33,3.6095629308356223,4.652833067055806,7.500752377207461,-0.6424677793109261,0.0357855664932757,0.019474103267058916
33.34,3.7452553046318835,4.431428880748519,8.016248212254995,-0.5209954654745782,-0.054907073401651615,0.029882086942790972
33.35,3.7750910230662567,4.540712993442405,8.38625276965776,-0.2373711752687432,-0.13347072119183703,0.007001944879597155
33.36,3.5766661029808455,4.863096855386214,8.879807021415902,-0.1079789862818304,-0.13723628989169348,0.003359710243033785
33.37,3.0763926635945,4.004564218534417,7.462942281505944,-0.1633002021402743,0.007928625847354539,-0.27490960408732584
33.38,3.4095045037885727,4.229278970933941,6.501173265666991,-0.4094972242816428,0.10461254694729646,-0.12210304530227066
33.39,3.4021750600371123,4.4701668999131945,7.851564017652385,-0.6662823484370297,0.050045154440668996,0.019108639163513692
33.4,3.939623835029769,4.221920993952552,7.9178352686404905,-0.631003298603102,-0.06142576016430047,-0.07993202473007609
33.41,3.8580859072742517,4.6371213782124165,8.155571233116179,-0.5642153623998286,-0.0742955379936929,-0.017354673754885933
33.42,3.872780619395133,4.47327507257191,8.394740810794017,-0.24971137213557706,-0.06547077604914524,-0.03505777750223741
33.43,3.517148155844483,4.538717759871931,8.56584034998183,-0.19405880504241332,-0.07122468236509881,0.006897144181108051
33.44,4.1086876052544765,4.611894890757158,8.494620609874332,-0.34405750499240856,-0.03716070354543883,-0.005620963466240709
33.45,3.729315063938477,4.226699945617257,8.747841761537511,-0.4886060696424803,-0.04255242188645568,0.012340752958487399
33.46,3.825684898556266,3.9672657841530454,8.888123997008496,-0.4117619436051109,-0.06319890639751724,-0.02073749553079261
33.47,3.4198992735791376,3.9715204056927083,8.276702601667651,-0.39675304857557636,0.018469885706728566,0.00613323180901916
33.48,3.4931511264911155,4.099830394035044,8.666622291089576,-0.4848047533092891,0.08910872605834488,0.02198416067565315
33.49,3.646228185357625,3.832692183496383,7.517010321458893,-0.526567222343465,0.18172198073805837,-0.15181035206464552
33.5,3.3506441099490094,3.8352397406784835,7.369881455256474,-0.5869285861447983,0.2302792549848129,-0.15162999674076466
33.51,3.714293861037535,3.8227862438419224,7.850746363210019,-0.6778629300012117,0.2333836317323314,0.012839830877512094
33.52,3.8342311532215363,3.9225379847964192,8.097778090704287,-0.530747223028059,0.04416577695395078,-0.020633631364163137
33.53,3.640528057943938,3.9398598666253775,8.562876690319976,-0.36348122244844844,-0.005056669449523946,-0.0034008808447662346
33.54,3.4379652498699187,3.7842355835796546,8.506260960668351,-0.3542417246700917,-0.046784264238459494,0.01311476103134002
33.55,3.6514728357812776,3.689506987664256,8.043707649676733,-0.37964288404935215,0.06238238103010486,-0.14987897045665655
33.56,3.653858885084006,3.75069905162175,8.098630929152389,-0.44512728619669545,0.21578709089646156,-0.07315036923277701
33.57,3.7914535713009174,3.807091628730226,8.233500402876839,-0.5251739736398935,0.16657644481140416,-0.03779649754122333
33.58,3.4959006082080477,3.789280809443332,8.492105753365404,-0.3814159560123441,-0.018405425076354554,-0.01634891843789827
33.59,3.569324865322796,3.678445194002983,7.119228580598303,-0.3072497312192901,0.011417561441913388,-0.260634771504083
33.6,3.0376439594487405,3.1756695424763777,7.1401976901334985,-0.2833386615867715,-0.013378493675109576,-0.0797582327187982
33.61,3.5308568861183365,3.583227548535732,8.065187434096307,-0.40711726706111173,0.03444328158912799,-0.024654061010132126
33.62,3.7184860352865696,3.7270194578656755,7.771186087214443,-0.37561362635805634,0.05515652373572982,-0.15310278975962055
33.63,3.3276323252169453,3.922382843281161,8.531210376061775,-0.4392159009551219,0.07220617508092306,-0.019513350964594656
33.64,3.629130202852613,4.064424680253947,8.747563386211672,-0.29827312784743454,-0.031701399228408575,-0.015435087839655862
33.65,3.5451047132638958,3.8351258369307657,8.8597523354986,-0.18179438619444918,-0.16117106429657618,-0.0017674714666059653
33.66,3.9137907301425736,3.445419102963691,9.095217851324865,-0.13151300403678257,-0.15060315875752683,0.015084205351585604
33.67,3.3216711602819347,3.207428312939184,7.655860973904353,-0.2132728844461533,-0.09658162295777312,-0.2830765802313086
33.68,3.182264005822276,3.1027214072244367,6.930929734117321,-0.2902138582656278,0.1335793857790386,-0.2601687913141074
33.69,3.442648376436596,3.327661383330242,7.727008141182054,-0.4708265998821835,0.1717403319535208,-0.0035720209026248347
33.7,3.600220422356745,3.3429042765053025,8.770793677108173,-0.35159896828677295,0.028253066885531697,-0.006489926785728722
33.71,3.649441602344267,3.530431740070465,9.259907199392668,-0.1978245712991785,-0.2025611530285914,0.01539665024359645
33.72,3.4080898641676134,3.2912148241341375,9.205200970106072,-0.16375830825155105,-0.20292830859581248,0.021075102055998315
33.73,3.6839284340835468,3.509465809740279,9.386339456927317,-0.16495587883569512,-0.05437036400389421,0.026406376498861454
33.74,3.364859506692364,3.1787180540166955,9.394403929070249,-0.32991598438385467,0.09365824516430346,0.015502162133089097
33.75,3.6740084582620343,3.00599522826336,9.146939487882841,-0.4526743194888255,0.1254559774879164,0.009113083882078118
33.76,3.406309683813045,3.206102926009864,9.299733621770795,-0.41623569147826217,0.11524637262334764,0.0059377909763587144
33.77,3.0425070066391458,2.904150879887412,7.660244244429522,-0.35745805138428144,0.15460485424108716,-0.32651765782159897
33.78,3.1343332235993597,3.0004970714576875,7.416270544681874,-0.3815215978273668,0.21965362212169817,-0.13158250976089333
33.79,2.937192199081481,2.9129968898910152,7.136535500338372,-0.46647063807181177,0.27619897445527014,-0.3400041556906378
33.8,3.0530111317075983,3.1827997200261375,6.212274274964571,-0.6146357321302468,0.43946841222217475,-0.2144673933996945
33.81,3.6696194685622157,2.8687604910030693,7.2900680355748415,-0.6900783992135011,0.42022633729210807,-0.08413744908593324
33.82,3.525058356878843,2.9639781602789133,8.44746862161371,-0.4828862792748775,0.15680535228667247,-0.05226093780230315
33.83,3.841447565316751,3.523904539431393,9.263819657142275,-0.10069690719095728,-0.26083262910245797,-0.001720020423280279
33.84,3.7108067663675746,3.041676860004625,9.51614470345757,0.1260877658792855,-0.4218089998154757,-0.007492814510494238
33.85,3.588037869620565,2.9138877383126154,8.661098223725185,-0.05988266078940985,-0.17987476362749066,-0.24227161767694788
33.86,3.408271884278461,2.9986867542436695,8.79853418106664,-0.40473601431380807,0.2018213141458684,-0.10124492384006141
33.87,3.4702424756857737,3.090552105368357,9.228994020242036,-0.5151586298583435,0.29183759547602806,-0.044950050481228646
33.88,3.6304572618051867,3.033518824003808,9.513586729753131,-0.3084899490895556,0.029996698680105655,0.01296037314085318
33.89,3.591291173021699,3.092659498783952,9.440094866764841,-0.003427874045360494,-0.3292901851374981,-0.0020503523097380773
33.9,3.1824669872097493,2.8488739033680694,9.806986235633318,0.06885566889389977,-0.33456352658428995,0.039474950162570036
33.91,3.2330783360297337,2.7931414331299242,9.22929657509441,-0.1103504288562161,-0.08086892352714653,-0.06401224626773694
33.92,3.3551048375567,2.8331748275600854,8.887903297185597,-0.3202645014203727,0.15653667966623153,-0.09140018197639328
33.93,3.3020542596007427,2.8393061988667685,8.730482718696223,-0.4057019490534774,0.24712093487347578,-0.047939242096111
33.94,3.4901477413062616,2.8106817286880075,9.03671886480755,-0.2930793691697117,0.11550394740514074,-0.02576045956955048
33.95,3.434842503298083,2.813938940920656,9.021664037590547,-0.17745655333689128,-0.01964730894931401,0.03540788050329857
33.96,3.498173597980852,2.7268023320757595,9.213899965036703,-0.18407978780428103,-0.034885801569750186,0.0038994831028794728
33.97,2.9652477152674757,2.2094484322843893,7.96802002695291,-0.2456510151483767,0.09346642810767708,-0.3001940866002685
33.98,3.137175249953614,2.5454443936077245,7.637597515104692,-0.4914628443278548,0.3693152280753369,-0.13032534182422886
33.99,3.3453794145576654,2.489187095006238,8.340252636060718,-0.6394849171332962,0.4455652145143615,0.014873975418903139
34.0,3.3554014126036638,2.858445723256187,9.250157008187307,-0.4644232254269178,0.18147678817511598,-0.027713709881012308
34.01,3.17865737424444,2.464203290624323,7.623144139912137,-0.25301651968758304,0.0892123779567362,-0.2800869794663796
34.02,3.255918062368912,2.7465905534409116,8.183284922605717,-0.38709485076149325,0.2882519901055845,-0.10378690435786195
34.03,3.4038069973701233,2.4275229825046214,8.85040252764076,-0.506368339733314,0.36083283351422085,-0.018156642978325237
34.04,3.841419134192298,2.6241087467208204,9.028764267997087,-0.36847943753211176,0.1444058847489014,-0.014487900054513274
34.05,3.3246077435867645,2.713899476218697,9.491074033920187,-0.10371510341113437,-0.12821081923998195,5.4484711474404174e-05
34.06,3.6862539584307137,2.6901956738526756,9.529086577143147,-0.022715778044876917,-0.21918849022131304,0.014474011704669807
34.07,3.5718501698150624,2.552233513803678,9.705387644624157,-0.1635481831092597,0.004743064834418869,-0.03522610919758791
34.08,3.587503934483464,2.2593134013395204,9.274732006594146,-0.2604754920304812,0.17198595904287647,-0.00318807353959059
34.09,3.329494955921146,2.384181149590267,9.549259288981778,-0.2727625037965816,0.17308855981545407,-0.03475420108699184
34.1,3.0275628099458944,2.2986044355682553,9.223980435984068,-0.2503512850626483,0.1540342130892397,-1.2984538082818492e-05
34.11,2.833704590707312,2.0553177135636433,9.41291918485855,-0.256877456257972,0.11806735712671644,-0.005748494123191678
34.12,3.1541696288714816,2.046578627278032,8.576661379028662,-0.2529517309538463,0.17447814900563077,-0.13574300142903206
34.13,3.1214729158917707,2.1980792263201705,8.97472951335408,-0.451852303774854,0.3247601974762978,-0.010119944887312812
34.14,3.1053347339973083,2.3383305144328816,9.175155319800954,-0.42842947153826244,0.28941302704444105,-0.05863160546335709
34.15,3.1448909327029457,2.2742983565569252,9.117302170356568,-0.3001912763442548,0.17684626702982006,-0.006375495107174403
34.16,3.2592412679352254,1.8263749882730613,9.08200509451946,-0.19848039703032608,0.10222830584943347,-0.020423598435138732
34.17,3.0130467603104694,2.080721572580564,9.04566105279988,-0.19073209405096933,0.0691879576635657,0.027181706351795676
34.18,3.3877166918253305,2.4540846938966854,9.04283627603014,-0.20739927329935276,0.1346418613278765,0.04319772010563027
34.19,3.3732260750656695,2.1403781819762933,9.168304337362045,-0.3700086869960242,0.2403244944257777,-0.02096728799259332
34.2,3.5290338827224046,1.7361696639129185,9.462812580662725,-0.33283227279521427,0.26978831556925553,0.02604034290252876
34.21,2.713321117297076,2.000575178306764,8.716664977185461,-0.3360137941148049,0.32000562894749146,-0.17977004700726676
34.22,2.7355456451515283,2.1486314073689967,8.824849387098807,-0.637755149731472,0.5643523569572721,-0.07557325005192642
34.23,3.107533247775121,2.043370372784437,8.695829934220273,-0.5140853887898189,0.4539917698793749,-0.0228530649788695
34.24,3.020550470352027,1.7540828026342923,8.912753742370807,-0.2692903599894423,0.24499423159695266,-0.15092311676738657
34.25,2.800723003785794,1.7275627334811972,8.866865311808832,-0.4631176190064694,0.28941514527089096,0.0006590192555626997
34.26,3.096993752020335,1.8282929492979398,9.244018609451128,-0.27994550906709975,0.19006735394775603,0.004551946282515136
34.27,3.1031204112992476,1.5878374106258848,9.263134917613755,-0.18298106461164051,0.08628553606199307,-0.11226554707647726
34.28,2.7480824040218947,1.7653034457656793,9.018994664591201,-0.5682690363717253,0.5047729569995176,-0.09205567365401021
34.29,3.130734403517754,1.9964447998751056,8.97191574065876,-0.5850026077238556,0.5059538590933065,-0.06243913364409394
34.3,2.80449408349171,1.6721934251647712,8.999956079881265,-0.2642018674277621,0.13547008642496453,-0.0245567546189105
34.31,2.5955837606563743,1.8027761587065445,9.009120270152435,-0.1458356393485433,0.1052607179782384,-0.13739277607359568
34.32,2.8322922661160614,1.5071121656275657,9.095788879497185,-0.7326772795595214,0.6404357706532349,-0.06801053429469052
34.33,2.461063404072768,1.7062938537585837,8.814116741443819,-0.7476851530979594,0.6379949429482078,-0.09027410147656793
34.34,2.5634333252209194,1.679364301651855,8.754314576188783,-0.2928289243506558,0.16751144804812967,-0.08583751483031057
34.35,2.879477138814976,1.664136117836717,9.424235176153294,0.27214581647882286,-0.43423122118868535,-0.0038128317904206977
34.36,3.1549573455807165,1.5642474363101593,9.611122042384071,0.45569848660913426,-0.6011620224233746,0.04794070294701312
34.37,2.779701558992916,1.564798788257762,9.596586818688648,0.013137075220421852,-0.16680347635346454,-0.12925541464943177
34.38,2.67571744714651,1.240632762365582,9.49906019497263,-0.730038629975267,0.6806233345076638,-0.09305442014969029
34.39,2.667155936984813,1.1564832424139695,8.834919782280663,-0.7995560192888991,0.7872736409646721,-0.1621919824426666
34.4,2.404687899218622,1.8089465261916546,9.110633842475623,-0.5113563126001894,0.4773140938473751,-0.14688815524630347
34.41,2.2172532463724854,1.5371933702865554,9.10790586134894,-0.5846045236298268,0.5812179130711,-0.0843360021113154
34.42,2.4302599168714942,1.312964738496453,8.670297721498779,-0.27571254579344734,0.1722182267179018,-0.10228503399618771
34.43,2.505891278539752,1.4721684787004794,9.112952181271002,0.22863538375990258,-0.37541968950877364,-0.02631853956689558
34.44,2.422309679496967,1.5517357862053216,9.862214014531803,0.4755644090040158,-0.6298528577503101,0.006520810576817666
34.45,2.9748119967510824,1.1569397218671156,10.140153192920982,0.30253829729865855,-0.5029568120169946,-0.009870887442845928
34.46,2.3085620831081393,0.8966140823180773,9.801671982745177,0.09682253801294902,-0.15871966893350134,-0.04039141716823851
34.47,2.635317097853616,1.327162211632472,10.010320091951673,-0.25347975174511617,0.22847073648771815,-0.04140933108989214
34.48,2.4387834654726435,1.4788597521960616,9.726161074762185,-0.16969701587310013,0.14500667838746914,-0.03761080668851668
34.49,2.276657804123274,1.3902193956026332,9.525869316043627,-0.2808682178229231,0.3007564886052927,-0.1462930318068532
34.5,2.297490073661806,1.3306841987648066,9.094947477665372,-0.8066756577590146,0.8817215654206866,-0.09118160124395332
34.51,2.319996728932796,1.2538737372336182,8.907772016014132,-0.5442332404830978,0.6463870360670088,-0.13072224319213765
34.52,2.2974961126685014,1.2642407421498882,8.807113376654286,-0.004775100704498596,-0.04429948049213543,-0.030207412250363715
34.53,2.4045292488290704,1.2129127067827936,9.102695635475943,0.3896553678858152,-0.5617400644598537,0.014878751739539502
34.54,2.3017953790455343,1.160747315089751,9.802655962225922,0.4108155976281759,-0.6153506996261028,-0.020739258922819047
34.55,2.34550146215052,1.1066697707318334,9.250877832170675,0.038147928685891036,0.0677417862884439,-0.13650980638671428
34.56,2.3001448426299724,0.8935706976925988,9.022520598413399,-0.6603971281921083,1.0335409341791018,-0.08630572730505434
34.57,2.5949649983509837,0.9349274185325651,8.316337792146317,-0.6800720351414743,0.9892610706517745,-0.12488961045603929
34.58,2.672138674488129,1.1831228957506423,8.9000572884368,-0.2099830221158398,0.11471816045310448,-0.08074616871106495
34.59,2.272259716994993,1.080970682676448,8.031595209025198,-0.04564065321594339,-0.13476013028515996,-0.12374781521686902
34.6,2.2522578247134253,1.1143936187103487,8.812279997163367,-0.22433252077553048,0.4580356376621402,-0.09675466144608087
34.61,2.0548111763692507,1.203663947060811,9.083235208880321,-0.20274873062106644,0.346078846292073,-0.08418327811935764
34.62,2.354452510005987,1.289948587433225,9.280699295122073,-0.05302440611575071,-0.023133490575598437,-0.05807868764179471
34.63,2.0846747458135004,1.132943005604804,9.127882916251211,-0.20331560977475993,0.13404703740419419,-0.042235394775716424
34.64,2.2261057573296035,1.264879059064246,9.327018861783722,-0.11541263700958238,0.026455003949830906,-0.058238362029130145
34.65,1.999764433034191,0.7951147031651615,10.130515125129023,-0.028877874937530135,-0.04661502880552833,-0.04816656152927411
34.66,2.30366850643,1.1202237917635607,10.024577372321392,0.2038720015847384,-0.3752270070376854,-0.006872152953665767
34.67,2.5138819390554654,0.9061593633737278,9.458319882730997,0.07537355271036908,-0.21188174149530192,-0.144607044752768
34.68,1.569317333244348,0.6975736629386843,8.440121022864409,-0.5060668690850025,0.8984591075908899,-0.24819649943485472
34.69,1.7749849948931775,0.5731713914834968,8.560736108290115,-1.359046184726115,2.383078488315737,-0.34568470744141544
34.7,1.9498038405914,0.9752958136522343,7.940655420505461,-2.055705835826136,3.453249466164336,-0.38466473144171187
34.71,1.4299227593235928,1.0825418584819495,7.963985299403135,-2.0528314989043652,3.385812006211349,-0.3755488956117375
34.72,1.5705130606000122,0.48601355394937557,7.815061128679462,-1.406302891363913,2.417686189105242,-0.2909244140630238
34.73,1.9418513533325439,0.7546835506913028,8.165077826171364,-0.6720050478583323,1.440466374434281,-0.150489215021684
34.74,1.3158818957737612,0.5689465878597381,9.080937069929869,-0.22853732905288246,0.9342830998472771,-0.03080346689755977
34.75,1.3931187008655843,0.39109483337836126,8.920968691608078,-0.2962471569752531,1.134601011841883,-0.06048913679319653
34.76,1.1324264447111643,0.6330457458971553,9.03058614709459,-0.6575185702372297,1.5748679945887134,-0.09049734494350681
34.77,0.9685299958456055,0.24605286565002565,9.408136293731019,-0.7855342726362414,1.4779770978524318,-0.08979392583607199
34.78,1.0792465557473794,0.16212605503697589,9.809372955729216,-0.5707885054149326,0.9947495345726751,-0.03736733785065492
34.79,0.5867650061380664,0.36183473206045863,9.825095033788573,-0.18996479757927834,0.4646994506875899,0.029256232988718458
34.8,0.8350023310364822,0.6968892137603689,10.147451219506241,0.015144546740251098,0.2888555784222561,0.013835625622597342
34.81,0.49152322166930706,0.12445618687423239,9.995341672396663,-0.047981927506461186,0.3819004938038173,-0.04794402726561824
34.82,0.28020357312121236,0.45739270612472893,9.995154120200509,-0.1756106183985067,0.5553257021436518,0.006529081815942708
34.83,0.5232770862840929,-0.05529616149772258,9.677221207312847,-0.250356576530663,0.4763231166666772,0.008006721328771425
34.84,0.4488160218523699,0.06518754419608976,9.812807105278077,-0.162219543717037,0.27820981643198056,-0.007838323259522157
34.85,0.11424671412334152,0.12615732877816183,9.587422448919465,-0.0005341217087092565,0.05930613851944011,-0.01149896419933253
34.86,-0.002356660480928835,0.12199543403177862,9.639606567164297,0.05603359674322107,-0.01084259327150908,0.00424410984970239
34.87,0.007135500883117471,0.222362433818336,9.835961563024389,0.024648367254082745,0.08199021661658844,-0.022836359696269376
34.88,0.005073792819240877,-0.07699023712382246,9.608161631675895,-0.025441689615078308,0.13026058017992737,0.0041053903406299865
34.89,0.032388127263312735,-0.09102608139415277,9.543456109568314,-0.033584495624035614,0.14664873055088956,-0.0023856999748235134
34.9,0.20346939236922523,0.03656385808343492,9.600690557318382,-0.035286923554899215,0.0492780405190282,0.029481161517099747
34.91,-0.2526387219690749,0.19700209568135266,10.10683499718724,0.07525620736573485,-0.025390886018771645,0.02059052983388571
34.92,-0.4554982524197626,-0.3946036036976726,10.176881413057803,0.02322886335930291,-0.0561693473181491,0.014374000685421329
34.93,-0.3248729719209099,0.040029291159688354,10.137422394225364,0.015832495037902253,0.008509685852216717,-0.015736933665788978
34.94,0.08451558749517252,-0.18634780115345947,9.830191224415298,-0.013330130427727746,0.07509297512639995,-0.019478708910540217
34.95,-0.19286729599962602,-0.23189313581016635,10.083084948498424,-0.04163074999883272,0.04791743806451883,-0.021230682070534655
34.96,0.09357736726255525,0.24527171728620883,9.32872108238679,0.03005734523171097,-0.01640641176423681,0.0009302972072283999
34.97,0.2075054645239004,0.0025301721867702735,9.82538614399562,0.037979244990787066,-0.05569917586940244,-0.017251210935552458
34.98,0.07673748448967617,0.08781565812617019,9.8092276922564,0.06582400842999905,-0.04654918867387507,-0.005676637528666714
34.99,-0.15559351612939779,-0.09374281320087584,9.880448125082195,0.021774863579573055,-0.0021037187970730717,-0.010226815682571885
35.0,-0.1322569981491224,-0.33351949311893747,9.531015605571435,-0.020285851545527266,0.019009567063033115,0.058689005274945506
35.01,-0.10459856045620071,0.03522615823018541,9.913728001021326,-0.010067896068556794,0.031186164872882116,0.007613925443457096
35.02,-0.16086623876349798,-0.1055189498069525,10.122173658281191,0.01658808877618686,0.0008004633017611321,-0.01635976822337397
35.03,0.3854903598883658,-0.2855403510356046,10.075994467281882,0.03570379571185392,-0.03780751942737669,0.00581454465857653
35.04,0.10059277349019488,-0.011031523336722136,9.500770480024807,0.026019673297501485,-0.0278284128623439,-0.01487198771670645
35.05,0.08775126755279372,-0.07595630367719679,9.642118495081718,0.035890726608371365,-0.04201188634152811,0.008189212560312936
35.06,-0.016081102469712862,-0.03240170933018004,9.632459411879443,-0.015832463347829343,-0.015535149112315785,-0.024998562209892976
35.07,0.07145401595927588,-0.031709164834810885,10.273158042273836,-0.024574312701555814,-0.020923549836403932,-0.009825207967416085
35.08,0.08056604788727083,0.1711819865819209,10.083877312009264,0.03034302436486111,0.013136464316769722,0.0030657374281868044
35.09,-0.01694961884701337,-0.11539960664630675,9.551048234479671,-0.006063989149049279,-0.01600987440825239,-0.0067554514029613605
35.1,0.2018078426626543,0.00025693874044837054,9.583986774109341,0.013798352469597146,-0.011438210453673481,0.01957261381405267
35.11,0.03017711148511207,0.01935986018327923,9.549057928232024,-0.04254012238469613,-0.0004550708833167723,-0.004840709188144187
35.12,-0.2953627266644267,0.14203526620891904,9.415565752097255,-0.013644179554485089,-0.023185511021380015,0.027310823296223505
35.13,-0.019305849422218285,-0.2265079718776719,9.394594358375587,-0.02393604820183662,0.006929912141986308,0.005357503916467632
35.14,-0.19057765807868457,-0.21936284953987178,9.584307874309266,0.03233161338511547,-0.017502417839189675,-0.0007942966085197254
35.15,0.008660235172061138,0.12024457435535589,9.429831120250181,0.012060491742887156,-0.0007823184810347445,0.03326288918186112
35.16,0.1920477955894795,-0.13191952955828923,9.733446509476021,-0.01514270703714565,-0.024829261296354876,-0.005112526949371867
35.17,0.20137353675670422,-0.0007921614709737043,9.784359031675855,0.003021109252584268,0.021527379344599137,0.020146670410563568
35.18,0.09498410839334516,0.17004380357576507,9.797597246624388,0.008842562210641424,-0.02182979613697369,0.0046431583752447715
35.19,-0.46341227954880926,0.051315332324457646,10.214887567491473,0.0014663090806008947,-0.027766000235419766,0.0004973006288029706
35.2,0.1591634997118826,-0.10381280333943566,10.110752301193964,0.027901927478325754,-0.003426476736408255,0.005451203153473741
35.21,-0.1200578573002702,-0.19912710505669,9.994019481853533,-0.012975951384401887,0.027389193600900037,-0.008221984603743286
35.22,-0.09531752567600435,-0.06918889345815292,9.78570900976088,0.023384726790622937,-0.007627936637387485,-0.011426679200010179
35.23,0.005057605525721774,0.19506589385437398,9.583893221248953,0.0273743511128168,-0.024597000608776086,-0.020627221926321743
35.24,-0.028203064798045862,0.07138618388746186,9.52088102867831,-0.004260759515859516,0.031863551522912856,0.00034880212580767396
35.25,-0.04079413204974283,0.010552322331547034,10.16542598423628,-0.031927055772932075,0.008835480922311286,-0.000645686990996497
35.26,-0.03673208228310788,0.046919517182354945,10.280093561457702,0.0027191074706604612,-0.02768411818286747,-0.01711277202934988
35.27,-0.23319754895918685,0.037970098021332985,9.975319820923573,-0.004283628429520221,0.0014176140237449984,-0.03734854234190306
35.28,-0.1698592399962007,-0.10304484405655683,9.751174601137546,0.029545912244077932,-0.024283264037363163,0.035051686063659264
35.29,-0.254235269267821,-0.056734988452918717,9.601317272955788,-0.0021038203857352365,-0.02188757978129972,-0.017258423073830968
35.3,0.11754600869381547,-0.19570540891970306,9.599925277084097,0.0002891863832759253,0.016457465198054088,0.0003057993265328818
35.31,0.16678506090795214,-0.0014186769266919218,9.26485837095368,0.019513349105785813,0.02084894694181864,0.007600036857146095
35.32,0.05437082551361627,0.28633887121384843,9.16970032486646,-0.03368347221987731,0.00302282306911746,0.013735542126947243
35.33,0.07731388338489283,-0.28023773121376677,9.529182784918552,0.012943777314900038,0.04718880973606836,-0.0043120931337722965
35.34,-0.00667258872695159,-0.48300019787545234,9.621893036384133,0.0048046711461982574,-0.030336045851722056,0.021442745888287103
35.35,-0.18948710073372968,0.2432712919857974,9.886836001393927,-0.0011083806188696226,-0.005967801646146553,0.00292700969151789
35.36,0.24125981440252428,-0.1499212740825802,9.757757747689599,-0.04286716259219087,-0.029463881432658982,-0.018815405981436568
35.37,-0.04046430707058946,-0.22395231942704924,10.398318676235169,-0.013731568961938325,-0.020693355197003147,-0.003208424306989896
35.38,0.059972499038510055,0.022389422884796315,9.694691014316968,-0.011338613256246374,0.03315854997832759,-0.009872700030159564
35.39,-0.11661816045198199,0.17632776105328368,9.953699347501258,-0.0045025179195702005,0.020822007513728955,0.020656276387630335
35.4,0.2671102996592205,-0.0317767477061882,9.427440132712025,-0.00438788417966995,0.02254850997449046,0.006264022032364902
35.41,-0.05850136024232568,-0.14265307288586285,10.341191536453207,0.010873402461444238,-0.023236130670281335,-0.054634887861496756
35.42,-0.05682231542346966,0.011205951431852065,10.273124978374755,0.025761943232974625,-0.008366194062292436,0.030434426995035034
35.43,-0.24427899715460263,0.06581251934803256,9.980054399623578,-0.039673420312816995,-0.0042190622137397256,-0.01284944089964063
35.44,-0.05443271541491279,0.2041309126526971,9.57813939111458,-0.011012287589851498,0.008553868653648792,-0.0050569665017499476
35.45,-0.3533930113903566,0.10579411860420306,9.699327929642346,0.0007976991414052491,0.01812284193012032,0.006223500146643806
35.46,-0.195397943361276,-0.2616284094185486,9.536577651213019,-0.015805440424138537,0.0069386391371047355,-0.012496352014902254
35.47,0.1584664661102683,-0.2260781302258396,9.739629683199913,0.007398073709564443,-0.019024647423775885,0.01438961604367665
35.48,-0.09972490173054122,-0.13363954233771036,10.20191914100638,-0.0062425014398039685,-0.01156995362531984,-0.020487790741619494
35.49,-0.04262549396435671,-0.07525836039179137,9.7078464617745,0.05100500481391216,-0.009215761399332492,0.010310292362108807
35.5,0.25753290892146385,0.07658483660744397,9.784364604556952,0.017175829685553333,-0.0021446421130875124,0.005430852258412272
35.51,-0.455977820241525,-0.04823992233815594,9.17094394996412,-0.022365724334496555,0.009763661333308636,0.011750495812722328
35.52,-0.1402284677235187,0.262769509142892,9.560732583197504,0.00020895434792185313,0.03443007130274407,0.012197601203315174
35.53,0.1754165677861642,0.05028445493567971,9.840415943591722,0.01787449532003325,0.008348472841202947,-0.0066756695487084124
35.54,-0.22645942669894864,0.19535869004551182,9.660978886243864,-0.03805591700824449,-0.011948954865699413,-0.013795026869674138
35.55,-0.09375684058949918,-0.059362578524687515,9.938785046230644,0.019310885875180914,0.02701694619022334,0.0025992376495479266
35.56,0.26096645651295436,0.14100082328619398,9.309168276127878,0.019134245900700616,-0.04501702018506195,0.0017855249295981167
35.57,-0.10184714050564354,0.15165084628855782,10.086793965414953,-0.002354664428521963,-0.023714967411423708,0.011585532180419342
35.58,-0.17849564944399024,-0.20458612969216222,9.852295526368321,-0.014759482786674565,-0.0033548923189974677,-0.012612257326530192
35.59,-0.19582770550174783,0.14051190025710553,9.69226437104678,-0.029047710784725456,0.03347128991185673,-0.00868096090227902
35.6,0.19607726878392798,0.18056418911130495,10.011951012091655,-0.009302638972412167,0.020112800567686585,-0.01294239031331842
35.61,0.1647010209810413,0.19048808399351536,9.899183251156106,-0.00873406733760488,-0.014229667288995626,0.015996239851561084
35.62,0.026909123917365423,-0.16420342242934993,9.76610318283102,0.0011106272965096793,0.019520532092491494,-0.010359021910047228
35.63,0.11397235939781304,0.03657752394859988,9.484098059239706,-0.022189357727398298,0.002812575667332519,0.0005071209311356208
35.64,-0.030484699246258747,-0.003023024214245743,9.851526366874563,0.0016131508386139732,0.021023509198165237,0.005022575141814309
35.65,0.09928128945780929,-0.12598297901423314,10.090597150130447,0.0017116733636373341,-0.010063417128830238,0.022659133525417863
35.66,0.12001600600944747,-0.07284830692623,9.950800125046698,0.027957238414818248,-0.02242368662830508,0.016223867347328037
35.67,-0.20283250779099365,-0.14839499566173936,10.161650199928005,-0.004553311604894011,-0.027547521707470518,0.004810240484500295
35.68,0.10806709945542066,0.0424844556706686,9.889755854747966,0.01550937344857555,0.030217641207726808,0.009429623967928125
35.69,-0.06497880669527463,-0.14577561194924665,10.302777824178596,0.00861676041448235,-0.03514924539934157,-0.0034266757598743806
35.7,-0.15512434610462278,0.07024685022760431,10.229429206896882,-0.026515977758699565,0.014831124832343834,-0.011928534095162173
35.71,-0.10723878793232072,0.2097857678324622,10.008663568809864,0.018079883008045847,-0.037334800707332534,0.0006146652051971527
35.72,0.255638027058357,0.0966520479309002,9.821835586379098,0.00027176242698631457,-0.01843669813120992,0.003798898628631534
35.73,-0.11392987034026528,0.21434967006304656,9.742997503751205,0.005057309341838817,0.0017836593594306692,-0.011099878232926401
35.74,0.0394058866828353,-0.006700010786268203,10.017791128242457,0.01431815739892617,0.030319518292500982,-0.018956415213024807
35.75,-0.1441706377885891,0.07828651049656489,9.906146298752265,0.007732711436124157,0.041794291509293556,-0.008017287146986607
35.76,0.4700631847679307,0.0031221312949748017,9.95995563986518,0.0029482115904560765,0.005408202477473849,1.2539733305514884e-05
35.77,0.05965272458599328,0.03423464281276369,10.04779889626843,-0.012554359554877579,0.024640625511219268,0.02222924703927728
35.78,-0.010449254427976345,-0.13444653588253905,10.077790734043958,-0.016828467327395742,0.03194215660865161,0.017327228746131153
35.79,0.14791385466850945,0.005473569237688081,9.795186291039224,-0.03970523127501079,0.006419734659723682,0.03351230884617736
35.8,0.03308065553644696,-0.13436412811288512,9.57544414583761,-0.022919427282973935,0.013069020702337722,-0.0006700589724183457
35.81,0.009257542311765968,-0.02314677851229567,9.660681909495203,-0.008517294663211574,-0.007214606125504957,-0.00754497155424877
35.82,0.10667547632562008,0.012334214637995337,9.537023958643342,-0.0025375039302801454,0.009379017137820625,-0.031408274040361804
35.83,0.05794215582104937,0.15770854002661588,9.388359426714224,-0.0016380359384700748,-0.014546546476510932,-0.0008757232683776463
35.84,0.02617894273731032,-0.05085308847263112,9.467662300656203,-0.002184185515566669,0.02351352104583544,-0.019070430336656227
35.85,0.0062329795291903535,-0.14137201471966612,9.551951333231806,-0.0022010630422915687,0.009157545396407446,0.014753291804776377
35.86,0.41004043407229385,0.4679356707090293,9.665192102492506,-0.016933723209481544,0.02533747212014468,-0.04909371840086076
35.87,0.003895198711069016,-0.003846759079331387,9.93417871768216,0.01018768341854307,-0.004112603068013808,0.007057734775290033
35.88,0.10524284463147004,0.05241864205836478,9.694947974629162,0.02872460169955284,0.0013182072067369425,0.002145170667524036
35.89,-0.20805752506775768,0.08760213294513007,9.629259193009771,0.031459011655345766,0.010608134037642198,-0.005829093748035387
35.9,-0.4187000502361237,-0.17746617487466926,9.626787998696814,0.025244461126895643,-0.007182682974446648,0.015228248311323989
35.91,-0.3424736626081618,0.12031205095998611,9.397925697113376,-0.004115601683096786,-0.045255078291763125,-0.002441222990645542
35.92,-0.19628827853509218,-0.048909991202433514,9.711490506512328,0.024793556364730424,-0.0032052517631089316,-0.011647467135588833
35.93,0.044665038530961175,-0.051274618209045206,10.502649352650106,0.01618425809958408,0.006927038102007525,0.014818061216692961
35.94,0.12961482856348425,-0.2917296921590975,9.612970936815046,-0.012973759493528811,-0.017334654049135565,0.0056896273328503055
35.95,-0.04769136630213631,0.17868904389791582,10.06519291057317,0.017878812189108955,-0.009512209911874838,-0.02397902798300809
35.96,-0.10804610990841096,0.18446520361154922,9.816551702615957,-0.003418133487840406,-0.002329763805006682,0.014533223766178409
35.97,0.019456294171503852,0.11360507254339507,9.743631912011336,-0.024365472794152236,-0.0051539483607540805,-0.020350012757279805
35.98,0.19525815498287283,-0.03593819903030909,9.763762980127913,0.030779946042885392,0.0030820100685363485,-0.020014613732532417
35.99,0.025445187132589978,-0.17580430543965644,9.148737752468469,0.003093943968562566,0.02183588995399051,-0.012203377463920452
36.0,-0.12637752727656132,-0.2233528211684368,9.720573196950438,0.006376054428899381,-0.026536287462192342,0.024308604878838992
36.01,-0.018981982172499755,-0.009891847330723517,9.609479302431014,-0.007448543154301371,0.0038968398534964077,-0.020381588068580536
36.02,-0.05739335823819683,-0.03241178193535326,9.733983761762081,-0.0026470687982757704,0.00016860716878590445,-0.0003887796085412677
36.03,0.009976769351720384,0.2302069702323545,9.867731204997352,0.04247668447651897,-0.021245992998522322,-0.025735585760283702
36.04,0.14748870440661896,-0.11128641848410861,9.78036019390165,0.01819847091310554,0.006213144241924555,0.008075691082704948
36.05,-0.13198294260237475,0.11518690228091959,10.015471872733697,-0.030228601780119727,-0.006603343933901304,-0.014241224356441866
36.06,0.21834679742901295,0.07877021243014976,10.341664564904923,0.023445418724710627,-0.019698576754813887,-0.0029662607498132645
36.07,0.12189802524262892,0.2127162532561243,10.051994953049956,0.02064676936095699,0.030218460102869903,-0.011601438713595973
36.08,-0.002561222106366882,-0.01515023345637475,10.09674398163062,-0.0019969798249968875,-0.004626750407346735,-0.011083830827638289
36.09,-0.19289488332295068,-0.3437251921761184,10.160809285403142,-0.008390253698314223,-0.0240099184190659,-0.03873865275592431
36.1,0.31918228625549805,-0.02383248140709988,10.185342229057639,-0.007720354730876133,-0.011834557484446024,0.004522692977751764
36.11,0.30110372369186733,0.03297787485861133,9.713961724051055,0.00823631175315399,-0.0047040273072077015,-0.04351622052732085
36.12,-0.17374144950317388,0.0707048789084409,9.760922530278563,0.029206438492592204,0.013844378151468604,-0.012517743324192311
36.13,-0.21723035399157994,-0.05720043735924578,9.499424379098697,0.0006387717234293475,0.02013145555933565,-0.014256849146365614
36.14,0.09121735681614938,0.0673127761060949,10.139052197700611,-0.006285388220507891,0.028505795282176935,0.01900477833582269
36.15,-0.3249128432098607,-0.2520309478875065,9.669579195795967,-0.0017955343183620983,-0.05508587622093833,0.007246050398235165
36.16,0.26947483502112074,0.11944296627379679,9.450311781147688,0.026482414229613876,0.006801349714182059,0.014322603281579655
36.17,0.029897774584820173,-0.33346359240801204,9.791588849468962,0.02019659810121822,0.005902920293486796,-0.015538195977237712
36.18,-0.22656417949425373,-0.056743094826909396,9.906946450568979,-0.023217337944093253,0.01340018332012323,-0.007334357472223848
36.19,0.06441467057994396,-0.019480646616466327,9.609595236101171,-0.011657538383715221,0.05617653371126145,-0.005005340044995302
36.2,0.05178117890691532,0.09654206367400915,10.000219652449262,0.04844280775248497,-0.05583790572263554,-0.01226967389256902
36.21,0.033387116555879164,0.08449197892197235,9.919844466324042,0.011549150240186448,-0.055865855187908785,0.002863399583098742
36.22,0.21418502816770368,0.08852129128971897,9.651753111266231,-0.003673898695145443,-0.025589596184203093,-0.004148303841532046
36.23,0.06891348174307212,-0.20413519905272828,9.752589119448466,-0.016363437867497298,0.007699708997697222,-0.01734030419284791
36.24,-0.02269449969694311,0.07496508576590169,9.956512035029744,0.00893041198157954,-0.017621160876829342,-0.007404976848852024
36.25,-0.3400805191697504,0.1686745775010701,9.581900093391129,-0.0342742537864547,0.007055311421551173,-0.0090443525383134
36.26,-0.18648732031363338,-0.03917522918452987,9.682468033771814,0.026875871067178817,0.00025257659633514973,-0.020549860904999228
36.27,-0.12967696919339924,-0.11763129497383835,9.858353289906075,-0.01161670650046451,-0.012930474323534759,0.025227141560288758
36.28,0.19098178014163053,0.14363880330045345,9.089309295507974,-0.008712735924523167,0.024418370105522436,-0.0027676181707221
36.29,0.023497130235757578,-0.14350660735156875,9.451254271700195,0.017300641361063403,0.019160010664088636,-0.019182636955677238
36.3,-0.24518338967584682,0.00783907660609115,10.107584615603793,0.0036094377410389555,-0.007664233650127032,0.00727780186525227
36.31,-0.18381630441035862,-0.03461014824038696,9.765354285697672,0.039684316505210745,0.0012316130288139834,-0.0350108227335988
36.32,-0.0852534261966961,-0.03059801364118977,9.77464037338607,-0.0032183150509503757,0.03726596438326664,0.026604842335157166
36.33,-0.14245493441038443,0.048083442608984485,9.335340582240695,0.015018876554229746,-0.005049058870719355,-0.020537026555104605
36.34,-0.051063952840056555,-0.17219018745734796,9.589037368844524,0.0354198959784731,0.004479160831311556,-0.006426699450301717
36.35,0.12640341365801847,0.2959222091126058,10.084352655645523,0.004068350211301129,-0.005362420125110917,0.022323285045949756
36.36,0.14469126064195703,0.11018145775212135,9.934214377492792,-0.001896982045808272,-0.005634965512297666,-0.008858478693570697
36.37,-0.4369680091010288,-0.1402714268202845,9.836780931127402,0.016538913727028603,-0.0005736451300677335,0.010800569950792696
36.38,0.32066969974287807,0.2421990344388373,9.552088632883244,-0.04441531111014874,0.01779318630205445,0.024071074013444844
36.39,0.07307188823820497,0.1600558228030566,10.067065745792124,0.006569066043109587,-0.007889074039535779,0.031824938371220676
36.4,0.1444126587201934,-0.4013282856999843,10.087290668610889,-0.0067327943985809645,0.014541495326735722,-0.03587001211665671
36.41,0.09656952200141314,0.06735612082122545,9.855232410949247,-0.008347259752323585,0.01319052445975411,-0.020760125840083205
36.42,0.06918147521015026,-0.28569746815688757,9.800498261946528,0.01031780752773311,-0.010648287765994377,0.0133588672639318
36.43,0.23457196896497376,0.1124301031723541,9.794184667816905,0.020851833325235377,0.03594503860972231,0.003191674793214855
36.44,0.053978818891469035,0.10995365112348239,9.734615462843944,0.02135082589302606,-0.03344551033942549,-0.0007464030504670255
36.45,-0.20583170226136097,-0.0728067558481329,10.164117810259594,-0.012600712005225018,0.006416972131855799,0.026921920443852748
36.46,0.05563513235141168,-0.11881039459246501,10.097375495644638,-0.0027141577904607676,0.01124910057169451,0.020001925887836593
36.47,-0.2014442207075023,0.42012316299746594,9.933888546819716,0.013647173284855181,-0.012491637567492381,0.002930828621617739
36.48,0.17597409242763298,-0.13446932391828229,10.10533142659319,-0.00550610106533564,-0.027883857925104585,0.013741671545875732
36.49,-0.21326185049467591,-0.17704329028276863,9.462173160174057,-0.010091865194982416,0.001441223563852707,-0.003978374185562039
36.5,-0.16076905591969165,-0.3402446702174544,9.841211133769933,0.009230266791003479,0.009393258281227735,0.02254687481559528
36.51,0.09262067073831294,0.056324735472332924,10.087674200725779,-0.032282538491234476,-0.0030935132859771695,-0.019874405855786568
36.52,-0.08747110832266063,-0.017667552215689164,9.969825436473853,0.014730792482240341,6.867207061678527e-05,-0.016614730175809663
36.53,0.25879472144991233,0.0820551345417276,10.593786395255902,0.04553534973156067,0.04535479451433861,-0.025314085942900397
36.54,0.39198031195382893,-0.1550279675327025,10.239879892101378,-0.011924795115874378,0.017063150975078694,-0.022367407943840085
36.55,-0.04221844471841023,-0.21523806928162495,10.156267677644193,-0.016487535865055743,0.010181077592619294,0.009272945162378123
36.56,0.16002177314407587,-0.027717087428904774,9.705735911108658,0.008073890925268295,0.026018740272268363,0.02918098802627811
36.57,0.02727908077500189,0.08684743527067224,9.674938005305856,0.03172447096029338,0.011614380897059233,-0.004469524770875612
36.58,0.19708785262016906,0.25650143481356974,9.537459594299348,-0.03181454727822864,0.014001719217254563,-0.025671574220331537
36.59,-0.30412183924230457,-0.06864180253342539,9.338359437487394,0.010271376737846302,0.018289089258529602,-0.005483200654594499
36.6,-0.2970283313946782,-0.08999360362321525,9.21339122943562,-0.013381270955436229,0.006012549728134047,-0.003467832069686895
36.61,0.16520076231060743,-0.23284830294515796,9.682935324074482,0.006983630065915316,0.020525370807258917,-0.00823796810615346
36.62,0.09223114263067314,0.31974953761791164,9.270050078733906,-0.03348273414027464,0.003142536191252969,-0.004027650187345549
36.63,-0.18148990983559124,-0.34643103504489725,9.074060058430243,0.006390760848330298,-0.036719958989992044,-0.004950940468929968
36.64,-0.15538857585293755,-0.10876047889654421,9.369106423804022,-0.03783054334936413,0.027174802692346067,-0.007808491442323361
36.65,-0.025265440962599705,0.18518636123454615,9.453873006339716,-0.036060110713708765,-0.0031174519833601544,-0.008797240534203273
36.66,-0.15497378254336636,0.0747528329955042,9.860072054411656,-0.001886868262021375,-0.019349556217043935,-0.01053770874050721
36.67,-0.0649030177806951,0.24511626043274837,9.887774223838749,0.004101008305166878,-0.02322508289344438,-0.013123050840875483
36.68,-0.23837628441853606,0.1298186072902848,9.675110578257105,0.000625811090999567,0.017031627151570552,-0.023390780454530122
36.69,0.021748453345341156,-0.10873318101909576,10.203624976233753,-0.012202051285654226,-0.01420167874279411,0.000533970233723312
36.7,-0.007765697595552742,0.015342042043226879,9.972991691668533,0.006222508518152769,0.010332587466985453,0.005978034830281588
36.71,-0.1817515012366862,0.11090895811501,9.878278328532383,0.01846905009691322,-0.009875330066369849,0.008745532003760886
36.72,0.057998338952547884,-0.0863502056108378,9.539884221586695,-0.024456311502988194,0.021075597666044384,0.032473676624901957
36.73,0.25826038307295823,0.16865071761492434,9.797995229700152,0.021948861404548454,0.03597934819962849,-0.019950735622732738
36.74,-0.22136209061126938,-0.07137352845564593,10.186401435733773,0.029157999381784646,0.023274052386886984,0.01009814197071178
36.75,-0.13746788358774706,0.21688483129015892,10.128432663333037,0.028144481944431837,0.014894615442639243,0.007413656439189276
36.76,-0.31552824845810984,-0.3098135081721655,9.931293459426223,0.0144927177093728,-0.0005293257421393691,0.004882656950317561
36.77,0.09274989205291263,-0.10114279963800991,9.543448182024267,-0.009565758626160648,0.01144036954621451,-0.04071598557475558
36.78,-0.313700822415597,-0.18986606106309506,9.931298647146981,0.021269677366105588,0.021211535567708006,-0.00899913558392573
36.79,-0.011811191723974242,0.039730440248211416,9.819310508294485,-0.007583739880476032,-0.031972724892688875,-0.008509389815252245
36.8,-0.05557531436778727,0.1848519673580051,9.445999484285952,-0.00469803282785496,-0.03820975568473948,0.0037845000837884797
36.81,-0.39817615657387023,0.45908550506473583,10.36727886361795,0.006277411121082472,0.027392933223568134,0.021483986465279294
36.82,-0.060029461911968944,-0.05330587413679432,10.119972459424783,0.008384717795336833,-0.004189528391691603,-0.02249563727179508
36.83,-0.2926361116586982,0.18499422517266592,10.045133489513034,-0.016803792895835577,0.009187819578994312,-0.014086090440340863
36.84,0.010332449170457341,-0.18380328825507808,10.068941711385055,0.03175384246604769,0.0015954068256203344,-0.04500569079111127
36.85,0.08037519846522584,0.04833065046447506,9.571931653004993,0.02561398987954974,0.011707229119213807,0.045690502632254465
36.86,0.2394941746028892,-0.022661994526311756,9.41664100906226,-0.011872022486633648,0.020254393958256574,0.011416049159008335
36.87,-0.049829549892358535,-0.12708599129240197,9.935150458405687,-0.005564953613693851,0.006972713859772133,-0.0023058634934554445
36.88,0.1174594252336503,-0.20029423483566744,10.161749852800263,-0.038140816780957015,0.0018111251044660643,0.0418210714204369
36.89,0.11606333583263113,-0.17262194054025598,9.831876002485822,0.006128271447948294,0.00510324775996298,0.010526735905979396
36.9,-0.02410428539148705,0.41312154796508915,9.697895875142553,-0.008750741857811837,0.014470035179759498,-0.013944575265552985
36.91,0.027012765361700764,-0.07353820829312094,9.397461337944845,-0.03220652737280375,-0.01046914824562571,0.03243335810338219
36.92,0.14142881980735508,-0.08042344891647422,9.420725798238978,-0.004971918994985275,0.016791627742112257,0.013506798664729496
36.93,-0.16013147786873885,-0.028903413009673203,9.480259980996161,-0.008837949827421827,-0.029057750704450526,0.025262208190436196
36.94,0.07594503263957395,-0.24016741261607555,9.070253659093275,-0.005430501204633707,-0.011850935933800844,-0.002906325694541299
36.95,0.6237519549893826,0.05878278259219864,10.152922388495202,-0.0304095312596272,0.026484111128711817,-0.05066371908423032
36.96,-0.05390065541316445,0.111963608682915,9.923372602764147,-0.01656926701650039,-0.014986766379971568,0.017429051771667918
36.97,-0.18035983284339258,-0.08942758051014156,9.668063394381665,-0.01636742911869498,-0.01945080456555254,0.0019262008075201058
36.98,0.23352409135282806,0.3052053382516913,9.840369515913938,-0.002306994739436556,0.03191998645838367,-0.03907995831565257
36.99,-0.03594697918657298,-0.13339486109858797,9.650738688959127,-0.026585860618228766,-0.04060063053708971,-0.027756466087579784
37.0,-0.15217284393370914,0.28465023880846063,9.764553400663953,0.025569733106564338,0.008888161451136536,0.007280278070664053
37.01,-0.03673087733154206,0.060181559000512544,9.999092638776824,0.010556850159240693,0.03868515564954448,0.0035231875634716948
37.02,-0.03240054694306985,0.030778907317052,10.011049455727933,0.004063545870532214,-0.01898987550565648,-0.009463225981244069
37.03,0.24130675806647353,0.030281003671416916,9.660090994317002,0.0301663118751302,-0.019582513429502024,0.023894289481181177
37.04,0.028805825728721108,0.11188658651760344,9.576835634589964,0.021553231354851436,0.024605642947409617,-0.01395344858256542
37.05,0.08343950489544313,0.05002707258912991,9.827140338302897,-0.006409492809068617,-0.029714875922190725,-0.003686392699883984
37.06,-0.15089037018103982,0.046269049067204526,10.003361973636439,-0.0027457983474063288,0.003780767367357499,-0.03347160089896708
37.07,0.027321872936378014,-0.2258784160952352,9.870680581156384,-0.02542270714565254,0.025157787344691703,-0.010404267652428465
37.08,-0.1206486357226309,0.08470605177476316,9.595898111468031,0.006457811578077567,0.03734710114861201,-0.015596141670641364
37.09,-0.0014110989135335972,0.16341663143175433,10.104663660521561,-0.03682358637678861,0.009251914895731031,-0.025837316411561725
37.1,-0.15530450911943722,0.03644611462209251,9.986182186671034,0.006197267506329502,-0.0009423261736104157,-0.005287169052792866
37.11,-0.0006126809026794845,-0.16677174435907552,10.122764499628166,0.014882213956481365,0.003170675826645911,-0.02193872050887453
37.12,-0.19680964076426016,-0.11669772173321592,9.74001928774208,-0.04053802194064088,0.016980468146414338,-0.007936873799008199
37.13,0.11073987059879936,0.19771217133628866,9.514068424238133,0.019009305110010623,0.003335966001047841,-0.031052416733640082
37.14,-0.17033341003945285,0.12729661944957907,9.804387299148623,0.010052291162811545,-0.017670282347357198,0.016620777070451696
37.15,-0.1518999173078141,-0.21956818034629383,9.750163983870927,0.013121356622920138,0.009591572357171535,-0.00700079614916144
37.16,-0.04593404244089113,0.18615736813256228,9.554129202023697,-0.019309080958498627,-0.0076005273675083295,-0.011499327684664402
37.17,0.18163710907835487,0.1734234361530517,9.87109365437956,-0.006686472568005598,-0.01515656927192532,0.030392722074086855
37.18,-0.09750313070481212,-0.1098896204980789,9.756711388242527,0.009758612151643748,0.013563591104880592,0.021582804635338664
37.19,0.012453210385972758,-0.12914026974921972,10.181722090407824,0.008310638110496458,0.010554085628422267,0.007516372978496377
37.2,0.15023926105871588,0.04605890614961433,9.30670348827096,0.0037636154593924747,-0.03618712108278496,-0.01002298302783584
37.21,0.19899609609011887,-0.008272573856178638,10.05160391194261,-0.013832185051545095,0.028799018499917072,-0.002137059860894299
37.22,0.11151745944107674,0.08827524891244325,10.08641769388237,-0.012047279581528554,0.01258766956989642,0.028831950065347212
37.23,-0.050936352125071645,0.004810352122646607,9.837596345871868,0.015481166704335707,-0.03634130922150677,-0.017149820092942164
37.24,-0.07695584015376898,0.22714259829605948,9.899561986374877,-0.01803549180719618,-0.01594382646748788,0.014862798106088496
37.25,-0.1267850600170925,0.08919194039751857,9.460352930975933,0.019774361435936288,0.013726021740917081,0.05071675517685453
37.26,0.03614197798969222,-0.20816515666508945,9.390757956104135,-0.02074194373665102,0.010351451363403614,-0.020516518910387534
37.27,-0.0515313662633841,0.060870104303044265,9.41618373203131,-0.003289898410675097,0.016582427964356352,0.03328566935692899
37.28,-0.30578784161169953,0.1404063276437613,9.5223182582157,0.017362490011703802,0.004600362286725505,-0.011888755013562945
37.29,0.018656829287884133,0.11399348279223029,10.056031921976993,0.004321514469159082,-0.03136385324437962,-0.02636623883270958
37.3,-0.2544118853389445,-0.2223413099251435,10.189850088120986,0.017712144669541335,-0.048021243616918834,0.02575786555240285
37.31,0.3114860243381516,-0.14785421131007162,9.771960012647124,0.037515486439592426,0.025320255375343676,0.00043195031563245746
37.32,0.06368455317678892,-0.07508043204922954,9.48739815986834,0.00019596758758605936,0.016994259879637836,-0.025284505511803487
37.33,0.1763937240564101,0.3124997728565141,9.639625767157645,0.00920852820969622,0.0063836075161864785,-0.0036663118509009476
37.34,-0.07624563154418242,0.06362322018766225,9.60381090473147,-0.000708091322385494,-0.002286224113526354,-0.014174563829381983
37.35,-0.028039329135563708,-0.0927381925450978,9.344205831586835,-0.026895999817164524,-0.02767716844420902,-0.01665823057585018
37.36,-0.0753917447552597,-0.0515155542771931,9.386914541957104,0.021081292672374862,-0.016967028169840276,0.016674694344553983
37.37,0.3271634790885526,0.2158740278381644,9.632171042514225,0.011212854398755965,-0.012593433304290332,-0.00671250338569751
37.38,0.08094031238446667,0.34173748148652044,9.793689111449535,-0.01090234729305777,-0.0046377705519470664,-0.016983209195659543
37.39,0.18659497792148044,-0.03751441002150147,9.826879889659274,-0.03290304859104778,0.012927969180720788,0.010202059203298674
37.4,-0.05695278704249745,-0.08634560690830247,9.739264942012076,-0.0020040849600892357,0.01910198999545784,-0.010923476737758252
37.41,-0.11187124154940203,-0.06576376210646391,10.361814743733733,0.0014226175022820156,-0.04679693700252316,-0.0052246058062957665
37.42,-0.3851221667042324,-0.035453358244232853,10.355211979981279,0.005564969418385376,-0.016719924422653194,-0.006896450305173563
37.43,-0.030795980942787075,0.08840652570632428,10.078464248712153,0.019095938871448,-0.028035470585193803,0.01714857649130301
37.44,-0.11202881303539149,0.23863795238414381,10.135782578485767,0.00609403420245854,0.006993157470400844,0.013998547078237302
37.45,0.12340805129831656,0.15257542040727137,9.955555966873142,-0.026614095513552868,-0.009233358684265933,-0.020597629548210088
37.46,0.1556180447316284,-0.1457613694732882,9.516439082544187,0.026002396544211305,0.0358706666048286,-0.014921341405592092
37.47,0.1581830470101497,-0.1169120238151615,10.132583777522159,-0.022872999717542034,-0.001060226952861918,-0.042501243211907964
37.48,-0.12065810271623383,0.306457625359069,10.327084302883959,0.01986055073285843,0.016034321726842448,0.005507828027071895
37.49,-0.15787945456528335,0.19069383242469978,9.973123402230145,-0.024184885393553252,0.00016477844879495723,0.019355572491399332
37.5,-0.05697471592974409,-0.26608899885815607,9.769602747475103,0.0004911150923392112,0.01353450121240779,0.014049794698801247
37.51,0.07248330091200439,-0.08340432682536017,9.699863835454554,-0.04326231058195183,-0.012896201371816728,-0.01392496142179151
37.52,-0.1673864964374093,-0.12111857646410235,9.07362811224397,-0.011302185664027551,0.012857667249657468,0.033230147751249425
37.53,-0.038782312337794764,0.16200234874498595,9.599116042429285,0.01802195875063773,-0.014441795273711198,-0.002125425318198912
37.54,0.015839278507049286,-0.16417958381748834,9.246814729614387,0.021995963817543127,-0.031583468121313955,-0.021398202387350726
37.55,-0.05163722342570866,0.2262445052875121,9.96714801987851,-0.021955557297013435,-0.0017403807905533996,-0.016158417695470093
37.56,0.030091232694544508,-0.3773753793314885,9.548105865263324,-0.028787947829531247,0.008240605162400006,0.003236875733123858
37.57,0.039660184677469755,-0.023080673173977894,9.62810725566478,-0.011878275372912486,-0.011182694946014864,0.028446009980245265
37.58,0.16381601080268865,-0.18341456808884168,9.74066734844346,-0.006476805970062053,0.001733145378578422,-0.015190620757386709
37.59,-0.10399142536617098,-0.12455424349533745,9.976929515358451,-0.010060923592414155,0.0045958633902427395,-0.044182950716306485
37.6,-0.06432290813030354,-0.06731824970025864,10.121208498835813,-0.01427982621947521,0.005801963679587428,0.00766992031658077
37.61,-0.12723415391175624,-0.010284851391592251,9.841917296854081,-0.0064515863936015225,-0.0012093650178211057,-0.03594298514989474
37.62,0.2388823649734083,0.15063815133909575,9.811406825445973,-0.005895403918452282,0.0010332552093350337,-0.025319314633349726
37.63,-0.40896267993284474,-0.37297617709929204,9.54539288590348,7.691011416435038e-05,0.014954671269285099,0.00995646553364113
37.64,-0.06030293965176992,-0.0805149389751806,10.41183776311561,-0.0026355967670358606,-0.014491426453347276,-0.01083207627520468
37.65,0.023367221867641334,-0.15849338498915788,9.686829189350599,0.010487484741071713,-0.023393880926336735,-0.037373161855051816
37.66,0.007019798286428626,-0.04164442724327834,9.995929879436881,-0.03585911966640081,-0.0013613778944555905,0.012151971782841326
37.67,-0.2611392070038533,0.1558244433863793,9.898359438790424,-0.0022406635650077853,-0.003736202604720298,-0.014338642089192647
37.68,0.04358530968605071,-0.39527465396319267,10.065298484009306,-0.014051220960699483,0.004789886196830334,-0.025140709948162785
37.69,0.04648253005717043,-0.3296424071118667,9.569563823077862,0.030103433244254876,-0.00013637075773403423,-0.018585214829667726
37.7,0.10515884328277585,0.1135385489115717,9.755963723946289,-0.006940618979059844,-0.012662689793495949,0.02070623967847196
37.71,-0.08233026820327105,-0.2777225639092409,9.646105343662548,-0.004057251004215722,0.010849114486036671,-0.012475248925060486
37.72,0.038534994190366705,0.3410682276952752,9.811371058006786,0.023407174885312538,-0.009844236282304393,-0.010514000242769645
37.73,-0.18657805930640387,-0.06596973480593324,9.499592770428034,-0.03762640212735487,0.0020325583919814736,0.010928775407023717
37.74,-0.16921677545195074,0.12497986796046287,9.327350579334091,-0.022738479613651993,-0.010192481355200572,-0.007972569877796497
37.75,-0.2854778418217883,0.05195677065787875,10.08739462540093,0.009724256363506937,-0.012098117106265053,0.03203501150166403
37.76,0.11369217990302022,0.051845637841318945,9.76934806344598,-0.0035839353581129238,0.00803392731924845,0.02916621190172058
37.77,-0.04008702343018738,0.04502418413030126,9.76790053489277,-0.010477285967577325,-0.01935871397482495,0.0129288548544078
37.78,0.055383972241568796,0.19138029792596437,9.720513553056147,0.007050210675321919,0.04583081365034835,0.009432987529322128
37.79,0.20132151201369533,-0.10774358445773703,10.140060147475173,-0.02455966676406121,-0.006771449212322361,-0.020073441074456598
37.8,-0.22309259822383193,0.1091423122010588,10.251617749296065,-0.015542462060005513,-0.020343147216360453,0.007488008234017892
37.81,-0.17376687520320314,0.19272936115614303,9.86662367152854,0.008087288140139103,-0.0031572665017964158,-0.021058103812155744
37.82,0.2693764820917535,-0.14967952988350172,10.047645928494312,0.010798094041573624,-0.023156014215731137,-0.0032930381748810513
37.83,-0.07701002001504478,-0.30373404992464803,10.211101047084933,0.006996911637967293,-0.009672195203825158,0.018638987597419533
37.84,-0.1671463096221987,-0.02519318965393739,10.22547497737181,-0.017895818225570407,0.011051902527621895,-0.004280020331663515
37.85,-0.01710407432850198,0.12485695294054516,9.980099178402261,-0.015445958218010513,-0.01961540092134346,-0.02091631837114911
37.86,-0.08563919557179311,-0.10696397205214062,9.706344217410038,-0.0052499423458067865,0.00693227379037182,-0.03515730225194182
37.87,0.013811278108474224,0.2958632452441944,9.845247179047917,0.0003915366157790341,-0.0034679872327731277,0.008423475894469864
37.88,-0.3627619367646391,0.20904482906998773,9.761916335320604,-0.004483539687146953,-0.04213211964810261,-0.013856645821250568
37.89,-0.3405058532431487,-0.28979553384281803,10.211220735062703,0.017709671858142755,-0.02392124113961422,-0.026523660138753676
37.9,-0.201290013670873,-0.0025254052620782555,10.134029242219574,0.021604886650673102,0.009246858506352665,0.002614456571293036
37.91,0.017486115489413746,0.21482793270835832,10.50123146165636,-0.026115033561970154,0.005429906417049719,0.00950440224810224
37.92,0.2861394348336613,-0.15140112160613645,9.812933127477283,0.008697330304381233,0.008534776419061547,-0.02627987736469919
37.93,0.36025115047933864,0.006676953772837349,9.774232670016671,0.019640925154577417,0.02162785795154892,0.010323717121506475
37.94,-0.31243166146029333,0.08506078894646472,9.860537105865141,0.005494396325856424,0.005911974673782042,0.02354942710607853
37.95,0.25354725394224686,-0.07638324342976335,9.426632331428562,0.006401861373971931,0.0002167977180686283,0.006164323190415452
37.96,0.17000260545335974,0.15996359813891323,9.316066722991547,-0.032709514576943516,0.005738896426584012,-0.017690964665108663
37.97,-0.11198557614385171,-0.0843770861479943,10.145950087457326,-0.002727724554116615,-0.04023418791233048,-0.0006257501019041338
37.98,-0.21179276295047816,0.03979291948539584,10.294068524547024,0.009450718503216889,0.01776616579573243,-0.01053833943518237
37.99,-0.21279042344077417,0.09918564503070393,9.902250123043379,-0.024258016257945443,0.01645896842863029,0.006859997294930298
38.0,-0.21699602960021483,-0.12705143956462825,10.00676761179557,-0.01007755761156703,-0.045402135151024196,-0.012603594500820204
38.01,-0.37452860535309573,-0.31304461804103567,9.843536360496213,0.02783851160748214,0.009500006111075163,-0.0339267373798646
38.02,0.07470546072403382,-0.11734861141747471,9.676131913911417,-0.00947163142110062,-0.011893615590067139,-0.011648139786216592
38.03,0.284852116811658,0.024239835062327474,9.50735399301088,0.012780513158849415,-0.006208130076980361,-0.02275261635852884
38.04,0.03488523051932547,-0.18748842708937946,9.241009146991109,0.03125365757068015,-0.0006647446946154198,0.034892744705434436
38.05,-0.030461727684648415,0.09128334396690008,9.976576426335269,0.026065200481720147,0.0039807253153554805,-0.012092255221495417
38.06,0.04883797232616261,-0.13870746139996826,9.770516924930247,-0.024961606313915006,-0.02729306547271395,0.01994006594991051
38.07,0.33524717391930975,-0.23275922463824983,9.657937170632001,-0.020379266783844118,-0.006920084126009664,0.006649871179013376
38.08,-0.026099246090540925,-0.06317388831624464,9.722537374067596,0.011076989050022256,0.011582832272475922,0.004404384191756209
38.09,-0.10473580083754622,0.2051969391401238,9.223216179478305,-0.014181913902178244,-0.005216761094222075,-0.02252880804846175
38.1,-0.38530471682116135,0.2947174914742833,9.62134095884217,-0.013358448641956249,-0.00039634698193947873,0.013631021688455789
38.11,0.0011029284514640313,0.21402986462872756,9.786686489059523,-0.015011478050062473,-0.02977006740572322,-0.0006298815230695665
38.12,-0.015617684790663834,-0.28629623649299024,10.226216491181015,-0.005935536453572111,-0.003693378446732648,0.005577598859676058
38.13,-0.2628503493464406,0.2031463757163209,9.805238148249558,-0.015839358722601553,0.011677134726516054,0.03844066994558367
38.14,-0.02476931676007287,-0.0944566622473107,9.885172416507654,-0.04349036176568852,0.0076179146346961055,-0.011828072755281213
38.15,0.046382473434191614,0.1561557620152086,9.646507872236581,-0.0031278372156974665,-0.020122641521745043,-0.004419906347348051
38.16,0.10011427791261705,-0.09671348090146407,9.943781737788157,0.016998507931479563,0.005885019027780731,0.009034623890089478
38.17,-0.15356806102308482,-0.05622525221226311,9.45415006246185,0.0012702464347157088,-0.015448363807567485,0.0017684964654437548
38.18,-0.22122488042562993,-0.03754480154092016,9.732079700826814,0.025056145017883332,-0.008201670927587716,0.04601180980255164
38.19,-0.18506238983434845,0.06372670405282396,10.181012958469733,-0.006733494985674488,-0.015116249395595974,0.015571424568483714
38.2,0.034571182461929494,-0.18258807390039397,10.0788680293409,-0.0020731115712052262,0.007248064377741505,-0.0013583577426816388
38.21,-0.07407695796710997,0.04358334210667209,9.917572912415327,0.008479591994377648,0.006792024925789707,-0.006608271110054513
38.22,-0.05512948010068777,-0.2542235399488807,10.399788511534876,0.022986105477459443,0.02215518569787198,0.02106363907641113
38.23,-0.07674956848039531,-0.02801334191164836,9.88669085292061,0.016914910373228724,0.041650817480170986,-0.021379114639755226
38.24,-0.0918783274769683,0.10107230219663357,9.59764546195014,0.0002988325518165769,0.0025800558174118708,0.03421085697433741
38.25,0.32203429759587815,0.20302487110331421,9.525294632472548,0.0016578219145230169,0.009183497205969456,-0.015749710921110764
38.26,-0.23249262710231175,0.10142918035958713,9.788815272579983,0.007283100138764369,0.048555961183929804,0.0001742012724481972
38.27,0.06325784748614316,-0.2557727173735755,9.922707013013632,0.02194325060095804,-0.0136005127052469,0.011909033527314823
38.28,-0.08082067716850296,0.011278198229003044,10.000470565583381,-0.02087323461883765,0.029961976833017396,0.006849446187878675
38.29,0.24946503532679618,-0.19786388897145793,9.705873554512038,-0.0162690266576005,-0.014396868647527714,0.0505284341134072
38.3,0.10224754711829163,-0.18949120371167438,9.773531975571574,-0.012733734992148332,-0.01318387750019592,-0.0015039275281212776
38.31,0.21290659338864118,-0.03948115124740935,10.119168099179173,-0.043597991890992324,-0.013174791239492735,-0.015450286687312815
38.32,-0.14281786238467117,0.33394806811451105,9.925196065693063,-0.04049856708406044,-0.007982277248087147,-0.011702743623154934
38.33,-0.03702388463423251,-0.1960215308917915,9.820757731195204,0.02989389063716939,-0.016441058553168502,-0.021260223411398993
38.34,-0.13000194872118395,-0.2506716184129698,9.294741654360942,-0.003481155909654906,0.013325880034623963,-0.006219667507785223
38.35,-0.1306591383887696,-0.06175403863492885,9.668707635862058,-0.029748236722052512,0.038752011302191594,-0.00023909972095138518
38.36,-0.10307106347160087,0.35505329096787913,10.225584982031096,0.035086369377262186,-0.0022763273892917003,-0.008102403022091146
38.37,-0.03583660709241543,-0.13818135790065064,10.037272898066197,0.02496437425726568,-0.009745216174908021,0.025981043658549804
38.38,-0.06877619346135254,0.06079925467763367,9.785348188425194,-0.015912454725529237,0.014497791244059682,0.0033571173583484947
38.39,0.09122787208935751,-0.08338118916071344,10.064317063657118,-0.002309101370803375,0.009411083117009276,-0.016298923219049365
38.4,0.09662894952523102,-0.16659002409839738,9.997593542577684,-0.03836691961368956,0.0291404303058734,-0.0071064315715515065
38.41,-0.05490634291251942,0.0185489879133358,9.858195412056636,-0.03297890721375766,-0.01785732139562088,0.04198628265363456
38.42,0.1576622499295268,0.1669173227970023,9.459883087442414,-0.002619618474977023,0.009808099590906892,0.02280148957582597
38.43,-0.07856890151806319,0.10145734982335393,9.539525859668045,0.001241607515731113,0.03536809578818149,0.018842922338698328
38.44,-0.0004598915662273018,-0.10907526679758786,9.719739008028466,-0.017546637530360867,0.024329678577666294,-0.02221572673530476
38.45,0.04558723942897706,0.3514300194897487,9.718953605229666,0.023571723681509487,-0.023531619960693518,0.003222839337272313
38.46,0.03304368462225618,-0.16309553577263647,9.539968211166187,-0.02454330204678215,0.0272697368520736,-0.010505379535147092
38.47,-0.010326665588891885,0.20141929518093094,10.025672904593447,-0.01816345457037984,-0.005139579889841144,-0.005710461227715641
38.48,-0.1294700341244253,0.26478159019353364,9.797459361479874,0.016035787954362116,0.011704373603872886,-0.0140441396596252
38.49,-0.11646260586604326,-0.09119691208110459,9.705198964336466,0.034746664624632426,0.010062610238646543,-0.013049427398216226
38.5,-0.034104455425789736,0.06351455378207212,9.601646095667986,0.008968994517699913,0.01104077920929707,0.03440570108330787
38.51,-0.03633767447427867,0.09718120802765606,9.679358976642979,0.020593703570294813,-0.006648751024593517,-0.008267485707900472
38.52,0.0077315395182013255,-0.19962026787594442,9.838153281971515,-0.007553909114281855,0.019720097964337296,0.02890051325795802
38.53,0.02410981363452118,0.021517171850050386,9.36922903195358,0.050526384417032846,-0.022382628224244354,0.003399158714573802
38.54,0.22656765128008582,-0.26927395017080047,9.58148300633539,4.594885905551453e-05,0.00454127804006563,-0.007674734000395863
38.55,0.1804382182740061,-0.16083782245621386,9.582497774178721,-0.0483956041030618,0.015678819845304552,0.012334604118827948
38.56,-0.04610378716305833,0.3166800388785579,9.836992421945693,0.0013771806078025322,-0.011071625099619443,-0.01709288448056661
38.57,0.3174102340097306,-0.18768433565052978,9.88446126751481,-0.004182500182006081,0.00863146004781554,0.011568809473489107
38.58,0.2783393039815816,-0.20881504062515507,10.113176307275976,-0.007681747827052325,-0.04302185637622787,0.015936176966504317
38.59,-0.3065235483470713,-0.052404009343737235,9.711106260919268,-0.007061678361375702,-0.012577391362664985,0.016432535361883282
38.6,-0.019924503100122955,-0.1530038513127754,9.435152325458198,-0.012429199730932414,0.013225772901132827,0.009595320330755478
38.61,-0.2134639194575432,-0.09632906404603382,9.401069321200676,0.009823709030195289,0.024804682433255936,-0.00031227425848058624
38.62,0.19380487725943604,0.010113456724154564,9.579067525583028,0.029334351483806535,0.02442013927325911,0.007661968775648054
38.63,0.2833068445007176,0.014391935031025652,9.474055444795075,0.02949645870478377,0.0012422918884742902,-0.004249115938827852
38.64,-0.044099307049447006,0.06749206321757562,9.422054919395144,-0.036602959919316835,-0.011915552346794853,0.0309100616234577
38.65,0.001261071566772336,-0.09087639912923597,9.86599364453699,-0.013819200121217918,-0.019319474429071153,-0.029377456719758
38.66,0.02535341951213977,-0.10066085587181647,9.848121542833479,0.02924354398718433,-0.020438158091544374,0.016357419487102745
38.67,-0.05587414904565054,-0.003335549798406957,9.899366300729405,-0.04426394948704768,0.02004121394027164,-0.0012414583458773636
38.68,-0.1058691759995224,-0.301544932158602,9.491922529229011,-0.00604420286325734,-0.018359605271494498,0.00324872811416587
38.69,-0.12458774459479735,-0.36200795417344506,10.446595814097336,0.008608323760104022,0.005682727310799314,0.04031361759352167
38.7,0.0749501595411335,0.07650024882698633,10.054673490767533,0.031298448398539375,-0.004970233781439456,-0.006133481132508525
38.71,-0.1905047657518522,0.08084903081916694,10.116849745821076,0.002130293398211417,-0.0030121780861524544,-0.02501543185167083
38.72,0.3250312290101333,-0.12926768769982444,9.76320463768047,-0.032417379301598215,0.010825806031952418,-0.007077931264898466
38.73,0.08690227355789744,-0.0058551534122154485,9.766600014690688,-0.0361354392038222,0.0006708018898925834,-0.004140724868998916
38.74,-0.15966481788510267,-0.07155704762585004,9.72575384271977,0.00046031451860966484,-0.012777089854715781,-0.011076902402070142
38.75,0.06520794524880658,-0.1101010447267779,9.815025346815304,-0.027945990453482894,-0.01838742955641819,-0.030185682322519683
38.76,-0.20974205395045847,-0.10681331285719677,9.89196881588558,-0.009812827866492126,0.0001704669128768578,0.0073585633063750445
38.77,-0.09857571599583496,0.05065921914831262,9.45556992667428,-0.009401687362343956,0.003447310103318346,-0.025806644803439034
38.78,0.09555428380114835,-0.23429044870167334,9.690626908624967,0.00977668773891127,0.00011605332128851888,0.007022757090196815
38.79,-0.0859908808518928,0.18467821943943744,9.724718539125563,0.0008254271726074424,-0.00248803572706963,0.01328468049731725
38.8,0.23593451389653364,-0.02002219415385315,9.539729354026695,-0.015576127007630038,0.0274874082478502,0.019889374877984357
38.81,-0.12685024403564987,-0.13082562627211966,9.621070620529316,-0.009223736669405572,-0.03586982492837367,0.0023768722339483034
38.82,-0.010102265532828456,-0.010840645507447132,9.663586214958409,-0.011623593289300306,-0.0335935677640196,-0.025031465530087005
38.83,0.19225293086541456,-0.25814637152284464,9.929505346982916,-0.0008594307592045546,0.017125246529764958,-0.006264928791074166
38.84,-0.11681108469740906,0.21623362937583643,9.667161474292016,-0.0051140411733816785,-0.01874482641070574,-0.004793802769178804
38.85,-0.0597092956390744,0.270007117502762,9.79991885956154,-0.01996807220552586,0.005148866751067073,-0.007352241119257434
38.86,0.19328254745108564,0.08624641199479492,9.411831498099286,0.03119771358359931,0.014624429504096403,-0.02296735863334421
38.87,0.21979498208415296,0.06016334663180179,10.40212226337526,-0.004172114383871541,0.017365836137050294,0.021841774993199736
38.88,-0.30660552553086473,0.10449191990527985,10.006436321668593,-0.012096134931920627,0.008407425884993339,-0.024707259735784335
38.89,0.13699652715067778,-0.1533931595152864,10.097027086060825,0.0089878644518251,-0.019706078722568278,-0.0009220316810775482
38.9,-0.2481091378452242,-0.010828830502370487,9.84575598320437,-0.0027753326185250226,0.00025692645111084875,-0.008365543929732138
38.91,-0.18905461384616276,-0.07021513276482912,9.573004940020134,-0.03304847442430139,0.01614799403027057,0.005637729466104877
38.92,0.20292008810426773,0.04229231476426448,9.628600213435513,0.012888128206451141,-0.019377115247194578,-0.006080379111448048
38.93,-0.15457192842514433,0.02555590859956431,9.607067425343573,0.016096770262480978,0.015584547938746644,0.017840582370613502
38.94,0.02021122731908745,0.20041043805232225,9.297850110128286,0.01534174628449953,0.009996666940795536,0.012448932139387815
38.95,-0.021649551126536944,0.09548004484508395,9.719433061986525,0.016287213772654945,-0.021165227560816235,0.05485423719736343
38.96,-0.02070445556312448,-0.16688852842246005,9.725766956875129,0.0072709091135319025,-0.019272490973418516,0.01885549517949034
38.97,0.08271081197208495,0.07121331332628796,9.422102205150322,-0.012178247853972018,0.010917739588402019,-0.0025904042249209475
38.98,-0.08751253702801379,-0.11110798427795437,9.5587326067383,-0.021613975549042753,0.0038364280635288894,-0.006705282002290145
38.99,-0.048015943988852935,0.1525977872518071,10.55849649990633,0.018777276132564427,-0.020439862738284825,0.003965495594248547
39.0,-0.20539451275717466,-0.21442225336616585,10.1488486045824,-0.003191539992860728,-0.03156931254266526,0.012147951880204122
39.01,0.08460734268020322,-0.19382097410931204,10.179051870264137,0.01174849867464759,-0.02465209791831653,-0.002014605752982226
39.02,-0.036101144682752405,0.04777487282556054,9.677032160684812,0.00591940906032941,-0.028380141255400993,0.001381565461182118
39.03,0.06811949040796059,-0.2553102071901292,9.674483793699103,-0.0019572133704142364,-0.015737791867629056,-0.007290224466090564
39.04,-0.1804244157481133,0.055359636987591915,9.776422500277699,-0.017531537773867123,-0.0015231987383756754,-0.009891984747471287
39.05,0.25271362830408634,0.12137688374299851,9.74320188740276,0.027623596970093964,-0.017674603262627573,-0.01752064300486509
39.06,-0.06390387559477691,0.29947278533394245,9.679122998769385,0.0068001813637938585,0.012543231426876682,-0.03163774202623938
39.07,-0.12516107837501744,-0.1837159814939177,10.19880142791946,-0.01583336416349891,0.011743843255098373,0.0033153503132428938
39.08,-0.02441647542859821,-0.05248990840284199,10.16994025394122,0.0074363066332479525,0.007989691242831633,-0.02446515262277397
39.09,0.42529807209340287,0.028885512469012498,10.212059162673725,0.019787838989487133,-0.023642632678633313,0.04252858703920716
39.1,-0.20362897970981642,0.172825338203079,9.892644872734111,0.032098542689802445,-0.03210479649632498,0.020030153939727
39.11,0.1756231863749341,0.3056927575428747,9.761072958585057,-0.0037536941090672887,0.004091843398205362,0.011701646076374769
39.12,-0.05723909078057154,0.2298628365691016,9.694487738143037,-0.030017198098415174,0.00892849679810185,0.030632261147114814
39.13,0.05339237877471675,-0.03309596241309056,10.14177905534675,-0.011723703941962265,-0.006990201701098287,0.022611276773483617
39.14,0.09417034326120106,-0.23649868950041564,9.844309427852433,0.021135853849371052,-0.01684810737298427,-0.011970961857264257
39.15,-0.18480601815734687,0.012260985789864868,9.421098508326208,-0.013238017498510507,0.009417379948637993,0.014586935630092676
39.16,-0.17239235411890086,0.0692635653989655,9.817089126395093,-0.010954893268286886,-0.006259068851507658,0.003108123486985341
39.17,0.05823923556801804,0.20738300189974024,9.663741572942879,0.02008626367598835,-0.0018361312673112204,-0.027994781048402806
39.18,0.33898220915319305,-0.028403128676063878,9.89566436623755,-0.01567352037114353,0.008153827542625492,0.03084812527846086
39.19,0.1856306252416827,-0.128177645269739,10.259909675496987,0.03602209389308076,0.02392377826177592,-0.005823979048541353
39.2,-0.007323746705474111,0.21292919325606488,10.068905431996543,-0.019311981369115758,-0.03935986494694999,0.013193983612489088
39.21,-0.10450275359140034,-0.2105846145799941,10.010251915262007,0.009823215794629307,0.012604554108243243,-0.015378419680782948
39.22,-0.3191254395281061,-0.19233282791701234,9.823024339200265,-0.0031439123852427075,-0.010643939163889705,0.027043193526104427
39.23,-0.034822771452070876,-0.3308366052547071,9.400127328130736,-0.030152368919700922,0.008226121320795273,0.00964805145754741
39.24,-0.02896983431514399,-0.07340137347048925,9.49214851574823,-0.0018179575335541221,-0.022951135662950435,-0.009192065208850131
39.25,0.284874128220828,0.14322648357019924,10.219813144147267,0.001842144113634012,0.041776980295364655,0.008180883796030453
39.26,-0.0057340704161691096,-0.2498285765070152,10.015030984802467,0.016419517624262005,-0.004988313152238706,-0.007839412768654998
39.27,-0.17300317969032772,0.14940956967599536,10.177254463242244,-0.025934455042266703,-0.031761143994584205,-0.0033529202097130474
39.28,-0.14262799258287182,0.06425819166413761,10.240224294253997,0.007855506459450315,0.0025514104882461306,0.02701802903840007
39.29,0.4611418001656951,-0.21419502521685443,9.690384373046381,0.004390943491410975,0.0005186804481050978,0.00061863850190616
39.3,-0.19939594436239996,-0.12630229511540322,9.634000801120152,-0.006744224137316126,0.023273779298612473,0.010504684692624663
39.31,0.025809776256451564,-0.2572177629588873,10.184960482912391,-0.020728431225097713,0.0009205014476095678,-0.0166575902952657
39.32,-0.07018690248949476,-0.1625572542899741,9.967612899663472,0.01962297884831248,-0.01926675538047806,-0.03321490460588543
39.33,0.053132513111750386,-0.02537412456883692,10.155226164421661,-0.012869672738818788,-0.0028275381897012947,-0.011342076965443865
39.34,0.3814196745575932,0.1804782476656487,9.746682818203862,-0.015979603846636964,0.004285661863848129,-0.025789999480190316
39.35,0.1703876854241062,-0.204135173042558,9.690248133152892,0.0163498735100085,0.017128708159799288,0.03337458949575223
39.36,-0.2185862944500383,0.12111795322290125,9.73653622196434,0.03727685414704561,-0.009250456961068071,-0.01713744278844933
39.37,-0.047871374014535,-0.12574845875787546,9.593298232869282,0.010328120701851629,-0.004040865504049548,-0.015219613268404602
39.38,0.34432042903756,-0.18990901624000028,9.668914099932822,0.042592053644582455,-0.0027175388799057206,-0.026060555861978977
39.39,-0.2083619999814954,0.015650293950520977,9.921842117402797,0.036208071023753785,-0.025719845850683553,-0.0033574147248242262
39.4,0.12095695954097002,0.15079983809817465,9.951379309533126,0.017345215881833412,-0.005509168337392396,0.030296818467341585
39.41,0.015619333908187297,0.09141390112395816,9.856959566516048,0.028549218443467323,0.035397422633909235,-0.03093672654220897
39.42,-0.24889268754203037,-0.06545374596284573,9.536104131251149,-0.015539072199697591,-0.01288288568980533,0.04660074871246767
39.43,0.025288619207919222,-0.2756691095222734,9.726302247503655,0.011482413798308139,-0.021919954333941706,0.0023360062525952597
39.44,-0.23093939115812975,-0.2406828086168024,9.474777234806373,0.008771829160099366,-0.03373832867856814,0.014611765483386654
39.45,-0.10114872997608441,0.03047524392475318,10.173699625265671,0.016469295826237924,-0.027859954398465794,-0.00044208057779929227
39.46,-0.15908464124776617,-0.0812920613426556,10.13431167783164,-0.014010063831543743,-0.00930808546645167,0.019905259584953837
39.47,-0.17868576744800732,0.05725302717699148,9.842627812950317,-0.05233964561367614,0.02361286429067367,0.03284971042687801
39.48,0.012609198639278237,-0.051481353438070095,9.550394541203293,-0.00815085334267968,-0.0164064703863514,0.015903982526307404
39.49,0.011728167977914537,-0.24385707816259758,9.602227079823546,0.02456733190439541,-0.0460018080276213,-0.00412539341716176
39.5,0.023638410056081836,-0.4212795264754314,9.404731335806662,-0.022579597526110495,0.003843835827190058,0.01103012573410606
39.51,0.1731018412955432,-0.15301814911145084,9.553496415664341,0.03748893768734554,0.017189570462046673,0.0003632070444373075
39.52,-0.4066458968697867,0.06062700085055835,10.003293404837985,-0.001024182882442447,-0.010282590025196126,0.009716823506513853
39.53,-0.2888270961311744,0.007427754305190569,9.892006762054196,0.006932108504819055,0.010879647854201934,-0.01182302429861087
39.54,0.05319272064585204,-0.08152442354079589,9.564350176220922,-0.009111258895929437,-0.003493823340404669,-0.017866371113429272
39.55,-0.2960002761341086,0.12094834029770796,9.359433888618423,-0.005998447385316675,0.01513401823240612,0.028164224135266955
39.56,-0.1038418329951614,0.3160540237134031,9.743894808117414,-0.0018834247315139545,-0.007791699281217816,-0.01683729159094697
39.57,0.009337907328101783,0.10744551476230985,9.735756316808398,-0.006255604801352869,-0.030444675617829292,0.014740048961995681
39.58,0.059549413815136606,0.10266234591878502,10.35802049577865,-0.02406509721744352,-0.0180681392836859,0.00866106995388893
39.59,0.11897564549649965,-0.2887834567816116,10.390058469907158,-0.004165370008787097,0.0033552900898992147,-0.02553808059643968
39.6,-0.18361081465781853,0.03058096026011606,9.894538461805427,-0.0033280578677255908,0.016438336211548936,-0.004801049599781919
39.61,0.006462585815830185,0.008365112914050848,10.128728049953725,-0.02450885748298377,-0.012936070373303556,-0.017900526057796084
39.62,0.07925140908761034,-0.14213803707030262,10.289159948461593,0.0290521780245111,-0.009000088300254476,0.0281507561360193
39.63,-0.10732722862117235,0.18318643409408608,9.959743021047782,-0.007331577393580334,-0.0020395463657960507,-0.012604248950104865
39.64,0.13708162605756083,-0.035096301637759696,9.749451064926173,0.011537244812529903,-0.06108334115109291,-0.00968171160947568
39.65,0.0697631177300788,0.08012589405002804,9.334343157628554,0.012679440267752364,-0.0168898788922652,-0.001664034997223925
39.66,0.10981457340209341,0.40418124262516003,9.96688443685813,-0.030520557641424306,0.03666132160925541,0.011039989693624975
39.67,-0.19784849168169177,0.15191354140532154,9.47896406733391,0.0071031033973168786,0.02139584168132808,0.005407981895410356
39.68,-0.03578247920069872,-0.04693258962917389,9.193274142120625,-0.007240276480374019,-0.015274959062360668,-0.013878712007743897
39.69,-0.03368491560652417,-0.08130856402903197,9.406186339465153,-0.002569353776610529,-0.009639029469169993,-0.019445776259934794
39.7,0.1676346273405832,-0.11991345678361663,9.467889932332096,0.013946970146417433,0.002047252041017167,0.0032189647961005634
39.71,0.033920714694539895,0.06397893985730602,9.648569685938526,0.016377782823241843,-0.018789336295235402,-0.0014513843996565303
39.72,-0.06652640112126298,-0.0009011808672901676,9.390938243319562,-0.02441267221106272,0.011801371382977004,0.02868268154470062
39.73,-0.09899297451745769,0.09299849513026752,9.464611529275594,0.017244078078272797,0.009766413003170129,-0.01389918234962711
39.74,0.400977084129093,0.16279006943523966,9.605783092868576,0.04700480782785712,-0.017962119792736892,-0.008260807867274648
39.75,0.08691055438267917,-0.025104227713913425,9.76820856379857,0.02531572434042211,-0.006741692332839683,-0.03514198073744826
39.76,0.15038936895396912,0.15551264192887085,9.613510295635619,0.009817345138078632,0.0005806436851748704,0.030777678962556586
39.77,-0.06683868197281813,-0.06231610794270271,9.9897493574873,0.016122715121710516,-0.00792657671879409,-0.03141493648493031
39.78,0.0979931317408291,0.12938709138811677,9.74073885530213,-0.009656500708841036,0.010677568087139022,0.009699466098570338
39.79,0.0556233211480451,-0.20954832334322823,9.56624804291334,0.002935319064524509,-0.020181452081467717,-0.022201599618714606
39.8,-0.04035425422650232,-0.24881982743562311,9.904839831616579,0.0037331057490761076,-0.008813369454222442,-0.012389546478273283
39.81,0.140243499329247,0.3283930834314887,10.010613890087916,0.005809972539809057,0.03522816386208073,0.005012721087239384
39.82,-0.12449781687698894,0.015595011245815277,10.032056256172911,0.013710133203024827,0.04091315796968295,0.0015934466074774278
39.83,-0.2236367682726603,0.030219354503360794,10.274642548431272,-0.010447230484334161,-0.016977495569356422,0.0007602230842956223
39.84,-0.05456469909858913,0.053907565214744116,9.857536737668706,0.023124209607126044,0.03590054416797381,0.010295870711686361
39.85,0.1343206382074235,-0.046846830804578896,9.49108994211798,-0.00555835011476228,0.012471807299916891,0.016689153067119405
39.86,-0.35187728014617714,-0.26861705468592284,9.871346633013609,-0.03464883186113052,-0.012649221639323438,0.04632752761883417
39.87,-0.0939663953926723,-0.324340262249481,10.261962391546362,-0.025406841446606838,0.018357981352047584,0.016468305985652743
39.88,-0.2570084556008392,-0.09218463453107133,10.439228497648726,0.008128960542942234,0.004322383161728903,-0.01426653465733016
39.89,-0.04198010105022492,-0.09285176626294213,9.639075257676712,-0.012161183404315648,-0.004677524696211737,0.016757554636996016
39.9,-0.04983045353975865,0.28371050085659244,10.323926641328088,0.01124271585992588,0.011863778179036577,-0.026820336452694937
39.91,0.07082715187855046,0.08203009790975992,9.667187101327936,-0.004333406982614061,0.01334829466837924,-0.0017549564556127253
39.92,0.05340213845665868,-0.026934890960312676,9.945770503783983,-0.02288160110042984,0.0021507763769097635,-0.02550344586962595
39.93,-0.3512385794073414,0.16988981409513873,10.052122666553984,0.006559979945423315,0.008060342861843815,-0.002413310174794092
39.94,0.3098646539176894,0.06727230910869615,9.708605558537688,0.03374636684402787,0.013468339726368109,-0.0011196238538122459
39.95,-0.13323865309221247,0.11288441906548119,9.303340044508674,-0.0014222665667071716,-0.031247509058224612,-0.0036036886936073424
39.96,-0.056750679608369554,-0.22465385569096558,9.409470070744765,0.00576043963578984,-0.01836227612412012,-0.007582117838625024
39.97,0.29459610229309224,0.14923609341975616,9.37151105715668,-0.012671790350397826,0.0189322815832117,-0.013241656145893505
39.98,0.3552552113279041,0.14130163770292753,9.798311467035848,0.00452766662179488,0.02263399949364126,0.0007040718954942904
39.99,-0.016006857673842346,-0.17941354363093387,9.481654006604275,-0.005479666665042773,0.00422737797256311,0.016012128656707657
40.0,-0.0916427844366614,-0.023101311162209915,9.530966531555542,0.008205186237072733,-0.019264199052391018,0.0010996529573027466
40.01,-0.0007488240377053054,0.19727053528721003,9.659092587075406,0.005419301815447338,0.00544133617489518,0.01768763192236998
40.02,-0.19901026682270828,0.3170173780639056,9.470085894979812,0.01570646349501291,-0.002833780351997137,0.03822095955334374
40.03,0.09864788966239661,-0.25696297653881334,9.636266551567084,0.002721597544228089,-0.010580917567389297,0.01286134494435617
40.04,0.10863940754939251,-0.09237332408769391,9.744845156275282,-0.03224561189326559,0.014869166457124227,0.013963091665056803
40.05,0.14388718620644847,0.06893724322461442,10.173317318262178,0.004445142602610722,-0.0036614638249460106,0.008196626500719286
40.06,0.12218532889980399,0.2955197913506979,10.044524491332519,-0.01543820775676315,-0.006398066372223277,0.03982340546671188
40.07,-0.15788834206214747,-0.08158494877191026,9.632247445427149,-0.04687118205706833,0.013303428312933217,-0.02144172257517757
40.08,-0.05894590685551075,-0.06685185402637776,10.02006253077906,0.010622988032221668,0.017017619850827483,0.028772765459365513
40.09,0.17122651066080283,0.10814067239518602,9.968553772638806,-0.02054084166961612,-0.009391138216548125,0.004434763677952434
40.1,0.2382253957545173,0.2132981510969988,9.805297453651985,0.005219057719812594,0.008265133464934363,-0.030090549955195847
40.11,-0.22230490563135286,0.029374027238749673,10.022035270376993,0.0012975326287618632,-0.02234020817706984,-0.0009047664686097014
40.12,-0.07276719438513612,0.2018205009213604,10.298188406538781,-0.002495889692920758,-0.02281436298213055,0.0031188751495192218
40.13,0.08387057287677765,-0.14686600482637815,10.17581803402876,-0.025235124342978664,-0.017671382660068784,0.0060232967542297716
40.14,-0.16197860912937248,-0.05594695719209575,9.618272173815138,-0.028232109988886738,0.016199871084445806,-0.0005477209470775613
40.15,0.08809194580460958,0.11901526987605843,9.490349472525255,0.01329271330067039,-0.004969698085264337,-0.00988412848885429
40.16,-0.4347593123699019,0.03471590258205554,9.663485809101923,0.01718053327733803,0.002168967401365973,0.03578644152239742
40.17,-0.30945652884865765,-0.258544363255367,9.93970379410794,0.029868913747873135,0.007598531983506295,-0.00010963713293319553
40.18,-0.24248564219774502,0.005447211637934326,9.9383925511071,0.0064456708246009835,-0.012484797965778269,-0.024961693715384474
40.19,-0.02454538196355371,-0.14102053058790737,9.606103932340552,-0.03952421753606021,0.01384253107768913,-0.026676565654854094
40.2,-0.08968274828182934,0.26232451561764075,9.780719685223065,-0.011357915992026693,0.035249275381960724,-0.005492224635042805
40.21,-0.200681954003423,0.020384972509171647,9.611886888090002,-0.03164460225494954,-0.004129895918753248,-0.0035633650742384997
40.22,-0.24074954777580063,0.2562425352115311,9.397990899094246,-0.013882352344002652,0.02123581664543251,-0.006568678726659078
40.23,0.3625054377360382,0.036881536262296025,9.868635483038632,0.02826927135789297,0.0003703840614708652,0.004021394451765292
40.24,-0.1034282940665764,-0.11002867696350027,9.95971180994285,0.031549888718371596,-0.033928705583767226,-0.01766362292144836
40.25,0.06043288936916695,-0.09761539118148907,9.566930426769773,-0.01130256985466815,-0.013650280918245779,-0.006941794484695351
40.26,-0.012269530008907894,0.044115323372661726,9.734920954540534,0.0034067249795256185,-0.04001387277749087,-0.015226107301125332
40.27,0.09054941136695106,-0.1850830521194406,10.216514256716891,0.015998726288044607,0.048532650498458445,0.01646243021470483
40.28,-0.00289237184816441,0.10412391415426979,10.063293582484974,0.015019799870860532,-0.01949199932939087,-0.00411550156412064
40.29,0.07300686828364614,-0.24279913473608036,9.56183650125453,0.00896173724930073,-0.020016835925669246,-0.03104060457380275
40.3,0.03151447512432269,0.0741813106609177,9.559397709705799,0.009940776670362106,-0.0296637969451262,-0.007204797567341755
40.31,0.20256621778526201,0.11786328107667175,9.44953227849652,-0.021221864474679185,0.019189593814348184,0.010604767607338753
40.32,0.2420500049670661,-0.008994249990281828,9.719766004426736,-0.009082737611767387,-0.010414256899067015,-0.016998141953522197
40.33,-0.27745372322467426,0.0765753508784011,9.561397543781958,0.017058615176480035,0.00852959375983517,0.004309442615764545
40.34,0.04057603231655179,0.11686275438068873,9.30437845971312,-0.016323986991507444,0.028018952435580214,0.020245490859330393
40.35,-0.2501367766547261,0.30966464555578743,9.920737678833419,-0.026902754369979253,-0.0033438440934889587,-0.017418630776845138
40.36,0.2279583259691718,0.014568701499866103,9.745748046442198,0.017424079640976618,-0.0011293825106005865,0.046458166754131024
40.37,0.13313772967877316,0.12419882391037915,9.949263936283018,-0.0016526917159884246,0.013981745555902746,-0.01182489075925385
40.38,0.05367951832350277,0.15404735557478708,9.828932168012948,-0.007319276073118146,-0.0010212482265048856,-0.006560708574793504
40.39,-0.01807179038147597,-0.02311299804623203,10.312745474026922,-0.01853345253787776,0.0018507975377465814,0.020982076347646275
40.4,-0.04375220726665873,-0.09209785862385789,9.911773486651997,-0.02124930497698869,-0.00941087500918289,0.009597509158716972
40.41,0.017438327075343655,-0.11094179318391156,9.838817561571554,-0.025665166180527794,0.001395895958528802,-0.006991157159152652
40.42,-0.14784923881728357,0.2639681589913948,9.884721539178738,0.026228464458441143,0.008558632732555272,-0.014252925431014137
40.43,-0.23006912963799334,-0.14635180468548062,9.939786091702375,0.01250965534316521,0.01730071500728948,-0.007091409323290779
40.44,0.07705485620675159,-0.37818772988551086,10.379246635665716,0.011238726415703797,-0.004357220049090177,-0.023427822179453432
40.45,-0.26936511417207193,0.07539278444166023,9.891213775257704,0.025823124865104578,-0.028542843600393185,0.010178432132623599
40.46,0.06728171337171936,-0.18403472453563505,9.821672701036526,0.024638975469764873,0.016313764418559498,-0.019128723021610363
40.47,-0.10570317199901015,-0.11609117304567253,10.188068666921772,-0.011655200938820883,-0.011530087931996088,-0.013014896092981074
40.48,-0.22505562807837193,-0.11038712479324082,10.035083503127245,0.009516208441364013,0.03596242298452298,0.051051655852569565
40.49,0.1163309968243153,-0.2718172821604346,9.768683046103318,0.007659122889029105,0.040378947816172565,0.00533218017068314
40.5,0.06596374798207874,-0.18584965090646885,9.607756150748655,-0.006519131248383192,-0.0009794022953574515,-0.006748252484169215
40.51,0.08520713901972163,0.22009580231415643,9.57199487536613,0.017083839681066422,0.022292935312565047,0.0016874957435237979
40.52,0.027896969176761596,0.09573352389693819,9.477668877682659,0.017626130320376625,-0.029858242240963482,-0.006140010523164073
40.53,-0.19262211422246636,-0.08892525234363105,9.665905234048207,-0.02541609809397579,-0.005287952519042931,-0.0063668894075783865
40.54,-0.29743870195844596,0.013895893271332503,9.400209624899356,-0.0022839243175842103,-0.013358896734658917,0.047801647189344425
40.55,0.0791473763748297,-0.19443797531383486,9.143866007918072,0.0455851979228605,-0.027839384192215228,0.01434606961634469
40.56,0.14994332856262982,-0.20039675519948003,9.532371281557861,-0.01493762785478089,0.008160093358492168,-0.013775185403430718
40.57,0.08151311681743899,0.0014681144644313282,9.648885857211301,0.03822692936348078,0.019833739355562385,0.009429699767017073
40.58,-0.10868176671130476,0.03831040886328115,9.265517867109315,-0.009145211431580886,0.025465541761178618,0.022568850255387508
40.59,-0.050836613157998554,-0.10706265450898018,9.90830428517831,-0.01949336753397595,-0.000748838061845701,0.011518533912997134
40.6,0.5227847682648092,-0.08143793537301898,10.609144353150587,0.018597500721746568,-0.0009429966372302709,0.027661049633908547
40.61,-0.06280279317572254,0.08768697858975875,9.925771590606665,-0.0059522118334878055,-0.026037386762582396,-0.007273057297298145
40.62,-0.05400018905624082,0.19465866486290884,9.802322272913187,0.020580196037520933,0.01617012077862565,-0.012072295411504489
40.63,0.06526765520740385,-0.11981974354243276,10.35193352941762,0.022712880501223658,0.013034752052693529,0.021740823585738103
40.64,-0.028842798987275903,0.18968528228162929,9.745483475860992,0.0076116181516299045,0.005339330298142283,-0.013323392446582752
40.65,-0.11920717113030983,-0.13714867888894308,10.010858957697641,0.006187030692340045,0.00364077269229119,0.010723177972934306
40.66,0.1784514080615252,-0.17978914819881056,9.815821663833432,0.007578159482245096,-0.013554838980281269,0.028675992271741297
40.67,-0.2899980847215787,0.0783400331942937,9.454697035138478,-0.014905752908101757,-0.003933803047269321,-0.003466518515503402
40.68,-0.22327452980869153,0.2118199894795208,9.949430253408554,0.008080668403001845,0.005634601563406747,0.009394821705769276
40.69,-0.02590950304732043,-0.10487436496790128,9.741427485419495,0.021307890023193797,0.05402760746871983,0.005320792758653845
40.7,0.05665348355613385,0.4280879313403824,9.649281809831798,-0.006797214914324632,-0.015006215878383003,-6.219016801785278e-05
40.71,-0.07366378237936358,-0.31165192898802985,10.309067338762288,-0.011832798910875653,-0.0015958634093672926,0.0030184418177857577
40.72,-0.03508068880858892,-0.1995632216633641,10.494491024192133,-0.014828631297347027,0.002994875720802659,0.0070051566766796336
40.73,-0.1059597779597245,-0.10396785618937353,10.317574283553776,0.008506084688081632,0.004513925636528591,-0.013288476827939254
40.74,0.10696371433536109,0.1144453129195974,10.36303028399291,0.038852215903100756,-0.011225464843031035,0.017335155427863427
40.75,0.10913609772219372,0.02529311041474968,9.857355176078087,-0.021465772801938673,0.002022245981434649,-0.006875898586714898
40.76,-0.07710904092162636,0.1447642351275188,9.374311138166656,0.03089630692881764,0.007569074750017526,-0.0037576987557097104
40.77,0.06906792259649067,0.0379396001196141,9.657262608917144,-0.02144387535543396,0.005469538841609954,0.005220719367017794
40.78,-0.21411717909336678,-0.049856691451963676,9.405071270600024,0.017119711535505153,0.024313229633897104,-0.032424831798795115
40.79,-0.23070917927449822,-0.029225765769064552,9.534412004407683,-0.005471187960030487,0.028399626691111426,0.041032813438401136
40.8,-0.17341071222658844,-0.1561556491878318,10.07469089410581,0.028415626661515325,-0.026306751935300545,0.005124257876186759
40.81,0.17694051243756723,-0.0473801106577204,9.779526796284003,0.006137416580543181,0.013691531341007474,0.009443309179936393
40.82,-0.09544473677111504,-0.1904884015319578,9.542329869457864,0.022472479265481262,0.012103591014723051,-0.04677946961762652
40.83,-0.04374421595610875,0.20398475694806886,9.414375918146872,0.038524382124244014,0.043109881667359254,0.004534265729949531
40.84,-0.03160056329255961,0.04288610902871702,9.361933335248956,0.008169919055410951,0.011439903211220084,-0.028531774968023064
40.85,0.09064493215823688,-0.1177120545046404,10.22380618730649,-0.007368320759908751,0.002036676672017815,-0.02064412308024278
40.86,-0.31253656643461264,-0.0851480307316266,10.591561489324747,-0.0397181168449122,-0.015037281686953142,0.016136764005692188
40.87,0.16352919626790172,-0.4590401134927698,9.811778703511463,0.007223074707130351,0.035592313919299554,-0.0033975580350784
40.88,-0.080793363285048,-0.3188947053060521,9.802087452105644,0.04342105876005518,-0.00045271681820185965,-0.003307906932516688
40.89,-0.040348175629479247,0.010727890223323103,9.429133852323574,-0.00989852275642626,-0.015181694453866813,-0.012760555290373024
40.9,-0.31396699326464234,-0.14871275846027265,9.835726971778787,0.02448970966319905,0.031571907569608385,-0.024727569099641952
40.91,0.29227759104455003,-0.3216370996410867,9.139827642353675,-0.012912790224736641,-0.0003839472611488579,0.007528801677659773
40.92,-0.06969697695275309,-0.1848017655760033,10.066660883178123,0.008629101327254772,-0.024523554165059844,-0.0010139498387290058
40.93,-0.15679355356079044,-0.09190445971457943,10.232928861972676,-0.017414938177162543,-0.01773745431784391,0.0016717487829595826
40.94,-0.1612812131673872,-0.39174781067966385,10.030124099026235,-0.020914661063525762,-0.02164349801885706,-0.0026588681829446893
40.95,0.12475086018236471,-0.3762492155151979,10.038505046429663,-0.012888910929191028,-0.02069558985574128,0.04429082756533829
40.96,0.09779321293934515,0.21671521160948,9.63354255779957,0.016418018979196182,-0.004611510253588185,-0.01140934315957045
40.97,-0.15171716449946737,0.06728895965881662,9.89508044826634,-0.008091719669179813,0.01856504835800315,-0.010880185325149927
40.98,0.023434190114918967,-0.28021431642201117,9.918553411968503,-0.014007990793112823,-0.0020017810578516785,-0.024209304697641893
40.99,0.17640132075188156,0.24945108266517171,10.158559850734873,0.01140226921668096,-0.024474149975294138,-0.007193309570931479
41.0,-0.1383221860084469,0.27471142558773,9.390702482373149,0.03140707365496867,0.003146715765595381,0.015099138789015866
41.01,0.27136658155898996,-0.2773004387012217,10.234087229288534,0.06039465692159252,-0.006217366387861535,-0.024227736632392683
41.02,0.06141257513353299,0.14142033907563029,9.912878097170545,0.0012561639098906186,-0.008387005234908365,-0.007551082403576991
41.03,0.04076171382005113,-0.017971102579972364,9.377033547431317,0.011407445695394052,-0.0035500744883895496,-0.0021314982944579557
41.04,-0.14739541165648454,-0.10234145800406386,10.262138531758776,0.004120052268635007,0.0008969774685966423,0.0034930968766095634
41.05,-0.0807035018547286,-0.08156373024493019,9.629693240789441,0.019149833337887508,-0.03640757976494338,0.032308584828763656
41.06,0.38102757847455926,-0.1881872323612884,9.715944312796992,-0.007726874952009739,0.03127263431652755,-0.021005747645664413
41.07,-0.3140214305935419,0.04737916526661568,9.930804970297698,0.006378578103342362,0.019708332316472676,0.007057590040490874
41.08,0.39710681462459585,0.30555483557143215,10.203270924860869,-0.0050092638098080565,0.007848258112401457,0.016223146680278307
41.09,0.06795757111192106,0.030514352142986294,9.632580267164764,0.018270540233815868,-0.03182950259157077,-0.012955235659907497
41.1,-0.014912632469523505,-0.32662442103469275,9.78796832401559,-0.017677044473672257,-0.00923149479521242,0.023488770123251065
41.11,-0.07968954805279839,-0.37217265853669446,9.499958986506947,-0.009073103346867053,-0.00021496530369227495,0.035403802638885824
41.12,0.22587239603393966,0.08426884392739896,9.753380138392568,-0.005009153116351981,0.03625397647939474,0.0026154295121672594
41.13,-0.1514507489481674,0.016436206173948958,9.418824254614206,0.013232813213675967,-0.02432182867533297,-0.007964767050651814
41.14,-0.017058060009011746,-0.48624850397115604,9.600927774193693,0.05548323076700787,0.0027474579110247544,0.005155178377057346
41.15,-0.1290657451109063,-0.0878850276635194,9.55425949649539,0.04021696778980126,0.01712967261652945,0.019574732354560094
41.16,-0.10412112608107088,-0.09950371236061695,9.361857405851568,-0.029882074437884404,-0.023225658121822892,0.016236031622246325
41.17,-0.0657909518583686,0.2843555243399308,9.503650188014788,0.04998046072548409,-0.022509564588102743,-0.012353460507040342
41.18,0.08706827196561238,-0.07849447368238245,9.612159604986017,-0.013931842728992205,0.00031015456677495475,0.0026386435598516403
41.19,0.17592886747802278,-0.18010602298901696,9.715029601367723,-2.383437656170507e-05,0.017485154427266943,-0.033174582512183706
41.2,0.28675414750126466,0.19991756267445204,10.020672687060957,-0.008728217294165883,-0.014708370717053514,-0.0045886120590580195
41.21,-0.15935179198891444,-0.052655811920613846,9.902897955098576,0.008002720349694606,-0.0021607794585029485,-0.02835918315684232
41.22,-0.056610883084732444,0.025607504315539147,9.678138704231614,0.00039116496603702,-0.03499231304023926,-0.010663591438234886
41.23,0.18303668138244458,0.17070213432941259,9.978980125477477,-0.0005314286812603655,0.013618519157437267,-0.03413900503841165
41.24,0.16094173655411234,-0.055947507645568086,10.122428346048697,0.017206320892777623,-0.0032957740410118085,0.01462741466186732
41.25,0.02659367714164149,-0.11287540500155338,10.042222351426101,0.006141507402755581,0.027735779973457542,-0.017865982820472154
41.26,0.02989089971171156,-0.10076720936256055,9.367343019273365,-0.009457842173013788,0.015411010593808344,0.011168710655703446
41.27,0.24740477333021496,-0.04360969536985105,9.818028362049215,-0.006763698593683388,0.02358651258167098,-0.008045283648404448
41.28,-0.0891102590389752,-0.1639764039411812,9.305013510990177,-0.012839043063975012,-0.016163854629781472,-0.02682396244753076
41.29,0.12332931614336386,0.041170982286151514,10.09016514298445,-0.014579287602598813,-0.002486425860705487,0.00825916135172515
41.3,0.3265510732409249,-0.09205505746206032,10.089762732827396,0.027082416175372572,-0.01917302089203362,-0.012374203530936602
41.31,0.16306879935175717,0.17291982613069684,10.068159070887598,0.0320966459814597,-0.03900923387205017,-0.004913037951140837
41.32,0.21619702460501938,-0.12784934975850137,9.790091305901042,-0.026933550700010973,-0.0037594708387886566,-0.015386212573064011
41.33,0.06776608217930377,-0.14286834703440018,9.609467100984997,-0.004632892149460248,0.023908417654320505,-0.0012323155754340057
41.34,-0.07508574145527619,-0.17417549393634799,9.541384280242067,-0.005167229477312945,0.0075888703481937145,0.018083652205249975
41.35,0.3071162442264243,0.013414388578493436,9.729238462051901,-0.005459312025176862,0.03574456369654585,-0.016276218091949974
41.36,0.1018934321367781,-0.12335822648661263,9.766974687077989,0.00484941182048622,0.001640113671169652,0.019547114705091975
41.37,-0.056592333805908106,-0.00794231945294111,10.02050967253833,0.0043197243947089795,-0.009331357103761867,0.013117789772836003
41.38,0.085092165646398,-0.13238909502364452,9.409706883721677,0.0020210792033674256,-0.008415659469320541,-0.013670310507931207
41.39,0.1448501366969537,0.0061981602071763614,10.185297804988574,-0.01412178377731965,0.00033890826161718556,0.0032450543400842744
41.4,0.050625771897949694,0.09173412036167342,10.22025646573631,-0.005770099742505468,0.024055470641174394,-0.006231751520087588
41.41,0.21531174065507735,-0.06254688750674531,10.039169698490257,-0.022287659515962607,0.012262816761901307,0.012639895708950378
41.42,0.21562923187975525,-0.1895624735214841,9.91919684050875,-0.011095185445069936,-0.04433430157708873,0.04410163006941113
41.43,-0.020405690936171984,0.2523847990270759,10.008197046339559,0.0012833221438697656,-0.0038192501908140774,-0.0031197392734459398
41.44,-0.13153574759496425,0.18417379362510367,10.045250256471597,0.005734282074758315,-0.013382873208954984,0.013855962216366719
41.45,0.10552914133608592,-0.11708371925026163,9.679425340449388,0.0037615245406964017,0.0191605799023444,0.012854392024749238
41.46,-0.3406184925310281,0.0918688795668088,9.622312574189802,-0.013574451553756358,-0.0342283057442809,0.009153699608397117
41.47,-0.11750372638440146,0.05600990593779992,9.659033093846547,-0.021826694241228538,-0.041986814014126204,0.027434418700862613
41.48,0.054232750435918846,0.058650296181033144,10.039526541874718,-0.009853358203749512,-0.01407120652691254,-0.018647541817656408
41.49,0.1666208087949589,-0.05738507052004023,9.960623110778094,-0.010272509149833893,-0.002165521431442967,0.012305017774050984
41.5,0.02127772482960767,0.22445098827088808,9.38663210154993,0.004068479396877944,-0.00026614134150242477,-0.0020751275917858434
41.51,-0.11108807133198698,-0.2745093801002628,10.148918582975588,-0.010597818975323425,-0.045588690324292455,-0.029372964443348398
41.52,-0.11197706024137768,-0.030625138165268725,10.069246319630324,0.0034567066895427544,0.005255332113176228,0.015227556627019072
41.53,0.22556581805263345,0.09212492996995844,9.572784717065812,-0.015801088155566658,0.009792503355416033,0.000405528309280097
41.54,-0.09687354274613634,0.10804429352640578,9.907063458521048,-0.03517734537507761,-0.0269187208317174,0.008724295191882047
41.55,-0.02762698954611767,0.20001670056027526,9.505050919860965,-0.04182977210923997,2.0570438087669607e-05,-0.013968422371201664
41.56,-0.2733271546777967,-0.16102362614370788,9.926032983836752,0.009566380971700372,0.03164589403133477,-0.014421996281988508
41.57,0.18531887797500268,-0.02024043104753294,9.34468889360716,-0.002463101557919296,0.041029045733832856,0.0053270141830663795
41.58,0.05205833186358075,0.05740433744403314,9.675610913509704,-0.01924938297615764,-0.001247909447379025,-0.010913374613897988
41.59,0.1437693614644938,0.23730306755433334,9.406623480756993,-0.006138248297713158,0.004159597976873648,-0.011443018018802504
41.6,-0.1451418120070239,-0.03567612283040971,9.713033528511412,-0.018654728148311372,0.027943046261240875,0.0007972072831212506
41.61,0.22331526084853273,-0.25355631028437364,9.689189715767428,-0.031885935722620405,-0.03782178180459797,-0.02461369725416772
41.62,-0.14389274280370962,0.08798276129850031,9.543261740900364,-0.0063905056552515166,-0.009762520502640523,-0.015001234357021926
41.63,-0.011358250717924562,0.16960352864225187,9.435702288456362,0.03496643061453819,0.00971301107336802,-0.013950385376280895
41.64,-0.03190984988108415,0.1797054745228749,9.43188441981333,0.03616636861525615,0.019634352756798694,-0.009880853727092213
41.65,-0.06546220295838036,0.16587912222077925,10.070543721862052,0.007247169785746046,0.028310012679934722,0.010546963278599086
41.66,0.07341023281531901,0.012220458913227126,10.330052074115509,0.007776486277571549,0.009811006182939879,-0.041886326498617614
41.67,0.14077492024794508,-0.03573043584720982,9.804945019734406,0.015732461574012525,-0.0009382231054020319,0.01023855570357683
41.68,0.10290126640506009,0.18075775858722073,9.960942551226719,-0.0009748784695148396,-0.020741650243506177,0.02659863983449639
41.69,0.06228050313120533,0.07894879891371949,9.86772228368119,0.0028066890192908617,-0.02128425492669433,0.0004940800812858021
41.7,-0.08849259842504507,-0.18706549260414582,9.663290276580575,0.0003815833016060303,-0.007098819513766813,0.020725640305105365
41.71,0.05943925208809122,-0.2044846994187989,9.935003278947002,0.0234224995417917,0.050308202760228585,-0.024416144169898128
41.72,-0.10788931606340521,0.04948878844677388,9.997102875949963,-0.009845023448348015,0.009846550077181831,-0.0014057502489699927
41.73,-0.18234107281690098,-0.024014085105346163,9.78209409440699,-0.011328698669035343,-0.02310320215385418,0.00609782512043858
41.74,-0.10942335477000145,0.10468674461872264,9.79314860813154,-0.008911092380579895,-0.019104879785802692,-0.011437528707225518
41.75,0.3421291704145481,0.2823664780647809,9.900029003446784,-0.020058592628971663,0.0037806267301409456,-0.04688187014394523
41.76,0.2844319174013487,0.2599076767146108,9.531042161166733,-0.03579912749311392,0.015455150172143493,-0.00879708753041833
41.77,-0.21529645828390612,0.2401899061919794,9.860275516913825,0.006246466666365839,0.0036857623657925703,-0.006107264306884427
41.78,-0.21941147658067142,-0.2848455340238744,10.101320124154917,-0.0046027438416103,0.01029382957720624,0.00272219655843093
41.79,-0.08239999650348957,0.19549755927673473,9.9444841410995,0.020392281531892105,0.022952673124853204,0.030940823513812447
41.8,-0.25227569370048614,-0.23565813970508054,9.680746766719578,-0.0005774315737155752,-0.014878000614713312,-0.01935365915690697
41.81,-0.0976146623824709,-0.00865660093829333,10.243417535894688,0.03659471818286003,-0.0370772245815389,-0.009793816739381142
41.82,0.030775001577162474,-0.189975063409765,10.023203314340968,0.035236351944268954,0.010856735376837116,-0.01529504126455703
41.83,0.16305509575894767,-0.2936533232098392,9.972632493043081,0.0001440742761526057,0.020116395384767644,-0.019209842430521252
41.84,0.11143310003785699,0.4009465216070829,9.809090099608436,-0.01966994773106779,0.007048049731383216,0.020968291665878103
41.85,0.1873343559116476,-0.19342944014704455,9.82523026771958,-0.023192681723876698,0.020356511352342004,-0.023391447644541874
41.86,-0.07841512666222292,-0.1812115014608353,9.739395809667087,-0.027509974263280345,0.009340354050664563,-0.04395541989935454
41.87,-0.040807269234343455,0.18883030289347566,9.82773618008955,0.021693205613025457,0.016881902929154414,0.025299340205588494
41.88,0.22282419586976132,-0.12497590316881303,10.241925499857523,-0.04383827534171137,-0.016916787549148854,-0.021560820556640554
41.89,0.2534469758735085,-0.09883681290550195,9.821997125928519,-0.021082710498731547,0.023340467663938137,-0.013265062018317671
41.9,-0.25603383920316486,-0.20222666439490974,9.733206908516989,-0.021424946042900184,-0.01661067791797596,0.009419657706230171
41.91,-0.020823700764126204,-0.03797904145424997,9.421773890979225,-0.004287174118204432,0.02315818288539565,-0.0034213217693100837
41.92,-0.02191724679954519,0.004433816673339483,9.443278154035566,0.03333806953045814,-0.01154656257244105,-0.013262869190902806
41.93,-0.06306119027757803,0.15400446230477152,9.143436109115024,-0.0007341807038326929,0.029975619443865356,-0.010139392652334243
41.94,0.1966752567145269,0.05422918100089863,9.57383587341527,-0.015277444631837016,0.029589486885480652,0.000645421487005895
41.95,-0.11491794851643586,0.20100435094332084,9.216755193589524,-0.00646840265459687,0.011734431896183322,0.05115627170039849
41.96,0.2480016723476943,0.27466792512221105,9.549228818695386,-0.0007507451997090722,0.05770711972991967,0.0215346623136042
41.97,0.2183334661465994,0.03120171210750306,9.438905419811894,-0.01992888649703429,0.05595935308095462,0.016077895289984635
41.98,-0.06399338856517567,0.06564507779538294,9.583216978490976,0.024341789675094257,0.02658294522140514,0.01987903678266894
41.99,0.11570712618924621,-0.0770077130464417,9.557674991550437,0.04448743556744325,-0.0171368037474752,0.010991462509595028
42.0,0.13027775066646788,-0.0032597539603306247,9.317326214101604,0.033032390946825564,-0.0077482581163159855,-0.0028402819450742186
42.01,-0.1421041963105467,0.263507839728385,9.593800599767206,0.011606976016446733,0.014138764794550129,-0.0110373794770664
42.02,-0.17938732189514597,0.05397098419532881,9.427290843503267,-0.007373800741467467,-0.009031533040610527,0.02747002642199812
42.03,0.05848244150147792,-0.1700379385190298,9.76643594350611,-0.008555733220131154,0.0036564310643046665,0.011112002689735351
42.04,0.12769896030607647,-0.14409697045507439,9.586929363718594,0.005889899809594431,-0.004767258677870549,0.006628179177938132
42.05,0.06647359725917165,-0.285269725984036,9.612670624182217,-0.008996414628989226,-0.05364409163570708,0.024671474918568033
42.06,0.058226640916930375,-0.2511298934029708,10.097638422253384,-0.005352965043368863,0.03374567632833796,-0.03837529673113382
42.07,0.16997271452523904,-0.28820877968396097,10.198475605596999,0.003908037790577007,-0.026435571976884186,-0.00908170494845925
42.08,-0.019770325048842696,-0.15764178538630583,9.902253807116352,-0.023484207527343582,0.012539134655522664,-0.024038723950913235
42.09,-0.036806011513193015,-0.20114256522464194,9.992763509531617,-0.01638975374932694,-0.0035637904448578635,-0.022701901671683847
42.1,0.159333094570831,-0.1950787590387886,10.24173041651426,0.03237823265703888,0.012646791788714046,-0.06039314436983559
42.11,0.19172830385799355,-0.3474530364480327,10.011446036669884,-0.03163450841024577,0.011624608923102924,0.0165059969893415
42.12,0.019429440078204557,-0.15890827278189637,9.959687561557182,0.005895161389279508,-0.01378047307060114,0.00950410109373723
42.13,0.17105599321972287,0.15070523107777414,9.850874630517866,-0.05035896396506305,0.012647481339319927,-0.012572880906390064
42.14,-0.009935737974669684,-0.11097095885025839,9.737464401752215,-0.0199852272927493,-0.02075158884929265,-0.0005074059325480768
42.15,0.08615764074354443,0.3309075058791445,10.126615155599694,-0.011338344002949204,-0.03610571501779297,0.036369776177096885
42.16,-0.06242647922842278,0.08936483626669489,10.244499455674587,-0.004798885900003099,-0.009595965537761075,-0.008689650206691114
42.17,-0.018304923510480815,0.2912381710345711,9.80409954486309,-0.012010608039848087,-0.0013511352589266976,-0.001287093368401961
42.18,0.01024041971597307,-0.22033509034574386,9.971453040513568,-0.03461435434507587,0.02046209573533263,0.012055247122726417
42.19,0.047071009298630256,0.02934361014096123,10.217938714811655,0.019197977805211285,-0.013546185894807442,-0.028613164822294555
42.2,-0.14987123239199399,0.2758287058546121,10.040963271703015,0.0017548160113521165,0.006735617580205473,-0.005598673174303467
42.21,-0.13981883560789884,0.1556380181873085,9.698852599828506,0.016419439345871235,-0.02227121633859137,-0.016471745496829695
42.22,0.17987832080177624,0.18854336592042992,9.764927869478264,0.0063001462824794794,-0.014763217235679287,-0.011773980985096731
42.23,-0.29746576117944323,0.3729245701982806,9.636721497221627,0.045159715887484485,0.007852384876033234,-0.0017841546155098176
42.24,0.057400762154537814,0.052198958629313785,9.725707777410394,0.01852504320138412,-0.028342841124964584,-0.008386305454676673
42.25,0.42119461911028716,-0.3316854407457431,9.304911698061808,-0.0018981374997499721,0.004589021905851659,0.01201601024566474
42.26,-0.04000427028389108,0.08464747271696758,9.496319943973518,0.03243461528778474,0.05517332949660172,0.004118812906298545
42.27,0.311942848889418,0.1564207588530986,9.50700033209155,0.01942959895215242,0.003019693272698499,-0.024431073358119098
42.28,-0.19617737689122652,-0.3281744537241829,9.779270336961563,0.00039751933113655837,0.014186599013860463,0.02634544394456483
42.29,0.0904837786001591,0.13450640555134338,9.794883298948246,0.04397003463942361,-0.012298615014254987,0.007996637658159103
42.3,-0.26534580688512355,0.042922147802838324,9.356663405597395,0.008204531822035312,0.029214510945459765,0.005972658395569335
42.31,-0.18028027392930754,-0.08251835753815867,10.302268883182897,-0.025041692098069192,0.004393743043475436,-0.007002544973111693
42.32,0.0085723463447205,-0.15657532967780516,9.901303199669021,-0.0020697595625402123,0.0005472795976293892,-0.007788028637029988
42.33,-0.2846131210341203,0.05472490662395091,10.507953157579045,-0.017262737422887753,0.02720493042761438,-0.009435216913692855
42.34,0.015079773637517255,-0.21071869049050074,10.30846214311429,0.02205742000997766,-0.019001187259389336,-0.007004097462672738
42.35,0.06319611922403952,-0.049294516111750064,10.389778027015177,0.0009094812906483762,-0.02232265415036746,0.010378313758495423
42.36,0.14985366222469626,-0.08572875652725874,9.846211414826238,-0.019672348683316382,0.016461937637227655,0.032701498965212926
42.37,-0.4845885993035264,0.2252204826359131,9.647213960595094,0.023084818470924497,-0.004205592305734941,0.0006127442778161444
42.38,-0.11771847848060314,0.04146638843293076,9.490697668333782,0.0027844673450410896,-0.0038324724231489364,0.011880424365322
42.39,-0.14194329827826796,0.1657635492965967,9.33553157007003,-0.010627837649831728,-0.03334279527340449,0.02283278196341255
42.4,-0.054454466056460926,-0.22570374428276713,9.707394393120786,0.006367199866568198,0.000525140306528007,-0.016248119441592095
42.41,0.0979271513501824,-0.40189495679835263,9.844831883340902,0.005312488888070076,0.012806624461637212,-0.0014964544646416307
42.42,0.19122622027883257,0.06930310997737721,9.539970676907517,0.032991823937131015,0.022729544401349982,0.020468186158856743
42.43,-0.02449240099774711,-0.05319670879023076,10.001258546040878,0.005083696052859862,-0.013037370507932524,0.0011775642465542105
42.44,0.05717590569128038,-0.14628050501906473,9.880662447968215,-0.017529298334468476,0.018764443731899477,0.03299131589798457
42.45,-0.18693159675740442,-0.15163168386043804,9.751088068481332,-0.0047999502542833816,0.009082406616910297,0.01269675458764695
42.46,-0.2658864187375693,-0.24944716038149703,9.99532835165917,-0.01197242476360243,0.0175998861201382,-0.0009408340419421412
42.47,0.1131190673112641,-0.21746665585756947,9.749442319523054,-0.013740285209730077,-0.0026634781055471122,0.005278399000316764
42.48,0.009619642707903425,-0.025442128232140114,9.839112005891254,-0.012691843067986076,0.004761749941237238,0.017528817966384634
42.49,-0.023654791936659824,0.03558055313547595,9.932801773164506,-0.03661074459466775,0.041463897426723094,-0.02126625767065347
42.5,-0.012595990443562945,-0.09783488119585358,9.874198493117683,0.033590079915536586,0.005792094690883183,0.037602878346541954
42.51,0.19847201283750973,-0.06752887768990906,9.55720224604647,0.002962352934098901,0.010522181897598234,-0.007283349709865147
42.52,0.08208437886721473,-0.0005527209401278034,9.831072823200891,0.03202356876513763,-0.02269941964639039,-0.0033094921207970913
42.53,0.05703108007158129,-0.13925193124306895,9.388882389456294,-0.014710129333925053,0.012019096811964768,0.026996183068125738
42.54,0.053338177401630035,0.31738096978484953,9.239215352094295,0.022892395784460864,0.012486030398090469,-0.011190911908197322
42.55,0.25819657237114324,-0.033236613006691486,10.252484193873808,0.039041539024700506,0.003877273542472368,0.02054624080496696
42.56,-0.05658801404603414,0.018133963569248894,10.226541106399466,-0.06998614441782075,0.007884768230682203,0.005664075897184365
42.57,0.14665617494372118,0.1534933944987658,9.935167196075158,0.029711642350021137,-0.04218424103703259,0.003301335289267328
42.58,-0.032155923635029116,-0.00276495486080663,9.92925681010182,0.014218858460799942,-0.021439887382048082,-0.023144706329570462
42.59,0.24207047911922783,-0.20738279377345767,9.687224307279138,-0.019599622542201666,0.0052353716268253615,0.03247357984098643
42.6,-0.07988057882198925,0.13947727884051409,9.360411617431424,0.009930029862265807,-0.03560305968235163,0.0403535489766185
42.61,-0.06384564133025365,-0.343743653393436,10.09191255584079,-0.030309951514867074,-0.031219167309999154,-0.05947165676691861
42.62,-0.20447239662433608,0.13940957763506606,9.887933101725881,0.004459841494718672,-0.006816448158364632,0.012923731451485341
42.63,0.22194247195873698,-0.31832646786611124,9.830363242355629,0.010399608476656982,0.022919926157750105,0.0015861853942009437
42.64,-0.05673975331024447,-0.47126451629682825,9.660911806630528,0.009215080778065267,0.0073245003029157665,0.028574373068651595
42.65,-0.07427459040088205,0.2213848667906158,9.606238757225864,0.019442309989426705,-0.02645470340057178,0.007030931225773001
42.66,0.1623961543990368,0.07553612980660353,9.559687859717245,-0.019893591217812864,-0.0024927863611574974,-0.005247375979832863
42.67,-0.34822838544195933,-0.1297873436378301,9.915276725092088,-0.028366129945368253,0.026043676130897055,-0.02686077145612491
42.68,0.052747224573360486,0.0904992640113092,10.275824683237369,-0.020788508623301623,-0.005038680207040155,0.007652787603505924
42.69,0.1840288775793352,-0.09812913318099732,9.75248332825509,-0.003620785225913485,0.02333513838853153,-0.0010134020291666693
42.7,0.16132694691553115,0.24691196225031192,9.663674611409977,0.0066092727739922915,-0.03165940069708268,0.024203615760805305
42.71,0.08962146364561722,0.02863282447336098,10.475669553014388,0.009659956991281481,0.0038150411770222054,-0.009408897221975064
42.72,0.006663397786080007,0.37085224643971965,10.358718962655612,0.004084320050476091,0.004077622751731126,-0.018925233811637913
42.73,-0.07732704746557678,0.07826236410709957,10.279682316529795,0.004349219090610829,0.017217639890128273,0.012397539406719527
42.74,-0.09830624794469994,-0.1662062077140596,10.207815898892433,-0.011285827702460456,0.002696316066697318,0.01674659083547664
42.75,-0.06847997980472778,0.05337118610636074,9.670914763895137,0.03989581409264198,0.033229006790504556,-0.03236840711867965
42.76,-0.05364717218249826,0.1490590642995945,9.548329148554085,0.01107952781771971,-0.015826247858393004,0.023502223317829824
42.77,-0.06370416054071831,-0.11919335660296183,9.787161509745419,0.007149371847864748,0.007640335717495597,0.0014651339915379585
42.78,0.13955757728452703,-0.03457223940214085,9.854098420543902,-0.025464248456040534,-0.01370902685886078,0.025364382498706838
42.79,-0.012899065500886073,-0.10799177851206379,9.77240775224744,0.004206735348412845,0.03604027481247647,0.01875074069938399
42.8,-0.16392457011800363,-0.14223857943405063,10.159801967300536,0.020788794561806115,-0.037587010865629066,-0.010623737326154412
42.81,-0.352674664599836,-0.22067417735348194,9.527661140956564,-0.014713527119990648,-0.018906406878511643,-0.012954816984079773
42.82,0.28931748728367995,-0.07969665195575683,9.758442431223482,0.0035304820354850534,-0.02707677555296454,-0.02983559783483194
42.83,-0.19118565769555923,0.30597015522211407,10.200529310211435,-0.009687236879170984,0.00010842823523332164,-0.015527571869810824
42.84,0.15507085753344327,-0.014651575491264716,9.659995110625783,0.008125272168092073,-0.007649019713634769,-0.010389489785117546
42.85,-0.011592407650018274,0.2666838069786694,9.886006711554884,0.021116459121932614,-0.004595248640044626,-0.004964506921279689
42.86,-0.13061664315528085,-0.14743925936019953,9.842287551617996,0.024800605967343667,-0.0016137051985627192,0.02013363802497659
42.87,0.129774903644347,-0.20349648239577012,9.44216602179458,-0.006059996632002295,0.012278425298984529,0.013133690991152509
42.88,-0.0794875022970999,-0.20570882763796514,9.547880035163399,0.020088034890784413,-0.005958500955635353,0.007032815518744411
42.89,-0.24994816235291242,-0.09575132015116777,9.962346794066638,0.017698686410439476,-0.01146446799336453,0.010745287861987031
42.9,0.0019061880247523955,0.06266494655431015,9.689062361577859,0.006981487620509548,-0.018224220902411624,0.00986796752947098
42.91,0.08986200753575112,0.18695237673148307,9.774336425783588,0.008492397482999412,-0.01490842029070912,-0.018988186467081274
42.92,0.058932544767719974,0.026411356479269232,9.440156713880397,-0.03400529581094266,-0.03256521453659023,-0.04128477200231237
42.93,0.21405555001530419,-0.08596540454739829,9.741635789709925,0.0392686773370628,-0.011858355263462928,0.04399784101824177
42.94,0.12441260203160223,0.2982556843090335,9.70851063165047,-0.03684663974805952,0.009705362464752964,0.007925030172863388
42.95,-0.08354267667741372,-0.14378298541841272,9.071830909313695,-0.0038849334077658915,-0.0032495671606470695,-0.00754901956982995
42.96,-0.09637588124891734,-0.03744012141018013,9.212516041726968,-0.010788581601411879,-0.00827553940378819,0.03447974350582549
42.97,0.1291443355812696,0.0749638458379986,9.882203629365122,-0.040601172188348744,-0.00032416860500587906,0.015711421748722136
42.98,-0.2211834531893466,-0.26409303329189204,10.070692500472958,-0.03443718160374942,-0.036655182050229995,-0.006631291469949619
42.99,-0.0410089099760794,-0.2880527410930364,9.962058453761585,0.03654254431605156,0.017743666391968522,0.033969747931263235
43.0,-0.2798378644937027,-0.016999594523409534,9.725844853228597,0.015179496960363083,-0.009196320080748817,0.028808877146344006
43.01,0.3060907236070025,-0.07013877607608071,9.756814185205803,0.01519436329151606,-0.01736440938729906,-0.015663180339923817
43.02,0.10525712111704513,0.18946443714974576,9.615123596577824,0.015905467068908417,0.0003681532873977291,0.011668935716498696
43.03,0.23943778443232686,-0.23742846514894236,9.59836672372514,-0.021690662305881535,-0.0015762767334094822,0.009095947693216084
43.04,-0.18655716780969125,0.030115623907771144,9.430289246156953,0.019378794464615937,0.0024189104057001903,-0.010852196820110441
43.05,0.2512269510846051,0.0030166524693796782,9.39807924223981,0.021083901034296772,-0.020646675557844725,0.01502851238621035
43.06,0.09106909771869749,0.1825579488379654,9.48093675091677,0.01553636525981689,0.01268695840428074,0.02011659600499896
43.07,-0.019515103913028194,-0.20618851255706938,9.535384790854302,-0.029212574447390532,-0.03368830513022854,0.01671938025881589
43.08,-0.06010519876974079,-0.15974645949637803,9.392616979186466,0.0023015542291630045,-0.003762745629542176,-0.014222082697677873
43.09,-0.26525893360167674,-0.1929464692208226,9.491369410758558,-0.010819308457380808,-0.03387630555126411,-0.008100050059533927
43.1,0.3215747470398435,-0.39653804342889254,9.710348580737667,-0.02483878094727745,-0.029797540038716586,0.0039554734147689155
43.11,-0.04642150992751691,-0.05117593307856934,9.95313823065003,0.009086191224167466,-0.006853098537989627,0.0279913500790069
43.12,0.12032864679129857,0.2918858058008677,9.334988527836469,0.00496372927430818,0.012083292842602322,0.006278880189177103
43.13,0.16914406847302677,0.13122390163023273,9.500003159151785,-0.00795229715494983,-0.010061799527116838,-0.0002687249866986635
43.14,0.1586441596085425,-0.19897717051146385,9.642919373505713,-0.008338857279805007,-0.0035926149423593065,0.030250651270589873
43.15,0.2728524796099751,-0.016161323871891665,10.122050923891852,-0.00574398990630685,-0.009582540579310243,-0.012277749566615108
43.16,-0.2996905396963783,-0.026007235212769583,10.364595314659356,-0.03331198650321445,-0.008724136898266472,-0.003981928400250761
43.17,-0.06514810635762204,0.1486431286194135,9.948762251453894,-0.012042673333988205,0.009130362514586767,0.013574526632710115
43.18,-0.17097677632565134,-0.09778121828230082,9.85523039261555,-0.0001366993969026914,0.009972368887393807,-0.002456784242414119
43.19,0.10334059816551414,0.2365872393414312,9.838192736474374,0.02378003548373033,0.009500131283649632,-0.02444838410516209
43.2,-0.3477810596670972,0.15183567551568591,9.407756693212006,0.006508610197788989,-0.0005788551128667479,-0.005278681871240718
43.21,0.17878273580367077,-0.12741271014891287,10.18135322268005,0.020913835218347037,0.006390660357452566,-0.014495156364100805
43.22,0.13881189898454502,0.3653020456082151,10.217904698472914,0.03734633150611865,0.010788083388929661,0.0033625574510085677
43.23,-0.08609343500570485,-0.1790741505425946,10.355853587145372,0.012049859800067233,-0.010621819261250415,0.041426716089860295
43.24,-0.015420510092735068,-0.30110664768383144,10.065540247085975,0.03206323283950152,0.028900291099542032,0.01589669370942426
43.25,-0.008293806560109553,-0.35091516685299745,9.894371021620683,0.0013485989211036162,0.008798487270372423,-0.003352792043760711
43.26,-0.0817880449373613,0.37749342667102254,9.87639667612967,-0.0009586630953881272,-0.0040414827802261535,0.012055760899714378
43.27,0.0038074470264940425,0.4107299392569296,9.546418825679954,0.048223602379359826,0.025158925001257642,-0.016825543901458136
43.28,0.16115041123815566,-0.03827804989422034,9.274527829938712,-0.02368280539552225,-0.003931223185378628,-0.01124813175271262
43.29,-0.034206072660841275,-0.16984493826089603,9.681861581862032,-0.006743456373155364,-0.003748941858656508,0.03479459361614697
43.3,-0.35302126590082245,-0.06911092739823232,9.483077694695202,0.014363683727583796,0.0071915645099715235,0.011187379231002232
43.31,0.06297302881693732,-0.12002391452336522,10.074761474337192,-0.013793682756431152,0.0069360082546800475,0.020925440367238382
43.32,-0.15520412989177182,-0.211540230189096,10.014203813923352,0.028744562678811578,0.026222926228307616,0.012763909632707805
43.33,-0.07672855566209859,0.0546649653619858,9.59357310992106,-0.023185648808673014,-0.042174535507562935,-0.008706816559479162
43.34,-0.07709735757810995,-0.06010381482163703,9.528823154215454,-0.020923773191962224,-0.04452847867647167,-0.014121777958463614
43.35,-0.3800473249172985,0.14582137432511028,10.224603010134144,-0.011212767320167275,0.0013333897255672672,-0.013433353751587645
43.36,-0.10562267791075809,-0.16702378579646884,9.739259959787482,0.04184217667933938,0.0017890440686117552,-0.034863807348811664
43.37,-0.011552290508646807,-0.12621291722963332,9.937366211898244,-0.014809304863558102,-0.02541756498195514,-0.001096724145728423
43.38,-0.21686873319954453,-0.2937280528850782,9.769516280567384,-0.0026823319833226755,0.010674676825766307,-0.03667949212844881
43.39,0.25548984121782364,-0.09063493494348229,10.396367604920007,0.00023196634743675372,-0.031937342464155964,-0.02150545290194923
43.4,0.07604759444065515,-0.004271597499602291,10.183982793615485,-0.014691942113065343,-0.009599517355368214,-0.024946175949884655
43.41,-0.004848552501458582,0.09394897586656258,9.899382553401864,0.027989540754868623,0.007236051601511127,0.0037174525426862445
43.42,0.169150707447779,-0.33458898223583805,9.899636740000178,0.010947092897278644,-0.004555277089304181,-0.0010036965246541484
43.43,-0.06310214868202638,0.15850209937459844,9.518688241294685,-0.012464893611907259,-0.006716310783759419,0.018177752191998527
43.44,0.12443764900858703,0.13312013719685056,9.19697486630631,-0.03268750197149063,-0.012570304614945058,0.040461152463619754
43.45,0.04885130814969378,-0.15801189445194985,9.518766299716466,-0.002421165198913487,-0.028149739537444807,0.004946473103588904
43.46,0.030742454657451096,-0.15492442386706554,9.305652487218206,0.002673016794516265,0.012053817992355087,-0.019095641751851244
43.47,-0.11160496547838268,-0.00824429163520514,9.703663567063908,-0.013492087494562014,0.009712230883993488,0.014176042052631
43.48,0.22110867921003036,-0.08415171181845377,9.840338018397615,-0.021729861795316146,-0.01535263197725766,-0.005593591026715357
43.49,-0.014991513999051045,-0.06329390488739121,9.859273417088495,-0.023743837067274825,0.03211938856065434,-0.008345276674903703
