t,ax,ay,az,wx,wy,wz
63.852528,-0.228882,-0.265057,9.786108,-0.003117,0.002950,-0.002846
63.862425,-0.237203,-0.259990,9.774526,0.000747,-0.001200,0.000370
63.872304,-0.233138,-0.250376,9.779905,-0.000790,-0.002115,-0.001870
63.882207,-0.242469,-0.267549,9.765124,0.002859,0.002410,-0.004197
63.892076,-0.244081,-0.261462,9.778828,0.002178,-0.002898,0.001678
63.901975,-0.231707,-0.262611,9.765889,0.000184,0.002103,-0.003457
63.911847,-0.250355,-0.266022,9.781771,0.002814,-0.000964,0.002617
63.921758,-0.243322,-0.225618,9.806596,-0.004693,0.006662,-0.004935
63.931619,-0.239866,-0.238275,9.796218,0.000654,-0.003510,0.002872
63.941516,-0.236813,-0.259720,9.763076,0.000187,0.002575,0.000784
63.951397,-0.236052,-0.268193,9.790955,0.000149,-0.002206,-0.000152
63.961297,-0.242458,-0.258470,9.806171,0.004819,-0.001273,-0.001305
63.971169,-0.249350,-0.239131,9.807142,-0.001831,-0.001707,0.002197
63.981060,-0.240419,-0.248839,9.795224,0.002491,0.001763,0.001317
63.990946,-0.242460,-0.267720,9.794236,0.001345,-0.002028,0.004311
64.000841,-0.237537,-0.230833,9.795009,0.000040,-0.002104,-0.002578
64.010712,-0.245184,-0.230980,9.799461,0.004291,-0.003428,-0.000783
64.020606,-0.243707,-0.262054,9.798286,-0.002435,0.002444,-0.001700
64.030486,-0.256956,-0.243713,9.818671,-0.000310,0.001181,0.000283
64.040388,-0.244088,-0.263244,9.803110,0.001084,0.003088,-0.001246
64.050256,-0.254844,-0.254273,9.780936,-0.000538,0.003039,0.002732
64.060157,-0.232670,-0.246387,9.798245,-0.001312,-0.000908,-0.000324
64.070034,-0.214801,-0.260002,9.807911,0.001415,0.005214,-0.001983
64.079940,-0.236519,-0.240363,9.787472,-0.003068,0.000971,-0.004081
64.089801,-0.229285,-0.240083,9.787439,0.000049,0.000200,0.001809
64.099706,-0.242029,-0.250110,9.787357,0.002176,-0.002382,0.004339
64.109574,-0.241770,-0.262905,9.786234,0.001481,-0.001496,0.000250
64.119489,-0.243341,-0.254073,9.777883,0.001828,0.000851,0.000682
64.129348,-0.238435,-0.238089,9.772354,0.000758,0.001789,-0.000708
64.139243,-0.242884,-0.241849,9.791929,0.000265,0.003619,0.001220
64.149121,-0.246355,-0.267516,9.799905,0.001237,0.004475,-0.003089
64.159025,-0.233271,-0.267280,9.784282,0.004420,-0.000149,-0.001408
64.168896,-0.234564,-0.265838,9.773319,0.002367,0.003980,0.001078
64.178798,-0.237946,-0.258163,9.774012,-0.000515,0.001530,0.001277
64.188668,-0.249171,-0.270133,9.784738,0.003391,-0.003113,0.000264
64.198572,-0.248096,-0.259049,9.789244,0.003440,-0.000531,-0.000944
64.208440,-0.229891,-0.233892,9.806566,0.000738,-0.001949,-0.001113
64.218337,-0.237810,-0.256653,9.810054,-0.001195,0.003985,0.001109
64.228211,-0.254928,-0.270555,9.786178,-0.002515,0.003294,0.001145
64.238117,-0.257772,-0.268194,9.790826,-0.000529,0.002973,-0.004724
64.247990,-0.245767,-0.268583,9.795575,0.004287,-0.004136,0.002058
64.257880,-0.238610,-0.265689,9.773397,-0.000630,-0.003419,-0.000373
64.267760,-0.246959,-0.267329,9.773002,-0.003619,0.001198,0.004691
64.277663,-0.251866,-0.271141,9.788751,0.000267,0.004020,-0.003192
64.287538,-0.247752,-0.259652,9.773901,0.000643,0.000745,0.001643
64.297427,-0.235575,-0.254836,9.796379,0.005229,-0.000269,0.000789
64.307308,-0.235815,-0.254001,9.803564,0.002137,0.001391,0.003436
64.317213,-0.258980,-0.260109,9.795717,-0.000800,0.003284,-0.001580
64.327082,-0.247657,-0.260436,9.790212,0.002876,0.000507,0.001261
64.336977,-0.237692,-0.264955,9.789922,0.002103,-0.001402,-0.003917
64.346853,-0.236582,-0.260676,9.775533,-0.000279,0.002826,0.000491
64.356758,-0.249045,-0.242557,9.791566,0.003071,-0.000325,-0.000716
64.366632,-0.250781,-0.247042,9.806014,0.000399,-0.003767,0.002083
64.376517,-0.237549,-0.251713,9.793036,-0.001763,-0.000633,-0.000539
64.386395,-0.240787,-0.253732,9.791843,0.001292,0.001576,0.000551
64.396299,-0.243123,-0.262668,9.768040,-0.001840,0.001501,-0.001442
64.406168,-0.243256,-0.252127,9.792999,0.001298,-0.004543,0.001843
64.416062,-0.245184,-0.254015,9.785340,0.000589,0.000835,0.001638
64.425942,-0.231647,-0.251589,9.796763,-0.000109,0.000667,0.002279
64.435850,-0.239815,-0.254922,9.794776,0.001304,0.002549,0.001287
64.445715,-0.249086,-0.271569,9.790780,0.001124,0.001390,0.000954
64.455611,-0.253819,-0.261004,9.792062,-0.001221,0.003345,-0.002444
64.465489,-0.247462,-0.254225,9.789948,0.002067,-0.002712,-0.001956
64.475392,-0.243962,-0.248702,9.788914,0.000204,0.005689,0.001754
64.485260,-0.241658,-0.244514,9.787128,0.001517,0.001323,0.003271
64.495154,-0.236471,-0.250071,9.768798,0.002823,0.002109,-0.003211
64.505034,-0.254199,-0.254254,9.777566,0.001832,-0.003686,0.000238
64.514936,-0.242291,-0.246318,9.778158,0.003684,0.002032,-0.001093
64.524805,-0.244270,-0.243529,9.786035,0.000857,0.002465,0.001648
64.534706,-0.243203,-0.252455,9.800590,0.003950,0.003623,-0.000734
64.544583,-0.224191,-0.236933,9.808228,0.006100,-0.002021,-0.000212
64.554483,-0.232986,-0.229963,9.786862,0.001940,-0.003632,0.002496
64.564351,-0.239140,-0.256062,9.784629,-0.002785,0.001834,0.000575
64.574253,-0.237525,-0.258325,9.789758,0.004790,-0.003832,0.004627
64.584124,-0.232104,-0.252815,9.811033,-0.000142,0.001648,-0.000481
64.594028,-0.260095,-0.264451,9.809834,0.001095,0.000605,-0.000175
64.603898,-0.253413,-0.256149,9.796113,-0.003099,0.000151,0.001731
64.613792,-0.244032,-0.268477,9.791934,0.000000,0.000870,-0.000912
64.623670,-0.243759,-0.260980,9.798761,0.000676,0.002759,-0.000786
64.633575,-0.237197,-0.257552,9.791572,0.004262,0.002571,-0.001241
64.643446,-0.235485,-0.241332,9.784779,0.002853,0.000475,0.001578
64.653340,-0.251624,-0.241336,9.787774,-0.001102,-0.003600,0.003032
64.663216,-0.239124,-0.250593,9.801236,0.003328,0.002318,-0.000092
64.673124,-0.236445,-0.255437,9.783125,0.002220,-0.004606,0.000349
64.682999,-0.226931,-0.262997,9.781616,-0.001165,0.001879,-0.000914
64.692888,-0.213893,-0.259221,9.770315,-0.001114,0.004896,-0.003494
64.702761,-0.220061,-0.259618,9.792697,-0.001176,0.001129,-0.002808
64.712667,-0.241811,-0.258374,9.814590,-0.001522,0.003504,0.002860
64.722534,-0.243073,-0.266088,9.807665,0.002398,-0.004467,-0.003008
64.732429,-0.220995,-0.260826,9.790634,0.000122,-0.000839,0.001501
64.742308,-0.235486,-0.254267,9.785544,0.000605,-0.000851,-0.000982
64.752212,-0.258817,-0.261413,9.762567,0.001172,-0.002764,0.002812
64.762085,-0.240499,-0.256898,9.778481,0.000775,-0.002763,-0.000408
64.771977,-0.228580,-0.258565,9.784820,-0.000607,-0.000850,-0.003046
64.781859,-0.251818,-0.244823,9.813894,0.000093,0.004234,0.001005
64.791758,-0.247916,-0.247970,9.787121,0.001786,0.000284,-0.000943
64.801627,-0.246933,-0.271121,9.806900,-0.003286,0.001074,-0.000481
64.811529,-0.236956,-0.262060,9.788633,0.003223,0.001079,-0.000496
64.821402,-0.231320,-0.259505,9.765909,0.000237,0.000283,0.001050
64.831309,-0.232273,-0.262082,9.769318,0.001376,0.001453,0.001146
64.841172,-0.248026,-0.265826,9.766297,0.002736,0.003744,-0.000603
64.851067,-0.250129,-0.254990,9.781308,0.001762,-0.002028,0.001850
64.860950,-0.252862,-0.242922,9.804903,0.001146,0.001516,-0.000098
64.870854,-0.245851,-0.253305,9.787934,0.001106,-0.001349,-0.000869
64.880718,-0.253141,-0.244992,9.790389,-0.000011,-0.001797,0.000912
64.890619,-0.235289,-0.250864,9.779140,-0.001775,0.000921,-0.001329
64.900492,-0.241172,-0.252187,9.789486,0.000133,0.001452,0.003234
64.910395,-0.249808,-0.252367,9.786028,0.001175,-0.002989,-0.000722
64.920264,-0.244768,-0.243436,9.811763,-0.002837,-0.002855,-0.001426
64.930168,-0.242648,-0.244048,9.785104,0.004371,-0.000766,-0.000594
64.940037,-0.245293,-0.264741,9.790968,-0.000059,0.000033,-0.004136
64.949950,-0.246174,-0.259974,9.792534,0.001908,-0.001083,0.000789
64.959810,-0.239861,-0.250156,9.796179,0.003235,-0.000428,0.002132
64.969707,-0.240325,-0.256970,9.797371,0.002474,-0.002981,0.000395
64.979582,-0.255491,-0.258907,9.770831,-0.000025,-0.000777,-0.002210
64.989492,-0.249340,-0.277168,9.763087,-0.000062,-0.000491,0.003312
64.999356,-0.237493,-0.269953,9.772012,0.004255,0.003362,-0.004473
65.009253,-0.226738,-0.255784,9.798959,-0.002436,0.001669,-0.000275
65.019129,-0.232464,-0.263701,9.790395,-0.001365,0.000768,0.001886
65.029042,-0.232562,-0.264338,9.787780,0.001105,0.002024,0.000015
65.038903,-0.237148,-0.265332,9.786663,0.001462,0.002408,-0.001850
65.048797,-0.242735,-0.261014,9.795361,0.003315,0.002804,-0.000269
65.058676,-0.242191,-0.251348,9.789811,0.000436,0.000785,0.002948
65.068588,-0.233579,-0.257703,9.804595,-0.001024,0.000595,-0.001614
65.078448,-0.232146,-0.236835,9.805334,0.001666,-0.000781,0.001363
65.088342,-0.242450,-0.260431,9.804813,-0.002672,0.002551,-0.000243
65.098230,-0.260087,-0.260754,9.790454,0.001804,-0.002461,0.000309
65.108126,-0.253062,-0.268092,9.789566,0.002565,0.001418,-0.001413
65.117993,-0.250002,-0.258767,9.801401,-0.000808,0.005857,0.000379
65.127888,-0.266689,-0.257008,9.784628,0.004755,-0.003745,-0.000239
65.137766,-0.251361,-0.258579,9.778897,-0.000382,-0.001964,-0.005960
65.147672,-0.248582,-0.238750,9.789764,0.000763,0.003703,0.002794
65.157538,-0.238550,-0.257819,9.795551,-0.000739,-0.005334,-0.001724
65.167433,-0.229857,-0.258589,9.786899,0.000522,-0.000626,-0.000288
65.177316,-0.247057,-0.257663,9.769999,-0.000726,-0.003948,0.002004
65.187221,-0.244396,-0.259315,9.790191,0.000286,0.002718,-0.000413
65.197086,-0.240268,-0.262547,9.788013,0.000560,0.003747,0.001112
65.206979,-0.248533,-0.254234,9.802720,0.003060,-0.000845,-0.002351
65.216859,-0.258687,-0.262437,9.802472,0.001426,0.000741,-0.004216
65.226763,-0.249835,-0.232701,9.806571,-0.000748,0.001125,-0.001997
65.236640,-0.235774,-0.251781,9.784981,0.002451,-0.006653,0.002832
65.246526,-0.233628,-0.253964,9.785602,-0.000157,-0.000525,-0.000294
65.256405,-0.218497,-0.263342,9.788140,0.000320,-0.000149,0.001525
65.266309,-0.225967,-0.259554,9.795058,-0.000777,-0.000443,-0.000629
65.276176,-0.253371,-0.268384,9.797442,0.002138,0.001051,-0.002165
65.286071,-0.258729,-0.263810,9.778844,-0.003041,0.000186,-0.001037
65.295953,-0.242213,-0.258071,9.776946,0.000187,0.002400,0.001106
65.305859,-0.236647,-0.250074,9.785402,-0.001009,-0.000245,-0.000925
65.315723,-0.247919,-0.256663,9.779539,0.001233,-0.002804,-0.000439
65.325617,-0.252232,-0.267565,9.790815,0.001840,0.001240,-0.000165
65.335497,-0.236338,-0.251036,9.792517,-0.002946,-0.001309,-0.002611
65.345401,-0.229035,-0.253735,9.792205,0.001138,0.005057,-0.000284
65.355269,-0.245430,-0.249279,9.792719,0.000939,0.003153,-0.002262
65.365175,-0.228676,-0.255536,9.786680,0.001440,0.000201,-0.002392
65.375042,-0.236675,-0.268828,9.795037,-0.003496,0.002763,-0.000235
65.384949,-0.238999,-0.246524,9.787963,0.000793,-0.001927,0.001852
65.394815,-0.236561,-0.260671,9.794984,0.000166,0.004069,0.001506
65.404711,-0.247205,-0.261718,9.788644,0.002007,-0.002071,0.000259
65.414596,-0.226647,-0.255288,9.783768,0.000690,-0.002032,0.003981
65.424494,-0.226043,-0.256565,9.767457,-0.004062,0.006642,-0.003247
65.434363,-0.246701,-0.265817,9.767566,-0.000838,-0.000755,-0.002701
65.444262,-0.248785,-0.265038,9.775978,-0.001557,-0.002383,-0.000534
65.454140,-0.257365,-0.255359,9.778484,0.004565,-0.001453,0.002139
65.464041,-0.246470,-0.251833,9.779948,0.003264,-0.003038,-0.000282
65.473908,-0.232212,-0.253833,9.808121,0.001262,-0.001478,-0.002604
65.483808,-0.243641,-0.251587,9.801282,0.002283,0.004143,0.001729
65.493686,-0.258927,-0.244248,9.823103,-0.004548,-0.000789,-0.000776
65.503585,-0.257946,-0.249764,9.805684,-0.000923,0.000717,-0.001559
65.513456,-0.236125,-0.243205,9.788700,0.002149,-0.000228,0.000046
65.523349,-0.255904,-0.250020,9.773893,0.000923,-0.003875,0.000250
65.533232,-0.234093,-0.246453,9.799932,0.000001,0.000122,0.001014
65.543132,-0.237346,-0.252662,9.795358,-0.004501,-0.004646,0.003270
65.553000,-0.233574,-0.271992,9.807508,0.002384,-0.002483,-0.000043
65.562895,-0.239736,-0.259823,9.805270,-0.003049,0.002155,-0.000927
65.572779,-0.252959,-0.282971,9.785551,-0.002005,-0.003207,-0.000771
65.582677,-0.247138,-0.261141,9.815261,-0.000999,-0.001023,0.003086
65.592555,-0.242003,-0.247716,9.797209,0.001784,-0.001538,-0.001535
65.602440,-0.250188,-0.247514,9.795749,0.002159,-0.005318,-0.000346
65.612320,-0.257151,-0.246700,9.770295,0.001401,-0.000004,0.002189
65.622222,-0.248686,-0.256903,9.795408,0.000108,0.003266,0.000126
65.632093,-0.229831,-0.257629,9.785945,-0.001697,-0.001198,-0.000746
65.641986,-0.243640,-0.267203,9.789102,-0.000657,-0.000904,0.001897
65.651868,-0.231652,-0.280002,9.795630,0.000017,-0.002248,0.000302
65.661768,-0.242000,-0.267110,9.774734,0.000933,0.003156,0.000199
65.671638,-0.235233,-0.279085,9.783878,-0.000350,-0.002046,-0.002423
65.681530,-0.262470,-0.254218,9.777669,-0.000396,0.003377,-0.004252
65.691411,-0.254916,-0.245116,9.790261,0.000262,0.001031,-0.000333
65.701323,-0.234646,-0.242941,9.793977,0.001796,0.000631,0.001320
65.711181,-0.262917,-0.258364,9.799172,-0.000617,0.002051,-0.002697
65.721076,-0.265472,-0.260554,9.784630,0.003237,-0.003195,0.001615
65.730959,-0.235390,-0.267272,9.773710,0.001650,-0.001692,-0.001384
65.740861,-0.242125,-0.277622,9.782493,0.000947,0.000258,-0.006351
65.750729,-0.260776,-0.265492,9.801044,0.001111,-0.003349,0.002359
65.760629,-0.243943,-0.253880,9.801195,0.000344,0.001774,0.003438
65.770500,-0.235788,-0.247237,9.785929,0.001407,-0.000597,-0.001051
65.780404,-0.240619,-0.246278,9.768590,0.003905,-0.000282,0.000652
65.790273,-0.241682,-0.256016,9.777865,0.002581,-0.004209,0.001489
65.800167,-0.260184,-0.244410,9.798733,-0.001872,0.003310,-0.002386
65.810047,-0.258613,-0.248913,9.787431,0.001232,-0.001966,-0.000003
65.819952,-0.247528,-0.258209,9.771512,-0.003029,-0.000506,0.007732
65.829819,-0.250296,-0.250721,9.772790,0.003591,0.002739,-0.000706
65.839723,-0.244781,-0.261881,9.782541,0.001314,0.002493,-0.001553
65.849591,-0.228278,-0.254107,9.793117,-0.000905,0.001212,0.001287
65.859498,-0.247880,-0.251428,9.769825,-0.000647,0.004875,0.003081
65.869368,-0.252693,-0.241515,9.783044,-0.002367,0.003340,-0.005957
65.879262,-0.239222,-0.257200,9.789053,0.001313,0.000620,0.001068
65.889139,-0.231436,-0.269428,9.801008,-0.000653,0.001099,0.001151
65.899042,-0.247462,-0.265093,9.803881,0.000668,-0.001515,0.000360
65.908910,-0.247100,-0.247170,9.790243,0.002921,-0.003544,0.001082
65.918810,-0.243241,-0.254578,9.798894,0.000383,0.001233,-0.001393
65.928683,-0.243730,-0.248868,9.801764,-0.000813,-0.000434,-0.003391
65.938588,-0.262102,-0.256347,9.785834,0.000544,0.002670,-0.000537
65.948456,-0.247684,-0.246883,9.780258,0.004267,-0.005790,-0.000514
65.958353,-0.249125,-0.238100,9.775481,-0.001208,0.006269,0.004223
65.968230,-0.244551,-0.265986,9.783262,-0.000463,0.001942,0.002081
65.978138,-0.238698,-0.240386,9.789377,0.003975,-0.001956,-0.002487
65.988002,-0.246967,-0.241690,9.796751,-0.001482,0.001360,-0.002169
65.997897,-0.252548,-0.263674,9.784730,0.001539,-0.003896,-0.001588
66.007784,-0.227666,-0.247233,9.775768,-0.002380,-0.000028,0.002637
66.017681,-0.250198,-0.254790,9.776078,-0.001107,-0.001785,-0.002812
66.027553,-0.248349,-0.252586,9.782450,0.002385,0.002254,0.001326
66.037443,-0.227563,-0.251885,9.767163,0.001842,0.000626,0.002529
66.047323,-0.262004,-0.240491,9.761030,-0.001077,-0.000683,0.003922
66.057230,-0.255153,-0.250185,9.779734,0.002349,-0.002341,0.001488
66.067094,-0.245299,-0.257108,9.778974,-0.001432,0.002038,0.001863
66.076988,-0.254244,-0.259980,9.793295,-0.001783,0.004270,0.000709
66.086868,-0.249463,-0.256539,9.777328,-0.000258,0.002048,-0.005667
66.096772,-0.239436,-0.241336,9.769606,-0.004754,0.002662,-0.000543
66.106647,-0.233960,-0.257595,9.768242,0.000197,-0.001521,-0.002272
66.116540,-0.254548,-0.254975,9.784368,0.002065,-0.001132,-0.000075
66.126418,-0.259044,-0.262478,9.800736,0.002536,0.001135,-0.002208
66.136324,-0.236145,-0.260980,9.796266,0.001164,0.001303,-0.000398
66.146196,-0.227235,-0.269544,9.802796,0.002208,0.004870,0.002127
66.156082,-0.235253,-0.267337,9.772660,-0.001826,0.001543,-0.001158
66.165961,-0.239998,-0.248005,9.768410,0.000108,0.001965,0.003219
66.175863,-0.253090,-0.252964,9.764850,0.000912,0.002512,-0.001769
66.185732,-0.254755,-0.251593,9.767663,-0.000473,0.001087,-0.003897
66.195626,-0.241884,-0.256255,9.787933,0.001402,0.000824,0.000362
66.205505,-0.239670,-0.268588,9.784000,0.000849,0.003509,0.001674
66.215421,-0.238797,-0.257648,9.804562,0.001110,-0.001821,0.002879
66.225282,-0.237471,-0.258678,9.789327,0.001049,0.001243,-0.003074
66.235176,-0.240276,-0.252596,9.788675,0.003808,-0.003839,-0.000590
66.245055,-0.237003,-0.251426,9.784316,-0.000913,0.002906,0.002198
66.254954,-0.238757,-0.253271,9.790167,0.000835,0.003403,0.006039
66.264824,-0.228084,-0.258986,9.773525,0.000788,-0.004439,0.001331
66.274717,-0.236431,-0.252083,9.799010,-0.001620,-0.002262,0.000819
66.284596,-0.247720,-0.244429,9.803021,-0.001444,0.001017,0.001960
66.294502,-0.243743,-0.233248,9.784550,-0.001648,0.001557,0.000262
66.304368,-0.230447,-0.262110,9.783864,-0.000954,0.002522,-0.001567
66.314264,-0.224199,-0.259503,9.761213,0.001388,-0.001212,-0.002915
66.324142,-0.237414,-0.246865,9.766985,0.002165,-0.002869,0.003065
66.334047,-0.238561,-0.249461,9.774209,0.000539,0.001691,-0.002758
66.343925,-0.251922,-0.256555,9.800586,0.001427,-0.006523,0.000558
66.353812,-0.233894,-0.263909,9.778693,-0.002658,-0.003365,-0.002791
66.363688,-0.239005,-0.261312,9.788883,0.001521,-0.000583,-0.001973
66.373593,-0.245530,-0.261385,9.810207,0.002850,-0.002899,0.000169
66.383460,-0.241633,-0.261676,9.779894,-0.002750,0.001943,-0.001423
66.393355,-0.243823,-0.268248,9.786558,0.002427,-0.001035,-0.007048
66.403233,-0.236104,-0.255341,9.768788,0.001235,0.004408,0.003094
66.413138,-0.240560,-0.248643,9.771766,-0.000952,0.001738,0.001968
66.423016,-0.244936,-0.241545,9.776089,-0.000360,0.000139,0.002588
66.432902,-0.234227,-0.267095,9.797238,-0.000604,-0.002794,0.001298
66.442780,-0.254279,-0.271258,9.792728,-0.001347,0.003840,-0.001304
66.452689,-0.251489,-0.261546,9.803981,-0.000417,-0.002165,-0.001655
66.462557,-0.240753,-0.238944,9.780531,0.001664,-0.000347,0.000163
66.472447,-0.247808,-0.248288,9.777707,0.000898,0.000140,-0.000285
66.482327,-0.230596,-0.272717,9.788502,0.003835,-0.001952,0.001945
66.492239,-0.242677,-0.280116,9.773924,0.001815,0.001024,0.000818
66.502100,-0.245330,-0.255366,9.769888,-0.003088,-0.000041,0.003409
66.511995,-0.238902,-0.248231,9.793300,0.002083,-0.004541,0.002630
66.521875,-0.244369,-0.248906,9.790738,0.000866,0.000756,-0.000862
66.531779,-0.233591,-0.260894,9.796549,0.000666,-0.004885,-0.000620
66.541647,-0.248096,-0.255345,9.801153,-0.001533,0.002676,0.000307
66.551540,-0.252637,-0.229509,9.797033,0.004114,-0.002185,0.002203
66.561417,-0.240329,-0.242294,9.793584,0.000698,0.000817,-0.000739
66.571322,-0.242417,-0.255241,9.786683,0.004537,-0.003030,0.000600
66.581190,-0.247118,-0.262275,9.790021,0.000580,-0.003908,0.001858
66.591087,-0.242499,-0.235723,9.780097,-0.001672,-0.000118,0.000899
66.600967,-0.235219,-0.250666,9.784831,0.001837,-0.006895,0.006847
66.610867,-0.236349,-0.255292,9.785025,-0.001049,-0.002335,-0.000543
66.620737,-0.227568,-0.256346,9.793213,0.003772,0.000363,-0.002470
66.630641,-0.244056,-0.258720,9.776641,-0.000346,0.001637,0.003615
66.640513,-0.246277,-0.256521,9.781696,0.004834,-0.002524,0.001393
66.650418,-0.251289,-0.251967,9.793315,0.002060,-0.000686,0.000913
66.660284,-0.249383,-0.246366,9.773144,0.003150,-0.002325,0.004886
66.670184,-0.234442,-0.268992,9.784695,-0.005392,0.003719,0.000395
66.680056,-0.228242,-0.269610,9.784681,0.002224,-0.001427,-0.002783
66.689965,-0.235258,-0.252150,9.797402,0.001721,-0.002735,-0.003011
66.699836,-0.242804,-0.243833,9.774761,-0.004280,-0.001687,-0.000462
66.709723,-0.249136,-0.271993,9.764260,0.003578,-0.002176,0.001010
66.719602,-0.259150,-0.251377,9.766246,-0.000150,0.001448,0.002815
66.729511,-0.248728,-0.253724,9.793304,-0.000088,-0.001657,-0.001451
66.739379,-0.248402,-0.241161,9.792187,-0.001811,0.004848,0.001282
66.749269,-0.233175,-0.226311,9.776214,0.001301,-0.000017,-0.000027
66.759148,-0.232651,-0.244842,9.772766,-0.001442,0.000936,0.000335
66.769053,-0.248422,-0.250758,9.791883,0.001184,0.001239,0.000234
66.778919,-0.239447,-0.262494,9.785301,0.002375,0.002114,-0.000922
66.788814,-0.241639,-0.275628,9.789051,0.001515,0.001666,-0.000071
66.798693,-0.237642,-0.276707,9.784181,0.002709,-0.000204,-0.001435
66.808598,-0.238828,-0.254000,9.794014,0.002346,-0.002358,0.001178
66.818465,-0.225106,-0.266975,9.789155,0.001348,0.002439,-0.001368
66.828360,-0.252144,-0.254920,9.785220,0.000106,-0.001037,-0.001110
66.838239,-0.235035,-0.248370,9.788884,-0.001204,-0.001590,-0.000437
66.848145,-0.226422,-0.257602,9.792692,-0.003297,0.001799,0.000061
66.858010,-0.225525,-0.251104,9.778484,0.002398,0.001002,0.000888
66.867907,-0.239179,-0.258858,9.758284,-0.000004,0.000219,-0.001008
66.877786,-0.235329,-0.252971,9.762563,0.000546,0.002199,-0.001074
66.887690,-0.250979,-0.256400,9.771635,0.000971,0.003512,0.000155
66.897557,-0.249410,-0.263964,9.779676,0.001709,-0.004248,-0.000073
66.907458,-0.241272,-0.253800,9.788890,-0.000079,0.002590,0.000766
66.917330,-0.243528,-0.280296,9.791822,-0.000625,0.004817,0.000155
66.927234,-0.236253,-0.267436,9.766524,0.003089,0.004667,-0.003923
66.937104,-0.240509,-0.269185,9.794778,0.000029,-0.004553,0.002596
66.947002,-0.237469,-0.274893,9.802090,-0.000749,-0.000475,0.003141
66.956876,-0.231805,-0.260791,9.775325,0.001809,0.000040,0.002282
66.966781,-0.227506,-0.249771,9.772954,0.002996,0.001723,-0.001525
66.976648,-0.232747,-0.261106,9.774898,-0.000937,-0.003160,-0.004107
66.986543,-0.234347,-0.255957,9.779233,0.003262,0.000215,0.004752
66.996426,-0.220548,-0.251455,9.793477,-0.001077,0.000041,0.001358
67.006330,-0.235543,-0.250474,9.789855,0.007261,-0.000880,-0.000146
67.016200,-0.241420,-0.266848,9.773540,-0.003189,0.000818,0.000373
67.026091,-0.257934,-0.259169,9.792691,0.000831,-0.000131,0.002695
67.035967,-0.248930,-0.258889,9.805319,0.000739,0.000132,0.001214
67.045877,-0.233269,-0.235736,9.801092,0.002347,0.002467,0.001634
67.055740,-0.256932,-0.256172,9.791815,0.001465,0.001442,-0.004650
67.065637,-0.239908,-0.275660,9.789582,-0.000188,0.002427,0.002759
67.075515,-0.239372,-0.241861,9.796026,0.000619,-0.000379,-0.002332
67.085417,-0.237083,-0.248325,9.779584,0.001016,0.000631,0.003417
67.095288,-0.243829,-0.254663,9.791131,0.002461,-0.001761,0.002370
67.105181,-0.240271,-0.274629,9.776186,0.001301,0.002726,-0.004157
67.115060,-0.235600,-0.258525,9.783793,0.000670,-0.000460,-0.001011
67.124963,-0.257579,-0.257923,9.797398,0.003765,-0.002280,0.001010
67.134833,-0.249932,-0.262280,9.823842,-0.000178,-0.000762,-0.002047
67.144728,-0.239892,-0.260205,9.800961,0.000560,-0.000185,0.000619
67.154605,-0.242620,-0.256775,9.789110,0.000720,-0.000744,0.002007
67.164509,-0.244225,-0.251983,9.782109,-0.003620,-0.003578,-0.002867
67.174379,-0.232107,-0.261717,9.797634,-0.000983,-0.002037,-0.001857
67.184278,-0.238994,-0.264717,9.789525,0.001220,0.000603,0.003273
67.194154,-0.235949,-0.258870,9.797822,-0.000513,0.000950,-0.003203
67.204055,-0.238992,-0.250487,9.795043,-0.003317,0.002895,0.002635
67.213924,-0.244575,-0.257674,9.787020,0.003427,0.001577,-0.000693
67.223820,-0.236564,-0.249733,9.789554,0.000558,0.000381,-0.000742
67.233698,-0.238080,-0.272161,9.805194,0.002301,0.002799,0.000104
67.243610,-0.245525,-0.269353,9.795139,0.007567,-0.002729,0.001475
67.253475,-0.254244,-0.257569,9.805863,0.001004,-0.000561,0.003770
67.263364,-0.245676,-0.270726,9.766018,0.004013,0.003442,0.001246
67.273243,-0.228412,-0.251862,9.778778,-0.003049,-0.005651,0.000758
67.283147,-0.240103,-0.246276,9.780772,0.003350,0.000113,-0.001097
67.293018,-0.233332,-0.252061,9.784551,-0.001890,0.002248,-0.002392
67.302910,-0.227313,-0.257952,9.788676,0.000476,0.000384,0.001915
67.312790,-0.238262,-0.265820,9.775002,0.000282,-0.001819,0.002745
67.322693,-0.243323,-0.261280,9.775731,0.001916,0.006324,0.000084
67.332562,-0.246528,-0.241762,9.772815,-0.000039,-0.000169,-0.002399
67.342457,-0.238411,-0.257584,9.765534,0.003760,0.000156,-0.001971
67.352334,-0.223707,-0.265797,9.794698,0.002868,-0.002934,0.001413
67.362241,-0.232964,-0.262451,9.784590,0.001433,0.003739,0.003315
67.372108,-0.241523,-0.267865,9.778677,-0.000183,-0.001250,-0.002134
67.382002,-0.255656,-0.260601,9.779611,0.001238,0.004386,-0.001932
67.391885,-0.249968,-0.252931,9.782814,0.001891,-0.003223,-0.000647
67.401784,-0.251582,-0.251658,9.765226,-0.000391,-0.000951,0.002202
67.411657,-0.247519,-0.258258,9.770849,-0.000418,-0.002817,-0.001809
67.421548,-0.247395,-0.266482,9.762692,-0.001342,0.000145,0.000628
67.431426,-0.248235,-0.262912,9.771951,0.001482,-0.002041,0.001602
67.441332,-0.249410,-0.258977,9.780275,0.001530,-0.000901,-0.002469
67.451199,-0.260225,-0.251337,9.776076,0.000376,0.001837,0.001635
67.461103,-0.255879,-0.230355,9.774633,0.002990,0.001320,0.004589
67.470972,-0.241058,-0.242570,9.772613,-0.000257,-0.005289,0.003364
67.480877,-0.244936,-0.252781,9.773428,-0.003417,0.003875,-0.005042
67.490750,-0.250244,-0.262702,9.764105,0.003559,-0.003329,0.002892
67.500640,-0.239790,-0.261498,9.785148,0.001152,0.002606,-0.003912
67.510518,-0.239044,-0.253921,9.775056,0.000109,0.000488,-0.000491
67.520425,-0.239095,-0.260640,9.772311,-0.001834,-0.000275,-0.003407
67.530291,-0.252443,-0.245499,9.800995,0.000411,0.001908,0.000128
67.540188,-0.243914,-0.228062,9.790672,0.000163,-0.007433,0.001652
67.550064,-0.245060,-0.255989,9.806953,0.001631,0.000259,-0.002159
67.559968,-0.241657,-0.267892,9.782895,0.002183,-0.004208,-0.003396
67.569844,-0.239594,-0.242393,9.768616,-0.002504,-0.000036,0.000116
67.579733,-0.249275,-0.254224,9.771965,0.001291,-0.000982,-0.001170
67.589616,-0.237923,-0.253733,9.787058,0.004943,-0.002752,0.002917
67.599519,-0.239914,-0.241827,9.767931,0.003539,-0.000971,0.000403
67.609384,-0.258354,-0.254245,9.749451,-0.001086,0.003467,-0.000688
67.619277,-0.241203,-0.263916,9.776768,0.001092,0.000813,-0.007497
67.629157,-0.231527,-0.262959,9.778857,0.004317,-0.002264,0.005349
67.639065,-0.237139,-0.251321,9.788687,-0.000260,0.003864,-0.002086
67.648935,-0.243363,-0.260839,9.793210,0.002548,-0.002601,0.001912
67.658825,-0.245382,-0.267232,9.811823,-0.000429,0.002300,-0.002000
67.668711,-0.257699,-0.262774,9.771411,0.001147,-0.002281,-0.000159
67.678607,-0.228834,-0.244271,9.784212,0.003251,0.000152,-0.004508
67.688475,-0.231196,-0.251569,9.777779,0.002063,-0.001089,-0.003640
67.698369,-0.237984,-0.235947,9.785570,0.001174,-0.001580,0.001351
67.708249,-0.224847,-0.230275,9.793792,0.000324,0.003769,-0.000748
67.718154,-0.236918,-0.253554,9.793312,-0.001289,0.005100,-0.001379
67.728020,-0.236890,-0.258586,9.803992,0.002057,-0.000603,0.000602
67.737927,-0.255171,-0.246700,9.793519,-0.001702,-0.002621,0.000207
67.747793,-0.237741,-0.238251,9.782282,-0.000449,-0.001428,-0.002262
67.757708,-0.225638,-0.248761,9.785855,0.002531,-0.002537,-0.000515
67.767571,-0.227775,-0.268624,9.790998,-0.002816,0.002251,0.004150
67.777464,-0.245439,-0.245313,9.791534,0.000328,-0.000303,0.002070
67.787347,-0.247766,-0.243009,9.792999,-0.002881,0.003105,-0.000148
67.797248,-0.250415,-0.250333,9.790977,-0.002718,-0.001256,-0.001808
67.807114,-0.257314,-0.237504,9.806949,0.002651,0.002530,-0.001368
67.817009,-0.251178,-0.251285,9.786104,0.000331,0.000343,-0.000470
67.826894,-0.232527,-0.248062,9.795378,0.001403,-0.000901,-0.004080
67.836795,-0.220614,-0.254840,9.800854,0.000105,0.000034,-0.001015
67.846660,-0.217167,-0.265304,9.795559,0.000355,-0.002230,-0.003007
67.856558,-0.230323,-0.262006,9.790096,0.001979,-0.001985,-0.004186
67.866438,-0.234503,-0.255829,9.784926,0.001263,-0.000006,0.001518
67.876339,-0.229037,-0.250633,9.795344,0.000973,-0.002495,-0.002381
67.886206,-0.257778,-0.255354,9.787832,0.002041,0.000157,-0.000883
67.896101,-0.251580,-0.263132,9.783333,-0.001898,0.001068,-0.001252
67.905980,-0.238569,-0.254245,9.772067,0.003078,-0.000613,0.004247
67.915888,-0.243599,-0.242623,9.793069,0.000678,0.002262,0.002111
67.925760,-0.234677,-0.233472,9.785813,-0.001369,0.002214,0.000683
67.935648,-0.240536,-0.248767,9.782792,0.001924,-0.002178,-0.001600
67.945525,-0.244995,-0.254152,9.775091,0.002468,-0.001482,0.001002
67.955429,-0.248711,-0.248858,9.779908,0.001019,0.003050,-0.001708
67.965304,-0.260195,-0.251702,9.781274,-0.002317,0.002994,0.005855
67.975194,-0.244482,-0.242389,9.787582,0.001668,-0.002184,-0.003742
67.985071,-0.232821,-0.251826,9.793889,0.000203,0.001131,0.000856
67.994978,-0.236782,-0.244505,9.778584,-0.000123,0.004278,-0.003080
68.004843,-0.243401,-0.257932,9.779003,0.003417,-0.000003,0.000171
68.014739,-0.253125,-0.256905,9.778095,0.003318,-0.001879,0.002462
68.024616,-0.257600,-0.264809,9.782356,0.002505,-0.001256,0.003785
68.034528,-0.248364,-0.263590,9.794426,0.002596,-0.002335,0.000142
68.044388,-0.233527,-0.267052,9.808268,0.000556,0.005200,-0.001054
68.054293,-0.237516,-0.271667,9.783333,0.000213,-0.004874,0.000138
68.064164,-0.255451,-0.262090,9.801764,-0.000443,0.002055,0.002842
68.074068,-0.237372,-0.245728,9.803229,0.003164,0.001170,-0.004801
68.083934,-0.243196,-0.246792,9.796927,-0.000535,0.000560,-0.002832
68.093828,-0.243996,-0.245108,9.805604,-0.000943,0.000101,-0.000610
68.103708,-0.250955,-0.248985,9.801174,0.002108,-0.000632,0.000524
68.113611,-0.237802,-0.255861,9.778405,0.001005,-0.000216,0.002063
68.123487,-0.255548,-0.251842,9.757365,0.002868,-0.002038,-0.001216
68.133374,-0.245115,-0.249282,9.786173,-0.002829,0.001323,-0.002637
68.143256,-0.248059,-0.252471,9.783612,0.001923,-0.002460,-0.001469
68.153159,-0.230562,-0.265162,9.783747,0.000249,0.002108,-0.000902
68.163026,-0.252869,-0.249129,9.781963,0.001312,-0.002769,-0.000892
68.172921,-0.246438,-0.266076,9.786095,0.003283,0.001904,0.001592
68.182801,-0.236420,-0.255170,9.779079,-0.001186,0.003581,-0.003884
68.192708,-0.241330,-0.264245,9.790440,0.000877,-0.000003,0.001529
68.202577,-0.231249,-0.264991,9.800874,0.000439,-0.004488,0.004874
68.212467,-0.233049,-0.255894,9.800636,0.000358,0.002701,0.001397
68.222346,-0.247098,-0.252260,9.786093,0.001904,-0.001286,0.002739
68.232249,-0.237802,-0.243245,9.793806,0.001469,-0.000528,-0.000641
68.242117,-0.243123,-0.249393,9.794712,0.000400,-0.002983,0.000031
68.252012,-0.236211,-0.242506,9.789344,0.004024,-0.000242,0.000493
68.261896,-0.227277,-0.271437,9.799914,-0.002276,0.004814,0.000911
68.271796,-0.227290,-0.273021,9.795838,0.001587,0.003105,-0.000818
68.281663,-0.227679,-0.265032,9.805613,0.002524,-0.006489,-0.002401
68.291557,-0.244402,-0.257994,9.787342,0.002766,0.000497,-0.001072
68.301435,-0.250735,-0.253843,9.793519,-0.003278,0.002536,-0.000434
68.311340,-0.231813,-0.246480,9.798641,0.001828,-0.002033,-0.003121
68.321209,-0.225845,-0.251883,9.789324,-0.001837,-0.000796,-0.000334
68.331103,-0.247706,-0.238381,9.787952,0.000813,-0.002259,0.001841
68.340982,-0.240670,-0.234670,9.786454,0.001958,0.000298,0.002753
68.350886,-0.246346,-0.254345,9.777546,-0.002606,-0.000911,-0.001965
68.360754,-0.230131,-0.255397,9.794261,-0.000588,-0.000582,-0.000815
68.370649,-0.238997,-0.265148,9.813980,0.005159,-0.004082,0.003158
68.380528,-0.246651,-0.240097,9.784219,-0.000114,0.000166,0.000641
68.390432,-0.239884,-0.232673,9.777334,-0.000340,0.000979,0.000116
68.400300,-0.224049,-0.241940,9.778965,-0.003495,0.001996,0.000047
68.410195,-0.232984,-0.253161,9.773457,0.000532,-0.002568,-0.000273
68.420073,-0.247566,-0.251427,9.773485,0.004743,-0.001113,0.003102
68.429978,-0.244019,-0.248101,9.770930,0.002895,0.001560,0.001180
68.439846,-0.241280,-0.246428,9.782499,0.001111,-0.002923,-0.001411
68.449741,-0.248431,-0.270590,9.779303,-0.002472,0.003636,0.000520
68.459619,-0.244275,-0.250193,9.770184,-0.000596,-0.000235,0.000858
68.469524,-0.245932,-0.249699,9.769418,0.000578,0.000502,0.000828
68.479392,-0.245090,-0.257652,9.788645,-0.002922,0.001751,-0.002083
68.489287,-0.240334,-0.262434,9.784702,-0.000044,0.001914,0.001918
68.499165,-0.237648,-0.265465,9.789920,0.000441,-0.000207,0.000509
68.509071,-0.268813,-0.264882,9.776384,-0.001379,-0.001190,0.002796
68.518939,-0.244711,-0.269690,9.769826,0.003451,0.000579,-0.003200
68.528834,-0.245926,-0.256596,9.785597,0.000471,0.001685,-0.000074
68.538712,-0.241441,-0.257807,9.796058,-0.000434,0.003851,-0.000309
68.548615,-0.235390,-0.252032,9.798547,0.000665,-0.001516,0.001485
68.558484,-0.234400,-0.258266,9.801071,-0.002163,0.005045,0.000287
68.568379,-0.234006,-0.247022,9.782617,-0.000317,0.003532,0.002871
68.578257,-0.240278,-0.262654,9.795593,0.002378,-0.002208,0.002862
68.588161,-0.250383,-0.267121,9.799343,-0.000534,0.000243,-0.002004
68.598030,-0.243760,-0.240908,9.803728,-0.000067,0.000741,0.000718
68.607925,-0.233600,-0.241962,9.805632,-0.000012,-0.001082,0.000806
68.617803,-0.241838,-0.244358,9.791772,0.002268,0.002388,0.003519
68.627707,-0.240587,-0.274886,9.782360,0.000693,-0.001816,-0.000867
68.637576,-0.233633,-0.275563,9.776471,0.002813,0.002496,-0.000033
68.647471,-0.236313,-0.256224,9.805098,-0.001895,-0.002117,-0.004235
68.657349,-0.242048,-0.250175,9.781800,-0.000026,0.004514,-0.001493
68.667253,-0.240633,-0.264673,9.776510,0.003712,0.000941,0.000790
68.677122,-0.226743,-0.244785,9.780212,0.001716,0.002544,0.000299
68.687017,-0.249385,-0.255923,9.801754,0.000028,0.002439,0.000929
68.696895,-0.249869,-0.253561,9.786374,0.002026,-0.001856,0.002004
68.706799,-0.238672,-0.242520,9.801917,0.000150,0.000255,-0.003525
68.716667,-0.245610,-0.240069,9.778522,0.001368,-0.004480,0.003529
68.726562,-0.247805,-0.247721,9.770525,-0.003013,-0.002846,-0.002927
68.736440,-0.241291,-0.251667,9.774081,0.003687,0.000736,-0.002737
68.746345,-0.239045,-0.257028,9.780830,0.003409,-0.001038,0.000152
68.756214,-0.246645,-0.251580,9.781417,0.000453,-0.002096,0.000201
68.766108,-0.240813,-0.261783,9.794091,0.000099,0.001429,-0.001837
68.775987,-0.240115,-0.250007,9.799470,0.002463,0.003836,0.000744
68.785891,-0.241430,-0.275752,9.788649,-0.000282,0.003720,-0.000258
68.795759,-0.224101,-0.257903,9.790152,0.000296,-0.000114,-0.002515
68.805654,-0.236808,-0.235390,9.800902,0.002391,-0.003537,0.001587
68.815532,-0.236812,-0.244034,9.805187,0.003214,-0.001078,0.002428
68.825437,-0.242991,-0.267121,9.790622,0.000818,-0.001695,0.004645
68.835305,-0.245224,-0.257436,9.805656,0.002637,0.000383,-0.001118
68.845200,-0.225105,-0.260708,9.747783,0.000037,0.003323,0.004140
68.855078,-0.239835,-0.244089,9.752819,-0.001509,0.000243,-0.001727
68.864982,-0.247491,-0.254876,9.803212,0.003976,0.000974,-0.001483
68.874851,-0.233472,-0.252067,9.780507,-0.000379,0.001861,0.003938
68.884746,-0.226646,-0.261506,9.773304,-0.000157,0.000029,0.000697
68.894624,-0.240755,-0.253496,9.795043,0.001651,0.000977,0.000981
68.904529,-0.257026,-0.246995,9.799606,0.003375,-0.001056,0.000271
68.914397,-0.247304,-0.259177,9.800292,0.001046,-0.002650,-0.001083
68.924292,-0.238130,-0.265634,9.780417,-0.000557,0.001141,-0.003602
68.934170,-0.223879,-0.261911,9.775772,0.002010,-0.002289,0.000510
68.944075,-0.238427,-0.248372,9.812624,0.004913,-0.004592,-0.001479
68.953943,-0.256394,-0.264428,9.793092,-0.003379,0.002731,-0.001543
68.963838,-0.247521,-0.260681,9.791721,0.000477,-0.000125,0.000876
68.973716,-0.234780,-0.263970,9.801700,0.000842,0.000292,-0.001879
68.983621,-0.234958,-0.267133,9.769704,0.001791,0.001982,0.001776
68.993489,-0.235074,-0.281661,9.795552,-0.000487,-0.003475,-0.000270
69.003384,-0.241753,-0.282534,9.770157,0.000515,0.001216,-0.001437
69.013262,-0.233768,-0.256524,9.778161,0.000023,-0.000581,-0.002579
69.023166,-0.228765,-0.235885,9.782254,0.003155,-0.000897,-0.001694
69.033036,-0.252385,-0.246037,9.785792,-0.000945,0.003351,0.001796
69.042931,-0.245378,-0.239781,9.801039,0.000166,0.000052,-0.002042
69.052809,-0.240256,-0.249322,9.800828,-0.002726,0.001083,-0.000498
69.062712,-0.251348,-0.254885,9.772829,0.002283,-0.001200,-0.003324
69.072581,-0.251724,-0.269799,9.784382,0.000065,-0.001232,0.000372
69.082475,-0.255843,-0.264362,9.768649,0.000195,-0.000527,-0.002195
69.092354,-0.235405,-0.259108,9.754849,-0.002981,0.001331,-0.000814
69.102258,-0.223469,-0.242652,9.784225,0.000729,-0.000683,-0.000408
69.112127,-0.235976,-0.251458,9.790417,-0.001641,0.002209,-0.000665
69.122022,-0.235190,-0.274548,9.784385,0.001230,-0.000673,0.001638
69.131900,-0.236803,-0.268375,9.774258,-0.000084,-0.001611,0.000332
69.141804,-0.223431,-0.268276,9.779898,0.004027,0.000767,-0.001445
69.151673,-0.213817,-0.258167,9.785135,0.002890,0.000877,-0.000632
69.161567,-0.236789,-0.254159,9.790128,0.000896,0.000316,0.001493
69.171446,-0.240944,-0.240792,9.799464,0.001001,-0.001717,0.001296
69.181350,-0.229387,-0.242436,9.789650,0.005283,0.000627,0.000109
69.191219,-0.243338,-0.253097,9.791260,0.002182,0.005916,0.001673
69.201113,-0.249771,-0.269296,9.788472,0.003939,-0.000514,-0.001767
69.210991,-0.250766,-0.271350,9.789939,0.000880,-0.000245,-0.000021
69.220896,-0.237879,-0.252333,9.802179,0.000303,-0.000958,-0.001888
69.230764,-0.241728,-0.264699,9.812119,0.000934,0.001878,0.001167
69.240660,-0.229741,-0.261281,9.797102,-0.000642,-0.000149,-0.002718
69.250537,-0.246178,-0.268006,9.787392,0.001525,-0.002319,0.001298
69.260442,-0.252049,-0.246793,9.808088,0.001241,0.004270,-0.001191
69.270310,-0.249369,-0.260271,9.785302,0.001060,0.003143,0.002589
69.280205,-0.254285,-0.257527,9.793638,0.000816,0.001255,0.003307
69.290083,-0.246934,-0.253475,9.787448,0.001892,-0.001736,-0.001002
69.299988,-0.235195,-0.246483,9.780009,0.000088,0.001306,-0.001248
69.309856,-0.238274,-0.246223,9.801131,0.002611,0.003436,-0.004748
69.319751,-0.235119,-0.253392,9.790450,-0.003223,0.000688,0.001918
69.329629,-0.254476,-0.261330,9.778021,0.002379,-0.003776,0.001044
69.339534,-0.260599,-0.237531,9.780670,0.000142,0.001941,0.002488
69.349402,-0.250462,-0.252530,9.789213,-0.001852,0.004596,-0.002807
69.359297,-0.242623,-0.254820,9.788813,0.001072,-0.002792,-0.004329
69.369175,-0.238947,-0.254247,9.775131,0.002073,-0.000326,0.001745
69.379080,-0.231706,-0.265116,9.775789,0.002493,-0.000563,-0.000675
69.388948,-0.232655,-0.267824,9.797946,-0.000977,-0.002958,0.000373
69.398843,-0.229840,-0.265989,9.806352,0.003726,-0.001718,0.003832
69.408721,-0.233482,-0.252035,9.793530,0.001920,0.002087,0.000933
69.418626,-0.245702,-0.250011,9.790676,0.001047,-0.000288,-0.003023
69.428494,-0.245002,-0.252010,9.767905,-0.000310,0.002949,-0.005453
69.438389,-0.240493,-0.263604,9.776391,-0.002325,0.001123,-0.002303
69.448267,-0.234028,-0.267327,9.775550,0.002776,0.000165,0.001624
69.458172,-0.243072,-0.259733,9.775765,-0.001488,0.002471,-0.001180
69.468040,-0.255271,-0.269988,9.790576,0.003135,-0.003386,-0.000127
69.477935,-0.246710,-0.231519,9.795718,0.000765,-0.002178,0.002986
69.487813,-0.256645,-0.246418,9.793242,-0.000132,0.001191,0.001611
69.497717,-0.252498,-0.278120,9.764855,-0.000234,-0.000440,0.000215
69.507586,-0.256913,-0.261673,9.786684,0.004580,0.001798,-0.003085
69.517481,-0.258059,-0.262690,9.802047,0.000704,-0.000163,0.001031
69.527359,-0.228133,-0.258802,9.800068,0.003662,-0.000732,0.000810
69.537263,-0.239122,-0.259292,9.831007,0.000095,-0.003307,0.003775
69.547132,-0.243494,-0.240981,9.807347,0.000320,0.004483,-0.003368
69.557027,-0.231958,-0.250562,9.769912,-0.003167,-0.000642,0.000339
69.566905,-0.238449,-0.256066,9.782529,0.001749,-0.000070,-0.000517
69.576809,-0.254146,-0.258264,9.766021,0.002485,-0.005286,0.002278
69.586678,-0.252744,-0.245375,9.780129,-0.003086,-0.000415,-0.001959
69.596572,-0.221419,-0.250906,9.776768,-0.001074,-0.000436,0.001073
69.606451,-0.235506,-0.249842,9.798674,0.002568,-0.003965,0.001869
69.616355,-0.245757,-0.244493,9.798333,-0.001877,0.001890,-0.003884
69.626223,-0.260475,-0.257607,9.786625,0.002971,-0.004761,0.000819
69.636118,-0.260665,-0.270904,9.787597,0.001156,0.003645,0.001337
69.645996,-0.239694,-0.248713,9.786934,0.002218,-0.001555,-0.000296
69.655901,-0.243261,-0.247379,9.797511,-0.000869,-0.002146,0.002581
69.665770,-0.250584,-0.255962,9.809091,-0.003208,0.001600,-0.005235
69.675664,-0.255953,-0.266758,9.781272,0.002201,0.002069,-0.000609
69.685543,-0.234330,-0.260293,9.795870,-0.000045,-0.000343,0.001778
69.695447,-0.247022,-0.231240,9.782816,-0.000083,0.004641,-0.000885
69.705315,-0.251539,-0.260360,9.786677,0.000695,0.002905,-0.004380
69.715210,-0.244322,-0.251087,9.786543,-0.003531,0.005632,0.000952
69.725088,-0.246539,-0.258887,9.759708,0.002681,-0.003132,-0.005958
69.734993,-0.248927,-0.265072,9.785657,-0.001245,0.000899,-0.001893
69.744861,-0.242887,-0.251529,9.798005,0.000343,-0.002640,0.001385
69.754756,-0.243270,-0.260822,9.785020,-0.000194,0.003201,0.002618
69.764634,-0.237962,-0.256376,9.798549,-0.001315,-0.001221,-0.006669
69.774539,-0.238938,-0.260293,9.805979,-0.002010,-0.002310,-0.002645
69.784407,-0.239343,-0.256998,9.797149,-0.000967,-0.001831,-0.005040
69.794302,-0.238032,-0.260801,9.795076,0.000239,-0.000456,-0.000119
69.804180,-0.247675,-0.264466,9.788924,-0.000573,0.006182,0.001728
69.814084,-0.229534,-0.273116,9.805737,0.000049,-0.000601,0.000188
69.823953,-0.234873,-0.251860,9.782165,-0.001282,-0.001972,0.000019
69.833848,-0.226920,-0.265340,9.765967,-0.001569,-0.000592,0.001620
69.843726,-0.239212,-0.258596,9.778673,-0.000270,0.001377,-0.001819
69.853631,-0.244740,-0.261855,9.798296,0.000243,0.001252,-0.001353
69.863499,-0.233397,-0.272212,9.813296,0.001091,-0.005512,-0.000670
69.873394,-0.246135,-0.264973,9.806868,0.000086,-0.000495,-0.002234
69.883272,-0.250385,-0.252669,9.788000,0.001063,-0.004720,0.001116
69.893176,-0.239809,-0.230432,9.781496,0.001898,-0.001137,-0.000884
69.903045,-0.248147,-0.267608,9.777764,0.002686,-0.002848,-0.000098
69.912940,-0.224811,-0.248754,9.784671,0.001286,-0.000209,-0.000020
69.922818,-0.226701,-0.257207,9.793960,-0.000280,0.000749,-0.002366
69.932722,-0.242357,-0.264565,9.779212,0.001355,0.003572,-0.001706
69.942591,-0.239243,-0.266652,9.789260,-0.000855,0.005555,-0.001102
69.952486,-0.243191,-0.259268,9.788136,-0.002643,-0.004112,-0.000299
69.962364,-0.244493,-0.264163,9.793498,-0.003242,0.001393,0.002821
69.972268,-0.261817,-0.245156,9.793544,0.002606,0.000963,-0.001523
69.982137,-0.252198,-0.258543,9.792800,-0.001091,-0.003303,0.002227
69.992032,-0.253080,-0.247600,9.773149,0.002593,0.002930,-0.001486
70.001910,-0.248446,-0.256341,9.787667,-0.002715,0.002717,-0.001102
70.011814,-0.237373,-0.249248,9.798251,0.003038,0.000360,-0.002133
70.021683,-0.241876,-0.246575,9.802458,0.001194,0.002945,0.000967
70.031577,-0.236862,-0.247658,9.802179,0.000193,0.004058,0.000649
70.041455,-0.257410,-0.245384,9.783619,0.004698,0.001866,-0.000609
70.051360,-0.249212,-0.248273,9.790209,-0.001062,-0.000318,0.002284
70.061228,-0.235034,-0.240183,9.786639,0.003073,0.001114,0.000198
70.071123,-0.227811,-0.249267,9.803787,0.001948,0.002355,-0.000223
70.081001,-0.235824,-0.256675,9.803955,-0.000087,0.001332,-0.001682
70.090907,-0.244193,-0.251296,9.787199,0.000121,-0.002800,-0.002035
70.100774,-0.262217,-0.255566,9.810189,0.000329,0.001684,0.001882
70.110670,-0.243617,-0.254581,9.813192,0.001437,0.001054,-0.001453
70.120547,-0.243609,-0.249647,9.805195,-0.002254,-0.000536,-0.003044
70.130453,-0.255614,-0.241210,9.803779,-0.003331,0.001778,0.001325
70.140322,-0.247552,-0.246887,9.789670,0.002191,0.000924,-0.000806
70.150216,-0.233681,-0.232678,9.767769,0.000913,0.002746,-0.001929
70.160094,-0.229686,-0.252953,9.794405,0.001255,0.003332,0.001257
70.169999,-0.224614,-0.274005,9.787213,0.004579,0.000449,0.000262
70.179867,-0.232100,-0.262930,9.787549,0.001770,0.000380,0.003907
70.189762,-0.252083,-0.254535,9.798064,0.002369,0.001670,-0.000700
70.199640,-0.253692,-0.242658,9.798437,0.001167,-0.002565,0.001879
70.209545,-0.245147,-0.253474,9.795335,-0.001044,0.004199,-0.004754
70.219413,-0.249875,-0.256839,9.790834,0.001265,0.004245,-0.002909
70.229308,-0.248536,-0.249318,9.802134,0.000917,0.003096,-0.003142
70.239186,-0.228633,-0.251126,9.783183,0.004199,-0.001875,0.002731
70.249091,-0.230302,-0.262107,9.767159,-0.000803,0.000139,-0.003260
70.258959,-0.237314,-0.245571,9.780495,0.001530,-0.005529,-0.003144
70.268854,-0.238552,-0.255001,9.783317,0.003577,-0.001189,-0.000576
70.278732,-0.234799,-0.256769,9.788052,0.000002,-0.001645,-0.001758
70.288636,-0.238158,-0.245752,9.791488,-0.000071,0.001570,0.000543
70.298505,-0.241299,-0.250717,9.771187,0.000521,-0.003745,0.002050
70.308400,-0.245798,-0.228038,9.766370,-0.000661,0.003173,-0.002157
70.318278,-0.219190,-0.243231,9.787204,-0.002323,0.001365,-0.002577
70.328182,-0.214204,-0.250875,9.785425,0.001447,-0.001121,0.002273
70.338051,-0.247752,-0.258587,9.779283,0.001063,0.000889,0.000076
70.347946,-0.250472,-0.243320,9.777899,0.004674,-0.001945,-0.000576
70.357824,-0.249572,-0.248493,9.772995,0.003248,0.001017,-0.001500
70.367728,-0.241694,-0.257224,9.790803,0.000313,0.000933,-0.001696
70.377597,-0.249114,-0.240881,9.791849,0.002211,-0.000216,0.000499
70.387491,-0.242270,-0.270012,9.787155,0.000577,-0.002202,-0.005942
70.397369,-0.246744,-0.263518,9.777090,0.001013,0.005286,0.000785
70.407273,-0.237640,-0.256730,9.806958,0.000725,-0.000928,0.001143
70.417142,-0.225580,-0.250825,9.809444,0.001769,0.001326,-0.003487
70.427037,-0.244181,-0.245829,9.805370,-0.001846,-0.003174,0.001096
70.436915,-0.245379,-0.257587,9.806423,0.000121,0.001686,0.000393
70.446819,-0.239508,-0.257122,9.812165,0.000635,-0.001103,-0.000980
70.456688,-0.232463,-0.256928,9.782867,0.003508,-0.000692,0.000453
70.466582,-0.225063,-0.267736,9.770007,-0.001751,0.001876,-0.003956
70.476460,-0.234127,-0.269328,9.759343,-0.001294,-0.001205,-0.003461
70.486365,-0.238278,-0.269649,9.796277,0.000239,0.001564,0.001556
70.496233,-0.238848,-0.260312,9.791339,-0.002638,0.002463,-0.001509
70.506128,-0.246318,-0.259320,9.780502,-0.000566,0.003383,-0.000343
70.516006,-0.235386,-0.260821,9.795791,-0.000499,0.000191,-0.002178
70.525911,-0.231659,-0.271817,9.814373,0.004756,-0.000272,0.000764
70.535779,-0.251467,-0.255514,9.800806,0.001204,-0.002823,-0.002391
70.545674,-0.240331,-0.253754,9.798926,0.001265,-0.000179,-0.003155
70.555552,-0.241394,-0.254798,9.812813,0.002077,-0.000723,-0.000843
70.565457,-0.236445,-0.274206,9.795004,0.001455,-0.003139,-0.002988
70.575325,-0.248769,-0.279745,9.789731,-0.003055,-0.003062,0.000531
70.585220,-0.230099,-0.256015,9.770928,0.001580,0.001116,0.000658
70.595098,-0.242920,-0.254247,9.765900,-0.000454,0.000824,0.002113
70.605003,-0.245601,-0.243874,9.781626,-0.003247,-0.000920,-0.001913
70.614871,-0.243573,-0.219502,9.773760,0.003811,-0.002353,0.002226
70.624766,-0.227390,-0.245658,9.759181,0.000625,-0.000681,0.000403
70.634644,-0.232429,-0.245714,9.777667,-0.002666,0.002883,-0.002255
70.644549,-0.245806,-0.245136,9.785452,0.003283,-0.002155,0.003050
70.654417,-0.263084,-0.249910,9.798931,-0.000220,0.002633,-0.001859
70.664312,-0.257601,-0.258724,9.784962,-0.002187,-0.001237,0.000305
70.674190,-0.241901,-0.272803,9.790504,0.001627,0.002218,0.001980
70.684094,-0.251637,-0.266127,9.802993,0.001570,-0.006535,0.001977
70.693963,-0.241308,-0.252168,9.795403,0.000206,-0.002690,0.000593
70.703858,-0.242839,-0.245339,9.805937,0.001487,-0.002763,-0.001017
70.713736,-0.240354,-0.257497,9.790779,-0.004330,0.000708,0.000284
70.723640,-0.249092,-0.253162,9.771864,0.000497,-0.001246,-0.001781
70.733509,-0.250302,-0.240515,9.781158,0.000035,0.000956,-0.002838
70.743404,-0.245257,-0.250434,9.768568,-0.004853,0.005028,-0.000182
70.753282,-0.230430,-0.254917,9.789296,0.002044,0.002640,-0.000863
70.763186,-0.230303,-0.238856,9.775560,0.002452,-0.001781,0.000799
70.773055,-0.252073,-0.242462,9.785294,-0.003462,-0.000813,-0.001605
70.782950,-0.252391,-0.251903,9.800814,0.001968,-0.003998,-0.002845
70.792828,-0.259631,-0.253373,9.794359,-0.000193,0.005304,-0.001289
70.802732,-0.252771,-0.251727,9.782934,-0.001303,-0.000044,-0.000461
70.812601,-0.248909,-0.242822,9.784396,0.000981,-0.000162,-0.000008
70.822495,-0.248529,-0.251540,9.793780,0.002934,0.003993,0.000629
70.832374,-0.243432,-0.266291,9.807354,0.006099,0.000892,-0.001167
70.842278,-0.257170,-0.257309,9.793687,0.001848,0.002798,0.000295
70.852146,-0.250232,-0.242274,9.782247,0.001942,0.001142,-0.001693
70.862041,-0.237604,-0.261039,9.793280,-0.000469,0.001946,-0.000113
70.871920,-0.224576,-0.256124,9.804230,0.001783,0.002417,-0.007822
70.881825,-0.227653,-0.257130,9.806392,-0.002375,-0.000535,-0.003134
70.891694,-0.233983,-0.257576,9.796896,0.003757,0.000737,-0.000131
70.901588,-0.240153,-0.274271,9.793742,0.002784,0.005533,0.000346
70.911466,-0.246129,-0.255492,9.794169,0.000433,0.000387,-0.002988
70.921370,-0.244811,-0.251657,9.806533,0.000217,-0.001429,-0.001334
70.931238,-0.252398,-0.258222,9.791803,0.002570,-0.001343,-0.000614
70.941133,-0.257595,-0.245018,9.788542,0.000774,0.003326,-0.002238
70.951011,-0.251564,-0.260675,9.774707,0.002096,0.005176,-0.002946
70.960916,-0.246255,-0.256129,9.789889,0.001217,-0.000954,-0.004113
70.970784,-0.233899,-0.261375,9.800412,0.001613,0.004838,-0.003181
70.980679,-0.232212,-0.245593,9.788896,0.002742,-0.002505,0.002659
70.990557,-0.219918,-0.258727,9.793124,0.001598,-0.002216,-0.001856
71.000461,-0.239994,-0.255137,9.796812,-0.000389,0.001519,-0.001389
71.010330,-0.247878,-0.272614,9.778188,-0.001249,-0.000874,0.003616
71.020225,-0.244546,-0.259133,9.794392,0.004934,-0.000542,-0.000621
71.030103,-0.231510,-0.259145,9.811408,0.002463,0.002274,0.000467
71.040008,-0.227380,-0.254298,9.794259,0.000378,-0.001198,0.000176
71.049876,-0.228732,-0.265978,9.799461,0.003259,-0.001520,-0.002529
71.059771,-0.220367,-0.242136,9.787181,0.001380,-0.002483,-0.001149
71.069649,-0.231089,-0.248222,9.796377,-0.001730,0.002191,-0.001739
71.079553,-0.243644,-0.258479,9.802480,0.001614,0.000293,-0.004976
71.089422,-0.243911,-0.259509,9.781395,0.000475,-0.000242,-0.000756
71.099317,-0.231902,-0.257523,9.785960,0.001865,0.005528,0.002270
71.109195,-0.231605,-0.275169,9.802078,0.001724,0.001821,-0.000378
71.119099,-0.249361,-0.277161,9.801814,0.001046,-0.002676,0.004086
71.128968,-0.245839,-0.247211,9.783241,-0.000384,0.001401,-0.001130
71.138863,-0.240422,-0.246739,9.774232,-0.002515,-0.002003,-0.002918
71.148741,-0.242834,-0.246195,9.785491,0.001912,-0.000106,0.000463
71.158645,-0.224183,-0.237729,9.774606,-0.000733,0.002419,-0.000938
71.168514,-0.243875,-0.266314,9.793736,0.002586,0.003470,0.003053
71.178409,-0.244637,-0.265688,9.791149,0.000185,-0.001744,-0.001364
71.188286,-0.240916,-0.259278,9.794023,0.000043,0.002399,0.001234
71.198191,-0.243780,-0.245220,9.794244,-0.001196,0.002214,0.001076
71.208060,-0.255664,-0.256306,9.798408,-0.001266,-0.000126,-0.000363
71.217954,-0.253779,-0.263258,9.777335,0.004381,-0.000836,0.001011
71.227833,-0.222089,-0.272232,9.783319,0.001533,-0.003092,-0.003410
71.237737,-0.210243,-0.248661,9.796048,0.003690,0.000431,0.000754
71.247606,-0.235738,-0.249346,9.800505,0.001509,-0.000722,-0.001463
71.257500,-0.246106,-0.237093,9.795201,-0.001282,-0.002918,-0.000609
71.267378,-0.242285,-0.257562,9.779220,-0.000361,-0.000856,-0.001786
71.277283,-0.266505,-0.268167,9.769624,0.000855,-0.003603,0.002039
71.287151,-0.260856,-0.257299,9.783895,0.001211,-0.003803,0.001853
71.297046,-0.236064,-0.255570,9.784227,-0.001866,0.003629,-0.000080
71.306924,-0.244081,-0.256422,9.782706,0.003494,-0.000028,0.002439
71.316829,-0.238260,-0.271815,9.803313,0.001639,-0.001386,0.000736
71.326697,-0.244345,-0.259721,9.810846,-0.002271,0.002263,0.002296
71.336592,-0.253180,-0.264192,9.811218,0.003922,0.001784,-0.004274
71.346470,-0.227356,-0.278069,9.797503,-0.000078,0.001337,0.003028
71.356375,-0.234362,-0.256062,9.803373,-0.001097,0.002161,0.000703
71.366243,-0.228493,-0.257091,9.784748,0.000306,0.000880,0.000981
71.376138,-0.224886,-0.246090,9.791319,-0.005024,0.003296,-0.001699
71.386016,-0.239970,-0.242025,9.787015,0.002325,-0.002980,-0.000251
71.395920,-0.240765,-0.233623,9.785217,0.000755,0.003030,0.000582
71.405790,-0.218433,-0.254091,9.770497,0.001191,-0.002893,-0.000768
71.415685,-0.232067,-0.252697,9.759597,-0.001884,-0.000031,0.001473
71.425563,-0.255716,-0.257443,9.773792,-0.000683,-0.000644,-0.001241
71.435466,-0.266814,-0.246673,9.806213,-0.004200,0.001237,-0.001371
71.445335,-0.245257,-0.232688,9.777290,0.000464,-0.000964,-0.003098
71.455230,-0.242799,-0.260734,9.753510,-0.000495,-0.001447,0.000068
71.465108,-0.251001,-0.272504,9.784171,-0.001485,0.003714,-0.001534
71.475012,-0.258659,-0.262993,9.789805,0.000049,-0.001202,-0.003060
71.484881,-0.236671,-0.255098,9.797843,-0.000828,0.003230,-0.003054
71.494776,-0.235315,-0.256600,9.792916,0.002391,-0.000180,0.002679
71.504654,-0.247017,-0.261915,9.776455,0.000960,-0.000050,-0.000404
71.514558,-0.235264,-0.267578,9.757960,0.000289,-0.000329,0.003177
71.524427,-0.243516,-0.252483,9.777008,0.002107,0.001668,-0.001357
71.534321,-0.244581,-0.259855,9.799166,0.003663,0.000461,0.001401
71.544200,-0.245932,-0.260352,9.780617,-0.000665,-0.001488,-0.002643
71.554104,-0.237301,-0.246141,9.782426,0.006189,0.000149,-0.001226
71.563973,-0.226169,-0.250682,9.798375,-0.002295,-0.002215,-0.002246
71.573867,-0.236871,-0.246108,9.789554,-0.000765,0.002002,0.003745
71.583745,-0.245099,-0.251755,9.764810,0.003434,-0.003758,-0.000382
71.593650,-0.248318,-0.249138,9.793594,0.000064,0.003017,0.001348
71.603518,-0.264825,-0.265956,9.781222,0.001305,0.003689,-0.000198
71.613413,-0.247988,-0.262739,9.786890,0.004802,-0.000321,-0.003006
71.623291,-0.236635,-0.273646,9.797599,-0.000163,-0.004865,-0.001089
71.633196,-0.239226,-0.270406,9.797840,-0.000397,0.003484,0.000199
71.643064,-0.218361,-0.257554,9.794312,0.000680,-0.001889,0.001563
71.652959,-0.232089,-0.250031,9.776156,0.001417,-0.000226,-0.002163
71.662837,-0.244776,-0.266980,9.781016,0.000459,-0.002890,-0.004819
71.672741,-0.259521,-0.257091,9.803854,0.001162,0.001487,0.001085
71.682610,-0.252481,-0.254609,9.798999,0.000535,0.002765,-0.004931
71.692505,-0.233885,-0.266839,9.793059,-0.000187,-0.000311,0.004460
71.702383,-0.236033,-0.266310,9.784121,-0.000164,0.002046,0.002226
71.712287,-0.246860,-0.257899,9.782630,0.001150,-0.006455,0.002108
71.722156,-0.243540,-0.253831,9.782399,-0.002588,0.001948,0.001672
71.732051,-0.222440,-0.244967,9.796647,0.000944,0.001168,0.001614
71.741929,-0.234974,-0.243018,9.803890,0.001745,-0.001058,-0.001847
71.751833,-0.232018,-0.250316,9.802222,0.000110,-0.002022,-0.001246
71.761702,-0.235304,-0.283029,9.780577,0.001124,-0.001254,-0.001209
71.771597,-0.232542,-0.253975,9.803471,-0.003309,-0.003362,-0.000927
71.781475,-0.252234,-0.257006,9.800077,0.003122,0.000503,0.007586
71.791379,-0.269500,-0.258918,9.796262,-0.000108,-0.002873,0.001692
71.801248,-0.247297,-0.249943,9.787521,0.001206,0.004550,-0.001051
71.811143,-0.244301,-0.249054,9.785272,0.000452,-0.001750,-0.000115
71.821021,-0.245783,-0.259194,9.796304,0.003227,-0.002517,-0.003985
71.830925,-0.246526,-0.268957,9.779713,0.001987,-0.000094,-0.000165
71.840794,-0.240428,-0.249075,9.810256,0.000216,0.003668,0.000864
71.850688,-0.239562,-0.253694,9.794901,0.001336,-0.002781,-0.001219
71.860566,-0.246797,-0.260240,9.810413,0.001354,-0.001530,0.002762
71.870471,-0.242596,-0.259167,9.790047,0.001975,-0.002675,-0.001529
71.880339,-0.236721,-0.254483,9.788283,-0.001865,0.003662,0.002127
71.890234,-0.224071,-0.261366,9.796883,0.000763,-0.003494,-0.002251
71.900112,-0.228549,-0.271949,9.794605,0.000175,0.001986,-0.001725
71.910017,-0.236893,-0.256640,9.796017,0.000927,-0.000741,0.001473
71.919885,-0.251567,-0.263282,9.796568,-0.001758,-0.000324,-0.001948
71.929780,-0.249711,-0.255649,9.797636,0.002497,-0.003643,-0.003420
71.939658,-0.243187,-0.260424,9.819233,0.002796,0.002111,-0.001818
71.949563,-0.254820,-0.264790,9.791784,-0.001229,-0.002892,-0.000528
71.959431,-0.251054,-0.262709,9.810196,-0.001355,-0.000457,-0.000974
71.969326,-0.237543,-0.277713,9.798559,0.002141,0.001766,-0.000925
71.979204,-0.232394,-0.269511,9.779207,0.003900,-0.001239,0.000292
71.989109,-0.238744,-0.249079,9.758354,0.001570,0.004047,-0.002375
71.998977,-0.244086,-0.258421,9.764400,0.000815,-0.001641,-0.001101
72.008872,-0.230729,-0.260408,9.790480,0.001634,0.000975,-0.001547
72.018750,-0.240890,-0.260605,9.802244,-0.000024,0.000448,0.001096
72.028655,-0.243396,-0.248904,9.787959,-0.000516,-0.000764,-0.003436
72.038523,-0.242997,-0.230066,9.794940,-0.003561,0.003585,-0.001133
72.048418,-0.242498,-0.254680,9.780251,0.000654,0.003016,-0.002274
72.058296,-0.237379,-0.278092,9.783171,0.000625,-0.001002,0.001615
72.068200,-0.238777,-0.270842,9.804712,0.000566,-0.000136,-0.003077
72.078069,-0.231907,-0.248001,9.805670,0.001304,-0.002865,-0.001551
72.087964,-0.249023,-0.261458,9.802852,-0.000373,0.001237,-0.000258
72.097842,-0.249437,-0.253182,9.820437,0.000498,-0.000603,0.001277
72.107746,-0.248537,-0.261337,9.795173,-0.000179,0.000526,0.001100
72.117615,-0.250204,-0.244619,9.773289,0.001275,-0.002886,0.001819
72.127510,-0.262475,-0.270155,9.775159,-0.001763,0.006830,-0.000601
72.137387,-0.252746,-0.258816,9.774524,0.001132,-0.003630,-0.001617
72.147292,-0.240688,-0.237167,9.787654,0.000081,-0.002896,0.001714
72.157161,-0.243408,-0.259655,9.797051,0.000003,-0.001867,0.001811
72.167055,-0.249598,-0.266364,9.772949,0.000999,0.000785,-0.001582
72.176934,-0.242178,-0.247323,9.788124,-0.001116,-0.000062,-0.003601
72.186838,-0.224949,-0.256080,9.798329,0.000918,0.001786,0.000111
72.196706,-0.233366,-0.252632,9.791447,0.002949,-0.005209,-0.002407
72.206601,-0.232870,-0.246111,9.769634,-0.000570,-0.004604,-0.001586
72.216479,-0.241539,-0.244418,9.777381,-0.001811,0.000109,-0.000559
72.226384,-0.245752,-0.251026,9.798430,0.000850,-0.001953,-0.000024
72.236252,-0.251574,-0.276559,9.798525,-0.005101,0.002200,-0.001884
72.246147,-0.252380,-0.265401,9.795363,0.003111,-0.002802,0.002418
72.256025,-0.237287,-0.268004,9.790966,0.001729,-0.003284,-0.000229
72.265930,-0.227080,-0.251536,9.782882,-0.000886,0.002120,-0.001698
72.275798,-0.236754,-0.248001,9.794321,0.005548,0.001955,0.004356
72.285693,-0.236746,-0.248403,9.803082,-0.003690,-0.003526,-0.001722
72.295571,-0.232502,-0.255774,9.800141,0.001221,-0.003256,0.004281
72.305475,-0.234028,-0.255391,9.801529,0.002422,-0.001095,0.001229
72.315344,-0.243671,-0.252385,9.767478,0.002134,0.001993,0.000730
72.325239,-0.236299,-0.248656,9.793181,-0.001149,-0.001849,0.000849
72.335117,-0.236430,-0.237090,9.796891,-0.000380,0.000633,0.001878
72.345021,-0.234782,-0.245797,9.790591,0.000487,-0.003927,0.000313
72.354890,-0.226343,-0.252507,9.778095,0.003534,0.003435,-0.000307
72.364785,-0.225259,-0.240676,9.772857,-0.000797,-0.000621,0.000432
72.374663,-0.244371,-0.226543,9.792969,0.001622,-0.005025,-0.000544
72.384567,-0.242722,-0.247215,9.799481,-0.000402,-0.000223,0.002267
72.394436,-0.239684,-0.262322,9.807738,0.003124,-0.000767,-0.000096
72.404331,-0.239418,-0.263414,9.789337,0.001304,0.000282,0.001076
72.414209,-0.238060,-0.268131,9.783139,0.001886,-0.000530,0.001805
72.424113,-0.247429,-0.271825,9.793866,0.000205,-0.001621,-0.001312
72.433982,-0.250904,-0.256982,9.808154,0.000690,0.002181,0.000267
72.443877,-0.264249,-0.248848,9.796258,-0.001625,-0.000279,-0.000694
72.453755,-0.250720,-0.257641,9.789233,0.001475,0.000581,0.000921
72.463660,-0.231019,-0.259923,9.784800,0.000157,0.000858,-0.005835
72.473528,-0.229949,-0.259317,9.778513,-0.002459,0.001453,-0.003175
72.483423,-0.245119,-0.240760,9.795411,0.003390,0.003004,-0.003550
72.493300,-0.234229,-0.242778,9.790221,0.001071,-0.000562,0.001151
72.503206,-0.251016,-0.248992,9.795423,0.000820,-0.002139,0.000898
72.513074,-0.238916,-0.273341,9.791219,0.004603,-0.001789,-0.001023
72.522970,-0.239824,-0.270035,9.781910,-0.001550,0.004749,-0.001498
72.532847,-0.245131,-0.267901,9.784229,-0.000664,0.002172,0.002627
72.542752,-0.249766,-0.253276,9.772826,-0.000665,-0.002229,-0.000267
72.552620,-0.240337,-0.240495,9.775624,0.001713,0.001480,-0.001241
72.562516,-0.240347,-0.261939,9.803290,0.002197,-0.002177,-0.001268
72.572395,-0.248658,-0.251611,9.807437,0.000923,0.002230,0.000977
72.582298,-0.237386,-0.262816,9.800006,0.001881,0.000048,0.002694
72.592166,-0.237999,-0.259828,9.795850,0.001261,0.001576,-0.001898
72.602061,-0.239162,-0.249955,9.804791,0.001140,-0.003709,-0.003871
72.611941,-0.242416,-0.247450,9.807630,0.000802,0.003023,-0.002244
72.621845,-0.229696,-0.250058,9.805023,0.002285,-0.003420,0.001947
72.631712,-0.235436,-0.261406,9.798498,0.002178,0.000922,-0.001031
72.641607,-0.249902,-0.271112,9.789608,-0.001396,0.002766,-0.002593
72.651485,-0.257793,-0.256995,9.800007,-0.000629,0.000688,-0.001666
72.661390,-0.239896,-0.249248,9.784415,0.000274,-0.004234,0.004400
72.671259,-0.238651,-0.247713,9.779395,0.002821,-0.002013,0.005256
72.681153,-0.234729,-0.239446,9.772114,0.000333,0.002198,0.003332
72.691031,-0.236741,-0.245417,9.775605,0.000750,-0.002711,0.002258
72.700935,-0.242099,-0.260254,9.790412,-0.002416,0.004532,-0.003508
72.710804,-0.253227,-0.275396,9.800731,0.001763,-0.000247,0.001986
72.720700,-0.250052,-0.266967,9.796051,0.001459,-0.000727,-0.001613
72.730577,-0.231303,-0.261247,9.784959,0.004407,0.000345,-0.002231
72.740481,-0.227424,-0.260957,9.808089,0.001956,0.000086,0.001006
72.750349,-0.239818,-0.269592,9.778250,0.001280,-0.003278,0.002171
72.760244,-0.253100,-0.271310,9.774119,0.002017,-0.000830,-0.001131
72.770122,-0.257590,-0.271629,9.785010,0.002445,0.003198,0.001816
72.780026,-0.260270,-0.249601,9.778994,0.000375,-0.006861,-0.001795
72.789895,-0.240749,-0.242549,9.787900,0.003354,0.001132,-0.002738
72.799789,-0.223792,-0.255695,9.780824,-0.001653,0.003083,-0.002858
72.809668,-0.234193,-0.251290,9.779789,0.000235,0.000619,-0.000917
72.819572,-0.236281,-0.241419,9.777829,0.002559,0.000075,-0.000576
72.829440,-0.246043,-0.260964,9.778879,0.001763,-0.001313,0.000972
72.839335,-0.248852,-0.261467,9.795122,-0.002845,-0.002243,-0.001595
72.849213,-0.230716,-0.248618,9.815292,-0.001105,0.003188,-0.001822
72.859118,-0.243310,-0.236171,9.786898,-0.002772,0.000362,-0.001336
72.868987,-0.259898,-0.255430,9.807174,0.004708,-0.001368,0.003256
72.878881,-0.250212,-0.268764,9.782557,0.000195,-0.002965,-0.002127
72.888759,-0.231854,-0.265104,9.783139,0.000864,0.001635,0.000901
72.898664,-0.254397,-0.267419,9.788630,-0.001742,0.001699,0.000393
72.908532,-0.249619,-0.251157,9.818867,0.001381,-0.001699,0.002470
72.918427,-0.236199,-0.236897,9.809793,0.000494,0.000222,0.000559
72.928305,-0.242924,-0.249580,9.789492,0.000108,-0.000551,-0.003436
72.938209,-0.229150,-0.253372,9.779217,0.000501,-0.001181,-0.000979
72.948078,-0.234793,-0.259033,9.772374,-0.001055,0.002039,-0.000984
72.957973,-0.240040,-0.253485,9.783385,-0.000595,0.000466,0.002144
72.967851,-0.241498,-0.248651,9.795860,-0.000411,-0.000164,-0.003931
72.977755,-0.239553,-0.263449,9.800812,-0.000238,-0.002580,0.001019
72.987624,-0.239520,-0.264815,9.780212,0.001795,-0.002976,0.001621
72.997519,-0.239569,-0.255426,9.800681,-0.002593,-0.001955,-0.000740
73.007397,-0.237971,-0.258606,9.812257,0.001902,-0.002992,-0.000341
73.017302,-0.251273,-0.247994,9.785232,0.001534,0.002297,-0.002037
73.027170,-0.240094,-0.240412,9.779962,0.002145,-0.002380,0.003059
73.037064,-0.229533,-0.245643,9.771071,0.002600,-0.000224,0.001578
73.046943,-0.234381,-0.256901,9.788788,-0.000452,0.004263,0.000044
73.056847,-0.230933,-0.267691,9.768128,0.002025,-0.000318,0.002202
73.066716,-0.249901,-0.259695,9.794700,-0.000284,0.002984,0.001738
73.076611,-0.264069,-0.259842,9.810090,0.000557,-0.001575,-0.000247
73.086489,-0.251041,-0.251651,9.785957,0.001984,-0.002417,0.003494
73.096393,-0.244273,-0.258443,9.777515,0.001500,-0.000326,0.001962
73.106263,-0.261722,-0.265432,9.773547,-0.001418,0.002803,-0.003399
73.116156,-0.235409,-0.257760,9.797957,0.001395,-0.000223,-0.000596
73.126034,-0.226424,-0.236830,9.820240,0.002561,-0.002385,-0.000370
73.135939,-0.220066,-0.261123,9.782195,-0.002546,0.000337,-0.000371
73.145807,-0.244668,-0.260223,9.786684,0.003530,-0.000622,0.001666
73.155702,-0.243365,-0.251858,9.797218,-0.000832,0.001030,0.001237
73.165581,-0.242014,-0.265038,9.794797,0.000424,0.000315,0.002667
73.175485,-0.243842,-0.241383,9.783740,0.005925,-0.001584,0.000332
73.185353,-0.249616,-0.236390,9.781316,-0.001320,0.004830,-0.002838
73.195248,-0.250111,-0.270403,9.769218,0.001032,-0.004617,0.001545
73.205126,-0.247859,-0.278271,9.778456,-0.002144,0.003330,-0.000126
73.215030,-0.226691,-0.265041,9.784230,-0.001585,-0.000876,0.007090
73.224899,-0.238936,-0.257490,9.790876,0.000098,-0.001397,-0.001904
73.234794,-0.233782,-0.255681,9.803452,-0.000290,0.001827,-0.001519
73.244672,-0.239377,-0.243675,9.793096,0.001527,0.006351,-0.001211
73.254577,-0.244182,-0.234425,9.796696,0.001331,-0.004242,-0.001218
73.264447,-0.244932,-0.237039,9.806721,0.001149,-0.002753,0.001200
73.274341,-0.253662,-0.246099,9.796963,0.001658,-0.001503,-0.000757
73.284219,-0.240110,-0.238854,9.784063,0.001677,0.001031,-0.000438
73.294122,-0.235638,-0.240006,9.768456,0.003620,-0.002665,-0.000147
73.303991,-0.239489,-0.260865,9.777987,-0.000441,-0.000309,-0.002405
73.313891,-0.238036,-0.268790,9.770606,-0.000580,0.001924,-0.002727
73.323764,-0.244356,-0.251296,9.785167,0.000343,0.000486,-0.001868
73.333668,-0.244948,-0.263565,9.795271,0.002640,-0.002422,0.000865
73.343537,-0.248714,-0.263272,9.794646,0.001723,0.002354,0.000412
73.353431,-0.244851,-0.266552,9.807438,0.001336,0.000301,0.000161
73.363310,-0.251736,-0.244161,9.767717,-0.003759,0.002318,0.000008
73.373214,-0.248374,-0.246105,9.777566,0.000290,0.001844,0.002229
73.383083,-0.254011,-0.261405,9.790072,-0.001843,0.004366,-0.001230
73.392978,-0.241387,-0.243846,9.767008,0.002128,-0.003373,0.001521
73.402855,-0.242620,-0.254967,9.759548,0.001731,0.000898,0.001340
73.412760,-0.242901,-0.252202,9.780683,-0.003544,-0.001513,-0.000969
73.422628,-0.244337,-0.262712,9.788083,0.002584,-0.002419,0.003369
73.432523,-0.250937,-0.253748,9.795464,0.002542,0.003119,-0.001328
73.442401,-0.239872,-0.250004,9.776380,0.001733,0.000269,0.000418
73.452306,-0.218509,-0.254000,9.767357,0.002669,-0.000254,-0.003861
73.462175,-0.257981,-0.250033,9.784396,0.001394,-0.002690,-0.000836
73.472069,-0.264435,-0.249021,9.773450,0.003355,0.000466,0.001842
73.481947,-0.257698,-0.271647,9.781896,-0.000480,-0.001019,-0.000052
73.491852,-0.237844,-0.243779,9.779467,0.000095,-0.000230,-0.004084
73.501720,-0.233844,-0.244081,9.779927,-0.001335,0.000929,-0.001517
73.511615,-0.247147,-0.257819,9.792180,0.001557,-0.001518,0.002924
73.521493,-0.241621,-0.265180,9.795154,0.001010,-0.000671,0.001253
73.531398,-0.253281,-0.273662,9.803266,0.002793,-0.000868,0.001419
73.541266,-0.235075,-0.259018,9.790597,-0.001304,0.000550,0.001372
73.551161,-0.220704,-0.245655,9.778225,-0.002048,-0.000491,0.001676
73.561039,-0.245727,-0.263252,9.779452,-0.000639,0.000873,-0.000408
73.570943,-0.234998,-0.254751,9.790745,0.001530,0.004014,0.004160
73.580812,-0.241624,-0.256434,9.786820,0.000026,0.005396,-0.002448
73.590707,-0.238517,-0.276696,9.790762,-0.001742,0.000790,-0.001178
73.600585,-0.236833,-0.271971,9.763315,0.001335,-0.002093,-0.002071
73.610491,-0.233978,-0.260657,9.776890,0.000565,-0.000707,-0.001479
73.620358,-0.226656,-0.227754,9.800997,-0.003201,0.003258,-0.000540
73.630252,-0.238062,-0.242356,9.780193,-0.000034,-0.000171,-0.000797
73.640131,-0.229570,-0.245039,9.790046,-0.003335,0.000447,-0.002404
73.650035,-0.234611,-0.251439,9.773642,0.003747,0.001682,0.000896
73.659904,-0.232555,-0.246873,9.773824,-0.000346,-0.004382,0.001503
73.669798,-0.249891,-0.233107,9.786026,0.001368,-0.004555,0.000332
73.679676,-0.240950,-0.223834,9.779054,0.001000,0.000506,-0.001235
73.689581,-0.223620,-0.248275,9.788818,0.000479,-0.005146,0.003028
73.699449,-0.234481,-0.232468,9.781246,0.000485,0.000810,0.003885
73.709344,-0.237705,-0.241200,9.794204,-0.001670,0.002091,-0.005937
73.719222,-0.249055,-0.249451,9.765291,0.001728,0.003611,-0.000319
73.729127,-0.243878,-0.262326,9.775737,0.000179,-0.000343,0.003209
73.738995,-0.228834,-0.256843,9.785089,0.001045,0.005160,-0.000557
73.748890,-0.222960,-0.233479,9.780019,-0.001333,0.002757,-0.004430
73.758768,-0.235776,-0.241982,9.801682,0.001025,0.000425,0.000227
73.768672,-0.249745,-0.250348,9.801599,-0.004144,-0.001782,-0.000780
73.778542,-0.248273,-0.255136,9.794586,0.001818,-0.001653,0.000508
73.788437,-0.244260,-0.267428,9.794163,0.000281,-0.001510,0.002380
73.798315,-0.247482,-0.250059,9.794807,0.000507,0.001410,0.002889
73.808220,-0.240301,-0.234014,9.797106,0.005096,0.000937,0.000217
73.818087,-0.243192,-0.270270,9.800979,0.001765,-0.000938,0.005310
73.827982,-0.243970,-0.260202,9.809512,-0.001446,-0.005948,0.002011
73.837860,-0.220703,-0.230679,9.818010,0.004267,-0.003665,-0.002074
73.847764,-0.222185,-0.248764,9.797713,0.000249,-0.004635,-0.002949
73.857633,-0.229753,-0.258800,9.767380,0.001873,-0.001293,0.002145
73.867528,-0.242137,-0.253111,9.803071,0.001315,0.005571,0.000523
73.877406,-0.229143,-0.261861,9.803050,0.002727,0.000282,-0.001680
73.887310,-0.247103,-0.259452,9.778234,-0.002822,0.003185,-0.001099
73.897179,-0.253414,-0.256681,9.778668,0.001454,-0.002853,0.000352
73.907073,-0.244705,-0.246182,9.784521,-0.000053,0.004239,0.002481
73.916952,-0.240759,-0.254513,9.781719,0.000802,-0.003692,0.001147
73.926856,-0.245294,-0.252570,9.791438,-0.001285,0.005705,0.002632
73.936725,-0.257426,-0.269685,9.792354,-0.000737,0.002053,-0.001158
73.946619,-0.246533,-0.271909,9.793590,-0.003945,0.002852,-0.000006
73.956497,-0.234587,-0.257356,9.814546,0.002802,0.001518,0.000833
73.966402,-0.227296,-0.248268,9.815718,0.000817,0.001779,-0.002825
73.976270,-0.232440,-0.256423,9.775835,-0.001046,-0.001440,0.004411
73.986165,-0.240551,-0.263563,9.783233,0.002083,-0.002303,0.001792
73.996043,-0.235877,-0.257432,9.779508,-0.002028,-0.000075,0.000394
74.005948,-0.233931,-0.248840,9.789623,0.000057,-0.001268,-0.003380
74.015816,-0.234378,-0.250553,9.780495,0.002110,-0.002742,-0.000988
74.025711,-0.237362,-0.257493,9.777061,-0.001395,0.002788,0.000087
74.035589,-0.243402,-0.256883,9.805785,0.004016,-0.000895,0.000635
74.045494,-0.233461,-0.249589,9.796027,-0.001815,0.005025,-0.002897
74.055362,-0.250956,-0.264068,9.799548,0.000970,-0.002572,0.003716
74.065257,-0.245095,-0.268188,9.767015,0.003888,-0.000772,-0.001562
74.075135,-0.252745,-0.262798,9.776535,0.002522,0.001464,0.004022
74.085040,-0.254929,-0.262941,9.785896,0.002946,0.000621,-0.000085
74.094908,-0.238573,-0.250088,9.784176,-0.000142,-0.000665,0.000952
74.104802,-0.228829,-0.258376,9.803855,-0.000388,0.001731,0.002366
74.114681,-0.217784,-0.272402,9.812617,0.002085,0.004207,-0.002853
74.124585,-0.241866,-0.262097,9.777202,0.003636,-0.005615,-0.004585
74.134454,-0.241473,-0.267084,9.788623,0.003157,-0.003419,0.000108
74.144349,-0.240044,-0.265706,9.798260,0.003669,-0.000268,-0.000708
74.154227,-0.231339,-0.258978,9.781327,-0.000760,-0.001409,-0.002548
74.164131,-0.241699,-0.254301,9.762697,0.004278,-0.004413,-0.001555
74.174000,-0.239264,-0.254990,9.769753,0.000950,-0.001530,0.002835
74.183895,-0.219449,-0.256682,9.781371,0.002691,0.002411,-0.001828
74.193773,-0.246199,-0.270784,9.785769,0.000574,0.002649,0.002071
74.203677,-0.250912,-0.261758,9.790020,0.002862,0.001031,-0.000971
74.213546,-0.237340,-0.258559,9.799410,0.001885,-0.001753,-0.001479
74.223440,-0.231282,-0.264852,9.800602,0.001345,-0.001329,-0.002107
74.233318,-0.223268,-0.254620,9.795345,0.000986,0.003680,0.001985
74.243223,-0.242404,-0.246607,9.776594,-0.002636,0.000873,0.000925
74.253091,-0.254380,-0.256180,9.779193,0.002971,-0.003715,0.006095
74.262986,-0.252851,-0.243842,9.788480,0.000631,-0.005301,-0.001179
74.272864,-0.262936,-0.233508,9.797284,-0.000751,-0.000934,0.001653
74.282769,-0.247718,-0.261483,9.794374,-0.000372,-0.000167,0.000228
74.292637,-0.238146,-0.267628,9.790107,0.000323,0.000458,-0.000833
74.302532,-0.225736,-0.253562,9.776686,0.000227,-0.000234,-0.002986
74.312410,-0.234648,-0.248848,9.769701,-0.002666,-0.000436,0.006391
74.322314,-0.246474,-0.247247,9.788655,0.001876,-0.003325,-0.000411
74.332183,-0.243439,-0.266717,9.787063,0.004334,0.002020,-0.001376
74.342078,-0.240685,-0.266930,9.801723,0.000447,0.000911,-0.003501
74.351956,-0.248159,-0.251528,9.782544,0.001088,0.002551,-0.003160
74.361860,-0.248226,-0.273093,9.780909,0.000987,-0.002161,-0.002036
74.371729,-0.248218,-0.261376,9.767312,-0.001357,-0.002380,0.000536
74.381624,-0.235653,-0.253462,9.787359,-0.001154,0.000661,0.000939
74.391502,-0.248005,-0.257111,9.805741,0.000434,-0.000008,-0.000333
74.401406,-0.244066,-0.262703,9.782105,0.000574,0.004189,0.001072
74.411275,-0.247192,-0.250777,9.784135,-0.001607,0.000769,-0.002420
74.421169,-0.246064,-0.266184,9.811365,0.000263,-0.001200,-0.000571
74.431047,-0.231786,-0.259498,9.805354,0.000994,-0.002058,0.001829
74.440952,-0.235875,-0.269755,9.785093,-0.003243,-0.000815,-0.005485
74.450821,-0.242403,-0.240121,9.770297,-0.001035,0.002071,0.002995
74.460715,-0.225693,-0.238362,9.789711,0.003623,-0.003898,0.000283
74.470593,-0.235995,-0.255083,9.770168,-0.000657,-0.004132,-0.000062
74.480498,-0.265296,-0.256542,9.762643,0.001978,0.001383,0.002406
74.490366,-0.252052,-0.254428,9.779778,-0.000812,0.000320,0.004165
74.500261,-0.245372,-0.264154,9.796579,0.000209,-0.005155,-0.001220
74.510139,-0.227510,-0.268688,9.795568,0.001818,0.000216,0.000077
74.520043,-0.248765,-0.250749,9.780094,0.002039,0.004371,-0.000938
74.529912,-0.242461,-0.262757,9.786472,0.000847,-0.000265,0.005064
74.539807,-0.237672,-0.257599,9.779543,0.003485,0.000026,-0.002739
74.549685,-0.239135,-0.262924,9.770854,-0.000052,0.003997,0.001050
74.559590,-0.251425,-0.264095,9.799836,-0.000160,0.002008,-0.002208
74.569458,-0.251406,-0.257619,9.799842,-0.003497,-0.000498,0.005157
74.579353,-0.248105,-0.258513,9.795071,0.002711,-0.001531,-0.001293
74.589231,-0.252406,-0.250905,9.799523,0.001377,0.001408,-0.001916
74.599135,-0.238754,-0.259060,9.792705,-0.000123,0.004629,0.000428
74.609004,-0.237499,-0.269559,9.810948,0.002871,0.002546,-0.001949
74.618899,-0.251128,-0.257550,9.800216,-0.003891,-0.000176,0.000274
74.628777,-0.253276,-0.243775,9.799923,0.001203,-0.002019,-0.000371
74.638681,-0.260638,-0.254007,9.787824,-0.000564,0.004298,0.001899
74.648550,-0.245586,-0.270745,9.787756,0.002020,-0.000071,-0.000015
74.658445,-0.259638,-0.272981,9.776407,-0.001265,0.005778,0.003659
74.668323,-0.243285,-0.264324,9.759680,-0.000956,-0.000410,-0.000531
74.678227,-0.240982,-0.254828,9.786241,0.001026,0.000370,0.003648
74.688096,-0.231579,-0.259728,9.778648,0.001700,-0.003517,0.002254
74.697990,-0.230914,-0.253571,9.790361,0.001619,0.001443,-0.000727
74.707869,-0.240138,-0.255218,9.807548,0.001524,-0.003111,-0.000994
74.717773,-0.240210,-0.281473,9.782140,0.003184,-0.006556,0.002223
74.727641,-0.246515,-0.281556,9.810358,-0.001485,0.001259,0.001235
74.737536,-0.253781,-0.262361,9.785726,0.001679,0.000917,0.000738
74.747414,-0.258470,-0.264119,9.797721,0.003663,-0.002694,0.002081
74.757319,-0.243370,-0.257917,9.804831,0.003511,-0.001028,-0.000705
74.767187,-0.230362,-0.271269,9.798429,-0.000735,0.002223,-0.000395
74.777082,-0.235680,-0.267899,9.804765,0.004577,0.001327,0.004267
74.786960,-0.240305,-0.284093,9.771748,0.002868,-0.004624,0.002542
74.796864,-0.235895,-0.271032,9.770061,0.002149,-0.000712,-0.000891
74.806733,-0.238372,-0.250600,9.777374,0.000448,-0.001348,0.001943
74.816628,-0.242892,-0.230666,9.781198,-0.000605,-0.003258,-0.004029
74.826506,-0.231128,-0.239377,9.792844,-0.003338,-0.000504,0.000820
74.836413,-0.235438,-0.264167,9.780816,-0.000734,-0.000238,-0.000733
74.846279,-0.259970,-0.267113,9.773177,-0.000313,0.001296,0.000757
74.856175,-0.257210,-0.261396,9.798697,-0.001785,0.000842,-0.000007
74.866052,-0.242486,-0.260891,9.796075,0.000173,-0.001413,0.007550
74.875957,-0.252629,-0.241782,9.792759,-0.000413,0.003703,-0.001670
74.885826,-0.237547,-0.246962,9.790584,-0.003412,-0.003451,0.000872
74.895721,-0.230856,-0.265413,9.781010,-0.000009,-0.001433,-0.002166
74.905599,-0.242899,-0.263855,9.777857,-0.001007,0.002399,0.001493
74.915503,-0.266696,-0.257979,9.794469,-0.000098,0.001903,-0.001007
74.925372,-0.244036,-0.247948,9.778844,0.002303,-0.003624,0.002068
74.935274,-0.225838,-0.250393,9.790618,0.000902,-0.000334,-0.000226
74.945146,-0.240338,-0.245127,9.794972,-0.000267,-0.004196,0.001347
74.955050,-0.256052,-0.220437,9.803126,-0.001210,0.001009,0.001999
74.964920,-0.248539,-0.256708,9.779737,0.000609,0.000197,-0.000562
74.974813,-0.237970,-0.269883,9.785872,-0.002196,-0.000286,0.003577
74.984695,-0.237889,-0.252488,9.791869,-0.000223,0.002229,-0.000399
74.994595,-0.255498,-0.251424,9.788402,0.001512,-0.001783,0.001391
75.004463,-0.241561,-0.250209,9.784793,-0.003580,-0.003614,-0.000472
75.014363,-0.241900,-0.251947,9.778536,-0.000063,0.002996,-0.001922
75.024241,-0.225349,-0.257412,9.802211,-0.002088,-0.000716,0.001704
75.034142,-0.226187,-0.247744,9.763780,0.002083,-0.001974,0.002750
75.044014,-0.238411,-0.253459,9.776284,-0.000583,-0.002541,-0.002945
75.053908,-0.236271,-0.272847,9.776147,0.001574,0.000750,0.002320
75.063783,-0.250065,-0.241243,9.788143,0.000293,0.004378,-0.004106
75.073688,-0.235864,-0.265694,9.779605,-0.001060,-0.001284,-0.000431
75.083560,-0.230116,-0.266531,9.792476,0.002170,0.000855,0.000493
75.093454,-0.227959,-0.263203,9.778860,0.000280,0.000539,0.001956
75.103329,-0.247086,-0.267224,9.780092,-0.000153,0.000662,-0.003863
75.113237,-0.258999,-0.260792,9.791340,0.001913,0.000423,-0.001606
75.123103,-0.238065,-0.247431,9.810993,0.001025,-0.004162,0.000755
75.132996,-0.237930,-0.264336,9.795843,-0.000797,0.002283,-0.001699
75.142877,-0.252307,-0.260424,9.774469,-0.001493,0.003254,-0.001870
75.152778,-0.249497,-0.271637,9.796045,-0.000622,0.001282,0.002066
75.162647,-0.229583,-0.248341,9.775651,0.000619,-0.001616,0.002473
75.172546,-0.244024,-0.247751,9.789059,-0.003053,0.000895,-0.001138
75.182423,-0.233476,-0.261269,9.783653,-0.000185,-0.003134,-0.002761
75.192324,-0.222774,-0.256670,9.789812,0.000297,-0.000462,0.000416
75.202196,-0.232185,-0.258789,9.814639,0.000976,-0.002686,-0.004243
75.212089,-0.232915,-0.255157,9.796397,0.001182,0.003350,-0.002383
75.221966,-0.226122,-0.245628,9.787538,0.000107,0.004253,-0.001263
75.231872,-0.241264,-0.255761,9.790593,-0.003675,-0.002200,0.001969
75.241738,-0.247114,-0.243861,9.805761,0.002234,-0.006249,-0.000925
75.251634,-0.263603,-0.249511,9.801332,0.001593,0.003134,-0.003179
75.261512,-0.233910,-0.252814,9.789387,0.001053,0.000936,0.000756
75.271416,-0.242092,-0.257138,9.784817,0.001296,-0.000383,0.000802
75.281285,-0.249115,-0.268039,9.802183,-0.002352,0.001819,-0.000277
75.291182,-0.244350,-0.266644,9.787705,-0.003133,-0.004697,0.000299
75.301058,-0.250752,-0.258172,9.796685,-0.000541,0.001537,-0.002773
75.310962,-0.241779,-0.276955,9.788474,0.002823,-0.004070,0.000231
75.320830,-0.241608,-0.267732,9.773711,0.001207,0.002953,0.000862
75.330725,-0.238657,-0.245293,9.797813,-0.000121,0.002089,-0.000816
75.340608,-0.242473,-0.263207,9.792481,0.001780,-0.001203,0.001841
75.350515,-0.235124,-0.270482,9.762730,0.001963,0.000212,0.000729
75.360376,-0.251953,-0.262411,9.765812,-0.001706,0.002246,-0.000167
75.370271,-0.240872,-0.234071,9.770030,0.002164,0.000246,0.000844
75.380150,-0.236685,-0.261736,9.792044,0.002932,0.000807,-0.000186
75.390054,-0.251705,-0.272275,9.796692,0.000110,0.002226,-0.001815
75.399926,-0.238606,-0.262354,9.782491,0.000686,-0.000145,0.004653
75.409819,-0.222443,-0.244485,9.785815,0.000656,-0.003668,0.000600
75.419699,-0.240901,-0.266985,9.800685,-0.000033,-0.002323,-0.000024
75.429600,-0.244497,-0.262244,9.802000,0.003928,-0.001499,-0.004173
75.439472,-0.238978,-0.258171,9.802321,-0.001686,0.000804,-0.005309
75.449364,-0.248131,-0.238899,9.803344,0.004599,0.001553,-0.000158
75.459245,-0.228056,-0.256591,9.795198,-0.002900,0.002349,-0.004541
75.469145,-0.225203,-0.257971,9.810090,0.002787,-0.000718,-0.003398
75.479014,-0.227831,-0.240249,9.804029,0.000608,-0.002092,-0.003348
75.488909,-0.223339,-0.238157,9.779583,0.002746,-0.002468,-0.002282
75.498791,-0.232918,-0.236607,9.771812,0.000690,0.004651,0.002743
75.508692,-0.246221,-0.260063,9.782500,-0.000672,0.000258,0.005150
75.518560,-0.234329,-0.264030,9.779064,-0.003346,0.003261,-0.000343
75.528459,-0.242147,-0.253959,9.774169,0.003192,-0.003321,0.001793
75.538337,-0.249555,-0.260952,9.773831,-0.000510,0.001567,-0.001181
75.548237,-0.264459,-0.261814,9.802786,-0.000405,0.001474,0.002305
75.558107,-0.257014,-0.251477,9.800772,0.004850,-0.002893,-0.001897
75.568002,-0.248930,-0.261756,9.787911,-0.001614,-0.004143,0.002846
75.577878,-0.240293,-0.267912,9.791266,-0.002279,-0.000969,0.001142
75.587787,-0.238009,-0.271014,9.806284,0.002047,-0.000773,0.002653
75.597652,-0.246420,-0.260209,9.795694,0.000044,-0.003131,-0.000179
75.607547,-0.231204,-0.248305,9.783330,0.000812,0.003399,0.003074
75.617425,-0.234757,-0.231986,9.792627,-0.001072,0.001821,-0.005594
75.627331,-0.245181,-0.240910,9.775603,0.004094,0.001598,0.000857
75.637199,-0.253145,-0.263808,9.777164,-0.001794,-0.002424,-0.002730
75.647093,-0.247693,-0.252993,9.796958,-0.003067,-0.000363,-0.000958
75.656972,-0.238062,-0.269886,9.820520,-0.001322,0.001302,0.002041
75.666875,-0.243055,-0.271453,9.797573,-0.002560,-0.000316,-0.003000
75.676744,-0.248558,-0.273927,9.778214,0.003152,0.002260,0.001710
75.686638,-0.247514,-0.260487,9.786048,-0.002974,-0.006426,0.002766
75.696517,-0.241990,-0.247637,9.777601,0.001284,0.004220,-0.001709
75.706420,-0.246241,-0.252656,9.767440,0.005113,-0.007707,-0.000138
75.716289,-0.246483,-0.261628,9.794065,0.001150,0.001132,0.001754
75.726184,-0.256987,-0.245500,9.797330,0.001740,-0.001409,-0.007434
75.736062,-0.251025,-0.255430,9.807144,0.000306,-0.000839,-0.002446
75.745967,-0.231973,-0.246648,9.796900,-0.001705,0.000541,0.000600
75.755835,-0.225828,-0.259544,9.787631,0.002246,0.001335,-0.002378
75.765729,-0.244679,-0.267864,9.774318,0.002376,-0.002844,-0.000728
75.775610,-0.257200,-0.261386,9.781461,0.000227,0.000700,-0.001590
75.785513,-0.236292,-0.252439,9.793031,0.006302,-0.000719,0.002067
75.795381,-0.213780,-0.235583,9.790691,0.001222,0.001909,0.002726
75.805279,-0.250745,-0.261922,9.792079,-0.000530,0.000735,0.001099
75.815153,-0.238126,-0.259026,9.794158,-0.000474,0.000631,-0.000361
75.825058,-0.253807,-0.266591,9.795414,-0.004622,0.002144,-0.001008
75.834928,-0.251417,-0.275869,9.769582,-0.001677,0.002411,0.000092
75.844827,-0.249433,-0.261266,9.775578,0.004460,-0.003052,-0.000365
75.854699,-0.241530,-0.246951,9.821658,0.000601,0.001610,-0.002629
75.864605,-0.227528,-0.258371,9.812549,-0.001351,-0.000792,-0.001899
75.874474,-0.229294,-0.247651,9.787993,-0.004090,-0.002220,0.004187
75.884368,-0.252335,-0.256804,9.787011,0.000874,0.002650,0.000350
75.894247,-0.260899,-0.258572,9.801039,-0.001154,0.003156,-0.001628
75.904150,-0.264777,-0.251690,9.781605,0.003636,-0.008163,0.001220
75.914018,-0.242640,-0.241472,9.766018,-0.000543,0.003092,0.000449
75.923918,-0.228051,-0.273503,9.770277,-0.001650,0.001707,-0.000718
75.933791,-0.241344,-0.254356,9.786927,0.000504,-0.000679,0.000352
75.943695,-0.257887,-0.268935,9.802967,0.003832,0.001408,0.003098
75.953570,-0.242713,-0.268308,9.800618,0.002369,-0.002148,-0.002768
75.963462,-0.238607,-0.273395,9.795193,0.003734,-0.004132,0.000096
75.973343,-0.237638,-0.269825,9.788781,-0.000292,0.001624,0.003178
75.983246,-0.221962,-0.251036,9.797633,0.000515,0.003232,-0.000158
75.993111,-0.229655,-0.255090,9.776865,-0.000309,0.006643,-0.001173
76.003006,-0.246649,-0.271573,9.751306,-0.000359,-0.001666,0.002094
76.012888,-0.265313,-0.263938,9.772090,-0.001091,0.001766,0.002014
76.022792,-0.238130,-0.263986,9.800088,0.000017,-0.000769,-0.000751
76.032656,-0.234967,-0.263284,9.787003,-0.000949,-0.000024,0.000144
76.042557,-0.239604,-0.261005,9.805709,0.000785,-0.001348,-0.001383
76.052434,-0.238489,-0.261667,9.783258,0.002976,0.002382,-0.002940
76.062340,-0.226813,-0.272896,9.778334,0.000544,0.005969,0.000224
76.072203,-0.252220,-0.246797,9.781408,0.002403,0.001120,0.003923
76.082101,-0.255838,-0.237894,9.794763,-0.005202,0.002065,-0.001066
76.091979,-0.252077,-0.265733,9.776245,0.002723,0.002857,-0.000615
76.101880,-0.247263,-0.258280,9.782556,0.000898,-0.002219,-0.002413
76.111753,-0.238156,-0.237836,9.804001,-0.000617,-0.000332,0.000614
76.121646,-0.234490,-0.256091,9.788459,-0.000655,-0.000409,-0.000471
76.131522,-0.240047,-0.275491,9.779664,0.002301,0.000467,-0.000509
76.141430,-0.249610,-0.251517,9.806595,0.000492,0.005409,-0.001346
76.151294,-0.244115,-0.255332,9.791355,0.000219,0.003513,0.000831
76.161191,-0.231635,-0.250381,9.766401,0.001766,0.003193,-0.001035
76.171069,-0.238099,-0.262770,9.792131,0.000370,0.000715,0.001085
76.180972,-0.246371,-0.257445,9.801762,0.000914,0.000070,0.001784
76.190841,-0.240539,-0.266418,9.784597,0.002059,0.004372,-0.002207
76.200741,-0.241361,-0.257121,9.782238,0.003622,-0.001576,-0.001173
76.210613,-0.232013,-0.258606,9.802512,0.000770,0.005369,0.001198
76.220518,-0.246291,-0.251653,9.775327,0.003003,-0.000178,0.001504
76.230390,-0.224388,-0.260845,9.760454,0.002851,-0.002084,0.001948
76.240281,-0.226128,-0.265711,9.783911,0.000383,-0.001639,-0.003642
76.250163,-0.246336,-0.251684,9.792612,-0.002662,0.002820,-0.001406
76.260064,-0.237767,-0.249129,9.777831,0.000153,-0.002299,-0.000801
76.269933,-0.243953,-0.258831,9.780942,-0.006025,0.001725,-0.000373
76.279826,-0.237406,-0.262041,9.810031,-0.001463,-0.001774,-0.001718
76.289709,-0.227407,-0.257200,9.798070,-0.001430,0.002673,0.001421
76.299610,-0.232580,-0.275387,9.790505,0.005717,-0.000833,-0.000879
76.309477,-0.236097,-0.266204,9.811270,0.003792,-0.003907,0.001638
76.319375,-0.239319,-0.259923,9.800341,-0.000432,0.000770,-0.002362
76.329257,-0.228090,-0.260772,9.786664,-0.000543,0.001157,-0.000598
76.339160,-0.245398,-0.240050,9.781710,0.002358,-0.002823,-0.000691
76.349026,-0.251774,-0.255057,9.771737,-0.000612,0.000608,0.003380
76.358922,-0.243204,-0.270034,9.778813,-0.000946,-0.000037,-0.004121
76.368797,-0.243595,-0.253566,9.774109,0.002121,-0.003086,0.003999
76.378704,-0.234115,-0.272934,9.779098,-0.002286,-0.001166,0.001084
76.388568,-0.230250,-0.280431,9.760477,-0.001647,-0.000363,-0.001215
76.398464,-0.255709,-0.260373,9.769880,0.001403,-0.001733,-0.000612
76.408345,-0.233704,-0.262941,9.790195,0.002056,0.002311,0.003569
76.418251,-0.248291,-0.260420,9.808732,-0.000288,-0.005395,-0.000598
76.428114,-0.225569,-0.260564,9.803035,0.000049,0.002446,0.001439
76.438014,-0.225720,-0.253393,9.790490,-0.000221,-0.003133,0.001716
76.447891,-0.218935,-0.241417,9.789717,0.000375,-0.000670,0.002045
76.457793,-0.229532,-0.255762,9.792865,0.000323,0.000730,-0.003491
76.467665,-0.252186,-0.268160,9.790950,0.002396,0.001091,-0.000887
76.477556,-0.237775,-0.266997,9.780581,0.003125,0.001798,-0.001645
76.487434,-0.241834,-0.258378,9.776724,-0.000116,0.000771,0.001096
76.497337,-0.252560,-0.247217,9.791580,0.002186,0.003356,-0.000754
76.507211,-0.252452,-0.254624,9.794717,0.002362,0.001291,0.002787
76.517101,-0.246710,-0.251022,9.785642,-0.000226,0.002462,0.000791
76.526981,-0.238220,-0.257825,9.790759,0.001313,-0.001850,0.002038
76.536884,-0.248842,-0.261913,9.773616,0.000868,0.002416,0.002465
76.546755,-0.239575,-0.256394,9.786852,0.001445,-0.003173,-0.003223
76.556647,-0.224339,-0.264202,9.806074,0.000443,0.001922,0.001820
76.566526,-0.228755,-0.263791,9.784323,0.003589,0.002722,-0.001053
76.576430,-0.243352,-0.277706,9.781324,-0.001196,-0.000757,0.000800
76.586302,-0.231854,-0.276200,9.781672,-0.001560,0.003232,0.000765
76.596193,-0.250498,-0.273479,9.795761,0.000291,-0.000054,-0.002996
76.606076,-0.250042,-0.265226,9.784100,-0.001414,0.000697,-0.002531
76.615975,-0.241112,-0.271788,9.772875,0.000287,-0.001904,-0.000696
76.625845,-0.250966,-0.249309,9.776438,0.000082,0.001031,0.001776
76.635742,-0.246843,-0.263130,9.795035,-0.001280,0.002311,-0.002728
76.645617,-0.237882,-0.258852,9.809237,0.000193,-0.000369,-0.002748
76.655521,-0.236168,-0.261467,9.788981,0.000635,-0.002170,-0.000984
76.665390,-0.250995,-0.266650,9.776991,-0.000980,-0.000990,0.002285
76.675284,-0.243104,-0.270986,9.806406,0.003288,0.000832,-0.001094
76.685167,-0.231457,-0.279836,9.808913,0.003040,0.002637,0.002882
76.695073,-0.230456,-0.263071,9.801487,0.002885,-0.001015,-0.001012
76.704935,-0.238585,-0.280069,9.814516,0.000263,0.000976,-0.001166
76.714831,-0.243615,-0.261947,9.792965,0.000558,-0.005273,-0.000113
76.724713,-0.247801,-0.242131,9.777429,-0.001481,0.001823,0.000152
76.734614,-0.233777,-0.237986,9.779574,0.003452,-0.002572,-0.004430
76.744481,-0.232122,-0.247158,9.788451,-0.001320,-0.002245,0.000010
76.754376,-0.232648,-0.250231,9.794298,0.004342,-0.002578,0.000136
76.764254,-0.230967,-0.265561,9.783539,0.002059,-0.002737,0.001647
76.774162,-0.246806,-0.266970,9.786791,0.000545,0.000351,0.000256
76.784031,-0.235932,-0.269560,9.791421,0.001998,0.001469,-0.001631
76.793922,-0.232896,-0.257515,9.774838,-0.001147,-0.000126,0.000209
76.803800,-0.231524,-0.248733,9.808355,-0.001302,0.001676,-0.002231
76.813705,-0.236069,-0.248948,9.805582,0.000978,0.003957,0.002020
76.823572,-0.240217,-0.258423,9.770973,0.001590,-0.000356,-0.002077
76.833468,-0.242591,-0.256347,9.784823,0.000923,0.000785,-0.002967
76.843347,-0.243761,-0.258264,9.766544,0.001709,0.004432,-0.001924
76.853252,-0.237427,-0.251871,9.775217,0.000446,-0.003519,-0.002715
76.863119,-0.246595,-0.257634,9.770569,0.001825,-0.001815,-0.000519
76.873020,-0.250947,-0.259956,9.785282,0.000279,0.002226,-0.004533
76.882891,-0.233738,-0.250492,9.805435,-0.003667,0.001701,0.001712
76.892802,-0.232712,-0.253682,9.778966,0.001949,-0.000390,-0.002846
76.902667,-0.236576,-0.254466,9.790341,0.002131,-0.003756,0.001846
76.912567,-0.232380,-0.254553,9.818052,0.000886,-0.000756,0.001743
76.922444,-0.233624,-0.253495,9.803963,-0.004911,0.001952,-0.000541
76.932343,-0.217365,-0.264068,9.806508,0.000310,0.004640,0.003124
76.942216,-0.211696,-0.274136,9.783677,0.001671,-0.002818,0.000822
76.952112,-0.238913,-0.250289,9.774242,0.002620,-0.002843,0.001555
76.961989,-0.252565,-0.268658,9.776957,0.001700,0.002651,0.001146
76.971888,-0.235220,-0.262705,9.777300,0.001581,-0.001746,-0.002222
76.981763,-0.248775,-0.248368,9.796325,0.001687,0.000808,0.001333
76.991657,-0.247970,-0.258302,9.789316,0.000115,0.000660,-0.004168
77.001537,-0.248180,-0.237596,9.792596,-0.000330,-0.003637,0.005832
77.011441,-0.254633,-0.249171,9.783394,0.001733,-0.000119,-0.001440
77.021307,-0.249520,-0.243506,9.786516,0.000345,0.001424,-0.002139
77.031206,-0.236118,-0.275627,9.798168,0.002655,-0.001081,0.002873
77.041084,-0.241431,-0.262175,9.797123,0.000626,-0.002978,-0.000670
77.050991,-0.238293,-0.274244,9.779447,-0.001628,-0.001028,0.002690
77.060856,-0.238218,-0.267751,9.792789,0.000955,-0.003258,0.000649
77.070750,-0.239276,-0.266067,9.788756,0.001246,-0.008035,-0.000516
77.080633,-0.228584,-0.247988,9.774257,-0.000936,0.000657,-0.004068
77.090534,-0.223397,-0.256011,9.782665,-0.000194,-0.003269,0.004901
77.100402,-0.240121,-0.262955,9.796398,0.001309,0.002972,0.001052
77.110297,-0.225321,-0.271080,9.770775,0.003746,-0.000886,0.001372
77.120176,-0.229896,-0.284634,9.798199,0.000487,0.003636,-0.000504
77.130080,-0.239068,-0.265887,9.794943,-0.002002,0.003567,-0.003710
77.139952,-0.246224,-0.280013,9.788051,0.001100,0.000979,-0.000587
77.149842,-0.258245,-0.260723,9.793936,-0.000628,-0.000392,-0.005338
77.159720,-0.247673,-0.267240,9.780831,-0.000414,0.002990,-0.001315
77.169627,-0.217006,-0.271541,9.780379,0.001025,0.002353,0.000969
77.179494,-0.238678,-0.255281,9.770345,0.001614,0.002143,-0.002466
77.189388,-0.244882,-0.234932,9.789339,0.002524,-0.002751,-0.004223
77.199274,-0.230704,-0.258659,9.786893,-0.000522,0.004419,-0.004605
77.209175,-0.234427,-0.262290,9.798023,0.003897,-0.004678,-0.000337
77.219040,-0.235660,-0.259934,9.777819,0.001863,0.000179,-0.001121
77.228940,-0.251963,-0.262933,9.776665,0.001396,0.001728,-0.000291
77.238814,-0.262072,-0.276859,9.782705,0.000865,0.002653,-0.000505
77.248719,-0.255424,-0.252960,9.784363,0.000630,-0.000249,-0.001349
77.258588,-0.249148,-0.259371,9.793784,-0.001085,0.000759,-0.004589
77.268489,-0.252290,-0.271551,9.786361,0.001700,0.005118,-0.002295
77.278360,-0.254972,-0.259467,9.784985,-0.000138,-0.005574,0.000605
77.288265,-0.259178,-0.259957,9.756663,-0.002670,0.001825,0.004470
77.298139,-0.254650,-0.263553,9.783284,0.001767,0.004302,0.000053
77.308031,-0.236056,-0.271884,9.787927,-0.001518,0.004945,-0.000669
77.317910,-0.240248,-0.278268,9.793984,0.000316,-0.004657,-0.001222
77.327811,-0.237793,-0.248609,9.770633,0.000321,0.001612,0.000542
77.337682,-0.230548,-0.257734,9.793069,0.002224,-0.001645,-0.001806
77.347578,-0.240955,-0.249535,9.794874,0.001346,0.001027,0.001898
77.357454,-0.247111,-0.251002,9.779043,0.001177,-0.000224,0.001660
77.367363,-0.230275,-0.248610,9.782222,0.000821,0.007532,-0.000653
77.377229,-0.218954,-0.240703,9.785300,0.000448,-0.001517,-0.000538
77.387124,-0.226969,-0.259842,9.789510,-0.001549,0.002361,-0.001284
77.397000,-0.243817,-0.255592,9.783303,0.000666,-0.002562,-0.002661
77.406904,-0.242791,-0.253721,9.771933,-0.000616,-0.001344,-0.001898
77.416773,-0.231248,-0.267533,9.784625,0.001094,-0.003601,0.002730
77.426669,-0.234916,-0.266302,9.795011,-0.000470,-0.000279,0.000679
77.436549,-0.249207,-0.277568,9.781528,0.000921,-0.002175,0.001013
77.446452,-0.248032,-0.263447,9.768982,0.000705,0.005380,0.001195
77.456319,-0.266917,-0.249198,9.759850,-0.002699,-0.004109,-0.003092
77.466216,-0.231927,-0.258486,9.772923,0.002130,-0.000851,-0.001171
77.476092,-0.235882,-0.261491,9.780514,-0.000967,0.001351,0.003001
77.485998,-0.248968,-0.251446,9.778301,0.001555,0.003879,-0.002378
77.495866,-0.234806,-0.257902,9.791686,0.001718,-0.003394,-0.000460
77.505761,-0.243255,-0.255690,9.796206,-0.002954,-0.001929,-0.000816
77.515636,-0.251090,-0.259272,9.799753,0.001279,-0.001989,-0.003729
77.525542,-0.249754,-0.272162,9.803219,0.000528,-0.001472,0.000714
77.535408,-0.235995,-0.267202,9.780869,0.000808,-0.000786,-0.003079
77.545307,-0.236062,-0.264367,9.752183,0.002224,-0.000495,0.001576
77.555182,-0.239630,-0.247718,9.760089,-0.000866,-0.001912,-0.000840
77.565086,-0.241458,-0.266312,9.796361,0.004488,-0.003493,-0.002929
77.574954,-0.229925,-0.278974,9.798421,0.002849,-0.000826,0.001496
77.584850,-0.235275,-0.249318,9.789214,-0.001023,0.004342,0.000214
77.594728,-0.224695,-0.269228,9.793119,-0.000073,-0.000973,0.002571
77.604633,-0.228234,-0.270304,9.786544,0.000809,0.001424,-0.000469
77.614501,-0.233119,-0.256363,9.798578,0.001200,-0.002102,-0.001569
77.624396,-0.264941,-0.269683,9.769485,0.002982,-0.000472,0.000576
77.634273,-0.256468,-0.254502,9.771047,-0.000998,-0.003625,-0.001537
77.644178,-0.236338,-0.248450,9.805002,0.006622,-0.001087,-0.000714
77.654046,-0.231653,-0.252575,9.805509,0.001884,-0.000847,0.001267
77.663939,-0.245040,-0.259876,9.792929,0.001083,0.001141,-0.001900
77.673820,-0.264034,-0.237255,9.778571,0.000637,-0.000172,-0.000952
77.683724,-0.246286,-0.265276,9.778540,0.004647,-0.001685,-0.000074
77.693589,-0.224620,-0.265099,9.786874,0.005597,-0.000260,0.003236
77.703488,-0.238857,-0.265957,9.795951,-0.000641,-0.002982,0.003211
77.713365,-0.246382,-0.248299,9.787898,0.001114,-0.005085,0.000368
77.723272,-0.238911,-0.259426,9.795924,0.001636,-0.002930,0.000038
77.733139,-0.243958,-0.252841,9.801060,-0.000059,-0.003114,0.005424
77.743034,-0.234639,-0.265926,9.783030,0.004498,-0.002271,-0.002298
77.752909,-0.254989,-0.246433,9.784842,-0.000889,0.001349,0.003660
77.762817,-0.257015,-0.248626,9.778037,0.001591,0.000539,0.000016
77.772680,-0.235294,-0.250273,9.784390,0.000481,0.002211,-0.001044
77.782577,-0.224573,-0.261041,9.799409,-0.003851,-0.000633,-0.002661
77.792457,-0.248249,-0.268860,9.786816,0.001996,0.002001,-0.001530
77.802360,-0.253733,-0.258282,9.790179,0.001563,-0.001199,-0.002421
77.812228,-0.229526,-0.269415,9.791193,-0.000753,-0.000889,-0.002241
77.822121,-0.228729,-0.256537,9.794653,0.000072,-0.000087,0.000886
77.832000,-0.241346,-0.252137,9.782624,0.000638,0.000217,-0.001817
77.841910,-0.243254,-0.265373,9.783187,-0.000087,-0.001420,-0.000425
77.851772,-0.258841,-0.261724,9.818006,0.001225,-0.004223,-0.000536
77.861669,-0.243562,-0.277953,9.786838,-0.000036,0.002900,0.001484
77.871545,-0.245869,-0.259204,9.779228,0.002335,0.000883,-0.000881
77.881451,-0.249190,-0.259535,9.802345,-0.001540,-0.002532,-0.000477
77.891319,-0.242235,-0.264415,9.821582,0.000477,0.001021,-0.002279
77.901215,-0.232265,-0.245597,9.789465,0.001258,0.004351,-0.000596
77.911091,-0.248161,-0.245213,9.796773,-0.001648,-0.003820,0.000514
77.920997,-0.247745,-0.252171,9.784903,0.001781,-0.000192,-0.000072
77.930864,-0.242231,-0.260745,9.799835,-0.000691,-0.001278,-0.000266
77.940759,-0.237489,-0.261493,9.790609,0.000433,-0.001646,-0.001792
77.950637,-0.254809,-0.262446,9.783889,-0.000686,-0.002782,-0.000947
77.960543,-0.240315,-0.249901,9.791905,-0.000156,0.003089,0.000966
77.970410,-0.232055,-0.256185,9.792401,-0.001210,-0.000636,0.003647
77.980305,-0.228978,-0.268343,9.794876,0.003714,-0.004948,-0.000313
77.990184,-0.238247,-0.283632,9.790894,0.000752,0.001306,-0.000783
78.000089,-0.238912,-0.252677,9.776993,0.000478,0.001914,-0.002338
78.009958,-0.234717,-0.245524,9.786257,-0.001420,0.002249,-0.001025
78.019850,-0.238688,-0.249770,9.788935,0.001214,-0.001442,-0.001529
78.029731,-0.234853,-0.245954,9.808713,0.001300,0.001387,-0.002694
78.039636,-0.223078,-0.259964,9.794562,0.000870,0.000561,-0.003447
78.049498,-0.235785,-0.256494,9.764421,0.000497,-0.001013,-0.000018
78.059397,-0.241612,-0.244149,9.774058,0.001231,0.002747,-0.006425
78.069278,-0.244630,-0.257086,9.783657,0.001461,-0.002971,0.001895
78.079177,-0.226876,-0.262496,9.779848,0.003221,0.001063,-0.002473
78.089047,-0.228536,-0.241745,9.783150,-0.002287,-0.000082,0.002968
78.098943,-0.232008,-0.263645,9.760183,0.001792,-0.001319,-0.002635
78.108817,-0.217627,-0.259924,9.787815,0.001200,0.001097,0.000310
78.118726,-0.236858,-0.263995,9.785232,0.000840,-0.001383,-0.000125
78.128589,-0.233956,-0.261948,9.790208,-0.001280,-0.001767,-0.003831
78.138486,-0.248538,-0.251791,9.771893,0.002164,0.004991,0.000347
78.148366,-0.257429,-0.255043,9.774655,-0.003483,-0.002272,-0.000223
78.158267,-0.252655,-0.271284,9.800270,-0.001557,-0.001873,-0.002569
78.168136,-0.244458,-0.259608,9.794100,0.003797,-0.003503,-0.003474
78.178026,-0.252690,-0.262345,9.777992,0.000830,-0.001549,-0.001272
78.187908,-0.235499,-0.246162,9.772605,0.002043,-0.000156,-0.002541
78.197814,-0.229505,-0.235397,9.782216,0.002634,-0.000396,0.002451
78.207677,-0.229524,-0.243400,9.798103,0.001115,0.002643,-0.001814
78.217575,-0.234733,-0.254461,9.790655,-0.000827,0.003119,0.002070
78.227453,-0.231529,-0.244318,9.779611,0.001680,0.001173,0.000017
78.237357,-0.248012,-0.256048,9.786810,0.002728,0.001685,-0.000482
78.247225,-0.245576,-0.265936,9.772194,-0.002383,-0.001482,-0.001595
78.257122,-0.249330,-0.254596,9.770181,-0.001376,0.002914,0.000560
78.266997,-0.255334,-0.258427,9.807983,0.002066,-0.000734,-0.000590
78.276903,-0.238842,-0.262809,9.799169,0.000818,0.002167,-0.001959
78.286772,-0.251817,-0.268282,9.771955,0.002248,-0.000787,0.001692
78.296666,-0.246732,-0.242707,9.781303,0.001221,-0.000791,0.001089
78.306544,-0.242835,-0.242398,9.792046,0.002414,-0.001943,0.000454
78.316450,-0.238597,-0.245128,9.805773,0.000988,0.001324,0.000251
78.326315,-0.245859,-0.247173,9.805208,0.001614,-0.001929,-0.004850
78.336211,-0.235170,-0.247627,9.803418,0.002156,-0.003479,-0.000308
78.346090,-0.232694,-0.255052,9.789391,0.000092,0.001672,0.000065
78.355994,-0.228636,-0.254125,9.781740,-0.001505,0.001368,-0.001629
78.365862,-0.252202,-0.255301,9.778771,-0.001767,0.002519,0.000178
78.375759,-0.256280,-0.258052,9.782713,0.002399,0.000283,-0.001040
78.385634,-0.250719,-0.257491,9.793389,-0.002666,-0.001762,0.003565
78.395540,-0.218166,-0.263342,9.794191,0.000833,0.004286,0.000086
78.405408,-0.237194,-0.240444,9.793477,-0.000588,0.000426,-0.005452
78.415302,-0.251805,-0.245143,9.785701,0.000000,-0.000028,0.004319
78.425181,-0.250006,-0.259570,9.788493,0.000670,-0.000076,0.001825
78.435083,-0.247375,-0.262672,9.804250,0.000596,-0.003511,-0.003131
78.444952,-0.246539,-0.271440,9.795214,-0.001549,-0.000959,-0.000867
78.454848,-0.238224,-0.256937,9.787615,0.006234,-0.003546,0.001591
78.464724,-0.238780,-0.250142,9.799734,0.002081,-0.004864,0.002875
78.474630,-0.251784,-0.270177,9.810184,-0.001365,-0.001608,-0.000936
78.484497,-0.242146,-0.256104,9.799106,-0.001210,0.001112,0.001459
78.494392,-0.235480,-0.273614,9.800015,-0.000421,0.000927,-0.000325
78.504270,-0.243030,-0.260630,9.795335,-0.002480,0.004033,0.002782
78.514174,-0.247161,-0.274883,9.782927,-0.002140,0.001421,0.001626
78.524043,-0.243674,-0.260556,9.797048,-0.003069,0.004006,0.003289
78.533942,-0.246632,-0.256103,9.776679,0.000316,-0.000491,-0.000664
78.543818,-0.231196,-0.242168,9.783348,0.001851,0.000966,0.001265
78.553722,-0.238557,-0.258292,9.780781,0.001681,0.001719,-0.000025
78.563589,-0.258325,-0.263683,9.778830,0.000052,0.001466,0.002824
78.573484,-0.244974,-0.276905,9.757028,0.002852,0.001132,0.001435
78.583366,-0.250886,-0.260190,9.774289,0.004471,0.000051,0.002096
78.593266,-0.248412,-0.243842,9.798155,-0.003156,-0.002007,-0.002929
78.603134,-0.254326,-0.262108,9.785969,0.005581,0.003226,0.004259
78.613029,-0.249301,-0.250306,9.778865,-0.000986,0.002348,0.001531
78.622907,-0.248076,-0.259304,9.772057,-0.000423,0.001551,0.003490
78.632812,-0.243029,-0.266097,9.789480,0.001468,-0.000581,-0.001653
78.642680,-0.239676,-0.268840,9.790826,0.001753,-0.000948,0.000532
78.652575,-0.251734,-0.265836,9.803292,0.003671,0.001032,-0.002385
78.662453,-0.246780,-0.245257,9.789929,-0.001378,0.003820,-0.006311
78.672357,-0.236918,-0.238942,9.799007,0.000619,-0.001573,0.000458
78.682226,-0.238958,-0.225540,9.782886,0.001267,-0.003865,-0.002562
78.692121,-0.242578,-0.238298,9.781919,0.000986,0.002687,-0.000196
78.701999,-0.250443,-0.250139,9.779660,0.003595,-0.001997,-0.001197
78.711903,-0.258937,-0.272930,9.795822,0.001780,-0.006688,0.003165
78.721772,-0.258988,-0.265782,9.768236,0.002655,-0.005575,-0.005223
78.731666,-0.248725,-0.263280,9.778949,-0.001828,0.004394,-0.001661
78.741545,-0.232435,-0.262230,9.751137,0.002757,0.000317,-0.000636
78.751449,-0.235545,-0.260267,9.777530,-0.000036,-0.000661,-0.000138
78.761317,-0.240631,-0.269882,9.780529,0.001784,0.001131,-0.005333
78.771212,-0.241831,-0.241342,9.794715,0.000620,-0.002089,0.002315
78.781090,-0.230182,-0.255932,9.763975,0.001745,-0.005062,0.001206
78.790995,-0.238046,-0.241016,9.767102,0.000989,0.001054,-0.002151
78.800863,-0.236930,-0.244503,9.777618,0.000606,-0.001629,-0.002151
78.810758,-0.234305,-0.234741,9.805672,0.000801,-0.000805,-0.001263
78.820636,-0.248918,-0.264143,9.796512,0.003964,0.000942,0.000014
78.830541,-0.239386,-0.255274,9.785050,0.003047,-0.002150,-0.001893
78.840409,-0.242093,-0.259089,9.774164,0.001608,0.000241,0.001965
78.850304,-0.254885,-0.265515,9.790991,-0.001747,-0.000524,-0.001357
78.860182,-0.252281,-0.271346,9.784880,0.000726,0.001940,0.001497
78.870087,-0.242619,-0.262453,9.781987,-0.000204,-0.001202,-0.000252
78.879955,-0.240326,-0.274016,9.781343,0.000979,-0.002373,0.000618
78.889850,-0.233901,-0.276783,9.818359,0.000503,0.000240,-0.000159
78.899728,-0.254335,-0.254810,9.802327,0.001491,-0.005916,0.001329
78.909632,-0.241417,-0.232779,9.813734,0.001916,-0.002325,-0.001570
78.919501,-0.245204,-0.253336,9.796103,0.000651,0.004916,0.001048
78.929395,-0.250156,-0.267175,9.788149,0.002414,-0.001370,-0.001507
78.939274,-0.241223,-0.257419,9.795296,0.003579,0.003068,-0.000809
78.949178,-0.242871,-0.254450,9.790500,-0.000606,0.001467,0.001312
78.959047,-0.246644,-0.263232,9.794683,0.001208,0.003207,-0.000665
78.968942,-0.240781,-0.250994,9.793995,-0.003180,-0.000112,0.000796
78.978820,-0.227829,-0.261936,9.780603,0.002223,-0.002659,-0.000312
78.988724,-0.215924,-0.270179,9.790898,-0.001619,-0.002338,-0.001988
78.998593,-0.239728,-0.263474,9.779379,-0.001184,0.001284,-0.001827
79.008487,-0.230843,-0.257826,9.783810,0.001243,0.001795,0.000085
79.018365,-0.231906,-0.254241,9.778891,0.001347,0.002767,0.002888
79.028270,-0.233205,-0.245664,9.781677,-0.002948,0.001013,-0.001103
79.038138,-0.238087,-0.256961,9.777737,0.000589,0.001788,-0.003013
79.048033,-0.250667,-0.277238,9.779844,-0.000650,0.002987,-0.000704
79.057911,-0.251309,-0.270443,9.798040,-0.001655,0.000489,-0.000446
79.067816,-0.251860,-0.276698,9.792504,0.000011,-0.002688,-0.003346
79.077684,-0.240647,-0.248563,9.790900,-0.001104,0.003743,-0.000205
79.087579,-0.243562,-0.252789,9.776427,0.001685,-0.005068,-0.001818
79.097457,-0.246559,-0.253332,9.790985,0.004088,0.000346,-0.000973
79.107362,-0.251644,-0.266883,9.770341,0.000865,-0.001922,0.000686
79.117230,-0.266219,-0.262067,9.760180,0.003377,-0.001420,0.006632
79.127125,-0.244398,-0.251396,9.773233,-0.002288,-0.000944,0.000803
79.137003,-0.240970,-0.238042,9.805074,0.000237,0.002827,0.001772
79.146907,-0.238901,-0.250030,9.785764,0.003633,-0.004538,0.000650
79.156776,-0.236539,-0.251595,9.789768,0.001915,0.000501,0.001213
79.166671,-0.240941,-0.260454,9.783730,-0.004251,-0.000114,0.000020
79.176549,-0.225789,-0.253718,9.789431,0.001301,-0.002113,-0.004558
79.186453,-0.234811,-0.254961,9.796888,0.000637,0.003898,0.001360
79.196322,-0.248640,-0.269863,9.806988,0.002635,0.004872,-0.000423
79.206217,-0.235310,-0.257970,9.775591,0.000253,0.000562,-0.000374
79.216095,-0.228121,-0.245424,9.791950,-0.002679,-0.003434,-0.000220
79.225999,-0.241163,-0.253896,9.786267,-0.001916,-0.000817,0.000663
79.235868,-0.236129,-0.263012,9.777209,0.003506,-0.000537,0.001414
79.245762,-0.243679,-0.245704,9.779157,0.001271,0.001527,0.001061
79.255640,-0.264875,-0.253263,9.799864,0.000935,-0.001767,-0.000833
79.265545,-0.252195,-0.258932,9.775828,-0.002266,-0.003304,0.001403
79.275413,-0.260865,-0.269376,9.794193,0.000143,0.004598,-0.004198
79.285308,-0.245729,-0.259781,9.771655,0.002497,-0.000372,-0.001663
79.295186,-0.221182,-0.266989,9.795318,0.002616,-0.000357,-0.001052
79.305091,-0.248900,-0.264935,9.785813,-0.003069,0.001691,-0.001339
79.314959,-0.261732,-0.251747,9.773380,0.000574,-0.001818,0.001654
79.324854,-0.240028,-0.265872,9.789243,-0.000280,0.001949,0.002144
79.334732,-0.244210,-0.248621,9.818552,0.004003,0.001476,0.001353
79.344637,-0.257174,-0.254627,9.782538,-0.001125,0.000254,0.002488
79.354505,-0.250101,-0.257793,9.807517,0.000695,0.000294,0.000959
79.364400,-0.248578,-0.261893,9.786902,-0.000169,-0.000183,0.002008
79.374278,-0.257426,-0.257060,9.783878,0.002635,-0.003180,-0.000402
79.384182,-0.248433,-0.259669,9.808955,0.002734,0.001092,-0.004286
79.394051,-0.238708,-0.254383,9.791055,-0.000432,0.003048,0.001139
79.403946,-0.245235,-0.257010,9.766378,0.000927,0.000484,0.001994
79.413824,-0.251988,-0.269693,9.753143,-0.000674,-0.003161,0.000564
79.423728,-0.240044,-0.255494,9.810463,-0.001852,-0.000972,-0.002224
79.433597,-0.239774,-0.252356,9.782178,0.002259,0.001247,0.006262
79.443492,-0.246948,-0.255791,9.790039,-0.000431,-0.003815,-0.005729
79.453370,-0.252871,-0.267158,9.771277,-0.000619,0.003706,0.001334
79.463274,-0.225848,-0.246468,9.793000,-0.000005,-0.000777,0.000380
79.473143,-0.220397,-0.263646,9.768785,0.002589,-0.001323,-0.000966
79.483037,-0.243540,-0.271496,9.776778,0.002143,-0.003514,-0.001669
79.492915,-0.216661,-0.251161,9.770222,0.002683,0.000409,-0.002861
79.502820,-0.221360,-0.259327,9.766816,0.002361,-0.003296,0.001343
79.512688,-0.235803,-0.265624,9.794251,-0.005284,0.006187,-0.001074
79.522583,-0.238622,-0.263168,9.778525,-0.001909,0.000705,0.005741
79.532461,-0.229001,-0.278977,9.778122,0.001658,0.000575,-0.002308
79.542365,-0.239983,-0.281329,9.801155,0.001709,-0.003049,0.001118
79.552234,-0.258873,-0.269177,9.789498,0.000587,0.007671,-0.005907
79.562129,-0.247390,-0.250291,9.795971,0.002573,-0.001504,0.003702
79.572007,-0.237694,-0.250995,9.794189,0.001832,-0.000652,0.002074
79.581911,-0.233616,-0.263541,9.786897,0.003149,0.002673,-0.000160
79.591780,-0.243949,-0.259283,9.785944,0.000041,-0.002058,-0.000013
79.601675,-0.245629,-0.264731,9.795524,-0.000811,0.002080,-0.001648
79.611553,-0.231386,-0.260308,9.796715,0.002576,-0.000769,-0.000614
79.621459,-0.215775,-0.246688,9.790696,-0.001802,-0.002128,-0.000468
79.631328,-0.233682,-0.243681,9.789669,0.000435,0.004719,-0.002689
79.641223,-0.237109,-0.251341,9.757127,0.002639,-0.004489,0.000416
79.651101,-0.247827,-0.253351,9.752071,-0.001571,-0.002058,-0.002716
79.661005,-0.250512,-0.248662,9.781806,0.000652,0.005250,-0.000446
79.670874,-0.250387,-0.248648,9.793978,-0.000367,0.000994,-0.000372
79.680769,-0.260861,-0.234012,9.778831,-0.000726,0.002082,0.001763
79.690647,-0.240021,-0.226291,9.777880,0.001372,-0.000243,-0.002293
79.700551,-0.237232,-0.258399,9.784327,0.000485,0.002292,-0.003046
79.710420,-0.234140,-0.268545,9.796463,0.002581,0.006525,0.000029
79.720315,-0.244759,-0.251146,9.789855,0.000967,-0.000418,0.001016
79.730193,-0.262516,-0.258593,9.775759,0.000035,-0.000141,-0.001571
79.740097,-0.240930,-0.256416,9.802276,0.000796,-0.002489,-0.001212
79.749965,-0.248038,-0.263223,9.799862,-0.000183,0.001346,-0.000765
79.759860,-0.231416,-0.237845,9.782726,0.001211,-0.002263,-0.004414
79.769738,-0.220478,-0.255807,9.768529,0.002182,0.001457,-0.002624
79.779643,-0.228191,-0.273015,9.792028,0.001268,-0.005595,-0.000371
79.789512,-0.240529,-0.268873,9.798388,0.003888,-0.003293,0.000837
79.799406,-0.241761,-0.239168,9.813678,0.000330,0.000568,-0.000405
79.809284,-0.243088,-0.230702,9.798958,0.000318,0.000776,0.000289
79.819189,-0.236243,-0.256422,9.805413,0.000921,0.000165,0.001227
79.829057,-0.236077,-0.278404,9.794106,0.002776,-0.002157,-0.002406
79.838952,-0.235202,-0.283445,9.801668,0.000097,-0.005781,0.002415
79.848830,-0.244776,-0.259632,9.798005,-0.001273,0.000208,0.000240
79.858734,-0.236629,-0.263863,9.774295,-0.001485,-0.002318,-0.004831
79.868603,-0.247681,-0.275288,9.795812,0.000391,0.003158,0.000687
79.878497,-0.252149,-0.273349,9.796876,-0.001474,0.002343,-0.000291
79.888376,-0.248587,-0.253579,9.791347,-0.002596,0.003462,-0.000095
79.898280,-0.243554,-0.267863,9.797320,-0.001199,-0.001706,-0.003302
79.908147,-0.248482,-0.266961,9.785351,0.000524,0.002502,0.000169
79.918042,-0.252446,-0.258677,9.780870,-0.000460,-0.001050,-0.000400
79.927920,-0.251774,-0.256082,9.802825,-0.000353,-0.000779,-0.004212
79.937824,-0.241748,-0.252496,9.810036,-0.002600,0.003379,-0.000037
79.947693,-0.250608,-0.265701,9.808649,-0.003092,-0.003282,-0.001139
79.957588,-0.247626,-0.262954,9.802527,-0.000384,-0.002541,-0.004373
79.967466,-0.227698,-0.258193,9.794113,-0.000090,-0.002522,0.004431
79.977370,-0.229989,-0.260687,9.789796,0.002628,0.002991,0.000637
79.987239,-0.237854,-0.245317,9.802935,0.000985,-0.002418,-0.001186
79.997134,-0.247904,-0.260392,9.790464,-0.002260,0.001608,-0.000468
80.007012,-0.219248,-0.264187,9.793059,0.001671,0.000490,-0.003137
80.016916,-0.239547,-0.257856,9.805978,0.000539,0.001942,0.000496
80.026785,-0.249046,-0.262057,9.794040,0.000175,0.001446,0.001573
80.036679,-0.241288,-0.247278,9.765072,0.000922,0.004489,-0.003405
80.046557,-0.238837,-0.261409,9.756585,0.000597,-0.000926,0.000977
80.056462,-0.242172,-0.263391,9.788372,-0.001137,0.000136,0.000415
80.066330,-0.238177,-0.265732,9.791461,0.000562,0.001713,0.002183
80.076225,-0.250033,-0.258929,9.780016,0.001067,-0.001417,-0.001031
80.086103,-0.251672,-0.248540,9.778259,0.000575,-0.000212,-0.001247
80.096008,-0.257298,-0.252850,9.801188,-0.001753,0.002380,0.004298
80.105876,-0.238626,-0.245949,9.789110,0.003967,-0.002664,0.000903
80.115771,-0.230247,-0.245314,9.771198,0.000714,0.004628,-0.000091
80.125649,-0.238398,-0.249823,9.789688,0.002085,-0.001022,0.001369
80.135554,-0.246653,-0.256040,9.799970,0.004531,-0.003123,0.000741
80.145422,-0.243423,-0.255818,9.784932,-0.000276,-0.001932,-0.002704
80.155317,-0.233091,-0.272377,9.793813,-0.001596,0.000475,0.002825
80.165195,-0.244156,-0.259510,9.806543,-0.000807,-0.006891,-0.001507
80.175099,-0.247161,-0.265188,9.793539,0.002642,0.001432,-0.001581
80.184968,-0.232480,-0.260884,9.777211,0.001934,0.000836,-0.003114
80.194863,-0.225539,-0.238680,9.784966,0.002060,0.000452,-0.002120
80.204741,-0.237984,-0.252679,9.791704,0.000713,0.001280,-0.002828
80.214645,-0.248838,-0.265289,9.799369,0.000619,0.000387,-0.000604
80.224514,-0.249203,-0.258264,9.795173,0.001857,0.000631,0.000936
80.234409,-0.225642,-0.242558,9.784044,0.001671,-0.001582,-0.001059
80.244287,-0.231552,-0.261511,9.787089,-0.000223,-0.001004,-0.004864
80.254191,-0.245317,-0.260409,9.789459,-0.001190,-0.000373,0.000719
80.264060,-0.246523,-0.274703,9.770457,-0.000339,0.006089,0.000767
80.273954,-0.244990,-0.255354,9.789281,0.002132,0.000378,0.000993
80.283832,-0.228962,-0.257180,9.812723,0.000646,-0.001217,-0.002573
80.293737,-0.255735,-0.254070,9.800421,0.000895,0.000936,0.000580
80.303605,-0.251446,-0.267768,9.795555,-0.001646,0.002476,0.000635
80.313500,-0.229955,-0.275067,9.803074,-0.001030,0.000108,-0.002850
80.323378,-0.227921,-0.255314,9.796478,0.002579,-0.002029,-0.002973
80.333283,-0.236690,-0.256557,9.790989,-0.000529,-0.000464,0.004960
80.343151,-0.241078,-0.266065,9.797803,0.000064,-0.000224,-0.002800
80.353046,-0.230878,-0.253571,9.796082,0.000195,0.000970,-0.000905
80.362924,-0.230746,-0.259335,9.789023,0.001425,0.002186,-0.000574
80.372828,-0.240997,-0.256304,9.811414,0.000834,-0.001708,-0.000438
80.382697,-0.244232,-0.247603,9.810329,-0.000426,0.001814,-0.003744
80.392594,-0.251544,-0.261538,9.799064,0.000204,0.004074,-0.000641
80.402472,-0.248471,-0.258574,9.790511,-0.000096,0.001194,-0.000204
80.412376,-0.242329,-0.258831,9.795824,-0.002104,-0.000919,0.000778
80.422243,-0.235142,-0.260834,9.799627,0.003865,0.001917,0.000609
80.432141,-0.241271,-0.265549,9.801546,0.000120,-0.003967,-0.000208
80.442016,-0.244883,-0.259389,9.800438,0.002598,-0.001630,0.001110
80.451920,-0.241765,-0.259189,9.807883,0.002753,0.001131,-0.000437
80.461789,-0.241413,-0.262813,9.805952,0.001126,-0.002845,0.001528
80.471684,-0.237876,-0.258679,9.800662,0.000344,0.002188,-0.000933
80.481562,-0.226958,-0.257336,9.815059,0.000691,0.003113,-0.001017
80.491466,-0.227945,-0.276193,9.793523,0.000441,-0.002811,-0.003881
80.501335,-0.226452,-0.261361,9.788619,0.003042,-0.001611,0.002050
80.511229,-0.229407,-0.262456,9.795185,0.001558,-0.001961,-0.000256
80.521108,-0.235818,-0.256115,9.810750,0.003613,-0.004286,0.001410
80.531012,-0.254205,-0.240118,9.814105,-0.002062,0.002956,-0.000344
80.540880,-0.244189,-0.247273,9.806045,0.001136,0.001990,0.002407
80.550775,-0.237054,-0.246831,9.796633,0.001961,-0.001421,0.002563
80.560653,-0.233774,-0.259480,9.783545,0.001352,0.001271,0.002938
80.570558,-0.234427,-0.266452,9.798789,-0.000419,-0.000626,-0.001337
80.580426,-0.227769,-0.242617,9.803858,-0.000213,-0.000834,-0.001012
80.590321,-0.229490,-0.228300,9.800043,0.002204,0.000154,0.002796
80.600199,-0.226483,-0.235864,9.785037,0.000620,0.004134,0.003103
80.610104,-0.236687,-0.259415,9.762444,0.000848,-0.002015,0.000496
80.619972,-0.261238,-0.273709,9.772139,-0.000684,-0.001089,0.000386
80.629867,-0.253169,-0.240353,9.759736,0.000066,0.003756,0.002242
80.639745,-0.224724,-0.255352,9.771768,0.001572,0.002946,0.001236
80.649649,-0.228215,-0.246354,9.799872,0.002509,0.000011,0.002889
80.659518,-0.235837,-0.251444,9.791801,0.001864,-0.001161,0.001327
80.669413,-0.232573,-0.249566,9.793542,0.000287,0.001714,0.000301
80.679291,-0.240927,-0.259003,9.794078,0.002663,0.001222,-0.000981
80.689195,-0.243873,-0.258740,9.788825,0.000867,0.000658,0.000398
80.699064,-0.247015,-0.270681,9.788771,-0.001519,0.001466,-0.000529
80.708959,-0.252317,-0.264734,9.786679,0.001996,0.003626,0.000055
80.718837,-0.237684,-0.253696,9.801695,0.003079,0.000022,-0.000472
80.728741,-0.238463,-0.248359,9.769013,0.000429,0.000012,0.005329
80.738609,-0.237898,-0.250889,9.792040,-0.001261,0.001040,0.001674
80.748505,-0.253541,-0.263128,9.786924,0.000580,0.002855,0.000345
80.758383,-0.246225,-0.266600,9.777517,-0.002120,0.000601,-0.002974
80.768287,-0.253593,-0.246674,9.793687,-0.001768,-0.000258,0.001810
80.778155,-0.249063,-0.251413,9.793358,-0.001572,0.004482,-0.001191
80.788050,-0.235208,-0.259216,9.781824,0.001014,0.000749,-0.000492
80.797928,-0.231866,-0.251142,9.776765,0.001252,-0.001610,0.001819
80.807833,-0.255263,-0.251368,9.775319,-0.000732,0.000546,0.000495
80.817701,-0.251561,-0.264737,9.795420,-0.002018,-0.004599,-0.001826
80.827596,-0.249942,-0.262800,9.788472,0.000628,0.003154,-0.000541
80.837474,-0.256781,-0.268071,9.789757,-0.001248,0.000619,-0.004438
80.847378,-0.252837,-0.252976,9.785915,-0.002227,0.000088,-0.001985
80.857248,-0.243814,-0.265108,9.801292,0.002524,-0.002610,0.001012
80.867142,-0.241040,-0.256320,9.772546,0.001455,0.001398,-0.000638
80.877019,-0.251593,-0.254149,9.781420,-0.000617,0.000676,-0.002828
80.886924,-0.250180,-0.268014,9.804562,0.002340,-0.000472,-0.002077
80.896793,-0.249465,-0.263345,9.782125,-0.000317,-0.001882,0.000686
80.906687,-0.254631,-0.241842,9.788246,0.001794,0.001360,0.004017
80.916567,-0.232102,-0.252733,9.780192,0.001114,0.000313,-0.000639
80.926472,-0.233373,-0.238036,9.785778,0.002482,0.001031,-0.006302
80.936340,-0.232801,-0.243474,9.793495,0.001534,0.001735,0.001677
80.946233,-0.243691,-0.263391,9.786421,0.001668,-0.002347,0.004646
80.956112,-0.242299,-0.253620,9.789448,0.001515,-0.001210,-0.002210
80.966016,-0.232288,-0.274274,9.783968,0.004024,0.001631,-0.000374
80.975884,-0.236384,-0.266702,9.778032,-0.000458,0.000051,-0.001931
80.985779,-0.241693,-0.272426,9.780741,0.003260,0.000323,-0.001549
80.995657,-0.250247,-0.261586,9.802984,0.000599,-0.003348,-0.000872
81.005562,-0.248599,-0.254776,9.784095,-0.001146,0.002040,-0.002387
81.015430,-0.239107,-0.244141,9.780303,-0.000968,-0.001838,-0.001442
81.025325,-0.222418,-0.275477,9.776741,0.000605,-0.000574,0.000212
81.035203,-0.239756,-0.243433,9.771830,0.004189,-0.000806,-0.001229
81.045108,-0.242556,-0.255735,9.785924,-0.002966,0.000882,-0.001110
81.054976,-0.242360,-0.262659,9.782632,-0.000918,-0.000650,-0.003318
81.064871,-0.241035,-0.259235,9.788360,0.001043,0.003346,0.000690
81.074749,-0.242677,-0.276723,9.794349,0.001554,-0.003000,-0.002601
81.084653,-0.239425,-0.268617,9.797354,0.003990,-0.003979,0.000668
81.094522,-0.237140,-0.251028,9.781341,0.002043,0.004003,0.002300
81.104417,-0.241375,-0.271440,9.788697,-0.000266,0.002662,-0.000262
81.114295,-0.239879,-0.262365,9.783501,0.002721,0.000953,0.000900
81.124199,-0.247193,-0.251351,9.794370,0.004606,0.001718,0.002472
81.134068,-0.247077,-0.251302,9.790202,0.000820,-0.000795,-0.002041
81.143962,-0.236615,-0.247897,9.801215,-0.001369,0.003340,0.003974
81.153841,-0.243875,-0.238652,9.799467,-0.000268,0.000063,0.000225
81.163745,-0.232966,-0.233519,9.791405,0.001592,0.000078,0.000778
81.173614,-0.229510,-0.257069,9.788259,0.001496,-0.001710,0.001146
81.183508,-0.236309,-0.261218,9.799314,0.002234,0.000993,-0.001929
81.193387,-0.238394,-0.264346,9.783753,0.000816,0.001598,-0.001300
81.203291,-0.232630,-0.254810,9.791608,-0.000223,-0.000480,-0.001142
81.213159,-0.250343,-0.267271,9.794402,0.000568,-0.004496,0.001228
81.223054,-0.249451,-0.264488,9.801826,0.002505,-0.002242,0.005344
81.232932,-0.245047,-0.269702,9.787100,-0.001611,0.001880,0.000049
81.242837,-0.251352,-0.263549,9.784486,-0.001155,0.001713,0.000588
81.252705,-0.257399,-0.265914,9.776133,0.001053,0.002283,-0.000938
81.262600,-0.246649,-0.274723,9.779714,-0.000850,0.001892,-0.002710
81.272478,-0.245740,-0.262392,9.776703,0.002490,0.002449,0.002862
81.282383,-0.251797,-0.267639,9.780678,0.003542,-0.000376,-0.001330
81.292251,-0.234556,-0.252295,9.771502,-0.004145,0.002020,-0.003502
81.302146,-0.233613,-0.250904,9.773438,-0.000674,0.002133,-0.004712
81.312024,-0.239480,-0.219426,9.763542,-0.002750,0.000230,-0.005622
81.321929,-0.241809,-0.250086,9.790549,0.003880,-0.000352,-0.002161
81.331797,-0.234818,-0.267990,9.791922,-0.001584,0.003958,-0.002921
81.341692,-0.245872,-0.247041,9.788322,0.000294,0.001275,0.002993
81.351570,-0.246937,-0.267916,9.800505,-0.000350,0.001025,0.000558
81.361474,-0.248200,-0.262822,9.807456,-0.002496,0.000827,0.003735
81.371343,-0.245752,-0.245272,9.766703,0.000026,0.001380,0.000495
81.381237,-0.249904,-0.228262,9.762743,0.001873,-0.000266,0.001312
81.391116,-0.236999,-0.248249,9.793357,0.002010,-0.000955,-0.001908
81.401020,-0.256883,-0.267294,9.800574,0.001493,0.000446,0.000889
81.410889,-0.244398,-0.249398,9.776933,0.001882,-0.000307,-0.001676
81.420783,-0.257018,-0.264477,9.763230,-0.001211,0.003618,-0.000234
81.430661,-0.240461,-0.274615,9.778157,0.001825,0.000419,0.001509
81.440566,-0.250364,-0.264534,9.779841,0.000351,-0.000470,0.001495
81.450434,-0.247860,-0.250928,9.789271,-0.000345,0.003373,0.002280
81.460329,-0.242532,-0.257644,9.788200,-0.000207,0.001707,-0.002210
81.470207,-0.241138,-0.264915,9.802167,0.000171,-0.001471,-0.000030
81.480112,-0.232680,-0.279163,9.804462,0.000368,0.004982,-0.000650
81.489980,-0.217449,-0.266171,9.805978,0.001744,0.001395,0.000381
81.499875,-0.236175,-0.256690,9.804990,0.000108,-0.000794,0.001826
81.509753,-0.232526,-0.251719,9.789540,-0.000382,-0.000385,-0.002891
81.519657,-0.219301,-0.240738,9.774189,0.003370,-0.000668,-0.000310
81.529526,-0.227225,-0.267004,9.797260,-0.001955,-0.000334,0.001213
81.539421,-0.261029,-0.252894,9.786206,0.001559,0.000275,0.001503
81.549299,-0.236156,-0.253516,9.810282,0.000676,0.002869,-0.000503
81.559204,-0.238280,-0.245571,9.813798,0.000796,-0.002702,-0.000095
81.569072,-0.234330,-0.263887,9.795868,0.000641,0.001467,0.000133
81.578967,-0.250524,-0.254072,9.808020,0.001757,-0.000253,-0.000094
81.588845,-0.234838,-0.244597,9.794536,-0.000570,0.002047,-0.000125
81.598749,-0.242416,-0.269135,9.767499,0.005109,-0.003036,0.003038
81.608618,-0.243508,-0.263195,9.776008,0.000358,0.000254,0.002600
81.618513,-0.235491,-0.266749,9.789470,0.002332,-0.000072,0.002419
81.628391,-0.235312,-0.250333,9.792254,-0.000442,-0.002391,0.001210
81.638295,-0.249561,-0.246305,9.783449,0.001458,-0.000541,0.002495
81.648164,-0.248897,-0.259107,9.781480,-0.002168,-0.001346,-0.000030
81.658058,-0.253375,-0.268438,9.788535,0.001598,-0.005172,-0.000947
81.667936,-0.230666,-0.259951,9.807740,0.000765,0.001437,-0.000216
81.677841,-0.241600,-0.257489,9.796453,0.003165,0.001482,-0.003202
81.687709,-0.251568,-0.259695,9.782656,0.002710,-0.000749,-0.000173
81.697604,-0.249749,-0.240811,9.789329,0.002852,-0.000560,-0.002441
81.707482,-0.230369,-0.239384,9.791060,0.002116,-0.003643,0.000382
81.717387,-0.234940,-0.275059,9.794897,0.003316,-0.002133,-0.000433
81.727255,-0.243898,-0.243671,9.775536,0.000044,0.002984,-0.000108
81.737150,-0.237422,-0.244571,9.777943,0.002062,-0.003068,0.000537
81.747028,-0.239912,-0.263939,9.785628,0.002690,0.002340,-0.002395
81.756932,-0.250441,-0.255834,9.770974,-0.002497,0.001557,-0.002166
81.766801,-0.253013,-0.261011,9.777544,-0.002061,0.000986,-0.002925
81.776696,-0.239767,-0.257665,9.777058,-0.000044,-0.005693,0.002612
81.786574,-0.237791,-0.254485,9.780605,-0.002569,0.003789,-0.002141
81.796478,-0.228702,-0.262386,9.794244,0.004619,0.001062,0.001109
81.806347,-0.252352,-0.238345,9.784075,-0.003403,0.003557,-0.000533
81.816242,-0.243451,-0.247637,9.786445,0.000523,-0.001033,-0.000029
81.826120,-0.245844,-0.277086,9.792421,0.000696,-0.000022,-0.001110
81.836024,-0.248553,-0.254412,9.801785,0.000450,0.002024,0.001090
81.845893,-0.256041,-0.253988,9.774383,0.001944,-0.005659,-0.001431
81.855788,-0.248969,-0.247359,9.789835,0.001743,0.004872,-0.002436
81.865666,-0.244560,-0.255783,9.788148,0.001155,-0.000024,-0.000868
81.875570,-0.229678,-0.271441,9.795448,0.001204,-0.002058,-0.001689
81.885438,-0.251095,-0.275789,9.788080,-0.000128,0.000581,-0.001555
81.895333,-0.256564,-0.277738,9.782033,0.001289,0.001551,-0.005307
81.905212,-0.238880,-0.255070,9.787451,-0.004319,-0.002651,-0.004192
81.915116,-0.220622,-0.252707,9.804509,0.001711,0.001753,0.001394
81.924984,-0.233391,-0.268301,9.779460,-0.001712,-0.002029,0.000671
81.934879,-0.255313,-0.260702,9.783594,0.001675,-0.004499,0.000285
81.944757,-0.254629,-0.242003,9.799789,0.002617,0.000727,-0.003676
81.954662,-0.255353,-0.241068,9.772597,0.001701,0.005277,0.002086
81.964530,-0.227943,-0.249686,9.762396,0.001565,0.000164,-0.001677
81.974425,-0.232380,-0.263962,9.784732,0.000085,-0.001980,0.003648
81.984303,-0.248606,-0.254916,9.786125,0.004464,0.001765,0.001144
81.994209,-0.242565,-0.256532,9.791990,-0.001799,0.001456,0.000511
82.004076,-0.247060,-0.267618,9.789451,0.001536,0.000650,0.000620
82.013972,-0.250025,-0.252757,9.809140,0.000799,-0.000959,0.000050
82.023850,-0.246307,-0.251901,9.801646,-0.000615,-0.001662,-0.000444
82.033754,-0.243628,-0.251363,9.781706,0.002596,0.003680,0.000095
82.043623,-0.240762,-0.263855,9.788003,0.000644,0.006762,-0.004078
82.053518,-0.246077,-0.253949,9.784515,0.002633,-0.003665,-0.001275
82.063396,-0.247970,-0.251624,9.790907,0.002552,-0.003317,-0.000391
82.073300,-0.239217,-0.239598,9.790778,0.000229,-0.000311,0.002726
82.083169,-0.238938,-0.246772,9.783808,0.000527,-0.001633,0.001033
82.093064,-0.231085,-0.253404,9.790865,0.000415,-0.001274,-0.005259
82.102942,-0.224557,-0.250814,9.789550,0.000277,-0.000261,-0.000701
82.112846,-0.237472,-0.242752,9.791805,0.000970,0.002380,0.000198
82.122715,-0.242033,-0.242143,9.783291,-0.000584,-0.003744,-0.000746
82.132610,-0.231559,-0.262268,9.793336,-0.001899,0.001562,-0.000171
82.142487,-0.234686,-0.261080,9.795419,0.001552,0.001575,-0.000391
82.152392,-0.226049,-0.258718,9.791485,-0.003479,0.005266,0.002649
82.162261,-0.246192,-0.248377,9.785212,-0.001966,-0.001155,0.000311
82.172155,-0.250816,-0.259528,9.784441,0.001083,-0.001065,-0.001497
82.182034,-0.228751,-0.255560,9.778862,0.002040,0.000028,-0.001282
82.191938,-0.228076,-0.250657,9.778718,0.001295,0.001501,-0.001958
82.201807,-0.239124,-0.255977,9.794315,0.000772,0.002166,0.002185
82.211701,-0.251505,-0.256608,9.799952,0.002540,0.000687,-0.004095
82.221579,-0.241578,-0.251033,9.773639,0.001789,-0.002974,-0.001577
82.231484,-0.236664,-0.257167,9.775889,-0.001037,-0.001869,0.000240
82.241352,-0.242932,-0.260546,9.786097,0.001319,-0.000712,0.003804
82.251247,-0.226451,-0.225585,9.799553,-0.000977,0.002617,-0.006185
82.261125,-0.232027,-0.242095,9.783902,0.003699,-0.003313,0.002580
82.271029,-0.245659,-0.238075,9.791854,-0.000350,0.004464,-0.002308
82.280897,-0.243793,-0.234521,9.801730,0.002927,-0.004538,0.004196
82.290792,-0.253381,-0.244097,9.789190,0.002713,-0.003025,-0.000008
82.300670,-0.231914,-0.261119,9.790638,-0.000958,0.000639,0.002116
82.310574,-0.227666,-0.257488,9.781512,-0.000117,-0.000372,-0.000196
82.320443,-0.229210,-0.263232,9.784500,-0.000468,-0.001362,0.002465
82.330338,-0.249454,-0.251094,9.777655,0.000482,0.000271,0.001753
82.340216,-0.234135,-0.244984,9.785736,0.002449,-0.000566,0.002741
82.350120,-0.244309,-0.269581,9.792280,0.000131,0.005393,-0.000254
82.359989,-0.222271,-0.255922,9.767247,-0.000141,-0.000474,0.000464
82.369883,-0.236681,-0.244378,9.779744,0.001630,-0.003124,-0.000572
82.379761,-0.231252,-0.260956,9.783945,-0.000068,0.001252,-0.001327
82.389666,-0.234348,-0.275534,9.795304,0.000062,0.000517,-0.001170
82.399534,-0.235859,-0.269086,9.782314,0.001750,-0.003794,-0.002038
82.409429,-0.248877,-0.255393,9.782831,0.000351,-0.002493,0.004295
82.419307,-0.250056,-0.257295,9.782238,-0.000544,0.001753,0.000456
82.429212,-0.247464,-0.250182,9.773721,0.002874,0.003144,-0.002426
82.439080,-0.229436,-0.230102,9.793243,-0.000085,0.001014,-0.000237
82.448975,-0.228556,-0.229738,9.810897,-0.000099,0.002289,0.000641
82.458853,-0.237796,-0.253708,9.799620,0.002113,-0.001360,0.001049
82.468758,-0.248445,-0.261246,9.786257,-0.001360,0.003046,-0.000037
82.478626,-0.249832,-0.242647,9.781718,0.000999,-0.002943,-0.000814
82.488521,-0.238747,-0.271463,9.804265,-0.000952,0.005371,-0.002208
82.498399,-0.230219,-0.254994,9.792387,-0.003085,0.001419,0.000388
82.508303,-0.233899,-0.246872,9.783748,0.000132,-0.001330,0.002630
82.518172,-0.241950,-0.235609,9.776568,-0.000193,0.001236,0.000600
82.528067,-0.237615,-0.227274,9.771012,-0.000330,-0.000990,-0.000958
82.537945,-0.252167,-0.243261,9.785604,0.000582,0.005314,0.000030
82.547849,-0.242635,-0.251978,9.807786,0.002355,-0.002304,-0.003567
82.557718,-0.229820,-0.264144,9.813712,0.004995,-0.002355,-0.000486
82.567613,-0.257001,-0.256826,9.796398,-0.000161,-0.000611,-0.001447
82.577491,-0.247746,-0.265070,9.792010,0.002397,-0.001069,0.000558
82.587395,-0.220398,-0.265816,9.778564,0.002333,0.000205,0.001223
82.597264,-0.231490,-0.267611,9.779086,0.000791,-0.004015,-0.002873
82.607158,-0.247465,-0.254067,9.806241,-0.000141,0.002481,0.002557
82.617036,-0.237823,-0.259932,9.800910,-0.000178,0.000760,0.002058
82.626941,-0.253955,-0.275176,9.797973,0.001848,-0.001166,0.003838
82.636809,-0.240268,-0.244116,9.812699,0.004491,-0.002285,0.000827
82.646704,-0.231679,-0.249479,9.804584,-0.000065,0.002298,-0.002141
82.656582,-0.233043,-0.252417,9.797648,-0.001001,-0.002135,0.002623
82.666489,-0.241044,-0.244418,9.797718,0.001571,-0.000186,0.002568
82.676353,-0.238496,-0.260601,9.799675,0.002979,0.000545,-0.002075
82.686248,-0.244099,-0.263623,9.806304,-0.001742,-0.000570,0.001742
82.696126,-0.253665,-0.246203,9.806400,0.002944,0.001289,-0.003420
82.706031,-0.245369,-0.239262,9.805925,-0.004326,0.000268,-0.000191
82.715899,-0.227072,-0.246972,9.797744,0.001280,-0.002210,0.001743
82.725794,-0.236103,-0.261525,9.780567,0.000233,0.002214,0.000993
82.735672,-0.243122,-0.267132,9.782493,-0.000491,0.000870,-0.000580
82.745575,-0.244516,-0.271183,9.790724,0.000722,-0.001098,-0.001182
82.755447,-0.241322,-0.255299,9.786654,0.002542,0.003612,-0.002724
82.765342,-0.239497,-0.255857,9.785461,-0.000472,0.000868,0.001756
82.775221,-0.242754,-0.267715,9.775195,-0.000107,-0.002617,-0.004662
82.785125,-0.228175,-0.272061,9.761723,-0.000738,0.002954,-0.001522
82.794994,-0.235416,-0.264094,9.778821,-0.002846,0.003864,-0.002753
82.804888,-0.239916,-0.271079,9.784266,0.000468,0.000055,0.002467
82.814766,-0.233071,-0.262856,9.785416,-0.000218,0.002230,0.003926
82.824670,-0.239960,-0.246753,9.784473,0.001999,-0.000766,0.000036
82.834539,-0.240542,-0.255743,9.790059,0.000926,-0.003561,-0.000626
82.844434,-0.229465,-0.254463,9.813332,0.001010,-0.000368,0.000803
82.854312,-0.245654,-0.256565,9.790827,0.001040,0.000578,-0.000142
82.864216,-0.243929,-0.263043,9.752453,-0.001579,0.001251,-0.000458
82.874085,-0.253815,-0.250003,9.779383,0.000952,-0.003825,-0.002787
82.883979,-0.249833,-0.246906,9.784207,0.002065,-0.004261,0.002265
82.893858,-0.239710,-0.244241,9.778905,0.001643,-0.001244,0.001241
82.903762,-0.233187,-0.248449,9.790456,-0.005408,0.001945,-0.002669
82.913630,-0.252077,-0.258868,9.794140,0.000400,0.002718,-0.001533
82.923525,-0.251740,-0.253219,9.782132,0.001092,0.000127,0.001416
82.933403,-0.233967,-0.262122,9.793939,0.000557,0.004321,-0.005683
82.943308,-0.231923,-0.246591,9.792401,0.001194,-0.000370,0.001154
82.953176,-0.238914,-0.253417,9.798020,0.006021,-0.003908,0.004104
82.963071,-0.240612,-0.241400,9.780823,-0.000700,-0.001787,-0.002408
82.972949,-0.238633,-0.256050,9.777497,-0.001502,-0.001088,0.001540
82.982853,-0.246140,-0.270972,9.780798,0.004036,0.001190,-0.000209
82.992722,-0.247321,-0.255476,9.822402,-0.002275,0.000709,0.001052
83.002617,-0.268631,-0.239547,9.809119,0.004176,-0.002678,0.001833
83.012495,-0.255791,-0.254203,9.805103,-0.001170,0.002004,-0.002703
83.022399,-0.247297,-0.260148,9.798469,0.000468,0.003774,0.002487
83.032268,-0.253061,-0.257832,9.789887,-0.002426,-0.002560,-0.004407
83.042163,-0.250359,-0.242750,9.790018,0.002103,0.002532,-0.006048
83.052041,-0.243648,-0.256952,9.772169,-0.001149,-0.001904,-0.001089
83.061945,-0.235181,-0.273008,9.783865,-0.000043,0.000282,-0.001364
83.071814,-0.249519,-0.242240,9.791460,0.000634,0.002741,-0.002035
83.081709,-0.235139,-0.240220,9.770577,0.002713,0.001626,0.001207
83.091587,-0.247039,-0.244952,9.781331,0.000929,-0.003561,0.002915
83.101491,-0.257802,-0.251310,9.790344,0.000134,-0.003286,0.000692
83.111359,-0.247562,-0.264792,9.791683,0.001178,-0.000632,-0.001252
83.121255,-0.235435,-0.264429,9.785558,-0.000602,0.000840,-0.001849
83.131132,-0.242011,-0.248884,9.784778,0.003133,-0.000310,0.000908
83.141037,-0.244208,-0.265608,9.786411,-0.000059,-0.001247,-0.004573
83.150905,-0.245475,-0.262684,9.766285,-0.001964,0.002114,-0.000587
83.160800,-0.245181,-0.253850,9.795062,-0.003272,0.001433,-0.004923
83.170678,-0.249121,-0.267114,9.814334,0.000100,0.000563,0.001840
83.180583,-0.239600,-0.250138,9.813443,-0.001285,0.005636,-0.000269
83.190451,-0.243906,-0.224742,9.777835,-0.000889,0.000479,0.000136
83.200346,-0.243433,-0.236207,9.778832,0.002798,-0.002964,-0.007215
83.210224,-0.243451,-0.258258,9.785320,0.000436,-0.000214,0.000664
83.220128,-0.251989,-0.252199,9.797489,0.000577,-0.001591,0.001989
83.229997,-0.241885,-0.241341,9.776934,0.000269,-0.003400,-0.001621
83.239892,-0.246099,-0.267506,9.807105,0.002182,-0.003317,0.002697
83.249770,-0.242812,-0.264466,9.806714,-0.000409,-0.001959,0.001403
83.259674,-0.233037,-0.257268,9.799437,-0.001631,-0.003909,0.000869
83.269543,-0.223041,-0.248147,9.780779,0.001525,-0.000189,0.000962
83.279438,-0.220900,-0.240881,9.769971,0.004808,-0.003648,0.000591
83.289316,-0.244455,-0.267337,9.799993,0.002409,-0.003723,-0.001667
83.299221,-0.249109,-0.272416,9.803137,0.003585,-0.002260,-0.001900
83.309090,-0.245402,-0.256532,9.807025,0.000860,0.001552,0.000321
83.318984,-0.230088,-0.253718,9.786447,0.004384,-0.000565,-0.000813
83.328862,-0.242285,-0.228846,9.797835,-0.000508,0.000427,0.000984
83.338766,-0.247822,-0.245318,9.801339,0.002009,-0.005318,0.000033
83.348634,-0.245190,-0.244620,9.786671,0.000648,0.002987,0.000170
83.358529,-0.251491,-0.249049,9.770922,0.001163,-0.002642,0.004479
83.368407,-0.252030,-0.244783,9.787270,0.001426,-0.000727,0.003022
83.378312,-0.249239,-0.245398,9.793980,0.002184,-0.000105,0.001884
83.388180,-0.239044,-0.252087,9.821101,0.000889,-0.000357,0.003310
83.398075,-0.243973,-0.255687,9.816364,-0.000765,0.001900,-0.004359
83.407953,-0.230678,-0.261840,9.790960,0.000621,0.000500,0.001262
83.417858,-0.243312,-0.247676,9.777523,-0.000520,-0.002058,-0.001312
83.427726,-0.242183,-0.256511,9.788898,-0.001779,0.000405,-0.000353
83.437621,-0.242067,-0.248043,9.784476,0.001598,0.001247,0.002120
83.447499,-0.252470,-0.248842,9.785732,-0.001764,0.000459,-0.003749
83.457404,-0.250408,-0.242027,9.776390,0.000844,0.001426,-0.004379
83.467272,-0.255753,-0.254911,9.776491,-0.000627,-0.000032,0.002088
83.477167,-0.251539,-0.263923,9.777896,0.006218,-0.000532,0.000726
83.487045,-0.232988,-0.267146,9.782161,0.002558,-0.000309,0.000644
83.496949,-0.239366,-0.256044,9.802993,0.002716,-0.001490,0.001230
83.506818,-0.231849,-0.244234,9.802349,0.003781,-0.000232,0.001200
83.516713,-0.237648,-0.238634,9.780744,0.002486,0.003158,0.002255
83.526591,-0.235452,-0.243844,9.780435,-0.002455,0.001785,-0.000959
83.536495,-0.245945,-0.242656,9.772245,-0.000580,-0.001684,0.000954
83.546364,-0.242866,-0.239594,9.778816,0.001485,0.002560,0.001189
83.556259,-0.228912,-0.243171,9.779531,-0.000156,-0.000361,0.001958
83.566137,-0.246567,-0.241913,9.797030,-0.001129,0.000758,-0.002188
83.576041,-0.263051,-0.247697,9.800054,-0.000772,0.002970,-0.000266
83.585910,-0.246441,-0.247818,9.781244,0.001147,0.000664,0.001993
83.595804,-0.240657,-0.238655,9.790253,0.000824,0.001347,0.003560
83.605682,-0.246149,-0.273320,9.791213,0.000489,-0.001937,0.000524
83.615587,-0.228415,-0.275599,9.759108,0.002983,-0.001489,0.000040
83.625456,-0.231611,-0.256015,9.789691,-0.000938,0.000427,-0.006504
83.635350,-0.239291,-0.247570,9.789636,0.000913,0.001267,0.000498
83.645228,-0.236281,-0.276952,9.762931,0.001328,0.002387,-0.001518
83.655133,-0.240654,-0.253636,9.774660,0.001106,0.001851,-0.002809
83.665001,-0.244139,-0.248466,9.807277,0.000881,0.001302,-0.000310
83.674896,-0.250228,-0.276258,9.810965,0.000195,-0.000020,-0.000704
83.684774,-0.246966,-0.273533,9.797810,-0.000371,0.000763,-0.003560
83.694678,-0.244588,-0.257966,9.798411,0.001265,0.000927,-0.000152
83.704547,-0.251954,-0.241455,9.772854,-0.002347,0.004379,-0.001538
83.714442,-0.242963,-0.248318,9.775517,-0.002481,0.000310,-0.000217
83.724320,-0.236944,-0.239796,9.794991,-0.000693,-0.001425,-0.000048
83.734224,-0.222443,-0.244524,9.777008,-0.000237,-0.001071,0.002391
83.744093,-0.215143,-0.268571,9.792953,0.000830,0.001949,-0.001618
83.753988,-0.233485,-0.261145,9.792053,-0.001690,0.000068,0.000841
83.763866,-0.239448,-0.250577,9.778589,0.005249,-0.000430,0.001875
83.773770,-0.241871,-0.256829,9.812462,0.003455,-0.001741,0.000267
83.783639,-0.242954,-0.255125,9.803514,0.002751,-0.000510,-0.003095
83.793534,-0.242696,-0.272335,9.792292,0.004185,-0.005974,-0.005077
83.803412,-0.249664,-0.273346,9.777321,0.001533,-0.001671,0.000219
83.813316,-0.252266,-0.286927,9.804005,0.001302,0.002658,-0.001338
83.823185,-0.242283,-0.269213,9.798908,0.001800,-0.000288,-0.001868
83.833079,-0.253703,-0.250322,9.775019,0.001289,0.000475,0.000055
83.842958,-0.233999,-0.258576,9.801092,0.000774,-0.000017,-0.001863
83.852862,-0.237541,-0.257432,9.802418,0.000928,-0.001238,0.004228
83.862730,-0.243022,-0.265900,9.788268,0.002048,0.000748,-0.001671
83.872625,-0.256780,-0.257084,9.798895,-0.001095,0.000011,0.001650
83.882503,-0.229712,-0.257492,9.795233,0.000694,-0.002521,-0.000350
83.892408,-0.222185,-0.249553,9.779408,0.000318,-0.000540,-0.000394
83.902276,-0.241973,-0.253429,9.784131,0.001665,0.002657,0.001791
83.912171,-0.236804,-0.246340,9.782538,0.000356,0.002355,0.002682
83.922049,-0.247968,-0.246577,9.787090,-0.000269,-0.003284,0.003239
83.931954,-0.242722,-0.249520,9.795942,-0.000085,0.004495,0.002164
83.941822,-0.245586,-0.246514,9.788454,-0.003908,-0.000226,0.000982
83.951718,-0.246047,-0.255151,9.814357,-0.001362,-0.002211,-0.003238
83.961595,-0.234643,-0.254451,9.793819,0.003091,0.000862,0.001633
83.971499,-0.249900,-0.246618,9.766207,-0.003928,-0.001557,0.000940
83.981368,-0.237079,-0.248174,9.780837,0.000651,-0.002444,-0.004648
83.991263,-0.240407,-0.254077,9.783967,0.002623,0.001148,0.002949
84.001141,-0.244132,-0.249795,9.783891,0.001946,-0.004684,0.001966
84.011045,-0.240656,-0.239902,9.786092,0.002235,0.002160,-0.001773
84.020914,-0.224973,-0.250534,9.785901,0.004079,-0.005639,0.001046
84.030809,-0.237005,-0.265038,9.784937,0.001808,-0.001636,0.002313
84.040687,-0.254064,-0.239543,9.782083,0.003442,-0.003966,0.000842
84.050591,-0.243407,-0.260219,9.800119,0.000462,-0.001485,-0.000349
84.060459,-0.244926,-0.263009,9.791728,0.000884,-0.002656,-0.003381
84.070355,-0.233189,-0.252200,9.785421,0.000030,0.000902,0.002439
84.080232,-0.243714,-0.275563,9.761924,0.005912,-0.003892,0.000851
84.090137,-0.237551,-0.273487,9.783647,0.000814,-0.007569,-0.002037
84.100005,-0.249178,-0.270112,9.791799,0.000290,-0.002963,0.000313
84.109900,-0.248943,-0.268341,9.791559,0.000924,-0.001975,-0.002201
84.119778,-0.240004,-0.271298,9.786407,-0.001503,0.004193,0.000514
84.129683,-0.236367,-0.268265,9.779094,0.000987,0.001546,-0.002873
84.139551,-0.231066,-0.258963,9.781257,-0.000851,-0.003791,-0.000498
84.149446,-0.246760,-0.261965,9.770069,0.001245,-0.000985,-0.001977
84.159324,-0.241630,-0.260102,9.790766,-0.002241,0.001437,0.000796
84.169228,-0.232952,-0.255170,9.796514,0.001830,-0.001908,0.002308
84.179097,-0.239261,-0.257968,9.793902,0.002335,-0.000637,-0.001186
84.188992,-0.249669,-0.258848,9.771675,-0.000238,-0.002102,0.001786
84.198870,-0.240683,-0.264843,9.785935,-0.000200,0.002862,-0.004037
84.208775,-0.242070,-0.263302,9.795208,0.003046,-0.000714,0.000499
84.218643,-0.239398,-0.258974,9.778367,-0.000300,0.001366,0.001215
84.228538,-0.233285,-0.233586,9.778525,0.002621,-0.003742,-0.002027
84.238416,-0.224949,-0.242696,9.783174,0.001067,0.003833,-0.000187
84.248320,-0.238345,-0.270425,9.783283,-0.000902,-0.003229,-0.000279
84.258189,-0.258175,-0.244414,9.796518,-0.001974,0.001143,0.000306
84.268084,-0.239680,-0.246521,9.783024,0.000863,0.004462,-0.000955
84.277962,-0.238063,-0.252831,9.764689,0.001391,0.002716,0.003998
84.287866,-0.234819,-0.247492,9.772770,0.000222,-0.002442,0.000544
84.297735,-0.227293,-0.268540,9.782417,0.001698,-0.000236,-0.004737
84.307630,-0.253338,-0.248821,9.799715,-0.000391,-0.001398,0.001481
84.317508,-0.253371,-0.251689,9.804266,-0.001139,0.004248,-0.002003
84.327412,-0.253110,-0.259120,9.785354,0.001501,0.001064,0.000832
84.337281,-0.236554,-0.260456,9.804884,0.000205,0.001977,-0.000008
84.347175,-0.236586,-0.264289,9.788872,-0.001105,-0.000349,-0.001022
84.357054,-0.238475,-0.260273,9.792255,0.002691,0.000929,-0.002698
84.366959,-0.250893,-0.262740,9.798023,0.001741,0.001946,0.000700
84.376826,-0.231764,-0.259108,9.783845,0.000168,0.004182,0.004366
84.386722,-0.240695,-0.268398,9.788633,0.004834,-0.001919,0.001521
84.396600,-0.239897,-0.255406,9.811276,-0.001246,0.004681,0.003198
84.406505,-0.241604,-0.257161,9.777233,-0.000452,0.000603,-0.001119
84.416373,-0.232391,-0.252707,9.784499,-0.000430,-0.000153,-0.002818
84.426268,-0.233572,-0.252161,9.774179,0.002644,0.000726,-0.002629
84.436146,-0.237843,-0.244315,9.790910,-0.000113,0.000500,-0.000662
84.446051,-0.247267,-0.251555,9.789458,0.000496,-0.000673,-0.002831
84.455919,-0.239168,-0.268071,9.791195,0.000375,0.002998,0.001711
84.465814,-0.230079,-0.270078,9.790573,-0.000082,-0.001432,0.001514
84.475692,-0.247007,-0.262627,9.793101,-0.000287,0.001934,0.001895
84.485597,-0.252230,-0.251206,9.787396,-0.001307,0.000322,0.000801
84.495465,-0.246232,-0.259074,9.802446,-0.001090,0.001333,-0.001070
84.505360,-0.248986,-0.260873,9.780445,-0.000267,0.002812,-0.004049
84.515238,-0.239950,-0.261851,9.780363,0.000207,0.000312,0.000635
84.525142,-0.235125,-0.242883,9.779716,-0.004137,-0.001239,0.002113
84.535011,-0.235048,-0.246179,9.795366,-0.000179,-0.000553,0.002296
84.544906,-0.240000,-0.282065,9.784331,0.000181,-0.001228,-0.001895
84.554784,-0.252738,-0.251910,9.786301,-0.001229,-0.000526,0.003924
84.564688,-0.265892,-0.246812,9.802240,-0.000076,0.003319,-0.003057
84.574557,-0.239943,-0.255488,9.789653,-0.002292,-0.004870,-0.004132
84.584452,-0.227463,-0.244760,9.790556,0.000910,0.000668,-0.000089
84.594330,-0.238173,-0.254633,9.768004,-0.002419,0.002498,-0.000394
84.604234,-0.244173,-0.255726,9.786660,-0.001487,0.004722,-0.004010
84.614102,-0.248305,-0.248331,9.803932,0.000308,-0.003676,0.000239
84.623997,-0.253307,-0.263936,9.775898,0.001457,-0.000518,0.003407
84.633875,-0.260637,-0.269320,9.778927,0.001680,0.000575,-0.001804
84.643780,-0.240150,-0.254045,9.787320,-0.000568,-0.001595,-0.000003
84.653647,-0.250485,-0.237843,9.771511,0.002962,-0.001183,0.001937
84.663542,-0.259245,-0.243254,9.781762,-0.001167,-0.001426,-0.005894
84.673420,-0.240836,-0.254754,9.784681,0.003900,-0.004026,0.000209
84.683325,-0.235158,-0.259515,9.790201,-0.001138,-0.005107,0.000139
84.693193,-0.255336,-0.270860,9.801518,0.000073,0.001241,-0.002247
84.703088,-0.252436,-0.274876,9.812083,0.000865,-0.002654,0.002710
84.712966,-0.227433,-0.268195,9.797528,0.000166,0.001896,0.002737
84.722870,-0.237767,-0.265702,9.781222,-0.001538,-0.001596,-0.000651
84.732739,-0.247746,-0.266733,9.790617,0.002504,-0.000807,-0.001435
84.742634,-0.236320,-0.266756,9.787917,0.001968,-0.002946,0.003120
84.752512,-0.234788,-0.263695,9.791541,0.003134,-0.000904,0.000187
84.762416,-0.254612,-0.257899,9.794648,-0.000513,0.001993,-0.003517
84.772285,-0.257562,-0.264353,9.792224,-0.001358,-0.000092,-0.000869
84.782180,-0.249999,-0.273673,9.794895,0.003052,0.001408,0.003866
84.792058,-0.245635,-0.243507,9.784399,0.001579,-0.003446,-0.001227
84.801962,-0.239222,-0.242152,9.790329,0.000365,0.001720,-0.004240
84.811830,-0.239555,-0.248565,9.780647,0.000776,-0.002155,-0.000676
84.821726,-0.236491,-0.252686,9.804976,0.002310,0.000062,-0.003920
84.831604,-0.243155,-0.247434,9.826642,0.001695,0.001142,0.001676
84.841508,-0.235455,-0.237868,9.814516,-0.000804,-0.000693,-0.001054
84.851377,-0.247844,-0.244194,9.806286,0.001039,-0.000158,0.002070
84.861271,-0.253741,-0.254470,9.794621,-0.004280,-0.002031,-0.003676
84.871149,-0.245469,-0.242778,9.780303,-0.000722,0.003375,-0.000387
84.881054,-0.231093,-0.255259,9.781209,0.001171,0.007353,-0.001022
84.890922,-0.233544,-0.266329,9.796298,0.003575,0.000332,-0.004420
84.900817,-0.245510,-0.271345,9.797134,0.002101,-0.000027,0.000583
84.910695,-0.238471,-0.259930,9.811801,0.001816,-0.003467,-0.001060
84.920600,-0.241624,-0.252111,9.825055,-0.001692,0.003465,0.000381
84.930468,-0.248081,-0.257686,9.790409,-0.001217,0.001766,-0.002121
84.940363,-0.240404,-0.271775,9.790606,0.000536,0.000663,0.001022
84.950241,-0.235519,-0.272381,9.775543,0.001397,0.001659,-0.001508
84.960145,-0.230165,-0.252797,9.820189,0.002482,0.000381,-0.002148
84.970014,-0.242247,-0.243522,9.811218,0.003003,-0.001164,0.001833
84.979909,-0.263631,-0.257817,9.788969,0.001145,0.003970,0.001448
84.989787,-0.257277,-0.249468,9.769129,0.000338,-0.003029,0.002030
84.999691,-0.223901,-0.255683,9.787680,0.002231,0.005423,0.002020
85.009560,-0.223746,-0.263801,9.783197,0.002013,-0.003212,-0.001470
85.019455,-0.242713,-0.264083,9.775595,0.001623,-0.003424,-0.000281
85.029333,-0.245124,-0.246678,9.788027,-0.000142,0.002425,-0.002153
85.039237,-0.236061,-0.255986,9.795685,0.000169,0.002389,0.002282
85.049106,-0.231568,-0.263242,9.800209,0.001548,-0.004382,-0.000046
85.059000,-0.235383,-0.257764,9.767491,-0.003288,0.004827,-0.000959
85.068879,-0.238955,-0.266233,9.768887,0.000762,-0.002599,0.003891
85.078783,-0.232283,-0.247405,9.791108,0.002155,-0.001335,-0.001040
85.088652,-0.244341,-0.246744,9.811197,0.000964,-0.002833,0.000522
85.098546,-0.244091,-0.272221,9.791356,-0.000825,0.003587,-0.003945
85.108425,-0.232935,-0.244761,9.800099,0.001012,0.002717,0.000562
85.118329,-0.234721,-0.237206,9.788028,-0.002573,0.000583,-0.002428
85.128197,-0.240325,-0.258415,9.792555,0.001458,-0.002075,0.000025
85.138092,-0.242706,-0.221467,9.800624,0.001609,0.003593,0.001020
85.147971,-0.247634,-0.243426,9.764180,-0.001667,0.001779,-0.001974
85.157877,-0.259385,-0.267758,9.773783,-0.000343,-0.001367,-0.001588
85.167744,-0.236138,-0.255907,9.791173,-0.001391,-0.000041,-0.002321
85.177639,-0.235211,-0.271919,9.769514,0.000641,0.002200,0.000865
85.187516,-0.249999,-0.271005,9.792776,-0.002510,0.002711,-0.000482
85.197421,-0.232758,-0.260930,9.811810,-0.002212,-0.002535,-0.000745
85.207289,-0.242829,-0.244599,9.795981,-0.000367,0.005488,-0.002698
85.217184,-0.242169,-0.251074,9.785732,0.000222,0.002576,-0.004435
85.227062,-0.232660,-0.244346,9.783451,-0.000769,0.001473,0.000038
85.236966,-0.232821,-0.252112,9.791219,0.000909,-0.001249,-0.000122
85.246835,-0.245530,-0.258707,9.801853,0.000106,-0.002938,0.002691
85.256730,-0.246412,-0.258379,9.785288,0.001669,0.001896,0.003176
85.266608,-0.225698,-0.255404,9.779959,-0.000662,-0.000658,-0.004327
85.276512,-0.251063,-0.244876,9.794280,0.001892,-0.002497,0.000510
85.286381,-0.249887,-0.240886,9.793268,-0.003389,0.002355,-0.000712
85.296276,-0.238933,-0.231647,9.805687,0.000050,0.003810,-0.001692
85.306154,-0.237120,-0.231945,9.802935,0.000645,0.000189,-0.001393
85.316058,-0.248041,-0.258287,9.815947,0.002885,-0.000695,-0.001625
85.325926,-0.243462,-0.260534,9.796503,-0.000935,-0.002121,0.001086
85.335822,-0.248872,-0.271074,9.793053,-0.000851,0.001728,-0.001270
85.345700,-0.247210,-0.267064,9.771663,0.000841,0.000039,-0.000970
85.355604,-0.238656,-0.281846,9.801136,0.001498,0.002602,0.002040
85.365472,-0.243426,-0.255371,9.790780,0.002221,-0.002094,0.000791
85.375367,-0.254332,-0.248813,9.793607,-0.001877,0.001921,0.000013
85.385245,-0.230751,-0.254594,9.783042,0.000815,0.002529,-0.004897
85.395150,-0.237995,-0.260951,9.781005,0.004926,-0.001152,-0.004996
85.405018,-0.249599,-0.254506,9.768970,-0.002971,0.003239,-0.003146
85.414913,-0.239695,-0.257064,9.761848,0.001143,0.001436,-0.002935
85.424791,-0.231857,-0.251079,9.773429,0.000282,-0.000664,-0.001351
85.434696,-0.243665,-0.253708,9.792617,0.000915,0.000713,-0.002192
85.444564,-0.245714,-0.257045,9.811886,0.001642,0.001638,-0.000475
85.454459,-0.258930,-0.263391,9.783988,-0.000874,-0.003078,-0.002972
85.464337,-0.240461,-0.264554,9.785492,-0.000580,0.001005,0.000051
85.474241,-0.238758,-0.251422,9.781160,0.001735,0.001289,-0.000829
85.484110,-0.245252,-0.270169,9.785786,0.001191,0.003020,-0.000327
85.494005,-0.251929,-0.268313,9.768652,-0.001308,0.003517,0.003194
85.503883,-0.244498,-0.274082,9.752061,-0.000222,0.003718,0.001839
85.513787,-0.246561,-0.244322,9.787850,0.003270,0.002305,0.002190
85.523656,-0.240727,-0.249274,9.794909,0.003300,-0.005182,-0.000402
85.533551,-0.240746,-0.260343,9.813422,-0.001165,0.002167,-0.000895
85.543429,-0.230763,-0.265741,9.787757,-0.002466,0.003159,0.001282
85.553333,-0.223392,-0.258110,9.790325,-0.001792,-0.001211,0.001591
85.563201,-0.242253,-0.255840,9.790984,0.002388,-0.000500,0.002708
85.573096,-0.252706,-0.274517,9.771993,0.004355,0.000116,0.000001
85.582975,-0.227553,-0.271879,9.777727,-0.004135,0.000064,-0.004805
85.592879,-0.244808,-0.252578,9.810420,0.002859,-0.001402,0.001394
85.602747,-0.259169,-0.253912,9.772526,0.000748,0.001205,-0.003739
85.612642,-0.252870,-0.244124,9.789007,0.001161,0.001034,-0.000939
85.622520,-0.251960,-0.253537,9.803377,0.000946,0.003140,0.000297
85.632425,-0.250122,-0.243424,9.806231,-0.000212,-0.000428,-0.000124
85.642293,-0.238463,-0.261733,9.807892,0.000553,-0.001211,0.001726
85.652188,-0.245849,-0.253416,9.791139,0.001630,0.001154,0.000641
85.662066,-0.247447,-0.260760,9.785378,-0.001722,0.002167,-0.003753
85.671972,-0.246614,-0.247965,9.784749,-0.002866,-0.004653,0.000285
85.681840,-0.243739,-0.251780,9.790550,0.000523,0.002684,-0.000510
85.691735,-0.256149,-0.248998,9.800048,0.002669,-0.001633,0.000559
85.701612,-0.244843,-0.250121,9.816739,0.000376,0.001198,0.000962
85.711517,-0.246028,-0.261904,9.797605,-0.000968,-0.001348,-0.004026
85.721385,-0.247250,-0.250021,9.794160,-0.002003,-0.000632,0.000490
85.731280,-0.256403,-0.257961,9.806263,-0.000519,-0.000197,0.000844
85.741158,-0.252758,-0.271673,9.780345,0.000826,-0.001064,0.000566
85.751062,-0.253085,-0.252023,9.802440,-0.001307,-0.002414,0.001370
85.760931,-0.237339,-0.245339,9.808210,0.000701,0.003922,-0.003392
85.770826,-0.240006,-0.261819,9.787885,0.000572,-0.000899,0.004289
85.780704,-0.237424,-0.253039,9.788725,0.000523,-0.001058,0.000810
85.790608,-0.248171,-0.255956,9.809630,-0.001463,0.002342,0.001793
85.800477,-0.238245,-0.249546,9.806083,-0.001055,0.001288,0.001275
85.810372,-0.243617,-0.254686,9.781034,0.002742,0.000308,0.000291
85.820250,-0.230432,-0.255869,9.776156,0.003428,-0.004554,0.000183
85.830154,-0.234474,-0.262688,9.792295,0.001032,-0.000439,0.000572
85.840023,-0.233933,-0.253433,9.782785,0.001946,-0.001826,0.000478
85.849918,-0.241240,-0.249817,9.778226,-0.000977,0.002102,-0.003252
85.859796,-0.222822,-0.242858,9.779293,0.001624,-0.001372,0.002219
85.869700,-0.236761,-0.238487,9.786862,0.001635,-0.001925,-0.000616
85.879568,-0.248467,-0.244519,9.798230,0.000635,0.002136,-0.000611
85.889463,-0.245471,-0.264009,9.813157,0.002545,0.002181,-0.000607
85.899341,-0.236446,-0.262959,9.806163,-0.001203,-0.002876,-0.001580
85.909246,-0.244568,-0.245269,9.799291,0.000308,0.000269,-0.002757
85.919114,-0.249963,-0.263764,9.787893,-0.000806,-0.001378,-0.000260
85.929009,-0.239819,-0.264430,9.743272,0.001206,0.000447,-0.002118
85.938887,-0.232997,-0.273682,9.775963,0.001460,-0.004073,0.001618
85.948792,-0.230520,-0.247025,9.794618,-0.000791,0.001884,-0.002676
85.958660,-0.257963,-0.264170,9.812612,-0.003344,0.001090,-0.002629
85.968555,-0.238001,-0.250618,9.826057,0.001025,0.001110,-0.001900
85.978433,-0.234211,-0.248839,9.785524,-0.000816,0.005060,-0.004177
85.988337,-0.245672,-0.261247,9.780034,0.000332,-0.000477,-0.002726
85.998206,-0.238502,-0.266350,9.775747,0.000283,0.000412,-0.000703
86.008101,-0.236164,-0.244014,9.775273,-0.000491,-0.000058,-0.000989
86.017979,-0.220831,-0.260979,9.765822,0.000521,-0.001610,0.001253
86.027883,-0.239380,-0.261737,9.806307,-0.001265,0.000483,0.000033
86.037752,-0.232147,-0.268301,9.810402,-0.002146,-0.000280,0.002866
86.047647,-0.236317,-0.259442,9.799079,0.000135,0.000966,0.000982
86.057525,-0.242922,-0.252221,9.795051,0.000498,0.000663,-0.000114
86.067429,-0.247882,-0.238995,9.770753,0.001181,-0.000798,-0.000029
86.077297,-0.242860,-0.240203,9.783362,0.001116,-0.001548,-0.002668
86.087193,-0.232096,-0.236523,9.788444,0.004003,0.000819,0.001363
86.097071,-0.244478,-0.241167,9.765408,0.001221,-0.002815,0.000855
86.106975,-0.243648,-0.240624,9.789370,0.001785,0.003258,0.002420
86.116844,-0.233537,-0.253780,9.781644,0.000778,-0.002808,0.004647
86.126738,-0.255929,-0.256631,9.798516,0.002317,0.000719,0.002026
86.136616,-0.253422,-0.265976,9.807972,0.000286,0.003759,-0.001305
86.146521,-0.234244,-0.269634,9.806333,0.001817,0.002248,0.001841
86.156389,-0.237804,-0.273403,9.795460,0.000384,-0.003456,-0.000386
86.166284,-0.237626,-0.262448,9.780664,-0.006262,0.002943,0.000365
86.176162,-0.225904,-0.249625,9.786982,0.001305,-0.000568,-0.001325
86.186067,-0.220732,-0.271118,9.780947,-0.001631,-0.002259,0.000802
86.195935,-0.239852,-0.262763,9.764805,-0.000083,-0.005434,-0.000321
86.205830,-0.259464,-0.251163,9.774968,0.001465,0.001430,-0.000703
86.215708,-0.260849,-0.269683,9.786640,-0.000613,-0.001140,-0.001147
86.225613,-0.263082,-0.267135,9.800084,0.000523,0.000807,-0.000402
86.235481,-0.237075,-0.272105,9.774465,0.002650,0.001768,0.000165
86.245376,-0.224662,-0.272686,9.787737,-0.001767,0.000096,-0.001749
86.255254,-0.233256,-0.254322,9.801533,0.002621,-0.001192,0.000136
86.265158,-0.246126,-0.260184,9.790766,0.002734,-0.002936,0.001423
86.275027,-0.242745,-0.256974,9.779291,-0.003614,0.005330,-0.001621
86.284922,-0.244475,-0.254024,9.781306,0.001170,0.005213,-0.000321
86.294800,-0.246612,-0.243881,9.778210,-0.000187,0.001807,0.000282
86.304704,-0.237027,-0.248699,9.769707,0.000068,-0.002834,0.000045
86.314573,-0.256611,-0.270802,9.794040,0.000210,-0.003592,0.003006
86.324468,-0.239571,-0.265719,9.796450,0.000369,-0.001331,-0.003186
86.334345,-0.240258,-0.256498,9.779105,0.001106,-0.000248,-0.000882
86.344250,-0.244924,-0.258253,9.781594,-0.001432,-0.000613,0.001330
86.354118,-0.251518,-0.278232,9.783639,0.001123,-0.001716,-0.002696
86.364013,-0.257999,-0.267015,9.794755,-0.001216,0.001227,-0.000119
86.373891,-0.246624,-0.257483,9.792354,-0.001019,0.001893,-0.003313
86.383796,-0.236730,-0.255239,9.792563,0.000803,0.000040,-0.004704
86.393664,-0.236278,-0.255970,9.785824,0.002214,-0.002672,0.002399
86.403559,-0.244789,-0.267902,9.792764,-0.000790,-0.003009,-0.002318
86.413437,-0.246878,-0.266882,9.802978,0.001539,0.001063,-0.001353
86.423342,-0.248347,-0.258085,9.784733,0.000295,-0.000706,-0.000828
86.433210,-0.242990,-0.274498,9.786598,-0.001301,0.002984,-0.001165
86.443105,-0.234110,-0.273166,9.787967,0.001849,-0.002046,0.001239
86.452983,-0.233021,-0.271667,9.778599,0.001980,0.003370,0.002727
86.462888,-0.235350,-0.256333,9.801540,0.002065,0.002517,0.003748
86.472756,-0.250829,-0.261858,9.805040,0.002421,-0.004844,0.000672
86.482651,-0.237704,-0.262243,9.800838,0.002036,-0.001751,0.004079
86.492529,-0.234362,-0.262431,9.791235,-0.001300,-0.002328,-0.002453
86.502434,-0.238111,-0.260917,9.769867,-0.000248,-0.003021,0.002928
86.512302,-0.247838,-0.258780,9.792539,-0.000032,0.001505,-0.002671
86.522197,-0.255437,-0.256496,9.790466,-0.000040,0.001391,-0.002607
86.532075,-0.234363,-0.262584,9.785757,-0.003156,-0.000398,-0.001193
86.541979,-0.232344,-0.261303,9.785657,0.000596,0.000999,-0.003130
86.551848,-0.231538,-0.261140,9.776730,0.000283,0.000781,-0.003571
86.561743,-0.246355,-0.258034,9.807554,0.000573,-0.000992,-0.004143
86.571621,-0.246889,-0.261079,9.794368,0.003611,0.000312,0.001040
86.581525,-0.253240,-0.263759,9.795328,-0.002610,-0.001027,-0.003569
86.591394,-0.246749,-0.266903,9.808920,0.000637,0.001000,-0.002980
86.601288,-0.253965,-0.263294,9.816247,0.001097,-0.002652,-0.002875
86.611166,-0.258308,-0.260195,9.814322,-0.006026,0.001521,-0.002562
86.621071,-0.240132,-0.252577,9.775580,0.001705,0.003693,-0.001266
86.630940,-0.242823,-0.263804,9.775202,0.000354,0.000882,0.002642
86.640834,-0.235268,-0.259165,9.791052,0.003380,-0.000278,-0.000115
86.650712,-0.240704,-0.249972,9.788515,0.000676,-0.000870,0.002812
86.660617,-0.231505,-0.261970,9.792173,0.000758,0.003551,-0.003963
86.670485,-0.232040,-0.266818,9.817623,0.000909,0.000013,-0.000036
86.680380,-0.233493,-0.260329,9.801679,-0.000490,-0.002535,0.003799
86.690258,-0.236447,-0.251888,9.772228,-0.000234,0.004594,0.001122
86.700163,-0.249240,-0.257853,9.787104,-0.000561,0.002497,-0.001022
86.710031,-0.253505,-0.250870,9.803220,0.002024,0.005031,-0.001577
86.719926,-0.253869,-0.250317,9.787822,0.002785,-0.001268,0.000704
86.729804,-0.248642,-0.263985,9.782636,0.000590,0.001909,-0.005203
86.739709,-0.257379,-0.269725,9.797475,-0.001988,-0.001775,0.001406
86.749577,-0.245735,-0.257810,9.814995,-0.000504,0.001378,-0.001250
86.759473,-0.248067,-0.248245,9.798605,-0.000947,-0.000380,0.000774
86.769351,-0.258637,-0.228821,9.783313,0.002418,0.005489,-0.000551
86.779255,-0.259158,-0.264926,9.790662,0.004880,-0.002058,-0.003418
86.789124,-0.261869,-0.258937,9.791544,0.002612,-0.001184,0.003775
86.799019,-0.261152,-0.258711,9.776564,0.000714,-0.001774,-0.001716
86.808897,-0.235095,-0.253654,9.795407,-0.004800,0.004120,0.001065
86.818801,-0.253950,-0.254552,9.772880,0.001182,0.000793,-0.001133
86.828670,-0.233206,-0.256773,9.777397,-0.001020,0.000313,-0.000983
86.838565,-0.227920,-0.266689,9.805046,0.000385,-0.001907,0.000472
86.848443,-0.246580,-0.258535,9.775477,0.000046,0.001814,0.002415
86.858347,-0.238105,-0.265198,9.781087,0.001708,-0.003505,-0.000970
86.868215,-0.246043,-0.255381,9.798505,0.003167,-0.001636,-0.002229
86.878110,-0.243724,-0.252736,9.794001,0.004097,-0.002184,-0.001255
86.887989,-0.241000,-0.274777,9.795155,0.000060,0.003903,0.001168
86.897893,-0.246809,-0.265641,9.787942,0.001089,-0.000233,0.002019
86.907761,-0.244938,-0.254304,9.791368,-0.000390,-0.001656,-0.001104
86.917657,-0.243681,-0.254583,9.799824,0.001196,0.001474,0.000297
86.927534,-0.257242,-0.253544,9.799592,0.001914,-0.001513,-0.001179
86.937439,-0.250049,-0.267795,9.759063,0.001567,0.001156,-0.000958
86.947307,-0.243694,-0.270363,9.782391,-0.000696,-0.000162,-0.002467
86.957202,-0.258089,-0.257993,9.795044,-0.000998,0.002297,0.000939
86.967080,-0.264479,-0.248969,9.794501,-0.000601,-0.000418,-0.000495
86.976984,-0.237343,-0.262217,9.797683,0.002231,-0.001307,-0.001127
86.986853,-0.236552,-0.252211,9.786160,-0.002863,-0.005366,0.000687
86.996748,-0.255486,-0.254342,9.791261,0.004064,-0.004042,0.002491
87.006626,-0.246884,-0.248876,9.791001,0.003990,-0.000656,-0.002037
87.016530,-0.249168,-0.271699,9.794757,0.001106,0.003677,-0.000848
87.026399,-0.241667,-0.269471,9.810498,0.002083,-0.001555,0.002979
87.036293,-0.234747,-0.258270,9.803792,0.002217,0.001318,0.000477
87.046171,-0.231535,-0.274857,9.792769,-0.000784,-0.001533,-0.001630
87.056075,-0.235220,-0.273880,9.795106,0.000079,-0.005439,-0.000396
87.065944,-0.243025,-0.252349,9.771973,0.000025,0.000523,-0.003012
87.075838,-0.229583,-0.256730,9.787962,0.001546,-0.002867,0.001614
87.085717,-0.238531,-0.262044,9.786857,0.001034,-0.001724,0.004326
87.095621,-0.235108,-0.262013,9.774961,-0.000601,0.002675,-0.002552
87.105490,-0.219960,-0.266263,9.790056,0.001407,0.001072,-0.000637
87.115384,-0.245751,-0.242568,9.807900,0.001696,0.000132,-0.001455
87.125263,-0.249922,-0.249737,9.819169,-0.000947,0.005551,0.002106
87.135167,-0.243162,-0.252927,9.812760,0.001631,0.003083,-0.000120
87.145035,-0.228536,-0.255004,9.778462,0.000350,-0.001101,-0.004803
87.154930,-0.210104,-0.251817,9.798839,0.000356,-0.001613,0.000731
87.164808,-0.226113,-0.247182,9.813038,0.000344,-0.003812,0.001026
87.174713,-0.244796,-0.243646,9.804597,0.002562,-0.002528,-0.001657
87.184581,-0.242181,-0.244355,9.806467,0.000163,0.001573,0.000174
87.194476,-0.242962,-0.225320,9.807549,0.004047,0.002092,-0.005776
87.204354,-0.239709,-0.253143,9.795079,0.000937,-0.000184,0.000229
87.214259,-0.232552,-0.253077,9.776051,-0.003490,-0.000688,0.004061
87.224127,-0.236502,-0.254245,9.783345,-0.000587,-0.001303,0.000137
87.234022,-0.246851,-0.244690,9.795182,0.003292,0.002379,0.001171
87.243900,-0.245429,-0.258773,9.782630,-0.001586,0.001048,-0.004658
87.253804,-0.257858,-0.259690,9.799391,0.006119,0.000276,-0.003730
87.263673,-0.266354,-0.256602,9.793596,0.001841,-0.006333,-0.002329
87.273568,-0.248318,-0.259738,9.790274,-0.002444,0.002020,0.001343
87.283446,-0.256123,-0.263461,9.790860,0.000469,0.003862,0.000948
87.293350,-0.246887,-0.256569,9.792367,0.000314,0.002666,-0.003976
87.303219,-0.250161,-0.248024,9.795259,0.001932,0.001198,-0.002604
87.313114,-0.245937,-0.255585,9.795904,0.001499,-0.001632,-0.002977
87.322992,-0.233701,-0.277681,9.781488,-0.000863,0.004078,0.003164
87.332896,-0.237643,-0.259445,9.791586,0.002573,0.003580,0.000029
87.342765,-0.244767,-0.248282,9.785531,0.000339,0.005282,0.000873
87.352660,-0.234635,-0.267037,9.776753,-0.000334,0.000206,-0.002783
87.362538,-0.240406,-0.265128,9.784277,-0.002329,0.000697,0.003094
87.372442,-0.249657,-0.262683,9.802277,0.000791,0.002893,-0.001382
87.382311,-0.241315,-0.275365,9.790326,0.001095,0.005038,0.001292
87.392205,-0.247690,-0.252126,9.781941,0.001177,-0.003462,0.003096
87.402083,-0.247212,-0.251119,9.796609,0.001243,0.002793,0.001173
87.411988,-0.248202,-0.267407,9.772447,-0.000443,0.007873,0.001251
87.421857,-0.226139,-0.271165,9.764991,-0.000913,-0.000673,-0.000071
87.431751,-0.234748,-0.256477,9.808611,0.001624,-0.002201,-0.004220
87.441629,-0.243051,-0.260482,9.813228,0.004812,-0.001086,-0.001234
87.451534,-0.260061,-0.255041,9.796928,-0.001502,0.001339,-0.002297
87.461402,-0.242421,-0.263162,9.792056,0.000805,0.001195,0.000117
87.471297,-0.234545,-0.268521,9.797789,-0.000761,0.002161,-0.000803
87.481175,-0.241986,-0.263917,9.789339,-0.000577,0.000158,-0.000478
87.491080,-0.252590,-0.271164,9.780837,-0.000923,-0.001227,-0.001283
87.500948,-0.250751,-0.259515,9.781617,0.002357,-0.000922,0.000665
87.510843,-0.239347,-0.260404,9.764126,0.002019,0.000375,0.001290
87.520721,-0.232383,-0.260403,9.779210,0.000042,-0.000751,0.003125
87.530627,-0.240710,-0.244116,9.800500,-0.002135,-0.002871,0.002064
87.540495,-0.227924,-0.251075,9.790941,0.000784,-0.000586,0.002821
87.550390,-0.246867,-0.255940,9.795563,0.000410,0.004113,0.000868
87.560267,-0.253124,-0.262478,9.798384,0.002513,-0.004193,-0.001423
87.570171,-0.264478,-0.276007,9.801057,-0.001202,0.001574,0.001015
87.580040,-0.250404,-0.253195,9.789788,0.001554,-0.003838,-0.000931
87.589935,-0.233603,-0.257446,9.787433,0.003888,0.002410,-0.002203
87.599813,-0.241018,-0.261707,9.796221,-0.001237,-0.004756,-0.002371
87.609717,-0.247636,-0.274409,9.787907,0.001664,-0.004188,-0.000293
87.619586,-0.242380,-0.264515,9.787906,0.000287,0.003270,0.002800
87.629480,-0.237310,-0.266232,9.793521,0.002753,-0.000919,-0.002805
87.639359,-0.233396,-0.250107,9.785862,-0.000152,0.000055,-0.000377
87.649263,-0.222764,-0.251644,9.786771,0.002794,-0.000565,0.000933
87.659132,-0.232415,-0.255764,9.773912,0.002381,-0.003317,0.001143
87.669026,-0.241771,-0.266197,9.793537,-0.002479,0.001957,0.001550
87.678905,-0.244092,-0.260632,9.795188,-0.000174,0.002309,-0.002471
87.688809,-0.270254,-0.257202,9.794347,0.003665,0.001281,0.002604
87.698677,-0.274317,-0.253227,9.802006,0.000382,-0.000032,-0.000871
87.708572,-0.264765,-0.248536,9.797647,-0.000105,-0.001145,0.000954
87.718450,-0.252649,-0.252319,9.791522,-0.001256,-0.003477,-0.000607
87.728355,-0.233378,-0.257286,9.798675,0.003605,0.002940,0.002121
87.738223,-0.232210,-0.251052,9.786633,0.000026,0.002273,0.000930
87.748118,-0.237402,-0.247476,9.791326,-0.001599,-0.004301,0.002836
87.757996,-0.242221,-0.236353,9.786801,0.002457,0.001093,0.002860
87.767900,-0.235899,-0.234871,9.781092,0.001266,0.001051,0.000765
87.777769,-0.257413,-0.256956,9.803820,-0.000128,-0.000938,-0.001497
87.787664,-0.258700,-0.269459,9.779928,0.001093,0.000684,-0.003419
87.797542,-0.246246,-0.270537,9.781916,0.001115,0.001194,-0.003510
87.807446,-0.233228,-0.256687,9.775931,0.000943,0.003762,0.000207
87.817315,-0.236267,-0.257989,9.781452,-0.000375,0.000514,-0.001219
87.827210,-0.221379,-0.261540,9.777532,0.006225,0.000158,0.000601
87.837088,-0.232017,-0.244564,9.795404,0.003020,-0.002864,-0.001508
87.846992,-0.247665,-0.261366,9.803035,0.000393,0.002957,-0.001926
87.856861,-0.239058,-0.260391,9.790745,-0.000396,0.000659,-0.001455
87.866755,-0.236084,-0.249736,9.776900,0.000145,-0.002862,0.001619
87.876634,-0.243093,-0.260836,9.782272,0.003450,0.000293,-0.002204
87.886538,-0.240539,-0.245611,9.786671,0.002181,-0.000341,0.002258
87.896407,-0.242785,-0.259502,9.786115,-0.001648,0.000216,0.000013
87.906301,-0.236275,-0.249937,9.780982,0.003564,-0.003317,0.001726
87.916180,-0.232948,-0.262185,9.763229,0.001628,-0.002488,0.001473
87.926084,-0.226007,-0.250495,9.774082,0.000423,-0.003317,0.003616
87.935952,-0.224266,-0.246121,9.778553,0.000572,0.000298,-0.001766
87.945847,-0.227353,-0.267547,9.791645,0.000862,-0.003029,-0.001501
87.955725,-0.241097,-0.250805,9.806481,0.000000,-0.000173,0.000228
87.965629,-0.246934,-0.256961,9.777321,0.000965,0.002724,0.002970
87.975498,-0.236016,-0.247532,9.786678,-0.000728,-0.005710,0.004005
87.985393,-0.242657,-0.242620,9.792758,-0.000841,-0.002560,0.001550
87.995271,-0.240257,-0.253500,9.760670,-0.000246,0.002990,0.000892
88.005175,-0.250393,-0.257403,9.796858,0.000746,-0.002132,0.000229
88.015044,-0.252377,-0.266482,9.792865,0.005238,0.000391,0.001028
88.024939,-0.237016,-0.250062,9.766287,0.001647,-0.000234,-0.003122
88.034817,-0.231689,-0.269673,9.776374,-0.000392,0.003691,-0.000572
88.044722,-0.242381,-0.258584,9.780004,0.002848,0.001499,-0.001022
88.054591,-0.237338,-0.266194,9.782042,-0.001189,-0.000584,-0.003534
88.064486,-0.248502,-0.268568,9.758548,0.001727,-0.002008,-0.002824
88.074364,-0.240900,-0.264765,9.753481,-0.000487,0.004076,0.000712
88.084267,-0.223693,-0.249152,9.779424,0.001413,-0.001346,0.002720
88.094136,-0.224967,-0.244480,9.801001,0.001661,-0.000410,-0.000485
88.104031,-0.239428,-0.259685,9.772284,-0.000169,-0.002574,-0.003387
88.113909,-0.238978,-0.258072,9.768457,-0.003572,0.002312,-0.000344
88.123813,-0.244663,-0.261171,9.780682,-0.000655,0.001975,-0.003203
88.133682,-0.241085,-0.256458,9.803655,0.001223,-0.001833,0.000340
88.143577,-0.235542,-0.247942,9.778095,0.002174,-0.002191,0.001062
88.153455,-0.234642,-0.250380,9.777522,0.000544,-0.002581,-0.003328
88.163359,-0.220231,-0.265812,9.795890,0.002443,-0.003112,0.002095
88.173227,-0.247290,-0.280014,9.792969,-0.000860,0.001005,0.001962
88.183122,-0.227683,-0.261149,9.792286,0.001747,0.002906,0.001439
88.193001,-0.241690,-0.242188,9.790646,0.001458,-0.004652,0.001672
88.202905,-0.236292,-0.258916,9.791776,-0.002393,-0.005225,-0.000360
88.212774,-0.236752,-0.249935,9.792319,-0.000609,0.002169,0.000049
88.222668,-0.226137,-0.254158,9.769750,0.000747,0.004944,0.000100
88.232546,-0.230092,-0.249046,9.785052,0.000299,-0.003078,0.003773
88.242451,-0.246857,-0.253009,9.789579,0.001227,0.003863,-0.000673
88.252319,-0.229599,-0.250479,9.796992,0.003173,-0.001517,0.002661
88.262214,-0.233990,-0.246851,9.798308,-0.000823,0.003977,-0.001399
88.272092,-0.245434,-0.252152,9.789680,0.003087,-0.000924,-0.000985
88.281996,-0.225553,-0.247322,9.793374,-0.003246,-0.001467,-0.002801
88.291865,-0.240540,-0.251408,9.786447,-0.000874,-0.000789,-0.001656
88.301760,-0.241537,-0.252867,9.806341,-0.002860,0.000207,0.001026
88.311638,-0.246493,-0.241990,9.777578,-0.000406,-0.000979,0.000115
88.321543,-0.240105,-0.260899,9.787258,0.002680,-0.001053,0.002888
88.331411,-0.248018,-0.249552,9.785457,-0.000665,0.003114,0.002306
88.341306,-0.252961,-0.252799,9.792685,-0.001667,0.000058,0.002015
88.351184,-0.230688,-0.271802,9.789517,-0.001698,-0.000212,-0.002603
88.361088,-0.227470,-0.264969,9.801991,0.003528,-0.002389,-0.000361
88.370957,-0.234615,-0.263849,9.782390,0.000079,0.001819,-0.000973
88.380852,-0.242519,-0.260097,9.773620,0.003502,0.004494,0.001058
88.390730,-0.237125,-0.253533,9.788806,0.001122,0.000526,0.001467
88.400634,-0.245800,-0.261797,9.802472,0.002661,0.000858,-0.000833
88.410503,-0.230848,-0.251000,9.792133,0.001479,-0.004011,0.001233
88.420397,-0.226620,-0.239717,9.769999,0.002533,-0.005878,-0.000133
88.430276,-0.244353,-0.255082,9.760879,-0.000448,-0.003962,-0.002145
88.440180,-0.247979,-0.247381,9.798779,0.002056,0.002516,-0.000844
88.450048,-0.249620,-0.255165,9.796780,0.001671,-0.000255,-0.002874
88.459943,-0.235093,-0.252174,9.807767,0.001499,-0.003776,-0.000468
88.469821,-0.222118,-0.250725,9.814614,-0.000106,-0.001028,0.000279
88.479726,-0.230826,-0.259478,9.776671,-0.001676,-0.001476,0.001325
88.489595,-0.238346,-0.254938,9.782407,-0.000139,0.000133,0.000930
88.499489,-0.244470,-0.263346,9.809998,0.003358,0.000834,-0.000802
88.509367,-0.233838,-0.258156,9.799606,0.001903,-0.000450,0.003930
88.519272,-0.237289,-0.263135,9.779373,0.000602,0.000627,-0.000009
88.529140,-0.233659,-0.263963,9.779355,0.003367,0.002910,0.001927
88.539035,-0.229673,-0.243640,9.777092,0.001016,-0.002238,0.000341
88.548913,-0.242521,-0.252348,9.771027,0.004166,-0.001977,0.003064
88.558818,-0.227348,-0.263085,9.766812,-0.000880,0.004058,-0.001711
88.568686,-0.238231,-0.255752,9.783173,0.004355,-0.002341,0.003571
88.578581,-0.253362,-0.243206,9.789090,0.002318,0.000837,0.001427
88.588459,-0.246906,-0.251136,9.795761,-0.000523,0.004187,0.002476
88.598363,-0.214819,-0.252423,9.798961,-0.001107,0.002428,0.000316
88.608232,-0.215645,-0.236234,9.796658,0.002701,0.000184,0.000051
88.618127,-0.232323,-0.229309,9.771878,0.001115,0.001907,-0.003899
88.628005,-0.226855,-0.237610,9.772522,-0.000641,0.002266,0.000520
88.637909,-0.255164,-0.245778,9.786997,0.004446,0.000710,0.001111
88.647778,-0.250671,-0.262947,9.762791,0.000534,0.003174,0.002014
88.657672,-0.228199,-0.259672,9.778351,-0.000637,-0.002525,-0.005166
88.667550,-0.233194,-0.239763,9.789833,-0.001010,0.000542,0.003721
88.677455,-0.232423,-0.255065,9.815227,0.000868,-0.002753,0.004525
88.687324,-0.243258,-0.267004,9.793676,0.002050,-0.003191,-0.002221
88.697219,-0.238751,-0.245886,9.793427,0.001274,0.001090,-0.000748
88.707096,-0.250974,-0.259753,9.797623,0.000214,-0.003028,-0.002439
88.717001,-0.229222,-0.254640,9.792717,-0.002450,0.002960,0.002799
88.726869,-0.242544,-0.260025,9.794030,0.003323,-0.002897,0.000239
88.736764,-0.242471,-0.264413,9.763618,0.002491,-0.001955,0.000658
88.746642,-0.234483,-0.251691,9.777804,-0.000055,-0.000080,-0.002763
88.756547,-0.234024,-0.250007,9.785413,0.002605,-0.000381,0.000680
88.766415,-0.249037,-0.254997,9.785420,0.000777,-0.006788,0.000921
88.776310,-0.226101,-0.255956,9.774319,-0.005328,0.004175,-0.003531
88.786188,-0.236211,-0.260156,9.765334,-0.001436,0.000752,-0.002423
88.796093,-0.239121,-0.235622,9.773389,-0.001013,0.002168,-0.002972
88.805961,-0.247587,-0.248301,9.793649,-0.001187,-0.003002,0.001146
88.815856,-0.244807,-0.264190,9.774121,0.003474,-0.000210,0.000447
88.825734,-0.240173,-0.254234,9.773367,0.002136,-0.001335,0.004823
88.835638,-0.224550,-0.261644,9.798794,-0.000598,0.000105,-0.001562
88.845507,-0.234355,-0.264338,9.793415,-0.001317,-0.000224,-0.001470
88.855402,-0.233867,-0.249363,9.795394,0.002404,0.000480,0.003702
88.865280,-0.239683,-0.236603,9.800912,0.001440,-0.000437,-0.002994
88.875184,-0.240406,-0.251988,9.805632,0.001754,-0.003070,-0.000006
88.885053,-0.238319,-0.250363,9.793510,0.000393,0.002132,-0.001811
88.894948,-0.230040,-0.249649,9.797726,-0.001072,-0.005898,-0.000768
88.904826,-0.246570,-0.249735,9.821185,0.000585,0.006594,0.000622
88.914730,-0.242218,-0.240491,9.792337,0.002596,-0.004101,0.000054
88.924599,-0.239345,-0.249701,9.776998,0.001422,0.000071,0.000198
88.934494,-0.249808,-0.254921,9.758968,0.002992,0.002812,-0.001940
88.944372,-0.262455,-0.242175,9.774879,0.001918,-0.003408,-0.001304
88.954276,-0.239774,-0.244048,9.775565,0.003919,0.000594,0.001328
88.964145,-0.233914,-0.264254,9.796610,0.001376,0.002957,0.000412
88.974039,-0.238507,-0.268096,9.801763,0.001251,0.002414,0.003516
88.983918,-0.230017,-0.250917,9.776332,0.000865,0.000669,0.000814
88.993822,-0.248180,-0.246374,9.773540,-0.001844,0.002480,0.002682
89.003690,-0.238994,-0.266763,9.777711,0.002925,0.001405,0.002574
89.013585,-0.234904,-0.261592,9.776947,0.001312,-0.001520,-0.001824
89.023463,-0.247086,-0.257295,9.778146,0.000104,-0.003303,0.000758
89.033368,-0.234662,-0.256594,9.800666,0.002234,0.007212,-0.000529
89.043236,-0.240946,-0.244495,9.782347,0.004112,0.000105,0.001593
89.053131,-0.256873,-0.253022,9.793630,0.002997,0.001485,-0.003647
89.063009,-0.243899,-0.238689,9.793433,0.001033,0.003066,-0.000328
89.072914,-0.239666,-0.250768,9.787670,0.000397,0.000606,0.001962
89.082782,-0.253386,-0.254976,9.785480,0.002603,0.001692,-0.000747
89.092677,-0.251242,-0.268926,9.785095,-0.002998,-0.003071,-0.002832
89.102555,-0.234853,-0.257590,9.798737,0.000680,0.000225,0.000151
89.112461,-0.249516,-0.253755,9.788378,0.002953,0.000001,-0.003716
89.122328,-0.240606,-0.243989,9.797577,0.002301,0.000138,0.002350
89.132224,-0.233376,-0.251811,9.790593,-0.000771,-0.001311,0.000592
89.142101,-0.234296,-0.248212,9.807869,0.001686,0.000302,-0.000469
89.152007,-0.242606,-0.250153,9.794412,0.000091,0.001622,-0.004508
89.161875,-0.258175,-0.264935,9.785132,-0.002854,0.004067,-0.002608
89.171770,-0.230531,-0.255609,9.794957,0.000946,0.001069,0.002130
89.181648,-0.242087,-0.262114,9.801430,-0.000337,-0.001120,0.000343
89.191552,-0.236450,-0.261200,9.808758,-0.002918,0.001425,0.001461
89.201421,-0.236977,-0.255349,9.782803,0.002445,-0.003426,-0.002655
89.211315,-0.239112,-0.268028,9.796309,-0.000019,0.000669,0.001382
89.221194,-0.227794,-0.272253,9.776260,0.000970,0.002385,-0.004070
89.231098,-0.246273,-0.266012,9.795520,-0.002186,0.003256,0.000501
89.240967,-0.232771,-0.260611,9.777012,-0.000714,-0.000509,-0.001141
89.250861,-0.239946,-0.261060,9.777422,-0.000430,0.002657,0.002511
89.260740,-0.242738,-0.274801,9.765338,-0.001020,-0.000131,-0.000333
89.270644,-0.246804,-0.275865,9.792620,0.002971,0.000937,-0.002783
89.280512,-0.237784,-0.260055,9.785533,0.004689,-0.001925,0.001614
89.290407,-0.247748,-0.247951,9.792658,0.000728,0.000117,0.003753
89.300285,-0.243382,-0.252554,9.783256,0.000082,0.001335,-0.003138
89.310190,-0.238739,-0.260620,9.780630,0.002658,0.005476,-0.004839
89.320058,-0.253043,-0.272967,9.785810,-0.000371,-0.002328,-0.000489
89.329953,-0.236050,-0.265892,9.789444,-0.001431,0.002291,0.002210
89.339831,-0.251865,-0.243313,9.794276,0.001840,0.002864,-0.000492
89.349736,-0.231411,-0.264301,9.794614,0.001855,-0.006630,-0.003241
89.359604,-0.241922,-0.280222,9.787049,-0.002162,-0.001338,0.003791
89.369499,-0.250443,-0.266021,9.767749,-0.000523,0.000937,-0.002018
89.379377,-0.236230,-0.261031,9.791303,0.000428,-0.000256,-0.001010
89.389281,-0.230920,-0.249612,9.793989,0.002662,0.000926,0.001989
89.399150,-0.234836,-0.259867,9.796281,0.000307,0.002758,-0.002335
89.409044,-0.229776,-0.256364,9.774424,0.000390,0.002571,-0.001768
89.418922,-0.224345,-0.256504,9.797919,0.004573,0.000608,0.000880
89.428826,-0.246374,-0.238106,9.810713,-0.000630,-0.003466,0.000598
89.438695,-0.235835,-0.232391,9.812298,-0.000927,-0.003685,0.002503
89.448590,-0.242470,-0.246563,9.793239,-0.000615,0.002260,-0.001628
89.458468,-0.253153,-0.249713,9.784203,-0.002427,0.001386,0.000407
89.468372,-0.243914,-0.241089,9.792649,0.001725,-0.001332,-0.003196
89.478240,-0.240696,-0.244405,9.787746,-0.000471,0.003606,0.000542
89.488135,-0.228031,-0.250638,9.769909,0.001815,-0.002357,0.000891
89.498014,-0.228390,-0.245732,9.787994,-0.001472,0.002590,-0.002799
89.507918,-0.242176,-0.266166,9.787799,-0.000122,-0.003692,-0.001958
89.517787,-0.250610,-0.261246,9.802414,0.001767,0.001394,-0.002736
89.527681,-0.239295,-0.254748,9.793083,-0.001483,0.002641,0.001409
89.537560,-0.243464,-0.256652,9.763560,0.002634,0.002885,-0.002068
89.547464,-0.227713,-0.252771,9.770837,0.002628,-0.004775,-0.003797
89.557333,-0.260387,-0.245481,9.786061,-0.003243,-0.002271,0.001454
89.567227,-0.257258,-0.251427,9.792687,-0.000365,0.000146,0.003744
89.577105,-0.239395,-0.237278,9.796739,0.002011,-0.002352,0.001000
89.587010,-0.240567,-0.232973,9.779263,0.000418,0.003673,-0.000577
89.596878,-0.240831,-0.250901,9.781334,0.000732,0.001445,0.000027
89.606773,-0.236705,-0.245614,9.789855,0.002369,-0.001701,-0.000049
89.616651,-0.240623,-0.252126,9.796222,-0.001806,0.002363,-0.001789
89.626556,-0.253243,-0.254180,9.789499,-0.001084,0.002337,-0.000490
89.636424,-0.257041,-0.259937,9.792617,0.001787,-0.000265,-0.000603
89.646319,-0.251415,-0.256392,9.793981,-0.002675,0.003693,0.002140
89.656197,-0.244291,-0.262296,9.782331,0.001810,0.000231,0.002214
89.666102,-0.238952,-0.251404,9.782972,-0.000241,-0.001188,0.003706
89.675970,-0.242305,-0.245513,9.783832,0.000581,0.002874,-0.002873
89.685865,-0.228775,-0.265116,9.771866,0.002887,-0.002412,0.003553
89.695743,-0.254440,-0.242250,9.797128,-0.000218,0.000907,0.003123
89.705647,-0.247684,-0.256629,9.792430,0.000930,-0.004333,0.000600
89.715516,-0.237533,-0.241334,9.786876,-0.000375,0.003569,-0.003916
89.725411,-0.243413,-0.247800,9.780200,-0.001251,0.003631,0.002954
89.735289,-0.243415,-0.262671,9.805495,0.001435,0.004679,0.000640
89.745193,-0.229621,-0.270677,9.788871,0.000649,0.000275,0.000507
89.755062,-0.240851,-0.256405,9.782210,0.001038,-0.003016,-0.001087
89.764957,-0.239070,-0.264290,9.772169,0.001258,0.001319,0.002890
89.774835,-0.245362,-0.252772,9.792716,0.002664,-0.002305,0.000815
89.784739,-0.259589,-0.263701,9.806925,0.002114,-0.003685,0.001276
89.794607,-0.239842,-0.261321,9.785120,0.000309,-0.001162,-0.005286
89.804503,-0.244141,-0.251615,9.789864,-0.002894,0.002242,0.000470
89.814381,-0.247737,-0.247639,9.811418,0.001023,-0.001087,-0.002030
89.824285,-0.233084,-0.254567,9.789274,-0.002073,-0.003181,0.001344
89.834153,-0.244432,-0.248310,9.785485,0.001425,0.000411,-0.003273
89.844048,-0.237543,-0.263570,9.801474,0.000554,0.000252,-0.001754
89.853926,-0.246468,-0.270560,9.783470,-0.003451,0.003748,-0.001382
89.863831,-0.233325,-0.275769,9.805752,-0.000769,-0.003031,-0.001241
89.873699,-0.235721,-0.268098,9.795036,-0.000118,-0.001334,0.002331
89.883594,-0.244001,-0.262801,9.781449,0.002899,0.001117,-0.001270
89.893472,-0.239284,-0.269990,9.783194,-0.000588,0.002986,0.000113
89.903378,-0.219634,-0.263542,9.778181,0.002273,0.001048,-0.000483
89.913246,-0.238003,-0.252475,9.790283,-0.000118,-0.005792,-0.000314
89.923141,-0.253037,-0.264521,9.799555,-0.000909,0.002797,-0.002133
89.933019,-0.251347,-0.264456,9.806178,0.002690,-0.002146,-0.000090
89.942922,-0.232859,-0.246648,9.781246,0.002217,0.000813,-0.000066
89.952791,-0.250866,-0.246653,9.785935,0.002635,0.005324,-0.000340
89.962686,-0.230110,-0.258282,9.775703,-0.000663,-0.000668,0.002002
89.972564,-0.245047,-0.258478,9.782084,0.003412,-0.000779,0.002168
89.982469,-0.243223,-0.258240,9.798625,-0.000511,-0.000794,0.001758
89.992337,-0.237202,-0.264383,9.804026,-0.003801,0.001717,-0.003283
90.002232,-0.230470,-0.246568,9.793578,0.003008,0.002138,-0.005846
90.012110,-0.244533,-0.240198,9.790996,0.001234,-0.000908,0.003202
90.022014,-0.249187,-0.254605,9.778074,0.002341,0.000751,-0.000482
90.031883,-0.238194,-0.254164,9.789024,0.001900,0.001361,0.000337
90.041777,-0.249349,-0.244790,9.790215,0.002819,0.000492,-0.000940
90.051656,-0.244331,-0.246815,9.777811,0.001350,0.003731,0.002786
90.061560,-0.249290,-0.253805,9.798681,0.001171,0.000298,-0.005141
90.071429,-0.237637,-0.248595,9.767250,0.004759,-0.006025,-0.000087
90.081323,-0.235687,-0.241400,9.785697,-0.000442,0.001693,-0.002239
90.091201,-0.243607,-0.238844,9.800270,0.002733,0.000181,0.001265
90.101106,-0.227046,-0.254076,9.795248,0.000598,-0.000017,-0.000713
90.110974,-0.241173,-0.255403,9.778461,0.002765,0.004120,-0.003453
90.120869,-0.254606,-0.254027,9.782161,0.001512,0.002268,0.003684
90.130747,-0.246029,-0.263540,9.794147,0.001308,0.000461,-0.002244
90.140652,-0.248929,-0.263702,9.812111,0.001014,0.001707,0.003099
90.150520,-0.262496,-0.249794,9.802383,0.001100,-0.000183,-0.002503
90.160415,-0.247215,-0.245005,9.825968,0.000500,-0.000481,-0.000393
90.170293,-0.242282,-0.253502,9.798404,-0.001476,0.000590,0.002678
90.180197,-0.250922,-0.243298,9.780902,0.003557,-0.000199,-0.000810
90.190066,-0.247147,-0.248025,9.763195,-0.002540,0.000419,-0.000668
90.199961,-0.246637,-0.264479,9.755573,0.000346,0.003783,-0.000198
90.209839,-0.218663,-0.265789,9.761480,0.001013,-0.004042,-0.002295
90.219743,-0.224374,-0.258040,9.790059,0.000090,0.003222,-0.002832
90.229612,-0.240078,-0.236632,9.765675,0.003517,0.000315,-0.001079
90.239507,-0.230635,-0.245565,9.776612,-0.000762,0.001280,-0.000670
90.249385,-0.245384,-0.257256,9.766653,-0.000005,-0.002286,-0.001092
90.259289,-0.259122,-0.250195,9.804462,0.002243,0.005358,-0.000467
90.269158,-0.247547,-0.245743,9.808899,-0.001495,0.000777,0.000685
90.279053,-0.238588,-0.246252,9.789955,0.001409,-0.001187,-0.003021
90.288931,-0.245420,-0.263003,9.769082,-0.000357,0.003772,-0.001302
90.298835,-0.245180,-0.252827,9.777637,0.001151,-0.002120,0.001265
90.308704,-0.256574,-0.252274,9.785955,-0.000025,0.002971,0.001891
90.318599,-0.261366,-0.257381,9.800772,0.000913,0.001681,-0.000436
90.328477,-0.239846,-0.252276,9.780871,0.000007,-0.004292,-0.001661
90.338381,-0.235339,-0.228749,9.791601,0.000933,0.000827,-0.000158
90.348249,-0.247085,-0.260890,9.793337,0.000605,0.001800,0.001213
90.358144,-0.263288,-0.246737,9.799893,-0.000163,0.002182,-0.002362
90.368022,-0.250097,-0.252929,9.788867,-0.000988,0.001167,-0.002405
90.377927,-0.236175,-0.266572,9.781583,-0.002740,0.002612,-0.004090
90.387795,-0.223587,-0.268073,9.785223,0.001772,0.000505,0.002173
90.397690,-0.236006,-0.267689,9.792247,-0.000719,0.002421,0.000148
90.407568,-0.244389,-0.249850,9.793992,-0.001169,0.000573,-0.002039
90.417473,-0.241669,-0.255759,9.764686,0.001420,-0.001037,-0.003464
90.427342,-0.261400,-0.265611,9.778162,0.000540,-0.002647,0.004087
90.437237,-0.254981,-0.257144,9.766267,0.000507,0.002808,0.001407
90.447115,-0.257568,-0.252802,9.779686,0.002799,-0.000924,-0.001939
90.457018,-0.239505,-0.259567,9.791133,0.000297,0.002689,0.000125
90.466887,-0.247973,-0.264611,9.794618,-0.002974,-0.000248,-0.001824
90.476782,-0.242289,-0.262105,9.784768,0.001609,0.001363,0.001579
90.486660,-0.231723,-0.269543,9.793357,-0.000048,-0.000869,0.000685
90.496564,-0.247274,-0.244162,9.791827,-0.000414,0.005493,-0.003263
90.506433,-0.246776,-0.251867,9.810892,-0.001394,0.001293,0.002875
90.516328,-0.246999,-0.263923,9.788244,-0.002607,0.001394,-0.000882
90.526206,-0.228557,-0.257829,9.770692,-0.000757,-0.002126,0.002142
90.536111,-0.230539,-0.248449,9.763127,0.000431,0.000924,0.002207
90.545979,-0.247557,-0.261503,9.808244,0.002636,-0.001032,0.000953
90.555873,-0.249095,-0.258486,9.802067,-0.001810,0.001096,-0.000424
90.565752,-0.246108,-0.262459,9.777423,0.001995,0.002143,-0.004183
90.575656,-0.248473,-0.253463,9.782351,0.001709,0.001164,-0.003189
90.585525,-0.249402,-0.251347,9.790951,-0.000751,0.002611,-0.000051
90.595419,-0.263833,-0.272350,9.785631,0.000626,0.000911,-0.001296
90.605298,-0.238865,-0.244319,9.778210,-0.003599,0.003409,0.004360
90.615202,-0.233109,-0.241562,9.790629,0.000074,0.003673,0.001090
90.625071,-0.260085,-0.252785,9.781168,-0.000769,0.001035,-0.000359
90.634966,-0.246263,-0.260691,9.793106,-0.001358,0.001203,-0.000746
90.644843,-0.235411,-0.248354,9.791302,0.002208,-0.005918,0.000376
90.654748,-0.234817,-0.242962,9.785264,0.002286,-0.001670,0.000802
90.664616,-0.255760,-0.259066,9.786104,0.000024,-0.002325,-0.000114
90.674511,-0.242327,-0.257620,9.790336,0.003197,0.003253,0.001507
90.684390,-0.226932,-0.266049,9.785027,-0.001471,0.004784,0.000811
90.694294,-0.237968,-0.263165,9.777939,0.001137,0.002871,-0.002587
90.704162,-0.262425,-0.261012,9.789517,-0.003053,-0.000770,0.000118
90.714057,-0.251732,-0.265394,9.790613,0.000919,-0.004176,-0.001262
90.723935,-0.236865,-0.267131,9.767046,0.005637,0.002999,0.001437
90.733840,-0.228910,-0.249382,9.777275,0.000994,0.000532,0.002391
90.743708,-0.269359,-0.257333,9.805186,-0.000691,0.000717,0.000675
90.753603,-0.237189,-0.271187,9.801431,0.001631,-0.000839,0.003386
90.763481,-0.248145,-0.249082,9.782896,0.000021,0.001773,-0.000177
90.773385,-0.246299,-0.257055,9.786459,0.001915,0.003082,-0.001988
90.783254,-0.239484,-0.264440,9.779030,0.001264,-0.000725,0.000858
90.793149,-0.233208,-0.240645,9.773203,0.002506,-0.000156,0.000356
90.803027,-0.234386,-0.255388,9.766232,0.001911,-0.000569,0.000832
90.812931,-0.242737,-0.250435,9.786969,-0.002227,0.003996,-0.002577
90.822800,-0.244449,-0.231533,9.770607,-0.001175,0.001365,0.000887
90.832695,-0.257769,-0.250832,9.774257,0.000992,-0.000136,0.000417
90.842573,-0.248307,-0.248841,9.760577,0.004821,-0.003891,0.002237
90.852477,-0.229922,-0.263167,9.773643,-0.001923,0.000501,0.000332
90.862346,-0.250908,-0.254001,9.783204,0.000207,-0.002013,-0.000361
90.872241,-0.234286,-0.245256,9.798781,0.002616,-0.003978,0.000011
90.882119,-0.239404,-0.254773,9.803165,0.000623,0.002473,-0.003123
90.892023,-0.252651,-0.255181,9.795069,0.001867,-0.003813,0.000249
90.901892,-0.255002,-0.271410,9.798544,-0.000617,0.002443,-0.001248
90.911786,-0.226090,-0.265608,9.802572,0.000979,-0.000116,0.002458
90.921665,-0.231685,-0.244681,9.801808,-0.000064,0.000574,0.000536
90.931569,-0.241288,-0.262247,9.811410,-0.000945,-0.002009,-0.000374
90.941438,-0.244230,-0.247582,9.802819,0.000715,0.002520,0.001490
90.951332,-0.255346,-0.232724,9.783458,0.003277,-0.001354,0.000748
90.961210,-0.242329,-0.242523,9.773087,-0.003005,-0.000826,0.003371
90.971115,-0.254953,-0.247046,9.789450,0.002327,0.002037,-0.004304
90.980983,-0.257059,-0.258496,9.788521,0.000586,0.001488,0.000891
90.990878,-0.239130,-0.259721,9.767875,0.003036,-0.003157,-0.003153
91.000756,-0.239332,-0.270754,9.796967,0.001965,0.000932,-0.000597
91.010661,-0.226429,-0.240688,9.794531,-0.002467,-0.002268,-0.001560
91.020529,-0.239568,-0.243388,9.780436,0.000364,0.000700,-0.000176
91.030424,-0.250140,-0.258176,9.784474,0.000005,0.002476,-0.000368
91.040302,-0.233946,-0.260361,9.777792,-0.000878,0.002768,-0.006440
91.050207,-0.229071,-0.257351,9.781234,0.000209,-0.001644,-0.001303
91.060075,-0.247403,-0.257182,9.795092,-0.001835,-0.000006,-0.000579
91.069970,-0.245111,-0.238339,9.787303,0.001321,-0.000201,-0.003484
91.079848,-0.252128,-0.252937,9.772869,-0.000306,0.001208,0.001392
91.089752,-0.236522,-0.258990,9.767644,0.000104,-0.001255,0.001823
91.099621,-0.232644,-0.258040,9.788979,0.002012,-0.000901,-0.000655
91.109515,-0.244048,-0.271804,9.787616,0.001476,0.002855,-0.003145
91.119394,-0.244043,-0.273757,9.817138,0.002747,0.002076,0.002288
91.129298,-0.248156,-0.251320,9.796468,-0.000760,-0.003349,-0.004756
91.139167,-0.252728,-0.254685,9.800304,0.003715,-0.001335,-0.004062
91.149062,-0.249767,-0.265081,9.784848,0.001300,-0.004129,-0.000677
91.158939,-0.254118,-0.262314,9.783914,-0.000658,0.000398,-0.000346
91.168844,-0.250952,-0.256994,9.780747,0.001158,0.000883,0.002474
91.178712,-0.240182,-0.254825,9.776608,0.001489,0.002381,-0.001854
91.188608,-0.232473,-0.250885,9.770212,-0.004311,0.004399,-0.004015
91.198485,-0.252096,-0.255122,9.762872,0.002092,-0.000630,0.000057
91.208390,-0.248076,-0.266415,9.785334,0.000011,0.003321,-0.001101
91.218258,-0.244658,-0.252359,9.784605,0.002942,-0.003568,-0.000323
91.228153,-0.242634,-0.232355,9.770197,-0.001970,0.002078,-0.003605
91.238031,-0.251668,-0.247237,9.774266,0.000265,0.001545,-0.005892
91.247936,-0.254227,-0.263883,9.773870,0.002025,-0.004555,0.001960
91.257804,-0.246552,-0.254573,9.791332,0.001091,-0.001104,-0.002628
91.267699,-0.235920,-0.251382,9.798569,-0.000033,0.003296,0.000863
91.277577,-0.240808,-0.247796,9.792754,0.003068,0.001227,0.004058
91.287482,-0.243768,-0.229806,9.779213,0.003450,-0.003597,-0.002575
91.297350,-0.253490,-0.242556,9.789725,-0.000564,0.002321,-0.003131
91.307245,-0.249409,-0.268816,9.790528,0.004392,0.002705,-0.001286
91.317123,-0.261353,-0.254733,9.797498,-0.000422,-0.000232,-0.001407
91.327027,-0.249011,-0.252474,9.798014,-0.003110,0.001939,0.001256
91.336896,-0.252408,-0.262504,9.802585,0.000561,0.000247,0.004769
91.346791,-0.239200,-0.259547,9.801483,-0.000181,0.002890,-0.003301
91.356669,-0.243984,-0.245930,9.788808,0.002438,-0.000137,-0.002204
91.366574,-0.242185,-0.257969,9.775874,0.001528,0.000067,0.000938
91.376442,-0.241624,-0.261694,9.794979,0.003316,-0.000161,-0.001705
91.386337,-0.235333,-0.254700,9.780081,0.001820,0.000212,0.000927
91.396215,-0.245591,-0.254932,9.776712,0.000805,0.000936,-0.000408
91.406119,-0.237455,-0.247314,9.790101,0.000545,-0.002447,0.000186
91.415988,-0.240820,-0.254617,9.781929,-0.000459,0.000183,-0.002595
91.425883,-0.259579,-0.262236,9.782297,-0.001473,0.000605,0.000061
91.435761,-0.246357,-0.243977,9.783772,0.004364,-0.001362,0.001269
91.445665,-0.251002,-0.248498,9.772714,0.001037,0.000167,0.003097
91.455533,-0.254658,-0.261033,9.769558,0.001158,0.001473,-0.001140
91.465428,-0.235687,-0.274083,9.782438,0.001642,-0.002797,0.001613
91.475306,-0.239471,-0.279664,9.806652,0.001471,-0.001991,-0.001009
91.485212,-0.239767,-0.260785,9.814822,-0.001693,-0.000201,0.000942
91.495079,-0.222296,-0.251676,9.794147,0.000954,-0.002460,0.002456
91.504975,-0.237604,-0.232068,9.792637,0.003464,-0.003401,0.000481
91.514852,-0.239674,-0.241156,9.793102,0.000763,0.001424,-0.000707
91.524758,-0.223081,-0.258083,9.804480,0.000233,-0.002376,0.001889
91.534626,-0.227906,-0.261053,9.779399,-0.000731,0.000756,-0.002870
91.544521,-0.249335,-0.251347,9.799293,-0.000758,-0.002115,-0.000209
91.554399,-0.249098,-0.264145,9.800193,0.002351,0.001865,0.001950
91.564304,-0.247299,-0.240686,9.810239,-0.001529,-0.004275,-0.000123
91.574172,-0.233622,-0.240042,9.793783,0.000405,-0.000468,-0.003553
91.584067,-0.240501,-0.248759,9.781796,0.001733,0.001460,0.001986
91.593945,-0.237434,-0.259754,9.784852,-0.002676,-0.000457,-0.001782
91.603850,-0.241435,-0.251923,9.777150,-0.000703,0.003305,0.001477
91.613718,-0.240150,-0.258992,9.793035,0.003829,0.000143,-0.000351
91.623613,-0.239129,-0.250563,9.774907,0.000469,-0.000741,-0.000224
91.633491,-0.220223,-0.258846,9.776197,0.000790,0.000255,0.002012
91.643395,-0.245405,-0.248150,9.788582,-0.001720,0.000384,-0.003124
91.653264,-0.257493,-0.232517,9.800126,0.003007,0.002535,-0.005137
91.663159,-0.250451,-0.243723,9.798116,-0.000710,-0.000684,-0.000299
91.673037,-0.253173,-0.260646,9.793106,0.001238,-0.002280,0.001200
91.682941,-0.248212,-0.264175,9.786804,-0.000689,-0.001705,0.001388
91.692810,-0.239916,-0.260664,9.797653,0.001208,-0.002323,0.000881
91.702704,-0.227377,-0.255158,9.811376,0.002174,0.000099,0.000467
91.712583,-0.238223,-0.276856,9.795849,0.000252,0.003973,0.002942
91.722487,-0.257401,-0.263852,9.772957,0.001405,0.001618,-0.000935
91.732355,-0.235365,-0.260757,9.808486,-0.000553,0.001229,0.000104
91.742250,-0.232693,-0.239599,9.789027,-0.001084,-0.001983,0.000277
91.752129,-0.230118,-0.246464,9.792458,0.000137,0.003763,-0.002456
91.762033,-0.240306,-0.252625,9.797886,-0.000027,-0.003913,0.001178
91.771901,-0.236663,-0.245995,9.780771,-0.002082,0.002730,0.001142
91.781796,-0.235591,-0.250530,9.792519,0.000259,0.001780,-0.000314
91.791673,-0.234865,-0.241141,9.801702,-0.001209,-0.000027,-0.003051
91.801578,-0.239410,-0.266071,9.781529,0.000888,0.003497,0.000598
91.811446,-0.242999,-0.268837,9.785971,0.001143,-0.003101,-0.002072
91.821341,-0.244110,-0.256137,9.783588,-0.002365,-0.002698,-0.000557
91.831219,-0.257128,-0.264127,9.788077,0.001306,-0.000561,-0.002459
91.841124,-0.253968,-0.255345,9.763848,-0.001644,-0.000159,-0.000244
91.850992,-0.238532,-0.252230,9.785254,0.002271,-0.001605,-0.003637
91.860887,-0.246906,-0.246011,9.800971,-0.002459,0.000323,-0.000507
91.870765,-0.238825,-0.254945,9.776316,-0.001495,-0.000735,-0.000526
91.880669,-0.243169,-0.279601,9.782859,0.000434,-0.000524,-0.001214
91.890538,-0.245343,-0.281199,9.773435,0.000255,-0.001157,-0.002293
91.900433,-0.238709,-0.259696,9.800220,-0.003172,0.003412,-0.004465
91.910311,-0.241797,-0.257951,9.772744,0.003416,-0.003310,0.002270
91.920215,-0.233544,-0.273290,9.783351,-0.000175,0.000746,0.001353
91.930084,-0.230994,-0.248228,9.796384,-0.001854,-0.000386,-0.002503
91.939979,-0.241947,-0.264831,9.794822,-0.000174,-0.000947,0.002503
91.949857,-0.238321,-0.261229,9.790799,0.000620,-0.001592,0.001461
91.959762,-0.221726,-0.231851,9.771725,0.000855,-0.001593,-0.002936
91.969630,-0.230654,-0.234687,9.784780,0.000596,-0.003279,0.001724
91.979525,-0.231003,-0.243675,9.790310,-0.002444,0.002541,0.003358
91.989403,-0.235784,-0.260053,9.789037,-0.001294,-0.004952,0.000934
91.999307,-0.238128,-0.260221,9.781345,-0.000633,0.002132,-0.002878
92.009176,-0.239307,-0.264409,9.794395,0.001102,-0.000428,-0.001878
92.019071,-0.238531,-0.242990,9.788868,0.002053,-0.001383,-0.001889
92.028949,-0.248207,-0.225597,9.785455,0.003129,0.003396,-0.000695
92.038853,-0.263848,-0.264589,9.798790,-0.002136,0.000114,-0.000476
92.048721,-0.237708,-0.272234,9.786739,0.001277,0.001565,0.001187
92.058616,-0.242340,-0.264262,9.781571,0.002278,-0.003986,-0.001889
92.068494,-0.238489,-0.237430,9.801270,-0.000193,0.000254,-0.001268
92.078399,-0.251256,-0.239421,9.803067,0.002995,0.005373,0.000331
92.088267,-0.226552,-0.238845,9.778238,-0.000084,0.005254,0.001218
92.098162,-0.249780,-0.255792,9.762527,0.002963,-0.002167,0.002649
92.108040,-0.244518,-0.261002,9.786699,0.002809,-0.002517,-0.000885
92.117945,-0.227357,-0.264465,9.817705,-0.000010,0.000836,0.000224
92.127813,-0.223167,-0.261493,9.793875,0.001875,0.000425,0.002407
92.137708,-0.253785,-0.259455,9.782002,-0.001366,-0.001382,-0.004420
92.147586,-0.244956,-0.262273,9.776943,-0.001239,0.000640,0.002088
92.157490,-0.233629,-0.271653,9.793851,0.001944,-0.001292,0.005161
92.167359,-0.242549,-0.266434,9.785963,0.000088,0.007216,-0.000378
92.177254,-0.237918,-0.262025,9.793076,-0.000594,-0.002823,-0.002340
92.187132,-0.245747,-0.248175,9.774650,0.001770,-0.004014,-0.003839
92.197036,-0.233448,-0.247711,9.764923,0.000538,-0.004467,0.003240
92.206905,-0.221075,-0.227905,9.776202,-0.001625,0.005096,0.001349
92.216800,-0.230358,-0.233679,9.800532,0.000503,0.005032,-0.003035
92.226678,-0.245867,-0.256580,9.785824,-0.000093,-0.002371,-0.000051
92.236582,-0.260520,-0.260088,9.780585,0.002824,0.003085,-0.003401
92.246451,-0.247078,-0.250483,9.793233,0.002220,-0.001287,0.000097
92.256346,-0.240345,-0.256566,9.795371,0.000325,-0.004373,-0.001802
92.266224,-0.246537,-0.255086,9.797935,-0.002157,0.005519,-0.000445
92.276129,-0.254325,-0.257949,9.796532,0.004279,-0.005781,-0.001169
92.285998,-0.243627,-0.261068,9.769109,0.002133,-0.000293,-0.002716
92.295892,-0.225321,-0.264043,9.779460,0.000367,0.001615,-0.002096
92.305771,-0.234043,-0.258125,9.779759,0.000891,0.000414,0.000897
92.315674,-0.238849,-0.244595,9.766278,0.002693,0.001294,-0.001997
92.325542,-0.233500,-0.258781,9.778994,0.002762,0.001616,-0.000680
92.335437,-0.250879,-0.246174,9.781647,0.000488,-0.000781,-0.001666
92.345316,-0.251784,-0.274489,9.758018,0.004671,0.003045,-0.001336
92.355220,-0.251276,-0.262470,9.781762,0.002666,-0.001370,0.001131
92.365089,-0.247656,-0.261304,9.798726,0.001005,0.001676,0.000161
92.374983,-0.220644,-0.259667,9.796677,0.000256,-0.000161,0.000683
92.384861,-0.231574,-0.261227,9.776323,0.001440,-0.003149,0.003744
92.394766,-0.254242,-0.251088,9.807145,-0.000082,-0.004301,0.000072
92.404634,-0.236576,-0.245065,9.806527,0.000582,0.001317,0.001236
92.414529,-0.234797,-0.233496,9.795493,0.001421,-0.000699,0.004595
92.424407,-0.246450,-0.254678,9.800285,0.001197,0.001372,-0.000572
92.434312,-0.246623,-0.263475,9.791472,0.000126,0.002692,-0.001182
92.444180,-0.246815,-0.256192,9.788301,-0.002956,0.002186,-0.004576
92.454075,-0.243276,-0.257326,9.786535,-0.000155,0.003928,0.001336
92.463953,-0.242946,-0.233375,9.798590,-0.001165,0.002798,-0.000103
92.473858,-0.243964,-0.254834,9.786087,-0.001382,0.004257,-0.002924
92.483726,-0.238746,-0.254974,9.796909,0.001002,0.000245,0.003053
92.493621,-0.229822,-0.241484,9.796998,-0.000113,-0.002739,-0.004690
92.503499,-0.244329,-0.257002,9.783419,0.001782,-0.000324,-0.005467
92.513403,-0.249900,-0.265431,9.780168,0.001907,0.000140,0.000357
92.523272,-0.250885,-0.258647,9.785838,0.000593,-0.001753,-0.003125
92.533167,-0.237605,-0.259420,9.802688,0.002852,-0.001832,0.001290
92.543045,-0.241428,-0.255933,9.792980,0.001104,-0.003412,0.001443
92.552949,-0.241006,-0.256550,9.780328,0.000249,-0.001323,0.003573
92.562818,-0.239018,-0.260551,9.786592,-0.002618,0.001830,0.003064
92.572713,-0.223250,-0.262882,9.787235,0.002251,-0.000180,0.000321
92.582591,-0.247937,-0.261435,9.779741,0.002953,-0.003523,0.000784
92.592495,-0.239036,-0.260392,9.783573,0.002115,-0.002308,0.001824
92.602364,-0.253873,-0.257922,9.770465,0.002522,-0.004923,-0.001334
92.612258,-0.263080,-0.240055,9.795404,0.000732,-0.003903,-0.001015
92.622136,-0.236249,-0.262512,9.812150,-0.001247,0.001766,0.000853
92.632041,-0.247922,-0.278813,9.806460,0.001981,0.001899,0.000209
92.641909,-0.254945,-0.280249,9.782051,-0.002215,0.000846,-0.003151
92.651804,-0.252497,-0.255075,9.778696,0.002871,-0.000627,-0.002506
92.661683,-0.250550,-0.244361,9.784993,-0.002005,-0.000291,0.000282
92.671587,-0.243263,-0.251565,9.794828,-0.001345,0.001029,0.001605
92.681455,-0.242262,-0.252861,9.793333,0.001426,-0.002314,-0.002629
92.691350,-0.244113,-0.226347,9.789183,-0.000337,-0.001126,-0.000269
92.701228,-0.241231,-0.244990,9.798859,-0.001841,-0.005059,-0.001577
92.711133,-0.257536,-0.269366,9.788245,0.002390,-0.000048,0.002143
92.721001,-0.218560,-0.281590,9.791656,-0.000700,-0.003907,-0.001420
92.730896,-0.228101,-0.249147,9.787725,0.000070,0.003102,-0.001732
92.740774,-0.241752,-0.246709,9.782367,0.001330,-0.000849,-0.000087
92.750678,-0.233373,-0.233948,9.767862,-0.000050,0.005694,0.000105
92.760547,-0.237481,-0.237768,9.790833,-0.000944,-0.000316,0.001254
92.770442,-0.237062,-0.266503,9.791334,-0.000814,-0.004299,0.000074
92.780320,-0.229952,-0.246395,9.796890,0.000013,-0.002893,0.001849
92.790224,-0.233067,-0.235924,9.792998,0.000693,0.002800,-0.000277
92.800093,-0.226136,-0.234468,9.771258,0.000224,-0.003241,-0.000012
92.809989,-0.239799,-0.231174,9.783158,-0.000156,0.001635,-0.000966
92.819867,-0.239377,-0.238582,9.771220,0.001118,-0.005354,0.000765
92.829770,-0.241800,-0.262072,9.771957,0.003970,0.004396,-0.000024
92.839639,-0.234763,-0.257963,9.801416,0.000783,-0.000896,-0.000252
92.849534,-0.236458,-0.254956,9.776808,0.001567,-0.003018,-0.001493
92.859412,-0.262019,-0.248879,9.774015,0.000754,-0.000825,0.000365
92.869316,-0.238302,-0.247297,9.772751,-0.005035,0.003059,0.002508
92.879185,-0.240156,-0.238499,9.776292,-0.001207,0.000996,-0.001048
92.889080,-0.244890,-0.249947,9.764063,0.000805,-0.002669,-0.001346
92.898958,-0.246342,-0.247561,9.779734,-0.002448,0.002432,-0.003619
92.908862,-0.234427,-0.250507,9.790669,-0.000078,0.003187,0.001311
92.918731,-0.234538,-0.239298,9.795777,0.002690,-0.000254,-0.001912
92.928625,-0.232512,-0.247281,9.772689,-0.000789,-0.003764,-0.002797
92.938504,-0.245878,-0.261578,9.799668,0.000264,-0.000188,0.001346
92.948408,-0.254179,-0.260778,9.792649,-0.001014,-0.002379,0.000321
92.958277,-0.241533,-0.263763,9.765886,-0.000185,0.001845,-0.000363
92.968171,-0.248017,-0.274373,9.783795,0.003050,0.001296,0.002377
92.978049,-0.245221,-0.255486,9.765966,-0.002220,-0.003504,-0.001664
92.987954,-0.239649,-0.258600,9.763281,0.002787,-0.002374,-0.002300
92.997823,-0.233405,-0.259396,9.791107,0.000148,-0.000844,-0.000257
93.007717,-0.244171,-0.251377,9.790461,0.000759,0.002480,-0.003164
93.017595,-0.238763,-0.255400,9.803508,-0.001412,0.000243,-0.001007
93.027500,-0.232807,-0.265616,9.784336,-0.001531,0.000671,0.000532
93.037368,-0.220804,-0.240622,9.795170,0.000671,0.000561,0.002548
93.047263,-0.226951,-0.242602,9.793319,0.001143,0.000248,0.004011
93.057141,-0.241312,-0.245186,9.796471,-0.000508,-0.003239,0.002031
93.067046,-0.241736,-0.258140,9.789518,-0.000186,0.002480,0.001692
93.076914,-0.237152,-0.262754,9.786695,0.002439,0.001189,-0.001836
93.086809,-0.234359,-0.255676,9.793703,0.003580,-0.001959,0.001198
93.096687,-0.248370,-0.257672,9.799387,0.001655,-0.000907,-0.001967
93.106591,-0.240564,-0.266839,9.793127,-0.004931,0.004266,0.001255
93.116460,-0.229970,-0.253496,9.794493,-0.001054,-0.004029,-0.004328
93.126355,-0.231320,-0.250328,9.780527,0.002263,0.000185,0.001500
93.136233,-0.249146,-0.266684,9.798282,-0.001013,-0.000625,-0.001867
93.146137,-0.243010,-0.256547,9.790305,-0.000123,-0.000149,-0.002043
93.156006,-0.235289,-0.273681,9.791939,-0.000282,-0.001502,-0.000267
93.165901,-0.247370,-0.268668,9.807233,0.001842,-0.000116,-0.002339
93.175779,-0.252342,-0.247151,9.792836,0.002323,-0.005390,0.004300
93.185683,-0.248699,-0.252418,9.795223,-0.000332,0.000434,0.002765
93.195552,-0.243006,-0.253650,9.792676,0.001929,0.001089,-0.001429
93.205447,-0.248844,-0.257550,9.775932,-0.001493,0.000566,-0.000515
93.215325,-0.245057,-0.262087,9.798193,0.003966,0.001268,0.002846
93.225229,-0.237126,-0.260560,9.800259,-0.000065,0.000328,-0.001338
93.235098,-0.248634,-0.249717,9.782293,0.001869,-0.001047,-0.001166
93.244992,-0.240225,-0.242186,9.780842,0.006119,-0.004383,0.000913
93.254870,-0.238942,-0.262847,9.762374,-0.001833,0.002477,-0.001536
93.264775,-0.228505,-0.262478,9.771128,0.001323,-0.001229,-0.001732
93.274643,-0.254675,-0.254829,9.768443,0.000526,-0.001082,0.000270
93.284538,-0.254145,-0.273834,9.797089,-0.000256,-0.002791,-0.002293
93.294416,-0.238323,-0.266805,9.809431,0.002297,0.003561,-0.000347
93.304321,-0.230619,-0.244701,9.805852,-0.000247,0.000529,-0.000707
93.314189,-0.246283,-0.248610,9.782334,-0.000014,0.002669,-0.000390
93.324084,-0.246415,-0.237850,9.790524,0.001357,0.000630,0.002694
93.333962,-0.243478,-0.252739,9.777738,0.000120,-0.002203,-0.000448
93.343867,-0.259824,-0.270250,9.790265,-0.000454,0.003061,0.001129
93.353735,-0.257517,-0.258614,9.801179,-0.001293,-0.000249,-0.000234
93.363630,-0.249987,-0.256834,9.792630,-0.001439,0.000096,0.002269
93.373508,-0.239396,-0.255226,9.800591,-0.000121,0.000355,-0.000001
93.383412,-0.244785,-0.256386,9.782806,0.003177,-0.002713,0.001490
93.393281,-0.258834,-0.252841,9.802963,-0.002704,0.001088,-0.000531
93.403176,-0.243699,-0.262991,9.799536,0.001020,-0.002259,0.001202
93.413054,-0.252070,-0.254823,9.786713,0.000886,0.002755,-0.001397
93.422958,-0.244883,-0.265551,9.789002,0.002857,-0.000033,0.000026
93.432827,-0.239985,-0.255328,9.813952,0.001164,-0.001187,0.001934
93.442722,-0.255772,-0.246141,9.780101,0.001902,-0.003113,0.003553
93.452600,-0.240023,-0.252285,9.772365,-0.001408,0.001507,-0.004589
93.462504,-0.238558,-0.247114,9.783500,0.005231,-0.003346,-0.000187
93.472373,-0.249773,-0.246764,9.786310,0.000082,-0.001514,0.003101
93.482268,-0.249928,-0.273279,9.769627,0.001096,0.001136,-0.000763
93.492146,-0.250632,-0.287793,9.763328,0.001460,0.000731,0.001770
93.502050,-0.233893,-0.269955,9.798440,-0.002392,0.000006,-0.001896
93.511919,-0.250722,-0.265232,9.782151,0.002230,-0.002210,0.003004
93.521813,-0.234328,-0.249014,9.766147,-0.001777,-0.003689,-0.000043
93.531691,-0.249247,-0.250323,9.762893,-0.001859,0.002908,-0.001991
93.541596,-0.244621,-0.252103,9.778755,0.002368,-0.000827,0.003812
93.551464,-0.231827,-0.247044,9.804196,-0.000408,-0.001632,0.004348
93.561359,-0.241539,-0.250718,9.790749,-0.000805,-0.000522,-0.000535
93.571237,-0.238762,-0.256652,9.787550,-0.000444,0.003442,0.001199
93.581142,-0.227029,-0.259796,9.788862,0.001843,0.000292,0.000369
93.591010,-0.244776,-0.260081,9.779189,-0.000702,-0.000556,-0.000474
93.600905,-0.247705,-0.257006,9.801261,-0.000364,0.000118,-0.000614
93.610783,-0.240300,-0.258849,9.806737,-0.000256,-0.001791,0.001038
93.620688,-0.236710,-0.254451,9.791428,-0.000765,-0.000775,-0.002628
93.630556,-0.252651,-0.259400,9.777060,-0.000250,0.001011,-0.000754
93.640451,-0.238084,-0.256862,9.792378,0.001461,0.001108,0.002360
93.650329,-0.233697,-0.257437,9.784338,0.001108,0.004299,-0.001119
93.660234,-0.257508,-0.248619,9.798378,-0.000269,0.000887,-0.002251
93.670102,-0.246709,-0.246453,9.793198,-0.001458,-0.001315,-0.000968
93.679997,-0.240836,-0.256249,9.776325,0.001881,0.000118,0.001827
93.689875,-0.237899,-0.261464,9.797426,0.002145,-0.000934,0.001525
93.699780,-0.233337,-0.257855,9.805842,0.003094,-0.001190,0.001320
93.709648,-0.238942,-0.251712,9.811991,0.001793,-0.002339,0.000020
93.719543,-0.239061,-0.272208,9.778860,0.001607,0.003171,0.000645
93.729421,-0.253973,-0.250986,9.792399,0.000667,0.007239,-0.003404
93.739325,-0.251469,-0.254956,9.792742,-0.000222,0.002389,0.000210
93.749194,-0.266847,-0.266718,9.773081,0.001855,-0.001905,0.002029
93.759089,-0.257628,-0.264456,9.788437,0.001626,0.000984,-0.001230
93.768967,-0.230346,-0.271827,9.778957,-0.001895,-0.002213,0.000134
93.778871,-0.247782,-0.256567,9.794277,0.002574,-0.005728,-0.000456
93.788740,-0.237081,-0.262981,9.805534,0.000253,-0.001422,0.001587
93.798634,-0.248277,-0.247939,9.809121,0.001582,0.001175,0.000952
93.808512,-0.250160,-0.242221,9.811636,-0.004580,0.000936,-0.002454
93.818417,-0.244767,-0.244425,9.783650,-0.001792,-0.001506,-0.000794
93.828285,-0.242738,-0.246303,9.775259,-0.000458,-0.002286,-0.003799
93.838181,-0.235270,-0.262617,9.781698,0.000055,0.000832,-0.001351
93.848058,-0.243441,-0.273685,9.795912,0.000755,-0.001315,0.002585
93.857964,-0.245040,-0.260664,9.781452,0.000383,-0.004250,0.004123
93.867831,-0.263344,-0.251322,9.780713,-0.000958,0.001379,-0.004226
93.877727,-0.264350,-0.251821,9.799940,-0.002781,0.002036,-0.000739
93.887604,-0.245615,-0.253339,9.769368,0.003048,-0.002479,-0.002106
93.897510,-0.238398,-0.251367,9.796137,0.000923,0.000988,0.001606
93.907378,-0.247325,-0.265740,9.793444,-0.001511,0.001867,0.001956
93.917273,-0.243269,-0.257057,9.798472,0.000532,0.001395,-0.004694
93.927151,-0.253825,-0.258965,9.802612,0.002154,-0.004895,-0.000073
93.937056,-0.242996,-0.253221,9.798741,0.001302,-0.003225,-0.001386
93.946924,-0.221759,-0.257188,9.768444,-0.000768,-0.001066,0.003894
93.956819,-0.239728,-0.261888,9.792624,0.001740,0.000481,-0.002260
93.966697,-0.252337,-0.251005,9.807397,-0.000122,0.005126,-0.003861
93.976601,-0.241377,-0.238442,9.812404,-0.001042,0.003112,0.002642
93.986470,-0.231650,-0.260742,9.799348,-0.000912,-0.001723,0.002580
93.996365,-0.248925,-0.257086,9.785440,0.002153,-0.000143,-0.003175
94.006243,-0.244810,-0.263148,9.786360,-0.000908,-0.003252,0.001376
94.016147,-0.252746,-0.260993,9.783806,0.002996,0.000126,0.002593
94.026016,-0.242428,-0.262975,9.801936,0.000445,-0.000868,-0.002295
94.035911,-0.254324,-0.256828,9.789624,0.003036,0.004479,0.001288
94.045789,-0.247867,-0.256561,9.787611,0.002382,-0.005581,0.001435
94.055693,-0.221531,-0.259807,9.768631,-0.000682,0.003190,-0.002130
94.065562,-0.237626,-0.247396,9.778581,-0.001832,0.000630,-0.001636
94.075457,-0.236766,-0.236386,9.782505,-0.000773,-0.003702,-0.000445
94.085335,-0.243609,-0.255371,9.778783,0.001279,-0.004486,0.001212
94.095239,-0.244059,-0.270635,9.790457,0.000364,-0.000617,-0.000430
94.105108,-0.248485,-0.246057,9.788795,0.001793,-0.002614,-0.000772
94.115002,-0.234065,-0.248504,9.775328,-0.000356,0.002810,-0.001293
94.124881,-0.246010,-0.256825,9.796437,-0.001317,-0.000657,-0.000405
94.134785,-0.236786,-0.235116,9.790404,0.001404,-0.000496,-0.000304
94.144653,-0.238503,-0.247382,9.799633,0.001726,-0.002021,-0.002269
94.154548,-0.241626,-0.235730,9.816992,0.002347,0.003652,-0.004275
94.164425,-0.228989,-0.246462,9.801521,-0.001366,0.001055,-0.001381
94.174330,-0.238078,-0.245301,9.801678,0.002029,-0.004087,-0.000920
94.184198,-0.247755,-0.253185,9.800075,-0.001081,-0.000953,0.000302
94.194093,-0.240872,-0.265521,9.794641,0.000790,0.003204,-0.002827
94.203972,-0.258983,-0.260616,9.795012,0.002414,0.000931,0.000538
94.213876,-0.239950,-0.261275,9.781689,0.002056,-0.003845,-0.005677
94.223744,-0.226902,-0.249322,9.789946,0.001092,-0.005190,0.000077
94.233639,-0.239443,-0.257774,9.779295,-0.001817,0.003060,-0.000350
94.243517,-0.252084,-0.238112,9.804617,0.002268,0.000040,-0.001966
94.253421,-0.243573,-0.245916,9.777181,0.000149,0.000939,0.002337
94.263290,-0.221946,-0.241279,9.779104,0.004372,0.000263,-0.000964
94.273185,-0.229585,-0.250591,9.801155,0.004450,-0.002099,0.001714
94.283063,-0.253520,-0.263209,9.773999,0.001202,0.000653,-0.002569
94.292968,-0.256903,-0.277953,9.779584,-0.001018,-0.001080,0.001818
94.302836,-0.244752,-0.258367,9.796616,0.002471,-0.000291,0.002837
94.312731,-0.242019,-0.254646,9.824967,-0.002501,0.001418,-0.003242
94.322609,-0.247174,-0.248057,9.821234,0.002229,-0.002264,0.003998
94.332513,-0.237268,-0.236776,9.782258,0.002211,0.004112,0.000147
94.342382,-0.238338,-0.257911,9.775242,0.005774,-0.004108,-0.000808
94.352277,-0.256354,-0.246369,9.759715,0.005175,-0.002790,0.001642
94.362155,-0.237731,-0.242411,9.790430,0.001512,0.000239,-0.003432
94.372059,-0.247243,-0.235858,9.769037,-0.003208,0.002048,0.003953
94.381928,-0.249623,-0.246121,9.768971,0.001304,-0.000032,-0.003041
94.391823,-0.236081,-0.249259,9.804262,-0.000254,-0.000852,-0.002993
94.401701,-0.250238,-0.234767,9.790173,-0.002625,0.002661,-0.005777
94.411605,-0.236406,-0.233463,9.786083,-0.000601,-0.001152,-0.004096
94.421474,-0.232083,-0.245665,9.803615,0.000131,0.002219,0.000375
94.431368,-0.235701,-0.264968,9.794821,0.000479,-0.001491,0.000880
94.441247,-0.227153,-0.255011,9.777876,0.003704,-0.004116,0.002466
94.451151,-0.228324,-0.260936,9.776072,-0.002899,0.005896,-0.000043
94.461019,-0.238512,-0.259958,9.792299,-0.001726,-0.002386,-0.006520
94.470914,-0.240514,-0.246394,9.767542,0.002029,0.004766,0.000572
94.480793,-0.231371,-0.264426,9.771925,-0.002165,-0.000978,-0.001924
94.490697,-0.245010,-0.251981,9.792033,0.000564,0.002131,-0.001152
94.500565,-0.243020,-0.249032,9.792267,0.000588,-0.003811,-0.002743
94.510460,-0.235589,-0.236959,9.769318,-0.001216,0.003336,-0.000660
94.520338,-0.247782,-0.253213,9.771850,0.000540,0.001327,-0.001057
94.530243,-0.243813,-0.257747,9.782889,-0.000032,-0.004311,-0.002865
94.540111,-0.227836,-0.252971,9.787439,0.003810,-0.000142,0.000261
94.550006,-0.243792,-0.237101,9.773081,0.001280,-0.001425,0.000548
94.559884,-0.249285,-0.241318,9.775584,0.000283,-0.000017,0.000867
94.569789,-0.265181,-0.248986,9.778924,-0.001438,0.004434,0.000622
94.579657,-0.242646,-0.257963,9.792033,0.002363,-0.003166,0.001225
94.589552,-0.244115,-0.250716,9.772419,-0.000622,-0.000907,0.000520
94.599430,-0.248339,-0.245099,9.785859,0.000984,0.001959,-0.001373
94.609334,-0.244838,-0.254036,9.769165,0.002304,-0.002026,0.001669
94.619203,-0.241502,-0.259737,9.782025,0.003699,0.000334,0.000460
94.629098,-0.245574,-0.266135,9.793601,-0.003052,0.000703,-0.000964
94.638976,-0.234467,-0.259097,9.795521,0.000643,0.000717,-0.002890
94.648881,-0.242112,-0.254861,9.774419,0.001607,0.000093,0.002922
94.658750,-0.234272,-0.255957,9.774416,0.002401,0.000203,-0.001053
94.668645,-0.237698,-0.271101,9.785136,0.001489,0.001770,-0.002539
94.678523,-0.253938,-0.293035,9.792398,-0.000432,-0.000854,0.001770
94.688426,-0.261107,-0.271009,9.788274,-0.000841,-0.000457,0.001877
94.698295,-0.251638,-0.250871,9.790525,-0.000949,-0.001028,-0.003127
94.708190,-0.237902,-0.244314,9.770706,0.001698,0.000363,0.003607
94.718068,-0.248560,-0.252510,9.786819,0.002387,0.002760,-0.005759
94.727972,-0.254928,-0.257081,9.782965,-0.001710,0.000103,-0.003429
94.737841,-0.258413,-0.263509,9.781845,0.003195,-0.001012,0.001754
94.747735,-0.249849,-0.251087,9.788972,0.000400,-0.001808,-0.001593
94.757614,-0.239595,-0.270500,9.772140,0.003105,0.000529,0.000609
94.767518,-0.239112,-0.261200,9.783486,0.000953,-0.000652,-0.002637
94.777387,-0.253379,-0.256565,9.800486,0.001472,-0.004656,0.000404
94.787281,-0.254102,-0.245656,9.778858,0.001917,0.002229,-0.000621
94.797160,-0.237618,-0.257808,9.787200,0.003603,0.000384,0.000716
94.807064,-0.226606,-0.249537,9.799060,-0.000347,0.004497,0.001485
94.816932,-0.242569,-0.255854,9.783461,0.002850,0.000073,0.001022
94.826827,-0.261397,-0.252921,9.793312,-0.000520,-0.002307,0.000569
94.836705,-0.250525,-0.251159,9.809779,0.002274,0.005905,0.002373
94.846610,-0.232357,-0.253196,9.806226,-0.003859,0.003697,-0.001259
94.856478,-0.248625,-0.270438,9.785796,0.000141,0.000875,-0.001950
94.866373,-0.251399,-0.273228,9.772694,0.000022,-0.004382,-0.001927
94.876251,-0.235543,-0.263761,9.788781,-0.004219,-0.003175,-0.000891
94.886156,-0.243752,-0.249644,9.793403,-0.001566,0.003452,0.001903
94.896024,-0.238548,-0.262233,9.780059,-0.000347,0.001494,-0.002796
94.905919,-0.251290,-0.259036,9.787443,-0.004442,0.000556,-0.000245
94.915797,-0.247317,-0.261263,9.774411,-0.000771,0.000281,-0.001208
94.925702,-0.232766,-0.260918,9.777990,0.003220,-0.003224,-0.000942
94.935570,-0.238931,-0.254245,9.797987,-0.000782,-0.000462,0.002259
94.945465,-0.236640,-0.255288,9.781394,0.000440,0.001070,-0.001385
94.955343,-0.234052,-0.249829,9.773234,-0.000319,-0.001816,-0.000122
94.965248,-0.232994,-0.263339,9.792637,0.001244,0.003195,0.004302
94.975116,-0.238416,-0.260581,9.800222,-0.001732,0.000256,-0.001121
94.985011,-0.247159,-0.264978,9.770190,0.004322,0.000127,-0.000187
94.994889,-0.270666,-0.239558,9.777075,0.000842,-0.000668,-0.002856
95.004794,-0.244901,-0.221167,9.812526,0.002291,0.001773,-0.003838
95.014662,-0.233464,-0.254459,9.786524,0.001565,-0.002555,0.000120
95.024557,-0.259205,-0.249960,9.783644,0.000081,-0.001633,0.000633
95.034435,-0.246459,-0.259226,9.805233,-0.002737,0.003653,-0.001085
95.044339,-0.220889,-0.262994,9.796505,-0.000552,-0.000150,-0.000372
95.054208,-0.230017,-0.259609,9.789032,0.000197,0.000050,0.000192
95.064102,-0.250354,-0.243566,9.788493,0.002276,-0.000203,-0.000548
95.073981,-0.252517,-0.258129,9.775386,0.005370,-0.003574,0.002716
95.083885,-0.234969,-0.254467,9.788445,-0.000036,-0.000878,-0.001738
95.093753,-0.238872,-0.237016,9.802051,0.002182,-0.004451,0.002733
95.103648,-0.252901,-0.244815,9.793124,0.001407,0.001115,-0.001675
95.113527,-0.241494,-0.258187,9.780844,-0.001596,-0.001814,-0.001532
95.123431,-0.241797,-0.250039,9.787729,0.000258,0.000433,-0.000625
95.133299,-0.247346,-0.261467,9.773671,-0.002752,0.000543,-0.003066
95.143194,-0.237232,-0.256322,9.768041,0.002233,-0.003920,-0.001887
95.153072,-0.243636,-0.268172,9.796064,-0.003030,0.006127,0.000687
95.162976,-0.253362,-0.262471,9.791189,0.001726,0.003964,-0.000103
95.172845,-0.229200,-0.262293,9.790340,-0.003809,-0.001789,0.001661
95.182741,-0.236175,-0.254708,9.795293,0.003790,-0.004693,-0.001897
95.192619,-0.230810,-0.268395,9.770689,0.001672,0.000566,0.001240
95.202523,-0.230364,-0.270430,9.774644,0.000631,0.000715,0.002693
95.212391,-0.245555,-0.262206,9.790694,0.001218,-0.000278,0.000634
95.222286,-0.252766,-0.252075,9.798848,0.002391,-0.000433,0.003347
95.232164,-0.250338,-0.249322,9.796345,-0.000828,0.004222,-0.000798
95.242068,-0.242261,-0.236419,9.779593,-0.001155,-0.001240,0.000953
95.251937,-0.235757,-0.260171,9.789622,0.003084,-0.001284,0.000456
95.261832,-0.240216,-0.253132,9.786565,-0.000955,0.001739,-0.001895
95.271710,-0.236403,-0.257451,9.780566,0.001175,0.000411,0.000357
95.281614,-0.241865,-0.256924,9.797213,-0.000616,0.001320,-0.001193
95.291483,-0.229803,-0.256009,9.796481,-0.002142,0.002440,-0.000223
95.301378,-0.240741,-0.271992,9.776954,-0.000139,-0.000688,0.004478
95.311256,-0.249215,-0.259549,9.787501,-0.000125,0.002075,-0.004732
95.321160,-0.250176,-0.259280,9.795880,0.000822,-0.002738,0.001507
95.331029,-0.243999,-0.239256,9.792058,0.002922,-0.001421,0.001996
95.340923,-0.249737,-0.254045,9.776627,0.000688,0.002043,-0.001793
95.350802,-0.247762,-0.268780,9.786395,-0.000179,0.000797,-0.000250
95.360706,-0.241874,-0.259401,9.770143,0.000474,0.002078,0.001509
95.370575,-0.239793,-0.250770,9.787011,-0.001915,0.001144,0.000349
95.380469,-0.214467,-0.258368,9.786299,-0.000580,0.003025,-0.003013
95.390348,-0.235404,-0.259624,9.774022,0.000653,0.000812,0.002357
95.400252,-0.228366,-0.230896,9.791464,-0.000104,-0.000662,0.001826
95.410121,-0.231003,-0.247285,9.798200,0.000684,-0.003175,-0.001387
95.420015,-0.226356,-0.264512,9.773669,0.000475,-0.001896,-0.004481
95.429893,-0.241863,-0.275066,9.804834,0.003527,-0.001343,0.000444
95.439798,-0.229434,-0.255809,9.790350,-0.000649,-0.001652,-0.000558
95.449666,-0.234874,-0.258118,9.771027,0.004143,0.001335,-0.000926
95.459561,-0.246194,-0.268002,9.803231,-0.002173,0.004340,0.005737
95.469440,-0.249487,-0.270428,9.801044,0.002370,0.005159,0.000518
95.479344,-0.247200,-0.278797,9.787844,0.001144,-0.000612,0.002159
95.489212,-0.235329,-0.260150,9.793523,0.003668,-0.004461,0.003969
95.499107,-0.235283,-0.254837,9.785107,-0.002781,0.001640,0.003500
95.508985,-0.243085,-0.262208,9.781747,0.000330,0.002644,-0.000735
95.518890,-0.253489,-0.253917,9.785230,-0.001090,0.000205,-0.000687
95.528758,-0.237568,-0.264663,9.796439,0.004984,-0.007583,0.003222
95.538653,-0.236305,-0.258761,9.802351,0.000035,0.001366,-0.000912
95.548531,-0.241916,-0.251039,9.801504,-0.001419,0.003765,-0.002182
95.558435,-0.237132,-0.263432,9.798305,0.002157,-0.001957,-0.000749
95.568304,-0.245958,-0.268356,9.810378,-0.002903,0.000677,-0.002667
95.578199,-0.252007,-0.244119,9.772002,0.000226,0.006597,0.001707
95.588077,-0.250548,-0.252832,9.769721,0.000260,-0.001084,0.004405
95.597981,-0.237820,-0.266564,9.788082,0.001562,0.003036,-0.000510
95.607850,-0.237122,-0.262149,9.796007,-0.002555,0.001704,-0.001180
95.617745,-0.237538,-0.261914,9.768250,0.002540,0.000462,0.002190
95.627623,-0.240151,-0.267517,9.792020,-0.000588,0.000904,0.002634
95.637528,-0.245817,-0.267549,9.788572,0.000248,0.003146,0.000546
95.647396,-0.231379,-0.263231,9.796388,-0.000714,0.002587,-0.002749
95.657291,-0.217967,-0.276570,9.807784,-0.003171,0.001548,0.002160
95.667169,-0.237025,-0.269742,9.814190,-0.001312,0.000097,0.000176
95.677073,-0.226540,-0.261312,9.786674,-0.000332,0.001945,0.000998
95.686942,-0.223360,-0.276949,9.787044,-0.003237,-0.002119,0.001468
95.696837,-0.256818,-0.253092,9.762164,0.000120,0.000899,-0.001222
95.706714,-0.264521,-0.249686,9.798968,-0.000641,0.000331,-0.003177
95.716619,-0.243837,-0.261550,9.804521,-0.000169,0.002747,-0.000029
95.726487,-0.238301,-0.267498,9.779343,0.005008,-0.001386,0.000323
95.736382,-0.246867,-0.250696,9.764706,0.003509,-0.004210,0.000434
95.746261,-0.239324,-0.247794,9.808290,-0.001791,-0.000001,-0.001030
95.756165,-0.229639,-0.253312,9.805096,0.001041,0.000491,-0.001530
95.766033,-0.250126,-0.265045,9.778373,0.003136,-0.005980,0.000078
95.775928,-0.250582,-0.260927,9.780699,-0.000520,-0.000456,-0.000854
95.785806,-0.231032,-0.244825,9.799897,0.003797,0.001195,0.003216
95.795711,-0.243646,-0.239358,9.790094,-0.004019,-0.000024,0.000489
95.805579,-0.251240,-0.261499,9.776706,0.000119,-0.001962,-0.000248
95.815474,-0.265994,-0.270760,9.782619,-0.003443,0.005076,0.001614
95.825352,-0.242074,-0.266204,9.794297,-0.000053,-0.000290,-0.002722
95.835257,-0.243865,-0.242945,9.786862,-0.003530,0.004092,-0.004136
95.845125,-0.240816,-0.237542,9.782417,0.000118,0.001453,-0.002343
95.855020,-0.242193,-0.249331,9.794231,-0.000786,0.004205,-0.001958
95.864898,-0.243342,-0.251744,9.814319,0.001204,-0.001267,-0.001153
95.874803,-0.231842,-0.265036,9.787125,0.001713,-0.001030,-0.002695
95.884671,-0.247341,-0.247896,9.769800,-0.000364,0.000900,0.001431
95.894566,-0.263212,-0.250013,9.788723,0.000541,0.001780,-0.001086
95.904444,-0.238724,-0.261901,9.794197,-0.002618,0.000254,-0.001123
95.914348,-0.253641,-0.262268,9.794676,-0.001863,0.000868,-0.001527
95.924217,-0.248468,-0.278790,9.782935,0.001099,0.001890,-0.002239
95.934112,-0.228363,-0.250749,9.779632,-0.000037,-0.001067,-0.002596
95.943990,-0.224285,-0.253266,9.798305,-0.002444,0.000618,-0.001334
95.953894,-0.245191,-0.241318,9.795557,0.000755,-0.002680,-0.001671
95.963763,-0.239541,-0.259033,9.789693,0.003193,0.000314,0.001111
95.973658,-0.240032,-0.252923,9.769030,0.001148,0.000609,-0.000739
95.983536,-0.244498,-0.237705,9.779391,0.003586,-0.000788,0.000880
95.993440,-0.237781,-0.244901,9.784236,0.003666,0.002248,-0.000877
96.003309,-0.237406,-0.249887,9.784096,0.000101,-0.000743,0.000709
96.013204,-0.234146,-0.243300,9.778157,0.000957,0.000977,0.000088
96.023082,-0.226548,-0.246913,9.781807,0.000290,0.002796,0.001333
96.032986,-0.224979,-0.256929,9.775272,-0.000527,0.001693,-0.002274
96.042855,-0.225549,-0.269414,9.799095,-0.000008,0.000362,0.000967
96.052750,-0.221989,-0.245938,9.770092,0.004736,-0.002788,0.003317
96.062627,-0.230389,-0.225467,9.793396,-0.000401,0.003285,0.002850
96.072532,-0.237136,-0.245689,9.814935,-0.000614,-0.003611,-0.002385
96.082400,-0.236905,-0.274209,9.795465,-0.002343,-0.000956,-0.002322
96.092295,-0.228962,-0.248572,9.791847,-0.001446,0.000069,0.002078
96.102173,-0.255992,-0.243815,9.798356,0.004321,0.001395,0.000144
96.112078,-0.245773,-0.271844,9.801306,0.001263,-0.000731,0.002062
96.121946,-0.248057,-0.265543,9.786833,-0.002839,0.004085,0.000384
96.131841,-0.255171,-0.245135,9.778260,0.001340,-0.000035,-0.000200
96.141719,-0.244519,-0.233802,9.774554,0.000712,-0.003861,-0.003049
96.151624,-0.241494,-0.258256,9.772517,-0.001113,0.002245,0.003738
96.161492,-0.234617,-0.251746,9.801147,-0.000153,-0.005641,0.000216
96.171387,-0.220321,-0.241061,9.802782,-0.000509,-0.001442,-0.002059
96.181265,-0.252286,-0.263932,9.786361,0.002089,-0.001471,0.001679
96.191169,-0.241948,-0.252105,9.782780,0.001698,-0.003289,0.002210
96.201038,-0.241474,-0.261951,9.789308,-0.000978,0.001237,-0.002075
96.210933,-0.240043,-0.268582,9.776936,0.001809,-0.001997,-0.001502
96.220811,-0.242786,-0.256333,9.782739,-0.000411,-0.000110,-0.002285
96.230716,-0.231493,-0.247403,9.798606,0.002266,0.001869,-0.001433
96.240584,-0.231761,-0.259098,9.785103,-0.001281,0.001694,0.000887
96.250480,-0.237137,-0.257416,9.792527,0.001418,-0.000172,-0.002204
96.260357,-0.248178,-0.245346,9.816120,-0.000371,-0.003068,-0.000948
96.270262,-0.249735,-0.240444,9.794295,0.000211,0.001418,0.003739
96.280132,-0.232759,-0.263358,9.794686,0.000609,0.001911,-0.001724
96.290027,-0.231043,-0.280326,9.787992,0.001916,0.000236,0.000490
96.299904,-0.240235,-0.266950,9.771975,-0.000908,-0.001396,0.000757
96.309808,-0.263116,-0.252990,9.788987,0.001380,-0.002810,0.000395
96.319677,-0.240719,-0.262392,9.812211,0.000848,0.002458,0.001401
96.329573,-0.243804,-0.269141,9.805395,0.001130,0.003375,-0.002393
96.339451,-0.258745,-0.243958,9.782403,-0.000466,0.001177,-0.001314
96.349354,-0.263309,-0.239302,9.780761,-0.001698,0.000174,-0.000683
96.359222,-0.248748,-0.252611,9.787596,-0.000201,0.000572,0.001446
96.369117,-0.247217,-0.264378,9.774555,-0.000115,-0.000905,-0.001101
96.378996,-0.243218,-0.268010,9.764639,0.003042,0.000525,-0.001700
96.388901,-0.242706,-0.255862,9.781255,0.002273,-0.002329,0.004550
96.398768,-0.238358,-0.224310,9.810492,0.000366,0.002924,-0.001865
96.408663,-0.238003,-0.243651,9.800242,0.000705,0.001638,-0.004311
96.418541,-0.230026,-0.237498,9.788107,-0.002457,-0.001166,-0.001054
96.428446,-0.257070,-0.245823,9.776772,0.004883,0.001850,0.002186
96.438316,-0.246672,-0.263235,9.774961,-0.000188,0.000741,-0.001153
96.448209,-0.245993,-0.273193,9.796529,0.000819,-0.004710,-0.001364
96.458087,-0.243083,-0.255143,9.789124,-0.000684,0.002263,-0.000689
96.467992,-0.248095,-0.245514,9.767612,0.003532,-0.004040,-0.002046
96.477860,-0.270164,-0.254067,9.762681,-0.000139,0.001527,-0.001213
96.487756,-0.257637,-0.261547,9.799526,0.002233,0.001464,-0.000321
96.497633,-0.243923,-0.262132,9.804490,-0.002007,0.005814,0.000835
96.507538,-0.251364,-0.263409,9.791294,0.000354,-0.000060,-0.002556
96.517406,-0.247785,-0.255444,9.788033,-0.000855,0.002444,0.001651
96.527301,-0.248357,-0.275215,9.793644,-0.001221,0.004524,-0.001123
96.537180,-0.252321,-0.247786,9.786233,0.003638,-0.004755,0.001634
96.547083,-0.251478,-0.245786,9.789925,0.001298,0.003875,-0.000016
96.556951,-0.254342,-0.252646,9.793840,0.004850,-0.002886,-0.001817
96.566846,-0.243540,-0.254612,9.784595,0.000403,-0.000257,-0.001470
96.576724,-0.230500,-0.268000,9.802858,0.000239,-0.002614,-0.002451
96.586629,-0.225814,-0.259902,9.785158,0.001683,0.004094,0.004146
96.596497,-0.253913,-0.248034,9.769661,0.003730,0.001569,-0.000228
96.606392,-0.267290,-0.264719,9.765245,-0.000168,-0.000285,-0.001549
96.616270,-0.234308,-0.266649,9.784237,-0.001137,0.000821,-0.000579
96.626174,-0.228790,-0.268802,9.777588,0.001401,0.003241,0.000693
96.636043,-0.217706,-0.249881,9.769964,0.000462,-0.002662,0.001285
96.645938,-0.228583,-0.247297,9.787433,0.000448,-0.000059,0.001017
96.655816,-0.249292,-0.269003,9.785020,-0.000789,0.002991,0.000315
96.665720,-0.257652,-0.268095,9.763368,-0.000662,0.000029,0.001151
96.675589,-0.260111,-0.266223,9.784213,0.001949,-0.002540,0.000941
96.685484,-0.245021,-0.267953,9.802465,0.001980,-0.002516,0.000621
96.695362,-0.241324,-0.249785,9.798912,0.002908,-0.003115,-0.000714
96.705266,-0.234772,-0.243897,9.814326,0.001130,-0.000578,0.002071
96.715135,-0.226011,-0.263525,9.809352,0.000757,-0.002913,0.003050
96.725029,-0.224364,-0.263178,9.791138,-0.000400,0.001784,-0.002781
96.734908,-0.242681,-0.270722,9.789046,0.002140,0.000643,-0.001657
96.744812,-0.254177,-0.259995,9.779336,0.001245,0.001866,-0.004858
96.754681,-0.243114,-0.254137,9.769350,-0.000031,0.002939,-0.000144
96.764575,-0.244429,-0.258953,9.771488,-0.002521,0.000441,0.000877
96.774454,-0.245553,-0.240177,9.777673,0.001151,0.000322,0.000878
96.784358,-0.254867,-0.254986,9.783694,-0.001141,0.001410,-0.001954
96.794226,-0.245148,-0.268715,9.771720,0.002730,0.002806,0.002109
96.804121,-0.239557,-0.265769,9.800368,0.000892,-0.002063,0.000010
96.813999,-0.250083,-0.262024,9.791435,0.000787,-0.001292,0.005253
96.823904,-0.229905,-0.268900,9.791654,0.002999,-0.002339,-0.001182
96.833773,-0.239343,-0.263572,9.778485,0.000688,-0.004029,0.001130
96.843667,-0.244650,-0.256599,9.784159,-0.001006,0.001921,-0.000072
96.853546,-0.240284,-0.246594,9.801360,0.001168,-0.000389,0.000004
96.863450,-0.248320,-0.245522,9.804587,0.002285,-0.000925,-0.003330
96.873318,-0.247674,-0.263159,9.795592,-0.001861,0.002233,0.002383
96.883214,-0.243317,-0.262427,9.797972,-0.000573,0.000926,-0.003795
96.893091,-0.241604,-0.250892,9.805124,0.003652,-0.001296,-0.000184
96.902996,-0.230020,-0.245609,9.802421,0.002023,-0.000449,-0.000374
96.912864,-0.231819,-0.249389,9.774460,0.002602,0.003037,-0.000253
96.922759,-0.243196,-0.251540,9.799332,0.000853,-0.000612,0.000524
96.932637,-0.225460,-0.251625,9.798255,-0.002711,-0.001374,0.001811
96.942541,-0.250754,-0.278598,9.782973,-0.000758,-0.001212,-0.002437
96.952410,-0.260179,-0.270726,9.784982,0.000458,-0.000601,0.001368
96.962304,-0.256029,-0.247376,9.791495,-0.001884,-0.001261,-0.000756
96.972183,-0.235538,-0.247184,9.804145,0.002755,-0.001883,-0.000978
96.982088,-0.253598,-0.248215,9.790131,0.000187,-0.001801,-0.000806
96.991955,-0.237366,-0.253157,9.788089,-0.001754,0.000577,-0.002305
97.001851,-0.240793,-0.259463,9.782135,0.000179,-0.000474,-0.000658
97.011729,-0.231511,-0.280091,9.773234,0.000445,0.000894,0.001449
97.021634,-0.237723,-0.276026,9.812407,0.001361,-0.000272,0.004385
97.031504,-0.239506,-0.257272,9.819873,0.002994,0.002663,0.001141
97.041397,-0.252344,-0.253678,9.811308,-0.000458,-0.000549,-0.000857
97.051275,-0.257162,-0.255807,9.796913,0.001090,-0.003317,-0.000140
97.061179,-0.245554,-0.261193,9.782323,-0.000282,-0.000014,0.000413
97.071048,-0.251192,-0.267156,9.808019,0.003313,-0.001415,-0.000349
97.080947,-0.238933,-0.274608,9.807464,0.000696,0.001184,-0.005842
97.090820,-0.245376,-0.263236,9.809993,0.002748,0.001521,-0.000697
97.100725,-0.253754,-0.253632,9.795144,-0.000962,0.001891,-0.000838
97.110594,-0.230572,-0.252524,9.796070,0.001685,-0.001027,-0.002665
97.120488,-0.240222,-0.252165,9.806473,0.002568,0.001333,-0.002807
97.130367,-0.252976,-0.243778,9.782598,0.001115,-0.001683,-0.004099
97.140271,-0.245222,-0.254888,9.772842,0.002980,0.001164,-0.002356
97.150139,-0.247605,-0.246942,9.786267,0.002473,-0.000710,-0.001400
97.160034,-0.240645,-0.233014,9.785963,0.001760,-0.001170,-0.005263
97.169912,-0.242781,-0.250890,9.780894,0.000191,-0.004014,-0.000104
97.179817,-0.234147,-0.272000,9.765508,-0.004116,0.004416,-0.001432
97.189685,-0.251982,-0.258220,9.782922,-0.000223,-0.001225,0.000456
97.199580,-0.262421,-0.255872,9.785951,0.001344,-0.004075,0.001117
97.209458,-0.243685,-0.254179,9.795297,0.000245,0.001385,-0.002461
97.219362,-0.227794,-0.251281,9.770290,0.000822,-0.002408,-0.003530
97.229231,-0.242956,-0.234096,9.789754,0.003510,-0.004952,0.000474
97.239126,-0.224943,-0.252107,9.777269,0.002810,0.002395,0.002122
97.249004,-0.239134,-0.264211,9.793783,0.000601,0.000058,0.000158
97.258909,-0.240005,-0.282332,9.790399,-0.001739,0.001439,-0.003256
97.268777,-0.239226,-0.271614,9.775247,-0.001228,-0.001147,-0.000099
97.278672,-0.250400,-0.238094,9.781463,0.003784,0.000495,0.001123
97.288550,-0.245453,-0.262369,9.781712,-0.000666,0.002559,-0.004352
97.298455,-0.235167,-0.245585,9.753931,-0.001736,-0.000772,-0.002941
97.308323,-0.237395,-0.251935,9.795305,0.002122,0.000997,-0.002002
97.318218,-0.225447,-0.259295,9.799847,-0.001105,0.002523,-0.000271
97.328096,-0.234475,-0.266455,9.790521,0.000947,0.004572,0.003335
97.338000,-0.237711,-0.254559,9.787434,0.002232,0.001467,-0.000503
97.347869,-0.238312,-0.256855,9.792572,0.001226,-0.000757,-0.000522
97.357764,-0.252247,-0.244805,9.781236,0.001090,-0.002778,-0.000300
97.367642,-0.253490,-0.262714,9.770686,0.002234,0.002678,-0.001049
97.377548,-0.255576,-0.263553,9.769278,-0.000564,0.003501,-0.001048
97.387415,-0.248196,-0.257703,9.795950,-0.001052,0.003870,-0.000084
97.397309,-0.245221,-0.254411,9.794276,0.002483,-0.003466,-0.000427
97.407187,-0.245376,-0.263225,9.787504,-0.001122,0.001765,-0.001531
97.417092,-0.251796,-0.259985,9.797795,0.002279,0.000155,0.000080
97.426961,-0.256493,-0.267866,9.789471,0.000387,0.000545,0.000811
97.436855,-0.239063,-0.266573,9.798680,0.001875,0.000173,0.004577
97.446734,-0.255298,-0.267922,9.785282,0.001697,0.003296,0.002766
97.456638,-0.248715,-0.259767,9.775381,0.001736,-0.001190,-0.001277
97.466506,-0.232676,-0.244509,9.778130,0.001477,0.003576,-0.001072
97.476401,-0.242476,-0.246979,9.806567,0.001803,-0.000244,-0.000548
97.486279,-0.262393,-0.259006,9.791009,-0.000967,-0.000015,0.001215
97.496184,-0.241871,-0.250286,9.777243,-0.000357,-0.000510,-0.001462
97.506052,-0.246467,-0.255041,9.779934,-0.001308,-0.003255,-0.001735
97.515947,-0.236951,-0.255509,9.790424,0.000489,-0.000433,0.002116
97.525825,-0.233258,-0.248421,9.795708,0.000433,-0.002142,-0.000639
97.535729,-0.235584,-0.255424,9.791621,-0.000199,0.000655,0.002484
97.545598,-0.237550,-0.255670,9.778303,0.000133,0.001702,-0.000154
97.555494,-0.228955,-0.254378,9.789590,-0.001371,-0.006573,0.003782
97.565372,-0.231090,-0.234805,9.785289,0.001352,0.000500,-0.000615
97.575277,-0.240507,-0.240862,9.804797,0.002981,-0.001208,-0.000156
97.585144,-0.235634,-0.257844,9.789109,0.000194,0.003362,-0.003156
97.595039,-0.217252,-0.249359,9.786017,0.001846,-0.000219,0.001056
97.604917,-0.224187,-0.246471,9.783240,0.004526,-0.003934,-0.000878
97.614821,-0.229042,-0.238061,9.790773,-0.000486,0.000673,0.000222
97.624690,-0.250156,-0.263871,9.786459,0.002982,-0.002801,-0.004786
97.634585,-0.245922,-0.275139,9.787169,0.001867,-0.006434,0.004454
97.644463,-0.219740,-0.262562,9.786108,0.002365,0.004796,0.002127
97.654367,-0.220714,-0.257960,9.791144,0.001817,-0.001002,0.003269
97.664236,-0.225498,-0.250170,9.796685,0.001069,-0.001201,-0.004087
97.674131,-0.243620,-0.229942,9.791752,-0.001675,0.002990,0.000810
97.684009,-0.244145,-0.251411,9.789373,0.004116,-0.000282,-0.001035
97.693913,-0.235694,-0.235682,9.812400,-0.002182,-0.002557,0.002405
97.703782,-0.233854,-0.246308,9.779036,0.000863,0.000148,-0.001819
97.713677,-0.237519,-0.257833,9.790329,0.002830,0.001402,0.005636
97.723555,-0.246257,-0.260851,9.804430,0.002395,-0.000919,0.003316
97.733459,-0.243525,-0.242869,9.810525,0.000016,0.000544,0.002519
97.743328,-0.235831,-0.258172,9.803180,0.002344,-0.001841,-0.003083
97.753222,-0.248149,-0.264724,9.791813,-0.000994,0.000489,-0.000782
97.763100,-0.235574,-0.259366,9.775919,0.002546,-0.000248,0.003803
97.773005,-0.236957,-0.269473,9.794603,-0.000586,-0.001112,0.001017
97.782874,-0.234192,-0.273852,9.778896,0.002728,0.004910,0.003139
97.792768,-0.238524,-0.262470,9.801435,-0.000117,0.000840,-0.002282
97.802647,-0.247824,-0.249300,9.802694,0.001056,0.000030,-0.000288
97.812551,-0.241562,-0.259562,9.783014,0.003243,-0.002771,-0.000889
97.822419,-0.229144,-0.254725,9.784337,0.002900,0.001986,-0.000274
97.832314,-0.243607,-0.250845,9.801595,0.002502,-0.006262,-0.002245
97.842192,-0.244751,-0.251880,9.807743,0.000965,-0.000373,-0.000868
97.852097,-0.250453,-0.255376,9.801374,0.003902,-0.001088,-0.000556
97.861965,-0.245963,-0.260846,9.788431,-0.001542,0.002153,0.000319
97.871860,-0.228375,-0.237763,9.785314,0.002017,-0.004005,0.002899
97.881738,-0.253123,-0.252699,9.786230,0.000918,-0.001617,-0.001290
97.891643,-0.228569,-0.276789,9.790040,0.000966,-0.000440,-0.000775
97.901511,-0.241654,-0.273532,9.795265,-0.001738,0.001998,-0.000009
97.911406,-0.245391,-0.258830,9.784929,-0.002836,0.001709,0.000936
97.921284,-0.250738,-0.248850,9.794378,0.001255,-0.001442,-0.001558
97.931189,-0.246776,-0.258304,9.781116,0.000675,-0.000509,0.000877
97.941057,-0.244461,-0.270553,9.794135,0.003997,-0.002521,-0.000697
97.950952,-0.249880,-0.256656,9.795612,0.003518,0.000188,0.000010
97.960830,-0.226982,-0.239385,9.778437,-0.002236,0.003522,-0.002511
97.970734,-0.244093,-0.262198,9.779074,0.001012,-0.002462,-0.001338
97.980603,-0.225108,-0.241358,9.784908,0.001336,0.000021,0.000196
97.990498,-0.222548,-0.244282,9.775508,-0.000583,0.000109,0.002610
98.000376,-0.235278,-0.266905,9.777599,0.001020,-0.000156,-0.001353
98.010280,-0.254659,-0.264397,9.790332,-0.001098,0.002263,0.001144
98.020149,-0.260786,-0.270671,9.798730,0.001381,-0.001577,0.000710
98.030044,-0.258030,-0.257069,9.786968,-0.000396,-0.000883,0.000719
98.039922,-0.267749,-0.243836,9.782283,0.001345,0.000869,-0.001135
98.049826,-0.239148,-0.253112,9.791205,-0.000888,0.000196,-0.003218
98.059695,-0.213826,-0.263959,9.788759,0.001713,-0.002186,0.000732
98.069589,-0.242756,-0.268205,9.791672,-0.000527,0.006506,-0.000884
98.079468,-0.256261,-0.260327,9.778876,-0.003114,-0.000013,-0.000831
98.089372,-0.253922,-0.251751,9.799741,-0.000641,0.003532,-0.004388
98.099241,-0.242485,-0.238928,9.786444,-0.000369,0.002805,-0.001019
98.109135,-0.232615,-0.237463,9.784345,-0.001427,0.000181,-0.001256
98.119014,-0.235994,-0.250449,9.784305,0.003534,-0.000831,-0.003809
98.128918,-0.240811,-0.272760,9.786243,0.000303,-0.001637,-0.000475
98.138787,-0.236824,-0.270799,9.762876,0.000696,0.000948,-0.001271
98.148681,-0.251696,-0.269490,9.780157,-0.001096,0.001824,0.001099
98.158560,-0.250046,-0.255565,9.787514,0.003000,-0.004660,-0.000429
98.168464,-0.249409,-0.257439,9.788465,0.000373,-0.002024,-0.002383
98.178332,-0.226020,-0.241866,9.791455,0.001048,0.000864,-0.003340
98.188227,-0.238853,-0.251351,9.776476,0.000458,0.000222,-0.001311
98.198105,-0.247464,-0.247905,9.787940,0.000106,0.003606,0.002906
98.208010,-0.254021,-0.263351,9.803245,0.001829,-0.004874,0.001229
98.217878,-0.240347,-0.251573,9.814118,0.002145,-0.001407,0.002161
98.227773,-0.236528,-0.261733,9.807653,0.000598,-0.000081,0.003276
98.237651,-0.238080,-0.263234,9.790196,0.002412,-0.002901,-0.003674
98.247556,-0.232708,-0.241948,9.801221,0.000653,0.001864,0.000737
98.257424,-0.233953,-0.266322,9.807765,0.003137,-0.000476,0.001129
98.267319,-0.251243,-0.254991,9.797217,-0.001499,-0.003470,0.003633
98.277197,-0.236592,-0.237214,9.798237,0.001944,-0.000678,0.001461
98.287101,-0.234190,-0.242278,9.763462,-0.001654,-0.001065,-0.003676
98.296970,-0.251056,-0.252252,9.781316,0.003515,-0.001246,0.002847
98.306865,-0.245008,-0.257848,9.800966,0.001066,-0.001564,-0.002882
98.316743,-0.236311,-0.259406,9.789495,0.001996,-0.003128,-0.001305
98.326648,-0.239561,-0.267218,9.790787,0.001052,-0.002342,0.000165
98.336516,-0.233394,-0.266346,9.797000,0.002831,-0.000960,0.000336
98.346411,-0.257528,-0.246668,9.779935,-0.000227,0.003050,-0.000538
98.356289,-0.263025,-0.259889,9.809955,0.001108,-0.001936,0.004525
98.366193,-0.259431,-0.260725,9.806519,-0.000298,0.003729,-0.001928
98.376062,-0.248007,-0.263412,9.768974,0.004910,-0.002299,-0.000520
98.385957,-0.244573,-0.249044,9.789969,-0.001075,0.001353,-0.001374
98.395835,-0.245995,-0.256540,9.788878,-0.000334,0.000953,-0.002528
98.405739,-0.249924,-0.251301,9.801154,0.002818,0.001221,-0.001928
98.415608,-0.245214,-0.255613,9.784614,0.000175,0.001104,-0.001838
98.425503,-0.254208,-0.254692,9.795268,0.001462,0.002448,0.000550
98.435381,-0.242518,-0.236905,9.791437,-0.001574,0.001403,0.002256
98.445285,-0.240243,-0.253515,9.799012,-0.000853,0.001071,0.000705
98.455153,-0.238933,-0.245510,9.800058,0.001892,0.001243,-0.001290
98.465049,-0.254272,-0.276780,9.790882,-0.003219,0.003404,-0.000505
98.474927,-0.247732,-0.263609,9.778508,-0.001542,-0.002860,-0.000488
98.484831,-0.249037,-0.249968,9.794321,0.002034,-0.004944,0.000151
98.494699,-0.246982,-0.248731,9.785365,0.001424,0.000665,-0.001601
98.504595,-0.246639,-0.265008,9.787406,-0.000060,0.000579,-0.002159
98.514472,-0.245157,-0.259778,9.791607,-0.000480,0.000933,-0.001469
98.524377,-0.237581,-0.241888,9.797045,-0.002864,0.002392,-0.007052
98.534245,-0.247959,-0.255770,9.792630,-0.001187,0.000892,0.001689
98.544141,-0.239684,-0.269818,9.801662,0.000380,-0.002254,0.002107
98.554018,-0.235680,-0.256145,9.799001,0.000127,0.002747,0.001936
98.563923,-0.245119,-0.251379,9.799252,-0.001876,-0.002633,0.000148
98.573791,-0.232920,-0.262250,9.786323,-0.000873,-0.001488,-0.002557
98.583686,-0.227452,-0.252926,9.787726,-0.000481,0.000586,-0.000233
98.593564,-0.241435,-0.247273,9.774739,0.000351,-0.001379,-0.002235
98.603470,-0.245536,-0.257284,9.783052,0.003099,-0.001755,-0.002084
98.613337,-0.245717,-0.260654,9.817486,0.002426,-0.001190,0.000733
98.623233,-0.238594,-0.258564,9.810760,0.000033,-0.002297,-0.001368
98.633110,-0.246858,-0.263493,9.794268,0.001181,0.002471,0.001496
98.643017,-0.238522,-0.265193,9.777712,0.000579,-0.001550,-0.000822
98.652885,-0.229202,-0.230456,9.794678,-0.000636,0.001786,-0.003443
98.662779,-0.231752,-0.255804,9.794045,-0.001093,0.000850,0.002426
98.672657,-0.238333,-0.259681,9.778195,-0.001282,-0.003001,0.000656
98.682561,-0.246088,-0.246382,9.783442,-0.001597,-0.003800,0.001630
98.692430,-0.249038,-0.251910,9.780877,-0.000270,0.000949,-0.000354
98.702325,-0.242344,-0.252350,9.777898,0.001416,0.001527,-0.000378
98.712203,-0.248416,-0.239060,9.798542,-0.001334,0.004630,-0.005270
98.722107,-0.240931,-0.252988,9.819420,-0.001587,0.001024,-0.005319
98.731976,-0.235032,-0.264121,9.797654,0.001215,0.003236,-0.002842
98.741871,-0.216184,-0.266120,9.796319,0.000587,0.003179,0.001238
98.751750,-0.222651,-0.247181,9.798046,-0.002989,-0.000776,0.001059
98.761654,-0.245750,-0.242700,9.790103,0.002237,-0.000801,-0.001448
98.771522,-0.234853,-0.257460,9.779769,-0.000043,-0.001017,-0.003040
98.781417,-0.234184,-0.254045,9.792923,0.001119,-0.002293,-0.001530
98.791295,-0.253219,-0.239877,9.801289,0.004435,-0.001266,-0.002816
98.801199,-0.260440,-0.257514,9.799844,0.002537,0.003229,-0.003961
98.811068,-0.224725,-0.262607,9.784826,-0.001677,0.000683,-0.000586
98.820962,-0.238975,-0.263987,9.791781,0.001729,-0.003902,-0.000804
98.830840,-0.233968,-0.261449,9.787403,-0.000002,-0.000588,0.002933
98.840745,-0.221100,-0.266683,9.781535,0.003603,-0.000911,-0.001652
98.850613,-0.242285,-0.259767,9.795378,0.000883,0.006793,-0.000566
98.860510,-0.260454,-0.238538,9.784344,0.002084,0.001398,0.001158
98.870388,-0.250334,-0.247900,9.775369,0.000073,-0.003472,0.002314
98.880291,-0.242045,-0.256137,9.798043,0.000466,0.000103,-0.000536
98.890159,-0.248501,-0.242261,9.776785,0.000725,-0.000817,0.001792
98.900054,-0.249756,-0.255315,9.784930,-0.000054,-0.003677,-0.003150
98.909931,-0.236926,-0.237095,9.793042,0.004342,-0.001252,0.004962
98.919836,-0.235383,-0.235061,9.793988,0.001455,0.001727,0.000622
98.929705,-0.225807,-0.242657,9.778644,0.001024,-0.000258,0.002603
98.939599,-0.240444,-0.259004,9.786052,-0.002344,0.004889,0.000440
98.949477,-0.255170,-0.263361,9.784936,-0.000537,-0.001356,0.001627
98.959382,-0.239427,-0.278293,9.774703,0.003076,-0.002361,0.003819
98.969251,-0.225986,-0.275111,9.781141,0.000082,0.002341,-0.002628
98.979145,-0.256940,-0.257352,9.768705,0.003086,-0.000484,-0.000431
98.989023,-0.246145,-0.266263,9.760448,0.003364,-0.005066,0.000738
98.998928,-0.253360,-0.270105,9.771194,0.004114,0.000050,0.000044
99.008796,-0.239961,-0.234411,9.805695,0.001282,-0.002579,-0.000231
99.018691,-0.236988,-0.238667,9.803993,-0.000707,0.000048,-0.001860
99.028569,-0.249354,-0.280443,9.821532,-0.002422,0.004107,-0.000473
99.038474,-0.249477,-0.267932,9.803117,-0.002450,-0.003364,-0.003427
99.048342,-0.240074,-0.231765,9.786594,-0.001878,-0.000203,-0.005500
99.058237,-0.248047,-0.263652,9.780972,-0.002176,0.004319,-0.002033
99.068115,-0.262332,-0.260238,9.796947,0.004908,0.002687,-0.000412
99.078020,-0.240376,-0.255512,9.791538,-0.002986,0.000731,-0.000646
99.087888,-0.239463,-0.257953,9.795710,-0.000358,0.000085,-0.000465
99.097783,-0.235403,-0.235881,9.790923,0.000472,-0.000106,-0.001477
99.107661,-0.241587,-0.247709,9.796302,-0.001876,0.005446,-0.002926
99.117566,-0.253948,-0.253651,9.781872,0.000507,0.000429,-0.002899
99.127434,-0.266842,-0.243332,9.774234,0.001097,0.005554,-0.000267
99.137328,-0.241486,-0.254579,9.783087,0.003564,-0.003206,-0.000119
99.147207,-0.247069,-0.267661,9.776395,0.002067,-0.001482,0.001107
99.157111,-0.242217,-0.264634,9.772737,-0.001944,0.003865,-0.004649
99.166980,-0.246985,-0.253305,9.795242,0.003577,-0.000046,0.001700
99.176875,-0.237974,-0.251538,9.795190,-0.000270,-0.001565,-0.001110
99.186753,-0.246711,-0.244575,9.795934,0.001616,-0.005831,-0.000771
99.196657,-0.231681,-0.263482,9.810909,-0.002592,0.004715,0.000228
99.206526,-0.231864,-0.266753,9.808965,0.001666,-0.003870,-0.000374
99.216421,-0.225130,-0.264620,9.769182,-0.002065,0.004750,-0.003496
99.226299,-0.239511,-0.248171,9.774058,0.001344,0.003281,-0.000182
99.236203,-0.229184,-0.247782,9.788702,0.000999,-0.001417,0.002530
99.246071,-0.250944,-0.264416,9.792153,0.004944,-0.004697,0.003135
99.255967,-0.236700,-0.269139,9.760018,0.000568,-0.000850,-0.001306
99.265844,-0.236693,-0.270261,9.767299,0.001733,0.001000,0.003885
99.275749,-0.244416,-0.262793,9.760191,0.001417,-0.000595,-0.003504
99.285617,-0.243934,-0.259901,9.781768,0.001312,-0.002672,0.001854
99.295512,-0.234342,-0.268440,9.793409,-0.002577,-0.000038,0.002621
99.305391,-0.247987,-0.267579,9.758817,-0.001239,-0.000516,-0.004603
99.315295,-0.238690,-0.276140,9.765959,0.001125,0.000484,0.000607
99.325163,-0.246076,-0.263861,9.774671,0.000502,0.001368,-0.003867
99.335058,-0.225021,-0.269281,9.803167,0.001413,-0.003437,0.001550
99.344936,-0.233584,-0.261936,9.799651,0.002833,0.000360,0.000003
99.354841,-0.229589,-0.260207,9.779120,0.001083,0.001476,0.000375
99.364709,-0.225486,-0.252170,9.772543,-0.001389,0.001821,-0.001904
99.374604,-0.225565,-0.235129,9.792791,0.001608,0.003291,-0.004430
99.384482,-0.235710,-0.243690,9.796332,0.003338,0.003006,-0.001899
99.394387,-0.231515,-0.252909,9.772187,0.000126,-0.002454,0.000871
99.404257,-0.234794,-0.268992,9.770403,0.000864,0.000096,-0.001416
99.414152,-0.257675,-0.256065,9.782571,-0.000313,-0.001306,-0.001952
99.424029,-0.246907,-0.234080,9.783076,-0.000263,-0.003576,-0.001387
99.433932,-0.228620,-0.246196,9.784798,0.000624,-0.002500,-0.001595
99.443801,-0.230645,-0.256352,9.785485,0.000203,0.001180,-0.001992
99.453696,-0.229696,-0.257862,9.795719,-0.000839,-0.002799,-0.002525
99.463574,-0.241400,-0.265475,9.812171,-0.002395,0.001706,0.000118
99.473478,-0.235451,-0.260281,9.798907,0.001428,-0.001504,-0.001918
99.483347,-0.237780,-0.253159,9.786513,-0.000315,-0.002259,0.002517
99.493242,-0.240260,-0.265183,9.774319,-0.001449,0.000404,0.001463
99.503120,-0.237628,-0.253361,9.801584,0.000151,0.003645,-0.004051
99.513024,-0.253392,-0.263968,9.795954,-0.002226,-0.000779,-0.002161
99.522893,-0.239490,-0.263027,9.783762,-0.001838,0.002346,0.002878
99.532788,-0.242873,-0.247651,9.801800,0.001947,0.002924,-0.003698
99.542666,-0.233147,-0.257450,9.786353,0.002183,-0.001398,0.000093
99.552570,-0.224292,-0.261693,9.800770,0.000067,0.001397,0.001652
99.562439,-0.225891,-0.259070,9.804840,0.000122,-0.003002,-0.000463
99.572334,-0.237612,-0.251554,9.775348,0.002933,0.000562,0.002311
99.582212,-0.245455,-0.250282,9.780320,-0.001116,-0.000838,0.000273
99.592116,-0.253605,-0.254655,9.787596,0.003858,-0.003209,-0.002083
99.601985,-0.248715,-0.256028,9.802063,0.000749,-0.004094,-0.000750
99.611880,-0.245876,-0.268490,9.804664,0.000078,-0.003345,0.002322
99.621758,-0.227933,-0.251459,9.775193,-0.001725,-0.001395,0.001731
99.631662,-0.241086,-0.246317,9.774822,-0.001670,0.001719,-0.001775
99.641530,-0.235980,-0.247144,9.804696,0.002970,-0.003002,-0.000350
99.651426,-0.245411,-0.239915,9.822522,0.005953,0.001170,0.000542
99.661303,-0.249519,-0.257031,9.796092,0.000931,-0.000050,0.000652
99.671208,-0.258399,-0.243620,9.773479,-0.000992,0.001493,0.000078
99.681076,-0.241632,-0.258430,9.764376,-0.000480,0.002697,-0.001661
99.690971,-0.242697,-0.252752,9.782843,0.002250,-0.001166,0.001834
99.700850,-0.247187,-0.243032,9.782074,0.003430,0.000517,-0.002102
99.710754,-0.255662,-0.260014,9.786715,-0.000148,-0.001942,-0.000866
99.720622,-0.243323,-0.259998,9.793972,0.002830,-0.002777,0.001000
99.730518,-0.239349,-0.247383,9.802290,0.003047,-0.000864,0.000845
99.740396,-0.238895,-0.238562,9.789195,0.003476,0.003515,0.000372
99.750300,-0.247438,-0.260292,9.802747,0.000088,-0.002139,0.001134
99.760168,-0.230838,-0.250283,9.784406,0.002695,0.000487,-0.002030
99.770063,-0.217003,-0.252735,9.794366,-0.000871,0.002250,-0.005854
99.779941,-0.219953,-0.235122,9.800445,-0.002920,0.002276,0.001555
99.789846,-0.251297,-0.242973,9.792870,-0.001262,0.008330,0.000969
99.799714,-0.251711,-0.259210,9.788748,0.003878,-0.003566,0.000543
99.809609,-0.233673,-0.257891,9.790382,0.002411,-0.001402,-0.002895
99.819487,-0.245040,-0.237207,9.780616,0.002032,0.002936,-0.001909
99.829391,-0.247303,-0.243506,9.775315,0.000988,-0.000979,0.003519
99.839260,-0.243556,-0.254984,9.793625,0.002689,0.003590,-0.002392
99.849155,-0.241749,-0.258684,9.789992,0.006606,0.001290,0.002221
99.859033,-0.240831,-0.259429,9.790676,-0.001640,0.000326,-0.000189
99.868937,-0.229295,-0.269069,9.794504,-0.000240,-0.000445,0.002078
99.878806,-0.237558,-0.285157,9.785743,-0.000044,0.001639,-0.003738
99.888701,-0.231127,-0.270728,9.795119,-0.000864,-0.000573,0.002073
99.898579,-0.254304,-0.263196,9.807605,0.001218,-0.006004,-0.001521
99.908483,-0.246246,-0.270558,9.798010,0.001239,0.000132,0.002064
99.918352,-0.233337,-0.251068,9.805055,0.000147,-0.001207,0.001664
99.928248,-0.248262,-0.251281,9.778670,-0.003736,-0.001020,-0.000311
99.938125,-0.240685,-0.269956,9.790341,0.003125,0.000628,0.002477
99.948030,-0.248671,-0.260771,9.795007,-0.000152,-0.000559,0.004322
99.957899,-0.254499,-0.278626,9.782449,-0.000318,0.000695,-0.002782
99.967792,-0.246754,-0.274110,9.790921,0.002790,-0.000529,-0.001783
99.977671,-0.233662,-0.261185,9.796923,0.003332,-0.003514,0.000255
99.987575,-0.215082,-0.241080,9.792356,0.005274,0.002003,-0.001339
99.997444,-0.239604,-0.257251,9.814499,0.003065,0.000910,0.001136
100.007338,-0.259928,-0.269202,9.798884,0.001532,0.001654,-0.000670
100.017217,-0.231282,-0.245442,9.774527,0.002744,-0.001949,0.004014
100.027121,-0.233161,-0.252141,9.757080,0.001083,0.002468,-0.002628
100.036989,-0.240056,-0.257626,9.775815,0.001760,-0.002648,0.002050
100.046884,-0.237079,-0.256067,9.792606,0.003906,-0.004546,-0.000191
100.056763,-0.260268,-0.249106,9.794473,0.000620,-0.001236,0.001799
100.066667,-0.258086,-0.256360,9.808640,-0.002262,-0.000781,0.000097
100.076535,-0.233143,-0.239879,9.804195,0.000989,-0.003097,-0.000410
100.086430,-0.242617,-0.246993,9.784698,0.000447,0.001462,-0.000567
100.096308,-0.236909,-0.236487,9.797665,0.000666,-0.003879,-0.000501
100.106213,-0.247969,-0.240798,9.784540,0.000651,0.000837,0.003024
100.116081,-0.259065,-0.263615,9.764523,-0.002211,-0.000232,0.000417
100.125976,-0.243902,-0.259978,9.789775,-0.000472,0.000214,0.001948
100.135854,-0.238234,-0.274108,9.804015,-0.000874,-0.001383,0.002793
100.145759,-0.232434,-0.242977,9.789817,-0.000489,-0.003389,-0.000448
100.155627,-0.239125,-0.246439,9.799475,0.001147,0.004074,-0.000867
100.165522,-0.242239,-0.260408,9.811407,0.001410,-0.000421,0.001101
100.175400,-0.246672,-0.255737,9.801604,0.001527,-0.002134,-0.002541
100.185305,-0.248614,-0.239801,9.782394,-0.002851,0.005980,-0.005954
100.195173,-0.228692,-0.259719,9.789705,-0.001254,0.000800,-0.000007
100.205068,-0.241686,-0.247578,9.758882,0.000010,0.003741,0.000851
100.214946,-0.244603,-0.262999,9.769587,-0.001308,0.001646,0.001964
100.224851,-0.244376,-0.258023,9.784178,0.001916,-0.003837,0.001375
100.234719,-0.234753,-0.265670,9.790376,0.000252,0.000783,0.000216
100.244614,-0.240483,-0.258261,9.803402,0.000731,-0.000674,-0.000469
100.254492,-0.243960,-0.256438,9.803445,0.000766,-0.005260,-0.000408
100.264396,-0.250897,-0.243015,9.775599,0.000400,0.000292,0.002633
100.274265,-0.246418,-0.257392,9.774414,-0.000680,0.001677,-0.002239
100.284160,-0.244872,-0.257148,9.796217,0.000144,0.001088,0.005958
100.294038,-0.244839,-0.262965,9.787149,0.000438,0.003451,-0.002611
100.303942,-0.247745,-0.250977,9.763112,0.001158,-0.001036,-0.000939
100.313811,-0.242043,-0.251228,9.780352,-0.000628,0.002588,-0.001656
100.323706,-0.249289,-0.247651,9.803891,-0.000688,-0.001365,-0.000572
100.333584,-0.244110,-0.251480,9.776952,0.000713,0.000388,0.002991
100.343488,-0.217989,-0.252515,9.801826,0.006446,-0.001000,0.002038
100.353357,-0.230147,-0.254228,9.809541,0.000943,0.000427,-0.001068
100.363252,-0.248167,-0.240428,9.802025,0.000990,-0.003659,0.000417
100.373130,-0.252094,-0.245188,9.804143,0.001326,-0.000481,0.000313
100.383034,-0.250187,-0.261211,9.801514,0.002746,0.001878,0.002986
100.392903,-0.245751,-0.266777,9.802762,0.000216,-0.000362,0.002084
100.402798,-0.241376,-0.244110,9.787503,0.004252,0.002767,0.000872
100.412676,-0.231126,-0.261137,9.797601,0.001316,-0.000866,-0.001571
100.422580,-0.232087,-0.270199,9.793712,0.004094,-0.004302,0.001155
100.432448,-0.247990,-0.259372,9.792367,0.001585,0.000697,0.000928
100.442344,-0.243023,-0.273842,9.805688,0.001772,-0.001609,-0.003198
100.452222,-0.236972,-0.266412,9.793132,-0.001311,0.002745,-0.000067
100.462126,-0.225858,-0.271965,9.785526,-0.002327,0.002458,0.001483
100.471994,-0.230479,-0.251219,9.798474,0.002499,-0.000139,0.001303
100.481889,-0.254766,-0.273462,9.788383,-0.000224,-0.001152,-0.000071
100.491767,-0.246371,-0.252606,9.797508,-0.001177,0.004166,0.005725
100.501672,-0.241633,-0.252337,9.775352,-0.001632,0.001550,-0.001530
100.511540,-0.257467,-0.251321,9.785739,0.004830,-0.000726,0.004253
100.521435,-0.250526,-0.261859,9.804080,0.000406,-0.003289,-0.000139
100.531313,-0.230306,-0.242836,9.791377,-0.000662,0.004002,-0.000577
100.541218,-0.253882,-0.253808,9.804721,0.000283,0.001947,0.001099
100.551086,-0.243035,-0.265683,9.785779,0.000348,-0.001713,0.000867
100.560981,-0.234434,-0.277221,9.770176,0.002488,-0.002137,-0.003778
100.570859,-0.223106,-0.253180,9.799417,0.000644,0.003193,0.001450
100.580764,-0.242718,-0.244666,9.785557,0.001522,-0.000440,-0.002792
100.590632,-0.234846,-0.244577,9.782555,-0.000894,0.004949,-0.000941
100.600527,-0.247927,-0.254110,9.787966,0.000397,0.001496,-0.001642
100.610405,-0.245642,-0.274192,9.762617,-0.000983,-0.002600,0.000552
100.620309,-0.235492,-0.251209,9.779773,0.000273,0.000915,0.003223
100.630178,-0.250527,-0.258739,9.805228,0.000590,-0.000064,0.000443
100.640073,-0.243155,-0.267053,9.799697,0.001587,-0.003987,0.004583
100.649951,-0.240628,-0.256478,9.783668,0.001876,0.000286,-0.004590
100.659855,-0.245907,-0.221665,9.772309,-0.000312,0.000876,-0.002176
100.669724,-0.238206,-0.245454,9.790450,0.001572,0.002541,-0.002371
100.679619,-0.228539,-0.261078,9.786548,-0.000944,-0.001132,0.001338
100.689497,-0.226233,-0.263206,9.788755,0.001856,0.001090,0.001413
100.699401,-0.234370,-0.266179,9.767217,0.001013,-0.001482,0.001426
100.709270,-0.245365,-0.241209,9.801360,0.000729,-0.001148,-0.002358
100.719164,-0.250987,-0.232427,9.800680,0.000166,-0.000016,0.000995
100.729043,-0.255411,-0.234566,9.798451,0.000072,-0.002556,-0.003198
100.738947,-0.243361,-0.234154,9.791951,0.003548,-0.001549,-0.004569
100.748816,-0.246597,-0.241305,9.786785,0.000033,-0.001761,-0.002148
100.758711,-0.230842,-0.241872,9.778019,0.002353,-0.002284,-0.002702
100.768588,-0.246847,-0.256643,9.780695,-0.000255,-0.004946,0.001427
100.778493,-0.243322,-0.263607,9.792718,-0.003184,0.002426,-0.000837
100.788362,-0.234149,-0.266079,9.756293,0.001586,0.004078,0.001734
100.798256,-0.246773,-0.252460,9.781845,-0.002074,0.000333,0.001351
100.808135,-0.267617,-0.253961,9.806755,0.003443,-0.001993,-0.002300
100.818039,-0.250997,-0.268566,9.797459,-0.001483,0.005062,-0.004501
100.827907,-0.228882,-0.249398,9.799412,0.001010,-0.001482,0.000100
100.837802,-0.236471,-0.260046,9.771744,0.001523,0.001142,0.001922
100.847680,-0.258354,-0.252976,9.762150,-0.001757,-0.002142,-0.004671
100.857585,-0.247896,-0.238331,9.794826,0.002977,-0.005895,0.002615
100.867454,-0.236501,-0.250894,9.802609,-0.000771,0.002108,-0.000115
100.877348,-0.237808,-0.256168,9.807025,0.001149,-0.000205,0.002214
100.887226,-0.244854,-0.260256,9.789114,-0.002675,0.002164,0.001181
100.897131,-0.243388,-0.267219,9.803161,-0.001797,0.001869,0.000336
100.906999,-0.260346,-0.256980,9.785462,0.001542,-0.002415,0.000382
100.916894,-0.249612,-0.247509,9.781889,0.000370,0.000758,-0.001781
100.926772,-0.241867,-0.260496,9.784598,-0.000991,0.005078,0.000006
100.936677,-0.233419,-0.253779,9.780762,-0.000799,0.002717,0.000525
100.946545,-0.238839,-0.255784,9.777393,-0.003145,0.003387,0.000990
100.956440,-0.255841,-0.243198,9.801787,0.002234,-0.000126,0.003389
100.966318,-0.233541,-0.254602,9.784694,0.000065,-0.002546,-0.002141
100.976225,-0.233871,-0.277650,9.806379,0.001089,-0.002150,-0.001508
100.986091,-0.241804,-0.270736,9.784132,-0.000376,-0.000770,0.001813
100.995988,-0.234891,-0.256221,9.797884,0.000510,0.002554,-0.000790
101.005864,-0.230069,-0.252556,9.785120,0.004026,0.001342,0.000870
101.015771,-0.242088,-0.244551,9.790190,-0.000256,0.001466,-0.003720
101.025640,-0.247107,-0.252150,9.772123,0.001453,0.000580,-0.001972
101.035534,-0.233409,-0.274402,9.798284,0.000312,0.001346,-0.001621
101.045412,-0.235559,-0.252325,9.811021,-0.000871,-0.004372,0.004560
101.055316,-0.237523,-0.251441,9.795737,0.000375,-0.000699,0.000555
101.065185,-0.234745,-0.258845,9.784499,-0.000209,-0.000757,-0.002162
101.075080,-0.244365,-0.264898,9.787686,0.003817,0.000503,0.000844
101.084958,-0.250093,-0.263941,9.796916,0.001359,-0.000957,0.002814
101.094862,-0.236894,-0.264493,9.771479,0.003285,-0.005611,-0.001335
101.104731,-0.239618,-0.262316,9.774322,0.000870,-0.003570,-0.003848
101.114626,-0.238876,-0.245990,9.816312,0.000065,0.000910,-0.004172
101.124505,-0.247851,-0.266117,9.813949,-0.000432,-0.002425,0.001511
101.134408,-0.246553,-0.269326,9.802439,0.000890,0.002247,0.001992
101.144277,-0.230590,-0.269168,9.796180,-0.000900,-0.000489,-0.000833
101.154171,-0.241838,-0.287045,9.772013,-0.003921,0.002816,0.000618
101.164050,-0.238953,-0.261822,9.797746,-0.000117,-0.000869,0.002368
101.173955,-0.257324,-0.255315,9.813600,0.002319,-0.000542,-0.002080
101.183823,-0.249666,-0.269947,9.812278,0.001295,0.000322,0.001672
101.193717,-0.240893,-0.257408,9.794645,0.000180,0.000715,0.002389
101.203596,-0.237305,-0.252878,9.800249,-0.000103,0.000033,-0.002472
101.213501,-0.230915,-0.270278,9.794351,-0.000697,-0.001948,0.000664
101.223369,-0.227479,-0.284105,9.791301,0.001384,-0.002487,-0.004393
101.233263,-0.243324,-0.267906,9.778279,-0.001950,0.002060,0.001039
101.243142,-0.255222,-0.250804,9.761541,0.000792,-0.000692,0.004762
101.253046,-0.240525,-0.241545,9.779061,-0.002098,-0.001262,-0.000197
101.262915,-0.251471,-0.264154,9.786767,-0.004075,0.002164,0.000099
101.272809,-0.256102,-0.242716,9.791316,0.001278,0.001168,-0.004117
101.282686,-0.236032,-0.251476,9.793864,-0.000597,0.003080,0.001457
101.292590,-0.228872,-0.260315,9.779022,-0.001007,-0.001338,-0.000870
101.302462,-0.233372,-0.243858,9.799482,0.000377,0.004019,-0.003834
101.312353,-0.252143,-0.247428,9.803154,-0.001497,0.001438,-0.002786
101.322232,-0.253415,-0.257471,9.785185,-0.000265,0.001455,-0.001844
101.332136,-0.250360,-0.268420,9.781216,-0.002253,-0.000120,-0.003980
101.342004,-0.235660,-0.262647,9.785786,-0.001379,0.002595,-0.002390
101.351899,-0.236713,-0.284990,9.786827,-0.001098,0.003802,0.003866
101.361777,-0.237594,-0.272780,9.798848,0.000678,-0.001433,0.002051
101.371682,-0.240455,-0.265235,9.794547,0.000502,0.000398,-0.002053
101.381550,-0.239978,-0.250941,9.792288,0.001026,0.000948,-0.001159
101.391445,-0.238430,-0.250426,9.783904,0.000455,-0.001192,-0.001159
101.401323,-0.235676,-0.259307,9.788147,0.002849,-0.001804,-0.002588
101.411228,-0.249310,-0.247169,9.793412,0.000817,-0.000976,-0.002858
101.421097,-0.249616,-0.259651,9.808296,-0.000906,0.001928,-0.001773
101.430991,-0.234559,-0.267611,9.788831,0.002346,0.000613,-0.001480
101.440869,-0.231474,-0.243929,9.778934,0.002584,0.000808,-0.000091
101.450774,-0.236719,-0.240597,9.775116,0.000380,0.002592,0.001103
101.460642,-0.231440,-0.243704,9.786232,-0.000570,-0.002994,-0.001277
101.470537,-0.251170,-0.240261,9.794049,0.000871,-0.008242,-0.002071
101.480415,-0.238620,-0.265213,9.790655,0.002481,0.007666,-0.001080
101.490320,-0.245603,-0.267920,9.801238,0.001497,0.001967,-0.001070
101.500188,-0.252956,-0.268160,9.796883,0.001053,-0.003802,0.001460
101.510083,-0.245144,-0.253916,9.808338,0.002006,-0.001793,-0.000391
101.519961,-0.250658,-0.237288,9.795499,-0.000363,-0.001838,-0.001079
101.529866,-0.237870,-0.248228,9.799756,-0.000547,-0.001569,0.000402
101.539734,-0.247598,-0.245014,9.792393,0.000101,0.001753,0.001449
101.549629,-0.260661,-0.251566,9.794360,0.002011,-0.002804,-0.002531
101.559507,-0.252409,-0.256533,9.790528,-0.000167,0.009353,-0.001093
101.569411,-0.230755,-0.271126,9.784984,0.001596,0.006167,0.000554
101.579280,-0.238529,-0.273267,9.778195,0.003628,-0.001898,0.000913
101.589175,-0.248652,-0.255871,9.801728,0.002457,0.003376,-0.004087
101.599053,-0.251273,-0.245925,9.782661,-0.001600,-0.002441,-0.001204
101.608958,-0.253824,-0.240281,9.795631,-0.000746,-0.003193,-0.000745
101.618826,-0.245312,-0.257891,9.790900,0.000785,-0.000722,-0.002932
101.628721,-0.231893,-0.242517,9.795524,0.004497,0.001011,-0.000840
101.638599,-0.230360,-0.240754,9.786102,0.002610,-0.000172,-0.000893
101.648503,-0.238212,-0.244988,9.787009,-0.000608,-0.000170,0.000703
101.658372,-0.225486,-0.234794,9.786442,0.004006,0.002279,-0.000712
101.668266,-0.230268,-0.238679,9.775084,0.002156,0.000643,-0.000664
101.678145,-0.233026,-0.248336,9.773027,-0.001506,0.001478,-0.002071
101.688049,-0.249666,-0.248419,9.765139,0.001830,-0.001365,-0.003460
101.697917,-0.247231,-0.250891,9.788618,-0.000413,0.002117,-0.000862
101.707812,-0.245628,-0.272176,9.767996,-0.000920,0.001757,-0.001066
101.717691,-0.250305,-0.261553,9.782513,-0.001632,-0.003045,-0.002415
101.727595,-0.231814,-0.264275,9.788402,0.001363,0.000804,-0.003480
101.737463,-0.243040,-0.264031,9.779738,0.000916,0.003086,0.001386
101.747358,-0.238656,-0.255088,9.782774,0.003899,-0.000254,0.000612
101.757236,-0.230517,-0.243148,9.797594,0.001484,-0.002693,-0.003759
101.767143,-0.245668,-0.254550,9.783934,0.002232,-0.001390,-0.000502
101.777011,-0.248363,-0.260929,9.790303,0.000222,0.001477,-0.003425
101.786906,-0.234833,-0.254228,9.786862,0.003815,-0.002510,0.000236
101.796784,-0.237337,-0.251110,9.788209,-0.002227,0.002093,-0.001934
101.806687,-0.259367,-0.253945,9.785633,0.000698,0.002906,-0.001331
101.816555,-0.231614,-0.256748,9.791424,0.000818,-0.001609,-0.000743
101.826453,-0.231817,-0.261661,9.807450,0.003017,-0.000969,0.002567
101.836328,-0.225164,-0.261704,9.818943,0.000555,-0.000053,-0.000418
101.846233,-0.237748,-0.271627,9.805910,0.000373,-0.002113,-0.000012
101.856101,-0.237865,-0.246370,9.785835,0.003162,-0.003137,-0.000799
101.865996,-0.249371,-0.254994,9.796350,0.000148,0.003354,-0.000884
101.875874,-0.253101,-0.257515,9.790635,-0.001040,-0.006137,0.002817
101.885779,-0.242591,-0.244123,9.776428,0.001636,0.000168,-0.002447
101.895647,-0.243309,-0.261183,9.789678,0.002296,0.003055,-0.002422
101.905542,-0.228153,-0.266451,9.776936,-0.001996,0.004951,0.000083
101.915420,-0.233964,-0.252857,9.806026,0.002910,-0.000926,-0.001286
101.925324,-0.232720,-0.255986,9.787153,-0.000518,-0.000221,0.001995
101.935193,-0.242185,-0.261937,9.784414,0.002968,-0.001676,-0.000683
101.945088,-0.236728,-0.273992,9.779750,-0.000610,0.001194,0.001147
101.954966,-0.244189,-0.249329,9.766983,-0.000900,0.001850,-0.000319
101.964870,-0.244355,-0.252091,9.782879,-0.001343,0.002839,-0.000873
101.974739,-0.241835,-0.247233,9.788989,0.000168,0.004797,-0.001021
101.984634,-0.249008,-0.252149,9.792485,0.000246,0.001163,0.001184
101.994512,-0.227874,-0.241318,9.778740,0.001749,0.003479,-0.001605
102.004416,-0.225458,-0.231945,9.785877,-0.001315,0.004622,0.000879
102.014285,-0.218869,-0.254193,9.793025,0.000254,-0.002885,-0.002031
102.024180,-0.236555,-0.244217,9.801603,-0.000945,0.000475,0.001468
102.034058,-0.241698,-0.259703,9.792906,-0.003416,-0.002926,-0.003114
102.043962,-0.248635,-0.252404,9.790907,0.000058,0.001684,-0.002970
102.053831,-0.236871,-0.265260,9.783854,0.002287,-0.001804,-0.000704
102.063726,-0.224901,-0.263278,9.782365,0.001102,-0.000494,0.003069
102.073604,-0.229827,-0.259936,9.798521,-0.001338,-0.000292,-0.003034
102.083508,-0.236773,-0.260802,9.794031,0.002814,-0.003215,0.001680
102.093377,-0.225999,-0.239973,9.805021,-0.001871,0.002097,-0.003401
102.103272,-0.246480,-0.251849,9.805938,-0.001392,0.002148,0.001042
102.113150,-0.247826,-0.260590,9.803212,-0.001366,-0.000741,-0.000313
102.123055,-0.233748,-0.266455,9.807920,0.002365,-0.001913,-0.002271
102.132923,-0.240540,-0.256596,9.808255,-0.002831,0.003773,-0.001773
102.142818,-0.250407,-0.265936,9.783789,0.002500,-0.001398,-0.001247
102.152696,-0.218757,-0.261423,9.767943,0.001693,0.002077,0.003584
102.162600,-0.236810,-0.256028,9.786397,0.000910,-0.002072,0.000790
102.172469,-0.241195,-0.258996,9.772595,0.003378,0.001116,0.001944
102.182364,-0.253959,-0.258757,9.800026,-0.002352,-0.001695,0.002636
102.192242,-0.240806,-0.263015,9.803285,0.003190,0.000316,-0.001756
102.202146,-0.228295,-0.268620,9.812267,0.000414,0.006129,-0.000697
102.212014,-0.243968,-0.256571,9.800666,-0.000019,-0.004501,-0.003345
102.221909,-0.257970,-0.260831,9.791454,0.001913,0.005432,-0.000340
102.231787,-0.263657,-0.246705,9.783329,-0.001210,0.002194,-0.000214
102.241692,-0.245287,-0.267786,9.783854,0.002703,-0.000945,0.001267
102.251560,-0.221396,-0.246386,9.783070,-0.000724,-0.001858,0.001748
102.261455,-0.229743,-0.243854,9.789794,-0.000491,-0.000940,0.001939
102.271333,-0.239646,-0.253010,9.797062,-0.000684,0.004406,-0.001399
102.281238,-0.248316,-0.254106,9.807337,0.000644,0.002456,-0.003238
102.291108,-0.241591,-0.249589,9.796393,-0.000178,-0.001851,0.000379
102.301003,-0.239531,-0.247508,9.770189,0.000278,0.001012,0.003549
102.310881,-0.230412,-0.260718,9.757451,-0.001348,0.002270,-0.001954
102.320784,-0.236523,-0.254617,9.765888,-0.000859,-0.000033,-0.003145
102.330652,-0.257742,-0.242836,9.789111,-0.000336,-0.001879,-0.001276
102.340551,-0.238292,-0.259528,9.802942,-0.000203,-0.004316,-0.003594
102.350425,-0.239755,-0.248872,9.816934,0.002840,-0.001474,0.002557
102.360329,-0.239565,-0.255432,9.784835,0.003760,0.000048,0.001658
102.370198,-0.247957,-0.242637,9.770183,0.000350,0.000817,-0.000529
102.380093,-0.251476,-0.262027,9.787344,0.001884,-0.000434,0.000718
102.389971,-0.233259,-0.250861,9.788198,0.002704,0.000423,-0.000233
102.399875,-0.239122,-0.248710,9.774085,-0.000853,0.001665,0.000895
102.409744,-0.245224,-0.256200,9.778428,-0.002906,0.003296,-0.000808
102.419639,-0.269026,-0.259521,9.776414,-0.000765,-0.000357,0.002521
102.429517,-0.255137,-0.250747,9.802919,0.001076,-0.001188,0.000453
102.439421,-0.245444,-0.266919,9.796036,0.003915,-0.001218,0.004086
102.449290,-0.237375,-0.273230,9.801603,0.003192,-0.002722,0.001396
102.459185,-0.241915,-0.257581,9.784409,0.000221,0.005510,-0.002098
102.469062,-0.232487,-0.263731,9.812961,0.000312,-0.001177,-0.004949
102.478967,-0.236833,-0.256064,9.791606,0.001332,-0.006235,-0.000421
102.488835,-0.235141,-0.254246,9.789232,0.001909,-0.002127,0.002899
102.498731,-0.240048,-0.270468,9.783201,0.000367,0.001767,-0.004005
102.508609,-0.253097,-0.267104,9.778653,0.000286,0.001057,0.000508
102.518513,-0.242446,-0.258715,9.790540,0.002947,-0.001869,-0.000517
102.528381,-0.247188,-0.237054,9.778248,-0.000526,0.002010,-0.001344
102.538276,-0.253038,-0.260508,9.769344,0.003992,-0.000404,0.002349
102.548154,-0.239215,-0.260567,9.763962,0.000995,-0.000777,0.002581
102.558059,-0.229728,-0.261211,9.784144,0.000506,0.003275,-0.001923
102.567927,-0.231560,-0.262296,9.787936,-0.001367,0.001934,-0.002211
102.577822,-0.247264,-0.255808,9.788407,-0.000320,-0.003482,-0.001098
102.587700,-0.244356,-0.264990,9.772010,-0.002191,0.001989,0.000842
102.597605,-0.245814,-0.239415,9.776190,0.001177,0.000792,-0.001350
102.607473,-0.231361,-0.246872,9.792217,-0.003277,0.006100,-0.000983
102.617368,-0.226643,-0.256216,9.797704,0.000077,-0.001035,0.003392
102.627246,-0.221498,-0.262188,9.779418,-0.000616,0.001936,0.003426
102.637151,-0.229597,-0.253417,9.809159,-0.000844,0.000564,-0.000394
102.647019,-0.237854,-0.248822,9.798033,-0.000206,0.000697,0.000939
102.656914,-0.233367,-0.285712,9.790478,-0.000070,-0.001938,-0.000483
102.666792,-0.239655,-0.270853,9.788535,-0.000098,-0.002313,-0.003869
102.676696,-0.242887,-0.255380,9.801924,-0.000384,0.000051,-0.000157
102.686565,-0.234973,-0.270365,9.798103,0.001029,0.001012,0.000958
102.696460,-0.236663,-0.271058,9.800564,0.003007,0.003219,-0.002447
102.706338,-0.250078,-0.271933,9.798865,0.001736,0.001800,0.001431
102.716242,-0.257250,-0.262286,9.789898,-0.000038,-0.001411,0.002237
102.726111,-0.258210,-0.248366,9.789476,-0.001881,-0.000944,0.002211
102.736006,-0.248873,-0.250225,9.795554,-0.000102,-0.001839,0.000389
102.745884,-0.235979,-0.231741,9.777866,0.002484,-0.002065,0.000323
102.755788,-0.237653,-0.247131,9.773490,-0.003143,0.002334,-0.001615
102.765657,-0.230835,-0.256420,9.786962,-0.000363,-0.002102,0.000701
102.775552,-0.230990,-0.283880,9.811657,-0.000971,0.001281,-0.001823
102.785430,-0.237533,-0.259370,9.799930,0.000973,-0.003146,0.004709
102.795334,-0.226650,-0.251022,9.774103,0.001045,0.003464,0.000908
102.805203,-0.240914,-0.267601,9.767409,-0.001131,-0.000266,0.004353
102.815098,-0.249546,-0.257356,9.789465,-0.001364,-0.002151,-0.004438
102.824976,-0.244477,-0.264377,9.773620,0.000380,-0.000992,0.001948
102.834880,-0.229983,-0.259571,9.760882,-0.000154,0.000344,0.004087
102.844749,-0.249205,-0.259406,9.772092,0.004200,-0.003747,0.001296
102.854644,-0.257338,-0.258422,9.785177,0.001504,0.003726,0.000842
102.864522,-0.236773,-0.256385,9.781521,0.000486,-0.003082,0.001327
102.874426,-0.238039,-0.241446,9.788825,0.001895,-0.002888,-0.000554
102.884295,-0.255465,-0.253800,9.796283,-0.000949,0.002403,-0.003052
102.894189,-0.246472,-0.268006,9.790719,0.000123,0.001256,-0.000918
102.904068,-0.233033,-0.258067,9.795173,0.001734,0.000787,-0.000376
102.913972,-0.230671,-0.245200,9.787771,0.001400,0.002492,-0.002836
102.923841,-0.249033,-0.271603,9.781125,0.000889,-0.000971,0.000405
102.933736,-0.247025,-0.261443,9.788792,0.001744,0.002873,-0.002361
102.943613,-0.236491,-0.253328,9.787972,0.002868,-0.003601,0.000080
102.953518,-0.234753,-0.246931,9.777692,0.000691,0.000720,0.001389
102.963387,-0.238497,-0.253855,9.784998,0.001315,0.001505,0.000249
102.973281,-0.244969,-0.250738,9.779596,0.004788,-0.001441,-0.000567
102.983159,-0.256299,-0.257146,9.794426,0.000486,-0.003069,-0.000710
102.993064,-0.239823,-0.277264,9.785086,-0.004115,-0.000236,0.001029
103.002932,-0.226502,-0.252144,9.794381,0.003041,-0.003688,-0.003227
103.012827,-0.234294,-0.240179,9.796578,0.000434,-0.000154,0.002892
103.022705,-0.252608,-0.268465,9.814039,0.000734,0.003156,0.000615
103.032610,-0.243601,-0.267312,9.810666,-0.000329,0.003152,-0.002107
103.042478,-0.234194,-0.261826,9.786607,0.001126,-0.000767,0.001410
103.052373,-0.235211,-0.241293,9.782071,0.001217,0.001674,-0.001913
103.062251,-0.257116,-0.268182,9.801201,0.002264,-0.002117,-0.005040
103.072156,-0.244188,-0.253703,9.801410,-0.001980,-0.001953,0.000278
103.082024,-0.222537,-0.245027,9.797102,-0.000405,-0.000116,0.000907
103.091919,-0.232009,-0.250132,9.773540,0.004115,-0.001336,0.000893
103.101797,-0.251352,-0.252908,9.793816,-0.000356,-0.002878,-0.001383
103.111702,-0.263979,-0.256933,9.803839,0.001734,-0.002733,0.000318
103.121570,-0.252736,-0.257818,9.784623,0.000428,0.001085,-0.000488
103.131465,-0.251334,-0.255474,9.780487,-0.000793,0.002187,-0.000689
103.141343,-0.239857,-0.262422,9.800551,0.000533,-0.003816,0.005088
103.151247,-0.260733,-0.254946,9.785253,0.000889,0.002436,-0.002175
103.161116,-0.236083,-0.262690,9.797155,-0.000873,-0.000134,-0.001716
103.171011,-0.224311,-0.267939,9.772137,0.001803,0.000522,-0.004520
103.180889,-0.244870,-0.264744,9.788005,-0.000408,0.004137,-0.000410
103.190794,-0.248719,-0.242047,9.780755,-0.000587,0.000659,-0.003721
103.200662,-0.244275,-0.237709,9.767762,0.001696,-0.003902,0.001129
103.210557,-0.233315,-0.240525,9.787514,0.000197,-0.000472,-0.001874
103.220435,-0.238217,-0.256420,9.792767,0.001750,0.004604,0.001740
103.230339,-0.245091,-0.245572,9.789423,-0.000905,0.000880,0.001050
103.240208,-0.236185,-0.228432,9.783286,0.000689,-0.004013,-0.000928
103.250103,-0.227246,-0.255074,9.773958,0.001539,0.003043,0.000880
103.259981,-0.224902,-0.236548,9.796228,0.001991,0.000348,-0.003301
103.269885,-0.234916,-0.218933,9.806810,-0.000234,0.001152,-0.000873
103.279754,-0.240757,-0.245592,9.799869,0.001063,0.001751,0.002044
103.289649,-0.241659,-0.255002,9.782879,-0.000873,0.001660,0.000993
103.299527,-0.246779,-0.260553,9.792983,-0.000033,0.002420,-0.003079
103.309431,-0.252244,-0.271716,9.790926,-0.000220,0.000974,0.001038
103.319300,-0.238365,-0.250859,9.792680,0.000770,0.001161,0.001613
103.329194,-0.233767,-0.265023,9.784794,0.001197,-0.001058,0.003563
103.339073,-0.244732,-0.242599,9.777125,0.002590,0.002536,0.001649
103.348979,-0.251039,-0.267425,9.786062,0.002317,-0.002488,-0.001285
103.358845,-0.246064,-0.266449,9.784063,-0.000766,0.001066,-0.006860
103.368742,-0.240129,-0.244791,9.780473,0.000743,0.002631,0.001541
103.378619,-0.236797,-0.246420,9.811614,-0.000878,0.000543,0.001085
103.388525,-0.233952,-0.249351,9.790943,-0.000183,-0.000448,-0.002211
103.398393,-0.244932,-0.255064,9.790667,0.000741,-0.001777,0.001656
103.408288,-0.228606,-0.261268,9.789384,0.002587,0.003453,0.003222
103.418166,-0.246216,-0.253920,9.792181,-0.002897,0.002193,-0.002440
103.428071,-0.231833,-0.246352,9.794513,0.000739,-0.001631,0.001786
103.437940,-0.234916,-0.259934,9.799256,0.001492,-0.004525,-0.002696
103.447834,-0.247336,-0.262005,9.787497,0.003474,-0.002110,-0.001701
103.457712,-0.244645,-0.252985,9.779195,-0.001839,-0.001910,0.000070
103.467617,-0.234781,-0.250051,9.793128,-0.002649,0.000450,-0.001256
103.477485,-0.233689,-0.252643,9.797074,0.002464,-0.003652,-0.001855
103.487380,-0.238107,-0.252006,9.785924,-0.000394,-0.002166,-0.003543
103.497259,-0.232802,-0.252061,9.802084,0.000239,-0.000281,-0.000825
103.507163,-0.237584,-0.261238,9.796877,0.002898,-0.001366,0.001921
103.517031,-0.235282,-0.251716,9.770143,0.000226,0.002598,-0.000820
103.526926,-0.231159,-0.252755,9.768165,0.002722,-0.005562,0.003551
103.536804,-0.241704,-0.258531,9.781235,0.001657,-0.000965,0.000472
103.546709,-0.238234,-0.246423,9.778147,0.002802,-0.000485,-0.000824
103.556577,-0.251212,-0.239071,9.770382,-0.001191,-0.002331,-0.003431
103.566472,-0.239667,-0.245208,9.794586,0.003712,0.005132,0.004268
103.576350,-0.249416,-0.250358,9.794532,0.000754,0.001533,0.002563
103.586255,-0.234683,-0.278822,9.788123,0.000535,-0.000195,0.000026
103.596123,-0.222679,-0.264522,9.771006,0.001238,0.003293,-0.005500
103.606018,-0.233592,-0.249865,9.787185,0.003960,-0.005209,0.001146
103.615896,-0.268863,-0.272686,9.783487,-0.002258,0.003537,-0.000808
103.625800,-0.243128,-0.257570,9.790629,-0.000918,0.002181,0.001672
103.635669,-0.249019,-0.263351,9.803776,0.000340,-0.000504,-0.002437
103.645562,-0.246881,-0.271498,9.783850,0.005014,-0.000801,-0.000226
103.655443,-0.253100,-0.249170,9.787110,0.001078,-0.000051,0.002915
103.665345,-0.253451,-0.234229,9.777364,0.000804,-0.003648,-0.002396
103.675213,-0.236381,-0.238897,9.764806,0.002916,0.000440,0.000144
103.685108,-0.240491,-0.263524,9.753834,-0.000177,0.003560,-0.001242
103.694986,-0.234893,-0.272248,9.765353,-0.001727,0.000327,-0.007289
103.704890,-0.232751,-0.242104,9.784616,-0.003205,-0.002883,0.000498
103.714759,-0.221394,-0.249805,9.785154,-0.000417,0.002250,-0.003487
103.724654,-0.229537,-0.260383,9.755847,0.003263,-0.001540,-0.003261
103.734532,-0.246839,-0.243570,9.785095,-0.002016,-0.001897,-0.000007
103.744437,-0.240045,-0.269856,9.798904,0.000241,-0.006013,-0.002971
103.754305,-0.245835,-0.271783,9.786869,-0.001251,0.000498,-0.002223
103.764200,-0.245611,-0.238861,9.801196,0.001442,0.005428,-0.001311
103.774078,-0.238936,-0.230107,9.785666,-0.000717,-0.001298,0.003536
103.783982,-0.227258,-0.243083,9.774747,0.000318,0.004265,0.001133
103.793851,-0.235491,-0.252338,9.786025,-0.000442,0.000984,0.000364
103.803746,-0.248228,-0.257719,9.803032,-0.001528,0.003694,0.001845
103.813624,-0.233087,-0.281233,9.791689,-0.000150,0.000387,-0.003643
103.823528,-0.235072,-0.254886,9.800422,0.002223,-0.000655,0.000431
103.833397,-0.245670,-0.268761,9.774986,-0.000453,0.001048,-0.002212
103.843292,-0.264370,-0.272381,9.774537,0.001168,-0.000514,-0.000699
103.853170,-0.246533,-0.245942,9.774169,0.000968,0.001128,-0.002585
103.863074,-0.250394,-0.270389,9.776427,0.001889,-0.003512,0.000780
103.872943,-0.249909,-0.277125,9.777504,0.000230,0.002563,-0.001718
103.882838,-0.229641,-0.254428,9.781684,-0.002562,0.003690,-0.002258
103.892716,-0.249389,-0.265711,9.809022,0.002567,-0.002659,0.000259
103.902620,-0.257553,-0.249233,9.797724,0.000016,-0.000744,0.000587
103.912489,-0.246873,-0.255222,9.804702,0.000554,-0.001960,0.000342
103.922384,-0.247631,-0.260511,9.793695,-0.002438,0.000743,-0.003231
103.932262,-0.247750,-0.279843,9.804750,-0.000465,0.003593,0.001294
103.942166,-0.241138,-0.263589,9.800740,0.000406,0.004982,0.000353
103.952035,-0.241790,-0.268566,9.796915,-0.001604,-0.001962,-0.000401
103.961929,-0.245901,-0.268295,9.784399,0.002898,0.001240,-0.001592
103.971808,-0.246469,-0.242488,9.810265,0.000508,-0.000646,-0.000452
103.981712,-0.246606,-0.236045,9.787308,0.002483,-0.003452,0.003552
103.991580,-0.248191,-0.231767,9.781366,-0.000241,0.002987,0.001467
104.001475,-0.242306,-0.239045,9.789954,0.001571,-0.000409,0.000103
104.011354,-0.237058,-0.261433,9.772881,0.000370,-0.003878,-0.000342
104.021258,-0.253463,-0.264682,9.759687,0.004567,0.001890,-0.002602
104.031127,-0.242946,-0.259183,9.776144,0.001532,-0.001311,0.001151
104.041021,-0.244574,-0.255101,9.784849,-0.000787,0.001518,-0.001427
104.050899,-0.224741,-0.262204,9.807943,-0.002315,-0.001177,-0.000038
104.060803,-0.240425,-0.253508,9.804444,-0.000043,0.004542,0.001659
104.070672,-0.247582,-0.243491,9.767868,-0.002138,-0.002753,0.001419
104.080568,-0.246577,-0.245000,9.795498,0.003102,-0.003125,0.002157
104.090445,-0.245761,-0.254624,9.793849,-0.002303,-0.000258,0.000361
104.100349,-0.239278,-0.242997,9.786192,0.003718,0.000117,0.001811
104.110218,-0.259571,-0.267664,9.784230,0.001017,0.001014,-0.001815
104.120113,-0.243461,-0.270059,9.775681,0.001609,-0.003346,0.003870
104.129991,-0.230998,-0.256558,9.777344,0.000076,0.004721,-0.000066
104.139897,-0.245567,-0.282004,9.779489,0.001738,0.001494,-0.003185
104.149766,-0.247518,-0.284002,9.794083,-0.002417,0.000433,-0.000959
104.159660,-0.248521,-0.268799,9.798574,-0.000321,-0.002047,-0.002368
104.169537,-0.241678,-0.256289,9.808362,0.000917,-0.000747,-0.000886
104.179443,-0.246277,-0.258333,9.782886,-0.003822,0.005194,-0.001591
104.189311,-0.257559,-0.253901,9.776022,0.001509,0.002174,0.004438
104.199205,-0.248656,-0.265587,9.778074,0.002438,0.000838,-0.003215
104.209083,-0.229930,-0.276077,9.791071,-0.002568,-0.003422,-0.001065
104.218987,-0.238090,-0.251573,9.777971,0.000662,-0.002226,0.000397
104.228856,-0.235184,-0.247798,9.794064,0.001818,-0.001070,-0.003515
104.238751,-0.255833,-0.254398,9.780588,-0.001660,-0.001195,0.001117
104.248629,-0.242725,-0.261503,9.769281,0.001100,-0.004448,0.001215
104.258534,-0.238045,-0.271571,9.788765,-0.000149,-0.000738,-0.000189
104.268402,-0.230913,-0.267009,9.790044,0.003518,-0.002767,0.001312
104.278297,-0.232050,-0.251453,9.783143,-0.002230,0.005969,0.000841
104.288175,-0.237705,-0.248835,9.784269,0.003905,0.000104,0.004625
104.298079,-0.240572,-0.248776,9.764942,0.000782,0.005262,-0.000824
104.307948,-0.223052,-0.263000,9.771145,0.003842,0.000046,-0.000807
104.317843,-0.229096,-0.248489,9.795518,-0.001110,-0.000365,-0.000832
104.327721,-0.247850,-0.244410,9.794013,0.001248,0.003406,-0.001193
104.337625,-0.246070,-0.250346,9.782943,-0.001235,-0.001340,0.000816
104.347494,-0.239484,-0.247874,9.773304,-0.000835,0.002852,-0.001290
104.357388,-0.246795,-0.250939,9.775714,0.001713,0.000966,0.000303
104.367267,-0.254263,-0.260693,9.779778,0.000606,0.001896,-0.000261
104.377171,-0.243656,-0.274203,9.798160,0.000539,0.003395,-0.003499
104.387040,-0.248988,-0.258582,9.792944,0.003039,0.001219,0.002086
104.396935,-0.254065,-0.240457,9.779723,0.000408,-0.005475,0.000312
104.406813,-0.249696,-0.248576,9.778120,0.000726,-0.000670,-0.001026
104.416717,-0.237637,-0.246361,9.763845,-0.003291,0.002548,-0.002577
104.426586,-0.249562,-0.242326,9.785458,0.003080,0.002553,-0.003959
104.436481,-0.235699,-0.271559,9.798621,0.000882,0.000386,0.004998
104.446358,-0.233742,-0.268005,9.790155,-0.002379,0.003934,-0.001680
104.456263,-0.236255,-0.259428,9.777306,0.000322,-0.000780,-0.001800
104.466132,-0.238293,-0.252622,9.794409,0.000710,0.000645,-0.004596
104.476026,-0.237713,-0.256180,9.797937,0.001588,-0.001376,0.002667
104.485904,-0.250035,-0.245684,9.798640,0.002754,-0.002882,0.000270
104.495809,-0.237575,-0.254489,9.775418,0.002088,0.000028,0.001373
104.505677,-0.245477,-0.245796,9.795645,-0.000598,-0.000852,0.000390
104.515572,-0.244846,-0.228974,9.799042,-0.000013,0.002549,0.000981
104.525450,-0.241992,-0.237069,9.778015,0.004021,-0.000716,-0.001085
104.535355,-0.236396,-0.271895,9.779303,0.000873,0.000269,-0.000055
104.545223,-0.229947,-0.278448,9.786381,0.001403,0.001325,-0.002497
104.555118,-0.241744,-0.247363,9.769363,0.001141,-0.003804,0.001151
104.564996,-0.253722,-0.268122,9.786740,0.002123,-0.004505,-0.004606
104.574900,-0.251678,-0.267716,9.779400,0.001183,-0.000076,-0.002787
104.584769,-0.247820,-0.263865,9.787944,-0.000154,-0.000753,-0.000504
104.594664,-0.249220,-0.259484,9.783539,-0.001611,0.000432,0.001783
104.604542,-0.245414,-0.254878,9.798311,0.000882,-0.001995,0.000871
104.614446,-0.248655,-0.267239,9.796179,-0.000337,0.000189,0.000339
104.624315,-0.239299,-0.251771,9.790256,0.000368,-0.001396,0.003530
104.634210,-0.226634,-0.253586,9.786400,0.000644,0.000579,0.002378
104.644088,-0.244985,-0.274649,9.791431,0.001642,0.001449,-0.002581
104.653992,-0.243289,-0.260135,9.789178,0.002722,-0.001392,0.002153
104.663863,-0.232508,-0.245787,9.781080,0.002107,0.000550,-0.000724
104.673757,-0.232841,-0.262093,9.790367,-0.001637,0.001943,-0.002707
104.683635,-0.240173,-0.230622,9.804796,0.002459,0.000048,-0.004459
104.693542,-0.246338,-0.237246,9.791169,-0.000180,0.002268,0.000090
104.703407,-0.224153,-0.263938,9.803978,0.000895,-0.002252,-0.002091
104.713302,-0.229597,-0.265266,9.775235,0.003073,0.000058,-0.004441
104.723180,-0.227380,-0.265001,9.795982,0.000648,0.006243,-0.001747
104.733084,-0.244720,-0.253541,9.813005,0.001666,-0.003224,0.003833
104.742953,-0.262986,-0.261490,9.797318,0.003739,-0.000122,0.000819
104.752847,-0.233529,-0.242490,9.772826,0.001455,-0.001380,-0.002240
104.762726,-0.228620,-0.244770,9.795804,0.001949,-0.002787,0.004323
104.772630,-0.222357,-0.259163,9.795106,0.001423,-0.001448,-0.000050
104.782498,-0.232398,-0.262309,9.789036,-0.000489,-0.001106,0.000436
104.792394,-0.243767,-0.276505,9.793282,0.000460,-0.002421,0.001098
104.802272,-0.255068,-0.259169,9.818014,-0.000319,0.001927,-0.000844
104.812176,-0.259145,-0.258679,9.802078,-0.000727,0.001826,0.000480
104.822045,-0.255422,-0.253496,9.812985,0.001314,0.000593,-0.000355
104.831939,-0.245899,-0.254727,9.799871,-0.001373,-0.003719,-0.000431
104.841818,-0.239908,-0.258857,9.790298,0.000310,0.001606,-0.002525
104.851722,-0.238992,-0.264883,9.789607,0.000477,0.003750,-0.000365
104.861591,-0.257548,-0.261029,9.782474,0.001362,-0.002224,-0.001226
104.871485,-0.251960,-0.251981,9.797476,0.001969,0.005274,-0.000663
104.881364,-0.264075,-0.260908,9.808027,0.000861,-0.001468,0.003105
104.891268,-0.246927,-0.263388,9.794055,-0.000106,-0.003311,-0.001897
104.901136,-0.252826,-0.250392,9.779133,-0.001469,-0.000643,-0.000955
104.911031,-0.240553,-0.237174,9.795433,-0.000227,0.001650,-0.000257
104.920909,-0.227788,-0.252993,9.783608,0.001619,0.003110,-0.000908
104.930814,-0.240572,-0.260345,9.775186,0.002542,0.000895,0.003387
104.940682,-0.216905,-0.257682,9.780943,0.000983,0.002513,-0.003159
104.950577,-0.236589,-0.254642,9.780477,0.000456,-0.000336,0.002455
104.960455,-0.219476,-0.260293,9.775937,0.002190,0.001398,-0.000213
104.970360,-0.239125,-0.257007,9.799860,0.000421,-0.001382,-0.001221
104.980228,-0.237350,-0.243801,9.802411,0.001171,0.002666,0.001291
104.990123,-0.240419,-0.278162,9.790027,0.000567,0.000669,-0.004686
105.000001,-0.236551,-0.245116,9.786297,0.000707,0.001011,0.001218
105.009906,-0.233823,-0.261297,9.776720,0.002493,0.000281,0.004613
105.019774,-0.240212,-0.269825,9.773726,0.003373,-0.001173,-0.001149
105.029669,-0.232110,-0.255713,9.778717,0.002867,-0.004998,0.003646
105.039547,-0.234206,-0.268649,9.790705,0.002153,-0.001498,-0.000931
105.049452,-0.251013,-0.272818,9.783700,-0.000684,0.000313,0.000593
105.059320,-0.235818,-0.273788,9.778043,0.003849,-0.008219,0.000544
105.069215,-0.228577,-0.238677,9.783983,0.004915,-0.001268,-0.000655
105.079093,-0.238289,-0.249107,9.784227,-0.001084,0.002521,0.001101
105.088998,-0.237801,-0.258055,9.783802,0.001470,0.002119,-0.000986
105.098866,-0.243560,-0.262398,9.788078,-0.000169,0.002023,0.000928
105.108761,-0.231273,-0.259253,9.798072,-0.000108,-0.001912,0.000047
105.118639,-0.225626,-0.257413,9.810562,-0.000477,-0.001011,0.001754
105.128544,-0.246857,-0.259403,9.809484,0.002480,0.002087,0.000401
105.138412,-0.247621,-0.253794,9.795926,0.002172,0.001185,0.004689
105.148307,-0.239574,-0.265802,9.789888,0.002062,-0.001331,-0.001532
105.158185,-0.230042,-0.267939,9.788402,0.001945,0.001429,-0.000369
105.168089,-0.243091,-0.251237,9.800541,0.001913,0.003073,-0.000008
105.177958,-0.241038,-0.259650,9.776476,0.000761,0.002688,-0.000275
105.187853,-0.230876,-0.240680,9.775855,0.000106,-0.000780,-0.000720
105.197731,-0.241823,-0.250899,9.797754,0.000352,-0.001939,0.001047
105.207635,-0.245142,-0.243845,9.799589,0.002486,-0.001406,0.002864
105.217504,-0.246352,-0.252864,9.764260,0.001202,-0.001885,-0.003813
105.227398,-0.243451,-0.281800,9.776778,0.000787,-0.002894,-0.000705
105.237277,-0.243954,-0.268972,9.813860,-0.000246,0.002758,0.003767
105.247181,-0.252302,-0.250436,9.813718,0.000609,0.001291,-0.001176
105.257050,-0.241553,-0.250807,9.784078,0.003070,-0.001722,-0.001735
105.266944,-0.239549,-0.229390,9.775916,0.001048,-0.000372,0.001460
105.276823,-0.244669,-0.256745,9.783192,-0.000998,-0.004412,-0.002000
105.286727,-0.235446,-0.266863,9.781883,0.004103,-0.001912,-0.000563
105.296596,-0.226990,-0.255649,9.794625,0.001557,-0.002699,-0.000541
105.306491,-0.237366,-0.248306,9.793595,-0.000137,-0.002648,0.001447
105.316369,-0.231871,-0.263716,9.792547,0.000535,-0.003459,-0.001590
105.326273,-0.239572,-0.267875,9.804755,-0.002636,0.002505,0.001252
105.336142,-0.249117,-0.266287,9.778435,-0.000994,0.005140,0.001951
105.346036,-0.229352,-0.241585,9.776873,0.000626,-0.000244,0.000827
105.355914,-0.253384,-0.245147,9.791384,0.001239,-0.006072,-0.002715
105.365819,-0.256983,-0.249657,9.796288,0.001234,-0.004405,0.003584
105.375687,-0.238869,-0.245854,9.769687,0.000750,0.002383,-0.001110
105.385582,-0.232283,-0.254919,9.790230,0.001757,-0.001023,-0.005345
105.395460,-0.241852,-0.247019,9.784358,-0.000146,-0.000161,0.001409
105.405365,-0.224775,-0.250082,9.780004,0.001359,0.002798,-0.001578
105.415233,-0.231418,-0.260497,9.779450,0.001661,-0.002216,0.001610
105.425128,-0.242217,-0.249275,9.762641,0.000780,0.002604,0.001195
105.435006,-0.248108,-0.251067,9.776262,0.000121,-0.002740,0.000263
105.444911,-0.255747,-0.260163,9.781727,0.000295,0.004568,0.002985
105.454779,-0.249588,-0.254673,9.794501,0.001763,0.003894,-0.003839
105.464674,-0.243719,-0.253722,9.796000,-0.001096,-0.000370,-0.002980
105.474552,-0.238992,-0.255162,9.793482,0.001302,-0.000369,0.002055
105.484457,-0.260903,-0.269716,9.795491,0.000438,0.000302,0.002781
105.494325,-0.240579,-0.257295,9.786119,-0.001180,-0.002637,-0.002035
105.504220,-0.237049,-0.274390,9.799177,0.000264,0.002495,0.001033
105.514098,-0.245719,-0.256718,9.778641,0.001581,0.002923,0.001424
105.524003,-0.238365,-0.247662,9.786237,0.003465,-0.002225,-0.003240
105.533871,-0.241319,-0.268159,9.788759,0.000916,0.002725,0.001700
105.543766,-0.247690,-0.267765,9.799838,0.003445,0.000264,-0.002162
105.553644,-0.252184,-0.239009,9.823404,-0.004106,-0.002935,-0.001835
105.563549,-0.246726,-0.234826,9.812084,0.005348,-0.001397,-0.001521
105.573417,-0.243290,-0.255071,9.762865,0.000743,0.002102,0.002916
105.583312,-0.256610,-0.254112,9.786855,-0.000670,-0.000080,-0.002684
105.593190,-0.255703,-0.237297,9.800922,-0.001367,0.003179,0.002019
105.603094,-0.252412,-0.246737,9.792673,0.000315,-0.000564,0.004069
105.612963,-0.236656,-0.276405,9.795347,0.000747,0.001247,0.001470
105.622858,-0.249228,-0.259943,9.801122,-0.002474,0.000326,-0.002442
105.632736,-0.247014,-0.258494,9.786544,-0.003410,0.003029,-0.001235
105.642640,-0.247632,-0.255529,9.783495,0.000278,0.001404,-0.000609
105.652509,-0.245340,-0.237783,9.803466,0.000831,-0.002412,0.000231
105.662404,-0.251106,-0.269701,9.800814,0.000558,0.003485,0.001721
105.672282,-0.250801,-0.264617,9.792252,0.002149,0.002705,0.000315
105.682186,-0.240646,-0.253462,9.806392,-0.000228,-0.003065,0.000664
105.692055,-0.243208,-0.237228,9.787894,-0.000474,-0.001872,0.002676
105.701950,-0.244909,-0.255786,9.804639,0.000170,-0.001594,-0.000280
105.711828,-0.250590,-0.243991,9.787127,0.002442,-0.000044,-0.002750
105.721733,-0.234539,-0.258835,9.786878,0.000315,-0.000039,-0.000073
105.731601,-0.243239,-0.261991,9.774933,0.003490,-0.003507,-0.002402
105.741497,-0.253851,-0.261409,9.793572,0.002179,-0.000552,0.002263
105.751375,-0.251139,-0.261028,9.794497,0.000574,0.001823,0.000449
105.761279,-0.242736,-0.245735,9.813725,-0.001954,0.001641,-0.001737
105.771148,-0.236520,-0.247372,9.800516,0.003206,-0.000914,0.000092
105.781043,-0.254757,-0.250047,9.794234,-0.000752,0.000020,0.000365
105.790920,-0.253872,-0.250326,9.797196,-0.002989,0.000040,-0.001251
105.800825,-0.231250,-0.251192,9.797229,-0.000297,0.000482,0.003718
105.810694,-0.240364,-0.256018,9.807596,-0.000537,0.002122,-0.001806
105.820589,-0.237909,-0.247012,9.797286,0.001793,-0.001458,0.000187
105.830467,-0.234177,-0.248686,9.811292,-0.001369,0.002269,0.000193
105.840371,-0.240999,-0.272475,9.793709,-0.001164,-0.001590,-0.001980
105.850239,-0.239097,-0.253178,9.775841,-0.002379,0.000931,0.001354
105.860135,-0.224070,-0.209449,9.769368,0.001621,0.001045,-0.002626
105.870013,-0.250084,-0.233445,9.769696,-0.000375,0.005038,-0.000665
105.879917,-0.235189,-0.248543,9.772158,0.003554,-0.000684,-0.000230
105.889786,-0.250039,-0.271214,9.780010,0.000913,-0.001277,0.000358
105.899681,-0.242582,-0.251466,9.804323,0.000707,0.001016,0.000514
105.909559,-0.246133,-0.260132,9.786423,0.003136,-0.001543,-0.001637
105.919463,-0.251531,-0.265970,9.756391,0.001412,-0.002470,0.000515
105.929331,-0.247563,-0.251225,9.785839,0.002016,0.002156,-0.000085
105.939227,-0.238714,-0.256509,9.786942,0.000876,0.002126,0.001919
105.949104,-0.253871,-0.263315,9.777783,0.004699,-0.004237,0.003724
105.959009,-0.255789,-0.264857,9.780995,-0.001984,-0.000414,-0.001821
105.968877,-0.240429,-0.253641,9.794321,-0.001036,-0.000037,-0.001585
105.978772,-0.226001,-0.253614,9.788453,0.002257,-0.005035,0.001295
105.988650,-0.236420,-0.251885,9.787617,-0.001162,-0.004814,0.002864
105.998555,-0.244687,-0.248018,9.796662,-0.000124,-0.000801,-0.003222
106.008423,-0.243232,-0.238613,9.794835,0.001938,-0.001288,0.004134
106.018317,-0.257315,-0.257449,9.786639,0.002228,-0.001479,-0.001399
106.028195,-0.261784,-0.241821,9.767380,-0.001165,0.000251,-0.001860
106.038100,-0.241617,-0.230769,9.777127,-0.000206,0.000124,-0.000015
106.047968,-0.247074,-0.236382,9.780546,0.002573,0.000474,-0.002621
106.057863,-0.233173,-0.243976,9.781329,0.000198,-0.002816,0.000535
106.067741,-0.232103,-0.247315,9.786667,0.002235,0.000241,0.001455
106.077646,-0.262227,-0.266046,9.796884,0.003320,-0.001865,-0.003825
106.087514,-0.253383,-0.259048,9.790217,0.000607,0.000499,-0.000707
106.097409,-0.244034,-0.260465,9.788177,0.003292,-0.000245,0.002136
106.107287,-0.236222,-0.266354,9.800661,-0.000232,0.004341,0.000066
106.117192,-0.237817,-0.251733,9.800232,0.002395,-0.002528,0.000113
106.127060,-0.241416,-0.255838,9.773821,-0.000294,0.003393,-0.000986
106.136955,-0.243480,-0.269175,9.792458,0.001183,0.000220,0.001420
106.146833,-0.253904,-0.251092,9.776192,-0.001286,0.002377,0.000781
106.156737,-0.240260,-0.249231,9.782550,0.001486,-0.000908,-0.001260
106.166606,-0.237824,-0.232293,9.781783,-0.000819,-0.003502,-0.000628
106.176501,-0.247473,-0.247492,9.792242,0.002803,-0.004224,-0.000340
106.186379,-0.262200,-0.262873,9.789403,-0.001266,0.003590,-0.001683
106.196283,-0.254957,-0.262755,9.801696,-0.002170,0.001487,-0.001806
106.206152,-0.250664,-0.262737,9.802672,-0.003266,0.001123,-0.001284
106.216047,-0.244349,-0.259499,9.802119,0.001811,0.001011,0.003685
106.225925,-0.235250,-0.261088,9.781885,0.002460,-0.001581,-0.003140
106.235829,-0.230941,-0.239237,9.783715,0.000125,0.003101,0.006774
106.245698,-0.232588,-0.256697,9.766093,0.001089,-0.000227,-0.001254
106.255593,-0.246266,-0.245855,9.777273,0.001969,-0.001960,-0.000695
106.265471,-0.253762,-0.247943,9.796289,0.002688,0.001161,0.002604
106.275375,-0.248549,-0.232270,9.784539,0.003038,0.000913,-0.001621
106.285244,-0.230415,-0.251886,9.793599,0.000878,-0.005871,-0.003534
106.295139,-0.228706,-0.256881,9.795244,-0.000169,0.002833,-0.002380
106.305017,-0.242610,-0.271753,9.775801,-0.001014,0.004198,-0.001170
106.314921,-0.239339,-0.273721,9.788857,0.004883,-0.004343,0.003282
106.324790,-0.247161,-0.261667,9.800995,-0.000785,-0.000670,-0.000308
106.334684,-0.241332,-0.253802,9.786254,-0.001459,0.004204,-0.001191
106.344563,-0.225431,-0.260804,9.807535,0.001730,-0.002917,0.002151
106.354467,-0.233114,-0.256616,9.780439,0.003170,-0.003680,0.000663
106.364336,-0.236617,-0.258078,9.780574,-0.004357,0.003239,0.000983
106.374230,-0.234975,-0.255730,9.785875,0.003184,0.001310,0.000971
106.384108,-0.247391,-0.241635,9.788336,0.000547,-0.000111,-0.002404
106.394013,-0.248536,-0.256676,9.777528,0.001580,-0.002428,-0.001811
106.403882,-0.245756,-0.260977,9.773814,-0.001250,-0.000550,-0.000826
106.413776,-0.242778,-0.261778,9.789116,0.001225,-0.002714,-0.002542
106.423655,-0.233566,-0.255014,9.794059,0.000790,-0.002287,0.000994
106.433559,-0.238976,-0.257842,9.787544,-0.000058,0.004144,-0.001857
106.443427,-0.244110,-0.254494,9.784645,0.002568,0.000730,-0.000587
106.453322,-0.228764,-0.245754,9.792478,-0.001696,0.003049,-0.003615
106.463200,-0.240546,-0.247057,9.792117,0.000050,0.001450,0.001456
106.473105,-0.241435,-0.242217,9.792225,0.000688,0.000005,-0.004258
106.482973,-0.245245,-0.253534,9.794762,0.000199,0.003256,-0.001415
106.492868,-0.236850,-0.243014,9.774986,0.002002,0.004504,0.001177
106.502747,-0.242672,-0.237199,9.786542,0.003145,-0.006302,0.001355
106.512652,-0.249879,-0.273577,9.809971,0.000122,-0.000155,-0.003150
106.522520,-0.245989,-0.266150,9.806517,-0.000886,-0.004437,0.002146
106.532415,-0.242085,-0.259178,9.779424,-0.000592,0.000151,-0.003404
106.542292,-0.259090,-0.257762,9.801551,0.003472,-0.000760,0.004501
106.552197,-0.255430,-0.259923,9.804395,-0.003667,0.000907,0.000143
106.562065,-0.246918,-0.254564,9.790605,0.002573,-0.003628,-0.001374
106.571960,-0.237009,-0.258020,9.776599,0.002388,-0.001579,-0.000770
106.581838,-0.236402,-0.243947,9.770183,0.001342,-0.000480,-0.001018
106.591743,-0.247487,-0.245440,9.775085,0.001029,0.001485,-0.000802
106.601611,-0.247117,-0.252971,9.790365,0.001792,-0.000029,-0.004098
106.611506,-0.246436,-0.258722,9.798333,0.001632,0.002815,-0.003632
106.621384,-0.235289,-0.260131,9.812736,-0.002608,0.002664,0.000099
106.631289,-0.233823,-0.241092,9.774364,0.001383,-0.001238,-0.000420
106.641157,-0.254832,-0.260638,9.768652,0.000393,-0.001759,0.001964
106.651052,-0.268731,-0.276432,9.783588,0.003074,-0.001770,0.002886
106.660930,-0.242627,-0.252991,9.777922,0.001616,0.000453,-0.003621
106.670835,-0.252303,-0.251524,9.766046,-0.001802,0.001169,-0.001453
106.680703,-0.248439,-0.239568,9.785668,0.003750,0.004047,-0.001959
106.690598,-0.238921,-0.243253,9.807034,0.000827,-0.001042,-0.001190
106.700476,-0.245126,-0.245285,9.791027,-0.000027,-0.002796,0.003791
106.710381,-0.231214,-0.255240,9.781908,0.001248,0.001777,-0.002244
106.720249,-0.239873,-0.259264,9.779738,0.002357,0.001496,-0.002711
106.730144,-0.257824,-0.265043,9.792665,0.003231,-0.001475,-0.002371
106.740022,-0.238565,-0.255787,9.790760,-0.002636,-0.002793,-0.002536
106.749927,-0.239195,-0.254331,9.806618,-0.000293,0.001287,-0.003540
106.759795,-0.239107,-0.255200,9.799803,0.000255,0.002478,0.000975
106.769690,-0.242877,-0.245711,9.778589,-0.000320,0.002806,-0.000375
106.779568,-0.263860,-0.260064,9.780657,0.000129,-0.004157,0.002129
106.789472,-0.228647,-0.266324,9.800528,0.003593,-0.001136,0.002154
106.799341,-0.238215,-0.272252,9.786739,0.001510,0.005047,-0.001461
106.809236,-0.239974,-0.255054,9.783364,0.000825,0.005079,-0.001679
106.819114,-0.234150,-0.263077,9.793598,0.003176,0.002734,-0.002576
106.829018,-0.254120,-0.252166,9.799607,-0.001459,-0.004079,-0.000371
106.838887,-0.238160,-0.255133,9.789539,0.001776,0.002200,-0.000503
106.848782,-0.234569,-0.255255,9.789815,-0.001341,0.001721,-0.001201
106.858660,-0.233970,-0.267541,9.795851,0.001528,-0.001477,-0.000292
106.868564,-0.235306,-0.258202,9.780488,0.001216,0.000352,-0.002515
106.878433,-0.247683,-0.261764,9.793689,0.001843,0.002413,-0.003646
106.888327,-0.238837,-0.274160,9.796502,-0.002864,-0.000146,-0.002006
106.898205,-0.230622,-0.254333,9.788666,0.002397,0.000495,0.002209
106.908110,-0.249626,-0.259547,9.784054,-0.001884,-0.005349,0.003805
106.917979,-0.256321,-0.280839,9.801919,0.002716,-0.001981,0.003530
106.927873,-0.245376,-0.274938,9.794669,0.001503,0.003631,-0.002763
106.937751,-0.244289,-0.274331,9.786402,0.000781,-0.000863,0.003302
106.947656,-0.231230,-0.256825,9.788404,0.001127,-0.002217,0.002740
106.957525,-0.232102,-0.256968,9.780671,0.003855,-0.002482,-0.000713
106.967419,-0.231471,-0.256632,9.781963,0.001518,0.001243,-0.003379
106.977298,-0.232686,-0.255913,9.750295,-0.000149,-0.000883,0.002298
106.987202,-0.229795,-0.265910,9.772081,0.000288,0.002338,0.002367
106.997070,-0.235331,-0.257677,9.805349,0.004469,0.001481,-0.000656
107.006965,-0.227361,-0.251347,9.789235,0.000022,-0.002412,-0.000751
107.016843,-0.234571,-0.267754,9.798235,0.000804,-0.001783,0.006488
107.026749,-0.239925,-0.246466,9.789562,-0.001371,0.002644,-0.002796
107.036617,-0.239770,-0.243340,9.791441,0.000144,-0.001095,-0.002870
107.046512,-0.251248,-0.246193,9.787926,-0.001427,-0.000390,0.000122
107.056389,-0.218978,-0.250925,9.796811,-0.000481,0.001018,-0.001685
107.066294,-0.238882,-0.254242,9.790561,-0.001028,0.000463,0.001486
107.076162,-0.247979,-0.256834,9.785847,0.005116,-0.002604,-0.000116
107.086057,-0.230720,-0.260265,9.780311,0.000904,0.001296,-0.001535
107.095935,-0.241436,-0.262168,9.800971,-0.001433,0.002630,0.000460
107.105840,-0.245439,-0.266769,9.787471,0.001605,0.000073,-0.000901
107.115708,-0.237412,-0.261378,9.800035,-0.001893,-0.000938,-0.002906
107.125603,-0.217192,-0.236141,9.775440,0.003127,-0.002754,0.000683
107.135481,-0.240483,-0.262470,9.773000,-0.000652,-0.003797,-0.000328
107.145386,-0.250340,-0.254607,9.788423,-0.001179,0.002111,0.000558
107.155254,-0.255374,-0.239231,9.800803,0.002505,0.001484,-0.001483
107.165149,-0.252406,-0.258492,9.795618,0.000499,-0.000039,0.000455
107.175027,-0.242389,-0.245726,9.792926,-0.001669,-0.006096,0.000510
107.184932,-0.230215,-0.240894,9.785000,0.001123,-0.000838,0.002564
107.194800,-0.251340,-0.261837,9.779111,0.002912,-0.001834,-0.001118
107.204695,-0.229466,-0.250700,9.795952,0.001064,0.002135,0.001858
107.214573,-0.240472,-0.257028,9.794370,-0.002182,0.002139,-0.004893
107.224477,-0.245318,-0.269675,9.788531,-0.000856,0.002371,-0.001766
107.234346,-0.233369,-0.268501,9.803226,-0.000374,0.000479,-0.003531
107.244241,-0.240713,-0.254636,9.816565,-0.000991,0.002607,0.001471
107.254119,-0.233110,-0.256761,9.786777,0.003272,-0.003356,0.001461
107.264024,-0.230857,-0.257431,9.770558,0.000855,0.001352,0.000636
107.273892,-0.239858,-0.254997,9.760921,-0.002169,0.001678,-0.005044
107.283787,-0.243381,-0.240154,9.791121,0.002021,-0.001580,0.000881
107.293665,-0.239374,-0.250782,9.800157,-0.002110,-0.002085,0.004614
107.303569,-0.226367,-0.255385,9.785292,0.001584,-0.001353,-0.001180
107.313438,-0.226421,-0.258945,9.811466,0.000098,0.001046,0.000553
107.323333,-0.233841,-0.267902,9.832243,0.002923,-0.003919,0.000706
107.333211,-0.238969,-0.261427,9.781720,0.000846,0.000989,-0.003730
107.343115,-0.233240,-0.247106,9.767298,-0.001163,0.001541,-0.001731
107.352984,-0.217655,-0.249228,9.780554,0.000987,0.000827,0.002433
107.362879,-0.245291,-0.248786,9.790667,0.000244,0.000595,0.000898
107.372757,-0.261236,-0.247268,9.784877,0.001315,0.002225,-0.003141
107.382661,-0.245254,-0.252981,9.782906,0.001100,-0.004093,-0.000993
107.392530,-0.233784,-0.263921,9.770110,-0.000394,0.001931,-0.002014
107.402425,-0.234286,-0.254998,9.773763,0.001275,-0.001447,-0.000051
107.412303,-0.246792,-0.249116,9.790999,0.002858,-0.001662,-0.002134
107.422207,-0.235964,-0.251632,9.784236,-0.000367,-0.001002,-0.000170
107.432076,-0.230539,-0.253022,9.766326,-0.003341,0.005757,-0.002903
107.441971,-0.236492,-0.258638,9.773563,0.000080,-0.004925,0.000491
107.451849,-0.218968,-0.258262,9.801557,0.002120,-0.000083,0.001674
107.461753,-0.227017,-0.255921,9.793211,0.001661,-0.000841,0.000079
107.471622,-0.254481,-0.268342,9.794816,-0.000697,-0.001216,-0.001360
107.481517,-0.251511,-0.265702,9.793936,0.000058,0.000772,0.002489
107.491395,-0.235586,-0.257543,9.780498,0.001491,-0.002981,-0.000357
107.501299,-0.241714,-0.258260,9.762214,0.000446,-0.002757,-0.001251
107.511168,-0.237219,-0.240623,9.793351,0.000088,-0.000285,-0.002604
107.521063,-0.228950,-0.256052,9.808573,-0.002506,0.000678,0.001606
107.530941,-0.245150,-0.265126,9.797472,0.001438,-0.001455,-0.003666
107.540845,-0.237322,-0.261500,9.806137,-0.002177,0.001291,-0.005163
107.550714,-0.231964,-0.250018,9.801889,-0.001690,-0.001771,0.003788
107.560608,-0.246531,-0.260713,9.784385,0.000383,-0.003821,0.000816
107.570486,-0.245459,-0.265167,9.793046,0.001174,-0.002726,-0.003049
107.580391,-0.242555,-0.241531,9.795661,0.002074,0.001028,0.000511
107.590260,-0.255497,-0.232680,9.805514,-0.003260,0.001807,-0.004016
107.600154,-0.245963,-0.265649,9.804476,0.000778,-0.002548,-0.000468
107.610033,-0.244131,-0.270827,9.796790,-0.001139,0.002428,-0.004306
107.619937,-0.243333,-0.259664,9.810961,0.000916,-0.000078,-0.000845
107.629805,-0.232766,-0.252135,9.769579,0.002878,0.002405,-0.000949
107.639700,-0.243866,-0.258185,9.775249,0.000259,-0.004354,-0.000437
107.649578,-0.238048,-0.262138,9.803009,-0.000048,0.001965,0.003546
107.659483,-0.239851,-0.257825,9.802615,0.005144,-0.004457,-0.000346
107.669351,-0.240881,-0.267427,9.775799,0.000660,-0.000895,0.001106
107.679246,-0.256238,-0.246847,9.771401,-0.000654,-0.000172,-0.001015
107.689124,-0.244594,-0.259482,9.775789,-0.001127,0.000524,-0.003768
107.699029,-0.233859,-0.267465,9.775788,-0.000232,0.000753,-0.003940
107.708897,-0.252451,-0.247701,9.782033,0.001784,0.000560,0.001745
107.718792,-0.250816,-0.242905,9.782085,0.000567,0.001668,-0.003016
107.728670,-0.252279,-0.251529,9.805906,-0.002408,0.004012,0.002382
107.738575,-0.239368,-0.247857,9.788814,0.004580,-0.000543,0.001782
107.748443,-0.223012,-0.259987,9.792921,-0.000854,-0.000434,-0.003580
107.758338,-0.237776,-0.243533,9.781952,0.002960,0.001149,-0.000249
107.768216,-0.234520,-0.269054,9.778456,0.001879,0.000015,0.003490
107.778121,-0.251194,-0.251390,9.797465,-0.000557,0.000225,-0.001223
107.787989,-0.247478,-0.253434,9.786596,0.001250,0.002218,-0.001430
107.797884,-0.236929,-0.239595,9.810806,-0.002634,-0.000169,-0.002813
107.807762,-0.241235,-0.260715,9.798984,0.003132,0.000676,-0.000638
107.817667,-0.228739,-0.260166,9.798730,-0.000526,-0.000330,-0.002881
107.827535,-0.238431,-0.268020,9.788496,0.002592,0.000642,-0.002452
107.837430,-0.245625,-0.261015,9.786683,0.000520,-0.001532,-0.002482
107.847308,-0.254193,-0.253790,9.784793,0.002327,0.000745,-0.000179
107.857212,-0.257244,-0.256296,9.781056,-0.000807,0.002773,0.000211
107.867081,-0.230805,-0.257402,9.803139,0.002913,-0.000772,0.001662
107.876976,-0.232142,-0.260342,9.789980,0.000186,0.002061,-0.002820
107.886854,-0.246606,-0.258703,9.777646,-0.000096,0.000211,-0.004788
107.896758,-0.247897,-0.248671,9.790770,-0.000016,0.000948,-0.001370
107.906627,-0.241595,-0.250285,9.806781,0.002873,0.001842,-0.003298
107.916522,-0.235288,-0.253191,9.797385,0.001960,0.002540,-0.002473
107.926400,-0.241971,-0.260963,9.774846,0.001382,0.000265,0.001471
107.936304,-0.247579,-0.253210,9.767030,-0.000757,-0.001638,-0.001701
107.946173,-0.243940,-0.252238,9.790025,-0.003955,-0.000986,0.001597
107.956068,-0.241127,-0.258409,9.806244,-0.000571,0.001384,0.000222
107.965946,-0.248015,-0.270258,9.793361,0.003648,0.002971,-0.000641
107.975850,-0.240479,-0.257371,9.776928,-0.000143,0.001110,-0.002584
107.985719,-0.243217,-0.240259,9.792579,0.001580,-0.000606,0.000391
107.995614,-0.244501,-0.256038,9.765672,0.002321,-0.001190,-0.000560
108.005492,-0.257104,-0.262545,9.758698,0.002298,-0.001371,0.002076
108.015396,-0.234937,-0.243571,9.764375,0.000315,0.003325,0.003462
108.025265,-0.251305,-0.248717,9.788222,-0.002252,0.002250,-0.002130
108.035160,-0.239028,-0.261590,9.795892,-0.000056,0.000916,0.000933
108.045038,-0.235528,-0.248354,9.790754,-0.000602,0.002231,-0.000797
108.054942,-0.237719,-0.256876,9.770074,-0.001455,0.001322,0.002206
108.064811,-0.249943,-0.262723,9.791038,0.001279,0.002486,-0.000298
108.074706,-0.238642,-0.265011,9.794195,0.000501,-0.001688,0.002664
108.084584,-0.236553,-0.262013,9.781269,0.000166,0.001491,-0.002309
108.094489,-0.228447,-0.270767,9.780776,0.004564,0.002062,-0.000137
108.104357,-0.239102,-0.259176,9.776959,0.001097,-0.001355,-0.004854
108.114253,-0.241614,-0.262264,9.778296,0.001220,-0.002262,0.003645
108.124131,-0.244495,-0.266577,9.790476,0.000468,0.000016,-0.002887
108.134035,-0.235296,-0.267113,9.782529,0.002007,-0.002792,-0.000361
108.143904,-0.244805,-0.262586,9.769450,-0.000130,-0.002235,-0.000888
108.153799,-0.247519,-0.253735,9.766790,-0.002467,0.003424,0.002457
108.163676,-0.247705,-0.251455,9.772066,0.000231,0.002275,-0.002000
108.173581,-0.232377,-0.247419,9.763666,0.003803,-0.000906,-0.003567
108.183449,-0.231644,-0.265668,9.779041,0.002362,0.001625,0.001365
108.193344,-0.239522,-0.254882,9.786098,0.001609,-0.002713,-0.000669
108.203223,-0.240232,-0.268483,9.773829,-0.000987,0.002679,-0.003033
108.213127,-0.243420,-0.274120,9.776074,-0.000053,0.002049,0.004378
108.222996,-0.242637,-0.240768,9.785336,0.001604,-0.001500,-0.000529
108.232890,-0.245953,-0.271065,9.783840,0.001025,-0.004892,-0.000431
108.242768,-0.235032,-0.256233,9.793030,-0.001173,0.001374,-0.001374
108.252673,-0.241507,-0.253103,9.796802,-0.000297,0.000325,0.000855
108.262541,-0.231112,-0.271119,9.790428,0.003781,-0.001067,0.000070
108.272436,-0.233418,-0.277502,9.780355,0.001426,0.000632,0.002712
108.282315,-0.234176,-0.249812,9.771775,0.000558,0.001308,0.001381
108.292219,-0.238849,-0.254479,9.786392,0.000939,-0.000098,0.001101
108.302087,-0.246518,-0.260809,9.811318,0.001105,-0.003284,0.001901
108.311982,-0.251273,-0.252147,9.767455,-0.000649,0.000131,0.003985
108.321860,-0.239517,-0.257606,9.779464,0.002491,-0.004217,0.003076
108.331765,-0.216544,-0.256757,9.782652,0.004541,0.001282,-0.004607
108.341633,-0.232912,-0.260816,9.788527,0.001127,0.000296,0.002243
108.351528,-0.227876,-0.256971,9.775769,0.000521,-0.002738,0.001091
108.361406,-0.244562,-0.248632,9.786209,-0.002028,0.004183,-0.003498
108.371311,-0.263942,-0.257727,9.804587,0.002034,-0.000412,0.006566
108.381178,-0.252221,-0.247669,9.800846,0.000266,0.003661,-0.004185
108.391073,-0.231172,-0.252559,9.797069,-0.000762,0.003291,0.002606
108.400951,-0.239211,-0.252030,9.776286,-0.000760,0.000498,0.000636
108.410856,-0.243059,-0.237911,9.775630,0.001472,-0.001331,-0.002536
108.420724,-0.256379,-0.255993,9.767802,0.002384,0.000817,-0.000800
108.430619,-0.248488,-0.267226,9.798741,0.000599,-0.000357,0.001904
108.440497,-0.242896,-0.264746,9.766332,0.003422,0.001385,-0.000759
108.450402,-0.251577,-0.245856,9.793129,0.000996,-0.003329,-0.003053
108.460270,-0.253589,-0.253029,9.799749,0.001738,-0.000015,-0.007085
108.470165,-0.250921,-0.262094,9.786077,0.003549,0.005331,0.003274
108.480043,-0.247390,-0.273734,9.765926,0.001677,-0.002712,0.002668
108.489947,-0.248159,-0.261305,9.774075,-0.000075,-0.002567,-0.003811
108.499816,-0.247673,-0.258887,9.780808,-0.000172,0.002149,0.000327
108.509711,-0.241624,-0.273082,9.798641,-0.001601,0.002894,-0.000238
108.519589,-0.233049,-0.262723,9.800574,0.000831,-0.001392,-0.002012
108.529493,-0.224672,-0.251604,9.795360,0.001683,-0.000701,-0.003506
108.539362,-0.236889,-0.255531,9.801972,-0.002957,0.000200,0.001232
108.549257,-0.248366,-0.256200,9.795915,-0.000166,-0.003143,0.000456
108.559135,-0.246218,-0.236555,9.776376,-0.000358,0.000082,0.001841
108.569039,-0.247157,-0.267860,9.788172,-0.001464,0.002322,0.001492
108.578908,-0.236452,-0.273443,9.784449,-0.000551,0.001704,-0.003146
108.588803,-0.240005,-0.251904,9.775904,0.003364,0.004040,0.002046
108.598681,-0.245665,-0.257560,9.782115,0.000894,0.000545,0.000921
108.608585,-0.232909,-0.246477,9.787858,-0.001018,0.005815,0.001565
108.618454,-0.246753,-0.242947,9.812305,0.001147,0.000766,-0.002166
108.628349,-0.243900,-0.244807,9.798652,-0.002349,0.001407,-0.002993
108.638227,-0.237708,-0.269443,9.788377,0.001666,0.004082,0.002148
108.648131,-0.237123,-0.261909,9.801895,0.002169,0.001253,0.000987
108.658000,-0.242936,-0.269625,9.772852,-0.001464,0.002075,0.000421
108.667895,-0.242951,-0.253592,9.771148,0.000130,0.001038,0.000725
108.677773,-0.230198,-0.249454,9.789590,-0.001613,0.004728,-0.000032
108.687677,-0.228662,-0.239979,9.780133,0.000603,0.003404,-0.000708
108.697546,-0.231498,-0.232290,9.782138,0.000970,0.000669,-0.001066
108.707441,-0.237548,-0.251856,9.792636,0.002740,0.000713,-0.001498
108.717319,-0.244704,-0.265630,9.799720,0.003626,0.000402,0.001217
108.727223,-0.256975,-0.242087,9.783913,-0.001579,-0.000620,-0.002066
108.737092,-0.222949,-0.256270,9.796094,-0.000861,-0.000033,-0.000686
108.746987,-0.219450,-0.267091,9.780497,0.004386,-0.004416,-0.000804
108.756865,-0.222728,-0.266907,9.799017,0.000108,-0.003464,-0.001888
108.766769,-0.232332,-0.262625,9.795624,-0.000006,-0.001151,0.000699
108.776638,-0.242401,-0.263406,9.770253,0.000063,-0.002030,0.001610
108.786532,-0.248191,-0.252657,9.790695,0.002972,0.003356,-0.000284
108.796411,-0.247186,-0.258758,9.793927,0.001487,-0.002645,0.000082
108.806315,-0.236690,-0.247442,9.805716,0.000660,0.000996,-0.000589
108.816184,-0.250561,-0.254866,9.773515,-0.002021,-0.000065,-0.002345
108.826078,-0.238141,-0.249337,9.791350,0.001901,-0.001823,-0.003430
108.835956,-0.230532,-0.250861,9.785823,0.000474,-0.000457,-0.004331
108.845861,-0.247873,-0.259905,9.783414,-0.001923,-0.000998,0.000042
108.855730,-0.244806,-0.238884,9.788704,0.002025,0.002217,-0.000547
108.865624,-0.234094,-0.257333,9.783973,-0.001689,0.001070,-0.000581
108.875505,-0.239138,-0.252467,9.792061,0.001543,0.001818,0.002585
108.885408,-0.240763,-0.261736,9.801033,-0.000141,-0.002348,0.000027
108.895276,-0.256232,-0.262575,9.798245,0.000479,-0.002109,0.001745
108.905170,-0.261706,-0.257326,9.792666,-0.000254,-0.003283,0.002524
108.915048,-0.252576,-0.266272,9.767359,0.000405,-0.001495,0.001912
108.924953,-0.245290,-0.247225,9.771324,0.002924,-0.003606,0.000790
108.934821,-0.236043,-0.263451,9.774173,-0.000456,0.002523,-0.000022
108.944716,-0.254006,-0.261941,9.800877,0.001973,0.000486,0.001273
108.954595,-0.247575,-0.266204,9.798679,0.002980,-0.001541,-0.000608
108.964499,-0.240985,-0.257183,9.773747,0.003546,-0.001013,-0.003088
108.974368,-0.242406,-0.262950,9.779168,0.000994,-0.001962,0.000505
108.984262,-0.239824,-0.246012,9.773700,0.004474,-0.005429,-0.000882
108.994140,-0.243419,-0.244550,9.789634,-0.001654,-0.001028,-0.001022
109.004045,-0.241803,-0.262378,9.788660,-0.000469,0.001327,-0.002526
109.013913,-0.216827,-0.277878,9.771700,-0.002161,0.000054,0.002207
109.023808,-0.231668,-0.264475,9.795110,0.002776,-0.002494,-0.001373
109.033686,-0.243675,-0.275582,9.802056,-0.000365,0.000804,0.002818
109.043591,-0.250420,-0.254249,9.796305,0.000652,-0.005523,-0.003258
109.053459,-0.246915,-0.244982,9.790708,0.000654,0.001043,0.000014
109.063354,-0.247653,-0.249835,9.807227,0.002870,-0.000682,0.000438
109.073232,-0.236882,-0.248009,9.792984,0.000999,-0.001334,-0.001357
109.083137,-0.235549,-0.256323,9.807611,0.002487,0.003882,-0.001183
109.093005,-0.244558,-0.250150,9.795326,0.001190,-0.002417,-0.000718
109.102900,-0.240822,-0.233814,9.774888,0.002672,-0.001262,-0.003483
109.112778,-0.251008,-0.248787,9.796203,0.001985,-0.000548,-0.000012
109.122683,-0.225564,-0.249050,9.789693,-0.000790,0.000859,-0.002053
109.132551,-0.240973,-0.253629,9.812688,0.000186,-0.002931,0.001687
109.142446,-0.240820,-0.259387,9.776586,0.001939,-0.002850,-0.001258
109.152324,-0.237851,-0.257703,9.778515,0.003074,-0.002583,-0.002085
109.162229,-0.228846,-0.242054,9.788704,0.001416,-0.001620,0.002103
109.172097,-0.244436,-0.246668,9.789801,0.001351,-0.004323,0.002087
109.181992,-0.234026,-0.240118,9.783202,0.000671,0.002482,0.000332
109.191870,-0.246876,-0.248038,9.783886,0.001447,-0.003239,0.002898
109.201775,-0.249380,-0.249117,9.809935,-0.001383,0.000542,-0.000116
109.211643,-0.244835,-0.261515,9.797702,0.002105,-0.002512,-0.002007
109.221538,-0.245567,-0.247736,9.797382,0.001455,-0.000896,-0.001338
109.231416,-0.237342,-0.253388,9.805167,-0.000943,-0.001298,0.004151
109.241320,-0.213610,-0.242289,9.789020,0.001244,0.002062,-0.001764
109.251189,-0.238063,-0.249269,9.788015,0.001301,0.001427,-0.002819
109.261084,-0.241002,-0.261169,9.792483,-0.001700,0.001570,0.002159
109.270962,-0.233869,-0.268336,9.807281,-0.002418,0.006546,0.001609
109.280866,-0.239187,-0.267796,9.790135,-0.001577,-0.000481,-0.000949
109.290735,-0.246017,-0.259707,9.764493,0.001594,0.001871,0.001333
109.300630,-0.242928,-0.244630,9.801925,0.000725,-0.001900,-0.003552
109.310508,-0.235048,-0.246747,9.801148,0.003377,0.001615,-0.001490
109.320412,-0.252779,-0.248997,9.785510,0.001875,0.004417,0.005878
109.330281,-0.258317,-0.239536,9.799593,0.004428,0.001883,-0.001162
109.340176,-0.235788,-0.253763,9.785430,-0.000010,0.000386,-0.002469
109.350054,-0.233274,-0.242283,9.796959,0.000818,0.003437,0.000609
109.359959,-0.237496,-0.268495,9.791456,0.000607,-0.001433,0.000214
109.369827,-0.252329,-0.269880,9.778322,-0.000645,-0.001372,-0.002772
109.379722,-0.240834,-0.248933,9.771813,-0.003701,0.003551,-0.001240
109.389601,-0.240473,-0.264602,9.752487,0.000931,-0.001502,-0.004607
109.399505,-0.245807,-0.258747,9.765715,0.000495,-0.003968,0.000102
109.409374,-0.246538,-0.257360,9.804823,0.000655,0.000299,-0.001134
109.419268,-0.241738,-0.268435,9.801861,-0.001662,0.000245,0.001135
109.429146,-0.235852,-0.268440,9.768776,0.000083,-0.002003,0.002738
109.439050,-0.244158,-0.280674,9.778017,-0.000371,0.003615,-0.001370
109.448919,-0.239105,-0.257621,9.777615,0.002822,0.004796,0.001055
109.458814,-0.239974,-0.246506,9.780737,0.001386,-0.005055,0.002037
109.468692,-0.235172,-0.244212,9.786057,-0.003121,-0.003146,-0.002535
109.478596,-0.237814,-0.257953,9.800461,-0.001964,0.004440,0.000189
109.488465,-0.243759,-0.270638,9.788576,0.000004,-0.001382,-0.001152
109.498360,-0.245791,-0.252893,9.798763,-0.001588,-0.001364,-0.006200
109.508238,-0.256692,-0.248449,9.804224,0.003052,-0.001168,-0.000787
109.518142,-0.242981,-0.274521,9.794595,0.001877,-0.001952,-0.000261
109.528011,-0.248599,-0.262192,9.798652,-0.001873,0.000228,0.003313
109.537906,-0.245425,-0.252019,9.786145,0.001299,-0.001027,0.003255
109.547784,-0.245541,-0.250447,9.790799,0.000862,0.002441,-0.002940
109.557688,-0.239054,-0.250362,9.797395,0.000559,-0.001690,0.001785
109.567557,-0.261269,-0.250497,9.778098,0.001250,-0.001511,0.001150
109.577451,-0.246511,-0.235273,9.800997,0.000076,-0.001489,0.000076
109.587329,-0.234191,-0.261783,9.796477,0.003836,0.000374,-0.001889
109.597234,-0.247672,-0.261006,9.801429,-0.003350,0.004197,-0.000114
109.607102,-0.260021,-0.264409,9.793733,0.001717,0.000126,0.001245
109.616997,-0.261553,-0.248027,9.792532,0.002127,0.004590,-0.000197
109.626875,-0.254961,-0.263488,9.792151,0.000508,-0.001256,-0.002496
109.636780,-0.236765,-0.260757,9.787702,-0.004875,0.000650,-0.003493
109.646649,-0.236121,-0.258614,9.789055,-0.001975,-0.004914,0.002377
109.656544,-0.236818,-0.255662,9.762125,0.000737,-0.000548,-0.001687
109.666421,-0.242259,-0.276833,9.772544,0.001787,0.002902,0.001066
109.676326,-0.243724,-0.263245,9.805953,0.002537,-0.000566,-0.001769
109.686195,-0.219269,-0.247769,9.784800,0.001303,-0.000841,0.002327
109.696089,-0.236403,-0.248208,9.787902,-0.001226,-0.001771,0.002603
109.705968,-0.245728,-0.261795,9.782521,0.000158,0.002807,-0.001316
109.715872,-0.242900,-0.256521,9.783246,-0.001126,0.001175,0.001879
109.725740,-0.244221,-0.265060,9.793449,0.002530,0.000865,0.001645
109.735635,-0.246573,-0.256113,9.800091,0.000632,0.004686,0.002877
109.745513,-0.225272,-0.230529,9.800076,0.000864,-0.000135,-0.000329
109.755418,-0.231181,-0.257428,9.805769,0.000060,-0.002255,0.002285
109.765286,-0.217832,-0.257378,9.776743,0.002951,-0.000632,0.000968
109.775182,-0.239829,-0.255968,9.784279,0.006232,0.001535,0.003460
109.785059,-0.234009,-0.262284,9.804231,-0.000869,0.000973,0.001072
109.794964,-0.250443,-0.253041,9.776120,0.001775,0.001579,0.000709
109.804832,-0.254279,-0.266868,9.791746,0.001438,-0.006126,-0.000804
109.814727,-0.257733,-0.260969,9.800596,0.001399,-0.003399,0.002107
109.824605,-0.227510,-0.249585,9.788952,-0.000467,0.002295,0.000321
109.834510,-0.238343,-0.245611,9.793326,0.002938,-0.001284,0.001949
109.844378,-0.224077,-0.257957,9.787240,-0.001033,-0.003274,-0.001453
109.854273,-0.232972,-0.260975,9.796332,0.000929,0.001277,0.005437
109.864151,-0.245260,-0.251128,9.777904,-0.003350,0.000825,-0.000336
109.874056,-0.240764,-0.239532,9.785736,-0.000402,0.000285,-0.000209
109.883924,-0.244241,-0.236905,9.771510,0.000974,0.000987,-0.002356
109.893819,-0.243386,-0.243804,9.766416,0.000938,0.005277,-0.000999
109.903697,-0.219126,-0.239080,9.787598,0.002510,-0.001983,0.000983
109.913602,-0.232184,-0.259521,9.801647,-0.001151,0.001597,-0.001107
109.923470,-0.250393,-0.254431,9.788131,0.002373,-0.000460,0.002298
109.933365,-0.236479,-0.273468,9.784121,-0.000077,-0.001147,-0.000857
109.943243,-0.236430,-0.266515,9.789017,-0.001157,-0.003595,0.000299
109.953147,-0.249335,-0.249895,9.789556,-0.004445,-0.002075,0.001671
109.963016,-0.244612,-0.264400,9.786204,0.001431,0.000566,-0.000213
109.972911,-0.224503,-0.257925,9.783553,-0.002253,-0.000313,-0.001885
109.982789,-0.258654,-0.255448,9.801633,-0.000348,0.000106,-0.001705
109.992693,-0.244151,-0.256443,9.768954,0.003649,-0.002190,0.001833
110.002562,-0.249228,-0.256366,9.774783,0.002233,-0.000886,0.000972
110.012457,-0.256488,-0.259684,9.803043,0.000748,0.001152,-0.001378
110.022335,-0.227351,-0.250752,9.783413,0.000579,-0.000944,-0.000521
110.032239,-0.222426,-0.266547,9.785434,0.003165,-0.001991,-0.001632
110.042108,-0.232452,-0.261503,9.783373,-0.002411,0.001568,-0.000363
110.052003,-0.252685,-0.250730,9.778286,0.001001,0.006578,0.002571
110.061881,-0.251782,-0.254069,9.791312,-0.000669,-0.000684,-0.000560
110.071785,-0.237001,-0.268674,9.786230,0.000598,0.003375,-0.000412
110.081654,-0.229181,-0.248735,9.775692,0.001771,-0.000160,-0.000610
110.091549,-0.240143,-0.260680,9.781901,0.001268,-0.003898,-0.002451
110.101427,-0.247335,-0.254740,9.798910,-0.000583,0.004178,-0.003856
110.111331,-0.237148,-0.262797,9.787434,0.000756,-0.001310,-0.001648
110.121200,-0.247472,-0.271605,9.800081,0.001405,-0.000560,-0.002491
110.131095,-0.253870,-0.275628,9.792637,0.002907,-0.003358,0.002175
110.140973,-0.257921,-0.251312,9.783698,-0.001106,0.003771,-0.003144
110.150877,-0.258445,-0.245042,9.806451,0.000440,-0.000340,-0.003195
110.160746,-0.259689,-0.249167,9.804269,0.002116,-0.000814,-0.001738
110.170641,-0.256952,-0.248846,9.794790,0.000433,0.000993,0.002780
110.180519,-0.249194,-0.266445,9.785482,0.002431,-0.001057,-0.000660
110.190423,-0.237212,-0.257321,9.780133,0.001996,0.003722,0.000190
110.200292,-0.229391,-0.249270,9.776150,0.000622,0.000119,0.000591
110.210187,-0.239770,-0.253111,9.799947,0.002193,-0.003158,0.000133
110.220065,-0.235519,-0.262764,9.797819,-0.000024,0.003020,0.002052
110.229969,-0.249410,-0.262018,9.784199,0.002021,-0.001089,0.003687
110.239838,-0.254689,-0.263443,9.782129,0.002267,0.003468,-0.001426
110.249733,-0.253567,-0.257177,9.774347,0.001844,-0.003399,-0.000219
110.259611,-0.241075,-0.244069,9.804403,-0.001068,-0.001524,-0.000876
110.269515,-0.230623,-0.270284,9.804078,-0.001141,0.001987,-0.000489
110.279384,-0.259992,-0.270787,9.800481,-0.000586,0.005006,-0.002096
110.289279,-0.252951,-0.266530,9.790511,0.000066,-0.000972,0.003159
110.299157,-0.236308,-0.259196,9.792408,0.001354,0.001394,0.000383
110.309061,-0.251596,-0.236928,9.804159,0.002135,-0.001008,-0.000141
110.318930,-0.256968,-0.251798,9.795335,-0.000243,0.001539,-0.003023
110.328825,-0.242810,-0.255517,9.764788,0.002212,-0.000711,-0.003491
110.338702,-0.226143,-0.263366,9.775552,0.002546,-0.000982,-0.001101
110.348607,-0.244644,-0.262808,9.806330,0.002345,-0.002137,0.001593
110.358475,-0.240953,-0.239222,9.792256,0.000537,-0.003426,0.000486
110.368371,-0.236424,-0.247685,9.800907,-0.000970,0.001248,0.001177
110.378248,-0.246829,-0.249220,9.788878,0.000154,-0.003251,-0.001800
110.388153,-0.239328,-0.258873,9.781420,-0.000805,-0.004860,-0.002228
110.398022,-0.225448,-0.263583,9.789767,-0.001016,0.002225,-0.001031
110.407916,-0.234347,-0.263930,9.770439,-0.001326,-0.003055,0.001119
110.417794,-0.248453,-0.250909,9.781021,0.001207,0.002552,-0.004453
110.427699,-0.237846,-0.265529,9.791716,-0.001910,-0.000091,0.000215
110.437567,-0.242890,-0.253207,9.800965,0.002026,-0.000372,0.001111
110.447462,-0.241564,-0.251367,9.791374,0.002604,-0.000669,0.003583
110.457340,-0.247326,-0.271101,9.792864,0.001849,0.001645,-0.002447
110.467246,-0.252012,-0.252718,9.790282,0.003366,-0.001821,-0.000240
110.477114,-0.250876,-0.250677,9.805987,0.003172,-0.001285,-0.002463
110.487009,-0.233160,-0.246190,9.808580,-0.002231,-0.000213,-0.000489
110.496887,-0.237230,-0.232110,9.800057,-0.000193,-0.000592,-0.003446
110.506792,-0.243325,-0.232568,9.777045,-0.001400,-0.000782,0.003360
110.516660,-0.245484,-0.236390,9.782184,0.000937,0.000483,0.003773
110.526555,-0.230315,-0.270591,9.799051,-0.002408,0.000587,-0.004287
110.536433,-0.230060,-0.251212,9.800343,0.002467,-0.001116,0.003630
110.546338,-0.228419,-0.249973,9.820294,0.003628,-0.001687,0.002529
110.556206,-0.246020,-0.254490,9.776561,0.000735,0.000759,0.003661
110.566101,-0.239740,-0.245599,9.772472,0.001136,0.001078,-0.002335
110.575979,-0.228438,-0.252341,9.781737,-0.003193,0.003774,-0.001345
110.585884,-0.242965,-0.254673,9.771814,0.000869,-0.001122,-0.000470
110.595752,-0.254852,-0.254800,9.776011,0.001656,0.001683,0.003706
110.605647,-0.251430,-0.251877,9.807883,0.000596,0.000198,0.002040
110.615525,-0.247920,-0.234970,9.809513,0.001113,-0.003043,-0.001436
110.625430,-0.234975,-0.250720,9.795568,-0.002693,-0.001111,-0.001529
110.635298,-0.234108,-0.242224,9.790278,-0.000079,-0.000466,0.000181
110.645193,-0.237775,-0.253388,9.761579,0.002306,0.000363,0.002875
110.655071,-0.250346,-0.257806,9.763596,0.001076,-0.000439,0.003198
110.664976,-0.256258,-0.245034,9.790977,-0.000848,0.000782,0.003259
110.674844,-0.239554,-0.225306,9.808795,0.000113,0.001731,-0.004407
110.684739,-0.261088,-0.252547,9.802833,0.001125,0.004069,-0.002487
110.694617,-0.244038,-0.270521,9.806018,0.002804,-0.004378,0.000187
110.704522,-0.229235,-0.248698,9.809207,0.001014,-0.001377,0.001444
110.714390,-0.224508,-0.254523,9.791989,0.002142,0.001838,-0.000013
110.724285,-0.231342,-0.263039,9.816479,0.000161,0.001416,-0.000521
110.734163,-0.238124,-0.255455,9.800771,0.002568,-0.004325,0.001678
110.744066,-0.239079,-0.247483,9.800693,0.001150,0.002330,0.000679
110.753935,-0.226543,-0.264175,9.762115,0.001921,-0.002136,0.002602
110.763830,-0.226855,-0.269149,9.792783,-0.002910,0.005952,-0.000557
110.773708,-0.236083,-0.263715,9.778994,0.000079,-0.003412,0.001440
110.783613,-0.243563,-0.254693,9.803592,0.001165,-0.002487,-0.001557
110.793481,-0.239474,-0.252966,9.791222,-0.000219,0.003513,0.003103
110.803376,-0.255773,-0.255156,9.785666,0.001541,-0.000370,0.001143
110.813254,-0.253330,-0.244143,9.792906,0.004562,-0.005939,-0.000409
110.823158,-0.244998,-0.255334,9.791775,0.004154,0.000435,0.000402
110.833027,-0.238431,-0.271658,9.788423,-0.000687,0.001572,-0.000201
110.842922,-0.234763,-0.276780,9.775085,0.000875,-0.005526,0.004239
110.852800,-0.240532,-0.258166,9.791909,0.000115,0.001747,0.001044
110.862704,-0.233749,-0.239708,9.796555,-0.000812,0.001544,-0.000293
110.872573,-0.236443,-0.245680,9.792426,0.002815,0.000530,-0.000291
110.882468,-0.257026,-0.229449,9.786267,0.003016,-0.003382,-0.000676
110.892346,-0.248221,-0.249850,9.790508,0.002598,0.003762,-0.000856
110.902250,-0.241948,-0.265752,9.775088,-0.001740,0.000180,-0.001550
110.912119,-0.243502,-0.261019,9.790457,0.001859,0.001810,0.003811
110.922014,-0.238554,-0.242106,9.799144,-0.000885,0.004550,0.002047
110.931892,-0.228919,-0.254953,9.780178,-0.003964,-0.003086,-0.000647
110.941796,-0.245992,-0.255013,9.781611,0.000855,-0.001541,-0.000621
110.951665,-0.246274,-0.246672,9.791403,0.000221,0.001179,-0.003400
110.961560,-0.252212,-0.245023,9.784607,-0.000163,0.003115,-0.001233
110.971438,-0.254421,-0.227125,9.792071,0.002953,-0.000739,0.003439
110.981342,-0.252843,-0.254671,9.801075,0.001220,0.002860,-0.003483
110.991211,-0.253207,-0.260309,9.794279,-0.001832,0.004200,-0.006252
111.001106,-0.225510,-0.269013,9.781077,-0.002160,0.001668,-0.000262
111.010984,-0.233543,-0.260004,9.793899,-0.001641,-0.002210,-0.000474
111.020888,-0.240253,-0.251574,9.795999,0.000164,-0.002514,-0.003626
111.030757,-0.248498,-0.243713,9.792455,-0.000904,0.001246,0.000119
111.040652,-0.238744,-0.261434,9.764664,0.000690,-0.002384,-0.002541
111.050530,-0.233930,-0.261149,9.774093,0.001895,-0.004161,-0.002380
111.060434,-0.245295,-0.243869,9.779538,-0.001147,0.003312,0.002163
111.070303,-0.235246,-0.233838,9.786612,0.005040,-0.003780,0.000641
111.080198,-0.245036,-0.241239,9.792932,-0.000836,0.004309,0.002382
111.090076,-0.246793,-0.236426,9.796415,0.000844,-0.004116,-0.000097
111.099980,-0.244119,-0.251159,9.785249,-0.000834,0.000945,-0.000511
111.109849,-0.236844,-0.261008,9.775709,0.004669,-0.000724,-0.000505
111.119743,-0.236452,-0.260375,9.777079,-0.001318,0.001736,-0.004066
111.129622,-0.251795,-0.249902,9.788033,0.000962,-0.000356,-0.003211
111.139526,-0.268115,-0.256423,9.777909,-0.000421,-0.004616,0.000397
111.149395,-0.250709,-0.245098,9.799173,-0.000483,0.001851,-0.001017
111.159289,-0.247348,-0.264175,9.773796,0.001021,0.002742,0.002376
111.169167,-0.249927,-0.260533,9.772226,-0.000447,0.000813,-0.001960
111.179072,-0.252056,-0.244072,9.775846,0.001150,-0.004801,-0.001784
111.188940,-0.248469,-0.245180,9.771607,-0.003036,0.002270,-0.001848
111.198835,-0.233964,-0.260957,9.794193,0.004943,-0.001765,-0.000802
111.208714,-0.234596,-0.258140,9.767311,0.002791,-0.000797,-0.000041
111.218618,-0.239889,-0.259090,9.800424,0.001494,-0.003342,0.001068
111.228487,-0.251621,-0.267326,9.806777,-0.002174,-0.000976,0.004589
111.238383,-0.248838,-0.271209,9.796142,0.002480,0.000970,0.000031
111.248260,-0.241882,-0.254444,9.788767,-0.000534,0.001175,0.003082
111.258165,-0.247405,-0.240638,9.777977,-0.001215,0.000771,0.001951
111.268032,-0.238743,-0.251780,9.798496,0.001007,0.001139,-0.001549
111.277927,-0.241582,-0.261239,9.790369,0.001886,-0.007820,0.002302
111.287805,-0.230979,-0.271902,9.797866,-0.002347,-0.002037,0.001593
111.297710,-0.235110,-0.268449,9.781130,0.001393,-0.000243,-0.000292
111.307578,-0.238933,-0.252299,9.779522,0.000358,0.001452,-0.001830
111.317473,-0.230849,-0.242914,9.756615,0.002908,0.003312,-0.002412
111.327352,-0.244240,-0.267071,9.794776,-0.000416,-0.001449,-0.002553
111.337256,-0.239753,-0.247783,9.795657,0.002003,-0.002204,-0.000772
111.347125,-0.253225,-0.230851,9.776940,0.001767,0.003064,0.005215
111.357019,-0.259491,-0.260106,9.773824,0.002371,-0.001553,0.003556
111.366897,-0.251751,-0.267738,9.771664,0.001589,-0.003092,0.001880
111.376802,-0.240666,-0.262120,9.776060,0.000386,0.001753,-0.005017
111.386670,-0.243454,-0.241444,9.798814,0.000186,0.001226,0.000508
111.396565,-0.248657,-0.262036,9.816993,-0.002589,-0.002978,-0.000025
111.406443,-0.247173,-0.256830,9.807200,-0.001718,0.005947,0.000553
111.416348,-0.248958,-0.241783,9.785288,0.001124,-0.003117,-0.001045
111.426216,-0.232769,-0.248097,9.792097,-0.000687,-0.000002,0.001426
111.436111,-0.249499,-0.254804,9.783544,0.000694,0.000159,0.003031
111.445989,-0.246228,-0.261509,9.777283,0.001302,-0.001377,-0.005943
111.455894,-0.248882,-0.267688,9.795130,-0.002171,0.002886,-0.001018
111.465762,-0.250690,-0.236854,9.797796,0.000027,0.001172,-0.000765
111.475657,-0.247320,-0.257075,9.796654,0.003744,-0.003166,-0.001107
111.485535,-0.247416,-0.256721,9.795282,-0.002805,-0.000614,0.000316
111.495439,-0.249017,-0.264275,9.785584,0.001268,0.003452,-0.002545
111.505308,-0.237380,-0.256883,9.803200,0.000955,0.004141,-0.002466
111.515203,-0.239677,-0.271359,9.812480,-0.001513,0.003434,-0.000287
111.525081,-0.254860,-0.265153,9.785699,0.002283,0.003151,0.000616
111.534986,-0.243923,-0.258850,9.770670,0.001336,0.001757,0.003438
111.544854,-0.232722,-0.244974,9.777062,0.000632,-0.001424,0.000016
111.554749,-0.249503,-0.244775,9.794890,0.001994,0.001194,-0.000658
111.564627,-0.262612,-0.242180,9.776680,0.000376,0.000681,0.000691
111.574532,-0.246837,-0.267475,9.773898,-0.001192,0.000969,0.000285
111.584400,-0.244709,-0.270331,9.774052,-0.001071,0.001913,-0.001854
111.594295,-0.238421,-0.257130,9.776339,0.000134,-0.000809,0.000207
111.604173,-0.231081,-0.255014,9.758512,0.002484,0.003952,0.002630
111.614077,-0.235794,-0.253253,9.780643,0.005893,-0.000802,0.004573
111.623946,-0.244196,-0.256176,9.787486,-0.001316,0.004655,-0.002664
111.633841,-0.249270,-0.249262,9.795669,0.001877,-0.001271,0.000007
111.643719,-0.243476,-0.242781,9.795571,-0.001708,0.005150,-0.001892
111.653623,-0.237867,-0.240386,9.804160,0.003485,-0.001111,0.001252
111.663492,-0.244389,-0.248517,9.790256,0.002012,-0.000172,0.000124
111.673387,-0.253592,-0.265067,9.777962,0.002525,0.000556,-0.001054
111.683265,-0.235830,-0.264383,9.777331,0.001359,0.000798,0.001098
111.693169,-0.234428,-0.251073,9.802076,0.001221,0.000081,0.000620
111.703038,-0.237007,-0.258986,9.783770,0.003793,0.001892,0.002904
111.712933,-0.225962,-0.246736,9.784895,0.002496,-0.004223,-0.000577
111.722811,-0.248786,-0.246914,9.799996,-0.000541,0.003398,-0.001429
111.732715,-0.240097,-0.257286,9.785056,0.000497,-0.001535,-0.001534
111.742584,-0.226462,-0.268291,9.788801,-0.000384,-0.001404,0.001111
111.752480,-0.245313,-0.263555,9.785219,-0.001974,-0.001825,-0.002371
111.762358,-0.248584,-0.249167,9.784979,0.000634,0.001995,0.002817
111.772262,-0.262276,-0.254974,9.783763,0.001578,0.003158,0.000814
111.782130,-0.240041,-0.270129,9.791899,0.002660,0.004648,0.000702
111.792025,-0.244327,-0.257851,9.793146,0.001707,0.001632,0.001801
111.801903,-0.256463,-0.256858,9.774582,-0.002902,0.002948,0.003142
111.811807,-0.233967,-0.260316,9.768705,0.001520,-0.000772,0.002401
111.821676,-0.214712,-0.250275,9.797585,-0.001610,0.000225,-0.003073
111.831571,-0.225636,-0.246937,9.788932,0.001142,0.005517,-0.000208
111.841449,-0.234655,-0.246923,9.789437,0.001578,0.001971,-0.004386
111.851353,-0.236618,-0.252896,9.753731,0.000059,0.002142,0.000633
111.861222,-0.226923,-0.250883,9.791011,0.000577,-0.001628,0.001047
111.871116,-0.241062,-0.256618,9.799611,-0.000603,0.002420,0.000449
111.880995,-0.261017,-0.261284,9.831535,-0.000130,-0.000455,0.002390
111.890899,-0.246521,-0.261134,9.797203,-0.000367,0.000897,-0.001116
111.900768,-0.235867,-0.245720,9.786977,0.002000,0.000005,0.000202
111.910663,-0.232268,-0.251377,9.787523,0.000434,-0.004560,0.001492
111.920541,-0.231495,-0.262465,9.804116,-0.001347,-0.003486,-0.001603
111.930445,-0.227995,-0.260187,9.781765,0.002260,-0.003019,-0.000174
111.940314,-0.235786,-0.266968,9.775496,0.002349,-0.002241,0.001915
111.950209,-0.246815,-0.266443,9.795424,-0.000122,-0.000564,-0.001706
111.960087,-0.256649,-0.272472,9.801752,0.001522,0.002681,-0.002839
111.969991,-0.236253,-0.249430,9.793769,0.001044,0.003005,-0.001819
111.979860,-0.225164,-0.230482,9.805677,0.001650,0.000147,0.000456
111.989755,-0.235900,-0.249129,9.789576,0.002053,0.001757,-0.001677
111.999633,-0.235688,-0.253152,9.799456,0.002209,0.000334,0.000246
112.009537,-0.237294,-0.241006,9.795427,0.002005,-0.003823,0.002174
112.019406,-0.234132,-0.237348,9.788412,0.001563,-0.001806,-0.001061
112.029300,-0.237730,-0.241837,9.797524,-0.001453,0.001285,-0.002679
112.039178,-0.244396,-0.245045,9.784222,0.000119,0.000761,0.000768
112.049083,-0.239374,-0.254050,9.811108,0.003503,0.000878,0.002715
112.058952,-0.228821,-0.248713,9.789594,0.004008,-0.000719,0.000086
112.068847,-0.232790,-0.216068,9.772496,-0.000001,0.002227,0.001934
112.078725,-0.225097,-0.260199,9.755890,-0.001396,0.000313,-0.002133
112.088629,-0.237031,-0.265053,9.768544,0.001610,0.004014,-0.001181
112.098498,-0.233758,-0.267712,9.781245,0.001676,0.002337,-0.000395
112.108392,-0.245864,-0.269482,9.789864,0.001257,-0.004988,-0.002068
112.118270,-0.246293,-0.263053,9.777769,-0.003087,-0.002674,0.001980
112.128175,-0.239697,-0.262159,9.769752,0.003604,-0.002918,0.001443
112.138043,-0.245371,-0.250378,9.777798,0.003136,-0.004190,-0.005527
112.147938,-0.249256,-0.265556,9.799879,0.000784,0.002362,-0.002399
112.157817,-0.236346,-0.268250,9.780661,0.001397,0.003670,0.001972
112.167721,-0.245149,-0.257274,9.786955,0.000996,0.002910,0.000766
112.177590,-0.238323,-0.254060,9.776122,-0.000151,0.000329,-0.001832
112.187484,-0.240894,-0.257049,9.790217,-0.000202,0.001067,0.002852
112.197362,-0.244130,-0.227392,9.784264,0.000468,0.002087,-0.000587
112.207267,-0.255850,-0.259814,9.790298,0.001423,-0.000461,0.002023
112.217136,-0.256015,-0.261483,9.811441,-0.002115,0.003298,0.001299
112.227030,-0.243500,-0.259989,9.798280,0.001614,0.000745,0.001076
112.236908,-0.248702,-0.262953,9.792314,-0.000259,0.000810,0.000730
112.246813,-0.243117,-0.256574,9.793588,-0.000781,0.002871,-0.000384
112.256681,-0.219441,-0.264024,9.782137,0.001401,-0.003388,-0.000107
112.266576,-0.238834,-0.260853,9.779733,-0.000555,-0.003275,0.000553
112.276454,-0.249804,-0.259947,9.813961,-0.000905,0.001150,-0.002385
112.286359,-0.247199,-0.244925,9.803290,-0.002278,-0.001495,0.000576
112.296227,-0.246506,-0.254614,9.787895,0.000231,0.001207,-0.001782
112.306122,-0.240067,-0.249909,9.785343,-0.002575,0.004136,-0.002488
112.316000,-0.232182,-0.261187,9.797308,0.002134,-0.000101,0.000197
112.325905,-0.233390,-0.241281,9.791566,0.000989,0.002951,-0.004959
112.335773,-0.233552,-0.238051,9.784250,0.000643,-0.000424,-0.004399
112.345668,-0.233075,-0.252370,9.787404,-0.000709,-0.001306,-0.000524
112.355546,-0.260133,-0.274052,9.790803,0.000329,-0.001851,-0.000349
112.365451,-0.230575,-0.276326,9.799581,0.001589,-0.005187,-0.003621
112.375319,-0.233672,-0.268585,9.804511,0.000173,0.000557,0.001177
112.385214,-0.247848,-0.261618,9.795661,-0.000011,0.004295,-0.000039
112.395092,-0.253283,-0.243646,9.801429,0.002370,-0.003224,-0.000672
112.404998,-0.239099,-0.249614,9.794561,0.001469,-0.001996,0.002769
112.414863,-0.225172,-0.268784,9.804571,0.001970,-0.001545,0.001261
112.424758,-0.248074,-0.259324,9.798330,-0.001807,0.000637,0.000976
112.434636,-0.230192,-0.246403,9.766174,0.001833,-0.002697,-0.000068
112.444541,-0.231815,-0.266443,9.773086,0.001683,-0.001917,-0.000272
112.454409,-0.255630,-0.251440,9.803157,0.001350,0.000157,-0.000388
112.464304,-0.238212,-0.250172,9.792180,-0.000778,0.001978,-0.001749
112.474182,-0.233299,-0.250769,9.799426,-0.001597,0.001242,0.002311
112.484086,-0.238691,-0.240737,9.809248,0.001111,-0.004042,0.000116
112.493957,-0.224642,-0.264638,9.780347,-0.000744,0.001958,-0.000222
112.503852,-0.224738,-0.245547,9.769318,0.002640,-0.002718,-0.001527
112.513730,-0.243472,-0.245423,9.793051,0.002228,-0.001269,0.003098
112.523634,-0.242291,-0.253296,9.783351,-0.000347,0.000403,-0.002121
112.533503,-0.234741,-0.256162,9.766511,0.002146,0.001689,-0.001302
112.543398,-0.246671,-0.277578,9.787914,0.000126,0.002087,0.004738
112.553276,-0.246755,-0.275297,9.790965,-0.000433,-0.002348,-0.001685
112.563180,-0.234713,-0.272295,9.772938,0.002040,0.002470,0.002285
112.573049,-0.241940,-0.247573,9.784238,0.001843,-0.000282,0.000165
112.582944,-0.262772,-0.258679,9.798544,0.001434,0.003730,0.000857
112.592822,-0.254708,-0.265621,9.787362,-0.000723,-0.001497,0.003792
112.602727,-0.234688,-0.257822,9.795946,-0.002124,0.001093,0.002262
112.612595,-0.219378,-0.260415,9.793889,0.004389,0.002789,0.002681
112.622490,-0.217593,-0.254415,9.817938,0.001560,0.000961,-0.000630
112.632368,-0.249373,-0.253166,9.811206,0.002309,-0.000396,-0.000358
112.642273,-0.246845,-0.250566,9.784959,0.001110,-0.005154,0.001015
112.652141,-0.237981,-0.257322,9.795152,0.002335,0.002226,-0.000237
112.662036,-0.257928,-0.256679,9.796324,-0.000099,-0.002806,0.003256
112.671914,-0.233420,-0.239617,9.796661,0.003096,-0.000141,0.002019
112.681818,-0.246836,-0.255858,9.805708,-0.001699,0.005029,-0.001691
112.691687,-0.229922,-0.248257,9.784237,0.001249,0.004891,-0.002618
112.701582,-0.243242,-0.258951,9.784102,0.000354,0.000573,0.000231
112.711460,-0.251103,-0.251065,9.774220,0.002068,0.002238,0.001518
112.721364,-0.244028,-0.258735,9.783371,0.001138,0.001565,-0.000113
112.731233,-0.242296,-0.259574,9.820384,0.001307,-0.005156,0.002477
112.741128,-0.243766,-0.235030,9.798806,-0.000191,0.004430,0.000177
112.751006,-0.227974,-0.239408,9.773418,0.001113,0.000685,-0.002245
112.760910,-0.230494,-0.248398,9.777370,-0.000005,0.001163,-0.002507
112.770779,-0.248503,-0.254757,9.791694,0.003201,-0.000345,-0.000365
112.780674,-0.252120,-0.258186,9.800625,0.000899,0.002240,-0.004526
112.790552,-0.225616,-0.250398,9.780706,0.003644,-0.005464,0.002085
112.800457,-0.251045,-0.253704,9.778310,0.001180,0.000684,0.001035
112.810325,-0.240209,-0.256333,9.792665,0.001406,0.003189,0.001492
112.820221,-0.233659,-0.262953,9.795106,-0.000746,0.005280,0.001686
112.830098,-0.248676,-0.249221,9.785842,-0.000258,-0.002641,-0.000180
112.840003,-0.244079,-0.245646,9.788654,0.002628,-0.000424,-0.003223
112.849872,-0.243834,-0.273762,9.803089,-0.001589,-0.001724,-0.000381
112.859766,-0.243731,-0.260651,9.766604,-0.002752,-0.002683,-0.003997
112.869645,-0.235912,-0.240718,9.775314,0.003211,0.001155,-0.000291
112.879549,-0.240010,-0.236189,9.798753,0.001306,0.000902,-0.001552
112.889418,-0.240475,-0.257677,9.791600,0.001408,-0.000132,0.000361
112.899313,-0.242937,-0.252120,9.777117,0.004910,-0.001286,-0.002593
112.909191,-0.248280,-0.263119,9.774897,0.000741,0.002006,-0.000070
112.919095,-0.244547,-0.247883,9.771807,0.004035,-0.001182,-0.000704
112.928964,-0.242879,-0.250032,9.781630,0.002578,0.000734,-0.004094
112.938859,-0.242190,-0.251682,9.789069,-0.001182,-0.004009,-0.002871
112.948737,-0.233851,-0.250329,9.812901,0.001556,-0.003346,-0.001567
112.958641,-0.239212,-0.229616,9.803446,0.001340,-0.000869,0.002288
112.968510,-0.238593,-0.253371,9.804456,0.002708,0.002370,-0.000676
112.978404,-0.241511,-0.276154,9.801974,0.000716,0.001450,-0.003851
112.988283,-0.250641,-0.273278,9.806897,0.002845,0.001677,-0.001133
112.998187,-0.253419,-0.257330,9.798752,-0.002188,0.001053,0.001816
113.008056,-0.248382,-0.253852,9.785464,-0.003471,-0.005250,0.001471
113.017950,-0.252003,-0.247820,9.766303,0.002377,0.003935,0.001332
113.027828,-0.233938,-0.257540,9.784310,-0.000051,-0.000431,-0.003637
113.037733,-0.229279,-0.261280,9.776241,0.003349,-0.000204,-0.001977
113.047601,-0.219435,-0.247113,9.771998,-0.001106,-0.000277,-0.000314
113.057496,-0.224360,-0.251901,9.776905,0.003588,-0.004882,-0.000689
113.067374,-0.229483,-0.270402,9.764278,0.003782,-0.001289,0.003936
113.077279,-0.259466,-0.263668,9.791953,0.001480,-0.001343,0.001542
113.087147,-0.253087,-0.245328,9.800593,0.001264,0.000025,-0.003131
113.097042,-0.249873,-0.259955,9.777128,0.001810,-0.002299,0.000611
113.106920,-0.247197,-0.264084,9.793684,0.000660,0.002623,-0.002230
113.116824,-0.249460,-0.258112,9.781400,-0.001201,0.001787,-0.002424
113.126692,-0.233081,-0.249309,9.795735,-0.001180,-0.004049,-0.005224
113.136587,-0.226136,-0.244923,9.776820,0.000172,-0.000181,0.001474
113.146466,-0.242328,-0.255765,9.780309,0.002709,0.001633,0.003839
113.156370,-0.235019,-0.251859,9.800869,-0.001703,-0.000224,-0.001879
113.166238,-0.238276,-0.265949,9.790470,-0.000300,-0.000418,-0.003276
113.176133,-0.249594,-0.265627,9.785475,0.004028,-0.002509,-0.000218
113.186011,-0.244852,-0.259316,9.805077,-0.000085,-0.001054,-0.002235
113.195916,-0.243904,-0.241145,9.781800,-0.000844,-0.001135,0.000591
113.205784,-0.259355,-0.249007,9.790744,-0.002613,0.001373,0.001628
113.215679,-0.256595,-0.256650,9.798464,0.001611,-0.000557,-0.001235
113.225557,-0.238519,-0.262547,9.791656,-0.001138,-0.000235,0.001660
113.235462,-0.231830,-0.250411,9.817615,0.001870,0.000113,0.000142
113.245330,-0.254766,-0.255727,9.800522,-0.001308,-0.000524,0.001967
113.255225,-0.243816,-0.268744,9.778966,0.006109,-0.000449,0.001636
113.265103,-0.235049,-0.252698,9.776495,-0.000617,0.004541,0.000534
113.275008,-0.229250,-0.257137,9.780991,-0.000248,0.004300,-0.005146
113.284876,-0.233720,-0.251814,9.775037,0.000260,0.002456,-0.001695
113.294771,-0.244391,-0.266357,9.765330,0.003433,0.003248,0.000248
113.304649,-0.234432,-0.250873,9.778639,0.000853,0.000122,-0.002670
113.314554,-0.244587,-0.252267,9.775059,-0.002080,-0.000392,-0.001939
113.324422,-0.249923,-0.271860,9.775115,0.000749,0.000111,-0.000901
113.334317,-0.243077,-0.260122,9.800539,0.000415,0.004819,-0.000981
113.344195,-0.241320,-0.235306,9.801169,0.002179,0.000688,-0.002849
113.354100,-0.253731,-0.245538,9.808772,-0.002127,0.004817,-0.000111
113.363968,-0.260184,-0.246558,9.789927,0.000491,-0.001022,-0.002141
113.373863,-0.243653,-0.255424,9.794986,-0.000448,0.001642,0.000929
113.383741,-0.245550,-0.253294,9.793979,0.000244,-0.000785,0.001489
113.393646,-0.232130,-0.252121,9.757329,0.000149,-0.001859,-0.000765
113.403514,-0.237096,-0.249693,9.795013,-0.000356,0.000653,-0.002532
113.413409,-0.243522,-0.242572,9.798519,0.003725,-0.002249,-0.000435
113.423287,-0.238912,-0.265571,9.798097,0.002458,-0.000897,0.003491
113.433192,-0.248409,-0.277615,9.805976,-0.001259,0.003869,0.003499
113.443060,-0.228768,-0.261257,9.792104,-0.000608,0.000623,-0.003736
113.452955,-0.242936,-0.244171,9.790564,0.001482,-0.004327,-0.002977
113.462833,-0.238476,-0.239930,9.786973,0.002290,-0.002711,0.001207
113.472737,-0.244534,-0.241892,9.785166,-0.002203,0.004947,-0.004459
113.482606,-0.248685,-0.249879,9.798416,-0.005145,0.001512,-0.003025
113.492501,-0.250712,-0.251471,9.801315,0.002260,-0.001098,0.004120
113.502379,-0.240603,-0.257593,9.797897,-0.003291,0.002280,-0.000848
113.512283,-0.229796,-0.256600,9.782872,0.000722,-0.002337,0.000172
113.522152,-0.224224,-0.257149,9.782997,-0.000395,-0.007708,-0.000583
113.532047,-0.223788,-0.244331,9.801187,0.001735,0.004404,-0.001338
113.541925,-0.236034,-0.257914,9.816706,-0.000337,-0.002868,0.003119
113.551829,-0.260115,-0.240320,9.787322,0.001204,0.001567,-0.002531
113.561698,-0.238152,-0.229930,9.804340,0.000184,-0.000762,0.001831
113.571593,-0.229941,-0.258321,9.783025,0.002323,-0.006797,0.002267
113.581471,-0.240896,-0.264661,9.776365,0.001126,0.005378,-0.003956
113.591375,-0.249578,-0.266248,9.777315,0.002842,-0.003613,-0.000570
113.601245,-0.247613,-0.269557,9.802233,-0.000222,0.004888,-0.002785
113.611140,-0.247491,-0.275807,9.812138,-0.000540,0.001669,-0.001237
113.621018,-0.243635,-0.256555,9.793930,0.005577,0.000802,-0.002211
113.630922,-0.250838,-0.259402,9.779141,0.000953,0.001147,0.001218
113.640790,-0.243692,-0.244364,9.781757,0.001905,0.003696,-0.002355
113.650685,-0.247800,-0.252450,9.788533,-0.001097,-0.001893,-0.002161
113.660563,-0.240470,-0.251483,9.775091,-0.002104,-0.002242,0.002466
113.670467,-0.239679,-0.260869,9.779156,-0.000065,-0.003005,0.001559
113.680336,-0.253484,-0.253745,9.806549,0.000823,0.002676,-0.000782
113.690231,-0.231017,-0.249417,9.800186,-0.002595,-0.000782,-0.003148
113.700109,-0.232839,-0.241082,9.798451,0.002952,0.003383,-0.000992
113.710013,-0.241980,-0.246975,9.802326,-0.003408,0.003638,-0.001340
113.719882,-0.256992,-0.253839,9.765396,0.000152,0.004419,-0.001571
113.729776,-0.231685,-0.274852,9.746394,-0.002060,0.002535,-0.003107
113.739655,-0.233717,-0.232804,9.784354,0.002613,-0.000308,0.001642
113.749559,-0.243492,-0.239408,9.795834,-0.001370,-0.000236,-0.000067
113.759428,-0.231608,-0.269606,9.764445,0.001082,-0.003636,-0.002715
113.769323,-0.229516,-0.262596,9.779648,-0.000013,-0.002675,-0.002750
113.779201,-0.218294,-0.268072,9.786696,0.004214,-0.003339,-0.000429
113.789105,-0.223805,-0.267343,9.785920,-0.001499,0.000358,0.000818
113.798974,-0.245332,-0.267567,9.775890,0.000464,0.001503,0.001026
113.808869,-0.244775,-0.261413,9.801922,0.001366,-0.002349,0.003704
113.818747,-0.255282,-0.254902,9.791693,0.001124,-0.000463,0.004908
113.828651,-0.255642,-0.250616,9.772624,0.003180,-0.002181,-0.000087
113.838520,-0.246601,-0.259941,9.771689,0.001087,-0.001880,-0.000133
113.848414,-0.244099,-0.252308,9.768187,0.002548,0.001949,0.001004
113.858293,-0.230298,-0.260607,9.772338,-0.000043,-0.003059,0.000910
113.868197,-0.241157,-0.238874,9.794491,0.000177,-0.006941,-0.001252
113.878066,-0.247002,-0.251799,9.779635,-0.000401,0.002842,-0.000272
113.887961,-0.234058,-0.241219,9.792837,-0.001351,0.000871,0.000280
113.897839,-0.231764,-0.246227,9.780647,-0.000201,-0.003534,0.000359
113.907743,-0.241416,-0.245059,9.781473,-0.001235,-0.003039,0.002365
113.917612,-0.229748,-0.266446,9.797488,0.002152,-0.002336,-0.000192
113.927506,-0.227279,-0.252810,9.763982,-0.000736,0.002657,-0.001749
113.937384,-0.239016,-0.253053,9.783481,-0.001077,0.001753,-0.001961
113.947289,-0.240758,-0.247372,9.804971,0.000232,-0.002536,-0.000805
113.957158,-0.239438,-0.264052,9.781553,-0.001513,0.000054,-0.000956
113.967052,-0.242782,-0.259096,9.794084,-0.001200,0.003337,0.001862
113.976931,-0.243212,-0.260043,9.801318,0.003666,-0.000609,-0.001908
113.986835,-0.248266,-0.264144,9.777049,-0.000833,0.001631,-0.001689
113.996703,-0.244362,-0.243722,9.781005,-0.000339,0.001255,0.006676
114.006598,-0.239221,-0.265039,9.790175,0.000389,-0.004132,-0.002934
114.016476,-0.236523,-0.271180,9.796830,-0.002051,0.005540,0.003184
114.026381,-0.233192,-0.263517,9.784960,0.000978,-0.001592,0.001941
114.036249,-0.244037,-0.255807,9.781663,-0.000696,0.000875,-0.001411
114.046144,-0.245799,-0.253195,9.780199,0.002712,-0.001380,-0.000923
114.056023,-0.246311,-0.268161,9.776542,-0.000256,0.002688,-0.005505
114.065927,-0.239060,-0.268876,9.792151,0.003363,0.000342,-0.000447
114.075796,-0.245518,-0.251977,9.786900,-0.001895,0.001542,-0.001623
114.085690,-0.222028,-0.267997,9.797891,0.001295,-0.000810,0.000896
114.095568,-0.241607,-0.259468,9.790336,-0.002240,0.001875,-0.000920
114.105473,-0.246084,-0.256436,9.790792,0.003790,0.000852,-0.000977
114.115342,-0.234412,-0.275565,9.798536,0.003523,-0.000820,0.003368
114.125237,-0.248583,-0.260961,9.791662,0.001285,0.001689,0.001510
114.135115,-0.249941,-0.249978,9.795757,0.001607,0.004895,0.002578
114.145019,-0.252759,-0.258218,9.784070,-0.001651,0.003433,-0.002835
114.154888,-0.244856,-0.255455,9.781817,0.002250,-0.003289,-0.000888
114.164783,-0.230474,-0.242952,9.781413,0.000747,0.000120,0.001475
114.174661,-0.220843,-0.257144,9.780811,0.002473,-0.000865,0.001067
114.184565,-0.245832,-0.273512,9.785289,0.002247,-0.002190,0.001872
114.194433,-0.237383,-0.275998,9.794058,0.001279,-0.000224,-0.002411
114.204328,-0.254882,-0.267805,9.802270,-0.001012,-0.001203,0.004820
114.214206,-0.256040,-0.259415,9.783940,-0.000478,-0.002352,-0.000248
114.224111,-0.249369,-0.254110,9.776998,-0.002324,-0.000198,0.003307
114.233979,-0.247094,-0.244136,9.810761,0.001759,-0.003600,0.001645
114.243874,-0.257148,-0.244707,9.798132,-0.000460,0.001630,-0.002765
114.253752,-0.245204,-0.264414,9.768315,0.000455,-0.000673,0.000018
114.263657,-0.252865,-0.266055,9.777897,0.001094,-0.003281,0.000644
114.273526,-0.236324,-0.267191,9.769301,-0.001468,0.000519,-0.003646
114.283420,-0.217232,-0.263911,9.779015,0.002731,-0.000841,-0.002766
114.293298,-0.234464,-0.276179,9.798394,-0.000937,-0.000268,-0.002420
114.303203,-0.236987,-0.245615,9.807383,-0.000105,-0.001210,-0.000411
114.313071,-0.242804,-0.249437,9.788662,0.002337,-0.002828,0.004523
114.322966,-0.236454,-0.264231,9.798072,0.004467,-0.001071,0.002087
114.332844,-0.247674,-0.263021,9.789156,-0.001703,0.000897,0.001464
114.342749,-0.244428,-0.261016,9.781778,0.001625,-0.000589,0.003483
114.352617,-0.245912,-0.246305,9.773620,-0.002292,-0.002704,0.001524
114.362512,-0.255530,-0.244697,9.785306,0.000042,0.000015,0.000108
114.372390,-0.259535,-0.266646,9.784427,-0.001394,0.002031,-0.002700
114.382295,-0.229642,-0.262299,9.779259,0.000581,0.001661,-0.004717
114.392163,-0.237600,-0.271903,9.786522,0.002806,-0.000535,0.004702
114.402058,-0.238694,-0.273674,9.797543,0.001954,0.000360,0.000123
114.411936,-0.245951,-0.260818,9.802636,-0.000036,0.004697,0.004324
114.421841,-0.233204,-0.259678,9.783979,0.003833,-0.006674,-0.001261
114.431709,-0.232336,-0.247200,9.771008,0.002357,0.000529,0.000743
114.441604,-0.249684,-0.237350,9.769742,0.002055,-0.004368,0.001735
114.451482,-0.253049,-0.256807,9.792030,0.000543,0.000318,0.001577
114.461387,-0.245644,-0.262470,9.804560,0.000953,-0.000090,-0.001889
114.471255,-0.244643,-0.271154,9.803355,0.002621,-0.002773,0.000222
114.481150,-0.259050,-0.267764,9.783722,0.000611,-0.000599,-0.000247
114.491028,-0.245438,-0.261852,9.789594,0.002352,-0.000633,-0.001066
114.500933,-0.249233,-0.256352,9.790192,0.001571,0.003206,0.000213
114.510801,-0.242536,-0.245671,9.785840,0.001927,-0.003297,0.003374
114.520696,-0.241331,-0.240149,9.776595,-0.000187,0.000467,0.001402
114.530574,-0.232582,-0.243897,9.797148,0.001617,-0.002277,-0.005689
114.540479,-0.246803,-0.270261,9.800069,0.001241,0.001143,-0.000486
114.550347,-0.238266,-0.247872,9.806034,0.000910,-0.002538,0.000463
114.560242,-0.248926,-0.249989,9.824040,0.000559,0.002557,-0.002387
114.570120,-0.247250,-0.250784,9.806480,-0.000038,-0.000112,-0.004868
114.580024,-0.245761,-0.235135,9.779730,-0.001702,0.000321,-0.002341
114.589893,-0.235119,-0.249139,9.786659,-0.000763,-0.002057,0.000946
114.599788,-0.241186,-0.250521,9.784174,0.000179,-0.000197,-0.002522
114.609666,-0.247389,-0.254361,9.778095,0.000215,-0.002137,-0.003351
114.619570,-0.239011,-0.257626,9.776338,-0.000875,0.003019,-0.002620
114.629439,-0.243999,-0.284297,9.796486,-0.001224,-0.000449,0.000421
114.639334,-0.249655,-0.261125,9.783543,-0.000700,-0.000497,-0.000931
114.649212,-0.239225,-0.258766,9.793083,0.002709,-0.000102,-0.004146
114.659116,-0.231629,-0.272852,9.797112,-0.004641,0.002590,-0.002022
114.668985,-0.228003,-0.265882,9.786737,0.004957,0.000298,0.001625
114.678880,-0.255335,-0.249177,9.778471,0.000201,0.001980,-0.002373
114.688758,-0.257527,-0.244245,9.781034,-0.000409,0.001080,-0.001109
114.698662,-0.242338,-0.251463,9.786736,0.002881,0.003331,-0.000670
114.708531,-0.227841,-0.254689,9.793800,-0.002180,-0.002226,0.006492
114.718426,-0.231814,-0.261791,9.784103,-0.000377,0.000682,-0.005407
114.728304,-0.221933,-0.236787,9.803449,0.000377,-0.001155,0.001555
114.738208,-0.232631,-0.262321,9.804344,0.002520,-0.002199,0.000224
114.748077,-0.229348,-0.249486,9.811368,0.000684,-0.002307,0.000066
114.757972,-0.218722,-0.244828,9.807319,-0.000199,0.001644,-0.002172
114.767850,-0.233542,-0.262557,9.805749,-0.000108,-0.002588,0.001874
114.777754,-0.229837,-0.272494,9.785242,0.005669,-0.000288,0.000578
114.787623,-0.245695,-0.277407,9.772716,-0.000872,-0.002129,-0.001644
114.797518,-0.242963,-0.282490,9.791590,-0.002531,0.002852,-0.002771
114.807396,-0.234592,-0.259076,9.812663,0.002949,0.002096,-0.000286
114.817300,-0.239546,-0.259037,9.828943,0.001205,-0.003570,0.000580
114.827169,-0.245111,-0.257999,9.820260,0.001118,-0.000476,0.003790
114.837064,-0.247046,-0.254772,9.775564,0.001987,-0.001547,0.002234
114.846942,-0.241521,-0.241144,9.767698,0.003470,0.000210,-0.000686
114.856846,-0.255258,-0.255789,9.783239,0.001076,-0.003997,-0.003342
114.866715,-0.240721,-0.258490,9.787090,-0.000348,0.002612,0.002728
114.876610,-0.228735,-0.266940,9.776068,0.000443,0.002091,-0.004852
114.886488,-0.251639,-0.258739,9.787522,0.000541,-0.000925,-0.002893
114.896392,-0.250850,-0.260058,9.799676,0.001860,0.001600,-0.001098
114.906261,-0.229241,-0.252210,9.794039,0.001063,-0.002123,-0.000430
114.916155,-0.237995,-0.249271,9.797628,-0.001084,0.003424,0.004105
114.926034,-0.231773,-0.269847,9.776299,-0.001769,0.000643,-0.000456
114.935938,-0.227164,-0.259769,9.803928,-0.002090,0.002103,-0.000575
114.945806,-0.240554,-0.255350,9.810397,0.003264,-0.001885,-0.000754
114.955701,-0.250634,-0.259437,9.775678,-0.002996,0.001923,0.001584
114.965580,-0.240735,-0.246439,9.798011,0.004375,-0.000326,0.001955
114.975484,-0.227384,-0.262152,9.798491,-0.001471,-0.000795,0.002117
114.985353,-0.238484,-0.269884,9.799596,-0.000376,-0.001508,0.000566
114.995248,-0.250060,-0.262588,9.785528,0.001582,-0.001904,-0.004085
115.005126,-0.248455,-0.250601,9.776196,0.000601,-0.001598,0.003151
115.015030,-0.240851,-0.243379,9.775556,0.005587,0.000870,-0.002174
115.024899,-0.248338,-0.245983,9.789863,0.002864,-0.002022,-0.001686
115.034793,-0.251781,-0.262715,9.798540,-0.000559,0.002246,-0.002954
115.044672,-0.246523,-0.246623,9.791947,0.001699,-0.003776,0.000421
115.054576,-0.231296,-0.236414,9.781960,0.000011,0.000533,0.002310
115.064444,-0.243930,-0.253301,9.809000,0.001676,0.002126,0.000843
115.074339,-0.236177,-0.263118,9.781468,-0.003558,0.002873,-0.000364
115.084217,-0.242462,-0.242978,9.781310,0.001822,-0.003724,-0.003650
115.094122,-0.254241,-0.253064,9.795843,0.001398,-0.000070,-0.000747
115.103991,-0.235525,-0.262618,9.806264,-0.000231,-0.001593,0.003153
115.113885,-0.254218,-0.263012,9.805546,0.000792,0.000155,-0.001059
115.123764,-0.250267,-0.250569,9.781626,0.003269,0.001837,-0.001177
115.133668,-0.242060,-0.246070,9.792622,0.001035,0.000863,-0.002683
115.143536,-0.235006,-0.259003,9.781968,0.000556,0.001206,0.002299
115.153431,-0.237087,-0.260463,9.780903,0.002029,-0.000875,-0.001860
115.163309,-0.251288,-0.251880,9.798782,0.001177,0.004966,-0.000454
115.173215,-0.230790,-0.274918,9.798596,0.000212,-0.000551,-0.001583
115.183083,-0.223899,-0.254567,9.782343,0.002147,-0.000029,-0.001411
115.192978,-0.235815,-0.266940,9.787292,0.002615,-0.002738,-0.000418
115.202857,-0.248205,-0.265138,9.783321,0.003415,-0.001318,0.000542
115.212761,-0.236017,-0.227018,9.788761,0.000700,0.001224,0.001355
115.222629,-0.239571,-0.250569,9.759475,-0.000630,-0.003203,-0.003775
115.232525,-0.223133,-0.252140,9.785953,-0.001763,0.001744,-0.001691
115.242402,-0.242858,-0.240832,9.783850,-0.000058,0.001362,0.002165
115.252307,-0.258924,-0.264979,9.783348,-0.001011,-0.001995,-0.000403
115.262176,-0.245990,-0.268794,9.792838,0.002008,-0.003796,-0.005524
115.272070,-0.246453,-0.247699,9.794794,0.001387,-0.004082,0.000822
115.281948,-0.233858,-0.236451,9.795046,-0.000527,-0.001233,-0.002120
115.291853,-0.250661,-0.226791,9.795901,0.001573,-0.000175,0.003907
115.301722,-0.245234,-0.250152,9.786202,-0.002046,0.002195,-0.002731
115.311616,-0.241955,-0.264492,9.776808,0.004151,-0.001659,0.002225
115.321495,-0.246155,-0.260909,9.786177,-0.001506,-0.002314,-0.002481
115.331399,-0.253145,-0.266647,9.788267,-0.000848,-0.002307,-0.003484
115.341267,-0.240702,-0.259171,9.775700,0.001792,-0.001226,0.000285
115.351162,-0.240571,-0.261997,9.796802,0.000687,0.001237,-0.003071
115.361041,-0.257365,-0.258058,9.791774,0.004257,-0.000259,0.005612
115.370945,-0.247381,-0.245643,9.794578,0.001751,-0.005860,-0.000710
115.380813,-0.253488,-0.254335,9.782668,-0.002094,-0.000205,-0.002909
115.390708,-0.241907,-0.245378,9.782325,0.001725,0.000522,-0.000237
115.400586,-0.222730,-0.233403,9.791169,0.001308,-0.002822,0.002533
115.410491,-0.241078,-0.258301,9.801192,0.001185,-0.001269,-0.003682
115.420359,-0.231389,-0.249180,9.795105,-0.000385,-0.004637,0.003649
115.430254,-0.230398,-0.252170,9.787003,-0.002448,0.002430,-0.000258
115.440132,-0.221422,-0.257560,9.792856,0.000376,0.001316,-0.002525
115.450037,-0.248083,-0.257318,9.795287,-0.001746,0.002514,-0.001564
115.459905,-0.255003,-0.261007,9.794771,-0.000279,0.000734,-0.000748
115.469799,-0.250168,-0.252718,9.794253,0.001488,-0.002398,0.003109
115.479677,-0.246710,-0.238326,9.762162,0.001705,-0.002752,0.002344
115.489582,-0.250033,-0.242911,9.764319,-0.000405,-0.003636,0.001553
115.499450,-0.241403,-0.253683,9.782552,-0.000690,0.002800,-0.002585
115.509345,-0.245241,-0.253051,9.777236,0.002337,0.002073,0.000477
115.519223,-0.231565,-0.251486,9.790531,-0.003120,0.001688,-0.000823
115.529128,-0.238119,-0.269269,9.784462,0.001987,0.004034,0.000832
115.538996,-0.244940,-0.278378,9.794336,-0.000501,-0.002209,0.001036
115.548891,-0.241493,-0.265834,9.789934,0.000673,0.003537,-0.002208
115.558769,-0.238995,-0.277665,9.766887,-0.000847,-0.002438,-0.000867
115.568673,-0.241009,-0.291919,9.776875,0.000825,0.000487,0.001388
115.578542,-0.231207,-0.256892,9.798611,0.000221,0.005229,-0.001127
115.588437,-0.230472,-0.263262,9.799897,-0.000387,0.002375,-0.001516
115.598315,-0.232514,-0.252591,9.799926,0.000054,-0.000531,0.001090
115.608220,-0.247121,-0.242251,9.778536,0.000855,-0.003041,-0.000750
115.618088,-0.266218,-0.257016,9.781359,0.001455,-0.002906,0.002273
115.627983,-0.239998,-0.261069,9.793455,0.000823,0.000373,-0.002487
115.637861,-0.240183,-0.267278,9.781376,0.000911,0.002486,0.000745
115.647765,-0.236746,-0.275920,9.799468,-0.003116,0.000878,-0.000096
115.657634,-0.232092,-0.273463,9.800166,-0.002137,0.000474,-0.000752
115.667529,-0.237722,-0.278610,9.786972,-0.000550,0.001170,-0.003801
115.677407,-0.253925,-0.264605,9.789219,0.002919,0.001086,-0.001210
115.687311,-0.253037,-0.258193,9.774374,0.003147,0.002316,-0.002696
115.697186,-0.247633,-0.268756,9.798871,0.000693,-0.000828,-0.000446
115.707075,-0.261650,-0.260682,9.784602,0.003943,-0.005124,0.003676
115.716953,-0.258733,-0.253557,9.770470,0.000376,0.002861,-0.001768
115.726858,-0.247723,-0.257233,9.784796,-0.000089,-0.000720,-0.000006
115.736726,-0.241887,-0.248598,9.777653,0.001595,0.001743,-0.000794
115.746621,-0.238172,-0.257367,9.787263,-0.001141,0.001653,0.000153
115.756499,-0.230419,-0.263818,9.801414,-0.000440,-0.000343,-0.002863
115.766404,-0.255802,-0.265481,9.801090,-0.001409,0.001497,-0.002422
115.776272,-0.253190,-0.237182,9.788548,-0.002049,0.001259,-0.001474
115.786170,-0.250858,-0.271369,9.790743,-0.000412,-0.002573,-0.002372
115.796045,-0.251613,-0.281670,9.801859,0.000019,-0.002964,-0.001842
115.805954,-0.232754,-0.252268,9.775178,0.000131,0.002561,0.002418
115.815819,-0.242638,-0.265708,9.777074,0.001211,0.001107,0.001978
115.825713,-0.242816,-0.264297,9.792871,-0.001510,0.000403,0.004832
115.835596,-0.240081,-0.262508,9.813014,-0.002258,0.001580,-0.001422
115.845500,-0.231196,-0.261658,9.807035,0.001616,-0.002901,0.000133
115.855365,-0.234195,-0.270370,9.789708,0.001713,-0.000251,-0.004569
115.865263,-0.232577,-0.267344,9.780013,0.000422,-0.000927,0.000689
115.875140,-0.227260,-0.253298,9.791562,0.000695,-0.003870,0.003872
115.885043,-0.231333,-0.254668,9.793334,0.001780,-0.003898,0.003578
115.894911,-0.234324,-0.250493,9.796386,-0.000132,0.000431,-0.001193
115.904810,-0.240295,-0.249596,9.791823,0.000302,0.000579,-0.000116
115.914684,-0.259157,-0.246245,9.773279,0.000336,-0.001846,-0.004333
115.924592,-0.254022,-0.250492,9.780835,0.001292,-0.002527,-0.000834
115.934460,-0.237360,-0.247694,9.788986,0.001159,-0.001620,0.000898
115.944352,-0.249553,-0.263508,9.784680,0.000949,-0.004236,0.001279
115.954232,-0.247328,-0.251743,9.801495,0.004911,0.000266,0.000505
115.964139,-0.240706,-0.255663,9.780898,0.003999,0.002637,0.000837
115.974004,-0.250234,-0.265688,9.790741,0.001391,-0.003219,0.004144
115.983898,-0.242982,-0.245481,9.805719,0.001128,0.003654,-0.000176
115.993779,-0.233854,-0.233097,9.799973,-0.000193,-0.000912,-0.000606
116.003683,-0.236050,-0.255091,9.787739,0.001271,0.002456,0.000287
116.013549,-0.232025,-0.250471,9.779592,0.000163,-0.000963,-0.002600
116.023444,-0.252655,-0.272779,9.787471,0.001679,-0.001045,0.002262
116.033324,-0.235133,-0.264505,9.782514,0.001021,-0.001805,-0.004623
116.043226,-0.228444,-0.259964,9.792614,-0.001371,-0.002340,-0.002359
116.053096,-0.249572,-0.256341,9.802973,-0.001740,0.001024,-0.002669
116.062990,-0.235273,-0.261195,9.798869,0.001364,0.002264,0.004154
116.072869,-0.230530,-0.257986,9.799405,-0.001323,0.003673,-0.002113
116.082776,-0.238845,-0.252320,9.777409,0.002066,-0.003861,0.001391
116.092642,-0.238217,-0.246109,9.790022,-0.000565,-0.001150,-0.005745
116.102536,-0.239445,-0.248136,9.782059,-0.000628,0.001015,0.002620
116.112415,-0.238910,-0.249476,9.778947,-0.000833,0.004576,-0.005089
116.122319,-0.237478,-0.253498,9.790120,0.000789,0.001566,-0.002485
116.132187,-0.227712,-0.260224,9.787978,0.001882,0.000845,0.001626
116.142087,-0.243095,-0.249536,9.801472,0.004243,-0.002421,-0.000893
116.151960,-0.250136,-0.254651,9.797756,0.002265,0.005677,-0.001702
116.161865,-0.239124,-0.273545,9.796225,0.002380,-0.001977,-0.000709
116.171739,-0.237850,-0.236815,9.791195,-0.001852,0.002760,0.000020
116.181628,-0.241466,-0.245410,9.787445,-0.000784,0.001201,0.001156
116.191510,-0.242217,-0.250855,9.765770,0.000978,-0.003385,0.000181
116.201410,-0.255634,-0.254907,9.785814,-0.000528,0.000336,0.000406
116.211279,-0.266056,-0.257759,9.775277,0.001226,0.002510,0.000852
116.221177,-0.243749,-0.270881,9.773995,0.000927,-0.003279,-0.000173
116.231058,-0.227615,-0.251118,9.783792,-0.000147,0.001272,-0.000078
116.240957,-0.234487,-0.258778,9.780890,-0.002555,0.002020,-0.002115
116.250829,-0.249630,-0.241961,9.785459,0.002937,-0.002356,0.002234
116.260723,-0.239379,-0.245905,9.787906,-0.001843,-0.000182,-0.003083
116.270599,-0.232020,-0.256527,9.774916,-0.000525,0.002159,0.002330
116.280507,-0.256107,-0.258253,9.791896,0.003600,-0.003201,-0.000245
116.290371,-0.257966,-0.267879,9.787541,0.003555,0.001605,0.001374
116.300267,-0.238188,-0.272387,9.817261,-0.000112,0.001608,-0.000112
116.310148,-0.228009,-0.261706,9.801792,0.001197,-0.002870,-0.001608
116.320051,-0.247082,-0.231620,9.761924,0.000744,-0.000926,0.000741
116.329917,-0.241502,-0.239604,9.783879,-0.001446,0.001533,-0.001313
116.339816,-0.243099,-0.237772,9.768832,0.003339,0.000149,0.001051
116.349690,-0.242512,-0.244192,9.780035,0.001600,0.001094,-0.000766
116.359594,-0.240139,-0.247529,9.801715,0.003421,-0.005684,-0.000969
116.369464,-0.213574,-0.269000,9.792111,0.000595,-0.000712,-0.003004
116.379362,-0.226223,-0.260554,9.797068,-0.000903,0.003213,-0.002050
116.389236,-0.239720,-0.260357,9.792512,0.002349,-0.003571,0.000395
116.399141,-0.234721,-0.267190,9.798773,-0.000363,0.000997,-0.000654
116.409009,-0.232336,-0.254090,9.779043,0.001344,-0.003444,-0.000753
116.418905,-0.239405,-0.244158,9.781747,-0.001506,0.006221,-0.001615
116.428782,-0.262794,-0.239919,9.783237,0.002924,0.002137,-0.001875
116.438688,-0.247402,-0.223633,9.781186,0.000186,-0.001696,-0.000351
116.448556,-0.226016,-0.244548,9.794458,0.003306,0.000828,-0.000530
116.458450,-0.236993,-0.249807,9.789205,0.000332,0.002282,-0.001746
116.468329,-0.247305,-0.263133,9.791510,-0.001446,-0.002092,0.002860
116.478233,-0.252043,-0.259532,9.794043,-0.002746,0.000490,-0.001198
116.488103,-0.249265,-0.256428,9.796323,0.003522,0.000474,0.001366
116.497998,-0.245572,-0.254164,9.797063,-0.002484,0.005133,-0.001752
116.507873,-0.249387,-0.272716,9.821265,0.000994,-0.006767,0.000733
116.517783,-0.251345,-0.281238,9.791751,0.000488,0.003553,0.001873
116.527648,-0.229959,-0.265503,9.761065,-0.000235,0.001620,0.003902
116.537542,-0.232213,-0.250868,9.778592,0.001156,-0.000994,-0.000367
116.547420,-0.239103,-0.255005,9.787213,0.003346,0.004232,-0.003492
116.557325,-0.247036,-0.263033,9.778370,-0.002712,0.002180,0.000769
116.567197,-0.236354,-0.264508,9.778188,-0.000131,0.001829,-0.001010
116.577088,-0.230105,-0.246741,9.784947,-0.001041,0.001323,-0.003600
116.586967,-0.254055,-0.253666,9.775028,-0.002272,-0.000294,0.003950
116.596875,-0.249778,-0.254770,9.765115,-0.000111,-0.002200,-0.000878
116.606739,-0.237523,-0.266709,9.792741,0.000625,0.000026,0.001329
116.616634,-0.248204,-0.248387,9.822196,0.002760,0.001503,0.000207
116.626512,-0.229641,-0.253173,9.820767,-0.000768,-0.000291,-0.001510
116.636416,-0.233061,-0.255775,9.787160,-0.001643,0.003258,-0.004845
116.646285,-0.244872,-0.245336,9.774088,0.000262,0.003264,-0.002423
116.656180,-0.259641,-0.251990,9.787367,0.003113,-0.004133,0.003659
116.666058,-0.257521,-0.248943,9.798723,0.000901,0.002536,0.002561
116.675962,-0.234804,-0.247085,9.805387,0.003234,-0.000865,-0.002180
116.685831,-0.233785,-0.255479,9.780845,0.000393,-0.000378,-0.002688
116.695726,-0.228959,-0.251725,9.770837,0.003287,-0.000122,0.001457
116.705608,-0.224611,-0.248351,9.790548,0.002727,-0.000965,0.001335
116.715513,-0.225065,-0.264325,9.795223,-0.000547,0.001514,-0.002225
116.725377,-0.226809,-0.244423,9.792783,0.003374,0.000982,0.001001
116.735271,-0.245033,-0.243864,9.794339,-0.001178,0.005968,-0.004365
116.745154,-0.244306,-0.247062,9.802488,0.000949,-0.000792,-0.001091
116.755055,-0.237270,-0.268697,9.778758,0.002531,-0.000262,-0.000373
116.764924,-0.235543,-0.255143,9.772267,-0.002027,-0.001237,0.004265
116.774819,-0.236627,-0.240433,9.777202,-0.001582,0.002339,-0.002661
116.784697,-0.228277,-0.250303,9.789850,0.001617,0.003442,-0.001099
116.794604,-0.238030,-0.258038,9.801381,0.003959,-0.006194,0.002500
116.804469,-0.234470,-0.262108,9.781444,-0.000767,-0.004543,-0.001120
116.814364,-0.248486,-0.259247,9.774029,-0.000386,0.002583,-0.004135
116.824243,-0.243453,-0.252671,9.785644,0.000808,-0.002724,0.004606
116.834150,-0.237519,-0.264200,9.790899,0.002095,0.000609,-0.001856
116.844015,-0.244199,-0.252301,9.793432,0.001253,0.004476,0.001599
116.853911,-0.247910,-0.257459,9.798455,0.002957,-0.002449,0.001108
116.863789,-0.233351,-0.254571,9.796692,-0.000474,0.000482,-0.003127
116.873693,-0.229256,-0.260883,9.790875,-0.001573,0.003095,-0.000362
116.883564,-0.249733,-0.267307,9.788045,0.000054,0.000799,-0.002113
116.893460,-0.248990,-0.277066,9.787607,0.003498,0.003903,0.000764
116.903335,-0.256521,-0.252719,9.795394,0.001801,0.002443,-0.001122
116.913239,-0.239957,-0.250784,9.798794,0.001514,0.002326,0.003132
116.923110,-0.227683,-0.250944,9.794507,0.002553,0.000737,-0.000466
116.933003,-0.234943,-0.253416,9.783600,-0.002950,0.005542,0.000607
116.942880,-0.244240,-0.264161,9.777202,-0.002423,0.000887,-0.001688
116.952784,-0.254027,-0.245906,9.798433,0.001291,-0.000832,0.002928
116.962656,-0.255228,-0.241942,9.798856,0.001080,-0.001628,-0.000226
116.972549,-0.247551,-0.261210,9.795927,-0.001837,0.001898,-0.004869
116.982431,-0.240231,-0.270636,9.809460,0.000592,-0.000955,0.002292
116.992331,-0.233365,-0.265645,9.794836,0.002678,-0.002308,-0.000573
117.002201,-0.227031,-0.248885,9.777309,0.003200,-0.006468,-0.000336
117.012094,-0.233182,-0.255019,9.767503,0.000301,-0.002268,0.000114
117.021975,-0.239665,-0.279564,9.781822,-0.002079,0.001160,0.004238
117.031877,-0.234641,-0.260458,9.779646,-0.002273,-0.001746,0.004609
117.041746,-0.246000,-0.257218,9.767069,0.000433,-0.003628,-0.000281
117.051642,-0.246302,-0.243720,9.787227,0.002239,-0.002277,0.000770
117.061519,-0.245318,-0.261227,9.780251,0.000788,-0.001803,0.002318
117.071424,-0.235364,-0.243555,9.788929,0.003143,-0.003074,-0.004193
117.081297,-0.252185,-0.254275,9.788181,-0.001806,0.004799,-0.000136
117.091187,-0.247049,-0.259860,9.787111,-0.002212,0.001202,-0.002105
117.101065,-0.245262,-0.246162,9.777466,-0.000174,0.004679,0.004972
117.110973,-0.235018,-0.263548,9.775577,-0.000494,-0.001390,0.000599
117.120837,-0.242989,-0.266091,9.784969,-0.000102,0.003549,0.000304
117.130736,-0.229422,-0.270302,9.792445,-0.001198,0.003204,-0.002008
117.140610,-0.249716,-0.255727,9.788067,0.004358,-0.001731,-0.003703
117.150515,-0.236643,-0.242793,9.800431,0.000943,-0.001758,-0.000580
117.160385,-0.245875,-0.249534,9.796020,0.001782,0.002691,-0.002459
117.170279,-0.249062,-0.264042,9.786418,-0.000777,0.003695,0.001470
117.180156,-0.244031,-0.252733,9.773357,0.002400,0.000783,0.002968
117.190065,-0.244262,-0.246170,9.782747,-0.000140,0.004206,-0.002030
117.199929,-0.252902,-0.252527,9.759196,0.000518,-0.001435,-0.001480
117.209825,-0.242502,-0.243053,9.773673,-0.002570,0.000104,-0.002272
117.219704,-0.246392,-0.235212,9.798402,0.001366,0.000253,0.000568
117.229606,-0.257081,-0.266002,9.775551,0.001990,0.001784,0.001561
117.239475,-0.244185,-0.253514,9.773072,-0.000391,0.000378,-0.000992
117.249370,-0.225093,-0.240265,9.776656,-0.000118,0.001089,0.002541
117.259248,-0.229669,-0.257150,9.787577,0.001784,0.000359,0.000104
117.269152,-0.271019,-0.272154,9.800402,0.000735,0.000901,-0.001030
117.279025,-0.268901,-0.247277,9.786560,0.000066,-0.000643,0.000222
117.288918,-0.245613,-0.255336,9.799644,-0.001097,-0.001089,-0.000153
117.298795,-0.249077,-0.281542,9.799630,0.001586,0.002218,-0.002911
117.308699,-0.238619,-0.266670,9.788850,0.001516,0.002249,0.004128
117.318568,-0.239465,-0.259592,9.797369,0.001540,-0.002288,0.001605
117.328463,-0.246698,-0.239267,9.788237,0.001946,0.003200,0.001219
117.338340,-0.246784,-0.235615,9.775825,0.001534,0.000363,0.001646
117.348244,-0.242424,-0.238334,9.791613,0.000012,-0.001791,-0.002575
117.358113,-0.253235,-0.256936,9.798408,0.002724,-0.001034,-0.000438
117.368010,-0.243267,-0.258161,9.802384,-0.001415,0.001071,0.001907
117.377885,-0.238476,-0.245424,9.809550,-0.000010,-0.000876,-0.000975
117.387791,-0.245013,-0.264075,9.770452,-0.000500,0.002319,0.002984
117.397661,-0.256612,-0.246741,9.781819,-0.000752,0.005020,-0.001050
117.407554,-0.242097,-0.256924,9.788544,0.000489,-0.004067,0.001650
117.417432,-0.239477,-0.266127,9.785482,0.002522,-0.000117,0.000662
117.427336,-0.237156,-0.265583,9.797541,-0.000271,-0.000473,0.000481
117.437207,-0.231237,-0.256401,9.786996,0.000395,-0.002612,-0.000084
117.447100,-0.237106,-0.249129,9.783933,0.001644,-0.001743,0.000177
117.456978,-0.243152,-0.257932,9.767433,0.002485,-0.004430,0.001103
117.466883,-0.238314,-0.252649,9.760300,0.000259,0.000255,-0.001197
117.476750,-0.244085,-0.284987,9.772642,0.001504,0.000963,-0.000420
117.486646,-0.251957,-0.261127,9.781405,-0.001645,-0.003107,0.002275
117.496525,-0.253829,-0.243260,9.800196,0.000274,0.000920,-0.000835
117.506435,-0.244871,-0.255190,9.789575,-0.005693,0.003277,-0.001131
117.516297,-0.241087,-0.252266,9.784514,-0.000461,0.000175,-0.001032
117.526194,-0.231501,-0.245305,9.793428,0.001390,0.000892,-0.001159
117.536071,-0.245365,-0.263862,9.799796,-0.000844,-0.001909,-0.000348
117.545976,-0.245978,-0.255745,9.795996,-0.002674,-0.002054,-0.006149
117.555844,-0.241697,-0.251782,9.783877,0.001364,0.005999,-0.003474
117.565738,-0.227175,-0.253760,9.801721,-0.000008,0.000877,0.002172
117.575618,-0.243379,-0.270911,9.788215,0.001687,0.001304,-0.000209
117.585528,-0.248847,-0.262399,9.797317,-0.001541,0.000425,0.000564
117.595390,-0.243907,-0.257367,9.799911,0.001371,-0.001966,-0.001300
117.605288,-0.242270,-0.256168,9.790825,0.000286,0.000896,-0.001120
117.615168,-0.242723,-0.255781,9.786282,0.000077,0.000314,-0.000153
117.625068,-0.238912,-0.255007,9.780262,0.004555,-0.000010,-0.002696
117.634945,-0.253226,-0.258694,9.780383,-0.001621,0.004238,-0.002946
117.644835,-0.236529,-0.257855,9.788250,-0.001505,-0.002514,-0.001774
117.654709,-0.223513,-0.254483,9.770332,0.000561,-0.003263,0.002123
117.664620,-0.243108,-0.263056,9.787893,0.000681,0.000215,0.001677
117.674486,-0.247573,-0.259822,9.774276,-0.001105,-0.001785,-0.001750
117.684382,-0.252656,-0.257159,9.792453,-0.003302,-0.000917,-0.003100
117.694259,-0.251221,-0.261529,9.788348,0.000709,0.003122,0.000205
117.704164,-0.256723,-0.253530,9.794429,0.001909,-0.002227,0.003349
117.714032,-0.258154,-0.254194,9.800479,-0.002260,-0.004220,-0.002404
117.723929,-0.249052,-0.250916,9.783067,-0.001272,-0.001821,-0.001929
117.733806,-0.236497,-0.247767,9.773553,0.002820,-0.004572,0.002266
117.743709,-0.237492,-0.245909,9.776269,0.001829,0.002532,0.002516
117.753580,-0.237026,-0.257022,9.792073,0.000222,-0.001156,-0.003037
117.763473,-0.242598,-0.257585,9.758632,-0.001895,0.000127,-0.001231
117.773351,-0.241402,-0.236212,9.774916,-0.000363,-0.001063,-0.000444
117.783257,-0.246087,-0.243875,9.800942,0.001133,0.000409,-0.003577
117.793125,-0.240564,-0.265799,9.804050,-0.000176,0.002857,-0.001842
117.803020,-0.248483,-0.269580,9.786121,-0.001114,-0.000367,-0.002348
117.812899,-0.242886,-0.283589,9.775592,-0.001205,0.001325,0.000390
117.822802,-0.231253,-0.262209,9.755011,-0.000358,-0.001202,-0.002330
117.832670,-0.231375,-0.253941,9.789048,-0.001797,0.000334,-0.000546
117.842567,-0.235407,-0.238832,9.796536,0.001264,0.002393,-0.003132
117.852444,-0.228435,-0.254227,9.765312,-0.002558,0.001726,0.002185
117.862348,-0.246263,-0.249331,9.756796,0.002915,0.000433,-0.004154
117.872218,-0.232593,-0.277445,9.795399,0.001276,0.003638,-0.000344
117.882111,-0.227964,-0.273005,9.788181,-0.000921,-0.004398,-0.001465
117.891998,-0.239547,-0.252830,9.794559,0.001552,0.001664,0.004811
117.901895,-0.226470,-0.253033,9.785303,0.003130,-0.000237,0.000203
117.911764,-0.229833,-0.263118,9.794182,0.001962,0.000952,-0.000179
117.921661,-0.227890,-0.279848,9.791059,-0.000935,0.004697,-0.002936
117.931536,-0.232280,-0.256376,9.769477,-0.004818,0.001252,0.000807
117.941440,-0.243724,-0.243083,9.765230,0.001782,0.001776,0.000080
117.951311,-0.236706,-0.239751,9.763603,-0.003807,-0.003479,-0.002935
117.961206,-0.233404,-0.245464,9.779093,0.003449,0.000536,-0.001633
117.971083,-0.235422,-0.269514,9.783586,-0.000139,0.001441,0.003444
117.980991,-0.233594,-0.261184,9.772782,-0.001201,0.001407,0.000424
117.990856,-0.247420,-0.246098,9.785060,-0.001433,0.003166,-0.001278
118.000756,-0.246075,-0.257723,9.812706,0.000774,-0.001971,-0.002198
118.010630,-0.241518,-0.265716,9.782892,0.003856,-0.000492,-0.001396
118.020534,-0.233468,-0.272610,9.767301,0.000555,0.000822,0.002592
118.030407,-0.235372,-0.278182,9.783597,-0.000248,-0.000820,-0.003206
118.040301,-0.226262,-0.265485,9.771576,0.000027,0.000483,0.003045
118.050178,-0.240023,-0.255670,9.781774,-0.002043,0.002039,0.001072
118.060084,-0.251749,-0.250927,9.781243,-0.000149,-0.000223,0.002765
118.069950,-0.227264,-0.247255,9.782674,-0.002403,-0.000781,0.004878
118.079847,-0.233559,-0.252799,9.797305,0.000515,-0.002469,0.000164
118.089726,-0.248917,-0.236648,9.796033,0.000046,-0.002520,-0.003053
118.099631,-0.236403,-0.246930,9.773921,0.001154,0.001074,0.001338
118.109500,-0.247263,-0.259929,9.773716,0.001715,-0.002910,-0.002885
118.119394,-0.248564,-0.266682,9.763339,-0.002331,0.006009,0.003576
118.129271,-0.240121,-0.263588,9.795492,-0.001814,-0.002316,-0.000356
118.139177,-0.233111,-0.240099,9.792618,0.000244,0.001149,0.002049
118.149045,-0.218190,-0.245924,9.790860,0.004160,0.001631,0.000649
118.158940,-0.231266,-0.259099,9.786323,0.002277,0.001215,-0.001382
118.168816,-0.246423,-0.272219,9.805909,0.000520,0.003038,-0.000970
118.178722,-0.252613,-0.265030,9.782852,-0.000918,0.007043,0.000021
118.188591,-0.226832,-0.250953,9.775644,0.001753,-0.001948,-0.001886
118.198483,-0.241579,-0.259479,9.785920,0.000831,-0.001362,0.000239
118.208361,-0.248711,-0.269420,9.802043,0.001402,0.000774,0.000285
118.218269,-0.257599,-0.252375,9.799084,-0.001476,0.000425,0.000967
118.228134,-0.242836,-0.252053,9.784905,-0.002495,0.000379,0.002364
118.238033,-0.223006,-0.268632,9.764643,0.000843,-0.003836,-0.001056
118.247909,-0.226597,-0.277051,9.786298,-0.001162,-0.000357,0.000334
118.257817,-0.233621,-0.246464,9.798853,-0.000598,-0.000994,-0.000348
118.267680,-0.246804,-0.252520,9.802591,0.002510,-0.000272,0.000126
118.277578,-0.250200,-0.263351,9.789650,0.002921,-0.000881,0.000899
118.287454,-0.250166,-0.257127,9.794071,0.003310,-0.000977,-0.001420
118.297361,-0.233719,-0.267079,9.778390,0.003118,0.000639,-0.003826
118.307227,-0.225835,-0.259105,9.775553,0.000327,-0.002008,-0.001460
118.317123,-0.231161,-0.250294,9.783135,0.000551,-0.001616,0.000208
118.327000,-0.232797,-0.245255,9.797562,0.002878,0.000105,-0.000553
118.336907,-0.230028,-0.252482,9.800384,0.000217,0.001556,-0.002909
118.346773,-0.235315,-0.265438,9.800800,0.001990,0.002750,-0.001771
118.356669,-0.234184,-0.264171,9.789381,-0.001075,0.001707,0.000273
118.366546,-0.252154,-0.250244,9.779162,-0.000211,0.003012,-0.000327
118.376452,-0.244688,-0.254539,9.791075,0.003916,-0.001777,-0.002334
118.386319,-0.235757,-0.256565,9.788680,0.001367,-0.001454,-0.002542
118.396215,-0.239368,-0.264001,9.773466,0.000809,-0.003025,-0.000232
118.406084,-0.240836,-0.268370,9.781988,0.001394,-0.001099,0.000813
118.415999,-0.232060,-0.255922,9.809333,0.000311,0.000707,-0.005395
118.425865,-0.232941,-0.257896,9.784783,-0.002653,0.002384,-0.001432
118.435759,-0.222477,-0.247235,9.777887,0.001387,-0.000597,-0.000158
118.445639,-0.233519,-0.257044,9.788048,0.000613,-0.000611,-0.002214
118.455544,-0.241351,-0.269654,9.794620,0.000230,0.001225,-0.001760
118.465408,-0.248404,-0.253359,9.772097,-0.001360,0.001374,-0.000348
118.475307,-0.251381,-0.245191,9.789603,0.001677,0.000647,-0.001951
118.485184,-0.233412,-0.253373,9.809548,0.001090,-0.001793,0.002520
118.495087,-0.240806,-0.263894,9.811797,0.000185,-0.002123,0.002935
118.504958,-0.251009,-0.263198,9.798957,0.003007,0.003099,0.004358
118.514853,-0.247306,-0.242602,9.772703,-0.001991,-0.001788,0.001331
118.524727,-0.242932,-0.258023,9.779059,0.002178,0.006124,-0.000203
118.534636,-0.245896,-0.273396,9.786996,0.000052,0.004181,-0.002023
118.544504,-0.242913,-0.257270,9.795226,-0.001726,0.001553,-0.001233
118.554395,-0.243489,-0.255145,9.791947,-0.001822,0.002889,0.001398
118.564277,-0.225704,-0.252548,9.774640,-0.001546,0.002800,0.000374
118.574183,-0.240318,-0.251710,9.775539,-0.000427,0.003891,-0.000829
118.584046,-0.232970,-0.236378,9.814324,-0.000585,0.005724,-0.002779
118.593945,-0.244910,-0.263911,9.810833,-0.004413,0.003100,0.002431
118.603822,-0.246661,-0.261651,9.812647,0.001303,-0.001317,0.000587
118.613728,-0.242211,-0.251357,9.812205,0.001116,-0.000368,-0.000324
118.623592,-0.234224,-0.248494,9.785791,0.000482,0.000182,-0.003016
118.633490,-0.230275,-0.252165,9.780736,-0.000930,-0.000975,-0.003672
118.643365,-0.237135,-0.267307,9.784919,-0.000331,0.001262,-0.001945
118.653274,-0.245544,-0.248019,9.789579,-0.000617,0.001698,-0.001831
118.663138,-0.246767,-0.257327,9.814491,-0.002041,-0.002667,0.000343
118.673033,-0.232883,-0.266474,9.805512,-0.002536,0.000888,-0.001600
118.682911,-0.232096,-0.274424,9.814893,0.003167,0.004380,0.004246
118.692816,-0.233455,-0.258811,9.799530,-0.002744,0.000631,-0.002590
118.702684,-0.241926,-0.254123,9.796930,0.000432,0.000998,0.001583
118.712579,-0.233136,-0.258200,9.790015,0.002592,-0.002488,-0.002044
118.722457,-0.230102,-0.243524,9.797107,-0.000257,-0.003856,-0.000885
118.732363,-0.241632,-0.243318,9.783118,0.003936,-0.000308,-0.001653
118.742230,-0.246256,-0.261357,9.775574,0.001439,0.004144,0.000234
118.752125,-0.250129,-0.248613,9.779420,0.002243,0.003173,0.001829
118.762003,-0.231166,-0.246089,9.779861,0.001455,-0.003864,-0.001473
118.771907,-0.226724,-0.245816,9.807247,0.000209,-0.001708,0.001341
118.781775,-0.230904,-0.256571,9.807810,0.001394,0.006354,-0.000076
118.791672,-0.247274,-0.252985,9.784938,0.000373,-0.003748,-0.001493
118.801547,-0.235975,-0.263605,9.796776,-0.001098,0.003210,-0.000257
118.811455,-0.240518,-0.240434,9.801949,0.003498,-0.000810,-0.003015
118.821317,-0.256837,-0.245987,9.787484,0.001390,0.001840,-0.001611
118.831216,-0.234764,-0.261396,9.804200,0.002153,-0.000163,0.001918
118.841095,-0.242795,-0.256663,9.793276,0.003229,-0.004232,0.001596
118.850996,-0.237396,-0.260435,9.794680,-0.002944,0.000363,0.001714
118.860866,-0.255826,-0.249410,9.802264,0.002014,-0.000612,-0.001627
118.870762,-0.233312,-0.260785,9.791228,0.000969,-0.001253,-0.001885
118.880638,-0.233007,-0.267473,9.792038,-0.001603,-0.001061,0.001106
118.890545,-0.228431,-0.255385,9.780202,-0.003510,0.001879,-0.001797
118.900413,-0.241015,-0.268241,9.796075,0.003403,-0.000980,0.000056
118.910306,-0.226026,-0.273048,9.807825,0.000454,-0.002522,0.001134
118.920185,-0.240400,-0.258263,9.790966,0.001800,-0.000403,-0.004102
118.930091,-0.237126,-0.249836,9.786416,0.004289,0.000865,-0.000636
118.939957,-0.241113,-0.243519,9.793491,-0.001091,-0.001484,-0.000037
118.949853,-0.237107,-0.267985,9.800570,0.002587,-0.005072,-0.000082
118.959732,-0.227672,-0.268443,9.787000,0.004491,0.000375,-0.001158
118.969635,-0.248786,-0.259525,9.796741,0.000355,0.000649,-0.000352
118.979503,-0.257961,-0.254144,9.800068,0.000386,-0.000855,0.001371
118.989400,-0.258092,-0.274277,9.772816,0.003222,-0.000856,0.001651
118.999275,-0.251314,-0.270641,9.786127,-0.000781,0.002859,0.002178
119.009182,-0.243273,-0.254463,9.796440,-0.001227,-0.001842,0.000932
119.019045,-0.232891,-0.267201,9.787678,0.003686,0.000627,-0.001876
119.028943,-0.232706,-0.257992,9.779131,0.005327,-0.001128,-0.002218
119.038821,-0.252615,-0.251426,9.793236,0.001983,-0.001699,0.001558
119.048723,-0.250355,-0.250912,9.800291,-0.000898,0.001130,0.003322
119.058594,-0.241192,-0.274820,9.782299,-0.000072,0.000610,-0.001634
119.068490,-0.244136,-0.280847,9.786707,-0.000980,0.002039,0.000794
119.078363,-0.245575,-0.269036,9.789795,0.004543,-0.002393,-0.000503
119.088272,-0.242937,-0.265948,9.788071,-0.001082,0.002660,0.002841
119.098140,-0.231359,-0.246139,9.759365,0.002749,-0.005293,0.001369
119.108031,-0.242600,-0.253856,9.792953,-0.000344,0.003515,-0.003681
119.117912,-0.242872,-0.254376,9.775967,0.000828,-0.001754,-0.002521
119.127814,-0.231106,-0.248900,9.775503,0.000783,0.001762,-0.001471
119.137682,-0.234228,-0.242391,9.781490,0.002152,0.000503,-0.001324
119.147581,-0.228053,-0.258253,9.784435,0.000589,0.000364,-0.004438
119.157454,-0.236312,-0.266389,9.800299,0.002808,0.001720,0.002396
119.167360,-0.246742,-0.282225,9.785676,0.001619,-0.001212,-0.000426
119.177226,-0.251738,-0.268120,9.798980,0.001013,-0.004691,-0.000999
119.187123,-0.237488,-0.247329,9.789930,0.003279,0.003008,-0.003016
119.197001,-0.233457,-0.242467,9.796199,-0.000950,0.003442,-0.002453
119.206904,-0.225621,-0.257525,9.785486,0.003037,-0.000057,-0.003459
119.216773,-0.221921,-0.255330,9.788886,0.002403,-0.000032,0.000619
119.226669,-0.218901,-0.273700,9.766926,-0.000783,-0.000155,-0.001625
119.236545,-0.251965,-0.254879,9.772370,0.001501,0.000484,0.002262
119.246451,-0.262711,-0.228362,9.786977,0.000421,0.001061,0.001089
119.256319,-0.245743,-0.251006,9.794195,0.000403,0.003519,-0.000871
119.266213,-0.236116,-0.263231,9.788794,0.001186,-0.003898,-0.003615
119.276092,-0.249517,-0.262793,9.795471,-0.001350,0.002811,-0.001373
119.285997,-0.258926,-0.254318,9.801061,-0.001472,-0.002712,0.000913
119.295865,-0.262271,-0.251610,9.800364,-0.002379,-0.000049,-0.002951
119.305760,-0.249444,-0.227769,9.790641,0.000303,-0.002345,0.000619
119.315638,-0.245165,-0.239743,9.797590,0.000228,0.003172,-0.003037
119.325542,-0.257842,-0.261035,9.793215,-0.000022,-0.005375,0.001371
119.335411,-0.240219,-0.259569,9.780919,-0.000615,0.003563,0.000260
119.345306,-0.244908,-0.254312,9.769128,0.000664,0.002732,-0.000139
119.355184,-0.237209,-0.241556,9.776844,-0.001924,0.003033,0.001297
119.365089,-0.239287,-0.237247,9.792139,0.003764,0.002642,0.001389
119.374956,-0.248737,-0.266973,9.792513,0.001377,0.002193,-0.001968
119.384851,-0.244655,-0.254202,9.777937,0.004563,-0.004423,0.001026
119.394730,-0.244261,-0.270153,9.778459,0.001646,-0.001030,-0.000485
119.404635,-0.249351,-0.265643,9.786054,0.002039,-0.001780,-0.000416
119.414503,-0.241960,-0.272605,9.782158,0.000371,0.000919,0.001098
119.424397,-0.230249,-0.270133,9.767134,0.000146,-0.000811,-0.001854
119.434275,-0.230381,-0.255003,9.773812,0.005544,0.001714,0.001962
119.444180,-0.224172,-0.253969,9.787050,0.004280,0.001090,0.001584
119.454048,-0.232695,-0.267515,9.781293,-0.003160,0.004706,-0.000462
119.463943,-0.238429,-0.272316,9.776752,0.000991,0.002026,0.000494
119.473821,-0.236689,-0.244749,9.774836,0.000961,-0.003273,-0.001248
119.483726,-0.236234,-0.254946,9.785272,0.003270,-0.000614,0.000339
119.493595,-0.247058,-0.262495,9.773418,0.002289,-0.002129,0.002241
119.503489,-0.236088,-0.257864,9.790553,0.002030,-0.006314,-0.000951
119.513367,-0.234022,-0.262857,9.781719,-0.001427,0.000789,0.001610
119.523272,-0.214677,-0.268903,9.779959,-0.001892,0.003649,-0.000205
119.533140,-0.225657,-0.248773,9.793924,0.003343,-0.001429,0.001249
119.543035,-0.264329,-0.245915,9.812787,0.001053,0.000579,-0.000270
119.552914,-0.254611,-0.271695,9.785865,0.002581,-0.002458,-0.004410
119.562818,-0.242203,-0.256746,9.793169,0.001595,0.002007,0.005150
119.572687,-0.240051,-0.242728,9.787479,0.001054,-0.001487,-0.000484
119.582581,-0.250808,-0.268905,9.806596,-0.000621,0.000252,-0.002088
119.592459,-0.249431,-0.280058,9.790378,0.000084,-0.002890,0.001758
119.602364,-0.240607,-0.264733,9.770626,0.001248,0.000054,-0.001269
119.612232,-0.234736,-0.262609,9.780431,-0.001204,0.002586,-0.000695
119.622127,-0.239527,-0.257403,9.798723,0.000723,-0.000240,-0.001143
119.632005,-0.259996,-0.244999,9.784222,0.001381,-0.001708,-0.000126
119.641910,-0.240354,-0.254543,9.796728,0.001312,-0.005214,0.002550
119.651778,-0.242849,-0.277361,9.795949,0.000336,-0.000821,0.000939
119.661673,-0.249744,-0.270496,9.779013,0.000195,0.003265,-0.000527
119.671552,-0.245783,-0.256475,9.784241,0.002224,-0.002020,-0.004534
119.681456,-0.247439,-0.259149,9.780840,-0.002653,0.001614,-0.002190
119.691324,-0.226670,-0.240330,9.796484,0.000789,0.000399,-0.000045
119.701219,-0.240604,-0.242263,9.797224,-0.002635,0.003237,0.001500
119.711098,-0.230858,-0.266371,9.784039,0.003172,0.001734,0.000358
119.721002,-0.240182,-0.269972,9.789936,0.001124,-0.003244,-0.002333
119.730870,-0.251662,-0.250309,9.792729,0.001325,0.001656,0.000925
119.740765,-0.242643,-0.254925,9.788086,0.002080,-0.005192,0.005397
119.750643,-0.237751,-0.270974,9.796093,0.000268,-0.000882,0.001153
119.760548,-0.244764,-0.251977,9.792521,0.003054,0.000930,0.002054
119.770416,-0.242434,-0.243865,9.794973,0.000198,-0.006678,-0.000615
119.780311,-0.231356,-0.261486,9.817683,-0.000268,0.001306,0.001614
119.790189,-0.253973,-0.258089,9.778970,0.002484,0.001659,0.001266
119.800094,-0.237458,-0.245269,9.787063,-0.001034,0.000228,-0.002488
119.809962,-0.253446,-0.263490,9.787876,0.003159,-0.002277,-0.002404
119.819857,-0.240160,-0.265676,9.760035,-0.003044,0.001890,0.002847
119.829735,-0.235473,-0.247887,9.791988,-0.000710,0.001205,-0.001295
119.839640,-0.242105,-0.241456,9.803648,0.000438,0.000703,-0.003779
119.849508,-0.241125,-0.249141,9.812215,0.000841,-0.005814,-0.003289
119.859403,-0.235415,-0.272219,9.770972,0.002918,0.000463,-0.000375
119.869282,-0.251951,-0.262940,9.783275,0.001786,-0.001397,0.001376
119.879187,-0.246302,-0.230769,9.788931,-0.001572,0.001560,0.001499
119.889054,-0.245448,-0.238289,9.786720,0.001831,0.000503,0.001048
119.898950,-0.241784,-0.267162,9.783513,0.003487,0.001286,0.000406
119.908827,-0.239925,-0.274261,9.788319,0.002189,-0.003990,-0.001816
119.918733,-0.270798,-0.262710,9.792535,-0.000664,0.004993,-0.002097
119.928601,-0.247256,-0.243656,9.811265,-0.000720,-0.000512,-0.000656
119.938496,-0.232450,-0.250222,9.812323,0.000982,0.000456,-0.000466
119.948374,-0.224978,-0.265786,9.816211,-0.000052,-0.002098,0.001710
119.958280,-0.235882,-0.278310,9.794453,0.002113,-0.002774,0.001234
119.968147,-0.231760,-0.238210,9.775949,0.000080,-0.001739,-0.003011
119.978042,-0.235197,-0.251048,9.771413,-0.001570,0.003865,0.001145
119.987920,-0.231929,-0.264056,9.781060,0.002424,-0.003491,-0.002991
119.997826,-0.243651,-0.261758,9.778516,0.002298,0.000264,0.000544
120.007695,-0.229410,-0.260910,9.795753,0.002010,0.001645,0.003113
120.017588,-0.245141,-0.250618,9.788426,0.002429,0.000628,-0.003638
120.027467,-0.238980,-0.245598,9.789043,-0.000543,0.000596,0.002973
120.037371,-0.251770,-0.265644,9.789120,-0.000991,0.004999,0.001141
120.047240,-0.244873,-0.264045,9.785955,0.002718,-0.002538,-0.003208
120.057135,-0.233364,-0.249165,9.788325,0.004196,0.000532,0.001817
120.067012,-0.228789,-0.242349,9.797524,-0.000942,0.001415,-0.000695
120.076917,-0.233567,-0.248141,9.802563,-0.000420,-0.004179,0.000358
120.086785,-0.240083,-0.267683,9.798776,0.000378,-0.000388,-0.002774
120.096680,-0.244790,-0.260529,9.792312,0.001769,-0.004219,-0.000841
120.106560,-0.241333,-0.273450,9.788781,-0.001874,-0.002408,0.003860
120.116463,-0.235727,-0.272601,9.772549,0.001884,0.004303,-0.000260
120.126331,-0.228654,-0.255403,9.772252,0.000375,-0.001749,0.000613
120.136226,-0.236987,-0.240779,9.795414,0.000073,-0.004699,-0.000452
120.146104,-0.251107,-0.258140,9.777662,0.000156,0.000124,0.001123
120.156010,-0.244805,-0.245651,9.778728,-0.000182,0.002585,-0.000771
120.165877,-0.236885,-0.270704,9.790506,0.002135,-0.000347,-0.000486
120.175772,-0.249528,-0.255722,9.794788,0.000131,-0.002461,0.001866
120.185649,-0.241481,-0.248950,9.793179,0.002790,-0.000259,-0.001060
120.195554,-0.256437,-0.248391,9.802296,0.001969,0.000523,0.003679
120.205426,-0.246600,-0.258484,9.797745,0.002111,0.004414,-0.003749
120.215317,-0.237459,-0.259557,9.792240,-0.000986,0.000409,0.002341
120.225195,-0.247044,-0.256746,9.792297,0.001899,-0.001312,0.001380
120.235100,-0.260686,-0.265623,9.781995,0.001378,-0.002428,-0.000876
120.244968,-0.262139,-0.270175,9.789273,-0.000966,-0.000644,-0.000991
120.254864,-0.244657,-0.265107,9.790775,0.001303,-0.003011,0.001941
120.264741,-0.233982,-0.242725,9.785994,0.004904,-0.006164,0.003998
120.274646,-0.226295,-0.265028,9.789253,0.000294,-0.000617,0.000842
120.284515,-0.220889,-0.268859,9.805052,0.001078,0.000931,0.000362
120.294409,-0.226323,-0.254855,9.799512,-0.001499,-0.000047,-0.001406
120.304288,-0.238235,-0.244517,9.783118,0.002401,-0.000759,0.001324
120.314192,-0.239114,-0.258140,9.790635,0.000614,0.000058,-0.000797
120.324060,-0.244264,-0.269223,9.789688,-0.001198,0.002742,-0.003603
120.333955,-0.242546,-0.269643,9.801709,-0.002558,0.000548,-0.001418
120.343833,-0.240088,-0.249539,9.795100,0.002434,-0.003251,-0.006497
120.353738,-0.246417,-0.244237,9.789424,-0.001959,-0.001551,-0.000244
120.363606,-0.254032,-0.252453,9.775428,-0.001447,0.001155,0.000870
120.373501,-0.241866,-0.249459,9.772326,0.000453,0.003975,0.000788
120.383379,-0.230742,-0.255848,9.775136,-0.001386,0.000132,-0.001631
120.393284,-0.239284,-0.256287,9.783181,-0.000756,0.006112,-0.000413
120.403153,-0.239700,-0.267491,9.780738,0.002787,0.001539,0.000408
120.413047,-0.241871,-0.245116,9.785959,0.000585,-0.002790,0.000578
120.422925,-0.257420,-0.230228,9.803703,0.000926,0.001072,-0.002067
120.432830,-0.252962,-0.241860,9.805705,-0.001409,0.002669,-0.001423
120.442698,-0.232688,-0.260404,9.802308,0.002342,0.000607,0.001716
120.452593,-0.244542,-0.241587,9.783919,0.002210,0.000141,-0.001319
120.462471,-0.246291,-0.242326,9.783044,-0.003391,0.006001,0.000375
120.472376,-0.240237,-0.230253,9.785113,0.000243,-0.001594,0.000767
120.482244,-0.252627,-0.254646,9.788008,-0.001200,0.003540,-0.000171
120.492139,-0.249839,-0.244875,9.794571,-0.000647,0.002169,0.001786
120.502018,-0.233896,-0.237958,9.803544,-0.001707,-0.003023,0.000150
120.511922,-0.246728,-0.253473,9.788884,0.001175,-0.006627,-0.001301
120.521790,-0.245283,-0.277637,9.792379,0.000048,0.004347,-0.001345
120.531685,-0.242848,-0.263733,9.780731,0.000379,-0.002888,-0.002484
120.541564,-0.236762,-0.277890,9.798077,-0.001148,0.004668,-0.000052
120.551468,-0.235465,-0.262003,9.789523,-0.000603,-0.001134,-0.000477
120.561336,-0.239853,-0.248331,9.787740,-0.001706,-0.000828,-0.000578
120.571231,-0.227278,-0.245961,9.793850,-0.001373,0.000316,-0.001651
120.581109,-0.238032,-0.270443,9.778178,-0.001440,-0.001661,0.000458
120.591014,-0.237368,-0.260975,9.779733,0.002741,0.001908,-0.001496
120.600882,-0.242245,-0.241703,9.784420,0.002017,-0.003828,-0.002258
120.610777,-0.255610,-0.244618,9.796748,0.003727,-0.002463,0.000350
120.620655,-0.248640,-0.249660,9.790657,0.003281,0.001670,-0.001054
120.630560,-0.229013,-0.250286,9.789755,0.003841,-0.001411,0.000391
120.640428,-0.243681,-0.260792,9.784128,0.002454,0.002546,-0.001905
120.650323,-0.236464,-0.270537,9.811330,0.003138,-0.004393,0.001585
120.660201,-0.223807,-0.269635,9.805053,-0.001679,-0.005878,0.000716
120.670107,-0.229483,-0.273879,9.799407,0.000695,0.001888,-0.000049
120.679975,-0.230513,-0.269055,9.768530,-0.000290,0.000048,-0.003198
120.689870,-0.231952,-0.254359,9.793316,0.002479,0.000770,0.000979
120.699749,-0.220901,-0.266395,9.811292,-0.000341,-0.003437,-0.004028
120.709652,-0.229213,-0.266096,9.789684,0.002455,-0.001025,-0.000449
120.719520,-0.240549,-0.241576,9.788344,0.001220,-0.002998,-0.001338
120.729415,-0.238824,-0.240315,9.786583,-0.000563,0.003542,-0.001521
120.739294,-0.238305,-0.235167,9.783160,0.004156,-0.001936,0.002502
120.749198,-0.254517,-0.244783,9.776820,-0.002102,0.002455,-0.000500
120.759066,-0.223887,-0.250225,9.793755,0.001467,0.005227,-0.002466
120.768961,-0.235033,-0.267571,9.810473,0.002919,-0.001262,0.002215
120.778839,-0.249522,-0.249811,9.787532,0.000447,-0.000879,-0.005471
120.788744,-0.252562,-0.236840,9.772166,-0.001565,0.001614,0.000904
120.798613,-0.238527,-0.255952,9.793054,-0.000967,0.002692,-0.001097
120.808507,-0.247208,-0.267688,9.793408,0.000455,-0.002889,-0.001947
120.818385,-0.246707,-0.260512,9.767288,-0.001996,0.001902,-0.005163
120.828290,-0.251859,-0.261617,9.780151,-0.000599,0.000341,-0.001001
120.838158,-0.245835,-0.244713,9.784971,0.003129,-0.000640,-0.000333
120.848053,-0.230669,-0.251764,9.794536,0.001907,0.001347,0.001584
120.857932,-0.228892,-0.282232,9.795961,-0.000681,-0.001423,-0.000931
120.867836,-0.218838,-0.269108,9.780139,0.000220,-0.000527,0.002232
120.877704,-0.236343,-0.253039,9.771082,0.000867,0.000472,-0.000560
120.887599,-0.261232,-0.261185,9.792698,0.001207,0.002150,0.001914
120.897478,-0.247123,-0.252408,9.788862,-0.000303,0.004284,0.000917
120.907382,-0.245501,-0.242561,9.777208,-0.003597,0.002926,-0.000672
120.917250,-0.245461,-0.237272,9.798398,0.001603,0.000665,0.003767
120.927145,-0.257232,-0.263359,9.778695,0.002625,-0.000504,0.002653
120.937023,-0.226389,-0.254961,9.784824,-0.001386,-0.001319,0.000855
120.946928,-0.238779,-0.259552,9.792438,-0.001771,-0.000258,0.002200
120.956796,-0.251563,-0.245358,9.797082,-0.000235,0.001610,-0.000071
120.966691,-0.238788,-0.239439,9.788709,0.001818,-0.000484,-0.000143
120.976569,-0.228193,-0.260235,9.799027,0.000913,-0.001215,-0.004047
120.986474,-0.237686,-0.261111,9.809645,0.000788,0.000714,-0.000835
120.996343,-0.232081,-0.262808,9.793125,0.001114,-0.002160,-0.000308
121.006237,-0.231663,-0.242894,9.795216,0.001871,-0.001040,0.000090
121.016115,-0.232161,-0.263403,9.782982,0.000212,-0.002579,-0.002587
121.026020,-0.241051,-0.254780,9.794133,0.003735,0.003580,0.001507
121.035889,-0.233953,-0.248752,9.797000,-0.000132,0.000637,-0.000419
121.045784,-0.236625,-0.251958,9.786010,-0.001865,0.007065,-0.000873
121.055661,-0.241884,-0.239123,9.791587,-0.000050,0.003846,0.000391
121.065566,-0.263674,-0.238162,9.778596,0.003227,0.002950,0.001304
121.075434,-0.249430,-0.250989,9.784180,0.001480,0.000007,-0.003549
121.085329,-0.254454,-0.251695,9.785447,0.001073,-0.000999,-0.002544
121.095208,-0.253543,-0.255170,9.789153,0.000865,0.000728,0.001648
121.105112,-0.238605,-0.259019,9.789404,-0.001258,0.001999,0.002482
121.114980,-0.235620,-0.266359,9.790377,0.000950,-0.002903,0.003380
121.124875,-0.229874,-0.247796,9.781699,0.000856,-0.000558,0.000224
121.134753,-0.244943,-0.254446,9.790524,0.002196,-0.001455,0.005226
121.144658,-0.235553,-0.258591,9.779007,0.000716,0.003127,-0.004427
121.154526,-0.241297,-0.264129,9.781387,0.004418,0.002461,0.001239
121.164421,-0.240582,-0.267287,9.791552,0.002310,-0.001211,-0.000737
121.174299,-0.248718,-0.252340,9.791886,0.002465,-0.002386,0.001369
121.184203,-0.245907,-0.255201,9.797537,0.000916,0.001588,-0.000539
121.194074,-0.239854,-0.261955,9.799036,0.000236,0.000038,0.003295
121.203968,-0.248368,-0.266940,9.784926,0.001508,-0.004527,-0.001079
121.213846,-0.223568,-0.272431,9.786822,0.002671,-0.005133,0.000238
121.223750,-0.239843,-0.258528,9.785763,-0.001176,-0.001316,-0.001331
121.233618,-0.240855,-0.263133,9.791893,0.000380,-0.000552,-0.001973
121.243518,-0.250506,-0.274029,9.805094,0.001005,-0.002932,0.001004
121.253391,-0.253572,-0.256210,9.791519,0.002014,-0.002739,-0.002385
121.263296,-0.246628,-0.256487,9.807865,0.003103,0.003281,-0.001408
121.273164,-0.236807,-0.258815,9.804681,0.002600,0.001404,0.000841
121.283059,-0.229829,-0.270097,9.784695,-0.001305,0.001575,-0.000401
121.292937,-0.231514,-0.261624,9.777816,0.003139,-0.001768,0.000231
121.302842,-0.250846,-0.249973,9.791093,0.001664,-0.004187,0.000640
121.312710,-0.248682,-0.257905,9.802051,0.002911,-0.003464,-0.000137
121.322605,-0.253506,-0.259936,9.778980,0.002059,-0.003462,-0.000283
121.332483,-0.250714,-0.242943,9.785126,-0.000335,0.001177,0.004649
121.342388,-0.244001,-0.246901,9.791893,-0.000170,-0.002280,-0.002173
121.352256,-0.218307,-0.241843,9.784588,0.002042,-0.002951,-0.001068
121.362151,-0.246755,-0.257424,9.799702,0.004154,-0.005933,-0.000623
121.372029,-0.255620,-0.251350,9.788218,0.002728,0.000836,-0.000143
121.381934,-0.258425,-0.239130,9.776518,-0.003212,0.000001,-0.002389
121.391802,-0.243112,-0.246070,9.771897,0.000282,0.003313,0.001981
121.401697,-0.240740,-0.245021,9.779054,0.000615,-0.001072,0.000417
121.411575,-0.241793,-0.256336,9.770064,0.001083,-0.000360,-0.002922
121.421480,-0.240274,-0.258000,9.776551,-0.001446,0.003273,-0.001818
121.431349,-0.231593,-0.259825,9.801460,0.002910,0.000628,0.000189
121.441243,-0.230017,-0.249062,9.788814,0.001429,0.000426,-0.001432
121.451121,-0.222420,-0.267218,9.793871,-0.001374,0.001957,-0.000050
121.461026,-0.244271,-0.258221,9.781888,0.000927,-0.002161,-0.000134
121.470894,-0.253219,-0.258917,9.798696,-0.000989,0.001228,-0.001211
121.480789,-0.258362,-0.248172,9.787959,0.003788,0.000685,0.000285
121.490667,-0.253267,-0.241059,9.796654,-0.000699,-0.001828,0.002133
121.500572,-0.250189,-0.253897,9.788835,0.000399,0.000836,0.002730
121.510440,-0.239033,-0.254140,9.792933,-0.001231,-0.001891,-0.002072
121.520335,-0.242778,-0.262551,9.795083,-0.000529,-0.000753,-0.001349
121.530213,-0.237830,-0.263232,9.792988,0.002622,0.000654,-0.000645
121.540118,-0.230327,-0.250443,9.791377,0.001682,0.004024,0.000318
121.549986,-0.241604,-0.267956,9.783742,-0.000588,0.000739,0.000907
121.559881,-0.259102,-0.268654,9.780658,-0.000112,0.003255,-0.003027
121.569759,-0.250519,-0.255101,9.792121,0.002358,0.001711,0.002314
121.579664,-0.243367,-0.251583,9.783235,-0.002081,-0.000541,0.000683
121.589532,-0.237170,-0.257719,9.794440,0.000502,0.003722,-0.003616
121.599427,-0.238749,-0.246511,9.778499,0.000124,0.000728,0.001688
121.609305,-0.242490,-0.245899,9.790107,-0.001321,0.001598,0.001515
121.619210,-0.223158,-0.254089,9.803319,0.005063,0.000274,0.000076
121.629078,-0.238504,-0.256599,9.776338,0.001976,-0.001359,0.002085
121.638973,-0.250266,-0.256503,9.786067,0.000744,-0.002787,0.002358
121.648851,-0.257742,-0.233296,9.785593,0.002316,0.001792,0.004776
121.658756,-0.244142,-0.255906,9.796172,-0.001110,-0.002955,0.000862
121.668625,-0.244999,-0.272005,9.783084,-0.000880,-0.001456,0.001806
121.678519,-0.253747,-0.265574,9.784079,0.000395,0.001052,-0.001898
121.688397,-0.264134,-0.241066,9.793576,0.000715,-0.000052,-0.000121
121.698302,-0.242995,-0.241545,9.793812,0.000601,0.003047,-0.001371
121.708170,-0.235641,-0.263603,9.755719,0.001278,0.000639,-0.002941
121.718065,-0.236442,-0.282385,9.793260,-0.002727,0.003055,0.004017
121.727943,-0.234863,-0.277833,9.796752,0.000577,-0.000254,0.003126
121.737848,-0.240636,-0.257210,9.794262,0.003477,-0.000341,0.000314
121.747716,-0.238498,-0.259223,9.781386,0.000650,0.004209,0.000381
121.757611,-0.239673,-0.251584,9.780075,-0.001738,0.002870,0.001566
121.767489,-0.240451,-0.267393,9.796429,-0.000211,0.000527,-0.000831
121.777394,-0.236897,-0.242433,9.785005,0.003185,-0.002355,0.000216
121.787262,-0.240124,-0.249152,9.796105,-0.000563,0.001016,-0.002089
121.797157,-0.250996,-0.247968,9.807014,0.001484,-0.000922,0.002562
121.807035,-0.244305,-0.243506,9.792361,0.000896,0.003271,0.001971
121.816940,-0.249958,-0.237700,9.790332,-0.000952,-0.001937,0.003546
121.826808,-0.233535,-0.259500,9.793166,0.000988,-0.004440,-0.000407
121.836703,-0.233819,-0.257459,9.786757,0.002765,-0.000295,0.000547
121.846581,-0.226691,-0.257049,9.792610,-0.000964,-0.000071,0.000367
121.856486,-0.235990,-0.249222,9.799772,-0.001843,0.002589,-0.000318
121.866354,-0.243546,-0.239274,9.795792,0.001866,-0.001241,0.000474
121.876249,-0.243274,-0.239535,9.797564,0.000963,-0.003824,0.001652
121.886127,-0.234634,-0.248587,9.805728,0.002054,-0.002021,-0.000865
121.896032,-0.243599,-0.252727,9.807025,0.001484,-0.000633,0.000961
121.905900,-0.256409,-0.270294,9.776554,0.003148,-0.000826,-0.001237
121.915795,-0.243161,-0.265903,9.774026,0.001200,-0.001211,-0.001348
121.925673,-0.242804,-0.258648,9.783736,0.000183,0.001789,-0.001240
121.935578,-0.248597,-0.248247,9.798009,0.001416,0.002368,-0.001968
121.945446,-0.235783,-0.232066,9.799792,-0.000378,-0.003006,0.001494
121.955341,-0.244038,-0.252734,9.787417,0.000136,0.000422,0.000840
121.965219,-0.232969,-0.266725,9.776774,-0.000355,-0.001452,0.002146
121.975124,-0.241964,-0.263324,9.781477,0.002666,-0.000494,-0.002056
121.984992,-0.246445,-0.262531,9.778283,-0.001931,0.001269,-0.001420
121.994887,-0.238147,-0.271399,9.785573,-0.001751,-0.000801,-0.000810
122.004765,-0.234318,-0.253046,9.781021,0.003099,0.000807,-0.001368
122.014670,-0.243260,-0.256721,9.784444,0.001946,-0.004428,-0.000089
122.024538,-0.243077,-0.257830,9.774944,0.004175,-0.003745,-0.004094
122.034433,-0.242463,-0.254639,9.774373,0.000773,0.000629,0.000529
122.044311,-0.241631,-0.244735,9.782656,-0.003752,0.002452,0.002433
122.054216,-0.239681,-0.256182,9.789446,0.001805,0.001487,0.000062
122.064084,-0.235029,-0.253262,9.790427,0.002018,0.001167,-0.001366
122.073979,-0.224386,-0.251238,9.787475,0.003722,-0.005665,-0.001481
122.083857,-0.223277,-0.258104,9.788184,0.001066,0.002702,0.001543
122.093762,-0.235557,-0.238864,9.815720,-0.000117,0.000855,-0.000682
122.103630,-0.218450,-0.232269,9.781288,0.001022,-0.004251,0.001595
122.113525,-0.254647,-0.264788,9.786369,-0.000839,0.000904,0.000144
122.123403,-0.249265,-0.254348,9.779809,0.002337,-0.005870,0.001833
122.133308,-0.251541,-0.259900,9.787289,0.000071,0.005251,-0.000469
122.143176,-0.233577,-0.268268,9.804020,-0.000189,0.000484,-0.000708
122.153071,-0.235489,-0.245119,9.809993,0.002786,0.000630,0.002758
122.162949,-0.241532,-0.242896,9.806494,-0.001379,0.003910,0.001474
122.172854,-0.230571,-0.235782,9.788736,-0.001177,-0.001881,-0.001873
122.182722,-0.245655,-0.253835,9.780721,0.000250,-0.001371,-0.000619
122.192617,-0.255399,-0.251630,9.792003,-0.000414,-0.000546,-0.000589
122.202495,-0.241091,-0.250296,9.784163,0.001332,-0.000882,0.001027
122.212400,-0.242285,-0.268184,9.785392,-0.004132,0.000608,0.004460
122.222268,-0.235790,-0.277310,9.751496,0.001714,0.000943,-0.005025
122.232163,-0.239577,-0.268460,9.796245,-0.001592,-0.002191,-0.001827
122.242041,-0.226872,-0.259726,9.784911,-0.000481,0.000927,0.000401
122.251947,-0.230131,-0.268777,9.809992,-0.002187,0.002931,-0.005153
122.261814,-0.220088,-0.263101,9.780186,-0.000146,0.000006,0.000356
122.271711,-0.247009,-0.249622,9.789551,0.002512,-0.001198,0.003228
122.281588,-0.242418,-0.260008,9.793971,0.000556,0.002422,-0.000676
122.291493,-0.245873,-0.263377,9.809258,-0.000089,0.000102,-0.001501
122.301361,-0.237074,-0.269521,9.810189,0.001327,0.003775,-0.001188
122.311256,-0.238917,-0.284960,9.801624,0.002516,-0.000119,0.004688
122.321134,-0.250221,-0.273019,9.793228,-0.000418,-0.002929,0.002444
122.331039,-0.224293,-0.256650,9.807307,0.001808,0.000216,0.000029
122.340909,-0.218790,-0.260944,9.779627,0.000421,-0.000230,-0.001263
122.350803,-0.246974,-0.268828,9.786731,0.000068,-0.001896,0.000963
122.360680,-0.247675,-0.272193,9.814288,0.004743,0.001196,0.001802
122.370585,-0.229906,-0.270991,9.808677,0.000414,-0.002745,0.001490
122.380454,-0.240000,-0.251140,9.785771,0.000176,0.000951,0.005768
122.390348,-0.247544,-0.253038,9.787800,0.002362,-0.003026,-0.001893
122.400226,-0.250396,-0.260788,9.774474,-0.002507,0.005266,-0.000418
122.410131,-0.246938,-0.258227,9.797696,0.001323,-0.004671,-0.002029
122.419999,-0.244727,-0.242769,9.782442,-0.002036,0.005256,-0.000065
122.429894,-0.253261,-0.247003,9.804359,0.000127,0.000115,-0.002434
122.439773,-0.245679,-0.232642,9.787133,0.000356,-0.000724,0.000826
122.449678,-0.222653,-0.239696,9.779814,0.001204,0.001274,0.000423
122.459546,-0.243007,-0.269821,9.768455,-0.001445,-0.001088,-0.005098
122.469440,-0.243221,-0.272012,9.772189,-0.002838,0.003420,-0.001899
122.479318,-0.240273,-0.271533,9.799937,0.001711,-0.002291,0.000498
122.489223,-0.242134,-0.255908,9.786161,0.002790,-0.001461,-0.001865
122.499091,-0.244199,-0.256914,9.769439,0.000650,0.002382,-0.000864
122.508986,-0.247839,-0.283139,9.787791,-0.003407,0.002308,-0.000068
122.518864,-0.234881,-0.290220,9.782821,0.002526,-0.000608,0.000089
122.528769,-0.259345,-0.279464,9.763799,0.000644,0.004479,-0.001380
122.538636,-0.247003,-0.258650,9.785929,0.003736,-0.003498,0.000424
122.548531,-0.244603,-0.239896,9.796163,-0.000232,0.004178,0.003598
122.558410,-0.243378,-0.266199,9.810797,0.000173,0.000164,-0.001986
122.568315,-0.234506,-0.285459,9.804276,0.000169,0.001805,-0.000311
122.578182,-0.240208,-0.277329,9.774678,0.002233,-0.000089,-0.001386
122.588077,-0.240781,-0.260684,9.784326,0.002598,0.000403,-0.002322
122.597956,-0.225550,-0.256904,9.774133,-0.000635,-0.002152,-0.000982
122.607860,-0.239382,-0.260309,9.799987,-0.000448,0.001366,-0.000116
122.617728,-0.244777,-0.257866,9.804828,0.000455,-0.000229,-0.001311
122.627623,-0.248821,-0.248117,9.783935,-0.000838,0.000466,0.001926
122.637501,-0.246601,-0.248739,9.774123,-0.000488,0.000184,-0.005034
122.647406,-0.236699,-0.264863,9.770574,0.001800,0.000530,-0.000439
122.657274,-0.228482,-0.256990,9.773464,0.003159,0.002152,0.000292
122.667169,-0.223209,-0.273444,9.782965,0.003804,-0.001322,0.000474
122.677048,-0.239650,-0.251938,9.779953,-0.001694,-0.000996,0.001320
122.686952,-0.241370,-0.251420,9.778494,0.000739,0.000202,-0.000446
122.696820,-0.256251,-0.257216,9.770995,-0.000176,-0.000181,0.004431
122.706715,-0.252314,-0.257429,9.776402,-0.000691,0.005985,-0.004012
122.716593,-0.239648,-0.247142,9.780193,0.000415,0.000152,-0.000462
122.726498,-0.218903,-0.236244,9.781734,0.001109,0.000978,-0.003100
122.736366,-0.221564,-0.243454,9.778618,0.003327,-0.005426,-0.001888
122.746261,-0.241668,-0.265805,9.761062,-0.001207,0.003549,-0.007476
122.756139,-0.236729,-0.257970,9.781657,0.002699,-0.000517,0.001089
122.766044,-0.234824,-0.255569,9.802641,0.001100,0.001723,-0.001790
122.775913,-0.232874,-0.270457,9.811776,-0.000844,0.000881,-0.001449
122.785808,-0.245103,-0.269658,9.803306,0.003323,-0.003572,0.002274
122.795685,-0.244901,-0.240402,9.808139,0.002213,-0.000633,0.003778
122.805590,-0.237909,-0.245499,9.776919,0.000205,0.000917,0.002007
122.815458,-0.251123,-0.259546,9.786882,0.000179,0.002289,-0.003186
122.825353,-0.241554,-0.261049,9.786297,-0.001785,0.002138,-0.001507
122.835231,-0.241287,-0.272055,9.799777,0.001603,-0.000091,-0.001661
122.845136,-0.244925,-0.251055,9.803233,0.000719,0.000929,-0.001680
122.855004,-0.239287,-0.259288,9.790118,-0.003028,0.002654,-0.002496
122.864899,-0.251603,-0.258480,9.797851,0.000455,-0.000564,-0.001297
122.874777,-0.250051,-0.257424,9.799506,-0.001681,-0.000665,0.001277
122.884682,-0.247309,-0.265248,9.776601,0.000859,0.001437,-0.000075
122.894551,-0.237915,-0.262068,9.797175,0.004946,0.001318,0.000245
122.904445,-0.238195,-0.258016,9.755054,0.000205,0.000417,0.000176
122.914323,-0.254581,-0.254096,9.772736,0.001780,-0.000441,0.002873
122.924228,-0.249084,-0.250553,9.774691,0.002047,0.002967,-0.003528
122.934096,-0.238006,-0.247721,9.795904,0.001175,0.000153,0.003074
122.943991,-0.246687,-0.263677,9.776634,0.001418,-0.004185,0.000527
122.953869,-0.235898,-0.266747,9.796744,-0.000669,0.000473,-0.001022
122.963774,-0.220267,-0.257997,9.786252,-0.001824,0.003437,-0.001307
122.973642,-0.241353,-0.254350,9.781515,0.006279,-0.003514,0.002360
122.983537,-0.254114,-0.277666,9.795444,0.001851,0.002861,-0.000862
122.993415,-0.244513,-0.266210,9.791416,0.000032,0.002042,0.000336
123.003320,-0.258092,-0.260677,9.806942,0.000923,0.000804,0.002304
123.013188,-0.259159,-0.251596,9.779345,0.004144,0.005058,0.001503
123.023083,-0.250421,-0.266542,9.788792,0.002967,-0.004625,-0.001428
123.032963,-0.237148,-0.270083,9.782467,0.001652,-0.002241,0.000910
123.042867,-0.224251,-0.253482,9.774532,0.003337,-0.000308,-0.000863
123.052735,-0.242931,-0.242935,9.779530,0.001515,-0.002365,0.001235
123.062629,-0.247554,-0.249962,9.797632,-0.001218,0.003988,-0.000299
123.072507,-0.241892,-0.243299,9.812628,-0.002508,0.000663,0.001675
123.082412,-0.233654,-0.231743,9.792732,0.001491,0.001184,-0.001119
123.092281,-0.241012,-0.249611,9.789930,-0.002362,-0.003461,0.000593
123.102175,-0.249591,-0.255418,9.786837,0.001234,0.000501,-0.001420
123.112054,-0.252203,-0.252630,9.780069,0.002620,-0.000471,0.002594
123.121958,-0.246273,-0.248886,9.762292,0.003809,-0.005494,0.001534
123.131827,-0.241306,-0.236998,9.758618,0.000702,0.005558,-0.001782
123.141721,-0.247936,-0.238775,9.769427,0.001757,-0.005214,0.000608
123.151599,-0.252490,-0.253628,9.795311,0.001506,0.001066,0.002068
123.161504,-0.227742,-0.262340,9.802721,-0.000959,0.003831,0.000041
123.171373,-0.238754,-0.251335,9.798894,0.001880,0.001311,0.003043
123.181267,-0.243533,-0.242457,9.771393,-0.000013,-0.000830,-0.000571
123.191145,-0.259430,-0.248214,9.791752,0.000703,-0.000655,0.000079
123.201050,-0.237741,-0.229079,9.795719,-0.000533,0.000421,-0.000531
123.210919,-0.235976,-0.240756,9.810421,-0.002732,0.001315,-0.000505
123.220813,-0.229349,-0.257611,9.803534,0.003127,-0.005118,0.003406
123.230692,-0.248885,-0.282281,9.785785,-0.000620,0.002433,-0.001768
123.240596,-0.230009,-0.274881,9.807746,0.001524,0.000438,-0.000056
123.250465,-0.233598,-0.261718,9.800313,0.000978,0.003158,0.003721
123.260360,-0.255371,-0.246324,9.779539,0.002388,0.002334,-0.000015
123.270237,-0.238832,-0.256773,9.786455,0.000914,0.002986,-0.003019
123.280142,-0.235993,-0.245253,9.798027,0.000551,-0.000590,-0.002210
123.290011,-0.228700,-0.253746,9.807519,-0.001925,0.000957,0.003881
123.299905,-0.227868,-0.254165,9.797782,-0.001163,-0.000199,-0.001931
123.309784,-0.243504,-0.238973,9.782009,-0.001902,0.004539,0.001458
123.319688,-0.252704,-0.246645,9.793748,0.002824,0.002595,-0.002141
123.329557,-0.235508,-0.254165,9.774050,0.002859,-0.003840,-0.000969
123.339451,-0.233583,-0.255841,9.784448,-0.001618,0.000398,0.000133
123.349329,-0.238098,-0.264755,9.794153,0.000135,-0.000984,0.000992
123.359234,-0.222070,-0.265346,9.797134,0.000011,0.000413,-0.003383
123.369102,-0.225016,-0.243180,9.785048,-0.000405,0.003205,-0.001719
123.378997,-0.230906,-0.245452,9.773831,-0.001980,-0.003474,-0.002860
123.388876,-0.236990,-0.260196,9.777497,0.000302,0.002006,0.000004
123.398780,-0.241859,-0.258682,9.784982,-0.001247,-0.000082,-0.001348
123.408649,-0.252316,-0.262972,9.800391,0.001288,0.001766,-0.001939
123.418543,-0.250146,-0.250437,9.787417,0.002186,0.001455,0.000294
123.428422,-0.242855,-0.248602,9.780519,-0.000006,0.000492,-0.000778
123.438326,-0.233187,-0.239723,9.799957,0.001053,0.001727,-0.000724
123.448195,-0.245926,-0.239829,9.801701,0.004137,0.000289,0.000095
123.458089,-0.240473,-0.272626,9.785541,0.003944,-0.002827,0.000282
123.467967,-0.253085,-0.258174,9.763511,0.000699,0.001923,-0.002622
123.477872,-0.251493,-0.267370,9.771678,0.001680,-0.003447,0.001396
123.487740,-0.242365,-0.272574,9.797079,-0.001307,0.001863,0.001195
123.497635,-0.233999,-0.259376,9.811017,0.000795,0.003320,-0.001921
123.507513,-0.237926,-0.270509,9.797764,-0.001477,0.000896,-0.003243
123.517418,-0.240944,-0.251707,9.777564,0.002665,-0.000793,0.001949
123.527287,-0.229068,-0.262785,9.787903,-0.000145,-0.004067,0.001604
123.537181,-0.241431,-0.245028,9.781792,-0.000095,-0.002772,-0.001047
123.547061,-0.238289,-0.238493,9.797319,0.001983,0.001283,-0.002891
123.556965,-0.244639,-0.256689,9.788533,0.002586,-0.001893,-0.000423
123.566833,-0.249345,-0.255269,9.808526,0.000103,0.000681,-0.000430
123.576727,-0.256623,-0.245348,9.784051,0.000305,-0.000675,-0.001508
123.586605,-0.241585,-0.254328,9.786427,-0.000431,-0.000245,-0.000314
123.596510,-0.230722,-0.253281,9.778424,0.000340,-0.000607,-0.000245
123.606379,-0.240935,-0.254787,9.784178,-0.000447,-0.002690,-0.000691
123.616273,-0.240994,-0.258546,9.788269,0.001175,-0.001379,0.003732
123.626152,-0.248070,-0.253714,9.777546,-0.000822,0.002160,0.000776
123.636056,-0.247745,-0.247148,9.800391,-0.001104,0.004414,-0.002928
123.645924,-0.241455,-0.249951,9.796977,0.002123,-0.000189,0.001172
123.655819,-0.229672,-0.262312,9.801046,0.000574,0.000532,-0.000470
123.665698,-0.236883,-0.258157,9.801006,0.002553,0.000290,-0.000885
123.675602,-0.244359,-0.254579,9.788766,0.000261,0.004249,0.000318
123.685471,-0.234329,-0.253962,9.787080,0.002506,-0.002940,0.000372
123.695365,-0.236119,-0.263093,9.774800,0.003062,-0.004350,0.001902
123.705243,-0.227356,-0.254591,9.797955,0.000507,-0.002182,-0.001752
123.715148,-0.232695,-0.269566,9.795509,0.001219,-0.002263,0.002842
123.725017,-0.240610,-0.269409,9.804849,-0.002443,-0.000262,-0.001257
123.734911,-0.244244,-0.268138,9.806939,0.001952,-0.003122,-0.001356
123.744790,-0.256691,-0.231055,9.808578,-0.003323,-0.003859,0.000411
123.754694,-0.241190,-0.241262,9.778265,0.001967,-0.002355,0.000374
123.764563,-0.244016,-0.239581,9.792363,0.001479,0.001429,-0.001198
123.774458,-0.229367,-0.251623,9.787966,0.001365,-0.000463,-0.001490
123.784336,-0.237891,-0.264689,9.789585,0.002965,-0.002759,-0.000302
123.794240,-0.243850,-0.272062,9.790163,0.004240,0.002712,0.000350
123.804109,-0.264211,-0.270292,9.812457,-0.000101,-0.006312,-0.000117
123.814004,-0.248004,-0.256185,9.788915,0.003782,-0.006004,0.001048
123.823882,-0.244858,-0.253935,9.791707,0.001148,-0.001033,-0.001472
123.833786,-0.231435,-0.274313,9.791159,-0.000011,-0.000075,-0.002139
123.843655,-0.235337,-0.258907,9.780236,0.003049,0.000247,-0.001947
123.853549,-0.258028,-0.242036,9.799582,-0.000635,-0.001762,-0.001798
123.863428,-0.254979,-0.269161,9.801804,-0.000805,0.002134,-0.000602
123.873332,-0.251015,-0.268454,9.781362,-0.001665,0.000735,-0.000467
123.883200,-0.241957,-0.282909,9.767228,0.002037,-0.005039,-0.000127
123.893095,-0.244440,-0.255198,9.799930,-0.001291,0.000932,-0.000227
123.902974,-0.242638,-0.251288,9.800610,-0.001392,0.003668,-0.000724
123.912878,-0.248226,-0.242805,9.805186,-0.001758,0.000856,0.001827
123.922747,-0.249152,-0.263411,9.788900,0.001476,-0.001402,0.000559
123.932642,-0.244280,-0.257458,9.774711,-0.002888,-0.000160,-0.002418
123.942520,-0.239166,-0.262533,9.784938,0.001748,0.000014,0.001945
123.952424,-0.239566,-0.258205,9.805703,-0.002025,-0.000981,-0.002215
123.962293,-0.238847,-0.255088,9.796027,0.001062,0.003923,0.000060
123.972188,-0.232867,-0.253065,9.799911,0.001538,0.001490,0.000468
123.982065,-0.241581,-0.243472,9.791926,-0.001225,-0.001077,-0.001696
123.991970,-0.244436,-0.231830,9.797956,0.000132,-0.001523,0.002249
124.001839,-0.237956,-0.237110,9.790646,-0.000330,-0.000621,0.003163
124.011734,-0.238580,-0.232271,9.780355,0.000332,0.001763,-0.001439
124.021612,-0.242851,-0.262491,9.781577,-0.002816,0.001022,0.002025
124.031516,-0.251638,-0.258695,9.791748,0.002670,-0.001609,0.001347
124.041385,-0.246951,-0.261447,9.801507,0.000055,0.001461,-0.000161
124.051279,-0.222784,-0.267058,9.793242,0.001392,0.000057,0.000078
124.061158,-0.238981,-0.258171,9.793624,-0.001965,0.002645,-0.000671
124.071062,-0.231767,-0.239718,9.787889,0.003494,-0.002540,-0.001981
124.080931,-0.235866,-0.251912,9.792377,0.000484,-0.001168,0.000620
124.090825,-0.241603,-0.258577,9.789603,-0.001092,0.000184,-0.000272
124.100704,-0.249165,-0.268039,9.773583,0.000550,0.002860,0.001743
124.110608,-0.255739,-0.255555,9.770116,0.001452,-0.001886,-0.002034
124.120477,-0.242601,-0.241930,9.782770,0.002245,-0.000848,-0.000470
124.130372,-0.245988,-0.255749,9.781406,0.001887,-0.001223,-0.000683
124.140250,-0.242875,-0.249824,9.778307,-0.000437,-0.002461,-0.000143
124.150154,-0.217119,-0.236827,9.804648,0.000189,0.001266,-0.000396
124.160023,-0.222132,-0.251550,9.794094,-0.002708,-0.003814,0.000266
124.169918,-0.232026,-0.259070,9.791516,-0.000897,-0.000040,-0.000359
124.179795,-0.244856,-0.249177,9.782363,0.000655,0.002515,-0.003624
124.189700,-0.234184,-0.249745,9.785089,-0.000874,-0.002641,0.000710
124.199569,-0.243630,-0.258756,9.776604,0.001231,0.000343,0.000122
124.209464,-0.247996,-0.248523,9.797517,0.001902,-0.001675,0.000576
124.219341,-0.250416,-0.285314,9.796579,0.001662,-0.003631,0.002300
124.229246,-0.252766,-0.255494,9.797903,-0.000318,0.000784,-0.001118
124.239115,-0.241082,-0.261087,9.797114,0.002178,0.000835,-0.000879
124.249010,-0.254235,-0.277026,9.777443,0.003513,-0.003769,0.000369
124.258888,-0.232630,-0.258306,9.784586,-0.001174,0.002186,-0.002892
124.268792,-0.231913,-0.240364,9.815748,0.000825,-0.003021,-0.000042
124.278661,-0.232637,-0.249189,9.796328,-0.000191,0.000169,0.000714
124.288556,-0.241612,-0.252853,9.793749,0.001099,-0.002236,0.000348
124.298434,-0.246615,-0.269918,9.787815,-0.001013,0.003421,0.001717
124.308338,-0.243732,-0.246045,9.788689,-0.000367,-0.003164,-0.001341
124.318207,-0.229588,-0.247176,9.788172,-0.000301,-0.000553,0.000517
124.328102,-0.237480,-0.251740,9.790070,0.002192,-0.002110,-0.000923
124.337980,-0.235964,-0.250023,9.809154,-0.001868,-0.002175,-0.003218
124.347884,-0.245481,-0.268269,9.790911,0.000094,0.002580,0.001419
124.357753,-0.240981,-0.246117,9.799279,0.000703,-0.002278,0.002404
124.367648,-0.240221,-0.271490,9.782234,-0.000326,-0.001245,0.002324
124.377526,-0.231257,-0.256736,9.809139,0.003162,0.000202,-0.001423
124.387431,-0.228930,-0.256409,9.804369,0.003612,-0.003179,-0.002438
124.397299,-0.245871,-0.270115,9.767485,0.001099,-0.003119,-0.003349
124.407194,-0.250761,-0.276107,9.775855,0.003042,-0.001113,-0.001063
124.417072,-0.245670,-0.248381,9.797936,0.000103,-0.002796,0.000892
124.426976,-0.235419,-0.254535,9.785109,0.001094,-0.001371,0.000454
124.436845,-0.234888,-0.247086,9.805103,0.000763,-0.002805,0.000958
124.446740,-0.247725,-0.249534,9.776130,0.001195,0.000244,-0.001766
124.456618,-0.243156,-0.258387,9.787117,-0.001618,0.001670,-0.002016
124.466523,-0.261037,-0.240586,9.791616,0.000849,0.000012,0.000172
124.476391,-0.241735,-0.247005,9.791933,0.001235,-0.004554,-0.003344
124.486286,-0.232238,-0.244700,9.800740,0.000426,0.006361,0.001876
124.496164,-0.216849,-0.257274,9.800867,-0.001463,0.001810,-0.001183
124.506068,-0.221989,-0.261997,9.804276,-0.000890,-0.001049,-0.000587
124.515937,-0.243941,-0.254220,9.805397,0.004017,-0.000459,0.002736
124.525832,-0.246055,-0.255255,9.792565,0.001494,-0.001188,-0.000286
124.535710,-0.258207,-0.255636,9.784872,-0.000640,0.001340,0.001307
124.545614,-0.234309,-0.266636,9.796950,0.001453,0.002092,0.001178
124.555483,-0.230871,-0.263045,9.794167,0.002301,0.001111,-0.002691
124.565378,-0.234803,-0.264559,9.797188,0.001532,-0.001482,0.002762
124.575256,-0.236731,-0.265166,9.794909,-0.001443,-0.001370,-0.000946
124.585160,-0.243836,-0.247358,9.805216,0.001577,0.000035,-0.002136
124.595029,-0.265091,-0.247572,9.770819,0.000081,0.000344,-0.000140
124.604924,-0.245930,-0.256423,9.781213,0.001670,-0.005388,0.001898
124.614802,-0.234215,-0.266449,9.804620,0.000506,-0.002521,-0.000117
124.624709,-0.250330,-0.249583,9.795354,-0.003834,-0.000265,-0.004153
124.634577,-0.258752,-0.262936,9.801889,0.000030,0.000055,0.001049
124.644473,-0.254822,-0.276478,9.778814,0.001965,0.000627,-0.001214
124.654350,-0.248564,-0.272350,9.783242,0.000671,-0.001360,-0.001817
124.664255,-0.234913,-0.258915,9.783922,-0.001360,-0.003105,0.001869
124.674123,-0.237710,-0.242176,9.797599,0.001165,0.002425,0.000040
124.684018,-0.227163,-0.241163,9.795445,-0.000479,0.006830,-0.000682
124.693896,-0.222632,-0.267528,9.788589,0.002068,-0.001867,0.000348
124.703800,-0.233048,-0.253310,9.793273,-0.000664,0.000098,0.000014
124.713669,-0.255911,-0.242577,9.784723,0.003463,-0.000141,-0.001653
124.723564,-0.246412,-0.256174,9.770768,-0.002857,0.000943,-0.000869
124.733443,-0.233104,-0.244728,9.771816,-0.000794,0.002341,-0.000763
124.743347,-0.225290,-0.250230,9.792574,0.002219,-0.003366,-0.001292
124.753215,-0.247450,-0.253431,9.802243,-0.000226,0.001172,0.001313
124.763110,-0.255721,-0.259705,9.779294,-0.001648,0.000535,-0.001671
124.772988,-0.247282,-0.260241,9.801562,0.005466,-0.005706,0.001334
124.782893,-0.234553,-0.261999,9.790731,0.001776,0.002202,0.002293
124.792761,-0.242471,-0.256519,9.788289,0.000302,-0.004456,0.000064
124.802656,-0.248293,-0.272155,9.779358,0.000911,-0.001124,-0.000269
124.812534,-0.234899,-0.249072,9.783416,0.005206,-0.001320,-0.000588
124.822439,-0.236207,-0.235131,9.771472,0.003773,-0.000648,-0.002226
124.832307,-0.249314,-0.245809,9.780758,-0.002535,-0.001766,-0.000140
124.842203,-0.229252,-0.237874,9.799985,-0.000340,0.002103,0.003403
124.852080,-0.242835,-0.240927,9.776033,0.004481,0.000802,-0.000982
124.861985,-0.247740,-0.272649,9.771635,0.003079,-0.001448,0.001150
124.871853,-0.251476,-0.260472,9.770055,0.006421,-0.004189,-0.000963
124.881748,-0.245514,-0.253822,9.796304,0.001236,0.003512,0.002512
124.891625,-0.238398,-0.249588,9.777489,0.000898,-0.003104,-0.001123
124.901532,-0.238123,-0.257126,9.792887,0.000838,-0.001451,0.001010
124.911403,-0.237703,-0.250616,9.789656,0.002038,0.000103,-0.001481
124.921292,-0.241770,-0.243985,9.799975,-0.000364,-0.002170,0.000319
124.931170,-0.242201,-0.247347,9.779741,0.001583,-0.000624,0.003648
124.941076,-0.246354,-0.253366,9.776713,-0.000838,0.000425,0.002039
124.950944,-0.231757,-0.264180,9.790220,-0.000020,-0.000485,0.000946
124.960838,-0.236073,-0.270739,9.783327,0.000715,0.006446,-0.003862
124.970716,-0.246492,-0.259078,9.791335,-0.000389,-0.001390,-0.003937
124.980621,-0.245122,-0.237428,9.801751,0.000384,0.003003,-0.003180
124.990489,-0.239625,-0.233170,9.805691,0.003897,0.001413,-0.000781
125.000384,-0.243835,-0.270593,9.789794,-0.003428,-0.001553,0.001296
125.010262,-0.267633,-0.267063,9.791188,-0.001117,-0.001451,-0.001657
125.020167,-0.255747,-0.258446,9.806304,-0.000317,0.000917,0.001871
125.030035,-0.239405,-0.260428,9.800182,-0.000453,0.000986,0.002144
125.039930,-0.235338,-0.272693,9.801362,0.000663,-0.005577,0.004077
125.049808,-0.242214,-0.273539,9.803495,-0.000514,0.001199,-0.000131
125.059713,-0.240562,-0.262898,9.795860,0.003288,-0.000980,-0.002941
125.069581,-0.253230,-0.255834,9.794182,-0.000762,-0.000179,0.001188
125.079476,-0.252128,-0.246135,9.798661,0.000260,-0.005674,-0.003011
125.089354,-0.242755,-0.258823,9.811055,0.002736,-0.000949,-0.000960
125.099259,-0.255446,-0.254310,9.797269,-0.001012,-0.000435,-0.003138
125.109127,-0.239317,-0.235851,9.760527,0.001282,0.001605,-0.001866
125.119022,-0.230363,-0.228194,9.768211,-0.003968,0.002333,-0.003747
125.128901,-0.239265,-0.227621,9.792818,0.003211,-0.001389,0.000825
125.138805,-0.239676,-0.244336,9.809256,0.002098,-0.001485,-0.000634
125.148673,-0.225523,-0.260906,9.814922,-0.001035,0.004858,-0.005128
125.158568,-0.240396,-0.255050,9.813751,0.002333,-0.001221,0.000322
125.168447,-0.258218,-0.240438,9.785747,-0.000660,-0.000314,0.002269
125.178351,-0.238452,-0.260105,9.769890,0.000846,0.000658,0.002241
125.188219,-0.237685,-0.267855,9.781494,-0.000112,-0.001894,-0.002832
125.198114,-0.257956,-0.259411,9.791972,-0.002241,0.001403,-0.004854
125.207994,-0.244406,-0.272240,9.800849,0.000895,0.002078,-0.003092
125.217897,-0.239425,-0.268852,9.800482,-0.001701,-0.000045,-0.000123
125.227766,-0.247578,-0.262237,9.793399,0.000051,-0.006223,-0.001466
125.237661,-0.238671,-0.250073,9.790690,-0.002557,0.004442,-0.003337
125.247538,-0.242878,-0.266722,9.792048,0.002892,0.000265,-0.000048
125.257443,-0.254000,-0.267228,9.789405,0.000993,0.000719,0.001624
125.267311,-0.257927,-0.250090,9.780677,-0.003350,0.003390,-0.000767
125.277206,-0.242050,-0.266189,9.803999,-0.001187,-0.005528,-0.000890
125.287084,-0.243327,-0.276980,9.798689,-0.001759,-0.000440,-0.000347
125.296989,-0.246255,-0.254833,9.796652,0.001688,0.001679,-0.003108
125.306857,-0.232903,-0.247128,9.789903,-0.001900,-0.002529,0.001055
125.316752,-0.247506,-0.269019,9.787431,-0.001827,-0.003756,-0.002336
125.326630,-0.243130,-0.282706,9.783663,0.000651,0.001115,0.001704
125.336535,-0.236437,-0.273888,9.784625,0.001452,-0.000601,0.002783
125.346403,-0.247018,-0.250306,9.793735,-0.001255,-0.003548,-0.000381
125.356298,-0.252084,-0.248681,9.770684,0.000181,0.000508,-0.003514
125.366176,-0.233644,-0.250078,9.778741,0.001314,-0.001573,0.001669
125.376082,-0.242691,-0.232790,9.810774,0.002842,0.001874,0.000763
125.385952,-0.236689,-0.240110,9.798336,-0.000074,0.000750,-0.002399
125.395846,-0.236971,-0.245629,9.764668,-0.000150,0.003047,-0.001774
125.405724,-0.249104,-0.248295,9.793927,0.001754,0.000711,-0.000517
125.415628,-0.232736,-0.260041,9.800046,0.003595,-0.001847,-0.000740
125.425495,-0.255553,-0.276576,9.788996,-0.001046,0.004924,-0.003745
125.435395,-0.247316,-0.260083,9.787250,-0.002029,-0.000003,-0.000494
125.445269,-0.229959,-0.256406,9.794521,-0.001585,0.004243,-0.002423
125.455173,-0.234135,-0.253181,9.791752,0.002514,-0.002702,0.005085
125.465041,-0.238932,-0.250413,9.782635,-0.002119,-0.000813,-0.002784
125.474936,-0.247887,-0.243481,9.789223,-0.000726,-0.000437,-0.001546
125.484815,-0.238895,-0.253869,9.771875,0.005512,-0.001979,0.001973
125.494719,-0.243239,-0.249749,9.790578,0.000494,0.002451,0.000010
125.504588,-0.243500,-0.253206,9.795290,-0.000001,-0.001211,0.001499
125.514482,-0.247867,-0.243842,9.794479,0.001475,0.000292,-0.001029
125.524361,-0.246945,-0.260528,9.799979,0.004151,-0.000748,0.001519
125.534265,-0.243204,-0.244731,9.788493,0.003372,-0.000159,0.002737
125.544134,-0.261329,-0.249234,9.803479,-0.003384,0.006842,-0.000316
125.554029,-0.251108,-0.258630,9.799447,0.003777,-0.001581,-0.001808
125.563907,-0.250677,-0.262336,9.791433,0.000854,-0.001038,-0.002265
125.573811,-0.241280,-0.247272,9.804936,0.000481,0.001419,-0.001542
125.583680,-0.238942,-0.242012,9.790827,0.000616,-0.002545,0.000210
125.593574,-0.249826,-0.257592,9.777148,0.003125,-0.004495,0.002227
125.603453,-0.246983,-0.260267,9.779765,-0.000002,0.002186,-0.002987
125.613357,-0.250149,-0.264322,9.797742,-0.000492,-0.000276,-0.005812
125.623226,-0.245328,-0.244905,9.798717,0.001111,-0.002947,-0.001602
125.633121,-0.261258,-0.254742,9.800480,0.001059,0.001029,-0.001622
125.642999,-0.239687,-0.255180,9.790092,-0.000284,0.001941,0.002949
125.652903,-0.229443,-0.275768,9.781459,-0.002126,-0.002266,0.001226
125.662772,-0.235546,-0.264899,9.780706,-0.002068,-0.006577,-0.000243
125.672666,-0.236845,-0.253149,9.799069,0.002635,-0.003252,-0.002021
125.682545,-0.232466,-0.244652,9.793080,-0.001065,0.004328,-0.003882
125.692449,-0.247935,-0.241799,9.795413,-0.002893,0.002954,0.001340
125.702318,-0.244280,-0.256946,9.775582,-0.002492,-0.000010,0.002421
125.712212,-0.250787,-0.253763,9.786772,-0.003634,-0.000490,0.000127
125.722091,-0.218721,-0.264220,9.796391,0.002502,0.004503,-0.003746
125.731996,-0.238698,-0.253476,9.775220,-0.001593,0.000070,-0.004065
125.741864,-0.241038,-0.246545,9.773873,-0.000974,0.001093,0.003069
125.751759,-0.248704,-0.245945,9.776046,0.003861,-0.001139,-0.002592
125.761637,-0.246254,-0.248429,9.795096,-0.001096,-0.001815,0.000100
125.771541,-0.236387,-0.251786,9.781712,0.002064,0.001351,0.000831
125.781410,-0.240520,-0.252288,9.790848,-0.000747,-0.002739,0.002378
125.791305,-0.248330,-0.264103,9.787353,0.005425,-0.001749,-0.002767
125.801183,-0.252326,-0.268509,9.783941,-0.002811,0.001165,-0.000298
125.811087,-0.253232,-0.232086,9.780494,0.001990,0.000370,0.000263
125.820955,-0.235174,-0.244646,9.794245,0.003042,-0.005076,-0.001960
125.830851,-0.243652,-0.268846,9.790462,0.002604,0.001090,0.001125
125.840729,-0.251262,-0.267907,9.801736,0.001744,0.000005,-0.001056
125.850633,-0.249403,-0.263836,9.794080,0.001372,-0.001814,-0.005792
125.860502,-0.232018,-0.255666,9.774612,-0.002130,-0.000047,0.002358
125.870396,-0.254007,-0.251227,9.777279,0.001871,0.000213,-0.002007
125.880275,-0.239393,-0.256573,9.790751,-0.000590,0.003703,-0.000730
125.890179,-0.252288,-0.254845,9.784109,0.001652,0.003120,-0.000340
125.900050,-0.236535,-0.261376,9.772628,0.002250,0.002539,0.001205
125.909944,-0.239134,-0.235411,9.774269,0.001194,-0.000372,0.001017
125.919822,-0.227363,-0.250248,9.775696,0.002643,0.000311,-0.001112
125.929726,-0.246881,-0.255984,9.795648,0.003071,0.001892,-0.000911
125.939594,-0.247411,-0.256347,9.798823,0.001740,0.000028,-0.002186
125.949492,-0.241344,-0.258354,9.798193,0.001545,0.000920,0.001311
125.959367,-0.228901,-0.250399,9.773344,0.000511,-0.003543,0.004738
125.969271,-0.233767,-0.248635,9.766054,-0.000076,-0.000638,0.000452
125.979140,-0.244413,-0.247846,9.770914,0.000736,-0.004397,-0.001561
125.989034,-0.248454,-0.245612,9.801358,-0.002247,0.003753,-0.003404
125.998913,-0.246002,-0.236875,9.789186,0.001398,0.001743,-0.002659
126.008817,-0.243699,-0.264212,9.785241,0.002912,-0.001101,0.003203
126.018686,-0.241264,-0.264978,9.782364,0.000935,0.002153,0.001467
126.028580,-0.233960,-0.256249,9.781385,0.003523,-0.000857,0.002060
126.038458,-0.225543,-0.257079,9.790719,0.002893,-0.003527,-0.001179
126.048363,-0.243070,-0.253250,9.792369,0.001892,-0.001053,0.001127
126.058232,-0.238428,-0.263546,9.786265,-0.001116,0.000248,-0.003000
126.068126,-0.223749,-0.266771,9.772947,0.003661,-0.001074,0.003534
126.078005,-0.236885,-0.269837,9.775768,-0.000732,0.000845,0.000773
126.087909,-0.236552,-0.248623,9.773046,0.000660,0.000972,-0.001250
126.097778,-0.225664,-0.250433,9.789065,0.000026,0.002064,0.002388
126.107672,-0.238440,-0.271626,9.803752,-0.000507,-0.000218,0.001318
126.117551,-0.247065,-0.254644,9.799018,-0.001001,0.005675,0.003203
126.127455,-0.244602,-0.255736,9.791619,0.001747,0.000845,-0.000669
126.137324,-0.251778,-0.255312,9.787045,-0.001104,0.001306,0.000224
126.147219,-0.248920,-0.258561,9.782257,0.003633,-0.000976,0.001174
126.157097,-0.246941,-0.259654,9.778460,0.000600,-0.000991,0.000927
126.167001,-0.245825,-0.261770,9.784268,0.000011,-0.003833,0.000042
126.176870,-0.226336,-0.273332,9.789057,0.001383,0.001276,-0.000487
126.186764,-0.250856,-0.257809,9.791811,0.001226,-0.001864,0.003229
126.196643,-0.254754,-0.247541,9.789898,0.001360,-0.004357,-0.002498
126.206547,-0.243771,-0.250032,9.785591,-0.000798,0.003982,0.002202
126.216416,-0.239931,-0.244934,9.778100,0.002560,0.003463,-0.002063
126.226311,-0.247182,-0.248142,9.787795,0.001218,0.000209,-0.000059
126.236189,-0.243035,-0.228707,9.802546,-0.002525,-0.001127,0.000780
126.246093,-0.238492,-0.252518,9.780181,0.000332,0.003598,0.001806
126.255962,-0.236515,-0.267564,9.786145,0.001814,-0.001887,-0.002357
126.265857,-0.250766,-0.262346,9.786914,-0.001603,0.005375,-0.002121
126.275735,-0.258526,-0.269318,9.806131,0.001239,0.001217,0.000354
126.285639,-0.247160,-0.264756,9.793791,0.001688,-0.000035,0.002356
126.295508,-0.233849,-0.265978,9.786315,0.002146,0.002752,0.000930
126.305403,-0.240831,-0.258625,9.786567,0.002208,-0.002505,-0.002476
126.315281,-0.229953,-0.249398,9.773912,0.000167,-0.001531,-0.001008
126.325185,-0.237770,-0.239042,9.779714,0.000800,-0.006179,0.002973
126.335054,-0.239611,-0.244754,9.783212,0.001009,-0.003714,0.003010
126.344949,-0.246059,-0.247166,9.782729,-0.000897,-0.000872,-0.003073
126.354827,-0.245014,-0.265720,9.788336,-0.000644,0.002322,0.000061
126.364731,-0.261525,-0.261711,9.802853,0.000884,-0.000696,0.004437
126.374600,-0.253369,-0.247217,9.804078,-0.000806,0.002569,-0.003592
126.384495,-0.247247,-0.245149,9.799277,0.002248,0.001922,0.001536
126.394373,-0.247800,-0.255051,9.792786,0.001545,0.001178,-0.001559
126.404277,-0.258955,-0.247539,9.788657,0.002739,0.001877,-0.001594
126.414146,-0.237606,-0.254284,9.777574,-0.000704,-0.000112,-0.001177
126.424041,-0.231452,-0.258463,9.803837,-0.000732,-0.000672,-0.002665
126.433919,-0.238518,-0.246258,9.811114,0.000778,0.001436,0.003212
126.443823,-0.247582,-0.251298,9.795979,-0.000333,0.002479,-0.000666
126.453692,-0.242150,-0.226354,9.795128,0.000847,-0.000835,-0.003381
126.463587,-0.239177,-0.251979,9.785213,0.000573,0.004090,0.000115
126.473465,-0.244578,-0.249482,9.790362,0.000503,0.000379,0.001178
126.483369,-0.221653,-0.246518,9.789601,0.004215,-0.000515,-0.001674
126.493238,-0.230182,-0.247796,9.779839,0.001552,-0.002710,0.001491
126.503133,-0.245266,-0.247204,9.777257,-0.000768,-0.001370,-0.003002
126.513011,-0.251502,-0.271233,9.768782,0.002687,0.002094,0.000743
126.522915,-0.252944,-0.265157,9.801129,-0.000546,-0.003146,-0.002946
126.532784,-0.239579,-0.248965,9.789266,0.002068,-0.001584,-0.001049
126.542679,-0.236860,-0.256101,9.766203,0.002824,0.001910,0.000962
126.552557,-0.243481,-0.262070,9.792732,0.002863,-0.003454,-0.000692
126.562461,-0.242770,-0.264877,9.821581,0.005163,-0.004495,-0.000221
126.572330,-0.240218,-0.247346,9.770947,0.001392,-0.000518,-0.000567
126.582225,-0.237651,-0.259846,9.763674,-0.000214,-0.000645,0.001725
126.592103,-0.250239,-0.249697,9.792670,0.002584,-0.000819,0.000624
126.602007,-0.247364,-0.245444,9.801961,-0.001557,0.001028,0.003900
126.611876,-0.244324,-0.263274,9.786798,0.001700,-0.004541,0.000152
126.621771,-0.241702,-0.274154,9.784996,-0.000002,-0.001851,0.000465
126.631649,-0.236328,-0.252899,9.791306,0.002988,-0.003931,0.001025
126.641553,-0.231190,-0.268110,9.780823,0.002295,-0.000912,-0.002402
126.651422,-0.233080,-0.250540,9.794916,-0.003106,0.003688,-0.004335
126.661317,-0.248396,-0.232718,9.779493,0.000974,0.001527,0.004556
126.671195,-0.239058,-0.257593,9.770926,0.002357,0.003541,-0.000037
126.681100,-0.233850,-0.269292,9.798619,0.001911,0.000913,-0.000333
126.690968,-0.238017,-0.263033,9.803027,0.000564,0.000158,0.001609
126.700863,-0.234804,-0.262863,9.818201,0.001461,-0.001493,-0.000186
126.710741,-0.242284,-0.266823,9.793623,0.001168,0.000866,-0.000546
126.720645,-0.239217,-0.258646,9.795044,0.001107,-0.005298,0.000920
126.730514,-0.248627,-0.264789,9.804338,-0.001210,0.003048,0.002062
126.740409,-0.237902,-0.252185,9.785439,0.003181,0.001125,0.004811
126.750287,-0.248216,-0.266087,9.778428,-0.000856,-0.001440,0.001657
126.760191,-0.254769,-0.251443,9.792063,0.000845,-0.003736,-0.005540
126.770060,-0.245008,-0.251762,9.785518,-0.000975,-0.000104,-0.001307
126.779955,-0.230712,-0.251052,9.788217,-0.000978,0.006060,-0.003134
126.789833,-0.240615,-0.255162,9.802589,0.003853,-0.004574,-0.000214
126.799737,-0.240361,-0.267857,9.781258,0.000527,0.003696,-0.002001
126.809606,-0.252278,-0.256910,9.782907,0.000250,-0.000896,0.002660
126.819501,-0.249010,-0.269829,9.793510,0.000378,0.000384,-0.000825
126.829379,-0.239476,-0.268638,9.776720,0.002759,-0.003708,-0.000557
126.839284,-0.251114,-0.265086,9.775105,0.000604,-0.000292,0.001684
126.849152,-0.243590,-0.258813,9.801608,0.000732,0.001111,-0.001387
126.859047,-0.244058,-0.258562,9.788261,0.000842,0.002519,0.000065
126.868925,-0.250702,-0.249890,9.781206,0.000420,0.000921,0.003314
126.878829,-0.224232,-0.257725,9.796224,0.004893,0.001190,-0.001030
126.888698,-0.242308,-0.263738,9.793133,-0.001090,-0.000423,-0.000976
126.898593,-0.233925,-0.259074,9.789968,-0.002699,0.004608,0.001632
126.908471,-0.233791,-0.243994,9.781286,-0.001880,0.002032,-0.000222
126.918375,-0.236185,-0.256609,9.795330,0.002042,-0.000097,0.001425
126.928244,-0.245295,-0.264678,9.773741,-0.001853,0.000407,-0.000132
126.938139,-0.248706,-0.273915,9.779928,0.001462,-0.002547,-0.001574
126.948017,-0.253093,-0.266557,9.771634,-0.001584,-0.001646,-0.001133
126.957924,-0.238072,-0.260703,9.796327,0.003447,-0.005430,0.000965
126.967790,-0.234918,-0.272579,9.777119,0.001042,-0.000740,0.001222
126.977687,-0.238662,-0.244396,9.775307,0.002785,0.001930,0.000723
126.987565,-0.239479,-0.264095,9.784719,0.000996,0.000072,-0.001812
126.997470,-0.234431,-0.262968,9.771205,0.003080,-0.000325,-0.000134
127.007338,-0.234869,-0.275517,9.768587,-0.000223,-0.002265,-0.000362
127.017233,-0.244240,-0.274484,9.776748,-0.000785,-0.000645,-0.001405
127.027111,-0.238627,-0.252094,9.807227,-0.000324,0.001636,-0.000101
127.037016,-0.227877,-0.242700,9.779370,0.000079,-0.001095,-0.003378
127.046884,-0.236300,-0.243013,9.788774,0.000020,0.002050,0.004219
127.056779,-0.247118,-0.250263,9.799434,-0.000430,-0.002233,-0.002147
127.066657,-0.246030,-0.259061,9.802152,-0.000160,-0.002968,0.000878
127.076562,-0.253080,-0.257029,9.790976,0.001399,0.001065,0.000309
127.086431,-0.246926,-0.252448,9.786809,0.000094,0.000317,0.000862
127.096325,-0.230337,-0.264908,9.791109,-0.001869,0.003758,0.000576
127.106203,-0.247319,-0.261757,9.771862,0.000823,-0.001238,-0.001277
127.116108,-0.264003,-0.263123,9.766469,0.001425,-0.002544,0.002666
127.125976,-0.240163,-0.244734,9.807184,-0.000152,-0.000576,0.003721
127.135871,-0.239873,-0.262459,9.790135,-0.003576,-0.002034,0.000510
127.145749,-0.259600,-0.270849,9.792010,0.001792,0.000970,-0.003826
127.155654,-0.236611,-0.245090,9.802957,-0.000749,0.000891,-0.000316
127.165522,-0.228484,-0.239735,9.799534,0.003104,-0.000846,-0.000711
127.175417,-0.235822,-0.258144,9.794046,0.001705,0.001116,-0.000675
127.185296,-0.247501,-0.248231,9.782245,0.002528,0.002128,0.001518
127.195199,-0.228833,-0.256849,9.788965,0.001033,0.000327,-0.001615
127.205068,-0.228045,-0.261433,9.785179,0.002024,-0.001692,0.000525
127.214963,-0.250245,-0.265063,9.782151,0.002413,-0.003447,-0.001360
127.224841,-0.261535,-0.264087,9.780269,0.001669,-0.000274,0.001726
127.234745,-0.253831,-0.255591,9.790028,0.000570,-0.003031,0.000565
127.244613,-0.253464,-0.270173,9.801437,0.000969,-0.004278,0.001240
127.254510,-0.242184,-0.292120,9.786101,0.001455,0.001720,-0.001641
127.264386,-0.231164,-0.276768,9.790091,0.000376,0.000216,0.000498
127.274290,-0.223549,-0.242785,9.810209,0.001843,-0.000642,0.004906
127.284159,-0.240927,-0.253335,9.776039,0.001274,0.000384,-0.000064
127.294054,-0.249659,-0.254384,9.759093,0.003688,-0.002374,0.001986
127.303932,-0.232330,-0.276437,9.783991,0.000009,-0.002287,0.000233
127.313836,-0.237183,-0.268580,9.772476,0.000904,0.000071,-0.002123
127.323705,-0.236459,-0.263447,9.755533,0.003050,-0.001656,0.006393
127.333599,-0.253511,-0.260053,9.790268,0.000744,0.001833,-0.000008
127.343478,-0.243701,-0.266577,9.809667,0.001440,-0.003351,0.002449
127.353382,-0.239439,-0.266246,9.788950,0.000326,-0.000075,-0.001035
127.363251,-0.238230,-0.251887,9.789615,0.001328,-0.000009,-0.000203
127.373145,-0.237506,-0.262837,9.780466,-0.001087,0.000077,-0.000963
127.383024,-0.233612,-0.244895,9.783447,-0.000249,-0.000815,0.000681
127.392928,-0.221630,-0.250988,9.785262,0.000026,-0.001162,-0.001507
127.402797,-0.232001,-0.250977,9.777609,-0.002274,0.002441,-0.001253
127.412692,-0.243619,-0.259839,9.775238,0.001325,0.002580,-0.005080
127.422570,-0.244839,-0.251249,9.806342,0.003192,-0.001074,0.004092
127.432474,-0.243410,-0.235055,9.795873,-0.000024,0.001064,0.003498
127.442343,-0.232230,-0.248295,9.796866,-0.001301,-0.000805,-0.000468
127.452238,-0.243711,-0.257122,9.794003,0.001267,0.002376,0.000299
127.462116,-0.248550,-0.254459,9.791665,0.003278,-0.001185,-0.002796
127.472020,-0.240533,-0.254735,9.792927,0.001044,0.001874,-0.000131
127.481889,-0.252264,-0.266281,9.790304,-0.002360,0.003955,-0.000788
127.491784,-0.256342,-0.277027,9.772654,0.003066,-0.001151,-0.002236
127.501662,-0.227159,-0.248227,9.778616,-0.000702,0.002786,0.001081
127.511566,-0.241981,-0.251082,9.786113,0.002746,0.002492,-0.001461
127.521435,-0.230339,-0.240516,9.778597,-0.001061,-0.001071,-0.000810
127.531330,-0.230747,-0.252330,9.785310,-0.001655,0.003145,0.003066
127.541208,-0.251430,-0.263571,9.787346,0.002533,-0.004169,-0.002109
127.551112,-0.246156,-0.260557,9.802476,-0.000916,-0.001580,-0.001320
127.560982,-0.248576,-0.258916,9.782491,-0.001954,0.004184,-0.000575
127.570876,-0.246190,-0.247835,9.775912,-0.003691,0.000203,0.004638
127.580754,-0.238442,-0.239327,9.786821,0.002204,-0.001706,0.002037
127.590658,-0.234620,-0.254617,9.808430,0.003513,0.003935,-0.000932
127.600527,-0.249561,-0.250999,9.799980,0.000589,-0.001462,-0.004023
127.610422,-0.241704,-0.254060,9.818054,0.000476,0.000198,-0.000916
127.620300,-0.239157,-0.255810,9.817488,0.001241,-0.001070,-0.000223
127.630204,-0.242632,-0.245441,9.796069,-0.001632,0.000576,-0.000322
127.640073,-0.233225,-0.250496,9.780443,0.002579,0.003898,-0.001971
127.649968,-0.232051,-0.273788,9.792515,-0.001351,0.001805,0.002257
127.659846,-0.244127,-0.249478,9.781322,0.000369,-0.001737,-0.000320
127.669750,-0.255649,-0.260503,9.782997,0.000284,0.002496,-0.000211
127.679619,-0.251565,-0.276520,9.783979,-0.001388,-0.002260,-0.002498
127.689513,-0.231094,-0.256046,9.789034,-0.000413,0.000757,0.000949
127.699392,-0.240075,-0.253644,9.781520,-0.003179,0.002097,-0.002481
127.709296,-0.244112,-0.242244,9.778830,0.001592,0.002317,-0.004590
127.719165,-0.222479,-0.262489,9.782108,-0.003619,-0.000682,-0.002296
127.729061,-0.225458,-0.255665,9.772892,0.000178,0.001965,-0.005618
127.738940,-0.241097,-0.259936,9.798146,-0.000822,-0.001638,-0.001801
127.748844,-0.244282,-0.267386,9.795151,0.003247,0.003102,0.000784
127.758713,-0.226357,-0.264882,9.801079,-0.000559,0.002253,0.001116
127.768606,-0.236733,-0.257606,9.789542,0.002866,-0.003547,-0.001110
127.778485,-0.239154,-0.255185,9.773581,-0.001708,0.001269,-0.000145
127.788388,-0.236321,-0.252720,9.773472,-0.001088,0.001443,0.000212
127.798257,-0.238200,-0.263712,9.787773,-0.002268,0.003019,-0.003808
127.808152,-0.242059,-0.259293,9.784174,0.004487,-0.001292,0.001604
127.818030,-0.227235,-0.251764,9.781873,0.001073,-0.000334,0.001053
127.827934,-0.237642,-0.241138,9.789050,0.002979,0.004592,-0.001044
127.837803,-0.241943,-0.254163,9.799768,0.002718,0.000376,0.002438
127.847698,-0.260946,-0.257562,9.771354,0.000585,0.000322,0.002148
127.857576,-0.241319,-0.249807,9.796726,-0.000739,0.000150,-0.001112
127.867480,-0.232619,-0.248593,9.803935,0.002623,-0.000613,-0.001821
127.877349,-0.235564,-0.272187,9.810239,0.002670,-0.003154,-0.002154
127.887244,-0.243844,-0.280803,9.801449,-0.001931,0.005646,-0.000207
127.897122,-0.241790,-0.268110,9.778901,0.003310,-0.004457,0.001018
127.907027,-0.232451,-0.286504,9.784517,0.001776,0.001496,0.000800
127.916895,-0.251444,-0.272250,9.786847,0.001654,-0.001566,0.001727
127.926790,-0.231014,-0.242376,9.801217,0.004724,-0.001983,-0.004662
127.936668,-0.243351,-0.259054,9.793531,-0.000256,0.001315,0.002712
127.946573,-0.244286,-0.247138,9.800404,0.000219,-0.000710,0.000717
127.956441,-0.227403,-0.256108,9.786354,-0.001377,0.002691,-0.001464
127.966336,-0.236502,-0.254702,9.784064,0.002412,0.001112,-0.000456
127.976214,-0.254471,-0.253088,9.784471,0.002367,0.003628,-0.001622
127.986119,-0.240002,-0.233926,9.788607,0.003061,-0.003410,-0.000461
127.995987,-0.233465,-0.249819,9.792540,0.000042,0.001413,-0.004149
128.005882,-0.230228,-0.259968,9.785858,0.002390,-0.000740,0.005179
128.015760,-0.240730,-0.263402,9.785600,-0.000705,0.004283,-0.003410
128.025665,-0.246671,-0.258071,9.798716,0.002748,0.002858,0.004138
128.035533,-0.234070,-0.237088,9.780269,-0.001702,0.002836,-0.003912
128.045428,-0.244221,-0.259669,9.780704,0.000138,-0.002051,-0.001924
128.055306,-0.247028,-0.253737,9.775462,0.002619,-0.001864,-0.003942
128.065211,-0.241758,-0.255111,9.765329,0.000905,0.003538,0.001130
128.075079,-0.228159,-0.271262,9.783213,-0.000672,0.003211,-0.002577
128.084975,-0.228861,-0.277990,9.780943,0.002011,-0.001644,0.000635
128.094852,-0.235838,-0.271325,9.802217,-0.001511,-0.001302,-0.001353
128.104757,-0.247408,-0.257987,9.794839,-0.000016,-0.000638,0.002103
128.114625,-0.246637,-0.264175,9.788317,0.000415,0.006141,-0.001838
128.124520,-0.241727,-0.247438,9.792830,0.001403,-0.000433,-0.002500
128.134398,-0.233191,-0.252866,9.794045,0.001208,-0.001127,0.001150
128.144303,-0.255105,-0.260009,9.788847,0.002148,0.001904,0.000395
128.154171,-0.247465,-0.259891,9.762111,-0.000627,0.001031,-0.000993
128.164066,-0.230428,-0.259803,9.772103,-0.001332,-0.003202,0.001710
128.173944,-0.241725,-0.269091,9.792494,-0.003675,-0.000095,0.000760
128.183848,-0.252685,-0.254161,9.805763,0.004781,-0.003288,0.000371
128.193717,-0.238934,-0.255203,9.779868,-0.001892,0.002864,0.001626
128.203612,-0.246349,-0.259574,9.789822,0.002191,-0.003137,0.002207
128.213490,-0.242495,-0.251006,9.797614,0.000011,0.001452,0.003029
128.223395,-0.265194,-0.246680,9.799540,0.002565,-0.002219,-0.002423
128.233263,-0.249406,-0.246614,9.790434,-0.002034,0.003900,0.000831
128.243158,-0.251769,-0.254931,9.797057,-0.002865,0.002951,-0.000855
128.253038,-0.236353,-0.261405,9.791433,-0.000360,-0.001265,-0.000967
128.262942,-0.248734,-0.250378,9.783828,0.004278,0.000912,0.003977
128.272811,-0.243631,-0.249265,9.804042,0.000025,-0.003506,-0.000672
128.282704,-0.237796,-0.252699,9.815559,0.000878,-0.003521,0.003204
128.292583,-0.239625,-0.253122,9.789324,-0.001023,0.005638,-0.005742
128.302487,-0.241238,-0.252240,9.778894,-0.001199,0.002358,0.001358
128.312355,-0.247938,-0.246023,9.774016,0.001434,0.002353,-0.001142
128.322250,-0.235809,-0.265920,9.768160,0.000867,0.005198,0.001707
128.332128,-0.254367,-0.273878,9.775830,0.001674,0.005470,-0.001266
128.342033,-0.240173,-0.266883,9.779547,0.005095,-0.005491,-0.001609
128.351901,-0.233783,-0.284102,9.794891,0.001498,-0.001838,0.000889
128.361796,-0.229860,-0.251145,9.784456,0.000860,0.000173,-0.000129
128.371674,-0.236212,-0.232617,9.781803,0.001353,-0.003282,0.002718
128.381579,-0.239606,-0.251531,9.767410,-0.000336,0.001871,0.000197
128.391447,-0.254965,-0.253566,9.776411,-0.000802,-0.000293,-0.001852
128.401342,-0.234964,-0.262756,9.788001,-0.003040,-0.004478,-0.000902
128.411220,-0.231107,-0.267354,9.791538,-0.000440,0.004754,0.000853
128.421125,-0.235797,-0.239731,9.782531,-0.000163,0.000274,0.003593
128.430993,-0.251093,-0.265031,9.779145,0.001493,0.003563,0.001159
128.440888,-0.258852,-0.248769,9.791886,-0.000489,-0.001910,-0.000962
128.450766,-0.240878,-0.257600,9.781267,0.001146,-0.002894,-0.000215
128.460671,-0.240591,-0.262626,9.776507,0.002103,-0.004144,-0.002763
128.470539,-0.247067,-0.249263,9.789303,0.004323,-0.000870,0.005105
128.480434,-0.245906,-0.243515,9.773980,-0.003816,0.006356,0.000409
128.490312,-0.230502,-0.234334,9.771640,0.000070,0.002701,-0.001029
128.500217,-0.237489,-0.244845,9.794193,0.003247,-0.000887,-0.003707
128.510085,-0.244004,-0.252474,9.791411,0.000609,0.001136,0.000307
128.519980,-0.241503,-0.236319,9.793174,-0.000593,-0.001840,-0.002866
128.529858,-0.236729,-0.234184,9.796741,0.001775,-0.000100,-0.003111
128.539763,-0.247521,-0.250299,9.789632,-0.002360,0.002315,-0.001875
128.549631,-0.234864,-0.260219,9.788415,0.000855,-0.000510,0.001055
128.559526,-0.243103,-0.252989,9.787645,0.001252,0.006687,0.002573
128.569404,-0.249323,-0.244324,9.773904,-0.000100,-0.002129,0.001037
128.579309,-0.246264,-0.242998,9.781805,-0.003457,0.002111,-0.001944
128.589178,-0.244419,-0.232225,9.782024,-0.000009,-0.001165,0.001263
128.599072,-0.241201,-0.251360,9.780644,-0.001894,-0.000530,-0.003820
128.608950,-0.241067,-0.246881,9.790292,-0.000928,0.001760,-0.000547
128.618855,-0.246843,-0.250604,9.802736,0.001115,-0.002393,0.001687
128.628724,-0.247720,-0.246578,9.789720,-0.000168,-0.002161,0.000096
128.638618,-0.242509,-0.253608,9.782911,0.000921,0.000656,-0.000866
128.648496,-0.233716,-0.258627,9.797728,0.001598,-0.001640,-0.002246
128.658401,-0.245773,-0.252873,9.806237,0.001217,0.001388,0.001673
128.668269,-0.226832,-0.247977,9.811917,-0.000385,0.000403,0.001463
128.678164,-0.237830,-0.264355,9.791484,0.004649,0.001525,0.002903
128.688043,-0.250561,-0.251150,9.789282,0.002047,-0.000487,-0.002550
128.697947,-0.243461,-0.249297,9.789841,-0.000772,0.001992,-0.003432
128.707816,-0.237168,-0.239851,9.811743,0.000221,-0.000979,0.004006
128.717710,-0.237031,-0.249250,9.802931,0.002964,0.000080,0.001207
128.727589,-0.251232,-0.240182,9.794302,-0.000089,-0.000669,0.002488
128.737493,-0.246006,-0.254942,9.763918,0.000685,0.002056,-0.000168
128.747362,-0.243945,-0.245806,9.800900,0.000822,0.000337,-0.003495
128.757257,-0.231972,-0.249279,9.776141,0.000139,0.000045,0.001536
128.767135,-0.227795,-0.264365,9.788659,-0.001303,0.000468,0.000769
128.777039,-0.242817,-0.254283,9.798113,-0.000040,0.000278,-0.003244
128.786908,-0.229986,-0.247840,9.786521,-0.002007,-0.000052,-0.004347
128.796803,-0.233677,-0.255157,9.808729,0.001366,-0.000374,0.000847
128.806681,-0.234425,-0.240003,9.781880,-0.000447,-0.000353,-0.000216
128.816585,-0.246252,-0.228235,9.781544,0.000647,-0.000945,-0.000074
128.826454,-0.231396,-0.244395,9.769125,0.001767,-0.000543,0.001309
128.836348,-0.233009,-0.257381,9.784733,0.000806,-0.003212,-0.003011
128.846227,-0.234344,-0.261170,9.786444,-0.000430,0.000505,0.001456
128.856131,-0.254492,-0.264247,9.790498,-0.001660,0.000488,-0.001196
128.866000,-0.245427,-0.249769,9.803390,0.002713,-0.002334,0.000908
128.875895,-0.241757,-0.244068,9.803615,0.002529,-0.001884,0.001098
128.885773,-0.252729,-0.260786,9.799905,0.003862,-0.000624,0.000450
128.895677,-0.225903,-0.250896,9.794696,0.000514,0.001255,-0.002692
128.905546,-0.225894,-0.244446,9.787074,0.000863,0.000876,-0.002277
128.915441,-0.234678,-0.258019,9.796319,-0.000344,-0.001418,-0.000012
128.925319,-0.241817,-0.264052,9.806040,-0.000040,-0.002630,0.003052
128.935223,-0.238496,-0.270098,9.804826,0.000048,-0.001630,-0.001154
128.945092,-0.239908,-0.263907,9.782612,0.000830,-0.001188,0.001819
128.954987,-0.236270,-0.244178,9.791823,0.001231,0.002147,-0.003861
128.964865,-0.212496,-0.263956,9.804608,-0.001420,-0.001232,0.003339
128.974769,-0.231042,-0.276345,9.793787,0.000612,-0.000503,-0.002605
128.984638,-0.232688,-0.258606,9.795065,-0.002231,0.005467,-0.002382
128.994533,-0.223153,-0.256012,9.785418,0.000974,0.001098,-0.000407
129.004411,-0.230268,-0.252066,9.792435,0.003597,-0.003427,0.004689
129.014315,-0.254782,-0.261013,9.801676,0.000669,0.001637,-0.002397
129.024184,-0.245489,-0.237792,9.775828,-0.001841,-0.004391,0.001266
129.034079,-0.234979,-0.242330,9.763549,0.001362,-0.000142,0.000870
129.043957,-0.247271,-0.265884,9.785588,0.002350,0.001876,-0.002162
129.053861,-0.245383,-0.268889,9.785978,-0.000191,0.000433,0.002782
129.063730,-0.245167,-0.262095,9.775946,0.000632,-0.001527,0.000263
129.073625,-0.232944,-0.258227,9.810052,0.002894,-0.000572,-0.002024
129.083503,-0.237366,-0.265712,9.807014,0.000789,0.000870,-0.002295
129.093407,-0.245631,-0.246441,9.797516,-0.002007,-0.003390,-0.004936
129.103276,-0.245663,-0.241961,9.803299,0.001775,-0.002420,-0.002684
129.113171,-0.240975,-0.248052,9.785766,0.000738,-0.000477,-0.000247
129.123049,-0.241952,-0.260955,9.761758,0.002696,0.003470,0.002091
129.132953,-0.242620,-0.255730,9.764506,0.002176,-0.003123,-0.000591
129.142822,-0.247743,-0.254135,9.776168,-0.001944,-0.002624,-0.001727
129.152717,-0.255365,-0.267516,9.786371,-0.000079,0.000542,-0.001507
129.162595,-0.241496,-0.269521,9.784623,0.001952,0.001223,0.001598
129.172499,-0.259177,-0.249215,9.808289,0.000806,0.003497,-0.002884
129.182368,-0.248299,-0.255580,9.816033,0.001674,-0.004027,-0.003318
129.192263,-0.224485,-0.252712,9.771142,-0.001350,0.005515,0.000401
129.202141,-0.240211,-0.259881,9.765823,0.002465,-0.002101,-0.001293
129.212045,-0.236866,-0.265380,9.790781,0.001692,-0.001650,0.006736
129.221914,-0.237976,-0.256856,9.782789,-0.000647,0.004428,-0.002703
129.231809,-0.237676,-0.259851,9.779595,0.000804,0.000070,-0.000227
129.241687,-0.239270,-0.243954,9.769783,0.002272,0.001649,0.002975
129.251591,-0.236277,-0.241860,9.785981,0.000993,-0.002957,0.001276
129.261460,-0.254667,-0.265537,9.785829,-0.002567,-0.000077,0.001546
129.271355,-0.256227,-0.248642,9.788888,-0.001783,0.000272,0.000955
129.281233,-0.221477,-0.263267,9.793159,0.000773,0.001606,-0.000775
129.291138,-0.215874,-0.221539,9.811853,0.000648,0.002357,0.000188
129.301006,-0.245184,-0.243941,9.796534,0.001862,-0.001261,0.002668
129.310901,-0.235616,-0.262549,9.798669,-0.000246,-0.000801,0.001410
129.320779,-0.237096,-0.257510,9.792632,0.001829,-0.000933,0.001614
129.330685,-0.240413,-0.251619,9.778100,-0.000723,-0.000617,-0.001900
129.340553,-0.222793,-0.250001,9.790454,-0.001538,0.000629,0.004539
129.350448,-0.233703,-0.248403,9.783054,0.000735,-0.001300,0.000453
129.360326,-0.245356,-0.266642,9.787536,-0.000080,0.001426,0.002706
129.370231,-0.245211,-0.259539,9.792033,-0.001990,0.001331,-0.001244
129.380099,-0.240397,-0.269596,9.792635,0.001418,0.001252,0.004074
129.389994,-0.231590,-0.269055,9.795485,-0.000223,-0.005002,0.002321
129.399872,-0.221076,-0.262050,9.794083,0.002743,-0.000136,-0.003450
129.409777,-0.228620,-0.264219,9.803590,0.002208,0.001993,-0.001722
129.419645,-0.230018,-0.264167,9.781103,-0.002058,0.002094,-0.000027
129.429540,-0.245311,-0.273740,9.795335,0.004993,0.000599,0.000719
129.439419,-0.222634,-0.266273,9.788073,0.002160,-0.000885,0.001588
129.449323,-0.239580,-0.253846,9.784865,-0.000296,0.001520,0.002255
129.459191,-0.238322,-0.265762,9.797972,0.000498,0.000006,-0.001060
129.469086,-0.240076,-0.250541,9.774614,-0.001145,-0.001002,-0.001733
129.478964,-0.237852,-0.235903,9.800634,-0.000251,0.001068,0.004710
129.488869,-0.237081,-0.249038,9.788848,0.000682,0.000180,-0.002944
129.498737,-0.243375,-0.245149,9.787218,0.000656,0.001817,-0.002377
129.508632,-0.248826,-0.249727,9.788608,0.000084,-0.000975,0.000235
129.518510,-0.236099,-0.251670,9.795772,0.001831,-0.000254,-0.000658
129.528415,-0.245541,-0.251583,9.784661,0.002096,-0.003245,0.002700
129.538283,-0.264521,-0.251800,9.787826,-0.001810,0.000380,-0.000330
129.548178,-0.232183,-0.254393,9.781640,-0.000214,-0.000391,-0.001726
129.558056,-0.234207,-0.239324,9.782599,-0.000043,-0.000787,0.000314
129.567961,-0.246420,-0.235094,9.796461,-0.000952,-0.005535,0.002729
129.577829,-0.228116,-0.263350,9.784826,0.001434,0.004604,0.000376
129.587724,-0.236098,-0.282856,9.795494,0.003201,0.002101,0.002612
129.597601,-0.238059,-0.263877,9.790486,0.001345,0.000570,-0.002002
129.607506,-0.236160,-0.261629,9.787267,-0.001161,-0.000394,-0.004194
129.617374,-0.252398,-0.266486,9.778549,0.000159,0.000127,-0.000805
129.627269,-0.237429,-0.246848,9.789018,0.000562,0.002684,-0.001967
129.637147,-0.227480,-0.253569,9.777544,0.002045,0.000754,-0.001513
129.647052,-0.247078,-0.253794,9.794835,-0.001958,0.001273,-0.000907
129.656920,-0.258594,-0.238427,9.795850,-0.000302,0.002106,-0.002064
129.666816,-0.238332,-0.233627,9.800332,-0.000419,0.001130,0.001356
129.676693,-0.231439,-0.262628,9.792367,-0.000282,0.003009,-0.003556
129.686598,-0.228516,-0.269724,9.771844,0.003812,-0.000073,0.000307
129.696467,-0.226393,-0.235982,9.783351,0.002414,-0.003157,0.000171
129.706361,-0.251131,-0.247588,9.814190,-0.000139,-0.004117,0.001551
129.716239,-0.260195,-0.244027,9.814256,-0.000229,-0.003251,0.000680
129.726144,-0.227575,-0.249034,9.793025,0.004127,0.001307,-0.002341
129.736013,-0.229277,-0.239257,9.798241,-0.001969,0.000281,0.000542
129.745907,-0.226991,-0.240445,9.779037,0.000525,-0.001862,-0.000765
129.755786,-0.254633,-0.258296,9.768859,-0.001333,-0.002906,-0.003640
129.765690,-0.237432,-0.251534,9.793347,-0.001608,-0.000479,-0.000156
129.775559,-0.237791,-0.254696,9.808889,0.001283,0.002134,-0.001349
129.785453,-0.239827,-0.263275,9.784409,-0.000657,0.000102,0.000326
129.795331,-0.241107,-0.256949,9.776058,0.001826,0.004711,-0.002097
129.805236,-0.246880,-0.245583,9.779092,-0.002468,0.001717,0.000261
129.815105,-0.235972,-0.263686,9.781491,0.000361,0.000150,-0.001006
129.824999,-0.232472,-0.252375,9.786238,-0.001738,0.000980,0.001295
129.834878,-0.235767,-0.249309,9.780379,0.003307,0.002700,0.002948
129.844782,-0.236981,-0.258975,9.771079,0.000431,0.005010,-0.003639
129.854651,-0.237641,-0.255432,9.787229,-0.000139,0.001690,0.002248
129.864545,-0.252929,-0.257902,9.785315,0.002613,-0.001090,0.002783
129.874424,-0.245339,-0.268239,9.769307,0.000080,-0.002445,0.000767
129.884328,-0.227029,-0.262195,9.792002,-0.002178,0.005180,-0.001520
129.894197,-0.241754,-0.255620,9.812519,-0.001754,0.000602,-0.002126
129.904092,-0.259338,-0.266371,9.787632,0.000962,-0.000572,0.001231
129.913970,-0.243976,-0.275442,9.796748,0.001476,-0.000996,-0.002053
129.923874,-0.230249,-0.264099,9.802977,0.000098,0.000437,-0.002307
129.933743,-0.233003,-0.244085,9.794774,0.001715,0.001431,-0.001143
129.943637,-0.246143,-0.262015,9.785100,-0.000779,0.007371,-0.000341
129.953516,-0.245509,-0.266064,9.760601,-0.001674,0.004293,-0.002553
129.963420,-0.250993,-0.259939,9.788764,0.000661,0.001256,0.000855
129.973289,-0.249400,-0.267029,9.808979,0.002202,0.001459,-0.001780
129.983184,-0.235437,-0.261923,9.775237,-0.001646,0.001265,0.000836
129.993062,-0.239018,-0.273297,9.744752,0.001863,0.001044,-0.000895
130.002966,-0.241465,-0.259125,9.783874,0.001586,-0.000688,0.000390
130.012835,-0.221871,-0.249753,9.795486,0.001581,-0.003276,-0.002558
130.022730,-0.220644,-0.264741,9.780203,0.000469,0.002347,-0.001067
130.032609,-0.231661,-0.267712,9.800380,-0.001458,-0.001949,-0.001305
130.042523,-0.238944,-0.262497,9.782196,0.000338,-0.001175,0.001524
130.052381,-0.262322,-0.266903,9.775618,0.001510,0.001621,-0.002463
130.062279,-0.245731,-0.274120,9.762967,0.000730,-0.003720,-0.004002
130.072160,-0.245772,-0.263740,9.786694,0.002011,0.002502,-0.001740
130.082059,-0.235846,-0.272388,9.787425,-0.001895,0.005170,-0.003599
130.091929,-0.230995,-0.252279,9.802312,0.003044,0.000031,0.002180
130.101823,-0.239729,-0.240557,9.794344,0.001991,0.001016,-0.000703
130.111701,-0.219533,-0.254245,9.774666,0.002280,-0.000230,-0.001483
130.121604,-0.243531,-0.263029,9.796822,0.001273,0.003148,-0.000164
130.131473,-0.231943,-0.246935,9.814007,-0.000001,-0.003452,-0.001443
130.141378,-0.246219,-0.257542,9.811400,0.001685,-0.001076,-0.000355
130.151246,-0.251472,-0.257052,9.781678,0.001229,-0.003866,-0.001877
130.161150,-0.229266,-0.256145,9.768151,0.000991,-0.003669,0.000214
130.171019,-0.225147,-0.256742,9.784182,0.004535,0.001020,-0.000595
130.180914,-0.232659,-0.252779,9.794621,-0.003808,-0.000040,0.002147
130.190795,-0.232366,-0.255669,9.785822,0.004909,-0.002766,0.002458
130.200700,-0.239808,-0.265462,9.767637,-0.000583,0.002422,-0.000345
130.210567,-0.245405,-0.276072,9.796437,0.002057,-0.000364,-0.001558
130.220461,-0.256637,-0.265104,9.788885,0.005961,-0.000931,0.000278
130.230349,-0.249345,-0.245870,9.775251,0.002311,-0.004129,0.001314
130.240244,-0.245198,-0.269197,9.775183,-0.001284,-0.000228,-0.000578
130.250117,-0.238509,-0.272183,9.780229,0.000109,0.000052,-0.002219
130.260016,-0.248367,-0.268640,9.788423,-0.000570,0.003612,-0.001442
130.269885,-0.252627,-0.249302,9.795506,0.001728,0.000145,0.002000
130.279790,-0.248374,-0.262865,9.799830,-0.000416,-0.001809,-0.001558
130.289660,-0.253913,-0.257664,9.772998,-0.001810,0.002458,-0.002856
130.299552,-0.244046,-0.243410,9.773095,0.001118,0.001337,-0.002160
130.309432,-0.237230,-0.235031,9.781184,0.001526,-0.003320,-0.000257
130.319336,-0.235464,-0.247193,9.791684,-0.002894,0.003490,-0.000637
130.329206,-0.255285,-0.249216,9.788676,0.005763,-0.001721,-0.000688
130.339103,-0.253188,-0.240293,9.770537,-0.001138,-0.000496,-0.000887
130.348978,-0.236435,-0.244673,9.777132,0.003549,-0.001053,-0.002082
130.358881,-0.234123,-0.256841,9.795353,0.000530,0.002596,0.003784
130.368755,-0.242220,-0.255859,9.798362,0.003258,-0.003919,0.000179
130.378646,-0.256162,-0.261736,9.792818,0.004942,-0.002869,0.001869
130.388528,-0.255646,-0.260538,9.796509,0.001152,0.003576,-0.004880
130.398432,-0.231564,-0.284722,9.799314,0.000524,-0.000720,0.002093
130.408296,-0.244305,-0.270486,9.807536,0.001130,-0.000421,-0.001661
130.418193,-0.244573,-0.248699,9.805166,0.000267,0.000282,0.002548
130.428069,-0.236866,-0.255320,9.779738,-0.001577,0.001357,0.001437
130.437974,-0.233506,-0.255041,9.779768,0.002613,-0.001396,-0.002258
130.447845,-0.243386,-0.241809,9.791575,0.000853,-0.001776,-0.002653
130.457743,-0.250731,-0.253560,9.809782,0.003955,-0.002717,0.003718
130.467619,-0.251055,-0.245908,9.793152,0.000216,-0.000820,0.003262
130.477521,-0.227871,-0.251808,9.799173,0.003477,-0.004003,0.000686
130.487392,-0.243253,-0.254986,9.803741,0.000143,-0.000904,-0.002087
130.497289,-0.256645,-0.262198,9.788102,-0.001834,0.000586,-0.004064
130.507162,-0.240823,-0.250136,9.785680,-0.001348,0.000148,0.000362
130.517066,-0.256822,-0.248482,9.786952,-0.000788,-0.000239,0.000578
130.526936,-0.250931,-0.244360,9.767370,-0.001537,0.003430,0.002363
130.536829,-0.231851,-0.252496,9.785984,0.001213,0.001911,-0.003302
130.546709,-0.236578,-0.247819,9.792049,0.002339,0.000987,0.000544
130.556618,-0.241096,-0.254401,9.804870,0.001863,0.002057,-0.000733
130.566481,-0.244459,-0.245410,9.822588,0.003568,0.001082,-0.000758
130.576374,-0.242349,-0.263057,9.790484,0.000661,-0.002398,0.003364
130.586262,-0.246655,-0.254420,9.769655,-0.000048,0.002080,0.000651
130.596158,-0.244413,-0.254323,9.778839,0.000718,0.000255,-0.003035
130.606033,-0.253054,-0.259412,9.789186,0.000876,0.000587,0.000632
130.615925,-0.248974,-0.259287,9.799645,-0.001864,0.003208,-0.001983
130.625805,-0.239496,-0.242139,9.782879,0.001042,-0.000962,-0.000405
130.635705,-0.235505,-0.263735,9.780056,-0.000378,-0.002111,-0.001716
130.645578,-0.240317,-0.264917,9.779607,-0.001791,0.003781,-0.000194
130.655468,-0.239017,-0.258787,9.796815,-0.000474,-0.000503,-0.002303
130.665346,-0.252727,-0.251465,9.806085,-0.000179,0.000005,0.001003
130.675251,-0.235955,-0.273107,9.787056,0.002775,0.000570,0.000373
130.685124,-0.243375,-0.251089,9.787610,-0.001124,0.001223,-0.000438
130.695014,-0.241022,-0.247664,9.779192,0.001070,-0.001055,0.005284
130.704891,-0.245399,-0.264747,9.785179,0.002332,0.003657,0.000452
130.714807,-0.244409,-0.262945,9.794160,0.001076,0.003479,-0.003209
130.724665,-0.242723,-0.274417,9.782270,-0.001055,0.000431,-0.000026
130.734560,-0.236186,-0.283142,9.795652,0.002527,0.002199,-0.001325
130.744436,-0.231000,-0.249332,9.787045,0.000715,0.000467,-0.003380
130.754343,-0.238082,-0.248978,9.779311,-0.001126,0.001566,0.000537
130.764213,-0.240953,-0.233831,9.780759,0.000765,0.002762,-0.001831
130.774105,-0.230145,-0.245775,9.797120,-0.002222,-0.001826,-0.001317
130.783983,-0.241137,-0.268909,9.798312,-0.000807,0.000423,0.000677
130.793888,-0.238973,-0.271331,9.773136,-0.000711,-0.003282,0.002313
130.803758,-0.244197,-0.263446,9.787062,0.004113,-0.002068,-0.001924
130.813652,-0.245801,-0.257431,9.801086,-0.001428,-0.001026,-0.001676
130.823534,-0.232329,-0.265202,9.795669,0.000059,0.000006,-0.002004
130.833435,-0.207892,-0.253667,9.793089,0.001951,-0.003970,0.003599
130.843308,-0.226755,-0.273801,9.770555,-0.000482,0.000758,0.002310
130.853198,-0.239230,-0.245508,9.774490,0.001637,-0.002394,-0.000715
130.863075,-0.229317,-0.250608,9.809313,-0.002168,0.005619,0.001780
130.872981,-0.246121,-0.249584,9.804125,-0.002957,0.000595,-0.001805
130.882850,-0.250669,-0.246827,9.783298,0.000529,0.000004,-0.000574
130.892745,-0.247906,-0.251133,9.780130,-0.001907,-0.001159,-0.001607
130.902621,-0.232066,-0.254495,9.782643,0.000470,0.001497,-0.001880
130.912528,-0.241085,-0.256997,9.795482,0.001712,-0.004016,-0.000483
130.922397,-0.245705,-0.258743,9.787959,0.004556,0.002966,-0.000121
130.932295,-0.234644,-0.270164,9.803853,-0.000835,0.001705,0.000426
130.942175,-0.229835,-0.253560,9.793315,-0.002100,-0.002173,0.001355
130.952076,-0.229772,-0.243141,9.790805,0.002746,0.001321,-0.000230
130.961942,-0.232993,-0.242758,9.801090,0.000053,-0.001933,0.001207
130.971835,-0.242550,-0.244817,9.782990,0.000062,-0.000878,0.001769
130.981719,-0.249381,-0.259514,9.771806,0.001181,0.000797,-0.001472
130.991620,-0.247864,-0.256315,9.806736,-0.002103,-0.000257,-0.001079
131.001492,-0.233083,-0.253246,9.803980,0.002025,0.004309,0.000067
131.011386,-0.241588,-0.250531,9.787487,-0.000779,0.001276,0.000487
131.021266,-0.245524,-0.266144,9.808402,-0.000199,0.004818,0.000996
131.031163,-0.239550,-0.265785,9.794497,0.001285,-0.002243,0.003228
131.041032,-0.234610,-0.245424,9.781200,0.001663,-0.001828,-0.001072
131.050934,-0.245627,-0.263694,9.780193,-0.000517,0.001369,-0.001247
131.060807,-0.239159,-0.255058,9.779887,0.001783,-0.000962,0.004102
131.070717,-0.239222,-0.233754,9.797404,-0.001761,-0.003594,0.003954
131.080583,-0.230069,-0.241119,9.781469,0.003015,-0.003447,0.001256
131.090473,-0.238575,-0.252826,9.792080,-0.002891,0.000208,0.002612
131.100360,-0.233929,-0.258773,9.784327,0.006169,-0.003322,0.003338
131.110261,-0.246649,-0.273577,9.781649,-0.000343,0.001334,-0.000267
131.120127,-0.238208,-0.275282,9.780438,0.000592,0.001841,0.004715
131.130020,-0.238095,-0.259400,9.790375,0.000776,-0.003551,0.001405
131.139898,-0.239881,-0.259035,9.796387,0.004574,0.001277,0.000068
131.149806,-0.229282,-0.249463,9.786110,-0.001958,-0.000017,-0.001642
131.159671,-0.229475,-0.251614,9.791415,-0.001976,0.004450,-0.001292
131.169568,-0.236788,-0.239261,9.804435,-0.001702,-0.003658,0.000431
131.179444,-0.249705,-0.244571,9.794118,0.000444,0.001642,-0.001456
131.189358,-0.249189,-0.265022,9.756084,0.000659,0.002315,0.000008
131.199219,-0.236087,-0.259538,9.767253,0.001544,0.002976,-0.002699
131.209118,-0.239359,-0.254659,9.788273,0.000129,-0.006171,0.004950
131.218997,-0.244117,-0.255549,9.802498,0.002170,0.001033,-0.001350
131.228894,-0.259578,-0.247958,9.799631,-0.002444,-0.002172,-0.003858
131.238774,-0.243153,-0.248740,9.801523,-0.002983,0.000950,-0.000883
131.248659,-0.245902,-0.245758,9.794206,-0.000514,0.001356,0.000111
131.258535,-0.247837,-0.249098,9.802169,0.001308,-0.001879,0.001121
131.268444,-0.243590,-0.250528,9.771924,0.002549,-0.003970,-0.001645
131.278309,-0.232717,-0.282307,9.791874,0.000420,0.001429,-0.000664
131.288209,-0.233483,-0.263511,9.791976,0.001202,0.003102,-0.000533
131.298083,-0.247911,-0.260260,9.811917,0.000249,0.000472,-0.000403
131.307986,-0.242311,-0.250700,9.808435,-0.002256,0.000318,-0.000778
131.317860,-0.238488,-0.264268,9.781729,0.002604,-0.000739,0.000453
131.327755,-0.242446,-0.263132,9.781979,0.003952,-0.000100,-0.000033
131.337638,-0.256195,-0.245218,9.769860,0.001166,-0.001773,0.005258
131.347537,-0.245060,-0.257907,9.786008,0.001299,-0.001872,0.001265
131.357405,-0.241665,-0.266882,9.797994,0.003995,0.001814,0.004389
131.367296,-0.232579,-0.258972,9.790023,-0.000235,-0.000730,-0.000134
131.377175,-0.242585,-0.272843,9.775338,0.001344,-0.000214,-0.000927
131.387083,-0.247064,-0.262971,9.796182,0.001156,-0.003560,0.003135
131.396947,-0.248808,-0.236595,9.810221,0.003607,0.001992,-0.000599
131.406842,-0.245568,-0.235626,9.797221,0.001698,0.001295,-0.002223
131.416724,-0.248387,-0.264805,9.810501,-0.003505,0.003641,-0.002517
131.426626,-0.240142,-0.249423,9.786007,0.001614,-0.004517,-0.000092
131.436497,-0.243205,-0.264903,9.785802,-0.001423,0.004877,0.000442
131.446389,-0.247407,-0.242019,9.797207,0.003028,-0.001225,0.002432
131.456267,-0.250958,-0.244831,9.771658,0.000333,0.003924,0.000536
131.466171,-0.235141,-0.235755,9.797225,0.002339,-0.000603,-0.001865
131.476040,-0.238131,-0.265569,9.787992,0.003067,0.000348,0.002770
131.485943,-0.238286,-0.250788,9.780206,0.000643,0.000817,-0.003169
131.495813,-0.248042,-0.233536,9.800965,-0.000050,0.000260,-0.000405
131.505717,-0.243759,-0.246998,9.788570,-0.000725,0.000294,0.001049
131.515586,-0.248074,-0.245524,9.809042,0.001473,-0.001214,0.005362
131.525481,-0.252892,-0.253824,9.800005,-0.001731,0.001649,-0.000357
131.535368,-0.262224,-0.274145,9.809903,-0.001162,-0.001103,-0.001252
131.545270,-0.228287,-0.262928,9.787831,0.000675,0.000274,-0.000406
131.555132,-0.237150,-0.265920,9.794830,0.000541,0.000943,0.001985
131.565032,-0.254780,-0.254674,9.783237,-0.003344,-0.000284,-0.005197
131.574916,-0.238302,-0.261065,9.788147,0.000315,0.000567,-0.000290
131.584808,-0.227248,-0.246300,9.790358,-0.003223,0.000815,0.000965
131.594689,-0.244073,-0.253393,9.776191,0.002554,-0.002381,-0.005159
131.604572,-0.248156,-0.249499,9.801435,0.000495,-0.003516,0.001292
131.614451,-0.242681,-0.259118,9.792449,0.004318,-0.000209,-0.000082
131.624356,-0.246824,-0.244548,9.781145,0.001021,0.000273,-0.000048
131.634223,-0.239588,-0.255431,9.774680,0.001363,-0.000932,0.000106
131.644115,-0.231818,-0.272583,9.800877,-0.000511,-0.002150,-0.004438
131.653993,-0.237142,-0.257820,9.798254,0.000849,-0.004487,0.000901
131.663899,-0.226210,-0.258739,9.785937,-0.001671,0.000268,0.000773
131.673768,-0.232559,-0.259682,9.787280,-0.000205,-0.000552,-0.004041
131.683664,-0.237672,-0.216730,9.775522,-0.000406,0.003187,-0.000753
131.693541,-0.240140,-0.229912,9.780422,-0.000734,0.002854,-0.000535
131.703447,-0.238882,-0.246711,9.795694,-0.001004,0.001252,0.000994
131.713314,-0.249285,-0.250099,9.771810,-0.003503,-0.005926,0.001512
131.723211,-0.250358,-0.256343,9.772326,0.002230,0.003387,0.001626
131.733088,-0.233431,-0.245423,9.809050,0.000485,-0.000840,-0.001876
131.742996,-0.228479,-0.233705,9.797749,0.000838,0.000686,-0.000507
131.752860,-0.223245,-0.247445,9.767100,-0.001067,0.003397,-0.002096
131.762756,-0.244548,-0.240752,9.786619,0.000061,0.000963,-0.000418
131.772633,-0.241375,-0.251189,9.776033,-0.000928,0.003798,-0.000146
131.782540,-0.259517,-0.240903,9.782310,0.001965,0.001799,0.002418
131.792414,-0.243302,-0.223028,9.803338,0.000277,0.000672,-0.003124
131.802301,-0.227668,-0.247667,9.795427,0.002745,-0.003153,-0.000402
131.812181,-0.236211,-0.259220,9.770576,0.000422,0.000998,0.000879
131.822084,-0.250160,-0.279824,9.785662,0.001255,0.004968,0.001600
131.831953,-0.237050,-0.264768,9.806067,0.003172,0.001968,0.001039
131.841853,-0.240442,-0.264789,9.808584,-0.003272,0.001697,-0.000790
131.851730,-0.221124,-0.249938,9.799807,-0.003166,-0.004686,0.000985
131.861634,-0.274583,-0.228199,9.790433,0.003085,0.009624,0.010827
131.871509,-0.234343,-0.223469,9.788971,0.014472,-0.006706,-0.023999
131.881399,-0.090451,-0.370566,9.808373,-0.020782,-0.026172,0.013912
131.891278,-0.174232,-0.402011,9.707282,-0.017836,0.048709,0.035329
131.901182,-0.218975,-0.167488,9.960645,-0.018819,0.056965,0.050913
131.911050,-0.470311,-0.065842,9.857561,0.045574,-0.010063,-0.037675
131.920944,-0.193160,-0.393557,9.889625,0.009076,-0.012320,0.055717
131.930827,-0.532464,-0.293887,9.708470,0.052461,0.017693,0.057795
131.940734,-0.382591,-0.188308,9.831047,0.025340,0.076229,0.030420
131.950600,-0.481528,-0.335071,9.878931,-0.038999,0.063501,0.121930
131.960491,-0.629267,-0.509937,9.539680,0.031273,0.039148,0.099126
131.970368,-0.638803,-0.492134,9.772746,0.067294,0.011987,0.041964
131.980275,-0.449219,-0.280358,9.723899,-0.221733,0.111437,0.114507
131.990140,-0.299037,-0.225090,9.726805,0.146642,0.183026,0.065737
132.000042,-0.240878,-0.073835,9.832134,-0.078224,-0.012938,-0.005494
132.009917,-0.036709,-0.285919,9.916865,0.168390,0.149901,-0.009666
132.019827,-0.266807,-0.189058,9.704011,-0.020254,0.096815,0.029445
132.029693,0.019572,-0.188453,10.268208,0.192793,-0.231062,-0.095993
132.039587,-0.175131,-0.249190,10.062587,0.363413,0.047808,-0.151636
132.049461,-0.163550,-0.236453,9.500335,0.281385,-0.383951,-0.190898
132.059368,-0.384048,-0.070644,9.677483,0.720120,-0.293545,-0.219368
132.069243,-0.150084,-0.056233,10.174297,0.554374,-0.505620,-0.142419
132.079132,-0.236510,-0.203702,9.917450,0.824382,-0.413682,-0.132890
132.089007,-0.341030,-0.134835,10.125964,0.897817,-0.465197,-0.134592
132.098918,-0.308263,0.066812,10.114747,0.862563,-0.613010,-0.172149
132.108779,-0.127500,-0.059666,9.723425,0.933614,-0.661966,-0.218017
132.118674,-0.338348,0.018823,9.724536,0.800464,-0.779332,-0.262832
132.128556,-0.286595,-0.336265,9.868438,0.042269,-0.351393,-0.265990
132.138455,-0.207242,-0.220696,9.315724,-0.158955,-0.570081,-0.303500
132.148326,-0.157001,-0.123025,9.619531,-0.192409,-0.785407,-0.277095
132.158219,-0.180348,0.187156,9.800994,-0.143133,-1.164396,-0.295287
132.168106,-0.407378,-0.024930,9.664146,-0.061899,-1.291378,-0.301917
132.178002,-0.230389,-0.055846,10.057688,-0.557686,-0.902219,-0.366020
132.187877,-0.148403,-0.069698,9.780432,-0.296894,-0.875626,-0.343744
132.197772,-0.146132,-0.062565,9.553512,-0.092306,-0.822866,-0.345880
132.207649,-0.091991,-0.198671,9.795384,0.023003,-0.613335,-0.354832
132.217551,-0.091076,-0.206556,9.682595,0.170865,-0.486060,-0.356606
132.227422,-0.086581,-0.082063,10.058605,0.270851,-0.247471,-0.279973
132.237316,-0.087750,-0.166524,10.217032,0.487535,-0.200601,-0.272943
132.247189,-0.063828,0.035657,10.140329,0.686875,-0.097650,-0.264135
132.257096,0.130725,0.252817,10.253319,0.749282,0.021377,-0.256566
132.266964,-0.079147,0.056317,10.206348,0.764597,0.000061,-0.265518
132.276860,-0.209862,-0.082141,9.968456,0.665704,0.017293,-0.249761
132.286735,-0.104966,-0.081433,9.882460,0.362026,-0.006650,-0.241896
132.296641,-0.085169,-0.001162,10.045879,-0.004586,-0.069516,-0.238699
132.306508,0.085353,-0.068476,9.760297,-0.257546,-0.113511,-0.227057
132.316403,-0.032961,0.023653,10.010608,-0.357495,-0.161589,-0.208992
132.326281,0.026749,-0.062502,10.028016,-0.422934,-0.173962,-0.220868
132.336185,-0.061486,0.008682,9.958147,-0.506337,-0.220844,-0.229434
132.346057,-0.109841,-0.008464,10.153475,-0.501546,-0.199243,-0.227425
132.355951,-0.058433,0.114538,10.339792,-0.411230,-0.225368,-0.210028
132.365831,-0.128902,-0.062136,10.207279,-0.310811,-0.184764,-0.171213
132.375733,-0.201138,0.133757,10.293043,-0.165877,-0.010042,-0.160652
132.385605,-0.329743,-0.034526,10.029046,-0.062115,0.077227,-0.127238
132.395496,-0.208964,-0.029186,10.080314,0.024740,0.116079,-0.102235
132.405374,-0.144985,-0.184646,9.935115,0.133617,0.125354,-0.063373
132.415286,-0.100275,-0.051422,9.926133,0.252331,0.166936,-0.068277
132.425151,-0.073115,0.152845,10.002949,0.340490,0.233097,-0.055943
132.435048,-0.165855,-0.028381,9.884785,0.350855,0.295085,-0.045667
132.444921,-0.079284,0.038664,9.908868,0.277709,0.225436,-0.038275
132.454825,-0.050454,0.004385,9.794613,0.152146,0.146519,-0.049744
132.464697,-0.050263,0.037086,9.886969,0.019986,0.117298,-0.022498
132.474598,-0.041615,0.054166,9.726314,-0.116807,0.132876,0.001650
132.484475,-0.160804,-0.071228,9.620024,-0.252632,0.117383,0.001415
132.494375,-0.232600,0.024933,9.732112,-0.343831,0.171880,-0.001851
132.504239,-0.112482,-0.088603,9.687204,-0.420586,0.122115,-0.025083
132.514134,-0.164331,0.088528,9.836495,-0.340809,0.135376,-0.001285
132.524020,-0.068140,0.013432,9.664834,-0.350229,0.139998,0.001722
132.533926,-0.112236,-0.078025,9.628462,-0.359494,0.151556,0.018572
132.543791,-0.129654,-0.107787,9.911764,-0.213005,0.289458,0.023191
132.553682,-0.193142,0.052815,9.914270,-0.129917,0.541337,0.045082
132.563562,-0.142291,-0.058157,9.789931,-0.037011,0.719238,0.045165
132.573469,-0.095466,-0.085827,9.762820,-0.028540,0.804905,0.047110
132.583334,-0.233214,-0.094836,9.654801,-0.064688,0.854509,0.054970
132.593232,-0.156319,-0.112087,9.611781,-0.150649,0.928727,0.070297
132.603112,-0.113918,0.022081,9.700889,-0.135886,0.985098,0.051453
132.613016,-0.155487,0.070111,9.937435,-0.201094,0.975779,0.029364
132.622880,-0.105695,-0.041927,9.765296,-0.262113,0.872928,0.004207
132.632772,-0.131578,0.060149,9.588471,-0.274372,0.721750,0.007196
132.642652,-0.013661,0.031724,9.504322,-0.302011,0.575034,-0.016976
132.652553,-0.127942,0.133422,9.681726,-0.267173,0.447497,-0.009487
132.662424,-0.086343,-0.105044,9.771613,-0.193029,0.354331,-0.010006
132.672320,-0.017447,-0.060953,9.683956,-0.059655,0.262209,-0.008134
132.682195,-0.061311,0.107085,9.627343,0.067853,0.090654,-0.009160
132.692104,-0.101589,-0.035224,9.663739,0.128667,0.062282,-0.008705
132.701972,-0.276040,-0.062136,9.582580,0.240957,0.073914,-0.002468
132.711862,-0.295767,-0.134137,9.534817,0.205711,0.164401,0.013432
132.721749,-0.083566,-0.072101,9.519842,0.083882,0.296394,0.010997
132.731650,-0.206377,0.009426,9.631879,0.013325,0.463446,0.030414
132.741513,-0.098068,-0.041603,9.481108,-0.008212,0.519619,0.028971
132.751416,-0.318199,-0.107935,9.587630,-0.066247,0.623927,0.035975
132.761287,-0.159971,-0.208370,9.411498,-0.073187,0.639730,0.018736
132.771191,-0.153357,0.026958,9.410283,-0.209406,0.651469,0.031918
132.781062,-0.141300,0.045700,9.476677,-0.279446,0.556096,0.033363
132.790954,-0.284043,-0.110904,9.460172,-0.271065,0.497743,0.045433
132.800837,-0.232960,0.151549,9.646419,-0.291310,0.443497,0.042742
132.810740,-0.014381,0.020820,9.705621,-0.269392,0.333556,0.038157
132.820606,-0.103319,-0.059995,9.654876,-0.177726,0.241191,0.049213
132.830506,-0.140938,-0.027613,9.610455,0.003717,0.209680,0.050015
132.840383,-0.058008,-0.178463,9.667244,0.174680,0.159577,0.049583
132.850291,-0.136128,-0.029191,9.740755,0.306826,0.077023,0.042005
132.860151,-0.226617,-0.075083,9.628192,0.357376,0.091645,0.032017
132.870050,-0.099019,-0.135177,9.773997,0.338422,0.057273,0.015677
132.879931,-0.028029,-0.009908,9.847390,0.264303,0.067297,0.018931
132.889829,-0.230176,-0.184867,9.657497,0.131624,0.153040,0.016647
132.899703,-0.316420,-0.141232,9.734808,0.012684,0.264287,0.023130
132.909598,-0.099129,-0.120486,9.577173,-0.104931,0.338943,0.031562
132.919479,-0.014367,0.160482,9.476482,-0.248561,0.357275,0.034336
132.929384,-0.059664,0.095594,9.885456,-0.310723,0.412706,0.039986
132.939245,-0.178278,0.033051,9.937474,-0.266385,0.449893,0.027822
132.949144,-0.218097,-0.033236,9.771421,-0.262020,0.459208,0.048573
132.959022,-0.077086,-0.052164,9.772508,-0.246155,0.440025,0.055910
132.968926,-0.162489,0.049401,9.776842,-0.238989,0.471765,0.036911
132.978794,-0.210789,-0.059815,9.704717,-0.147994,0.364978,0.043181
132.988689,0.004890,-0.072313,9.535761,-0.069077,0.335581,0.020898
132.998562,-0.011084,-0.091071,9.503951,-0.028836,0.275878,0.013011
133.008468,-0.192798,0.000054,9.666562,-0.050709,0.243866,0.025598
133.018338,-0.133066,-0.013583,9.650662,-0.110033,0.210464,0.033079
133.028239,-0.150689,-0.089010,9.389574,-0.195084,0.158737,0.044425
133.038116,-0.078887,-0.155922,9.446028,-0.241360,0.000797,0.036065
133.048018,-0.031718,-0.134086,9.526225,-0.242338,-0.207004,0.033977
133.057882,-0.250023,-0.118705,9.653813,-0.249753,-0.357724,0.059406
133.067776,-0.175146,-0.056897,9.880464,-0.195377,-0.359295,0.060064
133.077654,-0.198903,0.090447,9.979245,-0.118244,-0.332414,0.057743
133.087562,-0.333068,-0.135637,9.916323,-0.075692,-0.214472,0.045056
133.097442,-0.167439,-0.180064,9.746821,-0.049637,-0.052101,0.024228
133.107327,-0.196993,-0.039184,9.746724,0.020070,0.090724,0.015120
133.117214,-0.148062,-0.016767,9.743498,-0.085927,0.224818,0.008734
133.127113,-0.156768,-0.039152,9.719232,-0.101000,0.281455,-0.003329
133.136974,-0.179154,-0.072503,9.691151,-0.161546,0.372429,0.004271
133.146873,-0.228140,-0.177160,9.629984,-0.247663,0.397445,0.015446
133.156746,-0.035465,-0.144287,9.662268,-0.263113,0.294184,0.006664
133.166657,0.021008,-0.060514,9.711265,-0.286058,0.143619,0.002274
133.176524,-0.218148,-0.064756,9.703422,-0.283284,-0.038801,0.003081
133.186413,-0.195712,0.001502,9.859060,-0.232840,-0.229015,-0.014734
133.196298,-0.190332,-0.151502,9.858797,-0.221155,-0.404217,0.000462
133.206196,-0.200417,0.017831,9.982587,-0.105657,-0.422025,0.010124
133.216073,-0.104269,0.005484,9.681003,-0.018987,-0.448391,0.001294
133.225960,-0.010347,-0.154343,9.652620,0.052288,-0.396495,0.006928
133.235847,-0.225948,0.037839,10.010366,0.074768,-0.228119,0.008926
133.245743,-0.308258,-0.202691,10.000405,0.133201,-0.068139,0.001771
133.255620,-0.186656,-0.071442,9.861966,0.128518,0.032491,-0.015545
133.265515,-0.172893,-0.048532,9.883262,0.080578,0.097181,-0.031563
133.275385,-0.136419,0.129655,9.787281,-0.058081,0.124388,-0.014402
133.285292,-0.148357,-0.101935,9.818111,-0.129590,0.109280,-0.012746
133.295161,-0.164507,-0.210210,9.854896,-0.248184,0.015614,-0.023320
133.305056,-0.103117,-0.120941,9.863316,-0.367887,-0.055174,-0.020393
133.314939,-0.011799,-0.119737,9.785377,-0.473786,-0.127707,-0.037259
133.324838,-0.133886,0.068141,9.888717,-0.517269,-0.244449,-0.051065
133.334706,-0.195764,0.028868,9.930735,-0.438698,-0.410102,-0.029056
133.344599,-0.135299,0.011030,10.151675,-0.327307,-0.491219,-0.015296
133.354477,-0.147474,-0.017856,10.072276,-0.191901,-0.496992,-0.009378
133.364381,-0.171981,-0.241829,9.910427,-0.018940,-0.370255,-0.006283
133.374249,-0.222559,0.042267,9.745986,0.110060,-0.270489,-0.000779
133.384143,-0.223197,-0.026104,9.889405,0.236049,-0.079807,-0.003572
133.394026,-0.196306,0.085234,10.008661,0.266349,0.004461,-0.004499
133.403931,-0.337298,0.008063,9.944986,0.248862,0.080729,-0.006718
133.413800,-0.210586,-0.300244,9.969215,0.156221,0.039722,-0.018706
133.423689,-0.144095,-0.220916,9.918131,0.079820,-0.026849,-0.031316
133.433567,-0.059664,-0.216127,10.053097,-0.002385,-0.066466,-0.055077
133.443481,-0.242607,-0.088220,10.175264,-0.094202,-0.119998,-0.052392
133.453345,-0.124465,-0.176457,9.982349,-0.174507,-0.244638,-0.061536
133.463236,-0.103753,-0.283813,9.996462,-0.243259,-0.362238,-0.072666
133.473115,-0.232699,0.051356,10.044768,-0.285143,-0.488938,-0.091640
133.483019,-0.233759,-0.041601,10.186431,-0.324897,-0.560082,-0.095603
133.492887,-0.303021,0.053035,10.052170,-0.279407,-0.524088,-0.110909
133.502785,-0.287818,-0.142819,9.980942,-0.272988,-0.367135,-0.117836
133.512668,-0.207277,-0.118879,9.901550,-0.162183,-0.191924,-0.108663
133.522565,-0.366214,-0.105740,10.069992,-0.049804,-0.059115,-0.113279
133.532437,-0.330364,-0.058747,10.042795,0.022619,0.037960,-0.107154
133.542335,-0.350278,0.030006,10.223469,0.132878,0.029480,-0.108625
133.552206,-0.218891,0.033297,10.070002,0.190232,-0.019920,-0.067036
133.562110,-0.206282,-0.050234,9.929533,0.220627,-0.103259,-0.060613
133.571982,-0.286144,-0.093313,10.043231,0.235780,-0.269403,-0.029524
133.581875,-0.362871,-0.125588,10.106620,0.208531,-0.351657,-0.010916
133.591754,-0.229398,-0.202922,9.995529,0.167048,-0.451068,-0.034419
133.601657,-0.196002,-0.107801,9.900074,0.116394,-0.533919,-0.007714
133.611526,-0.058429,-0.164340,9.939632,0.080437,-0.573721,-0.048719
133.621420,-0.183491,-0.036499,9.928969,0.055052,-0.495882,-0.048929
133.631298,-0.262636,-0.076326,9.975222,0.044455,-0.422252,-0.052939
133.641204,-0.277749,-0.083697,9.937159,0.005916,-0.352088,-0.056690
133.651075,-0.215277,-0.142099,9.973616,0.036756,-0.334132,-0.045366
133.660970,-0.282389,0.061809,9.982207,-0.001358,-0.406297,-0.052496
133.670845,-0.163926,-0.141647,9.970027,0.105814,-0.422207,-0.039812
133.680752,-0.212445,-0.134564,9.904686,0.190682,-0.443090,-0.057725
133.690617,-0.305792,-0.206284,10.005659,0.212841,-0.523307,-0.063320
133.700512,-0.346355,-0.225255,9.825079,0.248415,-0.539864,-0.056884
133.710399,-0.196586,-0.228601,9.697381,0.223873,-0.519510,-0.063932
133.720294,-0.198277,-0.157425,9.934092,0.188346,-0.525462,-0.067828
133.730163,-0.174209,-0.060757,9.914236,0.133135,-0.463698,-0.088716
133.740060,0.008484,-0.164797,9.672932,0.004381,-0.436657,-0.081372
133.749936,-0.176781,-0.196377,9.688268,-0.165619,-0.369200,-0.080633
133.759849,-0.383017,-0.136066,9.970708,-0.311991,-0.282460,-0.099860
133.769710,-0.349017,-0.135209,9.953021,-0.435623,-0.270957,-0.131461
133.779604,-0.240410,-0.119772,9.919809,-0.476230,-0.281148,-0.137418
133.789486,-0.124171,-0.063095,10.117892,-0.431523,-0.236114,-0.118268
133.799395,-0.259597,-0.038434,10.145460,-0.301520,-0.194026,-0.111637
133.809261,-0.248603,-0.079731,10.182159,-0.171103,-0.169317,-0.113755
133.819159,-0.206995,-0.027787,10.100781,-0.026186,-0.173799,-0.125580
133.829033,-0.309113,-0.018945,10.030119,0.127884,-0.179919,-0.094769
133.838938,-0.305225,-0.320278,9.982557,0.274530,-0.134715,-0.093875
133.848806,-0.404784,-0.154666,9.953940,0.329484,-0.135130,-0.097603
133.858698,-0.308760,-0.183777,9.990048,0.335474,-0.141097,-0.071890
133.868577,-0.246599,-0.158451,9.987315,0.288516,-0.150410,-0.055681
133.878481,-0.149690,-0.090135,9.863102,0.291324,-0.221153,-0.061426
133.888347,-0.119609,-0.171836,9.817866,0.280787,-0.243449,-0.060755
133.898243,-0.186734,-0.189188,9.682814,0.177633,-0.224309,-0.029722
133.908120,-0.306068,-0.245563,9.702355,0.124453,-0.228302,-0.049390
133.918035,-0.174052,-0.124240,9.764468,0.029454,-0.117064,-0.073696
133.927897,-0.282368,-0.006346,9.802598,-0.067477,-0.071667,-0.062271
133.937794,-0.212636,-0.090824,9.720989,-0.116117,-0.021731,-0.074675
133.947668,-0.204578,-0.134263,9.827835,-0.163158,-0.017164,-0.086194
133.957571,-0.257578,-0.088242,9.750543,-0.191610,-0.033506,-0.071391
133.967449,-0.157996,-0.126544,9.787898,-0.198945,-0.003731,-0.078334
133.977338,-0.235887,-0.136853,9.925298,-0.199736,0.035593,-0.066044
133.987216,-0.230450,-0.052133,9.705048,-0.148710,0.085559,-0.081258
133.997128,-0.218933,-0.171823,9.651578,-0.103319,0.099086,-0.085323
134.006987,-0.209046,-0.165835,9.651447,-0.022041,0.110993,-0.081511
134.016890,-0.200071,-0.190934,9.650071,0.030049,0.154725,-0.077053
134.026758,-0.081562,-0.210777,9.661110,0.029034,0.203435,-0.077496
134.036670,-0.160415,-0.038777,9.678519,0.018386,0.175925,-0.065055
134.046541,-0.125936,-0.080334,9.701808,0.050035,0.134106,-0.048822
134.056437,-0.077580,-0.258198,9.756194,0.096001,0.023573,-0.026177
134.066315,-0.120050,-0.146170,9.732125,0.060783,-0.065562,-0.011690
134.076214,-0.104316,-0.275903,9.651428,0.060758,-0.142326,-0.016855
134.086086,-0.187915,-0.076098,9.648092,0.052961,-0.160476,-0.016665
134.095980,-0.200645,-0.078340,9.647913,0.064037,-0.076370,0.002434
134.105857,-0.026849,-0.215231,9.499282,0.041242,0.032321,-0.002018
134.115761,-0.230675,-0.112134,9.716738,0.014133,0.114978,-0.030938
134.125635,-0.284323,-0.116713,9.747863,-0.043916,0.170396,-0.003304
134.135522,-0.091048,-0.286537,9.730449,-0.146406,0.190263,-0.004268
134.145404,-0.103002,-0.075196,9.573061,-0.165866,0.202740,-0.010073
134.155313,-0.094034,0.001777,9.598974,-0.139921,0.207362,0.010047
134.165171,-0.103310,-0.239146,9.654684,-0.054118,0.247397,0.013791
134.175067,-0.104388,-0.183772,9.576575,0.032287,0.218047,0.028850
134.184953,-0.246241,-0.055332,9.732544,0.079767,0.169629,0.036649
134.194848,-0.149331,-0.144242,9.733251,0.113136,0.101950,0.039031
134.204722,-0.100261,-0.133689,9.721291,0.161540,0.043120,0.037094
134.214614,-0.107099,-0.155527,9.746439,0.251039,0.052523,0.037584
134.224492,-0.167424,-0.079496,9.598729,0.272334,0.047569,0.022576
134.234399,0.012098,-0.210490,9.512239,0.247620,0.099212,-0.003339
134.244269,-0.112006,-0.202120,9.659357,0.210236,0.140255,0.015394
134.254167,-0.207630,-0.199649,9.546508,0.130547,0.228268,0.021186
134.264044,-0.189160,-0.324848,9.576027,0.026234,0.285868,0.031238
134.273947,-0.241703,-0.149463,9.747343,-0.059067,0.313463,0.056994
134.283810,-0.103028,-0.225677,9.637995,-0.114784,0.269058,0.082569
134.293705,-0.107900,-0.070906,9.851627,-0.094435,0.107837,0.078282
134.303591,-0.146744,-0.016316,9.819622,-0.034314,0.022398,0.078544
134.313484,0.105327,-0.189658,9.714809,0.087868,-0.115075,0.101963
134.323354,-0.099047,0.068554,9.619961,0.205485,-0.173519,0.132935
134.333249,-0.032545,-0.167632,9.352878,0.356683,-0.116429,0.117083
134.343135,-0.124164,-0.142658,9.463850,0.436544,-0.055406,0.149213
134.353041,-0.132625,-0.188435,9.483122,0.472336,0.087404,0.136800
134.362900,-0.069884,-0.283867,9.549170,0.459773,0.130095,0.139119
134.372802,-0.060750,-0.188755,9.712646,0.395355,0.173773,0.140403
134.382676,-0.126941,-0.100529,9.447757,0.264134,0.217140,0.165998
134.392583,-0.171883,-0.176898,9.425056,0.131570,0.205825,0.183496
134.402454,-0.221526,-0.194456,9.462183,0.009268,0.192689,0.185911
134.412340,-0.018330,-0.278344,9.495210,-0.102549,0.169869,0.197154
134.422231,-0.111594,-0.283477,9.825136,-0.119652,0.179814,0.197908
134.432123,-0.147178,-0.219862,9.573082,-0.179179,0.185655,0.182680
134.441995,-0.065074,-0.231392,9.664267,-0.159916,0.174236,0.167801
134.451896,-0.104817,-0.145182,9.649287,-0.093320,0.208706,0.171891
134.461773,-0.034953,-0.248312,9.629064,-0.011837,0.260967,0.179179
134.471674,-0.089712,-0.104591,9.678765,0.023618,0.238974,0.208113
134.481541,-0.017836,-0.202685,9.647463,0.087925,0.173277,0.201277
134.491432,-0.084941,-0.168327,9.744187,0.120316,0.137551,0.192323
134.501312,-0.116998,-0.195629,9.775605,0.205286,0.058329,0.183547
134.511220,-0.178619,-0.210751,9.786677,0.202749,0.020693,0.199100
134.521085,-0.255640,-0.272377,9.714289,0.210124,0.100255,0.191864
134.530979,-0.218066,-0.342572,9.738509,0.203970,0.137514,0.192027
134.540863,-0.091457,-0.298719,9.749616,0.195196,0.035477,0.175138
134.550762,0.069080,-0.350820,9.784897,0.141170,-0.035173,0.177492
134.560635,0.002046,-0.147651,9.846618,0.078374,-0.070682,0.182325
134.570526,-0.035058,-0.171614,9.786240,0.011045,-0.053142,0.189696
134.580404,-0.180739,-0.108060,9.783706,0.036688,0.130517,0.185763
134.590309,-0.154165,-0.143041,9.807010,0.069111,0.279531,0.188788
134.600175,-0.166698,-0.211959,9.916615,0.118492,0.393555,0.185837
134.610074,-0.312448,-0.252602,9.907721,0.107148,0.424587,0.182606
134.619949,-0.218316,-0.255628,9.830362,0.105928,0.396114,0.167742
134.629855,-0.104258,-0.313920,9.726717,0.082089,0.241867,0.191335
134.639722,-0.014480,-0.346828,9.823137,0.028097,0.077744,0.212451
134.649618,-0.051697,-0.358690,9.839525,-0.012964,-0.115965,0.190062
134.659495,-0.024720,-0.323628,9.875908,-0.096264,-0.283469,0.190609
134.669399,-0.085080,-0.271679,9.766521,-0.160552,-0.361299,0.201538
134.679281,-0.152828,-0.261276,9.879219,-0.094294,-0.246172,0.199886
134.689164,-0.196757,-0.141947,10.030095,-0.039691,-0.111999,0.228391
134.699047,0.014356,-0.271002,10.078387,0.107953,-0.034320,0.236205
134.708952,-0.034207,-0.189731,9.996229,0.195177,0.002613,0.239193
134.718814,0.041078,-0.198232,9.926130,0.212361,0.021438,0.241201
134.728710,-0.020181,-0.224998,9.883211,0.213645,0.041005,0.228758
134.738587,-0.107765,-0.229946,9.841141,0.218777,0.022229,0.208725
134.748495,-0.045004,-0.345157,9.915438,0.188016,-0.037740,0.192485
134.758360,-0.027790,-0.304451,9.934488,0.178622,-0.077006,0.170411
134.768255,-0.098226,-0.187932,9.965973,0.128631,-0.026330,0.150082
134.778148,-0.111120,-0.135526,9.813118,0.036680,-0.028912,0.144659
134.788039,0.047981,-0.135798,9.772162,-0.071764,0.007565,0.115139
134.797908,-0.079874,-0.105174,9.864906,-0.073247,-0.022734,0.085965
134.807805,-0.166077,-0.238142,9.948390,-0.007795,0.056646,0.078696
134.817680,-0.223428,-0.221010,9.871680,0.069516,0.130750,0.034087
134.827595,-0.174665,-0.195286,9.937007,0.070566,0.192841,0.004542
134.837459,-0.166786,-0.128116,9.948892,0.084884,0.182496,-0.028097
134.847356,-0.017518,0.020207,10.032606,0.019457,0.168614,-0.057643
134.857228,-0.037302,-0.026742,9.940993,-0.043003,0.140425,-0.099040
134.867135,0.049878,-0.103011,9.786658,-0.066215,0.130489,-0.128913
134.876999,0.028742,-0.286415,9.823060,-0.059314,0.063288,-0.152199
134.886892,-0.007474,-0.192301,9.874887,-0.036504,-0.054433,-0.154373
134.896773,0.010122,-0.431719,9.931109,-0.070256,-0.137316,-0.124867
134.906681,-0.203477,-0.174306,10.077510,-0.022118,-0.035765,-0.092866
134.916547,-0.022235,-0.130632,9.920768,0.020743,-0.002247,-0.067123
134.926444,-0.210145,-0.031104,9.855691,0.016734,0.072730,-0.058164
134.936328,-0.259463,-0.186183,9.926565,0.041043,0.149978,-0.046676
134.946221,-0.287212,-0.126914,9.979738,0.062157,0.224620,-0.032386
134.956095,-0.164219,-0.122109,9.904442,0.086972,0.235437,-0.044642
134.965987,-0.113145,-0.154356,9.900514,0.061336,0.215506,-0.034720
134.975876,-0.057151,-0.127145,9.781145,0.059570,0.125315,-0.016686
134.985776,0.104240,-0.287414,9.794602,0.102796,-0.017363,-0.025659
134.995636,-0.017071,-0.224644,9.771218,0.107291,-0.123800,-0.037969
135.005532,-0.068652,-0.295520,9.700013,0.094638,-0.131890,-0.031323
135.015410,-0.202129,-0.332946,9.637039,0.047487,-0.083594,-0.025356
135.025313,-0.133182,-0.319757,9.775600,0.052018,-0.071384,-0.029035
135.035183,-0.026373,-0.248777,9.794064,0.061524,-0.019654,-0.041729
135.045082,-0.105530,-0.213127,9.745960,0.042942,0.026459,-0.050918
135.054959,-0.228849,-0.261062,9.793830,0.009656,0.111750,-0.046038
135.064860,-0.268454,-0.168001,9.905617,-0.035647,0.191978,-0.039953
135.074737,-0.252071,-0.138979,9.809865,-0.066386,0.208971,-0.028894
135.084628,-0.036993,-0.182110,9.783271,-0.160820,0.131136,-0.031890
135.094502,-0.079754,-0.039407,9.786555,-0.246157,-0.019271,-0.042976
135.104406,-0.088661,-0.047618,9.749328,-0.260227,-0.078552,-0.047783
135.114279,-0.196482,-0.065667,9.606411,-0.348625,-0.067079,-0.033022
135.124170,-0.234801,-0.130546,9.837150,-0.261595,-0.073184,-0.040855
135.134049,-0.238317,-0.151104,9.803683,-0.111413,-0.072266,-0.016654
135.143954,-0.038668,-0.081416,9.637205,-0.003759,-0.043462,-0.001973
135.153824,-0.009121,-0.085936,9.673573,0.006209,-0.088400,-0.016225
135.163716,-0.068523,0.012974,9.796298,0.012838,-0.136964,-0.007643
135.173594,-0.044802,-0.201114,9.840572,0.080010,-0.151581,0.010332
135.183498,-0.237689,-0.031301,9.981528,0.138769,-0.067085,0.023656
135.193366,-0.137957,-0.128449,9.723654,0.160637,0.021933,0.036635
135.203262,-0.049908,-0.241120,9.657368,0.200295,0.100849,0.022783
135.213140,-0.072071,-0.153210,9.448137,0.086442,0.174465,0.010626
135.223056,-0.111955,-0.319532,9.693051,-0.045259,0.251716,-0.002938
135.232913,-0.175301,-0.146896,9.731640,-0.102634,0.286166,-0.012400
135.242813,-0.154572,-0.027303,9.804391,-0.127046,0.199249,-0.016318
135.252695,-0.108336,-0.164827,9.748615,-0.190807,0.154299,-0.038620
135.262592,-0.237099,-0.126249,9.893098,-0.263400,0.109676,-0.012892
135.272465,-0.263669,-0.262730,9.941060,-0.225433,0.160985,0.022283
135.282354,-0.296878,-0.031840,9.983974,-0.199310,0.224268,0.029553
135.292237,-0.155545,-0.065487,10.004264,-0.139414,0.168480,0.039729
135.302142,-0.124387,0.013299,9.982440,-0.089776,0.012316,0.028417
135.312007,-0.081705,-0.097484,9.847030,-0.043246,-0.064030,0.020848
135.321903,-0.172830,-0.064968,9.876781,-0.045361,-0.138437,0.032584
135.331779,-0.162688,-0.147900,9.857286,-0.013622,-0.189305,0.059811
135.341683,-0.205890,-0.203723,9.812888,0.002172,-0.141490,0.059128
135.351556,-0.314411,-0.172109,9.817500,0.090820,-0.116632,0.058675
135.361457,-0.234467,-0.128721,9.956534,0.121679,-0.077079,0.085307
135.371337,-0.266513,-0.012663,9.975892,0.149643,-0.061631,0.076278
135.381228,-0.263103,-0.047045,9.880126,0.117229,-0.085780,0.098234
135.391101,-0.308809,-0.138610,9.809699,0.074860,-0.110006,0.105925
135.400992,-0.270373,-0.024072,9.859746,0.010530,-0.239608,0.081691
135.410877,-0.058906,-0.085204,9.996315,-0.039265,-0.298248,0.069730
135.420773,-0.295655,0.004945,10.055092,-0.097045,-0.226907,0.061666
135.430647,-0.323424,-0.122452,10.005247,-0.102994,-0.158768,0.052571
135.440538,-0.187171,-0.178118,9.960645,-0.116188,-0.093114,0.066515
135.450417,-0.117132,-0.117496,9.771493,-0.088280,0.011218,0.057412
135.460329,-0.089278,-0.266562,9.896211,-0.065625,0.095795,0.047960
135.470190,-0.231316,-0.195151,9.841375,-0.030130,0.132033,0.037822
135.480089,-0.117049,-0.170164,9.897321,-0.031226,0.091616,0.033997
135.489974,-0.059429,-0.146111,9.786039,-0.096244,0.081082,0.048092
135.499866,-0.138006,-0.197140,9.615110,-0.122457,0.098765,0.052145
135.509736,-0.128617,-0.261647,9.741785,-0.107945,0.110432,0.051086
135.519629,-0.161828,-0.018638,9.834802,-0.127417,0.062455,0.051581
135.529511,-0.069119,-0.029187,9.998821,-0.132728,-0.002205,0.027400
135.539417,-0.188939,-0.052785,10.044819,-0.112350,0.010726,0.013421
135.549285,-0.223989,-0.118987,10.107794,-0.114983,-0.041169,0.022003
135.559185,-0.077596,-0.186048,10.050305,-0.111447,-0.154007,0.023640
135.569054,-0.032031,-0.085428,9.880318,0.002700,-0.200873,0.014289
135.578959,-0.007512,-0.108694,9.793771,0.053097,-0.238517,-0.005256
135.588827,-0.215433,-0.073649,9.934844,0.100259,-0.210766,-0.013046
135.598721,-0.235882,0.022504,9.931307,0.093297,-0.079183,0.000475
135.608599,-0.174140,-0.165227,9.938198,0.067460,-0.016802,-0.001154
135.618503,-0.248316,-0.023482,10.072685,0.071437,0.088773,-0.010010
135.628376,-0.091404,-0.121319,9.896619,0.044673,0.134331,-0.009372
135.638269,-0.006499,-0.124887,9.766401,-0.023588,0.148155,-0.004449
135.648146,-0.173330,-0.223441,9.695734,-0.070630,0.151974,0.007001
135.658049,-0.109071,-0.288267,9.865650,-0.131170,0.137164,0.007320
135.667919,-0.103833,-0.090958,9.877848,-0.214023,0.103752,0.013582
135.677813,-0.139932,-0.109580,9.849535,-0.234001,0.100837,0.006223
135.687691,-0.137437,-0.225285,9.872045,-0.239159,0.082210,0.005407
135.697603,-0.139970,-0.134282,9.841876,-0.245913,0.027392,0.004884
135.707466,-0.133239,-0.139553,9.865840,-0.235264,-0.003382,0.017615
135.717365,-0.260656,-0.101401,9.921499,-0.165847,-0.024267,0.020353
135.727237,-0.205797,-0.047962,9.943000,-0.124230,-0.061997,0.023725
135.737143,-0.042918,-0.039845,9.921372,-0.106084,-0.122527,0.031388
135.747011,-0.106781,0.030411,9.845571,-0.070593,-0.092625,0.000114
135.756913,-0.033405,-0.220650,9.899687,-0.029419,-0.063996,-0.014216
135.766784,-0.232275,-0.050793,9.903487,-0.001141,-0.031968,0.003210
135.776688,-0.125786,-0.082662,9.752889,0.040795,-0.009918,0.000926
135.786557,-0.142245,-0.203043,9.822812,0.127185,0.009630,-0.013821
135.796453,-0.204915,-0.027969,9.812837,0.178284,0.037453,-0.022546
135.806330,-0.112188,-0.135248,9.852842,0.180073,0.064910,-0.023504
135.816233,-0.182114,-0.169604,9.744117,0.113516,0.104380,-0.004630
135.826105,-0.239451,-0.101257,9.778675,0.062167,0.112806,-0.011038
135.835997,-0.170479,-0.103207,9.903124,-0.001575,0.134132,-0.019719
135.845876,-0.217389,0.040815,9.747002,-0.034695,0.109155,-0.026216
135.855783,-0.161387,-0.163010,9.741094,-0.137491,0.075051,-0.032483
135.865650,-0.051613,-0.160126,9.745085,-0.153485,0.083504,-0.043821
135.875544,-0.190928,-0.069769,9.809497,-0.163219,0.045351,-0.050612
135.885423,-0.116138,-0.152382,9.749328,-0.160528,0.024765,-0.057195
135.895326,-0.179345,0.008876,9.896528,-0.154564,0.012091,-0.044850
135.905195,-0.166030,0.040449,9.775085,-0.155266,-0.004997,-0.033293
135.915100,-0.175486,-0.006419,9.866933,-0.097068,0.037135,-0.044372
135.924972,-0.214326,0.004608,9.870854,-0.042047,0.045367,-0.041836
135.934877,-0.127129,0.002016,9.819052,-0.046182,0.049099,-0.029797
135.944741,-0.229262,-0.062034,9.832793,0.011674,0.094586,-0.025804
135.954642,-0.217848,-0.065151,9.679546,0.020947,0.072125,-0.028570
135.964514,-0.146231,-0.126253,9.793960,0.026401,0.134398,-0.041284
135.974420,-0.184218,-0.124336,9.682563,0.034212,0.135562,-0.052192
135.984293,-0.261974,-0.040593,9.811637,0.004913,0.097077,-0.042340
135.994183,-0.043017,-0.044682,9.790255,0.014144,0.054469,-0.031612
136.004062,-0.162048,0.026192,9.816408,0.008439,0.057822,-0.031373
136.013968,-0.249177,-0.091074,9.799048,-0.021764,0.024429,-0.024892
136.023838,-0.186415,-0.040408,9.838323,-0.031846,0.022029,-0.032266
136.033732,-0.152159,0.058085,9.774342,-0.034871,0.005562,-0.010675
136.043608,-0.173538,-0.012209,9.805276,-0.039501,0.005846,-0.010819
136.053510,-0.220977,-0.093118,9.729914,-0.066146,0.014766,-0.011870
136.063381,-0.276186,-0.061466,9.810346,-0.054949,0.016811,-0.022407
136.073274,-0.170622,-0.147270,9.804851,-0.031082,0.018629,-0.017822
136.083152,-0.186981,-0.036776,9.917982,0.008406,0.014786,-0.008106
136.093062,-0.127428,-0.029304,9.732451,0.035732,0.049543,-0.015866
136.102929,-0.137436,-0.094904,9.796061,0.039273,0.088778,-0.011270
136.112821,-0.208645,-0.078355,9.746237,0.025786,0.081575,-0.021637
136.122708,-0.201523,0.000222,9.809330,0.002657,0.101870,-0.003748
136.132604,-0.243164,-0.034157,9.934831,0.036889,0.112818,-0.013482
136.142476,-0.285899,0.012527,9.791955,-0.025232,0.087709,0.008405
136.152367,-0.176738,-0.063397,9.777377,-0.006860,0.056062,-0.002788
136.162244,-0.149199,-0.052727,9.692952,-0.011184,0.071921,-0.019098
136.172154,-0.180728,-0.214856,9.749072,-0.020033,0.018688,-0.019717
136.182018,-0.052036,-0.197865,9.743009,-0.059127,-0.004859,0.004587
136.191913,-0.164383,-0.109374,9.766375,-0.037668,0.021515,-0.014324
136.201791,-0.179995,-0.083388,9.717491,-0.066976,0.003934,-0.010823
136.211696,-0.154716,-0.192827,9.675212,-0.061193,-0.023957,-0.007534
136.221563,-0.141427,-0.189209,9.652923,-0.050579,-0.027992,-0.008065
136.231458,-0.025092,-0.102784,9.651627,-0.061149,-0.038939,-0.004737
136.241337,-0.048479,-0.282345,9.720416,-0.076086,-0.051022,0.014189
136.251246,-0.194837,-0.161806,9.755495,-0.037373,-0.068668,0.004409
136.261114,-0.076057,-0.088047,9.786289,-0.012081,-0.076438,0.014424
136.271010,-0.117238,-0.186298,9.779022,-0.034593,-0.021708,0.021052
136.280883,-0.130552,-0.163073,9.613167,0.003215,-0.008964,0.014372
136.290788,-0.092601,-0.155868,9.652071,-0.006280,0.027801,0.021478
136.300655,-0.243135,0.013176,9.643801,-0.021029,0.017089,0.013087
136.310550,-0.253021,-0.116874,9.687502,-0.017064,0.020698,0.011204
136.320430,-0.199762,-0.163588,9.739784,-0.030708,0.020468,0.020118
136.330333,-0.184977,-0.122717,9.688777,-0.030844,-0.001391,0.025748
136.340205,-0.173705,-0.242855,9.613860,-0.034684,0.004386,0.035120
136.350097,-0.182609,-0.093862,9.715232,-0.020063,-0.032682,0.034898
136.359974,-0.173632,-0.140025,9.657440,-0.013142,-0.015487,0.042629
136.369880,-0.001497,-0.216121,9.641521,-0.004523,-0.029831,0.047357
136.379747,-0.114721,-0.235693,9.652615,0.008409,-0.027743,0.042706
136.389644,-0.189713,-0.195916,9.729111,0.013989,-0.034017,0.036379
136.399521,-0.214491,-0.139958,9.715039,-0.011366,0.002801,0.034406
136.409426,-0.333511,-0.042260,9.712379,-0.011022,-0.005281,0.033469
136.419294,-0.146844,-0.160698,9.618165,-0.019573,0.001671,0.020532
136.429189,-0.140541,-0.136487,9.720162,-0.019274,0.010718,0.025201
136.439067,-0.162786,-0.202413,9.606104,-0.035536,-0.009882,0.034114
136.448978,-0.112793,-0.293529,9.632750,-0.022289,0.020498,0.018799
136.458847,-0.255225,-0.126061,9.650385,-0.026025,0.036449,0.025782
136.468746,-0.012857,-0.085775,9.644428,-0.027873,0.015836,0.024946
136.478615,-0.117226,-0.261096,9.680779,-0.036942,0.052125,0.026149
136.488519,-0.234379,-0.201493,9.639363,-0.062983,0.081960,0.028972
136.498388,-0.116642,-0.111946,9.653445,-0.065436,0.077212,0.017690
136.508282,-0.223233,-0.057192,9.631396,-0.069986,0.047535,0.017733
136.518170,-0.229034,-0.130554,9.672110,-0.052408,0.047880,0.009003
136.528065,-0.184037,-0.138909,9.674000,-0.059199,0.000904,0.015512
136.537936,-0.157992,-0.087808,9.620496,-0.037038,0.005048,0.011428
136.547830,-0.111575,-0.307777,9.515928,-0.030475,-0.021961,0.023673
136.557707,-0.193200,-0.186354,9.598971,-0.004901,-0.019755,0.012264
136.567620,-0.243659,-0.227980,9.700338,0.003051,-0.056777,0.026749
136.577479,-0.197278,-0.129054,9.724933,0.026654,-0.016226,0.018344
136.587376,-0.096107,-0.174579,9.579034,0.032475,-0.010272,0.023744
136.597258,-0.168657,-0.164448,9.582757,0.045125,0.003448,0.045410
136.607162,-0.263476,-0.124272,9.577730,0.059614,-0.008740,0.045226
136.617025,-0.258818,-0.004777,9.764635,0.091349,-0.032840,0.042603
136.626922,-0.178819,-0.080315,9.719940,0.083376,-0.093153,0.050607
136.636800,-0.247920,-0.151198,9.660440,0.105241,-0.133500,0.047957
136.646703,-0.149412,-0.214599,9.672188,0.116535,-0.186390,0.043230
136.656570,-0.121307,-0.175897,9.660843,0.127754,-0.211385,0.067516
136.666473,-0.181856,-0.104634,9.689979,0.157343,-0.235691,0.066567
136.676344,-0.189589,-0.221506,9.838430,0.183989,-0.221853,0.072190
136.686247,-0.249850,-0.208439,9.805255,0.175692,-0.185459,0.053617
136.696117,-0.127763,-0.207684,9.688753,0.121487,-0.152386,0.058177
136.706011,-0.132852,-0.315735,9.743202,0.083163,-0.103338,0.078769
136.715891,-0.266067,-0.110155,9.733406,0.079797,-0.056077,0.061914
136.725794,-0.141472,-0.170815,9.815134,-0.011166,-0.005468,0.054673
136.735663,-0.204769,-0.232454,9.693736,-0.022306,-0.018227,0.052976
136.745557,-0.174226,-0.128711,9.771116,-0.039397,-0.032144,0.039541
136.755435,-0.147594,-0.231946,9.730277,-0.034153,-0.016230,0.038185
136.765339,-0.248936,-0.129714,9.757633,-0.038918,-0.004556,0.045660
136.775208,-0.124454,-0.164810,9.773905,-0.027110,-0.033837,0.040122
136.785103,-0.102890,-0.203284,9.708102,-0.004796,-0.027784,0.038506
136.794981,-0.238693,-0.166307,9.691797,0.054904,-0.054101,0.040096
136.804885,-0.120045,-0.200863,9.731194,0.014379,-0.063613,0.034951
136.814754,-0.212351,-0.162625,9.848577,0.025449,-0.046186,0.025804
136.824649,-0.203399,-0.157573,9.849791,0.027209,-0.049705,0.041230
136.834531,-0.199205,-0.165377,9.918100,0.052717,-0.077697,0.040671
136.844439,-0.269196,-0.128336,9.784539,0.036336,-0.050132,0.037037
136.854302,-0.220171,-0.219571,9.815340,0.043259,-0.032632,0.027592
136.864195,-0.186478,-0.176022,9.847008,0.047802,-0.017459,0.023884
136.874074,-0.164704,-0.070016,9.849046,0.004198,-0.049173,0.035608
136.883978,-0.138050,-0.190966,9.786938,-0.005787,-0.020185,0.041151
136.893848,-0.141315,-0.257930,9.690365,-0.031262,-0.029450,0.020881
136.903746,-0.087206,-0.228282,9.750023,-0.044348,-0.025792,0.015362
136.913621,-0.128834,-0.182222,9.768354,-0.057673,-0.054819,-0.000896
136.923524,-0.311477,-0.174447,9.832958,-0.035430,-0.043700,-0.011976
136.933393,-0.153921,-0.245484,9.812022,-0.032234,-0.070171,-0.009529
136.943289,-0.192469,-0.197220,9.792311,-0.023015,-0.086948,-0.008107
136.953170,-0.167117,-0.275514,9.747275,0.015750,-0.105059,-0.003793
136.963081,-0.147152,-0.191801,9.839259,0.005376,-0.049099,-0.007796
136.972939,-0.273198,-0.094485,9.817199,0.058590,-0.018534,-0.007675
136.982835,-0.173867,-0.285908,9.782698,0.024026,-0.013276,-0.011978
136.992714,-0.186803,-0.144357,9.844965,0.026267,-0.018333,-0.001227
137.002618,-0.188264,-0.109416,9.663450,0.057767,-0.000078,0.000914
137.012490,-0.239947,-0.186274,9.881193,0.048779,0.014170,-0.007221
137.022385,-0.261667,-0.159227,9.841496,0.016859,-0.005785,-0.024249
137.032261,-0.245789,-0.156263,9.770934,0.012981,-0.006022,-0.025329
137.042166,-0.172574,-0.263824,9.735301,-0.032203,-0.025874,-0.026456
137.052035,-0.237795,-0.230418,9.793439,-0.045987,-0.029400,-0.018949
137.061931,-0.169872,-0.119768,9.863494,-0.054362,-0.024222,-0.037121
137.071804,-0.262489,-0.160853,9.840381,-0.048843,-0.030883,-0.026209
137.081708,-0.307350,-0.023070,9.899831,-0.088232,-0.024231,-0.038826
137.091578,-0.135428,-0.110455,9.720747,-0.064747,-0.035536,-0.039376
137.101480,-0.256333,-0.100560,9.843939,-0.050302,-0.019752,-0.038564
137.111349,-0.191388,-0.224298,9.674046,-0.037078,0.020540,-0.062486
137.121255,-0.168203,-0.189577,9.731722,-0.039287,0.039754,-0.064915
137.131126,-0.174685,-0.133945,9.682430,-0.045145,0.058585,-0.050279
137.141021,-0.168502,-0.223081,9.725249,-0.042792,0.072411,-0.038713
137.150898,-0.234852,-0.157500,9.774995,-0.007955,0.060375,-0.021335
137.160804,-0.137953,-0.116505,9.728731,0.036927,0.038950,-0.008514
137.170671,-0.191894,-0.206390,9.782586,0.073457,0.035528,-0.002633
137.180564,-0.240535,-0.174719,9.719596,0.091315,0.006113,0.004684
137.190444,-0.218345,-0.235155,9.869625,0.109679,-0.060748,-0.000417
137.200349,-0.290337,-0.096041,9.765376,0.122266,-0.088786,0.000629
137.210219,-0.224477,-0.147592,9.725537,0.125042,-0.119451,-0.014091
137.220116,-0.212574,-0.241178,9.688081,0.109516,-0.142198,-0.003232
137.229990,-0.267615,-0.066883,9.786716,0.109010,-0.149022,-0.005940
137.239892,-0.214832,-0.197071,9.709093,0.098259,-0.144664,0.000298
137.249765,-0.294059,-0.193962,9.745161,0.094793,-0.131714,0.005278
137.259656,-0.244570,-0.213478,9.734777,0.062475,-0.102044,0.013407
137.269534,-0.118618,-0.131001,9.736875,0.035923,-0.044373,0.013701
137.279445,-0.235204,-0.108634,9.717748,0.054256,-0.021891,0.021437
137.289308,-0.280084,-0.173373,9.874607,0.054696,-0.002388,0.010240
137.299205,-0.156351,-0.210830,9.766672,0.032260,0.017881,0.008845
137.309084,-0.235697,-0.166733,9.697539,0.038693,0.007793,-0.003114
137.318985,-0.160543,-0.250452,9.678562,0.013012,0.009325,0.003932
137.328854,-0.225675,-0.067975,9.796847,0.017469,-0.000032,0.004977
137.338752,-0.321897,-0.051354,9.797288,0.035074,-0.023490,0.003866
137.348634,-0.241245,-0.166138,9.789006,0.036856,-0.003386,0.000433
137.358532,-0.224863,-0.086906,9.829396,0.056410,-0.023019,0.000984
137.368400,-0.130734,-0.214565,9.753744,0.043508,-0.019352,0.001555
137.378296,-0.198663,-0.230698,9.818705,0.052898,-0.002133,0.004448
137.388182,-0.288765,-0.098968,9.779592,0.040804,-0.012920,-0.009891
137.398077,-0.200491,-0.124156,9.828899,0.045220,-0.034040,-0.011623
137.407945,-0.225891,-0.226619,9.714741,0.043401,-0.031446,-0.013059
137.417844,-0.201164,-0.218464,9.752655,0.002083,0.005733,-0.010384
137.427720,-0.166332,-0.174395,9.789021,-0.006612,-0.043381,-0.005603
137.437623,-0.308959,-0.085153,9.821849,-0.018110,-0.007919,-0.005487
137.447498,-0.345246,-0.148576,9.873783,-0.034065,-0.013381,-0.005820
137.457386,-0.152416,-0.074134,9.768760,-0.033314,-0.005844,-0.002400
137.467265,-0.176133,-0.203408,9.741680,0.011949,-0.013776,-0.020643
137.477169,-0.186251,-0.236941,9.746618,0.009450,-0.023769,-0.016652
137.487041,-0.233323,-0.193772,9.845430,0.012847,0.037804,-0.016129
137.496933,-0.228235,-0.130042,9.787600,0.015355,0.028814,-0.017634
137.506816,-0.195683,-0.216296,9.818089,0.019171,0.026239,-0.023114
137.516718,-0.276822,-0.200658,9.776699,0.030341,0.046492,-0.020317
137.526583,-0.195145,-0.023331,9.805854,-0.010285,0.029206,-0.009312
137.536479,-0.296227,-0.082857,9.797780,-0.007832,0.033725,-0.003190
137.546358,-0.369456,-0.010253,9.782694,-0.018016,0.008999,-0.017634
137.556265,-0.176189,-0.161346,9.767402,-0.021125,0.006441,-0.017542
137.566129,-0.295478,-0.188636,9.730858,-0.021642,0.008622,-0.023918
137.576030,-0.259179,-0.223993,9.702771,-0.021985,0.027415,-0.021172
137.585902,-0.187924,-0.188276,9.748437,0.025078,0.025524,-0.026348
137.595806,-0.274647,-0.035567,9.769218,-0.026124,0.041184,-0.025860
137.605676,-0.258656,-0.220890,9.807450,0.015895,0.053642,-0.030252
137.615573,-0.318277,-0.198797,9.912281,-0.014113,0.064389,-0.015527
137.625449,-0.245879,-0.110151,9.829015,0.026984,0.038969,-0.025787
137.635358,-0.163073,-0.200819,9.808632,-0.028121,0.082615,-0.015534
137.645224,-0.245097,-0.157268,9.621842,-0.056691,0.049263,-0.028031
137.655122,-0.108147,-0.321802,9.736341,-0.046238,0.063172,-0.032555
137.665004,-0.116759,-0.253991,9.729499,-0.049556,0.054229,-0.037511
137.674901,-0.286628,-0.150465,9.787395,-0.011356,0.040135,-0.040292
137.684770,-0.165725,-0.236529,9.741532,-0.079800,0.044831,-0.032564
137.694665,-0.191728,-0.144696,9.760710,-0.048283,0.042379,-0.037841
137.704547,-0.162122,-0.183855,9.724308,0.001336,0.056242,-0.042489
137.714451,-0.195375,-0.236281,9.802623,-0.007883,0.078656,-0.020041
137.724314,-0.171764,-0.236929,9.701600,-0.012915,0.070470,-0.023108
137.734208,-0.039146,-0.233392,9.615200,0.018323,0.068556,-0.028420
137.744088,-0.151221,-0.168269,9.625737,0.026776,0.051300,-0.043005
137.753997,-0.271282,-0.162186,9.721421,0.030224,0.045530,-0.033498
137.763861,-0.260787,-0.230643,9.698544,0.045747,0.038693,-0.030296
137.773760,-0.217185,-0.111425,9.699431,0.048242,-0.024180,-0.013339
137.783638,-0.205605,-0.212883,9.614575,0.056575,-0.065115,0.001955
137.793542,-0.213989,-0.081866,9.679965,0.122797,-0.099804,-0.005372
137.803407,-0.273741,-0.148559,9.735420,0.124156,-0.139579,0.027150
137.813301,-0.280895,-0.095623,9.833308,0.169017,-0.140124,0.022390
137.823179,-0.271725,-0.049150,9.699348,0.166879,-0.140657,0.020022
137.833087,-0.225656,-0.249398,9.741056,0.119389,-0.120558,0.036500
137.842955,-0.113571,-0.333808,9.683422,0.106322,-0.120614,0.021057
137.852848,-0.240413,-0.205679,9.784477,0.094677,-0.114701,0.022639
137.862729,-0.211543,-0.171846,9.784167,0.077638,-0.106277,0.034366
137.872634,-0.182200,-0.116883,9.804320,0.054804,-0.054008,0.036332
137.882497,-0.233785,-0.114042,9.759225,0.082566,-0.054350,0.024145
137.892400,-0.172538,-0.199896,9.825911,0.080758,-0.014554,0.028272
137.902273,-0.314283,-0.203785,9.884351,0.045645,-0.003777,0.047658
137.912182,-0.117245,-0.114429,9.786771,0.041015,0.015429,0.032603
137.922048,-0.052105,-0.381475,9.859038,0.035744,0.079801,0.033682
137.931939,-0.218071,-0.252486,9.793248,0.021257,0.026362,0.026996
137.941817,-0.144090,-0.208941,9.823593,0.014810,0.018222,0.018531
137.951730,-0.185813,-0.238926,9.796283,0.012189,-0.007027,0.022933
137.961589,-0.199134,-0.101477,9.814229,0.021421,-0.021950,0.033773
137.971489,-0.109207,-0.232288,9.785427,0.024566,0.007103,0.037504
137.981363,-0.180072,-0.138089,9.916421,0.046988,0.006319,0.019777
137.991271,-0.282747,-0.079602,9.885910,0.051539,0.016987,0.042364
138.001143,-0.163552,-0.126896,9.950693,0.041989,0.046507,0.051999
138.011032,-0.143061,-0.167989,9.702317,0.039929,0.071122,0.034971
138.020914,-0.106339,-0.336823,9.670772,0.047610,0.065958,0.019548
138.030814,-0.111435,-0.264597,9.802606,0.035498,0.039396,0.024936
138.040682,-0.296492,-0.154670,9.887466,0.031116,0.034366,0.014357
138.050576,-0.261015,-0.037572,9.918374,0.021566,0.008747,0.024604
138.060455,-0.107839,-0.078424,9.871461,0.035440,-0.024465,0.030535
138.070360,-0.210296,-0.137262,9.778299,0.041904,0.017473,0.025677
138.080233,-0.180523,-0.169444,9.852555,0.006666,0.005738,0.025637
138.090127,-0.306592,-0.153955,9.923048,0.010075,-0.004599,0.037109
138.100001,-0.254129,-0.060819,9.826029,0.008349,0.005068,0.035641
138.109904,-0.222910,-0.196709,9.929056,0.009654,0.036319,0.028973
138.119775,-0.182977,-0.212830,9.850696,0.006595,0.025666,0.018649
138.129668,-0.250938,-0.168356,9.845117,-0.022811,0.006798,0.012794
138.139546,-0.153014,-0.191972,9.783335,-0.018266,-0.013258,0.010814
138.149450,-0.233647,-0.016825,9.835724,-0.025233,-0.020497,0.024994
138.159324,-0.238558,-0.191500,9.816851,-0.014399,-0.021261,0.028288
138.169223,-0.120780,-0.132856,9.875216,0.001052,-0.011518,0.024557
138.179098,-0.143680,-0.101443,9.860838,-0.008931,0.014405,0.025707
138.188996,-0.124869,-0.065460,9.817378,0.007725,0.019382,0.041288
138.198866,-0.228520,-0.171082,9.733372,0.011124,0.030205,0.031244
138.208760,-0.281222,-0.062281,9.856585,0.024967,0.026834,0.025684
138.218639,-0.177236,-0.167064,9.849847,0.004596,0.053842,0.010872
138.228550,-0.276195,-0.152821,9.785539,-0.025996,0.020164,0.012530
138.238416,-0.238413,-0.095641,9.794114,-0.032402,0.026568,0.015859
138.248306,-0.142439,-0.239251,9.779987,-0.062808,0.036687,0.024241
138.258185,-0.216556,-0.064606,9.838274,-0.046543,0.035328,0.018109
138.268094,-0.153483,-0.153932,9.724534,-0.041263,0.057290,0.025915
138.277960,-0.069076,-0.240166,9.807646,-0.057065,0.068723,0.038380
138.287856,-0.164644,-0.305134,9.879328,-0.049673,0.097283,0.034194
138.297735,-0.162387,-0.113774,9.798674,-0.032005,0.125654,0.022925
138.307639,-0.153901,-0.160495,9.785325,-0.048178,0.101429,0.012227
138.317504,-0.178179,-0.197137,9.732707,-0.048881,0.081812,0.013059
138.327400,-0.054883,-0.174595,9.831866,-0.051823,0.044789,0.022951
138.337283,-0.182349,-0.199617,9.902026,-0.032521,0.025452,0.023052
138.347182,-0.175037,-0.164028,9.928290,-0.030838,0.026702,0.018688
138.357059,-0.039015,-0.246489,9.969449,0.007617,0.001537,0.025796
138.366954,-0.215402,-0.156304,9.910328,0.043544,0.021985,0.026086
138.376823,-0.200537,-0.062861,9.842682,0.016612,0.006492,0.025501
138.386732,-0.185845,-0.188960,9.978481,0.002423,0.036900,0.027971
138.396600,-0.187216,-0.174932,9.800639,-0.006575,0.047546,0.023010
138.406494,-0.160403,-0.317471,9.860674,-0.036420,0.018588,0.016966
138.416372,-0.114383,-0.194047,9.789473,-0.038066,0.037971,0.006403
138.426282,-0.271056,-0.078321,9.841402,-0.047733,0.004798,0.003957
138.436142,-0.154561,-0.142998,9.757247,-0.060290,0.041069,0.005097
138.446036,-0.191678,-0.033504,9.789833,-0.073649,0.013874,0.008527
138.455916,-0.238886,-0.092778,9.824923,-0.077356,0.008630,0.009899
138.465824,-0.169852,-0.158953,9.868644,-0.067208,0.036730,0.006882
138.475688,-0.200212,-0.182130,9.878360,-0.037620,0.007631,-0.001647
138.485587,-0.145018,-0.170445,9.803248,-0.023825,0.025537,0.016407
138.495461,-0.185518,-0.186789,9.829739,-0.000772,0.026361,0.010659
138.505365,-0.270260,-0.044121,9.829790,-0.000673,0.044716,-0.003356
138.515239,-0.173184,-0.115513,9.894883,0.004921,0.042623,-0.001092
138.525137,-0.258403,-0.189258,9.772803,-0.002193,0.002015,-0.008599
138.535008,-0.210961,-0.158177,9.833900,-0.018276,0.013025,-0.011496
138.544917,-0.122549,-0.308832,9.777896,-0.052209,0.002358,0.004799
138.554784,-0.244993,-0.120054,9.837145,-0.064972,-0.004647,0.003187
138.564681,-0.209951,-0.107923,9.834233,-0.044429,0.038981,0.003437
138.574553,-0.226397,-0.090240,9.903095,-0.035595,0.020602,-0.003088
138.584458,-0.267242,-0.163657,9.884297,-0.034588,0.014243,-0.001785
138.594332,-0.100096,-0.236625,9.728727,-0.032202,0.052883,0.005314
138.604220,-0.097285,-0.336092,9.832455,-0.001752,0.038187,-0.005292
138.614099,-0.153120,-0.280982,9.713129,-0.021553,0.041864,-0.006758
138.624004,-0.141727,-0.203906,9.845048,-0.008347,0.037757,-0.010728
138.633875,-0.220846,-0.145585,9.845439,-0.023839,0.028767,-0.007291
138.643776,-0.253590,-0.162869,9.813470,-0.041905,0.005722,0.003930
138.653650,-0.103192,-0.305690,9.785776,-0.057608,0.007005,0.003358
138.663549,-0.173621,0.049927,9.691988,-0.064582,-0.026704,0.002940
138.673421,-0.132759,-0.162197,9.728509,-0.043072,-0.036516,-0.001735
138.683314,-0.237862,-0.169402,9.846389,-0.039070,-0.023311,-0.008091
138.693197,-0.218450,-0.140471,9.776028,-0.032646,-0.007185,0.011008
138.703098,-0.104141,-0.252132,9.806101,-0.018376,0.015340,-0.005092
138.712969,-0.160222,-0.195554,9.661367,-0.012639,0.010421,0.010026
138.722863,-0.175474,-0.145092,9.810393,-0.000863,0.032820,0.002508
138.732740,-0.084096,-0.227931,9.738938,-0.016954,0.025539,0.010367
138.742646,-0.190107,-0.197591,9.679950,-0.027522,0.040833,0.018044
138.752513,-0.095099,-0.196899,9.682803,-0.023368,0.021881,0.009658
138.762407,-0.024529,-0.258208,9.698182,-0.020726,0.008802,0.008675
138.772285,-0.231176,-0.173890,9.721321,-0.011096,-0.002052,0.004614
138.782193,-0.158239,-0.136417,9.707552,0.016093,0.014459,-0.000193
138.792058,-0.211244,-0.098443,9.825116,-0.022626,-0.008698,0.002862
138.801954,-0.185761,-0.199574,9.741411,-0.007135,-0.006692,0.016287
138.811831,-0.150376,-0.240134,9.865358,0.016839,-0.005522,0.013125
138.821740,-0.149124,-0.212717,9.740726,0.008549,0.001930,0.009210
138.831605,-0.048926,-0.199446,9.699457,-0.006134,0.003360,0.014126
138.841499,-0.149807,-0.304565,9.709567,-0.019040,0.009106,0.014472
138.851379,-0.184986,-0.162239,9.651191,-0.014880,0.007438,0.026852
138.861282,-0.003930,-0.283400,9.806291,-0.021358,0.014691,0.017585
138.871158,-0.269423,-0.074935,9.751352,-0.008002,0.004322,0.014042
138.881046,-0.130785,-0.172009,9.709500,-0.000063,0.004796,0.004395
138.890926,-0.106265,-0.157251,9.757295,-0.003781,0.010245,0.002795
138.900829,-0.254666,-0.121899,9.740389,-0.014486,-0.019378,0.007168
138.910698,-0.178678,-0.313757,9.787704,-0.009322,-0.033423,0.009620
138.920591,-0.123003,-0.144609,9.844667,-0.002366,-0.020727,0.014910
138.930474,-0.049861,-0.220023,9.680172,0.014873,-0.057507,0.014221
138.940383,-0.094474,-0.251066,9.679219,0.007250,-0.036435,0.022929
138.950248,-0.199431,-0.302697,9.746867,0.005305,-0.043039,0.029720
138.960137,-0.117391,-0.312002,9.843031,0.010213,-0.026907,0.015919
138.970015,-0.192440,-0.067972,9.726911,0.014061,-0.038932,0.010248
138.979919,-0.280643,-0.112535,9.645080,0.007046,-0.000165,-0.000039
138.989796,-0.154502,-0.249089,9.709510,-0.030208,-0.036688,0.002934
138.999689,-0.245874,-0.191197,9.774916,-0.016819,-0.038378,-0.007416
139.009566,-0.160949,-0.313319,9.655953,-0.033092,-0.025632,0.006395
139.019464,-0.232569,-0.216834,9.760556,-0.048859,-0.014047,0.000127
139.029332,-0.267831,-0.040282,9.749221,-0.051270,0.022070,0.004163
139.039233,-0.071284,-0.052595,9.695751,-0.000047,-0.009722,-0.009283
139.049105,-0.170143,-0.190152,9.756324,0.009803,-0.013859,-0.001987
139.059013,-0.171736,-0.149337,9.682832,0.026760,0.035343,0.004525
139.068882,-0.190085,-0.154978,9.708730,0.012021,-0.013844,-0.005508
139.078773,-0.232327,-0.060477,9.680070,0.006911,0.001086,-0.007374
139.088651,-0.177226,-0.176906,9.682451,0.022974,-0.040658,-0.020003
139.098565,-0.315903,-0.195704,9.658916,0.005552,-0.021381,-0.019937
139.108432,-0.239911,-0.110649,9.748596,-0.037279,-0.008977,-0.012899
139.118329,-0.207672,-0.067767,9.697411,-0.042788,-0.026561,-0.008353
139.128201,-0.251554,-0.003851,9.720370,-0.044979,-0.045689,-0.022898
139.138103,-0.232996,-0.280667,9.720263,-0.048556,0.008561,-0.023662
139.147971,-0.302833,-0.174822,9.647168,-0.060995,-0.035227,-0.025971
139.157875,-0.132389,-0.154761,9.651494,-0.027719,-0.002955,-0.033495
139.167743,-0.229686,-0.164392,9.658774,-0.011077,-0.070059,-0.008196
139.177647,-0.241847,-0.222094,9.640251,0.027536,-0.073314,0.019050
139.187517,-0.142412,-0.221238,9.784010,0.079843,-0.116128,0.014609
139.197411,-0.206405,-0.160895,9.680771,0.145189,-0.103202,0.010117
139.207292,-0.101398,-0.193849,9.611306,0.166231,-0.105897,0.026911
139.217200,-0.114032,-0.299627,9.612157,0.138386,-0.123612,0.046536
139.227064,-0.171044,-0.206643,9.604350,0.173347,-0.121644,0.036881
139.236957,-0.092031,-0.150151,9.742386,0.134078,-0.122411,0.038677
139.246840,-0.285780,-0.007245,9.730231,0.081224,-0.119015,0.028888
139.256739,-0.226064,-0.256146,9.715690,0.067170,-0.100466,0.018844
139.266618,-0.151101,-0.182941,9.715665,0.029340,-0.102032,0.021833
139.276505,-0.158564,-0.098398,9.668600,0.008944,-0.106623,0.032442
139.286386,-0.182486,-0.293155,9.780839,0.010940,-0.089528,0.034997
139.296287,-0.267034,-0.128067,9.882776,0.000289,-0.042425,0.029202
139.306154,-0.144812,-0.172392,9.721567,0.014471,-0.054252,0.025528
139.316051,-0.081882,-0.208275,9.712562,0.011650,-0.012858,0.022575
139.325941,-0.169712,-0.238366,9.716786,0.013097,0.013820,0.036940
139.335835,-0.242922,-0.222082,9.971836,0.028130,0.034671,0.024157
139.345700,-0.229111,-0.067644,9.844550,0.047296,0.009471,0.013721
139.355597,-0.296339,-0.153522,9.751036,0.044781,0.004839,-0.002273
139.365478,-0.208817,-0.273716,9.776464,0.030563,-0.025735,0.000043
139.375381,-0.213883,-0.132808,9.803904,0.011099,-0.029983,0.005372
139.385251,-0.250245,-0.062198,9.882844,0.006097,-0.056347,0.010822
139.395147,-0.317096,-0.051214,9.846499,0.012503,-0.052602,0.009282
139.405019,-0.288498,-0.120778,9.839224,0.033650,-0.049857,-0.001589
139.414925,-0.176409,-0.186255,9.731431,0.015517,-0.025962,-0.012160
139.424794,-0.211900,-0.167494,9.830294,0.015417,-0.044817,-0.000646
139.434688,-0.168071,-0.155803,9.816030,0.019105,-0.027377,0.008059
139.444572,-0.233250,-0.150550,9.938392,0.030315,-0.028996,0.011862
139.454473,-0.301611,-0.179016,9.870935,0.039432,-0.011107,0.004513
139.464338,-0.177972,-0.197532,9.839777,0.036728,0.019872,-0.004413
139.474240,-0.113694,-0.216116,9.790199,0.003717,0.019734,-0.006831
139.484113,-0.177483,-0.220896,9.733615,-0.008785,0.059908,0.013012
139.494018,-0.119893,-0.315758,9.837060,-0.028969,0.029975,0.006324
139.503886,-0.217013,-0.059324,9.869172,-0.048481,0.042680,0.006440
139.513790,-0.227062,-0.150068,9.834719,-0.041902,0.013746,-0.010990
139.523659,-0.089074,-0.198428,9.786033,-0.059305,-0.008817,-0.020383
139.533569,-0.195131,-0.105259,9.803652,-0.050847,-0.012095,-0.009043
139.543441,-0.164489,-0.234118,9.733694,-0.026702,-0.006414,-0.000396
139.553326,-0.197148,-0.169900,9.843624,-0.004525,-0.015765,-0.010333
139.563203,-0.177727,-0.152664,9.765870,0.030957,-0.001676,-0.013959
139.573118,-0.110328,-0.183845,9.827949,0.031562,-0.016812,-0.013149
139.582981,-0.273204,-0.301943,9.847319,0.033521,-0.019744,0.007322
139.592872,-0.161066,-0.232658,9.891951,0.047964,-0.013016,0.001854
139.602750,-0.050621,-0.311150,9.889674,0.024330,0.006564,0.000048
139.612654,-0.223098,-0.268457,9.758703,0.022986,0.021291,-0.009037
139.622524,-0.163568,-0.187475,9.860657,0.004409,-0.010463,-0.014243
139.632418,-0.159081,-0.211255,9.790777,-0.041427,-0.001336,-0.021999
139.642299,-0.290805,-0.079802,9.864605,-0.022934,-0.009540,-0.009157
139.652209,-0.151903,-0.104008,9.888427,-0.002641,-0.032113,-0.006915
139.662071,-0.215016,-0.028473,9.889803,-0.002164,0.015199,-0.011927
139.671963,-0.288557,-0.139732,9.821614,-0.007280,0.001991,-0.010887
139.681846,-0.169500,-0.111660,9.822659,-0.014534,0.002827,-0.006625
139.691747,-0.199424,-0.025320,9.758323,-0.003639,0.009480,0.007771
139.701617,-0.171662,-0.109531,9.771904,-0.001589,0.004333,-0.001778
139.711518,-0.239383,-0.181716,9.884019,0.013770,0.018658,-0.006195
139.721388,-0.303143,-0.000790,9.793882,0.004791,0.023800,-0.015606
139.731292,-0.245042,-0.186021,9.800544,-0.012756,0.004863,-0.015380
139.741165,-0.210534,-0.215972,9.783372,-0.011856,-0.014583,-0.009694
139.751062,-0.076880,-0.072551,9.721790,-0.006296,-0.028372,-0.001687
139.760934,-0.142450,-0.182731,9.777063,-0.005599,-0.024887,-0.006936
139.770843,-0.263284,-0.055622,9.890090,-0.003239,-0.021280,-0.009119
139.780712,-0.169732,-0.232512,9.838252,-0.008255,0.003826,-0.021583
139.790601,-0.107168,-0.185844,9.860203,-0.007769,0.021507,-0.002877
139.800485,-0.128047,-0.255693,9.766038,0.009308,0.021681,0.001165
139.810389,-0.109914,-0.222009,9.798725,-0.007675,0.044650,-0.004326
139.820257,-0.109210,-0.174274,9.820406,-0.021559,0.075640,-0.019181
139.830150,-0.231556,-0.194727,9.822628,-0.001469,0.049830,-0.020684
139.840030,-0.097460,-0.255341,9.845288,-0.036179,0.044921,-0.018732
139.849931,-0.155177,-0.212968,9.839837,-0.037891,0.023553,-0.017553
139.859804,-0.145907,-0.263738,9.773096,-0.023495,-0.002539,-0.011328
139.869697,-0.086102,-0.238940,9.863971,-0.023713,-0.015457,-0.003517
139.879571,-0.196022,-0.017983,9.858610,-0.016994,-0.034051,-0.014531
139.889486,-0.105956,-0.202086,9.916417,-0.015352,-0.042853,-0.004499
139.899345,-0.263488,-0.255120,9.938733,0.009878,-0.049072,-0.001147
139.909242,-0.282970,-0.094490,9.814167,0.017843,-0.020384,0.002025
139.919128,-0.073419,-0.182182,9.830171,0.000822,0.015565,-0.009618
139.929038,-0.207952,-0.199165,9.663452,-0.001593,0.026754,-0.014722
139.938902,-0.169261,-0.293534,9.842370,-0.022124,0.023955,-0.019860
139.948787,-0.144485,-0.229308,9.855847,-0.024702,0.024578,-0.024127
139.958664,-0.289372,-0.115898,9.837499,-0.037905,0.037716,-0.021217
139.968567,-0.196925,-0.093506,9.774982,-0.037025,0.019267,-0.010870
139.978451,-0.183328,-0.072986,9.820032,-0.032621,0.021966,-0.015150
139.988331,-0.286627,-0.062142,9.824640,-0.019202,0.013546,-0.008597
139.998210,-0.231838,-0.097989,9.962939,-0.009502,0.017266,0.001697
140.008115,-0.289264,-0.025652,9.993181,-0.006047,0.015493,-0.002514
140.017989,-0.207095,0.027024,9.832933,-0.037179,0.036237,-0.000079
140.027881,-0.242833,-0.235522,9.856022,-0.043218,0.039836,-0.010997
140.037756,-0.215314,-0.091518,9.679363,-0.082835,0.008946,-0.018723
140.047660,-0.131243,-0.134796,9.816061,-0.070157,0.012535,-0.025016
140.057543,-0.191306,-0.149758,9.832933,-0.070340,0.002515,-0.027186
140.067425,-0.273938,-0.134027,9.843132,-0.086601,-0.014872,-0.022839
140.077306,-0.090111,-0.196948,9.722212,-0.072119,0.010519,-0.013628
140.087216,-0.130831,-0.153434,9.787874,-0.062579,0.001836,-0.024677
140.097074,-0.248416,-0.141349,9.738430,-0.055610,0.024092,-0.021952
140.106971,-0.212807,-0.063051,9.960925,-0.035701,0.020653,-0.013924
140.116847,-0.191927,-0.072802,9.871533,-0.029209,0.031931,-0.012155
140.126751,-0.221293,-0.075510,9.745920,-0.026701,0.049245,-0.009018
140.136625,-0.143250,-0.149545,9.669963,-0.048099,0.036710,-0.016612
140.146518,-0.168823,-0.079472,9.758853,-0.053569,0.022071,-0.012209
140.156393,-0.199057,-0.241666,9.675570,-0.048595,0.017440,-0.028234
140.166307,-0.282460,-0.166427,9.801451,-0.054035,0.020125,-0.019012
140.176166,-0.125584,-0.166158,9.679981,-0.093373,0.012881,-0.018358
140.186066,-0.104526,-0.196849,9.731885,-0.072795,0.003067,-0.020411
140.195939,-0.183491,-0.179814,9.652045,-0.079064,0.015479,-0.011260
140.205853,-0.212738,-0.243433,9.835980,-0.072305,-0.010011,-0.020621
140.215717,-0.138711,-0.152290,9.857157,-0.069020,0.011839,-0.025595
140.225609,-0.177950,-0.082236,9.797561,-0.064705,0.000441,-0.016284
140.235486,-0.179077,-0.253960,9.768162,-0.063607,0.015489,-0.008317
140.245399,-0.216457,-0.017248,9.736784,-0.051866,0.011368,-0.012433
140.255267,-0.209402,-0.014059,9.697933,-0.007487,0.034252,-0.013444
140.265161,-0.223628,-0.067381,9.743440,-0.019083,0.007633,-0.026449
140.275031,-0.327424,-0.207805,9.818343,-0.026978,0.006561,-0.020386
140.284935,-0.120627,-0.189408,9.672546,-0.030509,0.011819,0.000281
140.294805,-0.115578,-0.122983,9.677009,-0.029063,-0.000361,-0.018589
140.304700,-0.113996,-0.186627,9.614818,-0.035874,-0.023397,-0.018047
140.314582,-0.184603,-0.255660,9.744585,-0.038054,-0.044902,-0.024325
140.324484,-0.253144,-0.175462,9.817960,-0.061417,-0.023048,-0.018127
140.334350,-0.099975,-0.239583,9.753835,-0.072720,-0.049024,-0.011653
140.344252,-0.159961,-0.315360,9.789801,-0.073899,-0.039316,-0.005510
140.354127,-0.260299,-0.220298,9.706714,-0.086065,-0.047916,0.001491
140.364027,-0.109533,-0.168207,9.723422,-0.040820,-0.055590,-0.013425
140.373895,-0.225573,-0.078792,9.785135,-0.029442,-0.023859,-0.011533
140.383790,-0.104423,-0.139746,9.674536,-0.051436,-0.027356,-0.007931
140.393669,-0.128283,-0.332354,9.663658,-0.044040,-0.017054,0.017395
140.403573,-0.229047,-0.096510,9.639824,0.008634,-0.002089,-0.006442
140.413442,-0.088128,-0.120979,9.664001,-0.003533,0.019966,-0.016036
140.423338,-0.268764,-0.089239,9.650683,-0.005286,0.002969,-0.020723
140.433216,-0.170753,-0.225790,9.671630,-0.018668,-0.030829,-0.020005
140.443119,-0.127346,-0.205392,9.652335,-0.033090,-0.050533,-0.027477
140.452993,-0.152624,-0.053521,9.576067,-0.040554,-0.075199,-0.019577
140.462890,-0.146598,-0.358044,9.589664,-0.064491,-0.051154,-0.017141
140.472760,-0.157443,-0.226514,9.683569,-0.036938,-0.047298,-0.028343
140.482666,-0.160712,-0.281528,9.664236,-0.048872,-0.061087,-0.014157
140.492538,-0.093601,-0.156836,9.716547,-0.024509,-0.059092,0.008367
140.502437,-0.058580,-0.132325,9.616536,0.005717,-0.045543,0.020980
140.512313,-0.183414,-0.186601,9.677637,0.037079,-0.076080,0.022427
140.522214,-0.236485,-0.099639,9.680378,0.079482,-0.081691,0.036366
140.532085,-0.292873,-0.048473,9.812623,0.104351,-0.137299,0.028868
140.541979,-0.167013,-0.155646,9.758778,0.140429,-0.170618,0.025993
140.551858,-0.272580,-0.207889,9.821948,0.144876,-0.197582,0.025001
140.561760,-0.108323,-0.265486,9.718224,0.148836,-0.217914,0.036982
140.571626,-0.210152,-0.132821,9.866769,0.144974,-0.174329,0.050523
140.581525,-0.227037,-0.120129,9.769297,0.150832,-0.193681,0.040354
140.591400,-0.181865,-0.252237,9.890851,0.129761,-0.170204,0.049283
140.601308,-0.247077,-0.223368,9.885233,0.090913,-0.143664,0.049461
140.611173,-0.195900,-0.148351,9.820837,0.061517,-0.116641,0.054346
140.621068,-0.167215,-0.340139,9.754761,0.052320,-0.075094,0.049809
140.630946,-0.265240,-0.019048,9.850916,0.011821,-0.090272,0.042061
140.640852,-0.173770,-0.107663,9.846683,0.000023,-0.055292,0.034142
140.650726,-0.199032,-0.140055,9.926265,-0.016592,-0.063684,0.047689
140.660618,-0.259089,-0.182805,9.890740,-0.013318,-0.050651,0.052072
140.670496,-0.057568,-0.304717,9.815830,0.009859,-0.018114,0.038628
140.680396,-0.136318,-0.225687,9.728927,-0.026170,-0.016199,0.040395
140.690270,-0.173781,-0.273781,9.740031,0.006388,-0.013284,0.027011
140.700165,-0.079815,-0.309614,9.780213,0.006756,-0.019902,0.027982
140.710037,-0.156151,-0.209812,9.758314,0.002212,-0.075595,0.020974
140.719947,-0.141028,-0.223722,9.795838,0.003901,-0.055152,0.026678
140.729818,-0.181788,-0.196901,9.885844,0.010500,-0.066801,0.024455
140.739711,-0.191653,-0.071618,9.902853,0.030789,-0.104412,0.026313
140.749585,-0.190537,-0.189581,9.900321,0.057049,-0.108595,0.022843
140.759496,-0.277861,-0.174222,9.961339,0.082208,-0.105933,0.030276
140.769365,-0.238308,-0.157407,9.936267,0.084452,-0.113402,0.029879
140.779255,-0.104649,-0.161419,9.889463,0.037747,-0.105587,0.033401
140.789136,-0.266759,-0.077468,9.889694,0.035291,-0.076458,0.028172
140.799033,-0.267383,-0.145088,9.853501,0.023044,-0.071235,0.028843
140.808904,-0.106441,-0.134895,9.864949,0.032813,-0.035925,0.016160
140.818798,-0.245854,-0.252044,9.893044,-0.003173,-0.023476,0.009360
140.828683,-0.152030,-0.241124,9.825890,-0.023131,-0.044256,0.010264
140.838579,-0.216229,-0.197236,9.966525,-0.019567,-0.004495,0.028921
140.848450,-0.166878,-0.202565,9.804459,-0.020861,0.008326,0.010242
140.858344,-0.110605,-0.353944,9.984183,-0.050078,0.036015,0.013692
140.868222,-0.122854,-0.175828,9.847175,-0.020154,0.013918,0.002978
140.878128,-0.108811,-0.122982,9.852639,-0.030508,0.043237,0.007746
140.888002,-0.155666,-0.239666,9.793503,-0.023827,0.000200,0.013127
140.897891,-0.193810,-0.068791,9.803655,-0.001186,0.018551,0.015722
140.907773,-0.111122,-0.118293,9.864011,0.014152,-0.004591,0.015082
140.917675,-0.200150,-0.083866,9.938063,0.032226,-0.013510,0.013576
140.927541,-0.168149,-0.214431,9.841561,0.047213,-0.030465,-0.006221
140.937445,0.005287,-0.244622,9.788173,0.037406,-0.019462,-0.003698
140.947313,-0.094796,-0.316639,9.806664,0.023876,-0.037924,0.009331
140.957225,-0.091892,-0.254982,9.797568,0.021520,-0.018725,0.017885
140.967087,0.002617,-0.301759,9.926171,-0.013459,-0.008801,0.012017
140.976991,-0.058134,-0.181042,9.791794,-0.011248,-0.023133,0.014020
140.986865,-0.098662,-0.412180,9.824372,0.001426,-0.012321,0.001428
140.996768,-0.092897,-0.242442,9.778349,-0.007738,-0.007631,-0.001566
141.006632,-0.181994,-0.162062,9.872161,-0.018059,-0.012701,0.004376
141.016532,-0.180613,-0.207863,9.814596,-0.003471,0.015028,0.007013
141.026416,-0.146798,-0.204288,9.941732,0.011392,0.034128,0.003951
141.036322,-0.150148,-0.181995,9.915382,0.056173,0.034099,-0.003054
141.046182,-0.102464,-0.279612,9.928485,0.030342,0.052744,-0.007346
141.056073,-0.181056,-0.240937,9.845087,0.015484,0.055543,-0.001397
141.065955,-0.087350,-0.192483,9.924036,0.014494,0.014734,0.009868
141.075862,-0.101561,-0.244815,9.892391,0.006822,0.038251,0.002155
141.085732,-0.185850,-0.053845,9.858616,-0.008898,0.033846,0.013010
141.095623,-0.048935,-0.188914,9.840052,-0.030161,0.027104,0.001559
141.105500,-0.119716,-0.108533,9.745902,0.000390,-0.027927,-0.001275
141.115404,-0.138053,-0.262978,9.838842,-0.007779,-0.009157,-0.003392
141.125277,-0.113613,-0.090760,9.853346,-0.014516,0.005308,0.003097
141.135177,-0.145752,-0.072074,9.863136,0.019388,0.029996,0.005025
141.145046,-0.201548,-0.044633,9.808999,0.036395,0.045673,0.005535
141.154950,-0.158121,-0.213363,9.859797,0.050479,0.030094,-0.004071
141.164819,-0.295064,-0.085251,9.860253,0.034840,0.074978,-0.004564
141.174720,-0.098857,-0.197355,9.761695,0.044667,0.038858,-0.010416
141.184597,-0.161284,-0.193524,9.838447,0.041712,0.027042,-0.018735
141.194499,-0.100714,-0.133059,9.815151,0.036760,0.011072,-0.017646
141.204375,-0.038789,-0.238462,9.853477,0.030627,0.001743,-0.011988
141.214264,-0.133147,-0.193994,9.874552,0.048591,-0.006880,-0.000990
141.224139,-0.059359,-0.268357,9.807172,0.043309,0.022201,-0.012812
141.234041,-0.024266,-0.249816,9.771748,0.032189,0.007786,-0.016936
141.243920,-0.172652,-0.198038,9.769977,0.019241,0.032117,-0.015225
141.253816,-0.137079,-0.323438,9.812549,0.015996,0.033010,-0.009512
141.263688,-0.106718,-0.234437,9.868544,0.009286,0.023376,-0.009850
141.273589,-0.244022,-0.072115,9.827397,0.020761,0.021426,-0.010194
141.283456,-0.151164,-0.229673,9.791308,0.021090,0.023938,-0.020409
141.293351,-0.117468,-0.120599,9.835518,0.042082,0.014929,-0.021421
141.303230,-0.040470,-0.258079,9.738891,0.045401,-0.010626,-0.002766
141.313144,-0.048834,-0.334979,9.763169,0.038678,-0.011580,0.006471
141.323011,-0.133546,-0.249033,9.760414,0.031435,0.034332,0.001268
141.332901,-0.020314,-0.250150,9.823793,0.036433,0.038370,-0.003300
141.342775,-0.047220,-0.177210,9.755937,0.075539,0.036191,-0.017903
141.352681,-0.144104,-0.226282,9.786598,0.040028,0.039194,-0.026847
141.362548,-0.084273,-0.166487,9.772055,0.047886,0.015732,-0.032132
141.372444,-0.049972,-0.113436,9.819387,0.031773,0.023871,-0.041518
141.382330,-0.093237,-0.187306,9.773080,-0.004048,0.022743,-0.010983
141.392231,-0.122924,-0.292889,9.966521,-0.001693,0.019757,-0.027560
141.402098,-0.170212,-0.162264,9.893948,0.008602,0.029597,-0.024403
141.411997,-0.047513,-0.195596,9.817888,0.040114,0.038188,-0.039241
141.421869,-0.133213,-0.238004,9.717009,0.043132,0.027857,-0.028079
141.431773,-0.160159,-0.146643,9.790426,0.037723,0.037015,-0.028186
141.441647,0.014693,-0.145097,9.817045,0.034136,0.033059,-0.018984
141.451538,-0.166702,-0.050267,9.824705,0.048143,0.055344,-0.017609
141.461416,-0.222270,-0.172127,9.745821,0.065739,0.034073,-0.026716
141.471326,-0.083821,-0.207594,9.772683,0.046446,0.043108,-0.023467
141.481189,-0.057614,-0.155603,9.777764,0.012607,0.047011,-0.015411
141.491086,0.025255,-0.097056,9.799428,0.007865,0.059971,-0.006914
141.500967,-0.111371,-0.234558,9.825420,-0.041678,0.020594,-0.005143
141.510869,-0.080605,-0.194742,9.774491,0.016702,0.057969,-0.018447
141.520740,0.041923,-0.321604,9.693183,-0.023813,0.011684,-0.015498
141.530630,-0.127848,-0.202555,9.714860,-0.025346,0.019065,-0.011957
141.540513,-0.159214,-0.154936,9.740624,0.020446,0.043746,-0.020843
141.550412,-0.113866,-0.125048,9.893672,0.013317,0.029694,-0.006371
141.560285,-0.090300,-0.092313,9.694474,0.028833,0.030929,-0.003499
141.570177,0.007509,-0.276113,9.726587,0.062066,0.015084,-0.000882
141.580058,-0.034135,-0.300432,9.640915,0.084785,-0.005087,-0.010651
141.589955,-0.072865,-0.235920,9.751301,0.073470,0.021578,-0.016208
141.599823,-0.014140,-0.254310,9.642061,0.106353,0.037938,-0.022216
141.609725,-0.159301,-0.188246,9.729452,0.060018,-0.002085,-0.010641
141.619600,-0.143902,-0.247553,9.787649,0.092306,-0.008842,-0.004175
141.629501,-0.094907,-0.155170,9.809950,0.063230,0.022977,0.000002
141.639380,-0.084516,-0.168264,9.700196,0.045491,0.032163,0.001037
141.649269,-0.096117,-0.273759,9.782290,0.037827,0.018723,-0.002711
141.659151,-0.090748,-0.315147,9.666211,0.041424,0.041471,-0.003763
141.669056,-0.052883,-0.174305,9.734764,-0.002707,0.033825,0.008998
141.678921,-0.129778,-0.170337,9.815735,-0.030312,0.046468,0.019126
141.688811,-0.208085,-0.040338,9.797703,-0.024457,0.021981,0.011508
141.698696,-0.136187,-0.275313,9.846090,-0.057896,0.017895,0.017322
141.708597,-0.084821,-0.076867,9.799479,-0.003770,0.006970,0.009029
141.718466,0.034995,-0.171071,9.712315,0.055519,0.019666,-0.005847
141.728365,0.031466,-0.194150,9.690288,0.022176,0.032678,0.011331
141.738243,-0.065099,-0.251952,9.598592,0.067094,0.031922,0.017272
141.748147,-0.147720,-0.304994,9.795076,0.072818,0.006728,0.004206
141.758008,-0.145423,-0.071478,9.777245,0.051821,0.021642,0.000684
141.767910,-0.217005,-0.094897,9.846609,0.001874,-0.018820,-0.009938
141.777785,-0.167644,-0.182783,9.826829,0.006874,-0.033740,-0.005138
141.787689,-0.140930,-0.165468,9.806064,0.019293,-0.035799,-0.007143
141.797552,0.049691,-0.201132,9.726072,0.022341,-0.055306,-0.001107
141.807448,-0.068264,-0.169254,9.732233,0.018953,-0.040454,0.020865
141.817329,-0.025314,-0.219768,9.678179,0.048636,-0.034712,0.012304
141.827239,-0.137012,-0.234480,9.921606,0.071516,0.045243,0.014903
141.837111,-0.173592,-0.159428,9.799317,0.098686,0.048249,0.000098
141.846997,-0.013893,-0.159587,9.793519,0.040750,0.053958,0.018905
141.856883,-0.026155,-0.148524,9.795683,0.034318,0.052713,0.015618
141.866786,-0.050844,-0.177667,9.742312,0.028462,0.063569,0.008385
141.876658,0.026829,-0.329098,9.700301,-0.010218,0.067069,0.013247
141.886543,-0.098103,-0.025744,9.713162,0.024801,0.061060,0.006113
141.896427,0.016043,-0.218505,9.709353,0.014197,0.022120,0.002873
141.906334,-0.152994,-0.197138,9.784541,-0.002087,0.008927,0.006198
141.916203,-0.152759,-0.196205,9.809902,0.005743,0.011536,0.001381
141.926100,-0.108100,-0.122912,9.912993,-0.004819,-0.006237,0.011403
141.935968,-0.109593,-0.076360,9.683949,0.046181,0.021838,0.014650
141.945867,0.029563,-0.211534,9.791320,0.063707,0.019492,0.002424
141.955736,-0.094183,-0.193061,9.642757,0.016435,-0.023195,0.008580
141.965640,-0.104840,-0.283928,9.757018,0.016539,-0.025658,0.005351
141.975519,0.025529,-0.245872,9.644850,0.028956,-0.005286,0.007878
141.985424,0.027117,-0.161385,9.809873,0.055642,-0.014276,-0.004040
141.995292,-0.084429,-0.230169,9.782737,0.078877,0.009224,-0.006209
142.005187,-0.193946,-0.096752,9.823127,0.037900,-0.018266,0.005220
142.015065,-0.073599,-0.088853,9.722544,0.047143,-0.045362,0.012505
142.024965,-0.095887,-0.112107,9.785375,0.024159,-0.027151,0.001565
142.034837,-0.156763,-0.071260,9.797433,0.001996,-0.017113,0.001239
142.044726,-0.156832,-0.140438,9.828998,0.001703,-0.018164,0.008118
142.054605,-0.211713,-0.130321,9.875983,0.010918,0.000880,0.024482
142.064513,-0.158786,-0.038180,9.914353,-0.039286,0.053368,0.026964
142.074380,-0.132104,-0.083308,9.900716,-0.009862,0.047895,0.028081
142.084284,-0.195458,0.101305,9.775175,-0.032835,0.022579,0.022309
142.094151,-0.210859,-0.096229,9.765486,0.007047,0.075573,0.009923
142.104056,-0.158579,-0.104549,9.755274,0.035135,0.047577,0.003802
142.113920,-0.021753,-0.242090,9.811843,-0.029268,0.029379,0.002731
142.123824,-0.112962,-0.128599,9.746228,0.005730,0.035629,0.004959
142.133702,-0.088476,-0.174534,9.785684,-0.000408,-0.002155,0.010829
142.143607,-0.093533,-0.201585,9.814417,0.013832,-0.009100,0.011671
142.153468,-0.153302,-0.122954,9.845533,0.027230,0.014949,0.019116
142.163365,-0.041051,-0.113640,9.831828,0.057016,0.039125,0.010895
142.173241,-0.158998,-0.076954,9.827477,0.065029,0.039622,0.002459
142.183143,-0.092494,-0.194240,9.764008,0.044985,0.006411,0.003462
142.193013,-0.120294,-0.221654,9.694773,0.022580,0.042424,0.011037
142.202909,-0.118141,-0.189552,9.765297,0.010312,0.026299,0.007420
142.212793,-0.064423,-0.130060,9.841314,-0.038765,0.021922,0.007207
142.222694,-0.123499,-0.034835,9.838937,-0.070669,0.008748,0.019017
142.232561,-0.128548,-0.153328,9.878103,-0.067840,-0.013266,0.011104
142.242464,-0.237984,-0.131182,9.838792,-0.062953,-0.022718,0.013729
142.252332,-0.213510,-0.176900,9.830552,-0.045495,-0.007857,0.007031
142.262235,-0.098205,-0.011309,9.714586,-0.046455,-0.023680,0.003681
142.272110,-0.150720,-0.009505,9.802180,-0.022616,-0.013895,0.009571
142.282012,-0.091113,-0.095068,9.754460,0.024913,-0.020051,0.000474
142.291880,-0.129160,-0.168536,9.824685,0.011798,-0.024839,0.012895
142.301782,-0.146933,-0.202256,9.809431,0.034298,-0.014234,0.014266
142.311666,-0.164905,-0.098016,9.875185,0.068124,0.008115,0.028612
142.321551,-0.153391,-0.125069,9.736043,0.055108,0.034333,0.010801
142.331427,-0.021106,-0.180551,9.815595,0.064743,0.013015,0.016762
142.341333,-0.083920,-0.125185,9.769048,0.039178,0.003279,0.022185
142.351199,-0.064533,-0.209462,9.738981,-0.016282,0.043201,0.009874
142.361099,-0.205291,-0.183553,9.701745,-0.049971,0.001856,0.013666
142.370977,-0.111536,-0.204669,9.771143,-0.048979,0.003928,0.012851
142.380887,-0.062644,-0.138701,9.756330,-0.079896,-0.041907,0.026663
142.390749,-0.074467,0.026401,9.800360,-0.071368,-0.005195,0.028534
142.400644,-0.150157,-0.056499,9.763471,-0.064082,-0.001126,0.026486
142.410531,-0.226526,0.053646,9.831681,-0.069621,-0.037746,0.033054
142.420423,-0.186970,-0.140240,9.879238,-0.022666,-0.010404,0.029483
142.430292,-0.233443,-0.022994,9.812621,0.051403,-0.026950,0.010442
142.440187,-0.037939,-0.117434,9.737365,0.023453,-0.038925,0.016614
142.450066,-0.101596,-0.081315,9.670657,0.069405,0.011786,0.008142
142.459968,-0.114985,-0.177927,9.732925,0.053380,-0.021808,0.013473
142.469845,-0.155076,-0.127385,9.827560,0.069067,-0.023832,0.007359
142.479735,-0.170946,-0.158587,9.866517,0.073558,-0.033452,0.022732
142.489614,-0.054895,-0.070019,9.898200,0.077891,-0.030521,0.029013
142.499523,-0.128167,0.012723,9.860244,0.032791,0.000779,0.016137
142.509385,-0.052338,-0.129474,9.829508,0.029612,0.008008,0.015278
142.519282,-0.121601,-0.123394,9.764051,-0.012810,0.017129,0.021262
142.529159,-0.161255,-0.171096,9.798062,-0.042560,0.051366,0.021367
142.539063,-0.150689,-0.126609,9.853776,-0.059820,0.036598,0.022969
142.548931,-0.096697,-0.078933,9.877753,-0.106493,0.032017,0.018970
142.558831,-0.063797,0.000894,9.905363,-0.151733,0.074607,0.024685
142.568704,-0.065073,0.066203,9.736551,-0.130741,0.028320,0.018292
142.578615,-0.072471,-0.122952,9.727984,-0.093506,0.010121,0.018738
142.588484,-0.099657,-0.100189,9.693576,-0.078565,-0.002606,0.004783
142.598375,-0.158656,-0.118978,9.778160,-0.078937,-0.013332,0.009727
142.608258,-0.131814,0.027527,9.766397,0.018700,-0.015278,-0.001653
142.618155,-0.086762,-0.082930,9.937739,0.052189,-0.043211,-0.011653
142.628029,-0.158263,-0.052837,9.842458,0.041424,-0.058237,0.001289
142.637925,-0.225395,-0.071042,9.826952,0.074048,-0.052686,-0.007322
142.647800,-0.091565,-0.175006,9.768126,0.083171,-0.040225,-0.006204
142.657703,-0.065035,-0.076519,9.748125,0.068917,-0.043945,0.001714
142.667570,0.048436,-0.069921,9.682567,0.053473,-0.038381,0.003863
142.677470,-0.129180,-0.052914,9.772898,0.045412,0.009209,0.005040
142.687343,-0.162702,-0.240829,9.726681,0.032895,-0.005582,-0.006549
142.697247,-0.004777,-0.247472,9.860966,-0.009449,0.013076,-0.000751
142.707117,-0.079296,-0.054507,9.807830,-0.024359,0.016560,0.004217
142.717016,0.075029,-0.091755,9.727699,-0.035283,0.019725,0.000194
142.726893,-0.005555,-0.178655,9.741335,-0.030572,0.038856,0.001682
142.736798,-0.018201,-0.195126,9.719543,-0.050570,0.032287,0.011849
142.746666,0.009985,-0.366988,9.767149,-0.055175,0.035587,0.009496
142.756559,-0.034723,-0.131100,9.680253,-0.027312,0.062858,0.003882
142.766439,0.109350,-0.188753,9.736767,-0.008128,0.065503,0.002765
142.776344,-0.069574,-0.003953,9.670020,-0.001795,0.029872,-0.000610
142.786211,0.038758,-0.114323,9.820199,0.016193,0.026924,-0.000648
142.796105,-0.108209,-0.188193,9.725894,0.000433,-0.014720,0.002459
142.805982,-0.048722,-0.222656,9.808034,0.028654,0.003472,-0.007475
142.815889,0.000108,-0.143915,9.711525,0.021304,-0.007200,0.004807
142.825758,-0.019058,-0.111791,9.628523,0.038730,-0.007987,0.001065
142.835649,-0.065385,-0.199542,9.718517,0.047955,-0.024897,0.004829
142.845531,-0.130296,-0.163294,9.780670,0.060611,-0.006657,0.004890
142.855435,-0.060653,-0.243609,9.831608,0.045808,-0.028753,-0.002892
142.865303,-0.121668,-0.093428,9.799848,0.033409,-0.016084,-0.001921
142.875195,-0.021979,-0.177450,9.719434,0.046890,0.025728,-0.016945
142.885076,-0.018677,-0.153704,9.777157,0.010770,0.010895,-0.022696
142.894983,-0.093376,-0.153910,9.701485,-0.008835,0.030932,-0.021386
142.904848,-0.099703,-0.219592,9.764148,-0.041410,0.007147,-0.025611
142.914744,-0.165342,-0.166785,9.801208,-0.071310,0.036856,-0.034219
142.924624,-0.047454,-0.025759,9.773329,-0.116400,0.050376,-0.028519
142.934529,-0.091581,-0.065632,9.783209,-0.125717,0.049278,-0.039078
142.944399,-0.177621,0.075455,9.762167,-0.120643,0.026670,-0.035616
142.954289,-0.125265,-0.091234,9.803959,-0.129037,0.042313,-0.056070
142.964167,-0.213821,0.025975,9.837365,-0.117136,0.058067,-0.065270
142.974072,-0.002984,-0.062059,9.802515,-0.100562,0.011594,-0.052941
142.983934,-0.038398,-0.134210,9.794439,-0.028635,0.037989,-0.052979
142.993831,0.008128,-0.169251,9.694305,-0.027446,0.032752,-0.055045
143.003711,0.034205,-0.225892,9.751439,-0.059610,0.031547,-0.041736
143.013625,-0.043571,-0.158933,9.762621,-0.026483,0.031768,-0.050003
143.023485,0.019558,-0.111089,9.906277,0.015412,0.049027,-0.060845
143.033383,-0.089499,0.012124,9.752750,0.015258,0.060129,-0.077230
143.043254,-0.161959,-0.116169,9.748484,0.009942,0.037149,-0.088940
143.053165,-0.078554,-0.166418,9.739326,-0.031952,0.033020,-0.087674
143.063031,-0.019090,-0.064382,9.742460,-0.051987,0.040336,-0.083322
143.072925,0.043290,-0.168799,9.693654,-0.067650,0.005928,-0.080028
143.082807,-0.062093,-0.153317,9.715514,-0.101244,-0.008540,-0.058587
143.092710,-0.016651,-0.182124,9.689922,-0.086910,-0.017642,-0.074099
143.102580,-0.076869,-0.201270,9.876418,-0.101273,0.006186,-0.079543
143.112469,-0.113266,-0.077418,9.842165,-0.106650,0.022278,-0.080266
143.122349,0.007463,-0.121150,9.857337,-0.114198,0.043839,-0.080922
143.132255,-0.069373,-0.196302,9.868720,-0.113121,0.021971,-0.073529
143.142121,-0.131125,-0.172410,9.775409,-0.092613,0.036393,-0.066224
143.152021,-0.030646,-0.128089,9.800709,-0.064099,0.052925,-0.079928
143.161898,-0.178151,0.069058,9.797472,-0.056237,0.035423,-0.078037
143.171806,-0.019738,0.018517,9.756414,-0.026883,-0.017381,-0.063709
143.181670,0.024975,-0.152658,9.703937,-0.049337,-0.008061,-0.055581
143.191566,-0.053579,-0.071397,9.698883,-0.036961,-0.018194,-0.051419
143.201442,-0.089456,-0.153261,9.683444,-0.028393,0.013494,-0.058623
143.211348,-0.125535,-0.056113,9.712899,-0.059323,0.004791,-0.058137
143.221218,-0.031233,-0.127211,9.810987,-0.050977,0.023335,-0.069614
143.231110,-0.140858,-0.122579,9.736885,-0.078445,-0.003618,-0.069877
143.240985,-0.158206,-0.186523,9.756862,-0.068170,-0.007439,-0.059579
143.250892,-0.066309,-0.075475,9.822321,-0.124334,-0.023587,-0.039696
143.260759,-0.148878,-0.026508,9.804194,-0.049206,-0.001094,-0.062079
143.270660,-0.047311,-0.118213,9.881327,-0.077841,0.025221,-0.049692
143.280534,-0.049709,-0.066911,9.720488,-0.094076,0.016023,-0.050698
143.290441,-0.089761,-0.111539,9.674644,-0.034015,-0.004958,-0.048447
143.300305,-0.072326,-0.205052,9.747138,-0.056629,0.040990,-0.025804
143.310198,-0.075110,0.059501,9.743503,-0.015890,0.022948,-0.038787
143.320080,0.015681,-0.028028,9.714226,0.019798,0.032525,-0.030500
143.329980,-0.164495,-0.042668,9.870699,0.016912,0.019267,-0.039868
143.339851,-0.029732,-0.079207,9.761956,0.001497,-0.015407,-0.022375
143.349746,-0.043407,-0.175110,9.684142,-0.035550,-0.021831,-0.006228
143.359622,-0.172281,-0.110007,9.671739,-0.047955,-0.048097,-0.008721
143.369530,-0.087252,-0.184438,9.792186,-0.014923,-0.014013,-0.018243
143.379404,-0.047830,-0.097656,9.660482,-0.047594,-0.015382,-0.017338
143.389291,-0.107978,-0.169423,9.723610,-0.024056,-0.023060,-0.019819
143.399168,-0.096741,-0.180195,9.763419,-0.030867,-0.000835,-0.009108
143.409078,-0.145529,-0.089363,9.782484,-0.013888,-0.048369,0.003669
143.418937,-0.022061,-0.126789,9.817225,-0.016271,-0.027024,0.010188
143.428841,-0.025729,-0.103722,9.675807,0.017747,0.015479,0.014586
143.438718,-0.027501,-0.133618,9.607651,0.030943,-0.016434,0.003872
143.448625,-0.033102,-0.213244,9.631786,0.037117,0.005471,0.012106
143.458492,-0.073988,-0.136246,9.611833,0.018891,0.016486,0.005625
143.468388,0.001329,-0.176089,9.718417,-0.008626,0.000560,0.014558
143.478262,-0.189119,0.098090,9.793894,-0.007798,-0.007223,-0.007514
143.488169,-0.070103,-0.054233,9.774624,-0.044441,-0.038714,0.002046
143.498039,-0.016495,-0.144209,9.792930,-0.003892,-0.014839,0.005799
143.507937,-0.186291,-0.071634,9.863172,0.054559,0.020369,0.005906
143.517811,-0.125688,-0.089195,9.850874,0.051785,0.049597,-0.001283
143.527715,-0.106781,-0.043125,9.702276,0.023541,-0.004264,0.003008
143.537583,-0.049473,-0.091665,9.757798,0.020617,0.020421,-0.000674
143.547478,-0.114120,-0.153999,9.730775,0.039310,0.018910,0.009153
143.557357,-0.190933,0.065469,9.797290,-0.008617,-0.021151,0.023376
143.567264,-0.030710,0.014983,9.831217,-0.009496,-0.035152,0.022456
143.577128,-0.074392,0.047650,9.718425,0.043566,-0.012217,0.020475
143.587024,-0.066770,-0.119330,9.710284,0.020206,-0.028784,0.013090
143.596902,-0.122714,-0.134208,9.780576,0.007618,-0.041235,0.022464
143.606807,-0.127808,-0.171159,9.741490,-0.005497,-0.002481,0.025672
143.616673,0.032034,-0.254087,9.759442,-0.000365,-0.044523,0.032106
143.626569,0.008280,-0.166105,9.751863,-0.002128,-0.009292,0.020291
143.636448,-0.051405,-0.129390,9.815576,-0.009822,-0.002261,0.024801
143.646350,-0.194990,-0.152223,9.828463,-0.019436,-0.023164,0.017415
143.656222,-0.127171,-0.075626,9.738378,-0.007204,-0.014962,0.019800
143.666109,0.048419,-0.135634,9.724178,0.007943,-0.012639,0.019175
143.675995,-0.107929,-0.034923,9.730240,0.035349,-0.019837,0.029437
143.685896,-0.065184,-0.134198,9.643674,0.045210,-0.019267,0.030844
143.695761,-0.104391,-0.126196,9.827385,0.074306,0.029985,0.013281
143.705657,-0.177922,-0.133468,9.815829,0.065469,0.032533,0.018918
143.715535,-0.045606,-0.056304,9.918882,0.031486,-0.012238,0.022137
143.725439,-0.133894,0.005659,9.903022,0.035776,0.031552,0.008846
143.735307,-0.145838,-0.125088,9.784016,-0.007115,0.016511,0.024935
143.745199,-0.089808,-0.216764,9.773925,-0.032837,-0.031284,0.020693
143.755083,-0.153615,-0.048095,9.811425,-0.017590,-0.010468,0.021070
143.764983,-0.088709,-0.101502,9.763870,-0.026039,-0.006203,0.010996
143.774849,-0.158340,-0.088462,9.850264,-0.024650,-0.062357,0.003333
143.784748,-0.070939,-0.140467,9.767239,-0.000384,-0.031289,0.017475
143.794623,-0.126129,-0.094058,9.850558,0.055103,-0.013113,0.014283
143.804529,-0.188252,-0.004708,9.784170,0.061695,-0.029490,0.006906
143.814395,-0.032510,-0.094428,9.770554,0.068130,-0.010479,-0.002045
143.824291,-0.161300,-0.126974,9.667167,0.084069,0.003467,-0.009641
143.834167,-0.092978,-0.212666,9.705802,0.036683,0.019290,-0.005931
143.844070,-0.121056,-0.131651,9.778464,0.028910,-0.016335,0.005020
143.853939,-0.096609,0.003582,9.798729,0.037464,0.020032,0.006004
143.863836,-0.072671,-0.232521,9.794819,0.023071,-0.001905,-0.003781
143.873715,-0.202220,-0.136607,9.842661,0.016699,0.002774,0.011565
143.883624,-0.134837,-0.226370,9.812643,0.008826,0.039712,-0.010903
143.893485,-0.094454,-0.132811,9.756171,-0.038666,-0.019574,-0.004177
143.903382,-0.053820,-0.054646,9.780922,-0.016055,-0.006945,0.007605
143.913263,-0.116402,-0.084077,9.853898,-0.028631,-0.023796,0.004845
143.923163,-0.206025,-0.025696,9.714495,-0.000900,0.021483,-0.004505
143.933037,-0.233446,-0.124436,9.821055,0.010039,-0.023145,-0.012131
143.942930,-0.046296,-0.147192,9.725174,0.009663,-0.026450,-0.002128
143.952805,-0.099232,-0.131389,9.827982,0.012069,-0.044350,-0.016859
143.962711,-0.083001,-0.208858,9.706201,0.023897,-0.051049,-0.022745
143.972578,-0.206079,-0.110592,9.854918,0.030113,-0.064044,-0.011760
143.982482,-0.077202,-0.111514,9.759563,0.034387,-0.081075,-0.005933
143.992355,-0.085607,-0.115460,9.856028,0.088585,-0.004886,-0.018833
144.002258,-0.098905,-0.089096,9.795376,0.081421,0.004469,-0.017206
144.012129,-0.101841,-0.217501,9.781618,0.052627,0.034861,-0.008307
144.022020,-0.170681,-0.210674,9.714339,0.025005,0.047372,-0.006583
144.031901,-0.074659,-0.164636,9.772072,0.010893,-0.003819,-0.004998
144.041802,-0.003461,-0.094408,9.691988,0.008604,-0.033570,-0.010896
144.051679,-0.006558,-0.005441,9.629531,0.009287,-0.035252,-0.003216
144.061566,-0.097154,-0.188140,9.670298,0.014092,-0.077856,-0.017324
144.071447,-0.228795,-0.171553,9.689075,-0.018323,-0.090733,-0.025110
144.081347,-0.063468,-0.175071,9.839489,0.006522,-0.073879,-0.014084
144.091216,-0.266796,-0.055303,9.905269,-0.014612,-0.138439,-0.003061
144.101115,-0.123509,0.022278,9.829821,0.021252,-0.098214,-0.003539
144.110989,-0.066540,-0.177465,9.834287,0.050993,-0.074892,-0.014625
144.120893,-0.045138,-0.227334,9.606393,0.082798,-0.036911,-0.026696
144.130761,-0.018649,-0.323523,9.722999,0.046610,-0.037636,-0.033025
144.140664,-0.120386,-0.121243,9.724966,0.042139,-0.026521,-0.020872
144.150533,0.007544,-0.126531,9.720484,0.050300,-0.000120,-0.026127
144.160439,-0.058085,-0.202052,9.789928,0.043479,-0.027229,-0.012605
144.170308,-0.182914,-0.074536,9.617204,0.014181,-0.039917,-0.002182
144.180202,-0.076781,-0.201277,9.754168,0.023014,0.009677,-0.010039
144.190083,-0.125476,-0.140891,9.687563,0.024358,0.004661,0.005198
144.199989,0.008624,-0.083570,9.717847,0.018138,-0.050096,0.011151
144.209854,-0.041740,-0.119435,9.738001,0.017643,-0.006937,0.004911
144.219751,-0.107233,-0.057745,9.725799,-0.004309,0.020400,0.013490
144.229637,-0.165769,-0.156800,9.776712,-0.019358,0.007661,0.015936
144.239536,-0.177734,-0.019578,9.782741,0.009612,-0.008874,0.017552
144.249402,-0.097754,-0.058280,9.773773,0.021175,-0.015561,0.000634
144.259294,-0.066776,0.038994,9.748018,0.021132,-0.022815,0.006064
144.269182,0.023040,-0.124910,9.703470,0.015713,-0.032786,0.005483
144.279086,-0.046245,-0.121601,9.734396,0.030202,-0.021433,0.000477
144.288952,-0.119319,-0.111958,9.737968,0.016893,-0.035871,0.021606
144.298844,-0.143893,-0.065608,9.843147,0.041788,0.004470,0.005038
144.308720,-0.190288,-0.085673,9.742691,0.015155,-0.006012,0.010428
144.318626,-0.083566,-0.111846,9.772023,-0.015082,0.004701,0.001614
144.328495,-0.061029,-0.079168,9.687960,0.013494,0.036732,0.002298
144.338386,-0.042575,-0.078544,9.715774,-0.033847,-0.004483,0.010983
144.348264,-0.087394,-0.193342,9.721146,0.025864,0.035312,0.006969
144.358170,-0.116019,-0.015642,9.687417,-0.012028,-0.011628,0.019296
144.368037,0.011146,-0.165812,9.743176,0.010666,0.001563,0.009567
144.377932,-0.071570,-0.004922,9.732460,0.033147,-0.006936,0.006716
144.387811,0.045441,-0.056851,9.707336,0.030014,-0.032856,-0.005304
144.397715,-0.104278,0.011541,9.696715,0.065832,-0.022974,0.011488
144.407583,-0.092220,-0.128460,9.648715,0.058078,-0.037981,0.005530
144.417487,-0.091453,-0.092718,9.749297,0.030018,-0.065359,0.012578
144.427363,-0.118924,-0.197208,9.713900,0.040952,-0.056901,0.015582
144.437259,-0.065700,-0.149288,9.796363,0.044927,-0.040973,0.024683
144.447128,-0.154600,-0.073550,9.737940,0.062834,-0.001546,0.007760
144.457025,-0.091425,-0.031780,9.784450,0.048636,-0.003016,-0.000204
144.466902,-0.151619,-0.035362,9.695933,0.031501,-0.001443,0.012410
144.476806,-0.027636,-0.148838,9.663482,0.042411,0.028845,-0.000453
144.486675,-0.109754,-0.160447,9.659328,0.020841,0.017955,0.007578
144.496579,-0.119681,-0.225690,9.649553,-0.016683,0.041835,0.012681
144.506453,-0.151550,-0.235969,9.698459,-0.000003,0.028501,0.014601
144.516353,-0.130126,-0.098630,9.700372,-0.001099,0.038623,0.018008
144.526225,0.021698,-0.329334,9.697308,-0.002267,0.006668,0.013068
144.536119,0.016808,-0.103794,9.622265,-0.021528,-0.041578,0.015095
144.545993,0.076040,-0.264928,9.677777,0.003185,-0.034066,0.025480
144.555898,-0.018610,-0.081317,9.638538,0.025804,-0.083513,0.024584
144.565768,-0.008231,-0.158118,9.662784,0.063696,-0.093026,0.023342
144.575663,-0.237317,-0.045199,9.642007,0.093756,-0.073920,0.008137
144.585541,-0.070002,-0.177345,9.687603,0.080205,-0.083971,0.007419
144.595443,-0.130086,-0.122482,9.727175,0.121621,-0.071171,0.003799
144.605314,-0.026615,-0.130416,9.650522,0.119362,-0.042835,0.006397
144.615207,-0.048292,-0.021564,9.638524,0.115803,-0.006143,0.011298
144.625096,0.040069,-0.021112,9.619475,0.091619,0.008139,0.005514
144.634989,-0.108278,0.041045,9.670013,0.060946,0.044077,0.004567
144.644860,-0.209708,0.042559,9.649760,0.026980,0.047963,-0.007716
144.654756,-0.116316,-0.092641,9.564585,0.020280,0.070904,-0.007967
144.664633,-0.178540,-0.097741,9.613268,-0.066474,0.094397,0.006687
144.674535,-0.096917,-0.111338,9.718933,-0.056532,0.103273,-0.002506
144.684406,-0.250275,-0.063550,9.727556,-0.086918,0.077779,0.002653
144.694307,-0.108135,-0.052100,9.858928,-0.107483,0.089505,0.012701
144.704184,-0.120725,-0.053736,9.798241,-0.083487,0.076223,0.011206
144.714083,0.039799,-0.081795,9.633663,-0.056563,0.097352,-0.008706
144.723951,0.000934,-0.135553,9.693605,-0.039347,0.059875,-0.008490
144.733848,0.079986,-0.119463,9.448782,-0.037152,0.036594,-0.015007
144.743732,0.002792,-0.088658,9.623528,-0.030930,0.018688,-0.018605
144.753630,-0.057955,-0.097513,9.640925,-0.009187,-0.018491,-0.020412
144.763498,-0.113325,-0.171283,9.698550,0.023452,-0.000430,-0.022368
144.773393,-0.212191,-0.130391,9.640325,0.029581,-0.031885,-0.024169
144.783269,-0.095997,-0.177120,9.718200,0.055998,-0.048370,-0.028802
144.793173,-0.135975,-0.135109,9.730094,0.056802,-0.031896,-0.013280
144.803051,-0.154216,-0.143043,9.781398,0.062201,-0.051025,-0.020754
144.812941,-0.169806,-0.049215,9.773669,0.078591,-0.066313,-0.032262
144.822816,-0.108661,-0.126563,9.814558,0.085164,-0.066282,-0.014177
144.832724,-0.057615,-0.019406,9.670019,0.077868,-0.033017,-0.022134
144.842593,0.073201,-0.159448,9.674370,0.075205,-0.028620,-0.017424
144.852492,-0.042520,-0.007016,9.574894,0.033376,-0.036990,-0.035928
144.862366,-0.006365,-0.086508,9.617076,0.030290,-0.051720,-0.026591
144.872265,-0.168264,-0.030123,9.620385,0.044751,-0.012624,-0.037948
144.882134,-0.094326,-0.216556,9.663060,0.029319,-0.021566,-0.041644
144.892029,-0.162917,-0.121776,9.745956,0.009004,-0.010210,-0.039187
144.901913,-0.051942,-0.080160,9.655052,-0.027369,0.021971,-0.034669
144.911811,0.073307,-0.114591,9.670285,-0.027180,0.055495,-0.038245
144.921684,-0.023313,-0.032599,9.653200,-0.039675,0.087073,-0.027156
144.931574,-0.011287,-0.068017,9.778687,-0.018472,0.092520,-0.034223
144.941452,-0.148113,-0.003059,9.692370,-0.018710,0.112536,-0.035504
144.951366,-0.149271,-0.076821,9.668765,-0.024960,0.116359,-0.036921
144.961225,-0.141987,-0.000061,9.672232,-0.043685,0.098750,-0.031372
144.971121,-0.144526,-0.154385,9.778085,-0.056666,0.114887,-0.017547
144.980998,-0.200233,-0.069062,9.860140,-0.052884,0.074528,-0.025671
144.990903,-0.138411,-0.123992,9.834567,-0.082865,0.088166,-0.020004
145.000774,-0.108691,-0.137926,9.880728,-0.058833,0.063412,-0.013195
145.010666,0.012044,-0.066329,9.746812,-0.080305,0.067717,-0.029209
145.020550,0.039749,-0.192236,9.768219,-0.070753,0.025354,-0.013430
145.030448,-0.046353,0.036591,9.660859,-0.084401,0.028785,-0.022213
145.040322,0.094539,-0.165489,9.753698,-0.067478,0.030501,-0.025530
145.050212,-0.050538,-0.102153,9.678683,-0.070297,0.021736,-0.033022
145.060093,-0.076516,-0.188933,9.737118,-0.044854,0.031177,-0.038697
145.069995,-0.208445,-0.041204,9.727684,-0.023604,0.019812,-0.033783
145.079868,-0.071098,-0.108758,9.649641,-0.011955,0.038930,-0.031064
145.089764,-0.131540,-0.036881,9.779738,-0.010356,0.047660,-0.035979
145.099636,-0.067255,0.003137,9.695291,-0.020426,0.024817,-0.029482
145.109541,-0.020122,0.028467,9.740280,0.015024,0.024886,-0.027677
145.119415,-0.133339,0.048262,9.714055,0.000256,0.064750,-0.028580
145.129304,-0.086278,-0.120366,9.643238,-0.002555,0.050826,-0.046835
145.139182,-0.106929,-0.045650,9.612292,-0.008454,0.057995,-0.041321
145.149088,-0.101372,-0.064302,9.791194,-0.031394,0.074472,-0.034882
145.158960,-0.264788,-0.058718,9.829634,-0.049538,0.057420,-0.037785
145.168859,-0.192643,-0.110533,9.802842,-0.097072,0.064047,-0.034253
145.178733,-0.175652,-0.221901,9.796877,-0.119695,0.076987,-0.032975
145.188634,0.017288,-0.172438,9.688541,-0.175194,0.120560,-0.039467
145.198503,0.085967,-0.157356,9.680873,-0.197073,0.143783,-0.044870
145.208396,-0.040573,-0.034420,9.665870,-0.216439,0.142323,-0.053120
145.218280,-0.025783,-0.101526,9.713912,-0.227215,0.127463,-0.056170
145.228180,-0.185778,-0.020134,9.696203,-0.202280,0.129784,-0.067798
145.238047,-0.036320,-0.169299,9.682747,-0.179786,0.124273,-0.066183
145.247943,-0.127623,0.022965,9.753143,-0.157008,0.112044,-0.064501
145.257821,-0.009352,0.042000,9.717199,-0.144903,0.114476,-0.051626
145.267724,-0.069768,0.055375,9.801576,-0.089893,0.102260,-0.051308
145.277596,-0.043029,0.007631,9.728302,-0.058622,0.117567,-0.053793
145.287495,-0.036665,-0.055189,9.651030,-0.051062,0.054421,-0.038553
145.297366,0.004750,-0.135690,9.641764,-0.011126,0.062763,-0.035308
145.307279,-0.076921,-0.063239,9.747308,-0.001548,0.064137,-0.046713
145.317144,-0.147140,-0.126526,9.697020,-0.008656,0.050557,-0.034164
145.327034,-0.074677,-0.162739,9.833105,0.007830,0.049903,-0.044030
145.336915,-0.099690,-0.230009,9.699558,-0.032940,0.045745,-0.041133
145.346826,-0.012689,-0.139165,9.659928,-0.060939,0.054258,-0.032041
145.356691,-0.052840,-0.103363,9.637132,-0.090705,0.061963,-0.031366
145.366580,-0.123983,0.039221,9.764433,-0.113959,0.063980,-0.030345
145.376461,-0.055698,0.043767,9.685555,-0.121310,0.025071,-0.039319
145.386362,-0.165138,-0.113357,9.813361,-0.124419,0.023494,-0.040404
145.396234,-0.203443,-0.110078,9.765347,-0.109848,0.022413,-0.028777
145.406127,-0.224698,-0.057304,9.790606,-0.094995,0.007647,-0.023118
145.416005,-0.123143,-0.103684,9.799482,-0.038861,0.006942,-0.025977
145.425913,-0.152530,0.077713,9.778479,-0.036945,0.012180,-0.024164
145.435779,0.023064,-0.057430,9.830801,-0.013052,0.006761,-0.011319
145.445671,-0.058056,-0.011978,9.812058,0.001780,0.019182,-0.025959
145.455550,-0.038377,-0.117594,9.742274,0.012219,0.007743,-0.025539
145.465463,-0.177642,-0.050847,9.734630,0.008355,0.023585,-0.014054
145.475325,-0.130491,-0.167471,9.683094,-0.012907,-0.000697,-0.015323
145.485223,-0.049521,-0.311610,9.737820,-0.014180,0.002583,-0.022940
145.495102,-0.108405,-0.158008,9.671605,-0.024212,0.019537,-0.022541
145.505009,-0.068614,-0.101319,9.759557,-0.045897,0.036480,-0.029957
145.514870,-0.132878,0.027053,9.721501,-0.051411,0.002881,-0.022836
145.524764,-0.038075,-0.103781,9.774600,-0.076335,-0.014453,-0.018607
145.534651,-0.115463,-0.143098,9.678638,-0.059972,-0.017213,-0.014022
145.544553,-0.178840,-0.126247,9.711619,-0.019591,-0.085269,0.001115
145.554424,-0.172761,-0.142412,9.719200,0.009183,-0.114028,0.007276
145.564319,-0.175244,-0.043338,9.774102,0.056101,-0.147187,0.014324
145.574187,-0.005736,-0.075769,9.812430,0.123691,-0.154234,0.024821
145.584091,0.013158,-0.059335,9.691308,0.140600,-0.178466,0.035082
145.593966,-0.003521,-0.310370,9.646208,0.158125,-0.162517,0.010318
145.603862,-0.097702,-0.131722,9.672624,0.162214,-0.174823,0.017401
145.613734,-0.155104,-0.169846,9.714243,0.175315,-0.178720,0.018641
145.623641,-0.173830,-0.027214,9.858399,0.141258,-0.118029,0.018950
145.633514,-0.091395,-0.048359,9.697506,0.109588,-0.096108,0.033565
145.643401,0.028809,-0.206705,9.752698,0.084850,-0.066072,0.013679
145.653281,-0.054527,-0.245142,9.581490,0.029900,-0.050526,0.015517
145.663188,-0.070819,-0.277402,9.732868,-0.006622,-0.015096,0.006912
145.673057,-0.086210,-0.149336,9.779205,-0.056439,0.004317,0.027547
145.682947,-0.150233,-0.108638,9.874367,-0.077708,0.009887,0.020272
145.692829,-0.134668,-0.166142,9.906618,-0.103513,0.028959,0.029309
145.702737,-0.112607,-0.087616,9.859104,-0.072656,0.015965,0.034613
145.712600,-0.012858,-0.122874,9.812754,-0.084400,-0.005056,0.034943
145.722495,-0.069057,-0.141280,9.776458,-0.081257,-0.037222,0.023045
145.732373,-0.129298,-0.134887,9.787704,-0.026530,-0.034592,0.034748
145.742276,-0.109236,-0.068079,9.894877,0.014314,0.002113,0.025066
145.752145,-0.183681,-0.077066,9.927440,0.011542,0.026162,0.025227
145.762043,-0.090171,-0.091425,9.866249,-0.009997,-0.023258,0.033789
145.771918,-0.125117,-0.186161,9.943721,0.030980,-0.015710,0.043672
145.781833,-0.203650,-0.131895,9.802160,-0.014163,-0.034469,0.043666
145.791697,-0.093867,-0.191316,9.878580,-0.015064,-0.015770,0.023154
145.801588,-0.153978,-0.098452,9.773690,-0.000277,0.014162,0.019728
145.811465,-0.120108,-0.168183,9.836240,-0.010545,0.016923,0.022662
145.821377,-0.112932,-0.212318,9.886805,-0.046353,0.032036,0.026447
145.831238,-0.144977,-0.095908,9.938660,-0.067467,-0.032851,0.033309
145.841134,-0.115671,-0.147763,9.899058,-0.095287,-0.057043,0.041443
145.851012,-0.179468,-0.101375,9.924736,-0.064680,-0.032736,0.028006
145.860917,-0.081820,-0.113404,9.864753,-0.046927,-0.006833,0.034179
145.870787,-0.077529,-0.132963,9.933626,-0.053826,-0.035767,0.028561
145.880683,-0.215245,-0.092125,9.956801,-0.062111,-0.045922,0.028597
145.890562,-0.164870,-0.122858,10.007731,-0.011044,-0.004372,0.043138
145.900463,-0.191460,-0.051395,10.109210,-0.031047,-0.010033,0.041831
145.910332,-0.134450,-0.094761,9.943084,-0.020762,0.022744,0.047618
145.920226,-0.138245,-0.173820,9.978081,-0.027705,0.036181,0.031994
145.930103,-0.202859,-0.092898,9.816248,-0.010581,0.053730,0.037875
145.940008,-0.109738,-0.123928,9.925781,-0.012714,0.077596,0.033832
145.949878,-0.144558,-0.188079,9.882028,-0.022663,0.083059,0.032402
145.959781,-0.230306,-0.192761,9.952089,-0.057653,0.005639,0.030610
145.969650,-0.083261,-0.175666,10.025135,-0.089827,-0.001565,0.035066
145.979556,-0.142220,-0.163639,9.976251,-0.087912,0.001596,0.033193
145.989423,-0.064772,-0.255934,9.892304,-0.066050,-0.007051,0.040445
145.999319,0.019821,-0.299159,9.905236,-0.049136,0.002456,0.035435
146.009194,-0.017579,-0.117882,9.795888,-0.043753,-0.041031,0.045387
146.019101,-0.073104,-0.341704,9.885396,0.008119,-0.006483,0.042504
146.028970,-0.133828,-0.178111,9.932476,0.016451,0.004017,0.025025
146.038868,-0.110634,-0.227993,10.000689,0.030356,-0.009718,0.021159
146.048746,-0.123853,-0.164527,9.999245,0.024986,-0.022071,0.032120
146.058646,-0.144637,-0.136926,9.963393,0.054157,0.013306,0.034709
146.068520,-0.018918,-0.228578,9.869794,0.055475,0.034998,0.038038
146.078414,-0.065653,-0.245454,9.995419,0.039740,0.026321,0.026092
146.088286,-0.150075,-0.158131,9.830928,-0.004626,0.013716,0.031481
146.098190,-0.124078,-0.176002,9.982144,-0.009393,0.038777,0.025808
146.108059,-0.126940,-0.140624,9.848903,-0.026996,0.018817,0.027742
146.117962,-0.185227,-0.255660,9.874073,-0.033591,0.044861,0.017480
146.127836,-0.080758,-0.232097,9.925638,-0.087015,0.017210,0.023976
146.137741,-0.186245,0.000756,9.999593,-0.105459,-0.017380,0.035879
146.147606,-0.080639,-0.153158,9.904278,-0.053992,0.010042,0.033930
146.157500,-0.109040,-0.190030,9.952093,-0.042527,0.006153,0.035034
146.167378,-0.071772,-0.168447,9.924731,-0.025854,-0.007782,0.034291
146.177284,-0.040671,-0.269140,9.915181,0.029070,-0.001022,0.030962
146.187152,-0.119254,-0.229002,9.838815,0.058323,0.029545,0.018554
146.197051,-0.017413,-0.184290,9.868825,0.055186,0.024275,0.015747
146.206924,-0.099058,-0.196819,9.869670,0.057020,0.044651,0.008866
146.216828,-0.200126,-0.210532,9.982603,0.062200,0.039323,0.018391
146.226698,-0.069246,-0.177087,9.963341,0.069428,0.013527,0.023076
146.236593,-0.152564,-0.146565,10.044688,0.058063,0.011954,0.024020
146.246470,-0.121875,-0.308787,9.920684,0.046483,0.043001,0.012320
146.256377,-0.087371,-0.219274,9.976756,0.017387,0.025713,0.020454
146.266243,-0.155199,-0.124228,9.870143,-0.028010,0.004781,0.025630
146.276146,-0.181545,-0.194647,9.969992,0.003706,0.025054,0.019888
146.286017,-0.189657,-0.200794,10.037834,0.009683,0.029403,0.021077
146.295929,-0.069951,-0.100112,9.995640,-0.025816,0.021166,0.035368
146.305791,-0.033806,-0.293628,9.934433,-0.023561,0.001897,0.042251
146.315685,-0.058460,-0.314286,9.857060,0.010458,0.034492,0.029515
146.325562,-0.089372,-0.090576,9.896591,-0.001626,0.043651,0.037853
146.335466,-0.174460,-0.205132,9.961867,0.004656,0.023080,0.035882
146.345338,-0.291405,-0.084930,9.972678,0.015593,0.073472,0.022928
146.355237,-0.076514,-0.128266,10.039951,0.043042,0.051436,0.025820
146.365111,-0.162017,-0.100611,10.052943,0.033777,0.057594,0.011153
146.375019,-0.086873,-0.194401,10.021103,0.034589,0.021697,0.024887
146.384882,-0.099820,-0.293463,9.914576,0.040740,0.025546,0.020277
146.394776,-0.228582,-0.162183,10.005428,0.030714,-0.001931,0.024463
146.404656,-0.080312,-0.114252,10.014605,0.056862,-0.022390,0.014348
146.414560,-0.133066,-0.128509,10.127158,0.063896,-0.021783,-0.001670
146.424429,-0.182361,-0.185333,9.977826,0.073623,-0.005416,-0.007256
146.434327,-0.065683,-0.292350,10.007973,0.033636,-0.010186,0.004244
146.444203,-0.129087,-0.199249,9.861291,0.038337,0.007318,0.021955
146.454106,-0.234403,-0.266585,9.843371,0.019444,0.031343,0.016729
146.463980,-0.253339,-0.198832,10.028487,0.017100,0.050602,0.013476
146.473869,-0.115183,-0.094131,10.105230,-0.023281,-0.007483,0.031724
146.483749,-0.087317,-0.119871,9.995354,-0.067048,-0.020573,0.026412
146.493651,-0.019082,-0.330380,9.966193,-0.098590,-0.029466,0.025090
146.503525,-0.043014,-0.161773,9.856587,-0.070097,0.018132,0.023313
146.513422,-0.015684,-0.360916,9.849116,-0.070129,0.059208,0.024172
146.523297,-0.116858,-0.215002,9.853930,-0.033016,0.073750,0.018918
146.533196,-0.148640,-0.167153,10.092556,0.014457,0.086567,0.031912
146.543068,-0.263545,-0.197043,9.997801,0.090432,0.091765,0.018170
146.552966,-0.246671,-0.173330,10.063646,0.118848,0.109872,0.027312
146.562839,-0.102224,-0.284034,10.018514,0.151762,0.065954,0.035792
146.572750,-0.010528,-0.322238,10.111059,0.140711,-0.029328,0.038540
146.582615,0.071930,-0.101482,9.960480,0.114967,-0.113090,0.049153
146.592511,-0.061248,-0.278854,9.987974,0.108625,-0.115297,0.038681
146.602386,-0.267078,-0.141165,9.943068,0.068372,-0.073767,0.024862
146.612293,-0.179370,-0.242848,9.918590,0.019173,-0.042504,0.018201
146.622160,-0.078297,-0.201322,9.903329,0.002138,0.002578,0.019827
146.632055,-0.252186,-0.225375,9.794002,-0.057040,0.032636,0.031330
146.641933,-0.174937,-0.104855,9.752529,-0.056695,0.064943,0.028553
146.651839,-0.157186,-0.088979,9.891245,-0.040597,0.112381,0.009099
146.661705,-0.231878,-0.108457,9.877795,-0.034124,0.121131,-0.000619
146.671602,-0.069221,-0.289903,9.968403,-0.015312,0.076448,-0.002045
146.681482,-0.030121,-0.214716,9.791373,0.016496,0.025289,-0.010394
146.691381,-0.075012,-0.286955,9.877422,0.045456,-0.004103,-0.018862
146.701251,-0.035654,-0.220181,9.951709,0.058315,-0.039535,-0.014816
146.711144,-0.132425,-0.198011,9.914230,0.005570,-0.065201,-0.013937
146.721027,-0.107714,-0.281096,9.892187,0.049325,-0.071453,-0.014124
146.730934,-0.103489,-0.232138,9.814136,0.100091,-0.046297,-0.012998
146.740797,-0.089582,-0.086099,9.731547,0.170240,-0.022296,-0.019560
146.750693,-0.123914,-0.295250,9.814827,0.180182,-0.022170,-0.020259
146.760568,-0.155580,-0.055754,9.838601,0.106432,0.018442,-0.017669
146.770473,-0.122813,-0.238150,9.883084,0.095834,-0.034558,-0.015604
146.780343,-0.096099,-0.287119,9.953765,0.048219,-0.054996,-0.013361
146.790241,-0.169081,-0.275136,9.919449,0.002960,-0.018440,-0.017598
146.800116,-0.039186,-0.244663,9.739991,-0.021921,-0.025166,-0.010471
146.810019,-0.056455,-0.322597,9.878727,-0.051885,-0.029969,-0.007649
146.819895,-0.150350,-0.162382,9.779429,-0.053009,-0.012104,-0.008176
146.829786,-0.097757,-0.243611,9.830153,-0.061921,0.029842,-0.006483
146.839665,-0.141007,-0.254460,9.700112,-0.058210,0.044048,-0.002276
146.849574,-0.077820,-0.161824,9.760764,-0.060228,0.086098,-0.001511
146.859433,-0.120355,-0.242436,9.770152,-0.022550,0.138306,0.010523
146.869336,-0.217552,-0.151180,9.866334,0.032141,0.152097,-0.006080
146.879212,-0.255516,0.002542,9.921564,0.074246,0.170531,-0.005261
146.889111,-0.188659,-0.186287,9.885640,0.129583,0.146371,-0.012710
146.898986,-0.227808,-0.066952,9.760362,0.116151,0.121181,-0.018072
146.908874,-0.044948,-0.223368,9.815303,0.134213,0.054706,-0.033458
146.918752,-0.165197,-0.228321,9.828466,0.068036,0.013492,-0.026742
146.928661,-0.182776,-0.286064,9.853411,0.042163,-0.039150,-0.016754
146.938531,-0.066757,-0.182462,9.953985,0.072453,-0.101070,-0.013213
146.948423,-0.179046,-0.248003,10.003089,0.059832,-0.030255,-0.003623
146.958299,-0.210981,-0.268886,9.883963,0.079096,-0.007687,0.022351
146.968212,-0.132322,-0.313804,9.858444,0.090595,0.040858,0.033607
146.978075,-0.130712,-0.228256,9.746571,0.079045,0.059246,0.025925
146.987975,-0.086271,-0.376223,9.933232,0.017337,0.036458,0.023551
146.997854,-0.153621,-0.160189,9.844307,-0.005990,0.017383,0.005885
147.007752,-0.255252,-0.147823,9.861924,-0.001408,0.000863,0.010088
147.017622,-0.180569,-0.240405,9.793138,-0.011608,-0.050298,0.014953
147.027518,-0.170330,-0.151493,9.742194,-0.004777,-0.065406,0.018068
147.037392,-0.076307,-0.165703,9.754331,0.015090,-0.068060,0.019062
147.047296,-0.207459,-0.204664,9.868419,0.016383,-0.086913,0.016288
147.057169,-0.208665,-0.142089,9.861639,0.033447,-0.066067,0.002101
147.067061,-0.041151,-0.286792,9.886676,0.047016,-0.089646,0.003915
147.076936,-0.161927,-0.162112,9.802942,0.075812,-0.084413,0.003934
147.086841,-0.113836,-0.186659,9.818382,0.073853,-0.063427,-0.001365
147.096711,-0.141833,-0.140600,9.904612,0.050224,-0.051755,0.004490
147.106605,-0.217029,-0.144286,9.880886,0.059996,-0.011049,0.015111
147.116485,-0.198711,-0.234439,9.927450,0.065057,0.010009,0.007994
147.126396,-0.150028,-0.153472,9.977057,0.034857,0.018558,0.008190
147.136256,-0.199906,-0.189435,9.830491,0.031656,0.039859,-0.005165
147.146158,-0.173376,-0.175409,9.949702,0.012351,0.015049,0.002621
147.156030,-0.255221,-0.171335,9.866852,0.026142,0.042534,0.008404
147.165943,-0.101083,-0.156033,9.712769,0.002570,-0.000374,0.016740
147.175803,-0.065891,-0.393033,9.626818,-0.024223,0.009949,0.024643
147.185696,-0.121875,-0.187382,9.651429,-0.047539,-0.033741,0.023061
147.195583,-0.011348,-0.158946,9.801544,-0.052432,-0.033193,0.016240
147.205479,-0.170034,-0.152031,9.674522,-0.037160,-0.042192,0.009835
147.215348,-0.137689,-0.300250,9.821460,-0.014869,-0.047081,-0.001692
147.225244,-0.135990,-0.231381,9.762424,-0.021423,-0.054897,0.007363
147.235130,-0.230628,-0.083567,9.849058,0.007416,-0.020678,0.001107
147.245029,-0.163024,-0.197860,9.795214,0.017485,-0.024835,0.005266
147.254903,-0.202148,-0.121246,9.855712,0.009725,0.003774,0.011072
147.264789,-0.198180,-0.154280,9.828085,0.033806,0.032022,0.010210
147.274670,-0.251083,-0.173196,9.788516,0.046028,0.078116,0.012151
147.284579,-0.254185,-0.073838,9.825037,0.068391,0.066396,0.006775
147.294439,-0.120076,-0.141973,9.796915,0.066520,0.080231,-0.003636
147.304336,-0.322591,-0.142392,9.856805,0.020188,0.059221,-0.006724
147.314212,-0.259232,-0.161654,9.822504,0.004440,0.021041,-0.000507
147.324120,-0.123906,-0.145529,9.770418,0.012344,0.040542,0.001127
147.333987,-0.108207,-0.159441,9.683212,-0.004216,-0.007707,0.012116
147.343883,-0.089631,-0.331751,9.812422,-0.018009,0.006224,0.002263
147.353762,-0.214798,-0.109444,9.819145,0.017035,0.029674,0.000218
147.363664,-0.112071,-0.161511,9.779415,-0.029298,0.008164,0.002809
147.373533,-0.142987,-0.117050,9.824275,-0.014038,-0.007821,0.009702
147.383427,-0.226153,-0.118571,9.787966,-0.046804,0.010606,0.023563
147.393304,-0.125153,-0.185178,9.857456,-0.044517,0.028087,0.010985
147.403210,-0.171264,-0.192004,9.875446,-0.056339,0.039051,0.017731
147.413077,-0.166994,-0.230185,9.763306,-0.033839,0.030330,0.009059
147.422973,-0.167182,-0.254291,9.761419,-0.032481,0.019835,0.007773
147.432851,-0.171201,-0.203189,9.628113,-0.032337,-0.003984,-0.006038
147.442754,-0.167802,-0.223480,9.729500,-0.045315,0.016714,-0.007093
147.452624,-0.309234,-0.201116,9.844112,-0.065500,-0.012317,-0.015181
147.462519,-0.225512,-0.046290,9.955507,-0.030026,0.012378,0.002433
147.472398,-0.190826,-0.057296,9.844548,-0.028398,0.023043,-0.017345
147.482310,-0.257588,-0.091567,9.630722,0.024434,0.042696,-0.022685
147.492170,-0.135636,-0.229620,9.787493,0.029526,0.010714,-0.028334
147.502066,-0.177541,-0.133131,9.674826,0.040964,-0.030182,-0.032329
147.511943,-0.213031,-0.143242,9.761797,0.036272,-0.048772,-0.022895
147.521848,-0.213697,-0.240933,9.767989,-0.002241,-0.068063,-0.021993
147.531715,-0.226797,-0.100683,9.823047,0.018904,-0.075770,-0.013727
147.541612,-0.238109,-0.124811,9.845878,0.031996,-0.070837,-0.011379
147.551488,-0.279468,-0.009099,9.795357,0.048725,-0.071433,-0.014673
147.561393,-0.224264,-0.078952,9.823241,0.068371,-0.068063,-0.020089
147.571261,-0.195212,-0.151073,9.787671,0.078240,-0.054461,-0.032211
147.581156,-0.303170,-0.200780,9.848036,0.079844,-0.032927,-0.040881
147.591036,-0.147562,-0.214883,9.761828,0.065281,-0.034991,-0.028578
147.600943,-0.216177,0.010209,9.745541,0.057011,-0.026754,-0.020303
147.610810,-0.258288,-0.149480,9.702118,0.085253,-0.040060,-0.021175
147.620706,-0.181635,-0.268909,9.723865,0.033626,0.050246,-0.034188
147.630582,-0.165939,-0.135441,9.799603,0.028953,0.030856,-0.033355
147.640494,-0.119327,-0.171061,9.794764,-0.001201,0.024782,-0.025857
147.650354,-0.199902,-0.219777,9.831745,-0.010644,0.013470,-0.012831
147.660253,-0.212106,-0.104766,9.733232,-0.016615,0.018800,-0.024046
147.670135,-0.152544,-0.115539,9.775939,-0.029978,0.008989,-0.032482
147.680030,-0.252444,-0.078517,9.753455,-0.029608,-0.011581,-0.041670
147.689900,-0.261790,-0.166787,9.857966,-0.046056,-0.052556,-0.039335
147.699795,-0.312930,-0.112458,9.924392,-0.022503,-0.068665,-0.027207
147.709672,-0.213057,0.061954,9.799960,-0.033259,-0.051600,-0.032181
147.719581,-0.279002,-0.132111,9.748151,0.004202,-0.049307,-0.030711
147.729445,-0.274871,-0.104380,9.603782,-0.008940,-0.044775,-0.039079
147.739345,-0.201455,-0.135397,9.836027,0.029224,-0.064223,-0.037103
147.749220,-0.204081,-0.156462,9.736645,0.052956,-0.083606,-0.049298
147.759122,-0.246333,-0.084778,9.710160,0.058574,-0.050727,-0.044119
147.768994,-0.105928,-0.245510,9.729307,0.072553,-0.058211,-0.042231
147.778887,-0.130627,-0.174634,9.642624,0.083370,-0.038591,-0.047417
147.788771,-0.156038,-0.286901,9.698623,0.063624,-0.013251,-0.037723
147.798669,-0.153260,-0.109038,9.764489,0.057818,-0.013642,-0.060134
147.808538,-0.289356,-0.107122,9.812469,0.025466,-0.046560,-0.051507
147.818435,-0.199733,-0.206287,9.742661,0.039522,-0.070146,-0.035184
147.828320,-0.214449,-0.171114,9.696904,0.016151,-0.061095,-0.036213
147.838214,-0.128798,-0.206941,9.611689,0.069823,-0.081098,-0.047524
147.848083,-0.126274,-0.229381,9.706401,0.048782,-0.082960,-0.037842
147.857981,-0.274065,-0.232844,9.797263,0.111823,-0.084369,-0.046841
147.867857,-0.160642,-0.093948,9.759198,0.065376,-0.075843,-0.035969
147.877762,-0.113342,-0.101290,9.679276,0.094312,-0.081998,-0.043116
147.887639,-0.194785,-0.172733,9.579353,0.059979,-0.073666,-0.051689
147.897524,-0.083390,-0.234425,9.703618,0.071274,-0.056695,-0.050391
147.907404,-0.230855,-0.192675,9.744165,0.019370,-0.089379,-0.041066
147.917316,-0.233935,-0.213685,9.724369,-0.015115,-0.050110,-0.018309
147.927175,-0.046537,-0.218379,9.824372,-0.017409,-0.039190,-0.023552
147.937071,-0.283064,-0.204350,9.783585,0.011767,-0.017244,-0.019552
147.946953,-0.251981,-0.184832,9.736818,0.044555,-0.004002,-0.027483
147.956852,-0.067280,-0.294838,9.742580,0.030576,0.046820,-0.018142
147.966722,-0.214936,-0.082670,9.646790,-0.001490,0.057685,-0.019288
147.976616,-0.198329,-0.173498,9.768955,-0.002024,0.047365,-0.030958
147.986498,-0.142945,-0.207405,9.823434,-0.039779,0.024831,-0.017662
147.996398,-0.192048,-0.050238,9.727308,-0.037775,0.028103,-0.015777
148.006267,-0.208385,-0.234868,9.711871,-0.039329,0.019942,-0.010268
148.016162,-0.275264,0.014684,9.775043,-0.071229,0.006831,-0.008229
148.026044,-0.227691,-0.040494,9.762534,-0.063364,0.013174,-0.014949
148.035946,-0.217147,-0.156488,9.698770,-0.036948,-0.002538,-0.015002
148.045813,-0.347015,-0.145311,9.722404,0.026586,0.019034,-0.008599
148.055708,-0.210967,-0.124341,9.631157,0.027023,0.041366,-0.010600
148.065587,-0.245398,-0.114102,9.708760,0.002715,0.032073,-0.004297
148.075490,-0.349455,-0.141164,9.746262,0.010457,0.035171,0.001416
148.085361,-0.252796,-0.080486,9.875447,-0.041966,0.032668,0.016071
148.095254,-0.274526,-0.055235,9.763542,-0.063560,0.058244,0.010549
148.105133,-0.301888,-0.148360,9.723791,-0.041800,0.057714,0.005020
148.115036,-0.125349,-0.199241,9.690172,-0.118210,0.052572,0.007566
148.124905,-0.229038,-0.146032,9.719396,-0.104243,0.058418,0.007894
148.134806,-0.244389,-0.165347,9.808434,-0.116897,0.037177,0.029745
148.144681,-0.192704,-0.132825,9.904560,-0.069894,0.093798,0.025093
148.154585,-0.236170,-0.155368,9.711632,-0.072325,0.072731,0.026320
148.164453,-0.227901,-0.163874,9.748863,-0.087743,0.087589,0.038646
148.174349,-0.177845,-0.108243,9.863590,-0.121371,0.084725,0.058461
148.184227,-0.232871,0.057938,9.842002,-0.080803,0.111060,0.039192
148.194131,-0.196226,-0.237450,9.790172,-0.076547,0.068333,0.045327
148.204000,-0.193695,-0.147063,9.696378,-0.083196,0.055527,0.047378
148.213894,-0.210266,-0.143213,9.856935,-0.072189,0.074983,0.032833
148.223774,-0.201198,-0.208671,9.856131,-0.078043,0.034125,0.045117
148.233676,-0.266826,-0.074140,9.901222,-0.067916,-0.033626,0.053689
148.243548,-0.240665,-0.141848,9.827030,-0.046932,-0.007200,0.041573
148.253445,-0.256494,-0.125397,9.895214,-0.036694,-0.046468,0.052060
148.263320,-0.301725,-0.015375,9.926863,-0.032607,-0.061581,0.062208
148.273223,-0.274693,0.010761,10.014571,-0.008478,0.029173,0.057374
148.283093,-0.293188,-0.140638,9.855291,0.004407,-0.025076,0.061751
148.292992,-0.335082,-0.032606,9.845014,0.003998,-0.007708,0.058444
148.302872,-0.244275,-0.167867,9.850541,-0.011449,-0.027844,0.045427
148.312770,-0.191896,-0.155736,9.889416,-0.020702,-0.024327,0.060942
148.322639,-0.169168,-0.026687,9.826927,-0.026694,-0.021782,0.066426
148.332542,-0.211710,-0.175877,9.855303,-0.037973,-0.046782,0.073552
148.342411,-0.200205,-0.058629,9.939667,-0.037040,-0.007578,0.053339
148.352315,-0.167142,-0.182060,9.853036,-0.020206,-0.001050,0.052560
148.362184,-0.143052,-0.191756,9.882024,-0.065777,-0.018439,0.072227
148.372087,-0.143754,-0.232652,9.872027,-0.065879,-0.007650,0.055355
148.381957,-0.039328,-0.147548,9.764843,-0.071314,0.008843,0.056876
148.391862,-0.119721,-0.247801,9.829362,-0.064137,-0.009528,0.038412
148.401730,-0.272500,-0.107320,9.803271,-0.082957,-0.016978,0.031258
148.411630,-0.235457,-0.064177,9.941021,-0.084800,-0.049177,0.032018
148.421502,-0.086874,-0.231561,9.964595,-0.059309,-0.046692,0.043949
148.431406,-0.151866,-0.089287,9.866863,-0.036560,-0.050385,0.046449
148.441273,-0.171981,-0.236460,9.919847,-0.022476,-0.062490,0.033879
148.451169,-0.184951,-0.114530,9.844100,-0.010064,-0.030893,0.029707
148.461047,-0.192982,-0.088750,9.916552,0.037418,-0.030691,0.022560
148.470951,-0.208231,-0.135044,9.906085,0.074954,-0.007285,0.025309
148.480829,-0.212143,-0.035084,9.993726,0.095757,-0.002044,0.024019
148.490730,-0.256893,-0.104361,9.929997,0.077688,0.004975,0.005813
148.500593,-0.100834,-0.059576,9.965825,0.066542,-0.026342,0.018426
148.510497,-0.132667,-0.174256,9.888132,0.069538,-0.038888,0.019839
148.520373,-0.156472,-0.169976,9.739111,0.035443,-0.036157,0.015308
148.530262,-0.089627,-0.249345,9.819243,0.009748,-0.048124,0.002157
148.540141,-0.196938,-0.107622,9.761562,-0.027047,-0.066130,-0.002133
148.550044,-0.171548,-0.220167,9.778760,0.002309,-0.076962,-0.015628
148.559912,-0.131897,-0.237984,9.892624,-0.010916,-0.067249,-0.017114
148.569806,-0.259876,-0.120296,9.925185,-0.021072,-0.095890,-0.015103
148.579695,-0.161151,-0.153857,9.950613,-0.000330,-0.106735,-0.015233
148.589598,-0.138117,-0.199864,9.889250,0.001001,-0.107697,-0.020790
148.599466,-0.283640,-0.220729,9.882433,0.026938,-0.097616,-0.021941
148.609354,-0.160281,-0.112949,9.880879,0.048592,-0.084290,-0.017503
148.619231,-0.183924,-0.195113,9.986297,0.062780,-0.040338,-0.028079
148.629135,-0.253191,-0.133042,9.885737,0.079421,-0.029090,-0.026820
148.639014,-0.166399,-0.154747,9.898935,0.063205,-0.023682,-0.035521
148.648903,-0.158752,-0.247839,9.865083,0.080932,-0.051240,-0.036376
148.658777,-0.231448,-0.055211,9.952718,0.048128,-0.035854,-0.032905
148.668681,-0.296400,-0.152033,9.992129,0.047760,-0.053517,-0.034517
148.678550,-0.209838,-0.135432,9.923590,0.013307,-0.035621,-0.040591
148.688445,-0.174343,-0.197545,9.892143,0.029926,-0.036456,-0.034608
148.698323,-0.152965,-0.151317,9.938899,0.020787,-0.045618,-0.020535
148.708228,-0.149591,-0.190889,10.006589,0.038243,-0.036466,-0.031949
148.718101,-0.303868,-0.100469,9.867912,0.043429,-0.032635,-0.049384
148.728001,-0.222486,-0.194257,9.921738,0.028708,-0.021227,-0.058643
148.737877,-0.154151,-0.179506,9.935819,0.034842,-0.024312,-0.055344
148.747774,-0.259062,-0.127792,9.903382,0.019140,-0.064533,-0.046474
148.757643,-0.132343,-0.242302,9.900871,0.038711,-0.036669,-0.055801
148.767538,-0.197288,-0.136057,9.903591,0.041155,-0.048350,-0.050533
148.777425,-0.159971,-0.190319,9.842389,0.007866,-0.053786,-0.026893
148.787319,-0.060626,-0.273318,9.946703,0.069232,-0.062192,-0.047064
148.797188,-0.105235,-0.130733,9.873619,0.031759,-0.030561,-0.044849
148.807083,-0.309816,-0.087981,9.884639,0.065024,-0.044523,-0.059376
148.816962,-0.112967,-0.177548,9.893578,0.022978,-0.057562,-0.054756
148.826870,-0.149155,-0.164039,9.944938,0.044740,-0.054610,-0.049838
148.836734,-0.204594,-0.212430,9.885668,0.079360,-0.030616,-0.043186
148.846634,-0.089135,-0.175774,9.898263,0.100987,-0.056075,-0.044628
148.856508,-0.143475,-0.277321,9.851140,0.009922,-0.023707,-0.040641
148.866414,-0.215095,-0.042932,9.790854,0.022030,-0.016256,-0.043406
148.876282,-0.075006,-0.122284,9.905050,0.009162,-0.027175,-0.043011
148.886178,-0.239296,-0.195411,10.015783,0.020982,0.003463,-0.045333
148.896055,-0.321040,-0.094219,9.911422,0.009581,0.000410,-0.029974
148.905962,-0.113559,-0.124692,9.800751,0.021205,0.044008,-0.042543
148.915832,-0.140475,-0.294719,9.819753,0.020867,0.004320,-0.035086
148.925724,-0.216314,-0.165840,9.799778,0.005607,-0.011191,-0.038506
148.935609,-0.143737,-0.242838,9.775311,-0.011183,-0.025733,-0.033352
148.945510,-0.212446,-0.193217,9.873265,-0.001304,-0.017576,-0.029267
148.955375,-0.234526,-0.121408,9.843403,-0.008928,-0.051363,-0.030917
148.965269,-0.157132,-0.150037,9.908620,0.032433,-0.054015,-0.028233
148.975146,-0.169331,-0.255192,9.875984,0.048637,-0.030760,-0.020763
148.985049,-0.133102,-0.137167,9.776129,0.055577,-0.029708,-0.010866
148.994919,-0.120503,-0.249326,9.830912,0.064693,-0.059091,-0.018874
149.004813,-0.233314,-0.199010,9.945897,0.052282,-0.051356,-0.008610
149.014702,-0.271439,-0.116822,9.889163,0.019151,-0.010713,0.022328
149.024599,-0.049969,-0.201526,9.876301,0.017072,-0.036979,0.005348
149.034464,-0.143210,-0.283889,9.832064,0.000102,-0.030346,0.009474
149.044367,-0.160050,-0.164096,9.852155,-0.016937,-0.005793,0.004514
149.054237,-0.110469,-0.181113,9.822379,-0.039606,0.015118,0.036480
149.064144,-0.157587,-0.303604,9.826540,-0.073709,0.023777,0.028836
149.074011,-0.189355,-0.293028,9.811562,-0.021639,0.033160,0.025028
149.083905,-0.130926,-0.118720,9.935787,-0.008313,0.021310,0.026712
149.093783,-0.128076,-0.198811,9.843307,0.009239,0.032856,0.034956
149.103692,-0.166560,-0.136161,9.862209,0.031084,0.007511,0.038777
149.113561,-0.078364,-0.213651,9.856224,0.023995,-0.031056,0.052752
149.123452,-0.230435,-0.257369,9.824387,0.028318,-0.014798,0.052949
149.133331,-0.187530,-0.190579,9.714085,0.054964,-0.036684,0.065823
149.143235,-0.021725,-0.330336,9.764205,0.025831,-0.007105,0.073687
149.153104,-0.140780,-0.103263,9.718914,0.016215,-0.025225,0.064839
149.162999,-0.256154,-0.209714,9.722741,0.027436,-0.016393,0.065551
149.172881,-0.188091,-0.188012,9.741888,0.000677,-0.051498,0.062235
149.182780,-0.267314,-0.155831,9.885001,0.021547,0.007956,0.073855
149.192651,-0.124634,-0.241316,9.791706,0.007954,-0.007294,0.052198
149.202543,-0.129390,-0.321875,9.735738,-0.003085,-0.021222,0.046118
149.212423,-0.195503,-0.199336,9.724965,-0.029132,-0.021914,0.040235
149.222330,-0.177838,-0.210868,9.779664,-0.038843,-0.041446,0.043194
149.232195,-0.186283,-0.165696,9.868599,-0.066397,-0.015671,0.047834
149.242089,-0.222926,-0.078109,9.860526,0.000676,-0.021877,0.036419
149.251974,-0.092310,-0.220031,9.889125,0.005541,-0.049301,0.054192
149.261874,-0.167936,-0.317770,9.759347,0.010971,-0.015314,0.048836
149.271741,-0.204385,-0.200873,9.674539,0.048136,-0.021040,0.053550
149.281638,-0.053808,-0.274646,9.767924,0.057537,0.014977,0.051187
149.291518,-0.199365,-0.061274,9.728044,0.043269,0.006788,0.041993
149.301421,-0.179295,-0.219796,9.754459,0.047611,0.031910,0.041860
149.311288,-0.122020,-0.141518,9.847249,0.031615,0.029601,0.038969
149.321183,-0.180281,-0.131977,9.763770,0.029742,0.034701,0.035523
149.331062,-0.172533,-0.260018,9.730924,0.021673,0.052133,0.046695
149.340966,-0.139455,-0.269508,9.763020,-0.003329,0.056768,0.041103
149.350835,-0.189887,-0.161306,9.794045,-0.009360,0.051654,0.041686
149.360732,-0.124372,-0.130311,9.826756,-0.049023,0.054851,0.041039
149.370613,-0.201814,-0.185141,9.792691,-0.063975,0.035057,0.054449
149.380517,-0.152787,-0.081876,9.809399,-0.060385,0.043406,0.055111
149.390383,-0.033735,-0.153047,9.813450,-0.059805,0.006645,0.044206
149.400279,-0.215927,-0.120242,9.677496,-0.039100,0.014634,0.051067
149.410153,-0.227862,-0.137277,9.854827,-0.028086,-0.009197,0.040745
149.420058,-0.298340,-0.182437,9.928841,-0.015102,-0.005746,0.048900
149.429931,-0.219355,-0.117137,9.837481,-0.014823,0.013818,0.050832
149.439821,-0.089629,-0.242568,9.819502,-0.026977,0.024525,0.041300
149.449707,-0.174319,-0.173144,9.591102,-0.015211,0.046987,0.029477
149.459605,-0.160256,-0.259500,9.759222,-0.037228,0.060641,0.024299
149.469474,-0.137608,-0.198228,9.677624,-0.055026,0.025574,0.013001
149.479367,-0.200417,-0.144423,9.723231,-0.096139,0.031494,0.027292
149.489246,-0.163432,-0.287844,9.787563,-0.088368,0.043174,0.027781
149.499159,-0.221168,-0.113721,9.732440,-0.075215,0.041502,0.026670
149.509025,-0.058779,-0.185963,9.690046,-0.066196,0.058074,0.018182
149.518912,-0.076688,-0.192108,9.718514,-0.069631,0.022759,0.021434
149.528791,-0.073155,-0.285139,9.593621,-0.052106,0.028106,0.035753
149.538698,-0.044273,-0.326476,9.635913,-0.017950,-0.005642,0.026214
149.548563,-0.105100,-0.200351,9.729591,-0.027991,0.053399,0.027966
149.558464,-0.110886,-0.151036,9.791886,-0.044029,0.037847,0.011439
149.568336,-0.223186,-0.084169,9.756012,-0.022029,0.057662,0.013293
149.578250,-0.268854,-0.100875,9.715811,-0.039188,0.017852,0.001485
149.588117,-0.088631,-0.125268,9.663318,-0.008924,0.008607,0.006955
149.598009,-0.174098,-0.000624,9.719065,-0.043228,0.000790,0.005253
149.607891,-0.132060,-0.113045,9.702579,-0.013402,0.023849,-0.005581
149.617787,-0.247792,-0.073995,9.772640,0.000011,0.066566,-0.000323
149.627662,-0.307075,-0.152881,9.745839,-0.031778,0.035525,0.006814
149.637551,-0.091209,-0.072583,9.767236,-0.076740,0.048290,0.022182
149.647431,-0.168939,0.006528,9.678431,-0.076383,0.045217,0.028222
149.657342,-0.076297,-0.125619,9.610811,-0.075153,0.094125,0.024676
149.667201,-0.156502,-0.186168,9.574627,-0.062873,0.059202,0.007012
149.677096,-0.175466,-0.173477,9.687101,-0.083035,0.078203,0.003475
149.686975,-0.143784,-0.145606,9.854251,-0.033366,0.077298,-0.001804
149.696883,-0.139363,-0.095495,9.763147,-0.089883,0.031367,0.009619
149.706748,-0.138801,-0.117765,9.695325,-0.065404,0.026696,0.015570
149.716642,-0.282338,0.021227,9.718412,-0.058255,0.015996,0.015368
149.726522,-0.300432,-0.119639,9.733138,-0.014281,0.006614,0.029617
149.736429,-0.148769,-0.041603,9.637671,0.023014,0.033519,0.029221
149.746302,-0.034417,-0.122676,9.717294,0.041784,0.024612,0.017323
149.756188,-0.101829,-0.193922,9.654303,0.030718,0.002166,0.035336
149.766065,-0.220659,-0.114732,9.647903,0.037815,0.008415,0.040237
149.775975,-0.125472,-0.223728,9.678550,0.054459,0.006529,0.031668
149.785842,-0.192500,-0.029669,9.698238,0.055610,-0.010644,0.020483
149.795733,-0.164632,-0.108998,9.653699,0.054444,0.033507,0.024808
149.805612,-0.179669,-0.139549,9.691660,0.080404,0.025938,0.011083
149.815519,-0.144892,-0.171944,9.646495,0.042530,0.044802,0.027647
149.825386,-0.179328,-0.180412,9.767475,0.035354,0.032108,0.031016
149.835281,-0.222154,-0.120729,9.700831,0.027759,0.043752,0.022432
149.845158,-0.084329,-0.221905,9.678034,0.061940,0.041773,-0.007139
149.855062,-0.106861,-0.166628,9.596105,0.053421,0.045230,-0.011518
149.864934,-0.031894,-0.138232,9.604428,-0.000723,0.049131,0.008268
149.874829,-0.043061,-0.321214,9.513165,-0.017659,0.043817,0.000735
149.884710,-0.104250,-0.189198,9.474399,-0.040181,0.060864,-0.001180
149.894609,-0.034664,-0.195469,9.573271,-0.014548,0.063166,-0.011300
149.904477,-0.241557,0.036553,9.619286,-0.021855,0.046275,-0.017360
149.914372,-0.130027,-0.035107,9.665862,0.009116,0.038586,-0.024477
149.924251,-0.197377,-0.085709,9.630692,0.030650,-0.007238,-0.032270
149.934164,-0.234019,-0.180439,9.694563,0.002799,-0.028513,-0.030607
149.944024,-0.200963,-0.088203,9.733764,0.019269,-0.049439,-0.029998
149.953918,-0.155177,0.036339,9.635174,0.039794,-0.067482,-0.029550
149.963796,-0.073214,-0.158406,9.675092,0.050221,-0.051720,-0.035609
149.973703,-0.232402,-0.139620,9.709548,0.056906,-0.052097,-0.042514
149.983572,-0.169441,-0.172700,9.701223,0.068571,-0.032822,-0.035189
149.993463,-0.123962,-0.208947,9.773087,0.053568,-0.016778,-0.033377
150.003343,-0.246254,-0.041144,9.663940,0.075296,-0.024599,-0.045236
150.013248,-0.133932,-0.148388,9.676667,0.086158,0.010756,-0.061743
150.023115,-0.174591,-0.166335,9.628740,0.051702,0.031807,-0.059699
150.033012,-0.169454,-0.296075,9.646655,0.029470,0.013943,-0.055911
150.042888,-0.090706,-0.258028,9.591104,0.010387,0.058715,-0.057277
150.052792,-0.094434,-0.121777,9.547084,-0.007305,0.054050,-0.053870
150.062667,-0.062845,-0.304280,9.533121,-0.034895,0.044007,-0.070828
150.072558,-0.255147,-0.109230,9.695282,-0.051693,0.036832,-0.075016
150.082434,-0.187403,-0.158391,9.706449,-0.054109,0.074202,-0.072327
150.092348,-0.173364,-0.110511,9.798786,-0.047174,0.079367,-0.067452
150.102211,-0.163730,-0.112709,9.636016,-0.024320,0.078237,-0.079870
150.112102,-0.131990,-0.145827,9.654396,-0.045024,0.063871,-0.081775
150.121983,-0.127706,-0.218525,9.567804,-0.034503,0.050000,-0.079827
150.131885,-0.028936,-0.232498,9.581389,-0.066855,0.052751,-0.063897
150.141754,-0.113035,-0.157469,9.655438,-0.058943,0.036123,-0.054468
150.151648,-0.226205,-0.064877,9.678812,-0.086948,0.042498,-0.065159
150.161527,-0.127774,-0.159120,9.567777,-0.070754,0.027957,-0.071504
150.171430,-0.270033,-0.126276,9.678752,-0.057903,0.016263,-0.078816
150.181304,-0.196128,-0.175325,9.676299,-0.016298,0.030991,-0.074387
150.191194,-0.213912,-0.064954,9.680962,0.004076,0.003999,-0.067062
150.201077,-0.033388,-0.076732,9.674286,0.060456,0.036582,-0.077973
150.210977,-0.122669,-0.099765,9.674106,0.061739,0.035757,-0.061900
150.220851,-0.156340,-0.008581,9.605813,0.054250,0.053897,-0.063035
150.230739,-0.239352,-0.242066,9.681654,0.050011,0.054112,-0.059928
150.240625,-0.175693,-0.224654,9.512965,0.043439,0.055978,-0.065935
150.250523,-0.002911,-0.216460,9.591320,0.051651,0.029055,-0.079115
150.260392,-0.133728,-0.128668,9.645234,0.017027,-0.009296,-0.066833
150.270288,-0.155587,-0.106761,9.547834,-0.001274,-0.029292,-0.042634
150.280173,-0.172534,-0.163572,9.734056,-0.009054,-0.015389,-0.044039
150.290068,-0.230407,-0.223022,9.614953,-0.018180,0.025408,-0.046058
150.299939,-0.195978,-0.238278,9.611023,-0.029606,0.008743,-0.035246
150.309832,-0.134979,-0.377126,9.605716,-0.044119,0.035006,-0.024695
150.319715,-0.027812,-0.181983,9.535620,-0.036868,0.026365,-0.033369
150.329619,-0.102522,-0.085618,9.569214,-0.020759,0.070913,-0.023457
150.339484,-0.276247,-0.143527,9.671985,0.022840,0.043994,-0.032917
150.349382,-0.230008,-0.138752,9.671869,0.048004,0.041439,-0.008609
150.359256,-0.219693,-0.219599,9.578191,0.074920,0.019061,-0.014318
150.369161,-0.037150,-0.293070,9.581087,0.081356,-0.000705,-0.018217
150.379029,-0.077206,-0.223508,9.619860,0.075538,0.006844,-0.016226
150.388929,-0.119413,-0.097985,9.623431,0.087724,-0.002552,-0.024040
150.398804,-0.025877,-0.161690,9.610214,0.070764,-0.010594,-0.013111
150.408708,-0.198163,-0.107808,9.604864,0.049279,-0.018358,-0.001354
150.418576,-0.308305,-0.134365,9.629406,0.036578,-0.037731,-0.011034
150.428469,-0.232622,-0.164712,9.645344,0.014774,-0.076284,-0.006349
150.438352,-0.185688,-0.214767,9.531348,-0.003355,-0.085887,0.004249
150.448261,-0.071142,-0.319258,9.546829,-0.050647,-0.094779,0.007844
150.458121,-0.112948,-0.120610,9.575175,-0.036745,-0.091798,0.012541
150.468018,-0.177175,-0.107489,9.578766,-0.040327,-0.125800,-0.001520
150.477894,-0.212460,-0.074887,9.656590,-0.040199,-0.130180,0.014195
150.487811,-0.154739,-0.258705,9.516838,-0.030567,-0.081527,0.021952
150.497668,-0.268045,-0.197470,9.698712,-0.002126,-0.084694,0.012134
150.507567,-0.286419,-0.168796,9.593514,0.004190,-0.022923,0.004543
150.517447,-0.161729,-0.216433,9.660350,0.006920,-0.022668,-0.001050
150.527348,-0.126722,-0.231608,9.477904,0.016022,-0.001796,-0.000992
150.537215,-0.080233,-0.152567,9.456046,-0.009324,0.021312,0.009096
150.547111,-0.127873,-0.211608,9.603710,-0.043744,0.028258,0.009874
150.556991,-0.279624,-0.104225,9.619002,-0.075903,0.010688,0.000921
150.566897,-0.273418,-0.183514,9.693854,-0.113346,0.001950,0.012860
150.576762,-0.258079,-0.096876,9.750714,-0.092397,0.010547,0.028496
150.586665,-0.191504,-0.029412,9.722011,-0.101643,-0.025521,0.033666
150.596539,-0.075945,-0.293524,9.657862,-0.084603,-0.019205,0.041181
150.606449,-0.114734,-0.186435,9.570912,-0.093315,-0.072799,0.037269
150.616308,-0.144368,-0.347369,9.578116,-0.049871,-0.090917,0.036060
150.626210,-0.281766,-0.153996,9.719611,0.003434,-0.082936,0.024803
150.636081,-0.136273,-0.131279,9.649851,0.027306,-0.120692,0.049803
150.645986,-0.227352,-0.102534,9.751854,0.088626,-0.161846,0.042356
150.655855,-0.283309,-0.077114,9.641919,0.088631,-0.139349,0.050667
150.665759,-0.108262,-0.185728,9.602282,0.137121,-0.087298,0.032767
150.675633,-0.213823,-0.268816,9.579174,0.097968,-0.098169,0.043280
150.685532,-0.135377,-0.236243,9.522498,0.083363,-0.089074,0.048939
150.695406,-0.085553,-0.244790,9.640180,0.011861,-0.070208,0.054398
150.705296,-0.187176,-0.145881,9.624009,0.001482,-0.051049,0.040213
150.715173,-0.199259,-0.185635,9.641125,-0.010790,-0.045488,0.033820
150.725081,-0.286909,-0.210815,9.749335,-0.024451,-0.048807,0.040282
150.734952,-0.210443,-0.128594,9.694709,-0.022654,-0.069836,0.033690
150.744846,-0.022749,-0.215568,9.676332,-0.040627,-0.018635,0.025184
150.754729,-0.271404,0.002493,9.646034,-0.044502,-0.026789,0.007631
150.764629,-0.219821,-0.152731,9.698148,-0.054939,0.003569,-0.001654
150.774498,-0.263534,-0.202094,9.772279,-0.039445,0.013335,-0.012498
150.784388,-0.177562,-0.141252,9.707452,-0.041148,-0.058137,-0.000478
150.794264,-0.078204,-0.162439,9.716000,-0.050064,-0.043690,0.011774
150.804167,-0.229376,-0.062881,9.694703,-0.002243,-0.078747,0.008289
150.814041,-0.206313,-0.194462,9.674619,0.014479,-0.052757,0.014476
150.823930,-0.235175,-0.192934,9.731796,0.019364,-0.055878,0.014879
150.833810,-0.191057,-0.121855,9.761122,-0.024854,-0.080931,0.028042
150.843720,-0.096183,-0.225670,9.752363,-0.028241,-0.082430,0.034491
150.853582,-0.205183,-0.143325,9.632333,-0.020060,-0.068044,0.029968
150.863477,-0.225000,-0.237877,9.680896,-0.026225,-0.059914,0.008828
150.873363,-0.222431,-0.107574,9.738508,-0.030815,-0.048699,0.006279
150.883259,-0.255054,-0.022387,9.795854,-0.084138,-0.055528,0.028013
150.893131,-0.169855,-0.024237,9.913012,-0.080807,0.000259,0.018976
150.903023,-0.240232,-0.055968,9.656026,-0.064187,-0.019480,0.021596
150.912901,-0.128415,-0.262070,9.673767,-0.087001,-0.032288,0.014783
150.922807,-0.067152,-0.293709,9.723986,-0.101504,-0.022061,0.008947
150.932681,-0.115139,-0.184833,9.689823,-0.079003,-0.004929,0.009403
150.942571,-0.133526,-0.192268,9.725134,-0.075545,0.025428,0.019999
150.952456,-0.236809,-0.207379,9.880679,-0.097424,0.008044,0.007842
150.962351,-0.257333,-0.135833,9.763996,-0.087508,0.038998,-0.005594
150.972221,-0.106226,-0.202729,9.757091,-0.118423,0.010136,0.000566
150.982116,-0.201901,-0.180725,9.739069,-0.122220,-0.014597,-0.007487
150.991998,-0.209727,-0.245884,9.823194,-0.129161,-0.010884,-0.011101
151.001897,-0.126977,-0.224989,9.782662,-0.112316,-0.025721,-0.008791
151.011768,-0.196416,-0.037521,9.799172,-0.114627,-0.051960,-0.006043
151.021662,-0.056691,-0.189931,9.848456,-0.091359,-0.094498,0.001411
151.031544,-0.130394,-0.257045,9.762178,-0.065291,-0.083887,0.003564
151.041446,-0.207928,-0.239751,9.739799,-0.038288,-0.086092,-0.023431
151.051313,-0.138416,-0.342084,9.767499,-0.051114,-0.067127,-0.009092
151.061208,-0.007186,-0.265663,9.682973,-0.039346,-0.087181,-0.012320
151.071091,0.050650,-0.295149,9.764333,-0.031818,-0.062774,-0.006518
151.080990,-0.157721,-0.178470,9.719111,-0.009024,-0.038244,-0.022761
151.090867,-0.212973,-0.209023,9.756811,-0.022027,-0.027075,-0.024402
151.100760,-0.035730,-0.115034,9.895177,-0.029149,-0.007815,-0.027631
151.110635,-0.117276,-0.127252,9.821023,-0.031437,0.021364,-0.016893
151.120535,0.012848,-0.312621,9.742851,-0.035055,0.019003,-0.038394
151.130405,-0.104941,-0.252039,9.675345,-0.066705,0.006628,-0.038930
151.140305,-0.117126,-0.250842,9.682676,-0.057461,-0.005919,-0.048809
151.150178,-0.024675,-0.217608,9.749571,-0.081551,0.008911,-0.059476
151.160083,-0.154587,-0.178561,9.806837,-0.080336,-0.001812,-0.068422
151.169951,-0.132017,-0.228154,9.769346,-0.048166,-0.024907,-0.047627
151.179856,-0.116996,-0.262262,9.947603,-0.031329,-0.017161,-0.038573
151.189724,-0.161129,-0.241503,9.837238,0.004937,-0.050957,-0.043963
151.199627,-0.074219,-0.255991,9.875052,0.012012,-0.101717,-0.044736
151.209496,-0.098749,-0.235795,9.815351,0.030267,-0.105524,-0.043739
151.219395,-0.091624,-0.231928,9.775256,0.040586,-0.135993,-0.045466
151.229271,-0.064870,-0.374599,9.833515,0.064062,-0.108664,-0.044883
151.239174,-0.200233,-0.173962,9.755333,0.032172,-0.164336,-0.050137
151.249050,-0.022071,-0.156878,9.831637,0.072239,-0.133211,-0.053234
151.258946,-0.089992,-0.109759,9.881718,0.004778,-0.175774,-0.021287
151.268823,-0.207471,-0.095753,9.815998,-0.002701,-0.127347,-0.035367
151.278732,-0.137946,-0.242787,9.814017,0.041856,-0.113412,-0.046301
151.288593,-0.112916,-0.179513,9.764040,0.031281,-0.090861,-0.059942
151.298496,-0.053748,-0.213459,9.735548,0.024971,-0.072233,-0.037399
151.308373,-0.069008,-0.348053,9.784300,0.027796,-0.035954,-0.045594
151.318273,-0.131338,-0.224661,9.798907,-0.032969,-0.037193,-0.036940
151.328140,-0.285960,-0.159948,9.847010,-0.007749,0.000717,-0.052051
151.338038,-0.058685,-0.219320,9.723868,-0.008296,0.003104,-0.052441
151.347915,-0.003386,-0.335997,9.850883,0.004287,-0.000849,-0.027050
151.357816,-0.171580,-0.100341,9.886941,-0.021406,0.016253,-0.034482
151.367684,-0.088211,-0.227369,9.777520,0.006531,-0.018660,-0.059482
151.377576,-0.165285,-0.193726,9.813114,0.011952,-0.060147,-0.052256
151.387458,-0.164512,-0.182309,9.809174,-0.035199,-0.061935,-0.034094
151.397364,-0.047334,-0.320732,9.841550,0.002347,-0.073372,-0.026774
151.407234,-0.162224,-0.375342,9.911913,0.038215,-0.063132,-0.034346
151.417122,-0.111329,-0.251476,9.835326,0.050905,-0.026188,-0.036115
151.427000,-0.069310,-0.288201,9.751551,0.052766,-0.049113,-0.013080
151.436905,-0.064745,-0.237900,9.795566,0.054144,-0.034493,-0.013351
151.446774,-0.160953,-0.199695,9.867137,-0.001294,-0.002736,0.007171
151.456672,-0.031528,-0.142876,9.893054,-0.011501,-0.011300,-0.001466
151.466550,-0.064782,-0.333048,9.835666,-0.017628,0.015671,0.018710
151.476451,-0.137949,-0.215898,9.904227,-0.008293,0.068577,0.011891
151.486329,-0.012796,-0.254238,9.895502,0.000376,0.016941,0.019970
151.496214,-0.038876,-0.370019,9.789718,-0.011445,0.007347,0.042973
151.506092,0.021818,-0.310525,9.681887,0.000141,-0.005087,0.048633
151.515996,0.062358,-0.301008,9.766128,0.000466,0.051584,0.048097
151.525866,-0.009226,-0.331267,9.779003,-0.006112,0.037194,0.038657
151.535760,-0.185843,-0.184385,9.846172,-0.010922,0.021541,0.044134
151.545644,-0.065969,-0.109200,9.974491,-0.006335,0.007534,0.055037
151.555543,-0.124944,-0.188689,9.976692,-0.018186,0.007688,0.048278
151.565412,-0.015823,-0.254362,9.802969,0.005270,-0.001961,0.058495
151.575307,-0.027320,-0.326199,9.788306,0.034244,0.041552,0.035291
151.585185,-0.095159,-0.189891,9.793821,0.025982,0.015758,0.051356
151.595088,-0.046946,-0.211377,9.737489,0.057171,0.004313,0.045119
151.604958,-0.156577,-0.290894,9.867513,0.085620,0.024014,0.054590
151.614853,-0.162303,-0.184508,9.770555,0.060800,0.030211,0.044564
151.624733,-0.137490,-0.228481,9.937363,0.060711,-0.026545,0.038345
151.634636,-0.151734,-0.152642,9.872101,0.071545,-0.046362,0.039843
151.644504,-0.242363,-0.187949,9.914295,0.080028,-0.050160,0.040739
151.654404,-0.009452,-0.215668,9.844981,0.059790,-0.102112,0.035256
151.664282,-0.072005,-0.308188,9.925024,0.099821,-0.047291,0.044432
151.674187,0.051520,-0.253235,9.780563,0.121757,-0.008315,0.032407
151.684051,0.056019,-0.459984,9.884009,0.097036,-0.033722,0.035866
151.693945,-0.096989,-0.285565,9.792471,0.127730,0.009100,0.020964
151.703824,-0.240879,-0.294097,9.927344,0.092251,-0.009768,0.023075
151.713726,-0.083441,-0.315830,9.879497,0.096207,0.055751,0.027670
151.723605,-0.120897,-0.337390,9.858826,0.078958,0.028015,0.044569
151.733496,-0.015372,-0.218101,9.870646,0.050564,0.064101,0.033271
151.743370,0.027416,-0.300045,9.796904,0.043733,0.051264,0.029662
151.753273,-0.140516,-0.213131,9.809210,0.010789,0.079390,0.016638
151.763142,0.032017,-0.403792,9.862358,0.012709,0.042362,0.015323
151.773042,0.025670,-0.330998,9.783702,-0.025495,0.037832,0.011811
151.782917,-0.003218,-0.288869,9.793457,-0.031742,0.023298,0.018166
151.792822,-0.041436,-0.342732,9.794329,-0.006181,0.021683,0.015968
151.802690,0.080627,-0.349322,9.767725,-0.014994,-0.015882,0.009173
151.812591,0.024477,-0.155153,9.752954,0.027027,-0.012772,0.011108
151.822465,-0.023465,-0.373101,9.830654,0.040177,-0.038016,0.006207
151.832365,-0.107828,-0.195697,9.841722,0.061419,-0.052263,0.006536
151.842237,-0.122812,-0.169249,9.876677,0.068987,-0.055928,0.021347
151.852129,-0.046399,-0.118106,9.956701,0.064593,-0.034490,0.021395
151.862009,-0.126189,-0.191579,9.867650,0.076117,0.001038,0.013981
151.871917,-0.069208,-0.180318,9.792183,0.054241,-0.010495,0.012411
151.881791,0.015144,-0.232642,9.832701,0.017779,-0.009871,0.002753
151.891675,-0.139824,-0.171285,9.767565,0.039569,0.026411,-0.010941
151.901558,-0.131593,-0.232017,9.894594,0.031087,-0.010055,-0.005171
151.911457,-0.137311,-0.225655,9.949513,0.035421,0.033392,-0.010775
151.921326,-0.131049,-0.096131,9.956736,0.050382,0.012829,-0.005756
151.931221,-0.136980,-0.190625,9.981285,0.076131,0.007408,0.000461
151.941099,-0.155842,-0.186857,9.932660,0.104441,0.013791,0.005173
151.951003,-0.120458,-0.147476,9.844543,0.135383,-0.048919,-0.008268
151.960872,0.027906,-0.252884,9.826505,0.136432,-0.051846,0.000240
151.970767,-0.043630,-0.349547,9.733704,0.159884,-0.057567,0.006494
151.980645,-0.017509,-0.271404,9.800930,0.130503,-0.044772,-0.001225
151.990549,-0.027971,-0.300959,9.860684,0.098731,-0.082259,-0.001218
152.000418,-0.124790,-0.245085,9.806091,0.104711,-0.061466,-0.006291
152.010313,-0.123338,-0.220578,9.751671,0.042283,-0.053565,-0.007722
152.020191,-0.032914,-0.214935,9.952890,0.011198,-0.003912,-0.009044
152.030095,-0.126829,-0.207339,9.896357,0.046654,-0.009387,-0.027360
152.039964,-0.106099,-0.244334,9.898555,-0.015596,0.007529,-0.018203
152.049859,-0.034523,-0.251085,9.943620,-0.044956,0.034656,-0.008207
152.059737,-0.065805,-0.136549,9.873148,-0.038224,0.033895,-0.008533
152.069641,-0.015038,-0.335643,9.874607,-0.038074,0.040497,-0.003345
152.079510,-0.069801,-0.366603,9.983375,-0.003552,0.053283,-0.023701
152.089405,-0.116229,-0.232858,9.999559,-0.010343,-0.009742,-0.016137
152.099283,-0.025268,-0.294214,9.964763,0.020945,-0.046098,-0.012213
152.109187,-0.077957,-0.251681,10.007243,0.019414,-0.031669,0.000791
152.119056,-0.118403,-0.142605,9.958695,0.042757,-0.012848,0.009287
152.128951,0.002216,-0.236858,9.995222,0.006412,-0.072866,0.012227
152.138833,-0.074601,-0.240502,9.939338,0.019651,-0.039282,0.005636
152.148734,-0.056160,-0.291063,9.870039,0.009272,-0.047313,0.001239
152.158606,0.041630,-0.310073,9.871443,-0.004970,-0.050679,0.008513
152.168498,-0.037253,-0.254373,9.863857,-0.010918,-0.043413,0.020926
152.178382,-0.041761,-0.278416,9.810438,0.021261,-0.010549,0.038850
152.188281,0.007564,-0.294946,9.981327,0.029827,0.035371,0.018151
152.198152,-0.028878,-0.170012,9.905299,0.049208,0.031027,0.024848
152.208044,-0.111698,-0.181554,9.971331,0.045201,0.012356,0.033830
152.217926,-0.110102,-0.216015,9.973275,0.054645,0.022833,0.041132
152.227826,-0.095670,-0.112368,9.960396,0.022429,-0.015991,0.044359
152.237695,-0.048112,-0.233016,9.861496,-0.000531,0.015071,0.054584
152.247589,-0.023547,-0.249004,9.998420,-0.017749,0.011526,0.054018
152.257475,-0.068809,-0.204897,9.927994,-0.036570,0.028610,0.052340
152.267381,0.022527,-0.201231,9.997919,-0.049183,0.032724,0.055903
152.277247,-0.093115,-0.183020,9.944752,-0.073486,0.016931,0.053981
152.287137,-0.124500,-0.180848,9.974144,-0.065740,0.042548,0.064071
152.297014,0.028914,-0.224239,10.033665,-0.042716,0.057383,0.068391
152.306919,-0.059730,-0.051972,9.991237,-0.014390,0.108530,0.061869
152.316794,-0.103067,-0.169674,9.933389,0.025002,0.120361,0.061436
152.326686,-0.097443,-0.175018,9.960513,0.070095,0.128024,0.075130
152.336560,-0.133574,-0.198903,10.040127,0.092787,0.151683,0.071726
152.346469,0.009158,-0.175331,10.009847,0.118981,0.138790,0.074908
152.356333,0.001025,-0.155000,9.941062,0.113812,0.139571,0.078396
152.366229,-0.013943,-0.137357,9.872192,0.099702,0.169797,0.091054
152.376107,0.050182,-0.366428,9.891459,0.064674,0.108852,0.092579
152.386020,0.014180,-0.186932,9.869476,0.043608,0.084845,0.079664
152.395882,0.165248,-0.184958,9.900433,0.010194,0.060697,0.077040
152.405776,-0.049172,-0.048842,9.852618,0.024542,0.036837,0.070620
152.415659,-0.032863,-0.330015,9.895550,-0.024620,0.013249,0.064541
152.425562,0.004224,-0.140766,9.928145,-0.007234,0.019087,0.066576
152.435427,-0.038098,-0.201041,9.902765,-0.026813,0.022732,0.070886
152.445323,0.079004,-0.192347,9.884632,-0.013955,0.009199,0.075641
152.455198,0.060175,-0.258743,9.876113,0.026442,0.058226,0.076694
152.465113,0.080681,-0.259449,9.828306,0.012235,0.084687,0.079114
152.474972,0.000605,-0.372286,9.861497,0.044980,0.111803,0.069767
152.484867,0.057567,-0.306956,9.905842,0.056718,0.138100,0.060043
152.494746,0.145275,-0.290836,10.057710,0.050815,0.116167,0.060176
152.504659,0.086981,-0.112122,9.886041,0.024840,0.086200,0.049072
152.514523,-0.000680,-0.289144,9.881947,0.030373,0.112502,0.044604
152.524413,-0.108019,-0.078873,9.788494,0.012197,0.068557,0.041380
152.534292,-0.101400,-0.254724,9.938753,0.016248,0.053752,0.040016
152.544199,-0.080568,-0.039406,9.921677,0.014859,0.003952,0.032025
152.554064,-0.079869,0.024499,9.920573,0.023921,-0.007199,0.020149
152.563959,-0.057200,-0.088860,9.957559,0.068512,-0.021499,0.027234
152.573837,-0.140937,-0.192958,9.934208,0.051315,-0.017401,0.019598
152.583742,0.010903,-0.253326,9.908789,0.074002,0.001515,0.017320
152.593614,-0.067337,-0.145046,9.982632,0.098992,0.034334,0.016130
152.603507,0.009855,-0.167239,9.893083,0.095127,0.065514,0.018338
152.613383,-0.084744,-0.167869,9.962547,0.067618,0.065183,0.037478
152.623288,-0.026117,-0.139667,9.873020,0.098229,0.107638,0.025943
152.633158,-0.014988,-0.159412,9.977559,0.068520,0.085961,0.021467
152.643052,-0.091379,-0.166495,9.823175,0.064164,0.113936,0.013400
152.652931,0.041778,-0.290042,9.988351,0.041388,0.089064,0.016745
152.662836,0.029532,-0.172826,9.902411,0.026302,0.050143,0.016780
152.672707,0.089118,-0.167821,9.789084,0.020715,0.034597,0.005821
152.682597,0.030219,-0.245154,9.739077,-0.019333,-0.024947,0.001081
152.692476,-0.012083,-0.210311,9.814985,-0.016753,-0.060120,0.007552
152.702381,0.030911,-0.304787,9.890548,-0.012352,-0.096467,-0.007966
152.712249,-0.133767,-0.154546,9.852699,-0.008541,-0.106489,-0.001016
152.722150,0.041518,-0.141020,9.832691,0.017822,-0.077767,-0.009048
152.732024,-0.014897,-0.102925,9.852247,0.039244,-0.079268,-0.007177
152.741931,-0.079679,-0.188753,9.836514,0.040777,-0.050665,-0.015413
152.751794,0.002440,-0.222682,9.897356,0.076929,0.004094,-0.011644
152.761689,0.001640,-0.197014,9.802571,0.075660,-0.004055,-0.003443
152.771576,0.137281,-0.207020,9.800535,0.083908,0.072042,-0.005879
152.781482,0.046913,-0.145389,9.804400,0.054849,0.072925,-0.010763
152.791341,-0.064478,-0.183205,9.770937,0.048592,0.122923,-0.026524
152.801238,0.013616,-0.307917,9.824385,-0.017870,0.122189,-0.020765
152.811117,0.010640,-0.273245,9.847626,-0.031727,0.151492,-0.037770
152.821022,0.033955,-0.175313,9.809025,-0.065372,0.108615,-0.032620
152.830890,-0.070246,-0.160536,9.863677,-0.074226,0.132922,-0.044131
152.840782,-0.075347,-0.242244,9.862778,-0.076517,0.105017,-0.038346
152.850660,-0.093355,-0.132866,9.934014,-0.120763,0.096464,-0.031311
152.860571,-0.064918,-0.134065,9.889971,-0.127898,0.067126,-0.037791
152.870441,0.033399,-0.149060,9.986066,-0.103044,0.045494,-0.038704
152.880332,0.021548,-0.083003,9.771826,-0.090901,0.059712,-0.026038
152.890208,0.073791,-0.173032,9.769818,-0.082753,0.048649,-0.041357
152.900113,0.040779,-0.092830,9.755876,-0.054753,0.036143,-0.040320
152.909986,0.108459,-0.221237,9.790234,-0.047179,0.030049,-0.041221
152.919883,-0.014444,-0.164223,9.795949,-0.045805,0.026201,-0.051851
152.929757,-0.028251,-0.228764,9.842348,-0.044044,0.019640,-0.047500
152.939665,-0.065638,-0.218640,9.843024,-0.032960,0.015045,-0.049837
152.949529,-0.033605,-0.147032,9.870097,-0.015848,0.033214,-0.040979
152.959430,0.088719,-0.225625,9.830243,-0.020316,0.015961,-0.036970
152.969310,0.070351,-0.114193,9.761893,-0.027084,-0.005408,-0.023034
152.979206,0.097868,-0.180704,9.736023,-0.013117,0.070005,-0.030406
152.989075,-0.010678,-0.178316,9.707477,-0.036948,0.071470,-0.032146
152.998969,0.013775,-0.319863,9.715761,-0.050024,0.074880,-0.032275
153.008848,0.002478,-0.262326,9.768653,-0.078262,0.064839,-0.029784
153.018752,-0.024632,-0.224888,9.684728,-0.086864,0.045164,-0.025776
153.028622,0.024969,-0.176341,9.837641,-0.079310,0.038632,-0.012353
153.038516,-0.023563,-0.135608,9.695762,-0.050646,0.045491,-0.002756
153.048395,0.033981,-0.157007,9.753796,0.002009,-0.012767,0.006897
153.058302,-0.006058,-0.061156,9.769105,0.020033,-0.072140,0.011680
153.068167,0.126671,0.011910,9.843787,0.065534,-0.081997,0.026835
153.078065,-0.019092,-0.065982,9.829692,0.092503,-0.083862,0.021414
153.087940,0.060100,-0.039279,9.840049,0.078807,-0.117055,0.029691
153.097845,-0.031275,-0.167456,9.877817,0.099351,-0.117091,0.029472
153.107713,-0.064810,-0.188459,9.792614,0.088506,-0.103673,0.044531
153.117607,-0.091539,-0.164588,9.809958,0.088659,-0.104510,0.024849
153.127493,-0.146679,0.011811,9.826428,0.070578,-0.080212,0.036967
153.137396,0.012393,-0.023339,9.777075,0.053280,-0.071394,0.018896
153.147264,-0.077418,-0.059110,9.819750,0.000521,-0.083748,0.017087
153.157153,0.037466,-0.180823,9.785759,-0.014460,-0.033153,0.022815
153.167034,-0.001289,-0.142521,9.846605,-0.055843,-0.026839,0.013222
153.176934,0.010181,-0.149290,9.748356,-0.074948,-0.030319,0.023709
153.186807,0.004908,-0.197564,9.809582,-0.064229,0.010297,0.023695
153.196703,-0.090167,-0.103057,9.786121,-0.047115,-0.003383,0.023304
153.206580,-0.122551,-0.106083,9.743507,-0.029800,-0.003559,0.009517
153.216479,-0.152087,0.051783,9.731113,-0.025008,-0.013959,0.011702
153.226358,-0.003148,-0.010855,9.769639,-0.004418,-0.004875,-0.002804
153.236245,-0.065182,-0.031544,9.729918,-0.003254,-0.010790,-0.001445
153.246121,0.025343,-0.144845,9.789743,0.026405,-0.046666,0.009001
153.256025,-0.098407,-0.115552,9.694567,0.024049,0.003689,-0.000419
153.265905,-0.064224,-0.156300,9.727188,0.030971,-0.042045,0.003489
153.275799,0.011521,-0.219911,9.690777,0.021350,-0.083790,0.005955
153.285668,0.002347,-0.181186,9.739942,0.006917,-0.078669,0.015732
153.295576,0.085036,-0.269469,9.674629,0.020066,-0.055253,-0.004156
153.305441,0.149763,-0.161453,9.570831,0.025242,-0.067869,0.003601
153.315335,0.130136,-0.220076,9.641245,0.046820,-0.049674,-0.004168
153.325214,-0.058229,-0.055049,9.708498,0.021988,-0.059532,-0.006865
153.335121,-0.025067,-0.186453,9.662568,0.037665,-0.066172,-0.007661
153.344986,-0.145726,-0.075691,9.747977,0.023489,-0.037047,-0.014864
153.354882,-0.021318,-0.166920,9.677889,0.037108,-0.045861,-0.005856
153.364761,-0.063869,-0.101230,9.821833,0.050995,-0.052151,-0.010943
153.374664,0.014328,-0.071152,9.664644,0.065922,-0.007507,-0.001358
153.384533,-0.015338,-0.106227,9.742760,0.072395,0.011405,-0.013017
153.394431,-0.046579,-0.014880,9.479743,0.038617,0.038464,0.007688
153.404308,-0.086367,-0.134850,9.667120,0.035266,0.007823,-0.002137
153.414211,-0.161875,-0.113120,9.682906,0.024838,0.022712,-0.002841
153.424084,-0.084702,-0.128186,9.794821,-0.017258,0.041944,0.012081
153.433976,-0.097642,-0.084913,9.853164,-0.042509,0.025153,0.023589
153.443852,-0.058685,0.021657,9.824594,-0.042009,0.024159,0.031582
153.453759,-0.022685,-0.175846,9.740655,-0.053299,0.041799,0.022231
153.463627,-0.093336,-0.013726,9.642193,-0.039252,0.011375,0.036651
153.473520,-0.003101,-0.295512,9.655232,-0.043793,0.042606,0.036199
153.483401,-0.091312,-0.081253,9.682083,-0.034446,0.012792,0.032987
153.493304,-0.060770,-0.095703,9.739390,-0.005136,0.011326,0.026083
153.503172,-0.088856,0.002832,9.754915,-0.020786,0.006849,0.028762
153.513069,0.071294,-0.089537,9.638381,0.003885,0.005308,0.029998
153.522946,0.010546,-0.115476,9.801089,0.043380,-0.014340,0.038487
153.532849,0.035511,-0.105111,9.661118,0.085619,-0.005728,0.026874
153.542725,-0.010654,-0.091666,9.640387,0.075281,-0.026221,0.028724
153.552616,-0.067561,-0.056749,9.573597,0.064211,-0.017482,0.035167
153.562491,-0.116571,-0.084694,9.764134,0.056756,-0.024129,0.030308
153.572401,-0.160563,-0.098791,9.733007,0.028463,-0.035686,0.042398
153.582264,-0.131094,0.032726,9.801254,0.056804,-0.004748,0.039767
153.592163,-0.105717,-0.012241,9.746456,-0.022827,-0.041031,0.053294
153.602038,-0.012084,-0.048436,9.687663,-0.016645,-0.010614,0.052694
153.611945,0.025158,-0.159154,9.698207,-0.054893,0.005804,0.054068
153.621814,-0.009224,-0.141436,9.651365,-0.073827,0.053630,0.050311
153.631707,-0.072684,-0.150751,9.619398,-0.076109,0.030775,0.047764
153.641584,-0.195060,0.024825,9.706515,-0.060130,0.018364,0.043387
153.651494,0.000147,0.031675,9.745346,-0.046811,0.009831,0.039356
153.661357,-0.062213,0.078638,9.820484,-0.009123,0.008090,0.036734
153.671251,0.032705,0.006820,9.742412,-0.017173,-0.004653,0.033694
153.681130,-0.047452,0.135238,9.694239,-0.052166,0.007159,0.047806
153.691037,-0.022303,-0.090575,9.695197,-0.063032,0.020116,0.035522
153.700906,-0.006913,-0.002211,9.679722,-0.020464,0.036285,0.013734
153.710797,-0.116525,-0.097073,9.615635,0.002831,-0.016906,0.034481
153.720677,-0.107825,-0.049146,9.758836,-0.027773,0.023880,0.018270
153.730588,-0.068594,-0.086167,9.754799,-0.041836,0.043479,0.030227
153.740457,-0.018167,-0.091076,9.828031,-0.071019,0.054815,0.027957
153.750345,-0.102795,-0.037887,9.762764,-0.092192,0.039785,0.025702
153.760225,-0.025394,-0.084248,9.741471,-0.071118,0.050081,-0.001389
153.770132,-0.034389,-0.037283,9.699149,-0.090507,0.020229,0.016955
153.779994,0.061946,-0.104960,9.685803,-0.111739,0.017094,0.021418
153.789888,-0.068348,-0.110168,9.693240,-0.044509,0.020054,0.012131
153.799768,-0.052827,-0.133759,9.668861,-0.007256,-0.003939,0.020279
153.809670,-0.018492,-0.284592,9.704959,-0.022715,0.028850,0.030226
153.819539,-0.035399,-0.093551,9.658031,0.021909,0.066141,0.026165
153.829434,0.022563,-0.176846,9.777889,-0.011905,0.060314,0.025360
153.839312,-0.123574,-0.089800,9.827581,0.036145,0.076228,0.024443
153.849216,-0.004784,-0.055867,9.712546,0.039973,0.068727,0.016222
153.859085,-0.062199,-0.018365,9.725825,0.046182,0.042930,0.024670
153.868980,0.040888,-0.049787,9.779720,0.029662,0.036453,0.010518
153.878859,-0.082743,-0.043821,9.737678,0.040483,0.006788,0.021810
153.888763,-0.095238,-0.068375,9.818423,0.029741,-0.028958,0.026902
153.898633,-0.060161,-0.078988,9.719800,0.042983,-0.023570,0.020329
153.908532,-0.044720,-0.192864,9.663211,0.024022,-0.029564,0.035397
153.918407,-0.097000,-0.042653,9.701986,0.010999,-0.080493,0.031273
153.928309,-0.112269,-0.167521,9.768271,0.005004,-0.047538,0.042324
153.938182,-0.064331,0.055244,9.742415,0.051717,-0.061583,0.030799
153.948074,-0.160234,0.074720,9.745749,0.044621,-0.039870,0.023781
153.957952,-0.026777,0.028560,9.734990,0.057998,0.036423,0.015166
153.967857,-0.011811,-0.015705,9.774158,0.048393,0.021874,0.008965
153.977731,0.016973,-0.064380,9.623888,0.006890,0.015503,0.020348
153.987620,-0.032156,-0.104078,9.611683,0.024129,0.044338,0.017794
153.997499,-0.056562,-0.122650,9.739526,0.031530,0.036774,0.017757
154.007408,-0.106599,-0.080626,9.671557,0.052515,0.034599,0.006741
154.017273,-0.044875,-0.163059,9.756745,0.059975,0.051821,0.017924
154.027171,-0.115604,-0.080216,9.692899,0.038699,0.055478,0.017472
154.037045,-0.019184,-0.157267,9.698970,0.030023,0.026207,0.014041
154.046948,-0.043636,-0.062627,9.661905,0.007126,-0.012353,0.023837
154.056824,0.024085,-0.016980,9.680682,-0.019041,-0.035437,0.031320
154.066712,0.089678,-0.106363,9.699428,-0.035756,-0.040044,0.022511
154.076592,-0.016013,-0.020339,9.708987,-0.040608,-0.044154,0.020444
154.086495,-0.171412,0.010035,9.827802,-0.068089,-0.014169,0.017929
154.096367,-0.181755,0.027519,9.744666,-0.015016,0.002245,0.023568
154.106258,-0.159993,-0.079845,9.728030,-0.020638,0.016726,0.012750
154.116144,-0.077998,-0.006590,9.581215,-0.024517,-0.013194,0.012434
154.126047,0.021236,-0.201325,9.806576,-0.023810,-0.005033,0.004670
154.135911,-0.019071,-0.097408,9.619608,-0.002828,0.024034,0.000353
154.145806,0.070202,-0.145351,9.692301,-0.006486,0.025026,0.002175
154.155684,-0.070201,-0.114535,9.774285,0.017582,0.064491,-0.004764
154.165592,-0.088265,-0.146790,9.672703,0.028665,-0.012103,-0.004056
154.175457,-0.062862,-0.233654,9.667321,0.019820,-0.004283,0.002503
154.185351,-0.066477,-0.149884,9.619354,0.033290,-0.006048,0.014612
154.195230,0.055086,-0.220490,9.695065,0.020536,0.013173,-0.006375
154.205132,-0.037216,-0.171316,9.661655,0.008287,-0.008318,0.001365
154.215011,0.105390,-0.068376,9.749952,0.004957,-0.022131,0.010898
154.224904,0.022693,-0.059190,9.752422,-0.000162,-0.002485,0.022815
154.234781,0.042676,-0.074464,9.686895,-0.029362,-0.008358,0.024765
154.244684,-0.034764,-0.137022,9.694895,-0.035777,0.024472,0.037186
154.254557,-0.099405,-0.078269,9.528696,-0.051488,0.028027,0.026771
154.264442,-0.188978,-0.107178,9.635304,-0.067307,0.060191,0.036188
154.274321,-0.194121,0.011238,9.623494,-0.047500,0.048450,0.022883
154.284224,-0.074554,-0.173966,9.755001,-0.030447,0.078540,0.020160
154.294095,-0.096064,-0.041859,9.700207,-0.041545,0.020610,0.026365
154.303994,-0.003290,-0.157879,9.746557,-0.060386,-0.009240,0.023577
154.313876,-0.049789,-0.130202,9.635489,-0.008188,0.016893,0.017101
154.323771,-0.069389,-0.155051,9.592311,0.022516,0.035209,0.022896
154.333639,-0.061640,-0.175306,9.629425,0.032233,0.061612,0.030783
154.343534,-0.050485,-0.173951,9.563264,0.038322,0.065405,0.028291
154.353412,-0.031758,-0.151215,9.803592,0.031788,0.065997,0.029771
154.363326,-0.149257,-0.136911,9.700283,0.023428,0.040226,0.025788
154.373192,-0.015526,-0.153958,9.844503,-0.030433,-0.028496,0.031406
154.383081,-0.117419,-0.066304,9.812889,-0.037737,-0.046663,0.028897
154.392968,-0.031774,-0.073228,9.775164,-0.072616,-0.041344,0.018067
154.402873,-0.028344,-0.093971,9.754747,-0.136772,-0.077303,0.012106
154.412733,-0.034528,0.001670,9.756731,-0.132983,-0.088572,0.016736
154.422627,-0.084694,-0.030704,9.760617,-0.160219,-0.123021,0.016106
154.432506,-0.185988,0.063640,9.830258,-0.144331,-0.106196,0.000046
154.442409,-0.274762,-0.033122,9.826436,-0.151333,-0.158436,-0.004363
154.452282,-0.193756,-0.076854,9.784996,-0.091472,-0.102943,-0.002581
154.462173,-0.037529,-0.183688,9.821002,-0.079694,-0.092619,-0.016354
154.472056,-0.113027,-0.039114,9.720565,-0.024748,-0.060535,-0.021581
154.481955,-0.030639,-0.078670,9.795200,0.018831,-0.045584,-0.025883
154.491826,-0.130337,-0.028198,9.824345,0.005724,-0.043832,-0.016483
154.501719,-0.097544,-0.152180,9.771670,0.015567,0.006404,-0.019946
154.511597,-0.107174,-0.137949,9.772409,0.050137,-0.002713,-0.010607
154.521503,-0.081848,-0.178117,9.676314,0.042732,0.000621,0.003595
154.531371,0.015735,-0.210629,9.758965,0.060659,-0.001671,-0.008949
154.541265,-0.041122,-0.142438,9.725065,0.031270,0.002921,-0.010497
154.551146,0.115529,-0.152880,9.727985,0.002859,0.041867,0.001843
154.561047,0.044351,-0.170694,9.686583,-0.021541,-0.014623,0.001553
154.570916,-0.001029,-0.160253,9.655802,-0.042521,0.061315,0.002756
154.580811,0.002630,-0.302422,9.574417,-0.057145,0.027850,0.005508
154.590689,0.003922,-0.239889,9.568440,-0.038071,0.048359,0.012570
154.600597,0.047773,-0.207436,9.686190,-0.052579,0.056791,0.006810
154.610463,-0.163849,0.148972,9.686876,-0.043732,0.052214,-0.005913
154.620357,-0.082991,-0.017551,9.749958,-0.025573,0.010841,-0.001444
154.630238,-0.214519,-0.038835,9.869549,0.006810,0.073830,-0.011617
154.640140,-0.128310,-0.145072,9.706194,0.016264,0.039222,-0.009147
154.650013,-0.045129,-0.186542,9.716975,0.016429,0.013239,0.002165
154.659903,-0.069438,-0.111512,9.744821,0.047318,0.017351,0.004170
154.669787,-0.054639,-0.137381,9.845982,0.076246,0.044521,-0.004082
154.679686,-0.119475,-0.022907,9.700849,0.058719,0.015354,-0.001847
154.689555,-0.088578,-0.110154,9.758144,0.047539,0.011194,-0.006242
154.699455,-0.196423,-0.109958,9.712885,0.048363,0.010901,-0.021901
154.709328,-0.131903,-0.139782,9.700399,0.014267,0.003294,0.002358
154.719238,-0.048892,-0.126335,9.735393,-0.010777,0.010566,0.003744
154.729101,-0.114703,0.097561,9.787773,-0.005157,0.011488,0.002805
154.738997,-0.069529,-0.079894,9.684363,-0.043520,-0.005259,0.009387
154.748875,-0.143092,-0.059057,9.778743,-0.030133,-0.015178,-0.003835
154.758778,-0.106689,-0.112510,9.742106,-0.013755,0.024930,-0.006690
154.768647,-0.109934,-0.184998,9.690274,-0.034675,0.023484,0.009875
154.778542,-0.159191,-0.265993,9.661083,-0.027446,0.005579,-0.000930
154.788427,-0.073005,-0.245256,9.746614,-0.041992,0.023567,0.001289
154.798329,-0.036152,-0.188069,9.672002,-0.052165,-0.009106,0.009648
154.808193,0.136360,-0.190477,9.696810,-0.017189,0.006253,0.002023
154.818092,0.001949,-0.116388,9.718198,-0.025996,-0.018950,0.001399
154.827972,-0.114603,-0.226842,9.694245,-0.015613,-0.026924,-0.010936
154.837871,-0.111736,-0.064559,9.736313,-0.016485,-0.070970,-0.003093
154.847742,-0.104396,-0.094422,9.753307,-0.008577,-0.057856,0.002629
154.857640,-0.036056,-0.040975,9.807375,0.024067,-0.025519,-0.003586
154.867512,-0.092971,-0.111517,9.795426,0.028328,-0.013291,0.003591
154.877420,0.001837,-0.112947,9.781744,0.025655,-0.006897,-0.009694
154.887286,0.013578,-0.137197,9.807271,0.028499,-0.002531,-0.015951
154.897180,-0.096163,-0.168195,9.735284,0.004087,0.013548,-0.014244
154.907064,-0.128058,-0.168945,9.774058,-0.026943,-0.013815,-0.029539
154.916963,-0.231768,-0.050212,9.831356,-0.023031,-0.005308,-0.033040
154.926838,0.041214,-0.092203,9.764809,-0.040921,-0.002530,-0.026513
154.936732,-0.003249,-0.163359,9.780357,-0.061885,-0.047483,-0.016712
154.946605,-0.000842,-0.109230,9.667715,-0.057419,-0.021029,-0.048476
154.956511,-0.006171,-0.223296,9.805636,-0.065983,-0.072591,-0.043176
154.966381,-0.081696,-0.207471,9.687440,-0.068280,-0.005276,-0.059036
154.976273,-0.026999,-0.265537,9.809463,-0.091558,-0.054614,-0.041794
154.986155,-0.035877,-0.116680,9.769151,-0.089932,-0.087429,-0.045724
154.996062,0.031129,-0.061204,9.715930,-0.083593,-0.109456,-0.048950
155.005930,-0.004161,-0.162715,9.823369,-0.048940,-0.048915,-0.046691
155.015820,-0.198621,-0.067334,9.736101,-0.015367,-0.040443,-0.068739
155.025702,-0.077803,-0.183012,9.825860,-0.025761,-0.086653,-0.063313
155.035612,-0.114246,-0.100980,9.854174,-0.031736,-0.072016,-0.047728
155.045477,-0.032579,-0.039948,9.882741,-0.014706,-0.053780,-0.062270
155.055370,0.009628,-0.170199,9.852064,-0.044941,-0.073029,-0.057168
155.065247,-0.167193,-0.054066,9.909477,-0.070925,-0.080407,-0.056138
155.075152,-0.101462,-0.156747,9.923631,-0.092640,-0.101823,-0.059691
155.085017,-0.075585,-0.077951,9.976308,-0.083042,-0.061388,-0.066208
155.094917,-0.190549,-0.128281,9.951756,-0.095619,-0.054437,-0.079376
155.104797,-0.075471,-0.132133,9.885755,-0.095687,-0.055792,-0.068696
155.114701,-0.066211,-0.252919,9.852743,-0.079706,0.007552,-0.060302
155.124563,0.005013,-0.231938,9.881903,-0.054621,-0.023178,-0.054113
155.134467,0.029996,-0.125154,9.880679,-0.052850,0.049244,-0.056698
155.144336,-0.156093,-0.064865,9.884798,-0.023653,0.018658,-0.068887
155.154240,-0.012675,-0.266136,9.922010,-0.016091,0.028380,-0.054593
155.164110,0.015648,-0.092415,9.919568,-0.009946,-0.019846,-0.053375
155.174004,0.004923,-0.113044,9.830424,0.009417,-0.024313,-0.053186
155.183885,-0.023815,-0.221165,9.950645,0.022796,0.003508,-0.036665
155.193794,-0.036694,-0.215533,9.867510,0.023093,-0.030131,-0.040320
155.203661,-0.014299,-0.214878,9.986795,0.026448,-0.001221,-0.036842
155.213556,-0.005847,-0.116141,9.928063,0.033551,-0.021344,-0.046716
155.223433,-0.136040,-0.096832,9.944108,0.016346,-0.016190,-0.044175
155.233336,-0.041842,-0.211793,9.987577,0.025612,-0.027283,-0.040335
155.243206,-0.029276,-0.058073,9.938958,0.048453,0.002291,-0.036019
155.253100,-0.091269,-0.149648,9.837661,0.032918,0.010600,-0.048237
155.262977,-0.119917,-0.194818,9.954985,0.021895,0.022977,-0.032406
155.272881,-0.167624,-0.182306,9.965302,-0.007930,0.048575,-0.020531
155.282750,-0.142251,0.073385,9.945037,-0.008024,0.034357,-0.017164
155.292649,-0.131276,-0.116040,9.854117,-0.003160,0.060300,-0.011610
155.302523,-0.148930,-0.133680,9.806742,-0.007997,0.091061,-0.015446
155.312428,-0.015860,-0.194988,9.912944,-0.000205,0.073762,-0.022255
155.322304,0.034993,-0.125375,9.913268,0.023973,0.080316,-0.004182
155.332194,-0.065217,-0.139302,9.714132,0.021275,0.089156,-0.006968
155.342070,-0.131661,-0.143878,9.917601,0.058383,0.145226,-0.020323
155.351979,-0.085793,-0.127459,9.803652,0.077705,0.108755,-0.018682
155.361846,-0.119135,-0.136143,9.875837,0.114838,0.089522,-0.019276
155.371738,-0.028704,-0.195453,9.888243,0.101305,0.086685,-0.021033
155.381618,-0.103737,-0.108844,9.924399,0.130869,0.054663,-0.014705
155.391525,-0.134564,-0.075139,9.864033,0.129430,0.055520,-0.023930
155.401390,-0.033277,-0.185246,9.905668,0.087898,0.053635,-0.034542
155.411284,-0.130504,-0.159358,9.820867,0.062434,0.019241,-0.054929
155.421168,-0.048246,-0.219893,9.791120,-0.010054,-0.012128,-0.044211
155.431076,-0.034272,-0.150662,9.838337,-0.049240,-0.031484,-0.039610
155.440937,-0.050979,-0.127602,9.651685,-0.083279,-0.033261,-0.035560
155.450832,-0.031624,-0.312366,9.824846,-0.084096,-0.057686,-0.038690
155.460708,-0.091384,-0.284814,9.891872,-0.104665,-0.018670,-0.053105
155.470611,-0.078202,-0.146466,9.933137,-0.129149,-0.014243,-0.055206
155.480480,0.014433,-0.217422,9.900667,-0.093263,-0.000642,-0.058769
155.490380,-0.103816,-0.138139,9.875911,-0.043374,0.005323,-0.054050
155.500263,-0.051059,-0.206769,9.806601,-0.002152,0.054769,-0.059860
155.510158,-0.013677,-0.159342,9.806685,-0.021576,0.059267,-0.043383
155.520032,-0.016723,-0.250965,9.727980,0.060714,0.102890,-0.040488
155.529921,0.036665,-0.289610,9.777943,0.083382,0.109331,-0.022277
155.539800,0.007393,-0.273831,9.779094,0.062294,0.143957,-0.009021
155.549711,-0.172978,-0.033013,9.834798,0.095089,0.132930,-0.037830
155.559583,-0.008527,-0.153032,9.775192,0.099392,0.124169,-0.030952
155.569468,-0.102770,-0.163112,9.929813,0.057859,0.097929,-0.033366
155.579348,-0.070789,-0.078931,9.832540,0.030664,0.049775,-0.024299
155.589254,0.038420,-0.198899,9.824284,-0.005857,0.005621,-0.038417
155.599123,-0.165839,0.070799,9.847673,0.007801,-0.023140,-0.048203
155.609013,-0.071686,-0.104614,9.848411,-0.031067,-0.041687,-0.062771
155.618893,-0.047253,-0.156006,9.838487,-0.041457,-0.043262,-0.053578
155.628797,-0.050111,-0.104636,9.772680,-0.042700,-0.062152,-0.043445
155.638671,0.072077,-0.189719,9.770703,-0.043609,-0.073214,-0.011242
155.648559,-0.088547,-0.183557,9.884505,-0.003899,-0.030734,-0.043003
155.658444,-0.170969,-0.175820,9.942092,-0.025703,-0.007293,-0.028912
155.668349,-0.096345,-0.207520,9.961536,0.030100,0.009542,-0.014505
155.678213,-0.168702,-0.051557,9.928372,0.035122,0.069683,-0.008119
155.688106,-0.185044,-0.190907,9.885567,0.077354,0.100769,-0.002496
155.697984,0.004950,-0.167597,9.801525,0.095487,0.076797,0.010193
155.707888,0.033632,-0.124082,9.762774,0.118848,0.084060,0.018445
155.717758,0.035259,-0.058282,9.764813,0.164457,0.127742,0.025568
155.727653,-0.116387,-0.104743,9.743871,0.123740,0.114532,0.021274
155.737536,-0.033513,-0.209416,9.731372,0.103612,0.105149,0.021372
155.747435,0.035971,-0.276601,9.804838,0.123240,0.065433,0.001917
155.757304,-0.096024,-0.146979,9.780264,0.054895,0.018706,0.004101
155.767201,-0.106485,-0.208837,9.813157,0.022778,-0.022847,-0.003956
155.777077,-0.040238,-0.250404,9.935531,0.015024,-0.043760,0.014363
155.786991,-0.050253,-0.238372,9.818548,-0.014794,-0.044410,0.006597
155.796852,0.006775,-0.183352,9.816393,-0.043345,-0.055508,-0.001857
155.806750,-0.108919,-0.146453,9.798166,-0.062592,-0.068552,-0.004040
155.816623,-0.106051,-0.105809,9.817700,-0.048351,-0.074564,-0.007304
155.826527,0.030531,-0.244039,9.844173,-0.043721,-0.067941,0.009709
155.836402,-0.088085,-0.133509,9.856096,-0.020975,-0.040519,0.002848
155.846293,-0.018279,-0.126445,9.851785,-0.000785,-0.035304,0.002195
155.856172,-0.036369,-0.206365,9.912513,0.044038,0.000177,0.012233
155.866074,-0.068234,-0.228131,9.853417,0.061884,0.031995,0.013895
155.875945,0.071473,-0.255619,9.825198,0.048097,0.061751,0.007635
155.885847,-0.047422,-0.125850,9.758361,0.036951,0.088058,0.005547
155.895720,-0.116354,-0.144393,9.778824,0.045366,0.072648,0.006751
155.905620,-0.009438,-0.159651,9.784829,0.035262,0.064794,0.019714
155.915490,-0.138389,-0.080466,9.846297,0.015467,0.071163,0.030382
155.925384,-0.052848,-0.181868,9.760681,0.051530,0.066483,0.039731
155.935263,-0.153913,-0.189196,9.947794,0.045596,0.070633,0.053457
155.945172,-0.221265,-0.134007,9.892617,0.056873,0.083371,0.052589
155.955042,-0.074239,-0.156008,9.864900,0.007111,0.070194,0.060638
155.964933,-0.121472,-0.036655,9.868331,0.015310,0.073911,0.054528
155.974811,-0.127649,-0.058204,9.811709,0.034119,0.064702,0.066313
155.984721,-0.097188,-0.089655,9.732550,0.002330,0.034442,0.058645
155.994587,-0.184129,-0.107523,9.754193,0.002720,0.029825,0.062999
156.004479,0.045935,-0.218482,9.683601,0.017238,0.051888,0.076456
156.014365,-0.052123,-0.122391,9.707180,0.041807,0.007800,0.079304
156.024270,-0.123734,-0.096540,9.662059,0.034956,0.027815,0.072664
156.034141,-0.029884,-0.316561,9.765112,0.036253,0.018408,0.065960
156.044028,-0.028836,-0.278543,9.670221,0.034351,0.007016,0.063302
156.053906,0.000761,-0.191225,9.670969,0.019036,0.046890,0.052968
156.063811,-0.134265,-0.183405,9.722864,0.015526,0.027886,0.045100
156.073682,-0.151613,-0.189843,9.776638,-0.019602,-0.006906,0.052616
156.083575,-0.021770,-0.199539,9.863841,-0.022411,0.009693,0.039221
156.093452,-0.090964,-0.122249,9.701650,-0.034448,-0.010677,0.027630
156.103356,0.023429,-0.180230,9.741856,-0.064765,-0.033473,0.028858
156.113224,-0.039747,-0.220337,9.644266,-0.096478,-0.026959,0.034729
156.123121,0.008680,-0.267874,9.573399,-0.090935,-0.042700,0.030029
156.132993,-0.058215,-0.299130,9.715914,-0.096375,-0.059472,0.026690
156.142911,-0.087889,-0.116341,9.707198,-0.093576,-0.016195,0.031107
156.152772,0.096338,-0.203807,9.776745,-0.059333,-0.005828,0.023544
156.162670,-0.060687,-0.114401,9.737004,-0.018200,0.041352,0.006346
156.172548,-0.059014,-0.278066,9.706753,-0.019105,-0.002802,0.018925
156.182451,-0.014701,-0.163547,9.787553,-0.005161,0.004483,0.017387
156.192321,-0.004412,-0.074318,9.678677,0.016502,-0.010186,0.015623
156.202208,-0.012241,-0.178430,9.716170,0.028141,0.006109,0.033296
156.212085,-0.104267,-0.140991,9.699318,0.078786,0.043466,0.040217
156.221999,-0.097524,-0.226605,9.745060,0.115323,0.070283,0.037798
156.231862,-0.111616,-0.109101,9.861921,0.109765,0.075561,0.046344
156.241758,-0.027402,-0.147509,9.730229,0.101425,0.066824,0.048087
156.251636,0.033768,-0.192183,9.655750,0.060200,0.068866,0.061461
156.261539,-0.020357,-0.190325,9.611655,0.050202,0.068539,0.061777
156.271410,-0.084143,-0.230879,9.658366,0.061116,0.099692,0.050001
156.281305,-0.057722,-0.140344,9.718099,0.024377,0.051664,0.062287
156.291179,-0.174636,-0.033583,9.764246,0.018572,0.056936,0.025540
156.301082,-0.010171,-0.107199,9.685112,-0.029459,0.014839,0.035233
156.310958,-0.144050,-0.103534,9.858985,-0.046430,-0.016171,0.019599
156.320851,-0.065015,-0.151119,9.794064,-0.090976,-0.020641,0.010686
156.330727,-0.043120,-0.248558,9.810470,-0.100636,-0.001045,0.012727
156.340633,-0.034255,-0.081768,9.644579,-0.113268,0.000026,0.004044
156.350498,0.082267,-0.224142,9.740909,-0.108328,-0.015738,-0.007933
156.360392,-0.164490,-0.114811,9.648636,-0.111203,-0.028745,-0.018496
156.370274,-0.136720,-0.192838,9.827128,-0.124614,0.001763,-0.024551
156.380183,-0.084954,-0.188409,9.738642,-0.111686,-0.002829,-0.020750
156.390048,-0.047545,-0.113182,9.762684,-0.100136,0.009353,-0.025219
156.399939,-0.046607,-0.270141,9.737083,-0.071407,0.024806,-0.011274
156.409819,-0.193896,-0.081947,9.732449,-0.054268,0.029029,-0.008751
156.419723,-0.087984,-0.184686,9.827640,-0.040960,0.017082,-0.012144
156.429591,-0.078594,-0.055143,9.885213,0.019153,0.048129,-0.004927
156.439484,-0.093324,-0.105674,9.747397,0.007076,0.055946,-0.005703
156.449369,-0.044076,-0.156309,9.718306,0.001860,0.041792,-0.001999
156.459270,-0.108410,-0.236701,9.731649,0.046608,0.111691,0.013457
156.469142,-0.050663,-0.220172,9.871436,0.054822,0.126538,0.015585
156.479036,-0.154412,-0.090165,9.722047,0.015758,0.124971,-0.005689
156.488915,-0.213895,-0.059686,9.611532,0.013855,0.123341,-0.015151
156.498813,-0.167558,-0.128708,9.698341,-0.034948,0.084743,-0.026322
156.508684,-0.168055,-0.155145,9.723270,-0.059387,0.017589,-0.028175
156.518583,-0.004343,-0.189485,9.695806,-0.096641,0.006955,-0.022860
156.528458,-0.140240,-0.027519,9.731352,-0.085627,-0.016151,-0.026422
156.538361,-0.061943,-0.101707,9.690712,-0.102901,-0.021397,-0.030149
156.548236,-0.103971,-0.176495,9.878634,-0.080498,-0.030844,-0.032731
156.558123,-0.217971,-0.153568,9.797625,-0.047758,-0.008538,-0.038543
156.568002,-0.126650,-0.159099,9.781583,-0.037430,-0.025518,-0.046617
156.577906,-0.154833,-0.087478,9.790212,-0.031262,-0.005200,-0.040126
156.587775,-0.147893,0.012899,9.843772,-0.072220,-0.011028,-0.033803
156.597681,-0.189846,-0.041250,9.761159,-0.061867,0.019216,-0.039085
156.607548,-0.313443,0.024253,9.795353,-0.031787,0.043698,-0.048087
156.617456,-0.184107,-0.121199,9.755989,-0.038224,0.059865,-0.041466
156.627329,-0.067243,-0.144819,9.683407,-0.003544,0.076568,-0.049139
156.637223,-0.004596,-0.203777,9.625232,-0.026178,0.052511,-0.053138
156.647098,-0.116771,-0.130692,9.744341,-0.039041,0.040495,-0.036210
156.656998,-0.169140,-0.149701,9.728730,-0.011690,0.009209,-0.035187
156.666867,-0.121106,-0.260725,9.912205,0.028256,0.017349,-0.030680
156.676768,-0.110095,-0.196153,9.765012,0.070138,0.019044,-0.036223
156.686644,-0.040207,-0.212759,9.790747,0.044831,-0.049197,-0.019886
156.696544,-0.119609,-0.203365,9.732955,0.064289,-0.057041,-0.019876
156.706413,-0.167754,-0.202760,9.761842,0.071773,-0.112679,-0.009470
156.716308,-0.048084,-0.270369,9.773449,0.088409,-0.123012,0.001953
156.726189,-0.168021,-0.015635,9.772655,0.071110,-0.136395,-0.018336
156.736095,-0.087808,-0.119440,9.760126,0.050609,-0.184163,-0.002808
156.745959,-0.112472,-0.278369,9.771892,0.028659,-0.134200,-0.004137
156.755853,-0.057334,-0.298354,9.641560,-0.014417,-0.188098,-0.001896
156.765734,0.053808,-0.259415,9.748300,-0.003910,-0.118008,-0.003193
156.775645,-0.024413,-0.225364,9.701361,-0.019515,-0.066967,-0.022050
156.785515,-0.176275,-0.227198,9.790966,-0.072297,-0.115887,-0.020333
156.795400,-0.005740,-0.168242,9.876617,-0.043106,-0.053837,-0.032740
156.805284,-0.200394,-0.153477,9.917319,-0.048324,-0.052949,-0.031406
156.815191,-0.116310,-0.162328,9.787996,-0.030481,-0.055642,-0.039533
156.825056,-0.104584,-0.244346,9.832394,-0.012635,-0.029340,-0.046724
156.834948,-0.148796,-0.199921,9.750194,-0.043924,-0.060731,-0.045565
156.844825,-0.074522,-0.160368,9.947586,-0.021077,-0.041445,-0.064279
156.854730,-0.142778,-0.232273,9.845520,-0.039948,-0.091197,-0.051646
156.864598,-0.177966,-0.109696,9.915837,-0.011715,-0.089440,-0.050689
156.874497,-0.077654,-0.149879,9.958550,-0.003290,-0.107096,-0.043264
156.884372,-0.176241,-0.125167,9.978668,0.022073,-0.098524,-0.037340
156.894276,-0.284353,-0.108706,9.982084,0.045968,-0.078605,-0.049426
156.904151,-0.087632,-0.078541,9.960271,0.055774,-0.070562,-0.047512
156.914049,-0.110947,-0.207139,9.867907,0.017718,-0.072371,-0.030120
156.923923,-0.207241,-0.168753,9.857567,0.029173,-0.086954,-0.037353
156.933827,-0.057739,-0.187799,9.905313,0.053695,-0.035765,-0.035768
156.943697,-0.221801,-0.153270,9.957595,0.040980,-0.030896,-0.044213
156.953595,-0.229438,-0.193875,9.910332,-0.011877,-0.054065,-0.038235
156.963464,-0.051251,-0.222198,10.003605,0.009573,-0.015674,-0.026800
156.973372,-0.044477,-0.315737,9.864198,-0.017160,-0.021839,-0.028186
156.983237,-0.002766,-0.379550,9.859824,0.014942,0.044497,-0.043229
156.993132,-0.079435,-0.236530,9.925884,0.001837,0.026133,-0.039019
157.003011,-0.242674,-0.144573,9.962707,-0.005534,0.032651,-0.036116
157.012918,-0.166609,-0.069318,9.970576,-0.007587,0.038088,-0.027801
157.022783,-0.088753,-0.199263,10.051494,-0.005522,0.058605,-0.021955
157.032677,-0.202037,-0.077652,10.082989,0.045236,0.063381,-0.030440
157.042556,-0.202417,-0.133144,10.033142,0.055129,0.073397,-0.025894
157.052460,-0.086505,-0.114467,10.015917,0.019662,0.064452,-0.007624
157.062335,-0.229245,0.027759,9.928424,0.049361,0.045304,-0.019461
157.072227,-0.179489,-0.172107,9.987598,0.059300,0.073732,-0.001136
157.082107,-0.091816,-0.204923,9.861407,0.067297,0.053642,-0.019600
157.092007,-0.243877,-0.137828,9.980185,0.057931,0.044493,-0.020374
157.101876,-0.107475,-0.178712,9.973684,0.022237,0.045175,-0.000940
157.111776,0.014371,-0.297155,9.993198,0.051108,0.049085,-0.008904
157.121652,-0.114094,-0.253564,9.800542,0.027115,0.075237,-0.019398
157.131554,-0.064981,-0.289102,9.906935,0.030073,0.048399,0.006115
157.141430,-0.119382,-0.248840,9.874323,0.037516,0.084744,0.017519
157.151323,-0.185928,-0.148126,10.011734,0.074760,0.094191,0.037488
157.161200,-0.052705,-0.208672,9.901611,0.118565,0.135272,0.048046
157.171102,-0.099910,-0.271352,9.901528,0.196525,0.182240,0.033398
157.180968,-0.202154,-0.194849,9.915938,0.202725,0.192550,0.052640
157.190863,-0.120399,-0.165990,9.985007,0.191223,0.225170,0.062440
157.200741,-0.116733,-0.240614,9.849285,0.200440,0.180616,0.051741
157.210652,-0.216370,-0.189739,9.791212,0.184331,0.169540,0.039528
157.220522,-0.018790,-0.229721,9.756295,0.106217,0.093239,0.043464
157.230418,-0.036327,-0.223632,9.726506,0.055060,0.062849,0.051444
157.240292,-0.091186,-0.214106,9.683105,0.001728,0.042972,0.034624
157.250202,-0.061304,-0.256012,9.810046,-0.071232,-0.040117,0.027867
157.260068,-0.170400,-0.175217,9.902680,-0.114060,-0.042572,0.010799
157.269960,-0.362800,-0.171179,10.002839,-0.147175,-0.081434,0.001842
157.279837,-0.126485,-0.137200,9.917069,-0.136355,-0.081116,0.021749
157.289748,-0.073303,-0.281898,9.931038,-0.098146,-0.053554,0.001012
157.299615,-0.107890,-0.289701,9.666634,-0.081042,-0.048840,0.008866
157.309502,-0.070615,-0.249605,9.949166,-0.047795,-0.034911,-0.004079
157.319382,-0.178403,-0.199425,9.917832,-0.006772,0.024767,-0.007159
157.329288,-0.244488,-0.044325,9.892997,0.001833,0.003924,0.010602
157.339159,-0.056405,-0.133269,9.917789,0.025098,0.001337,0.025915
157.349053,-0.154253,-0.083725,9.891082,0.062979,0.063696,0.010258
157.358934,-0.261777,-0.165650,9.923108,0.042033,0.030521,0.010346
157.368835,-0.087725,-0.089939,9.909346,0.034601,0.070445,0.004872
157.378699,-0.146063,-0.085400,9.843753,0.026988,0.072580,0.036913
157.388600,-0.239693,-0.034027,9.802990,0.041833,0.059556,0.004382
157.398481,-0.158812,-0.110841,9.912008,0.014064,0.044710,0.013478
157.408378,-0.296434,-0.120190,9.940775,-0.003535,0.059662,-0.001365
157.418251,-0.228653,-0.177079,9.940323,-0.040193,0.004869,0.005990
157.428142,-0.049246,-0.219629,9.930148,-0.044617,0.023457,0.005713
157.438022,-0.089896,-0.242526,9.827837,-0.033055,0.013559,0.021703
157.447927,-0.162635,-0.216003,9.827209,-0.058594,0.004043,0.014079
157.457799,-0.078162,-0.204368,9.895540,-0.026252,0.015001,0.009676
157.467692,-0.166724,-0.209907,9.850999,-0.010280,0.035755,0.003932
157.477571,-0.080293,-0.284999,9.825892,-0.025708,0.004302,0.019594
157.487478,-0.029753,-0.341201,9.968450,-0.030685,0.011471,0.022664
157.497340,-0.184674,-0.238289,9.889306,0.028316,0.085265,0.011032
157.507241,-0.094895,-0.328771,9.915936,0.010695,0.006200,0.016766
157.517127,-0.048872,-0.200024,9.943124,0.024652,0.017633,0.014084
157.527028,-0.078585,-0.172692,9.853328,0.049886,0.052390,0.016582
157.536900,-0.190195,-0.217270,10.002182,0.037075,0.022379,0.027829
157.546783,-0.141669,-0.196775,9.890412,0.046132,0.064913,0.009803
157.556664,-0.197690,-0.191337,9.864691,0.043463,0.067463,0.015433
157.566567,-0.108843,-0.255577,9.863117,-0.005862,0.027561,0.021608
157.576435,-0.131154,-0.181772,9.878851,0.018707,0.054152,0.011722
157.586329,-0.192781,-0.111142,9.841782,-0.013399,0.040603,0.025928
157.596209,-0.123948,-0.177433,9.910957,-0.053626,0.003422,0.023398
157.606111,-0.170042,-0.077181,9.927337,-0.046329,0.020525,0.028015
157.615980,-0.118854,-0.231345,9.852967,-0.021432,0.017517,0.023037
157.625885,-0.086308,-0.230282,9.957408,-0.021271,-0.024692,0.048348
157.635753,-0.103465,-0.221537,9.932591,0.000886,0.015882,0.040847
157.645659,-0.092882,-0.279844,9.895530,0.017920,0.051197,0.022252
157.655528,-0.132815,-0.263269,9.776745,0.039281,0.078556,0.022612
157.665425,-0.159784,-0.157370,9.896616,0.066155,0.067828,0.010006
157.675311,-0.095016,-0.204107,9.900967,0.025656,0.075290,0.021531
157.685203,-0.183341,-0.248269,9.941166,0.000214,0.022896,0.021887
157.695074,-0.162892,-0.068501,9.855544,0.007500,-0.001731,0.019060
157.704973,-0.118617,-0.278894,9.955637,-0.002488,-0.007820,0.027274
157.714850,-0.299077,-0.163862,9.944159,0.032224,-0.004600,0.008786
157.724752,-0.219529,-0.112453,9.931829,0.020813,-0.007213,0.016315
157.734623,-0.141738,-0.102088,9.971131,0.016645,-0.017319,0.036917
157.744514,-0.180007,-0.098027,9.681719,0.019733,0.031599,0.021612
157.754393,-0.213809,-0.100465,9.911693,0.027570,-0.001383,0.023948
157.764296,-0.093506,-0.140165,9.757288,0.025799,0.027801,0.012510
157.774165,-0.258077,-0.164585,9.851382,0.010837,-0.002366,0.023569
157.784067,-0.147014,-0.150075,9.868485,0.008352,-0.000130,0.029528
157.793944,-0.160789,-0.150296,9.832232,0.031409,0.017014,0.034934
157.803844,-0.267155,-0.131969,9.779653,0.054080,0.034530,0.035802
157.813718,-0.046085,-0.228590,9.741868,0.042512,0.037601,0.025215
157.823609,-0.099278,-0.186378,9.795304,0.045885,0.033319,0.046359
157.833484,-0.144519,-0.134247,9.832343,0.090251,0.051492,0.064325
157.843392,-0.247172,-0.163441,9.904422,0.114106,0.096036,0.055017
157.853256,-0.270168,-0.029491,9.776588,0.102120,0.098141,0.052367
157.863153,-0.136317,-0.167363,9.739360,0.117119,0.093185,0.041945
157.873034,-0.090500,-0.229974,9.675554,0.079719,0.070903,0.035588
157.882943,-0.143778,-0.065627,9.701205,0.060037,0.046857,0.043647
157.892808,-0.142669,-0.164305,9.743548,0.021246,0.016855,0.050035
157.902701,-0.265503,-0.033117,9.818815,0.011076,-0.008592,0.044992
157.912583,-0.257781,-0.157191,9.789466,-0.002849,-0.036018,0.049819
157.922483,-0.070609,-0.122290,9.695986,-0.016666,-0.026195,0.047071
157.932350,-0.143703,-0.208082,9.639630,-0.034071,-0.027849,0.065970
157.942249,-0.255336,-0.212467,9.758453,-0.018183,-0.015541,0.041082
157.952122,-0.248710,-0.125811,9.849544,-0.019073,0.002794,0.037150
157.962031,-0.284420,-0.075315,9.814984,-0.039884,-0.005571,0.033273
157.971901,-0.174612,-0.241582,9.692637,-0.045270,-0.026223,0.026711
157.981794,-0.174423,-0.157380,9.784909,-0.070258,-0.047043,0.033318
157.991671,-0.214463,0.009040,9.693847,-0.036051,-0.064370,0.029569
158.001578,-0.219558,-0.151724,9.757040,-0.045480,-0.036687,0.030874
158.011445,-0.248557,-0.100142,9.794576,-0.032154,-0.071737,0.022978
158.021337,-0.141503,-0.181134,9.773835,-0.025146,-0.058988,0.025406
158.031218,-0.209306,-0.145832,9.823619,-0.046066,-0.056751,0.043811
158.041126,-0.202289,-0.143160,9.641033,0.004367,-0.070309,0.022960
158.050987,-0.214098,-0.293346,9.904233,-0.011500,-0.050154,0.028614
158.060888,-0.170562,-0.128964,9.771040,-0.000229,-0.034219,0.013557
158.070763,-0.283928,-0.192105,9.764691,-0.024666,-0.018799,0.008384
158.080670,-0.147340,-0.206715,9.735597,-0.050654,-0.040874,0.009602
158.090533,-0.206477,-0.020061,9.680651,-0.045723,-0.036952,0.009199
158.100430,-0.204383,-0.200371,9.674282,-0.062309,-0.042754,0.013855
158.110309,-0.163039,-0.134217,9.698606,-0.052499,-0.042541,-0.005116
158.120212,-0.164720,-0.137178,9.779822,-0.080289,-0.051062,-0.009475
158.130084,-0.132003,-0.144334,9.817524,-0.084577,-0.072233,0.010169
158.139975,-0.188385,-0.113242,9.639493,-0.049461,-0.078680,0.014149
158.149854,-0.208067,-0.120083,9.665969,-0.020504,-0.044365,0.002673
158.159758,-0.105146,-0.170138,9.742954,-0.037156,-0.058914,0.000666
158.169627,-0.214255,-0.180815,9.698862,0.006578,-0.050201,-0.009910
158.179522,-0.230583,-0.183975,9.707779,-0.038692,-0.037329,-0.002826
158.189401,-0.082429,-0.325360,9.677076,-0.053414,-0.038610,0.001005
158.199303,-0.015482,-0.194041,9.604179,-0.029066,-0.044072,-0.003436
158.209178,0.002908,-0.354233,9.672508,-0.001080,-0.025499,-0.011994
158.219069,-0.190948,-0.204291,9.751038,-0.038901,-0.037391,-0.018308
158.228945,-0.230474,-0.135753,9.739815,-0.036896,-0.024253,-0.018873
158.238850,-0.199461,-0.210410,9.770911,-0.032501,-0.036775,-0.002373
158.248721,-0.208240,-0.178216,9.681435,-0.013673,-0.049493,-0.012568
158.258613,-0.086011,-0.198069,9.751145,-0.047789,-0.043570,-0.002395
158.268496,-0.093878,-0.220509,9.719297,-0.037019,-0.052773,-0.002773
158.278398,-0.184141,-0.235220,9.644737,-0.023364,-0.055192,0.009774
158.288272,-0.056723,-0.342568,9.751896,-0.010951,-0.020397,0.003463
158.298159,-0.116501,-0.157909,9.701627,-0.010859,-0.028373,0.001745
158.308037,-0.286657,-0.160761,9.683356,0.009401,-0.016079,-0.018832
158.317944,-0.159298,-0.124960,9.675960,0.021866,-0.033385,-0.012015
158.327813,-0.167192,-0.093563,9.713003,0.002772,-0.051692,-0.007755
158.337705,-0.159453,-0.231419,9.591085,-0.001237,-0.032746,0.001472
158.347594,-0.129529,-0.200803,9.715226,-0.017162,-0.061080,-0.000728
158.357489,-0.202151,-0.135628,9.620537,0.008953,-0.059863,0.009071
158.367360,-0.055694,-0.142381,9.588668,-0.016239,-0.032798,0.018776
158.377254,-0.146776,-0.212986,9.648885,-0.052989,-0.032267,0.017659
158.387135,-0.300605,-0.110902,9.761885,-0.046033,-0.014012,0.011184
158.397035,-0.193592,-0.161477,9.719176,-0.049855,-0.044655,0.001045
158.406904,-0.326522,-0.133531,9.711236,-0.074747,-0.045017,0.005833
158.416803,-0.221351,-0.080956,9.671669,-0.070013,-0.062750,0.009225
158.426679,-0.199260,-0.047875,9.692267,-0.042122,-0.064022,0.011022
158.436581,-0.334303,-0.038513,9.701207,-0.043453,-0.070381,0.014067
158.446449,-0.168156,-0.231918,9.685524,-0.066710,-0.088674,0.015480
158.456349,-0.162037,-0.155599,9.686730,-0.013191,-0.058268,0.030464
158.466223,-0.223059,-0.125133,9.563740,0.010872,-0.002036,0.044873
158.476131,-0.257416,-0.163262,9.770287,0.007231,0.015335,0.035255
158.485997,-0.218349,-0.185759,9.703859,0.070136,0.038244,0.017110
158.495896,-0.160567,-0.198594,9.610541,0.060527,0.029801,0.015731
158.505775,-0.176847,-0.285734,9.624136,-0.001585,0.024068,0.031918
158.515674,-0.179042,-0.239011,9.583429,-0.007560,0.036517,0.036006
158.525547,-0.037054,-0.202861,9.712299,-0.015786,0.005722,0.028362
158.535450,-0.144359,-0.284665,9.753562,0.011962,0.014035,0.029632
158.545318,-0.192803,-0.188364,9.626520,0.020825,-0.016804,0.034855
158.555219,-0.065572,-0.196069,9.617949,0.030921,-0.009403,0.028726
158.565088,-0.201371,-0.156011,9.655229,0.037328,-0.007782,0.043758
158.574984,-0.218972,-0.204155,9.647171,0.051238,-0.007333,0.038934
158.584861,-0.099834,-0.174507,9.793843,0.032604,-0.007220,0.050563
158.594767,-0.155619,-0.212735,9.697831,0.058660,-0.031909,0.055802
158.604634,-0.102998,-0.256643,9.586922,0.055308,-0.027092,0.058798
158.614531,-0.113206,-0.288886,9.665117,0.048066,-0.008509,0.063874
158.624407,-0.324839,-0.030053,9.701133,0.034599,0.003706,0.052012
158.634318,-0.176717,-0.132724,9.628051,-0.011868,0.003231,0.054921
158.644183,-0.257737,-0.240794,9.561440,0.022718,-0.007993,0.028194
158.654082,-0.191064,-0.178359,9.632158,-0.019160,-0.019356,0.043327
158.663957,-0.213317,-0.131365,9.665130,0.017413,-0.039900,0.047562
158.673858,-0.318144,-0.069923,9.741872,-0.018669,-0.009886,0.048588
158.683730,-0.201522,-0.241833,9.709189,0.004460,-0.046387,0.040871
158.693627,-0.244386,-0.172558,9.642684,-0.004567,-0.044015,0.037819
158.703507,-0.227642,-0.203393,9.609014,0.006386,-0.056656,0.037600
158.713405,-0.193043,-0.154885,9.661790,0.042373,-0.021307,0.036928
158.723275,-0.232323,-0.139457,9.684596,0.050936,-0.030459,0.030464
158.733169,-0.195382,-0.199550,9.661586,0.034325,-0.032839,0.020771
158.743047,-0.232380,-0.214484,9.638888,-0.009352,-0.035534,0.021434
158.752953,-0.297499,-0.095401,9.705241,-0.034741,-0.031271,0.020381
158.762820,-0.202475,-0.114326,9.886512,-0.032604,-0.048229,0.020985
158.772717,-0.252286,-0.058137,9.660504,-0.051258,-0.048927,0.019698
158.782594,-0.251474,-0.243900,9.652168,-0.082256,-0.079473,0.013393
158.792499,-0.137921,-0.220387,9.678488,-0.080554,-0.075383,-0.003317
158.802376,-0.296375,-0.152468,9.751538,-0.082400,-0.093712,0.000223
158.812263,-0.226037,-0.237388,9.777700,-0.067355,-0.111094,0.006005
158.822148,-0.232464,-0.130169,9.723482,-0.038813,-0.125960,0.012913
158.832048,-0.177319,-0.061559,9.657601,-0.023903,-0.069364,0.017026
158.841917,-0.193612,-0.182185,9.674422,0.014545,-0.106469,0.005380
158.851809,-0.233124,-0.117203,9.726793,0.048322,-0.052954,-0.000457
158.861687,-0.154183,-0.244463,9.757461,0.062045,-0.037560,0.007203
158.871589,-0.224188,-0.207995,9.760775,0.074809,-0.017038,0.021473
158.881459,-0.232528,-0.220267,9.717386,0.113181,0.004689,0.019062
158.891358,-0.180840,-0.237237,9.768131,0.111367,0.040776,0.019438
158.901242,-0.231657,-0.143889,9.797727,0.116378,0.067450,0.030181
158.911138,-0.270949,-0.198995,9.749440,0.073314,0.065748,0.033390
158.921009,-0.235022,-0.151074,9.837406,0.040580,0.070414,0.055947
158.930899,-0.295579,0.030125,9.689798,0.030839,0.084395,0.056101
158.940777,-0.177765,-0.200300,9.750758,0.027803,0.076207,0.054340
158.950687,-0.177351,-0.277794,9.673236,0.076092,0.048331,0.037801
158.960550,-0.233291,-0.129640,9.716513,0.032907,0.029404,0.021061
158.970445,-0.168227,-0.207547,9.623155,-0.010353,-0.011435,0.015617
158.980323,-0.301469,-0.179363,9.793881,-0.062309,-0.083305,0.010652
158.990235,-0.163985,-0.112847,9.778945,-0.088639,-0.116438,0.012461
159.000103,-0.131517,-0.088353,9.748888,-0.085351,-0.172344,0.009857
159.009997,-0.345898,-0.051309,9.662976,-0.083851,-0.169307,0.003164
159.019869,-0.252062,-0.138950,9.727620,-0.080547,-0.165935,-0.004699
159.029775,-0.329473,-0.022656,9.875523,-0.056710,-0.166827,-0.013147
159.039643,-0.195943,-0.139237,9.749726,-0.055264,-0.114673,-0.004690
159.049538,-0.205905,-0.131306,9.847925,-0.030358,-0.086674,-0.001250
159.059421,-0.127708,-0.158852,9.792085,-0.024254,-0.049565,0.006457
159.069322,-0.148600,-0.289038,9.701544,0.006518,-0.002372,0.002825
159.079189,-0.215468,-0.208836,9.803660,0.026584,0.018014,0.000588
159.089088,-0.174449,-0.237050,9.769984,0.017059,0.016624,0.000941
159.098964,-0.200687,-0.142455,9.831656,0.006982,0.009687,0.001049
159.108866,-0.309811,-0.154697,9.803851,-0.004455,0.003095,0.011389
159.118737,-0.213070,-0.083354,9.966840,-0.027348,-0.001086,0.032124
159.128631,-0.220530,-0.137495,10.031385,-0.029769,-0.036072,0.029185
159.138521,-0.236024,-0.132523,9.837477,-0.044515,-0.055933,0.021971
159.148413,-0.166829,-0.245768,9.884177,-0.059905,-0.067630,0.018589
159.158282,-0.273689,-0.075466,9.788087,-0.063276,-0.084532,0.002659
159.168178,-0.242863,-0.181091,9.859741,-0.071387,-0.105244,-0.004418
159.178055,-0.225141,-0.267448,9.918072,-0.065454,-0.091669,-0.002608
159.187959,-0.240491,-0.157602,9.851350,-0.078487,-0.088530,-0.006164
159.197828,-0.158189,-0.213625,9.849105,-0.045905,-0.099515,-0.002548
159.207724,-0.246105,-0.219234,9.876307,-0.030275,-0.115293,0.005340
159.217603,-0.244245,-0.051368,10.014316,0.001311,-0.070200,0.008019
159.227506,-0.260024,-0.054488,9.926593,0.044373,-0.036383,0.000622
159.237378,-0.344189,-0.093014,9.714731,0.062173,-0.014829,0.008875
159.247270,-0.168500,-0.151517,9.899713,0.067958,0.043157,-0.006961
159.257148,-0.168652,-0.231834,9.849818,0.066897,0.035582,-0.006207
159.267053,-0.265413,-0.218720,9.863574,0.045400,0.065584,-0.005996
159.276925,-0.165232,-0.182217,9.903674,0.047495,0.071906,-0.000961
159.286816,-0.217796,-0.190666,9.804684,0.015096,0.061904,0.009849
159.296699,-0.128822,-0.243330,9.731908,0.029184,0.037537,0.009921
159.306598,-0.152579,-0.259499,9.845589,0.014165,0.036054,0.021984
159.316470,-0.304413,-0.084945,9.878262,0.030259,0.042897,0.012832
159.326371,-0.256189,-0.233891,9.913305,0.014401,0.001800,0.013401
159.336240,-0.238066,-0.090573,9.795502,0.036889,-0.009913,0.012952
159.346144,-0.206813,-0.087245,9.824748,0.022929,0.005456,-0.000949
159.356013,-0.192659,-0.230401,9.808146,0.051160,0.018727,0.003423
159.365908,-0.244025,-0.151816,9.881997,0.045202,0.039859,-0.003740
159.375796,-0.211301,-0.216222,9.906985,0.037661,0.036808,0.008570
159.385691,-0.243893,-0.192250,9.883113,0.037252,0.023241,0.010862
159.395559,-0.152893,-0.150827,9.799135,0.041652,0.034133,0.017584
159.405460,-0.134404,-0.135742,9.774311,0.043800,0.019125,0.013468
159.415338,-0.296953,-0.034833,9.820548,0.018366,0.087024,0.010846
159.425238,-0.274797,-0.161551,9.939115,0.010918,0.016924,0.005621
159.435106,-0.202136,-0.089174,9.880233,0.032413,0.005937,0.005346
159.445002,-0.189719,-0.167969,9.885126,0.063364,0.029075,-0.003723
159.454879,-0.220770,-0.153999,9.816137,0.063499,0.030445,-0.011432
159.464788,-0.212750,-0.138654,9.862347,0.040765,0.044290,-0.007463
159.474654,-0.129893,-0.289508,9.813435,0.036595,0.074309,-0.005619
159.484547,-0.238839,-0.213502,9.857248,0.027500,0.046439,0.004433
159.494430,-0.197300,-0.061079,9.805112,0.055789,0.053900,0.007252
159.504331,-0.190649,-0.204031,9.824974,0.053417,0.072377,-0.011052
159.514199,-0.300915,-0.096574,9.787614,0.058094,0.036502,-0.007021
159.524093,-0.248940,-0.186204,9.805224,0.035184,0.038956,-0.008062
159.533980,-0.224398,-0.025745,9.875567,0.056363,0.033774,0.004805
159.543881,-0.302535,-0.160660,9.834650,0.086991,0.061818,-0.006991
159.553745,-0.195829,-0.194945,9.786125,0.056638,0.045102,-0.005822
159.563641,-0.283234,-0.160230,9.896370,0.060059,0.069727,-0.002707
159.573524,-0.145683,-0.221229,9.855352,0.054999,0.084455,0.001020
159.583424,-0.142798,-0.220609,9.759957,0.078477,0.068652,0.009334
159.593291,-0.154238,-0.203788,9.712943,0.068702,0.059225,0.003745
159.603186,-0.105350,-0.275466,9.817937,0.037712,0.040819,0.002598
159.613065,-0.218096,-0.067611,9.862396,0.016147,0.037971,-0.001042
159.622968,-0.221678,-0.242026,9.837487,0.026547,0.038648,-0.002917
159.632838,-0.272203,-0.170743,9.841212,0.028752,0.051369,0.011753
159.642734,-0.172185,-0.194955,9.721564,0.036114,0.052392,0.009323
159.652616,-0.069398,-0.174609,9.724877,0.038882,0.054365,0.010998
159.662515,-0.140671,-0.301245,9.789560,0.020293,0.036114,0.028618
159.672388,-0.173924,-0.308559,9.819428,0.012676,0.033700,0.025085
159.682286,-0.110599,-0.260540,9.815777,0.026622,-0.000356,0.028450
159.692159,-0.080808,-0.247896,9.665406,0.044773,0.043421,0.023757
159.702061,-0.129718,-0.238566,9.759739,0.046505,0.040744,0.019926
159.711933,-0.260901,-0.132684,9.725144,0.053161,0.049823,0.018300
159.721827,-0.097158,-0.165390,9.842150,0.044878,0.044996,0.011624
159.731707,-0.080116,-0.189320,9.700286,0.057299,0.058748,0.019672
159.741612,-0.121329,-0.195348,9.605653,0.059728,0.067348,0.011251
159.751482,-0.138340,-0.319176,9.682159,0.037165,0.045137,0.014373
159.761375,-0.132961,-0.221802,9.718557,0.030038,0.033008,0.014552
159.771251,-0.060270,-0.219948,9.872003,0.033957,0.025682,0.000746
159.781155,-0.220089,0.000399,9.605345,0.010425,0.007371,0.014045
159.791022,-0.221680,-0.245879,9.645964,-0.000126,0.023497,-0.000757
159.800917,-0.156656,-0.202998,9.550826,-0.007162,-0.013994,-0.003962
159.810804,-0.157987,-0.183162,9.760054,0.018696,-0.027358,-0.005999
159.820702,-0.194835,-0.123322,9.799529,0.012145,-0.012251,-0.012065
159.830569,-0.295609,-0.100287,9.751435,0.018811,-0.029852,-0.014689
159.840471,-0.176737,-0.184204,9.688981,0.008006,-0.017392,-0.020396
159.850344,-0.171163,-0.109108,9.649869,0.025380,-0.006109,-0.008954
159.860248,-0.102745,-0.080465,9.660280,0.014620,-0.015318,-0.005740
159.870117,-0.195011,-0.121418,9.637116,0.030211,0.005576,0.001834
159.880012,-0.208447,-0.221526,9.674827,0.009448,0.003143,-0.015661
159.889891,-0.056698,-0.226594,9.693774,0.027935,0.009657,-0.018996
159.899798,-0.191470,-0.148539,9.712741,-0.009594,0.020965,-0.018909
159.909671,-0.142998,-0.208419,9.767461,-0.004498,0.027617,-0.014552
159.919558,-0.281046,-0.149315,9.788970,-0.036175,0.039326,-0.019446
159.929437,-0.231179,-0.174915,9.690346,-0.033971,0.023578,-0.024210
159.939347,-0.157554,-0.092622,9.741701,-0.034420,0.031561,-0.027054
159.949219,-0.186370,0.019802,9.708282,-0.065601,-0.006958,-0.032775
159.959115,-0.212178,-0.204361,9.786675,-0.085495,-0.015441,-0.034075
159.968984,-0.292589,-0.036059,9.837333,-0.077269,-0.030952,-0.047706
159.978889,-0.200082,-0.232994,9.724498,-0.091372,-0.083986,-0.045752
159.988766,-0.204305,-0.153796,9.722388,-0.088797,-0.078512,-0.046835
159.998654,-0.113572,-0.110314,9.783082,-0.085041,-0.067049,-0.039971
160.008537,-0.152237,-0.153402,9.824694,-0.077760,-0.111893,-0.041266
160.018434,-0.260639,-0.253939,9.851811,-0.052145,-0.066840,-0.046149
160.028309,-0.120304,-0.206393,9.771252,-0.065677,-0.063041,-0.055347
160.038198,-0.142668,-0.160591,9.794694,-0.077974,-0.085197,-0.060159
160.048076,-0.181933,-0.182661,9.729962,-0.087156,-0.033930,-0.062360
160.057981,-0.199862,-0.168991,9.908352,-0.056215,-0.037354,-0.074676
160.067849,-0.230899,-0.143965,9.766354,-0.070951,-0.031240,-0.071661
160.077745,-0.094744,-0.176669,9.725575,-0.079631,-0.021451,-0.077328
160.087622,-0.188679,-0.325614,9.757343,-0.101711,0.012497,-0.061520
160.097526,-0.171931,-0.196035,9.711442,-0.091831,0.007364,-0.065477
160.107397,-0.094319,-0.243113,9.897100,-0.079556,0.005714,-0.068120
160.117298,-0.081659,-0.136034,9.783458,-0.078906,0.021878,-0.065054
160.127167,-0.070686,-0.282536,9.821020,-0.051129,0.039183,-0.071690
160.137077,-0.153343,-0.190760,9.610612,-0.036413,0.018121,-0.066472
160.146945,-0.158373,-0.077333,9.774133,-0.001243,-0.035713,-0.060536
160.156842,-0.129128,-0.130514,9.728478,-0.008100,-0.038990,-0.051108
160.166712,-0.235556,-0.132544,9.770475,0.007295,-0.022899,-0.055526
160.176617,-0.164892,-0.213901,9.769581,0.034000,-0.008026,-0.028298
160.186491,-0.053522,-0.150768,9.702282,0.066801,-0.026544,-0.026990
160.196390,-0.183559,-0.142604,9.669965,0.088974,0.001290,-0.025712
160.206259,-0.214644,-0.262268,9.731591,0.098908,-0.004720,-0.023150
160.216169,-0.262537,-0.134908,9.713906,0.094554,0.010896,-0.018477
160.226032,-0.126352,-0.152857,9.782101,0.083433,0.008994,-0.020181
160.235931,-0.239100,-0.206546,9.714538,0.106586,0.031141,-0.008313
160.245806,-0.243962,-0.221397,9.656937,0.080820,0.081360,-0.010881
160.255714,-0.093338,-0.269525,9.813747,0.037570,0.065306,-0.019450
160.265578,-0.142258,-0.133981,9.742225,0.048693,0.073676,-0.032489
160.275480,-0.126452,-0.188956,9.794675,-0.006498,0.003525,-0.024789
160.285353,-0.265162,-0.252568,9.747777,-0.049269,-0.003804,-0.033105
160.295256,-0.254069,-0.196532,9.773851,-0.066254,-0.009854,-0.045288
160.305127,-0.141659,-0.184045,9.873633,-0.115985,-0.054511,-0.039397
160.315029,-0.271303,0.018180,9.737413,-0.149072,-0.090207,-0.050276
160.324907,-0.274260,-0.116578,9.731009,-0.120601,-0.096670,-0.048942
160.334811,-0.251273,-0.140804,9.704803,-0.105953,-0.109554,-0.060094
160.344671,-0.181014,-0.143201,9.843981,-0.100872,-0.124963,-0.059078
160.354566,-0.218003,-0.220163,9.781444,-0.110042,-0.124827,-0.067457
160.364449,-0.306449,-0.058284,9.866344,-0.073577,-0.108172,-0.061885
160.374349,-0.152321,-0.041588,9.776768,-0.052337,-0.086761,-0.047780
160.384222,-0.189436,-0.083141,9.810943,-0.010060,-0.038315,-0.049343
160.394113,-0.276604,-0.074716,9.849102,0.007640,-0.033172,-0.049976
160.403998,-0.150832,-0.149750,9.832807,0.018079,-0.007970,-0.053436
160.413897,-0.225562,-0.106919,9.807901,0.023649,0.025488,-0.036565
160.423768,-0.151855,-0.184544,9.754678,0.071361,0.031889,-0.044200
160.433667,-0.146520,-0.167090,9.838127,0.030442,0.040382,-0.036918
160.443544,-0.225415,-0.115634,9.877612,0.052185,0.046207,-0.038641
160.453444,-0.171288,-0.147916,9.948911,0.040190,0.057638,-0.033629
160.463312,-0.251994,-0.149777,9.787921,0.021077,0.032874,-0.025685
160.473206,-0.248783,-0.187115,9.848167,-0.014476,0.021576,-0.029774
160.483092,-0.142547,-0.151524,9.887813,-0.044271,0.009459,-0.027591
160.492987,-0.177748,-0.189590,9.848856,-0.079560,0.019852,-0.028570
160.502858,-0.194040,-0.189474,9.814616,-0.104699,-0.001288,-0.022167
160.512752,-0.087290,-0.146502,9.848570,-0.091052,-0.028887,-0.022495
160.522629,-0.159648,-0.089304,9.855334,-0.115744,-0.034735,-0.016902
160.532534,-0.091131,-0.219638,9.779993,-0.044678,-0.021976,-0.028060
160.542405,-0.248869,-0.112807,9.807535,-0.037447,-0.011631,-0.029801
160.552300,-0.081260,-0.130658,9.731514,-0.005588,-0.036573,-0.027190
160.562176,-0.109068,-0.212600,9.850278,0.018172,-0.000944,-0.022269
160.572088,-0.214430,-0.113544,9.745644,0.053884,0.036135,-0.013564
160.581951,-0.093566,-0.203764,9.841920,0.057916,0.041378,-0.018264
160.591847,-0.167590,-0.013762,9.829973,0.086768,0.043772,-0.002214
160.601724,-0.185259,-0.169087,9.758787,0.093868,0.062618,-0.000276
160.611627,-0.156420,-0.142370,9.924423,0.069075,0.071335,0.009608
160.621504,-0.193044,-0.153139,9.867361,0.060801,0.058593,0.015704
160.631390,-0.024552,-0.247776,9.833310,0.071424,0.048627,0.001437
160.641272,-0.099504,-0.217117,9.630476,0.022036,0.056882,-0.002385
160.651181,-0.138326,-0.244998,9.706910,-0.018054,0.040688,-0.012508
160.661043,-0.134561,-0.116185,9.810716,-0.029178,0.030804,-0.019610
160.670938,-0.271133,-0.138646,9.761620,-0.073275,-0.004599,-0.011037
160.680815,-0.240470,-0.149987,9.837646,-0.083112,-0.025401,-0.013448
160.690722,-0.061175,-0.207123,9.797333,-0.058763,-0.035801,-0.008218
160.700591,-0.166513,-0.062121,9.714009,-0.051633,-0.050015,-0.001354
160.710486,-0.141034,-0.364584,9.786704,-0.023343,-0.003096,-0.010558
160.720361,-0.230912,-0.182853,9.779226,-0.004063,-0.042148,-0.016507
160.730266,-0.127290,-0.186382,9.862711,0.020453,-0.015646,-0.007022
160.740134,-0.255895,-0.240731,9.842381,0.060599,0.014642,-0.008258
160.750030,-0.318288,-0.153682,9.802398,0.081109,0.054341,-0.004311
160.759907,-0.182931,-0.134910,9.806318,0.081163,0.070317,0.004861
160.769812,-0.191067,-0.007405,9.811876,0.072178,0.090809,0.001949
160.779680,-0.227170,-0.166755,9.815327,0.050925,0.094480,0.023861
160.789582,-0.167228,-0.020211,9.897972,0.062056,0.108125,0.023897
160.799453,-0.227461,-0.004375,9.834071,0.069053,0.114870,0.045428
160.809358,-0.146363,-0.131865,9.795352,0.048310,0.144369,0.048841
160.819228,-0.122671,-0.320713,9.759202,0.036436,0.132488,0.037912
160.829121,-0.183430,-0.262382,9.674790,0.011053,0.093348,0.035528
160.839004,-0.145582,-0.129635,9.811549,-0.015381,0.094187,0.030467
160.848905,-0.230511,-0.092270,9.754035,-0.002673,0.022296,0.040609
160.858777,-0.220688,-0.164774,9.772287,-0.001211,0.006696,0.036420
160.868670,-0.145200,-0.220497,9.731557,0.018089,-0.035888,0.028419
160.878547,-0.001303,-0.144040,9.655702,0.033891,-0.062695,0.045278
160.888460,-0.020379,-0.327258,9.686386,0.048862,-0.056727,0.033980
160.898328,-0.291927,-0.182738,9.704079,0.062748,-0.045245,0.019358
160.908214,-0.160184,-0.241491,9.752112,0.078065,-0.060423,0.021030
160.918093,-0.126890,-0.120978,9.791324,0.077217,-0.052604,0.015623
160.927999,-0.100486,-0.127651,9.606325,0.078832,-0.016618,0.016846
160.937867,-0.155490,-0.224389,9.716943,0.032988,0.018824,0.011503
160.947762,-0.228425,-0.085650,9.709595,0.035784,0.033286,0.004768
160.957642,-0.082172,-0.127800,9.806712,0.012538,0.046653,0.003327
160.967543,-0.148374,-0.137782,9.820297,-0.008043,-0.001507,0.014606
160.977412,-0.163554,-0.194807,9.714913,-0.044896,0.009909,0.012325
160.987308,-0.082547,-0.295834,9.743071,-0.044513,0.016788,0.004508
160.997186,-0.173706,-0.139418,9.713882,-0.050370,-0.024283,0.003465
161.007093,-0.035100,-0.184495,9.729317,-0.072501,-0.069276,-0.008717
161.016958,-0.123419,-0.207041,9.664946,-0.047155,-0.067205,-0.007554
161.026855,-0.284107,-0.166950,9.720556,-0.074098,-0.101471,-0.027582
161.036734,-0.128090,-0.133498,9.826580,-0.046110,-0.098331,-0.019587
161.046635,-0.224941,-0.073285,9.794745,-0.024402,-0.115131,-0.019856
161.056505,-0.129214,-0.135400,9.827915,-0.017637,-0.139609,-0.017363
161.066406,-0.113584,-0.283134,9.837696,-0.012126,-0.102754,-0.011344
161.076279,-0.071078,-0.142894,9.772408,0.013099,-0.087204,-0.015161
161.086190,-0.048590,-0.307308,9.740250,0.014820,-0.058991,-0.026072
161.096066,-0.250795,-0.125757,9.753998,0.036552,-0.053884,-0.023707
161.105949,-0.084677,-0.199377,9.740134,0.023416,-0.044864,-0.026685
161.115828,-0.149854,-0.210147,9.773448,0.024416,-0.014029,-0.029600
161.125730,-0.217366,-0.096600,9.806224,0.030285,0.003715,-0.024284
161.135597,-0.106133,-0.201725,9.848256,0.014075,-0.012074,-0.028088
161.145492,-0.143415,0.050400,9.725929,0.018091,-0.021687,-0.021494
161.155375,-0.128170,-0.147754,9.696066,-0.029855,-0.014005,-0.025911
161.165280,-0.208365,-0.028116,9.838268,0.007768,-0.037229,-0.029275
161.175144,-0.150706,-0.086187,9.790325,0.004220,-0.036303,-0.023564
161.185039,-0.088299,-0.148084,9.811874,-0.005012,-0.042072,-0.014647
161.194917,-0.130351,-0.148035,9.669385,0.032994,-0.017884,-0.000998
161.204823,-0.135079,-0.224397,9.639976,0.058976,0.009081,-0.002651
161.214692,-0.086844,-0.193495,9.729394,0.086590,0.016461,0.003921
161.224588,-0.154379,-0.197303,9.730124,0.073654,0.034024,0.010080
161.234468,-0.111186,-0.277659,9.753434,0.075810,0.061554,0.044204
161.244367,-0.092290,-0.364802,9.770822,0.083773,0.066140,0.026921
161.254237,-0.118717,-0.172955,9.777130,0.075879,0.103188,0.031935
161.264133,-0.013876,-0.233810,9.738379,0.085453,0.040384,0.032019
161.274011,-0.213482,-0.159093,9.693908,0.082515,0.037520,0.021931
161.283914,-0.095135,-0.250906,9.750239,0.070174,-0.003324,0.022253
161.293785,-0.116225,-0.118264,9.771906,0.046150,-0.062359,0.020610
161.303677,-0.150694,-0.074412,9.710587,0.059431,-0.082236,0.025214
161.313555,-0.181237,-0.232146,9.725492,0.055643,-0.075985,0.021188
161.323459,-0.325979,0.070309,9.750257,0.041705,-0.090701,0.021647
161.333330,-0.197122,0.011452,9.755266,0.048961,-0.086041,0.022116
161.343223,-0.249336,-0.084395,9.855437,0.036946,-0.111575,0.008413
161.353101,-0.194252,-0.171828,9.690436,0.044772,-0.095039,0.012314
161.363005,-0.149668,-0.153305,9.734472,0.052984,-0.051583,0.022083
161.372874,-0.219875,-0.047314,9.679175,0.054634,-0.022474,0.011247
161.382769,-0.201963,-0.143460,9.689726,0.069569,0.010297,0.008780
161.392647,-0.254859,-0.139690,9.839726,0.041967,0.005015,0.006565
161.402560,-0.279600,-0.120266,9.825100,0.006318,0.014985,0.012702
161.412421,-0.208381,-0.072804,9.859010,0.013769,0.053727,0.027181
161.422317,-0.244432,0.047794,9.783795,-0.012451,0.040721,0.010962
161.432193,-0.245118,-0.154331,9.776565,-0.031007,0.016957,0.011918
161.442099,-0.189585,-0.159460,9.740286,-0.043719,-0.014788,-0.002781
161.451969,-0.185783,-0.062224,9.761185,-0.033354,-0.045289,-0.007583
161.461865,-0.121142,-0.180679,9.627721,-0.052141,-0.074446,0.000301
161.471740,-0.242942,-0.105055,9.769871,-0.046483,-0.122195,0.003876
161.481646,-0.142829,-0.091344,9.704032,-0.029494,-0.144264,0.011947
161.491519,-0.173674,-0.000829,9.772804,-0.009232,-0.146072,0.005936
161.501413,-0.234379,-0.004989,9.745550,0.005996,-0.118362,0.006796
161.511286,-0.184516,-0.198188,9.706383,0.027736,-0.129610,0.008271
161.521199,-0.260896,-0.232876,9.672178,0.072361,-0.081945,0.016472
161.531065,-0.105574,-0.094389,9.663252,0.089304,-0.030059,0.004328
161.540955,-0.162326,-0.082178,9.777921,0.059297,0.006899,0.003766
161.550835,-0.181098,-0.166848,9.665603,0.051901,-0.002428,-0.000547
161.560737,-0.140718,-0.247831,9.840305,0.032991,0.020211,-0.014837
161.570606,-0.113571,-0.148489,9.709610,-0.031760,-0.024871,-0.015172
161.580501,0.007767,-0.204458,9.658930,-0.064689,-0.053586,-0.023015
161.590379,-0.139968,-0.243908,9.681640,-0.081579,-0.035185,-0.033849
161.600292,-0.214529,-0.202437,9.688443,-0.144241,-0.064496,-0.025530
161.610152,-0.083314,-0.269999,9.794840,-0.150724,-0.080117,-0.035454
161.620049,-0.192323,-0.010451,9.720406,-0.144676,-0.094609,-0.038577
161.629925,-0.109668,-0.177325,9.707769,-0.126214,-0.116609,-0.029509
161.639830,-0.191761,-0.135203,9.641642,-0.080900,-0.110495,-0.045747
161.649706,-0.141686,-0.187009,9.820447,-0.073682,-0.089909,-0.053645
161.659593,-0.128060,-0.174404,9.795367,-0.064473,-0.101643,-0.037633
161.669471,-0.220918,-0.099163,9.720902,-0.022946,-0.076987,-0.043259
161.679377,-0.096609,-0.158429,9.717826,0.004807,-0.080945,-0.032269
161.689254,-0.095860,-0.076890,9.737696,0.033863,-0.082939,-0.032908
161.699144,-0.070836,-0.146657,9.739867,0.041109,-0.033410,-0.042653
161.709018,-0.168664,-0.115239,9.755990,0.041443,-0.011725,-0.028814
161.718929,-0.221096,-0.089342,9.775008,0.026162,0.002862,-0.033100
161.728792,-0.076724,-0.168471,9.701022,0.000555,-0.006438,-0.034448
161.738690,-0.150947,-0.173690,9.790606,-0.015904,-0.016095,-0.011828
161.748569,-0.128789,-0.207165,9.717295,0.018648,0.030416,-0.018027
161.758469,-0.106050,-0.177031,9.877156,-0.014816,0.047753,-0.004299
161.768339,-0.169436,-0.172694,9.728580,0.007144,0.016393,0.000215
161.778237,-0.038227,-0.181571,9.630502,0.024183,0.047176,-0.005725
161.788114,-0.068355,-0.219348,9.637212,0.016178,0.042683,0.007243
161.798021,-0.075481,-0.058136,9.610224,0.018098,0.035510,0.008398
161.807890,-0.076936,-0.187516,9.700170,0.027641,0.072658,0.014145
161.817779,-0.292018,-0.002749,9.723210,0.028226,0.072783,0.007407
161.827656,-0.140469,-0.100197,9.594360,0.005882,0.046830,0.000300
161.837570,-0.214646,-0.141400,9.681039,-0.003963,0.015480,-0.001117
161.847438,-0.245580,-0.165156,9.725821,-0.014192,-0.011251,-0.007543
161.857332,-0.173523,-0.076438,9.765463,0.004840,-0.046856,-0.011757
161.867205,-0.150580,-0.001589,9.742682,-0.015495,-0.062672,-0.009388
161.877109,-0.118625,-0.195082,9.655600,-0.027959,-0.084037,-0.026329
161.886977,-0.188714,-0.087813,9.634196,-0.042129,-0.087499,-0.022413
161.896871,-0.212504,-0.111455,9.771164,-0.019957,-0.094698,-0.024198
161.906750,-0.270809,-0.024979,9.802195,-0.033454,-0.075694,-0.014019
161.916657,-0.188982,-0.008414,9.691637,-0.013061,-0.095442,-0.013772
161.926522,-0.139924,-0.113300,9.827497,-0.001151,-0.017699,-0.019603
161.936425,-0.128206,-0.177375,9.452937,0.012141,-0.011563,-0.027280
161.946302,-0.057527,-0.308928,9.657674,0.012305,-0.004072,-0.037339
161.956202,-0.179668,-0.162056,9.724269,0.005159,0.017497,-0.042760
161.966077,-0.122903,-0.090975,9.785764,-0.020881,0.040527,-0.050471
161.975968,-0.109078,-0.143061,9.750821,-0.040606,0.028255,-0.051147
161.985843,-0.172306,-0.106332,9.618686,-0.068991,-0.017546,-0.045621
161.995746,-0.084893,-0.292395,9.621963,-0.085909,-0.033893,-0.042608
162.005619,-0.184472,0.011229,9.718156,-0.083747,-0.066426,-0.050328
162.015511,-0.164078,-0.003322,9.721489,-0.091499,-0.057226,-0.043666
162.025389,-0.114797,-0.010107,9.706294,-0.063695,-0.036433,-0.033145
162.035293,-0.148088,-0.169732,9.723780,0.013254,-0.014193,-0.036670
162.045162,-0.097901,-0.173163,9.677339,0.017274,-0.001999,-0.028685
162.055059,-0.201274,-0.126256,9.779047,0.066103,0.019866,-0.018691
162.064934,-0.058994,-0.119277,9.835902,0.118846,0.027483,-0.031057
162.074841,-0.048567,-0.129441,9.683542,0.106326,0.021806,-0.032399
162.084713,-0.095283,-0.185669,9.609754,0.062090,0.044747,-0.023503
162.094602,-0.080298,-0.247521,9.649703,0.006720,0.024717,-0.022235
162.104487,-0.067731,-0.336359,9.589462,-0.013411,0.070350,-0.026848
162.114391,-0.019002,-0.324297,9.661421,-0.056711,0.000602,-0.028532
162.124256,-0.079693,-0.099220,9.703618,-0.072521,-0.031324,-0.040787
162.134151,-0.044516,-0.172016,9.657106,-0.081231,-0.056086,-0.057624
162.144030,-0.125121,-0.132811,9.676354,-0.109245,-0.076708,-0.056792
162.153938,-0.150695,-0.133965,9.741761,-0.082696,-0.104978,-0.068016
162.163802,-0.045761,-0.204152,9.703091,-0.074407,-0.090944,-0.060279
162.173701,-0.184404,-0.033416,9.732085,-0.051894,-0.116096,-0.060955
162.183579,-0.069431,-0.075391,9.743080,0.003121,-0.080552,-0.055373
162.193485,-0.202145,-0.082164,9.764985,-0.016617,-0.060958,-0.036622
162.203355,-0.237612,-0.143779,9.696940,0.088324,-0.023692,-0.061719
162.213245,-0.116143,-0.078873,9.736660,0.051280,0.007542,-0.052382
162.223123,-0.146056,-0.082527,9.735621,0.083669,-0.006472,-0.038805
162.233036,-0.024820,0.023439,9.804123,0.062102,0.028456,-0.027453
162.242896,-0.109819,0.062191,9.658424,0.068987,0.060386,-0.032880
162.252795,-0.157231,-0.115293,9.654064,0.051056,0.061240,-0.045765
162.262670,-0.103785,-0.319238,9.646474,0.020059,0.056181,-0.052276
162.272574,-0.069664,-0.274818,9.631798,-0.008931,0.049706,-0.061880
162.282444,-0.009369,-0.150202,9.732257,-0.041192,0.042234,-0.055033
162.292344,-0.187577,-0.090430,9.757632,-0.052327,0.019349,-0.064095
162.302214,-0.153373,-0.188802,9.778219,-0.073146,-0.026542,-0.053182
162.312128,-0.114522,-0.166832,9.821956,-0.034503,-0.021573,-0.059472
162.321988,-0.098778,-0.125700,9.785943,-0.050116,-0.018771,-0.049157
162.331883,-0.019363,-0.137646,9.816048,-0.018524,0.007406,-0.051241
162.341761,-0.105312,-0.079214,9.637081,-0.014985,-0.014410,-0.031218
162.351665,-0.038492,-0.166966,9.676727,0.008322,0.004457,-0.025982
162.361544,-0.129990,-0.277645,9.774275,0.015242,0.063387,-0.025054
162.371434,-0.103283,-0.270127,9.750297,0.017791,0.021252,-0.010579
162.381307,0.004868,-0.297106,9.831230,-0.011776,0.005872,-0.016982
162.391215,-0.141103,0.006704,9.781281,0.028240,0.072419,-0.029181
162.401081,-0.023148,-0.174360,9.774037,0.005643,0.062227,-0.024481
162.410975,-0.208903,-0.074241,9.680557,-0.013689,0.043961,-0.017040
162.420861,-0.128423,-0.199939,9.685169,0.012763,0.039496,-0.023263
162.430765,-0.064720,-0.141773,9.752678,0.006837,0.008738,-0.020713
162.440627,-0.078110,-0.025650,9.736950,-0.002634,0.004131,-0.016181
162.450527,-0.006650,-0.077175,9.777562,0.009591,-0.001829,-0.009071
162.460398,-0.179916,-0.021059,9.817620,0.017120,-0.006487,-0.009778
162.470307,-0.163169,-0.220562,9.758189,0.019992,-0.023483,-0.019455
162.480173,-0.152316,-0.111793,9.721384,0.030426,-0.006898,-0.006116
162.490068,-0.083683,-0.041117,9.836796,0.062803,0.056622,-0.002441
162.499945,-0.105974,0.014341,9.934545,0.047399,0.055288,0.004695
162.509858,-0.134750,0.104980,9.655094,0.014655,0.067750,0.005810
162.519722,-0.108188,-0.123396,9.717207,0.030630,0.017060,-0.000964
162.529614,-0.058945,-0.189510,9.517878,0.051118,0.066576,-0.007144
162.539500,-0.063835,-0.324256,9.714800,0.035708,0.065933,-0.006414
162.549396,-0.067046,-0.193242,9.719645,0.043686,0.066441,-0.010953
162.559273,-0.052243,-0.144718,9.748903,0.058961,0.061828,-0.009967
162.569158,-0.020366,-0.214992,9.759976,0.041363,0.037509,0.007625
162.579037,-0.097282,-0.164602,9.772812,0.025737,-0.023336,0.018240
162.588942,-0.078248,-0.293618,9.820728,0.035280,-0.045483,0.014130
162.598816,-0.145376,-0.008671,9.822248,0.067652,-0.000850,0.016285
162.608705,-0.082925,-0.018573,9.738215,0.077114,0.008607,0.007905
162.618593,-0.066581,0.027734,9.735129,0.052439,-0.015819,0.021188
162.628494,-0.130629,-0.057384,9.781140,0.076320,0.029987,0.030259
162.638364,-0.095821,-0.142797,9.812305,0.070787,0.040714,0.022899
162.648251,-0.155254,-0.167708,9.842756,0.084783,0.058642,0.037715
162.658129,-0.098696,-0.158329,9.951382,0.094456,0.074274,0.033810
162.668034,-0.173125,-0.070492,9.862430,0.126470,0.113067,0.039315
162.677904,-0.098143,-0.089503,9.667717,0.097324,0.092652,0.041335
162.687803,-0.008475,-0.166362,9.819853,0.073109,0.092565,0.036673
162.697677,-0.126765,-0.184305,9.754751,0.072511,0.098385,0.036119
162.707589,-0.138698,-0.188133,9.790509,0.041693,0.084282,0.041457
162.717451,-0.175210,-0.076151,9.827387,0.014654,0.083938,0.045517
162.727346,-0.095039,-0.074537,9.874640,-0.008123,0.009134,0.053200
162.737223,-0.149872,0.010383,9.841106,-0.014656,-0.039160,0.055499
162.747131,-0.193384,0.039839,9.776219,0.031904,-0.009314,0.044808
162.757000,-0.158671,-0.120884,9.780078,0.025931,-0.025105,0.045124
162.766895,-0.178116,-0.063964,9.749234,0.051436,-0.056135,0.047434
162.776772,-0.036533,-0.109652,9.778912,0.060134,-0.008690,0.033633
162.786674,-0.146117,-0.041216,9.779465,0.080286,-0.021778,0.037092
162.796542,-0.110700,-0.154373,9.755881,0.070479,-0.003393,0.029724
162.806440,-0.162636,-0.115396,9.798793,0.090180,0.004749,0.034664
162.816316,-0.138699,-0.040783,9.802608,0.117802,0.054332,0.045442
162.826224,-0.070719,-0.096317,9.817309,0.089893,0.072737,0.045114
162.836093,-0.047452,-0.012445,9.768420,0.081628,0.076148,0.038552
162.845987,0.017387,-0.197278,9.783547,0.061399,0.091005,0.041428
162.855862,-0.095424,-0.126330,9.706469,0.047576,0.095536,0.025736
162.865775,-0.044426,-0.259978,9.714978,0.031481,0.067638,0.024479
162.875637,-0.081172,-0.117870,9.749391,-0.007317,0.068045,0.026758
162.885530,0.005953,-0.158552,9.703743,-0.023284,0.089882,0.039957
162.895411,0.026993,-0.008576,9.774318,-0.029257,0.053893,0.040264
162.905315,-0.045437,-0.027526,9.734947,-0.022604,0.043674,0.035830
162.915184,-0.088836,-0.130761,9.813162,-0.008060,0.037313,0.029621
162.925078,-0.186828,-0.109233,9.775106,0.005765,0.052548,0.033112
162.934962,-0.109374,-0.164824,9.760981,0.018851,0.025809,0.030835
162.944868,-0.057413,-0.093610,9.803090,0.013478,0.038070,0.005887
162.954727,-0.028999,-0.082486,9.727966,0.003089,0.023971,0.013688
162.964627,-0.072956,-0.053902,9.822560,0.020635,0.055459,0.018736
162.974510,-0.098560,-0.104124,9.749764,0.017588,0.041822,0.011997
162.984414,-0.096223,-0.104817,9.872267,-0.000503,0.052456,0.020787
162.994278,-0.163323,-0.085695,9.848502,-0.024573,0.055229,0.019536
163.004172,-0.077573,-0.070809,9.793617,-0.022965,0.045029,0.021318
163.014050,-0.127141,-0.096264,9.847072,-0.068417,0.019526,0.010315
163.023952,0.065594,-0.131133,9.820863,-0.058544,0.013345,-0.003500
163.033826,0.061532,-0.120225,9.679206,-0.051418,0.022687,-0.007584
163.043715,-0.009734,-0.195066,9.586344,-0.003182,0.031680,-0.020592
163.053594,-0.065445,-0.176578,9.659000,-0.023581,0.017740,-0.016926
163.063497,-0.067327,-0.164703,9.661563,-0.006840,0.023454,-0.007532
163.073370,-0.037359,-0.114964,9.841721,-0.023047,0.036398,-0.016310
163.083266,-0.148784,-0.047465,9.844681,-0.014784,-0.005331,-0.012570
163.093147,-0.081050,-0.021275,9.863034,-0.043059,0.009140,-0.007481
163.103043,-0.054207,-0.036858,9.772497,-0.053228,0.042334,-0.009084
163.112912,-0.007738,-0.086413,9.654947,-0.016745,0.006582,-0.006052
163.122806,-0.092330,-0.107542,9.631146,-0.004447,0.004750,0.000522
163.132685,-0.165748,-0.039214,9.684986,0.005359,0.009969,-0.007456
163.142589,-0.179469,0.004522,9.692866,-0.006919,0.031077,-0.009215
163.152458,-0.132448,-0.064543,9.847892,-0.005402,0.022867,-0.014723
163.162355,0.014606,-0.102473,9.718576,0.001364,0.029946,-0.000536
163.172231,-0.059812,-0.006297,9.759850,-0.003819,0.037870,-0.005745
163.182137,-0.040607,-0.096735,9.693147,-0.011270,0.033303,0.003979
163.192005,-0.156746,-0.082495,9.733025,-0.000771,0.040432,0.005892
163.201904,-0.092426,-0.190086,9.766308,-0.000292,0.026701,0.008612
163.211785,-0.074992,-0.155055,9.705200,-0.007414,0.041083,0.000786
163.221687,0.019045,-0.224968,9.752293,-0.019314,0.022013,-0.006996
163.231551,-0.002734,-0.101510,9.690516,-0.021110,0.010732,-0.019089
163.241446,-0.081557,-0.107497,9.764829,-0.045912,0.017031,-0.014699
163.251327,-0.119091,0.037718,9.704997,-0.060156,0.014496,-0.023741
163.261228,-0.204461,-0.055579,9.907292,-0.048309,0.067120,-0.021345
163.271107,-0.293555,-0.085432,9.927204,-0.021163,0.128368,0.004787
163.280993,-0.305278,-0.050373,9.874988,0.028542,0.169335,0.017432
163.290878,-0.209074,-0.150376,9.811866,0.045674,0.147510,0.031779
163.300775,-0.186322,-0.046455,9.784647,0.052569,0.121924,0.033567
163.310653,-0.102469,-0.218996,9.845052,0.014421,0.099377,0.035312
163.320544,-0.171322,-0.025680,9.857937,0.024252,0.023299,0.048696
163.330417,-0.147222,-0.096033,9.876857,0.014741,-0.027149,0.047411
163.340323,-0.194288,0.108904,9.781136,-0.019290,-0.016923,0.068382
163.350191,-0.120440,0.014425,9.714535,-0.024331,-0.070560,0.062619
163.360089,-0.217393,0.086301,9.766438,-0.053751,-0.101203,0.063265
163.369963,-0.148614,0.003262,9.837544,0.012771,-0.108113,0.056619
163.379872,-0.238972,0.073907,9.815497,0.017836,-0.079377,0.071896
163.389737,-0.109794,-0.106821,9.812143,0.059793,-0.101258,0.068159
163.399634,-0.110928,-0.067990,9.821309,0.096769,-0.100069,0.059571
163.409516,-0.138267,-0.141786,9.831404,0.145968,-0.031993,0.050597
163.419416,-0.244012,-0.138667,9.860778,0.129307,0.061787,0.045446
163.429285,-0.182672,-0.140679,9.866908,0.108596,0.140254,0.057084
163.439178,-0.106677,-0.223824,9.780405,0.060213,0.191662,0.057724
163.449064,-0.031070,-0.069643,9.666131,0.016805,0.175745,0.065964
163.458965,0.022531,-0.230438,9.655769,-0.026122,0.094831,0.048560
163.468829,0.075232,-0.163053,9.661296,-0.179991,-0.004028,0.019739
163.478734,0.095749,-0.196236,9.956620,-0.215812,-0.110767,0.021043
163.488602,0.046779,-0.091252,9.926923,-0.195582,-0.135911,0.006474
163.498506,0.001299,-0.109288,9.898253,-0.202391,-0.135736,-0.007496
163.508376,-0.136949,0.034940,9.799501,-0.130035,-0.089140,-0.001716
163.518272,-0.101437,-0.200997,9.885942,-0.073057,-0.014286,-0.002057
163.528152,-0.248674,-0.172879,9.939273,0.052881,0.072421,0.015614
163.538053,-0.143332,-0.174455,10.060763,0.131883,0.129472,0.030336
163.547930,-0.256283,-0.185046,9.921010,0.148918,0.237624,0.038791
163.557815,-0.187311,-0.109703,9.885862,0.130914,0.311598,0.059297
163.567695,-0.153121,-0.048888,9.782300,0.068677,0.279795,0.067751
163.577599,0.013253,-0.030954,9.879386,-0.032279,0.140206,0.074302
163.587471,-0.042941,-0.039138,9.993087,-0.093788,0.028790,0.054564
163.597368,0.027725,-0.075492,10.121671,-0.092262,-0.109739,0.054975
163.607241,-0.020001,-0.022699,10.176486,-0.097494,-0.234175,0.064292
163.617147,0.001439,-0.086661,9.898906,-0.044562,-0.199351,0.060006
163.627015,-0.073636,-0.125854,9.826503,-0.116018,-0.148270,0.077044
163.636914,-0.082126,-0.128596,9.857971,-0.176324,-0.145616,0.098652
163.646795,-0.064381,-0.277243,9.938744,-0.200257,-0.106245,0.121985
163.656695,-0.007432,-0.205646,9.924332,-0.172220,-0.098680,0.118527
163.666565,-0.145112,-0.194610,10.089993,-0.154859,-0.074621,0.110655
163.676455,-0.110218,-0.198549,10.209729,-0.145308,-0.065396,0.129755
163.686335,-0.072731,-0.145830,10.398456,-0.127123,-0.082370,0.121853
163.696238,-0.036112,-0.065680,10.088188,-0.111306,-0.059666,0.126245
163.706113,-0.053034,-0.074039,10.280857,-0.127900,-0.021398,0.126732
163.716002,-0.181283,-0.003462,10.421973,-0.118266,0.030483,0.136774
163.725885,-0.290506,0.096247,10.446030,-0.031773,0.065792,0.165419
163.735785,-0.171726,0.071885,10.357675,0.000448,0.118332,0.155917
163.745657,-0.214269,-0.074336,10.389899,0.058267,0.209246,0.139860
163.755555,-0.210868,-0.163570,10.381268,0.087272,0.300376,0.123300
163.765426,-0.216113,-0.204534,10.290540,0.127991,0.279922,0.116056
163.775330,-0.156369,-0.233078,10.075151,0.085754,0.306314,0.122353
163.785199,-0.263726,-0.106334,10.233450,0.032919,0.194004,0.125977
163.795095,-0.165839,-0.066324,10.310127,-0.062953,0.071802,0.111538
163.804973,-0.164210,0.043399,10.208312,-0.148269,-0.076842,0.096790
163.814880,-0.174424,-0.092599,10.193614,-0.231795,-0.119588,0.098122
163.824745,-0.199666,-0.110462,10.232954,-0.221667,-0.143169,0.074593
163.834641,-0.222557,0.035523,10.199675,-0.243371,-0.129587,0.096453
163.844519,-0.166495,-0.171771,10.140076,-0.209125,-0.064232,0.111103
163.854429,-0.104503,0.032126,10.270931,-0.141827,-0.043242,0.092171
163.864298,-0.111858,-0.148254,10.323687,-0.101295,0.003516,0.083883
163.874187,-0.261332,-0.013357,10.127597,-0.019558,0.044270,0.079236
163.884065,-0.129702,-0.162302,10.336298,0.029380,0.091848,0.071176
163.893977,-0.096000,-0.041104,10.195204,0.071307,0.071124,0.069034
163.903844,-0.104452,-0.013803,10.051450,0.081420,0.038785,0.079962
163.913736,-0.099552,-0.079578,10.180726,0.066773,-0.003866,0.062770
163.923612,-0.148260,-0.005003,10.309867,0.049331,-0.061186,0.047601
163.933516,-0.195085,-0.022766,10.257137,0.033563,-0.052427,0.047457
163.943384,-0.261997,-0.105668,10.120108,0.037346,-0.043009,0.042472
163.953280,-0.162613,0.058876,10.223933,0.037490,-0.072694,0.031218
163.963158,-0.157888,-0.246175,10.109471,0.034551,-0.098948,0.028888
163.973061,-0.082852,-0.092479,10.025250,-0.037010,-0.077780,0.007738
163.982931,-0.038882,-0.148292,9.910812,-0.065454,-0.093681,0.001655
163.992827,-0.202456,-0.054426,9.800898,-0.119270,-0.094872,-0.004261
164.002704,-0.142949,-0.145522,10.011970,-0.143865,-0.070570,-0.016560
164.012609,-0.075182,-0.126862,10.037165,-0.108303,-0.060188,-0.018239
164.022480,-0.185577,-0.116356,10.130796,-0.027027,-0.027847,-0.013302
164.032371,-0.235834,0.030114,10.027652,0.092967,0.010242,-0.007959
164.042250,-0.332302,0.057322,9.907764,0.185222,0.021258,0.010955
164.052155,-0.169681,0.013504,10.109507,0.246963,-0.024473,0.019083
164.062023,-0.202251,0.051706,10.017857,0.287018,-0.080535,0.019012
164.071922,-0.193963,-0.118547,9.897814,0.208881,-0.123272,0.009372
164.081797,-0.222401,-0.160111,9.670791,0.137667,-0.153776,0.014237
164.091700,-0.049285,-0.080449,9.857241,0.095696,-0.134605,0.008399
164.101568,-0.184447,-0.184364,9.791504,0.054518,-0.176129,0.003310
164.111463,-0.098353,-0.107766,9.888881,0.024024,-0.133601,0.014254
164.121342,-0.139331,0.034381,9.859466,0.025020,-0.042347,0.031578
164.131245,-0.204619,-0.081670,9.708438,0.042130,-0.006624,0.039463
164.141118,-0.144844,-0.159618,9.695338,0.040438,0.041501,0.037254
164.151014,-0.096449,-0.201392,9.711927,0.005249,0.035955,0.029726
164.160887,-0.009859,-0.241566,9.588420,-0.058029,-0.004794,0.010064
164.170794,-0.046925,-0.219344,9.362647,-0.145204,-0.101366,-0.006260
164.180662,-0.094146,-0.096461,9.635161,-0.207301,-0.169479,-0.037004
164.190556,-0.150479,-0.082280,9.583785,-0.252467,-0.139011,-0.059382
164.200439,-0.144102,-0.158235,9.577871,-0.278054,-0.142720,-0.049477
164.210338,-0.042043,-0.006906,9.653489,-0.178847,-0.077083,-0.051798
164.220211,-0.188087,-0.027573,9.686997,-0.073647,-0.017699,-0.026361
164.230103,-0.035125,-0.051574,9.677436,-0.009405,-0.029180,0.008268
164.239979,-0.054404,-0.087427,9.593845,0.065274,-0.062185,-0.000396
164.249892,-0.076113,-0.058017,9.709798,0.153043,-0.093240,-0.003441
164.259753,-0.201320,-0.050115,9.637573,0.167959,-0.119952,-0.024931
164.269657,-0.126512,-0.112700,9.655795,0.148468,-0.077108,-0.028289
164.279534,-0.206100,-0.103667,9.609655,0.093576,0.040077,-0.035707
164.289438,-0.225781,-0.163663,9.642619,0.130458,0.195266,-0.025009
164.299300,-0.297853,-0.169842,9.620505,0.112776,0.280539,0.017084
164.309194,-0.228841,-0.127341,9.507001,0.172217,0.240668,-0.000014
164.319072,-0.090537,-0.351207,9.442916,0.112741,0.153970,-0.008904
164.328984,-0.048086,-0.102840,9.434905,-0.066406,0.076566,0.001350
164.338850,0.042462,-0.083796,9.482650,-0.130177,-0.071164,0.006587
164.348741,-0.201007,-0.027785,9.498759,-0.174186,-0.207207,0.001384
164.358623,-0.138034,-0.171389,9.405772,-0.266375,-0.362329,-0.015512
164.368523,-0.016989,-0.187558,9.498055,-0.300931,-0.416552,-0.035784
164.378397,-0.060734,-0.107116,9.558109,-0.333454,-0.410298,-0.062223
164.388288,-0.073377,-0.145920,9.583729,-0.309469,-0.376728,-0.086001
164.398164,-0.118796,0.072771,9.648504,-0.167947,-0.223544,-0.064844
164.408068,-0.023222,-0.017746,9.647815,-0.070697,-0.093044,-0.044477
164.417943,-0.181670,0.019026,9.587729,0.002684,-0.043920,-0.038043
164.427834,-0.091935,0.032519,9.548808,0.075028,0.033030,-0.040432
164.437716,-0.070237,-0.005787,9.605625,0.117619,0.056256,-0.032122
164.447623,-0.055824,-0.003581,9.501373,0.135174,0.094733,-0.036522
164.457484,0.010242,-0.143743,9.454441,0.162551,0.157114,-0.032708
164.467382,-0.191316,-0.076761,9.578732,0.178628,0.262806,-0.056458
164.477264,-0.131938,-0.155305,9.615884,0.110656,0.297730,-0.043014
164.487164,-0.276034,-0.214398,9.546218,0.084481,0.339530,-0.013906
164.497032,-0.136163,-0.166003,9.506938,0.020187,0.305721,-0.010820
164.506928,-0.038349,-0.147849,9.504729,-0.072540,0.113187,-0.017181
164.516808,-0.091393,-0.133138,9.402012,-0.100646,0.023440,-0.020139
164.526710,0.029674,-0.232733,9.607446,-0.115730,-0.090999,-0.024139
164.536578,-0.186816,-0.105351,9.626172,-0.147482,-0.084206,-0.055414
164.546476,-0.199347,-0.153341,9.532592,-0.151673,-0.113557,-0.047146
164.556350,-0.197373,-0.201189,9.464083,-0.051964,-0.141800,-0.028241
164.566256,-0.107132,0.034284,9.676350,0.064580,-0.144789,-0.015494
164.576123,0.003750,-0.110991,9.678522,0.216390,-0.095383,0.006329
164.586018,-0.250645,0.031348,9.584340,0.348098,-0.076859,0.043322
164.595899,-0.142024,-0.117081,9.611195,0.397055,-0.024495,0.053786
164.605809,-0.153134,-0.275331,9.499883,0.364610,-0.089658,0.034672
164.615670,-0.160038,-0.336764,9.478133,0.227151,-0.110862,0.022087
164.625569,-0.138563,-0.289283,9.671054,0.097420,-0.093721,-0.011616
164.635444,-0.277645,-0.017380,9.615242,-0.021833,-0.041888,-0.036407
164.645347,-0.161939,-0.075612,9.679329,-0.104052,0.073403,-0.032405
164.655225,-0.161108,-0.118866,9.661084,-0.162620,0.130542,-0.021878
164.665116,-0.126451,-0.091827,9.645291,-0.162519,0.192789,-0.027336
164.674989,-0.071494,-0.024587,9.638752,-0.179094,0.154288,-0.027344
164.684896,0.063035,-0.036335,9.793627,-0.133996,0.109014,-0.024286
164.694767,-0.004740,-0.274060,9.622858,-0.144718,0.037527,-0.019863
164.704660,-0.047588,-0.097427,9.769759,-0.075305,-0.061897,-0.040022
164.714536,-0.180565,-0.045444,9.868413,-0.045811,-0.101269,-0.033376
164.724439,-0.217010,-0.037954,9.745335,-0.002819,-0.070820,-0.000037
164.734314,-0.034844,-0.165425,9.632695,0.078715,-0.059831,-0.008253
164.744202,-0.197756,0.030515,9.722375,0.142423,-0.001366,-0.008437
164.754084,-0.175983,0.000156,9.735852,0.256413,0.054809,-0.010027
164.763984,-0.095687,-0.089219,9.783133,0.310369,0.135378,-0.002265
164.773858,0.004864,-0.129197,9.826144,0.310486,0.149956,0.018522
164.783750,-0.068861,-0.205658,9.739897,0.248379,0.118650,0.025874
164.793626,-0.231045,-0.153941,9.734222,0.147867,0.102513,0.036072
164.803532,-0.208739,-0.337503,9.714109,0.046099,0.087299,0.019853
164.813403,-0.222213,-0.164002,9.784298,0.030736,0.109607,-0.005999
164.823300,0.021714,-0.058134,9.847043,0.035268,0.034743,-0.035223
164.833173,-0.109371,0.001288,9.774952,0.069912,-0.006677,-0.043372
164.843076,-0.199025,-0.066653,9.922871,0.059111,-0.034172,-0.050582
164.852947,-0.289580,-0.014797,9.954921,0.047246,-0.004540,-0.063435
164.862849,-0.357156,0.040015,9.807325,-0.029736,-0.014616,-0.063838
164.872717,-0.253068,-0.289715,9.799407,-0.062751,-0.037597,-0.062636
164.882622,-0.163971,-0.122817,9.850883,-0.114614,0.019841,-0.055024
164.892491,0.014544,-0.150514,10.003356,-0.113707,0.044067,-0.064748
164.902391,-0.185203,-0.101444,10.003911,-0.089005,0.105704,-0.058365
164.912273,-0.239125,-0.161235,9.911178,-0.046536,0.112171,-0.036821
164.922168,-0.174341,-0.218116,9.910675,-0.008253,0.119226,-0.050462
164.932041,-0.213885,-0.113571,9.833542,-0.023772,0.073507,-0.060413
164.941932,-0.189975,-0.053235,9.868969,0.053565,0.028576,-0.065093
164.951812,-0.061639,0.181001,9.859311,0.035557,-0.051887,-0.012460
164.961715,-0.088131,0.150967,9.869685,0.086618,-0.055092,-0.030622
164.971586,-0.162876,-0.054058,9.968837,0.076262,0.007709,-0.010474
164.981482,-0.286943,0.037860,10.066918,0.143818,0.032389,-0.000240
164.991357,-0.295585,-0.135828,10.074683,0.246982,0.062782,0.011471
165.001261,-0.193946,-0.165072,9.820158,0.250725,0.098061,0.021385
165.011138,0.040618,-0.277328,9.742613,0.249459,0.148444,0.031364
165.021025,-0.149430,-0.051413,9.860635,0.202841,0.169234,0.022106
165.030912,-0.159892,-0.075576,9.735469,0.135619,0.132052,0.030979
165.040811,-0.225913,-0.112199,9.848667,0.044819,0.140338,0.019354
165.050677,-0.213883,-0.008196,9.864746,-0.011044,0.116743,-0.009122
165.060580,-0.090756,-0.196472,9.927469,-0.060370,0.102604,-0.013761
165.070448,-0.198584,0.027508,9.791443,-0.075718,0.033267,-0.020922
165.080354,-0.156432,-0.106971,9.808795,-0.184025,-0.016474,-0.015390
165.090227,-0.292386,-0.060219,9.887199,-0.217715,-0.022549,-0.018775
165.100116,-0.284684,-0.056206,9.971457,-0.190114,-0.031455,-0.018631
165.109995,-0.043133,-0.158216,9.937927,-0.101524,0.009046,-0.036543
165.119899,-0.107991,-0.190550,9.865948,-0.065367,-0.044871,-0.043417
165.129768,-0.082804,-0.274286,9.988909,-0.050432,-0.078338,-0.047038
165.139663,-0.214414,-0.238468,10.063228,0.002570,-0.105072,-0.052375
165.149543,-0.263499,-0.094715,10.058437,0.027561,-0.116288,-0.060613
165.159449,-0.079012,-0.006038,10.041142,0.004567,-0.110571,-0.061053
165.169321,-0.246225,0.056630,9.963987,0.016921,-0.134698,-0.073465
165.179214,-0.367199,-0.170750,9.958846,0.012661,-0.144564,-0.051465
165.189092,-0.316488,-0.152417,10.051478,0.050940,-0.103128,-0.038884
165.198994,-0.289237,-0.102571,10.008837,0.093397,-0.055193,-0.036001
165.208860,-0.053149,-0.171807,9.984897,0.110812,-0.053767,-0.021184
165.218755,-0.101486,-0.267826,9.854786,0.081422,-0.038568,-0.014617
165.228635,-0.171612,-0.221616,9.955505,0.008339,0.016650,-0.016683
165.238539,-0.277275,-0.159920,9.981268,-0.017688,0.018316,-0.022263
165.248411,-0.307330,-0.169538,9.916094,-0.048518,-0.001439,-0.019455
165.258302,-0.174366,-0.118426,9.832345,-0.076172,-0.033515,-0.036397
165.268185,-0.154413,-0.051154,10.047715,-0.101788,-0.003564,-0.051673
165.278086,-0.128875,-0.150373,10.014730,-0.121045,0.008862,-0.069531
165.287953,-0.234627,-0.279370,9.860973,-0.149287,0.016482,-0.078639
165.297848,-0.236573,-0.371440,9.900578,-0.146149,0.046051,-0.076821
165.307730,-0.028623,-0.246527,9.665642,-0.188479,-0.035059,-0.092345
165.317629,0.054792,-0.129860,9.708681,-0.195626,-0.063652,-0.104541
165.327498,-0.074798,-0.196243,9.925774,-0.209018,-0.096759,-0.109274
165.337403,-0.362565,-0.068698,10.071359,-0.116762,-0.109690,-0.109880
165.347277,-0.245866,-0.043454,9.967740,-0.064143,-0.129298,-0.119542
165.357175,-0.236266,-0.194118,10.022590,0.029878,-0.082638,-0.124151
165.367045,-0.130111,-0.182635,9.875999,0.038197,0.006696,-0.114622
165.376943,-0.138839,-0.062316,9.791277,0.031583,0.069323,-0.110018
165.386825,-0.076643,-0.184407,9.770528,0.048390,0.068096,-0.130269
165.396725,-0.026688,-0.005274,9.736046,0.080940,0.053919,-0.139993
165.406590,-0.096302,0.008478,9.736879,0.030221,-0.040013,-0.126830
165.416491,-0.224578,-0.149635,9.748477,-0.009188,-0.060280,-0.134179
165.426365,-0.190176,-0.087397,9.908349,-0.029986,-0.059376,-0.117197
165.436268,-0.309890,-0.262727,9.714704,-0.026510,0.039350,-0.123733
165.446140,-0.264316,-0.166020,9.650286,-0.047818,0.095200,-0.109391
165.456041,-0.095987,-0.022039,9.816144,-0.031559,0.167494,-0.095242
165.465910,-0.125785,0.010790,9.685271,-0.071566,0.149931,-0.096996
165.475814,-0.066178,-0.162442,9.667856,-0.060548,0.196491,-0.115272
165.485682,-0.259503,-0.108364,9.804860,-0.075417,0.184088,-0.100188
165.495577,-0.193249,-0.256754,9.691954,-0.039202,0.190047,-0.102924
165.505456,-0.118963,-0.155538,9.608894,-0.021697,0.196839,-0.104616
165.515365,-0.120269,-0.077949,9.629805,-0.116790,0.088552,-0.097040
165.525229,0.034966,-0.074078,9.743613,-0.108981,-0.008642,-0.096685
165.535124,-0.240426,-0.025812,9.932227,-0.075981,-0.054119,-0.101003
165.545001,-0.198533,-0.199968,9.731958,-0.081206,-0.006085,-0.121961
165.554907,-0.071506,-0.101623,9.628840,-0.151349,0.039073,-0.118303
165.564774,-0.152532,0.043542,9.669415,-0.195789,0.088895,-0.128117
165.574676,-0.192731,-0.071427,9.641448,-0.113194,0.086607,-0.138740
165.584548,-0.136661,-0.121118,9.662320,-0.084267,0.078856,-0.136829
165.594451,-0.104451,-0.175069,9.580727,0.058181,0.134826,-0.141370
165.604320,-0.099827,-0.131904,9.520814,0.171147,0.151727,-0.154510
165.614222,-0.090385,-0.013463,9.769755,0.245530,0.166310,-0.135664
165.624098,-0.148456,-0.180957,9.597464,0.322135,0.201177,-0.137788
165.634008,-0.154445,-0.181283,9.473762,0.313854,0.257629,-0.132743
165.643873,-0.252854,0.048482,9.625868,0.275133,0.232595,-0.127586
165.653766,-0.057520,-0.147663,9.546564,0.215015,0.212563,-0.128015
165.663639,-0.204171,-0.202192,9.525462,0.164647,0.214614,-0.136810
165.673549,-0.219808,-0.093780,9.490668,0.038253,0.133789,-0.132312
165.683412,-0.159046,0.038873,9.459584,-0.179804,0.130065,-0.090961
165.693307,-0.298211,-0.099413,9.478555,-0.341413,0.111226,-0.089467
165.703189,-0.291165,-0.132671,9.629924,-0.449047,-0.019410,-0.078481
165.713093,-0.201267,-0.044305,9.511707,-0.498447,-0.101406,-0.057822
165.722960,-0.210661,-0.076552,9.534212,-0.472572,-0.109736,-0.048440
165.732857,-0.102395,-0.007352,9.586317,-0.400177,-0.169025,-0.028153
165.742734,-0.141367,-0.008427,9.549608,-0.206260,-0.216889,-0.012408
165.752641,-0.213105,-0.129473,9.629704,0.019264,-0.259056,0.011768
165.762509,-0.254148,0.004713,9.665457,0.246366,-0.209571,0.028508
165.772406,-0.076855,-0.134108,9.661827,0.529519,-0.138790,0.035112
165.782278,-0.297371,-0.197766,9.580404,0.723638,-0.106266,0.052913
165.792182,-0.203454,-0.059885,9.663399,0.762463,-0.118853,0.063198
165.802052,-0.138916,-0.054537,9.574653,0.679685,-0.132862,0.048090
165.811957,-0.280784,-0.110381,9.409555,0.486027,-0.183668,0.062838
165.821824,-0.149197,-0.301830,9.574094,0.246092,-0.143363,0.065620
165.831732,-0.139944,-0.317936,9.443713,0.097979,-0.109419,0.036588
165.841597,-0.235587,-0.239645,9.415063,-0.076143,0.051654,0.038898
165.851493,-0.214698,-0.063018,9.317091,-0.222795,0.182118,0.035028
165.861372,-0.143603,-0.024405,9.440210,-0.329177,0.268294,0.021150
165.871283,-0.291077,-0.089506,9.495969,-0.335698,0.302042,0.027667
165.881152,-0.218846,0.000191,9.750723,-0.336604,0.214109,0.029838
165.891043,-0.119970,-0.065191,9.758796,-0.404379,0.211958,0.017820
165.900916,-0.318314,-0.058270,9.805111,-0.371175,0.160448,0.049615
165.910821,-0.077387,-0.177219,9.557197,-0.285624,0.098201,0.042114
165.920690,-0.097447,0.033387,9.708963,0.023805,0.086626,0.059217
165.930593,-0.205150,-0.153998,9.934171,0.205213,0.064442,0.074066
165.940463,-0.073182,-0.045286,9.913216,0.372973,-0.036010,0.072457
165.950367,-0.148777,-0.174268,9.874774,0.542873,-0.130437,0.087395
165.960240,-0.146955,-0.158707,9.688388,0.648204,-0.217785,0.065217
165.970129,-0.164009,0.045967,9.671710,0.699735,-0.155658,0.047516
165.980008,0.013639,-0.241885,9.553605,0.614546,-0.094869,0.021549
165.989916,-0.262384,-0.077726,9.818145,0.348327,-0.066787,0.000901
165.999782,-0.252212,-0.087186,9.933018,-0.114134,-0.105524,0.005998
166.009685,-0.148403,-0.163847,9.798155,-0.497810,-0.169390,0.002830
166.019554,-0.128092,-0.173371,9.880169,-0.794337,-0.127702,-0.002926
166.029458,-0.224077,-0.224032,9.978834,-0.949441,-0.027880,0.004884
166.039327,-0.307557,-0.068619,10.131091,-1.014146,0.072148,0.019209
166.049226,-0.161109,-0.057813,10.141680,-0.913399,0.142888,0.019249
166.059099,-0.083927,-0.081961,10.116439,-0.724973,0.128853,0.012015
166.069013,-0.099688,-0.019582,10.082398,-0.434207,0.118601,0.002637
166.078872,-0.129081,0.011355,10.119466,-0.031150,0.184262,-0.024923
166.088767,0.050452,-0.076822,10.337774,0.257379,0.009108,-0.033731
166.098646,-0.113664,0.073409,10.454624,0.568980,-0.144309,-0.032015
166.108551,-0.221464,0.028940,10.409117,0.766693,-0.246989,0.002424
166.118422,-0.143752,-0.061907,10.301075,0.825344,-0.285991,0.017886
166.128315,-0.270433,-0.008617,10.408309,0.780964,-0.393257,0.041131
166.138196,-0.060424,-0.012757,10.270761,0.626625,-0.393408,0.047414
166.148098,-0.237063,0.065057,10.243453,0.333705,-0.348168,0.071412
166.157968,-0.080400,-0.176726,10.241908,0.067053,-0.172465,0.083558
166.167862,-0.156590,-0.104649,10.330511,-0.147003,-0.044397,0.079799
166.177743,-0.143389,-0.030125,10.288580,-0.352202,0.138098,0.063283
166.187646,-0.143964,0.104489,10.519844,-0.411458,0.181962,0.047562
166.197515,-0.188455,-0.021301,10.425126,-0.394182,0.221380,0.028834
166.207407,-0.084414,0.052403,10.109027,-0.462597,0.256880,0.019882
166.217284,-0.366350,0.176192,10.393432,-0.535392,0.252636,0.010611
166.227192,-0.186063,-0.091802,10.314525,-0.566570,0.237889,0.006157
166.237058,-0.159482,0.055552,10.441071,-0.443240,0.261944,0.007532
166.246955,-0.305091,-0.049811,10.417542,-0.244389,0.179990,-0.019256
166.256833,-0.325257,0.142141,10.582438,0.124995,-0.017111,-0.031281
166.266742,-0.106025,-0.100931,10.234533,0.326686,-0.181620,0.010510
166.276610,-0.251165,-0.145807,10.086483,0.431777,-0.289770,0.020043
166.286504,-0.232023,-0.084239,10.352472,0.522736,-0.217479,0.027837
166.296376,-0.183084,-0.094555,10.159116,0.576846,-0.262570,0.017903
166.306280,-0.413834,-0.107832,9.990833,0.436256,-0.171603,0.039007
166.316149,-0.358494,-0.079434,10.059648,0.264681,-0.102614,0.045697
166.326048,-0.027612,-0.159874,10.052959,0.005567,-0.172759,0.029495
166.335922,-0.025143,-0.164529,10.071902,-0.203774,-0.263641,0.006938
166.345826,-0.172186,-0.095793,9.891083,-0.409618,-0.281114,-0.004213
166.355695,-0.199584,-0.087911,9.803188,-0.479615,-0.225883,-0.021974
166.365594,-0.199218,-0.135565,9.895401,-0.493627,-0.177150,-0.035864
166.375468,0.057557,-0.057439,9.914998,-0.511910,-0.135386,-0.027043
166.385375,-0.157794,-0.183652,9.879346,-0.421002,-0.102685,-0.042977
166.395242,-0.149986,0.050559,9.878705,-0.175501,-0.104416,-0.059761
166.405137,-0.092071,0.135236,9.716874,0.084085,-0.019574,-0.037156
166.415018,-0.199675,0.001694,9.668026,0.328079,-0.018408,-0.046205
166.424923,-0.219783,-0.098600,9.728804,0.570694,0.045835,-0.026982
166.434787,-0.090634,-0.114056,9.720635,0.682971,0.081039,-0.006395
166.444681,-0.238044,-0.081425,9.557683,0.663044,0.225192,-0.019482
166.454560,-0.339727,-0.198361,9.657015,0.625438,0.206519,-0.024698
166.464473,-0.121397,-0.140990,9.530779,0.502572,0.087955,-0.019492
166.474337,-0.016035,0.032365,9.753021,0.360316,-0.064368,-0.018395
166.484229,-0.073762,-0.171524,9.569887,0.138080,-0.119185,-0.036678
166.494108,-0.098404,-0.102470,9.408497,-0.078809,-0.195176,-0.051785
166.504018,0.015851,-0.131799,9.455682,-0.260699,-0.247043,-0.083350
166.513878,-0.173079,-0.006169,9.498641,-0.443008,-0.179560,-0.105121
166.523773,-0.139164,-0.051830,9.548577,-0.577229,-0.106007,-0.136937
166.533651,-0.193624,-0.018603,9.586231,-0.635528,-0.056316,-0.134801
166.543557,-0.251060,-0.031071,9.690733,-0.543471,-0.052361,-0.140561
166.553432,-0.080701,0.093741,9.719658,-0.375158,0.015334,-0.132200
166.563321,-0.138672,0.010879,9.692698,-0.210420,0.055137,-0.112839
166.573200,-0.108755,-0.337073,9.477982,0.005881,0.119492,-0.128658
166.583102,-0.090410,-0.085652,9.414231,0.162850,0.074054,-0.102800
166.592970,-0.211565,0.020151,9.440377,0.273190,0.099140,-0.104860
166.602870,-0.131851,-0.220361,9.488172,0.354743,0.112790,-0.098195
166.612744,-0.146651,-0.014494,9.387859,0.429249,0.041691,-0.098650
166.622649,-0.143136,-0.175345,9.328538,0.338460,0.016715,-0.085294
166.632517,-0.176265,-0.070255,9.403431,0.303988,-0.085672,-0.087931
166.642413,-0.115826,-0.067380,9.592120,0.284745,-0.082421,-0.081548
166.652294,-0.133413,-0.149761,9.363537,0.222200,-0.126307,-0.069376
166.662199,-0.119276,-0.062486,9.422382,0.120414,-0.094163,-0.066999
166.672066,-0.124524,0.018547,9.545351,-0.003219,-0.148985,-0.079156
166.681958,-0.119281,0.011524,9.421363,-0.096461,-0.124653,-0.079432
166.691837,-0.059976,-0.108097,9.446603,-0.129272,-0.131780,-0.087898
166.701741,-0.237282,-0.076703,9.516232,-0.192948,-0.080408,-0.062770
166.711608,-0.245582,-0.060813,9.585947,-0.185803,-0.051193,-0.059030
166.721503,-0.153565,-0.084860,9.647140,-0.096041,-0.044420,-0.038879
166.731383,-0.138900,-0.080502,9.576882,-0.045829,-0.043095,-0.015655
166.741288,-0.230382,-0.215097,9.398793,0.050488,0.019784,-0.014230
166.751155,-0.342488,-0.022760,9.391295,0.147972,0.118657,-0.008639
166.761049,-0.048639,-0.056307,9.559916,0.210042,0.220059,0.007792
166.770935,-0.093933,-0.099092,9.577805,0.250181,0.139128,0.008542
166.780831,-0.080829,-0.138235,9.504460,0.196391,0.087222,0.023477
166.790701,-0.136748,-0.084901,9.593491,0.089878,0.038533,0.020804
166.800602,-0.224285,0.068146,9.525861,0.004425,-0.113891,0.026563
166.810473,-0.116627,-0.109986,9.468411,-0.161890,-0.100183,0.053513
166.820382,-0.112885,-0.001027,9.579466,-0.315261,-0.132571,0.043423
166.830248,-0.261364,-0.020621,9.674792,-0.263787,-0.110232,0.057508
166.840146,-0.203236,-0.117466,9.689433,-0.204860,-0.085105,0.031664
166.850025,-0.241170,-0.156327,9.875324,-0.146688,-0.091669,0.057761
166.859935,-0.101637,-0.217648,9.994837,-0.003634,-0.169908,0.061036
166.869804,-0.188417,0.020374,9.931163,0.117963,-0.232127,0.060179
166.879694,-0.119530,-0.038474,9.874865,0.182601,-0.253724,0.071123
166.889567,-0.151935,-0.169583,9.790377,0.175202,-0.177795,0.076088
166.899471,-0.248063,-0.083004,9.986070,0.140654,-0.076040,0.060584
166.909340,-0.187736,0.147468,9.728604,0.109424,0.000867,0.061165
166.919236,-0.095162,-0.035759,9.577677,-0.020389,0.083529,0.046715
166.929115,-0.058916,-0.074378,9.795225,-0.196798,0.225619,0.033296
166.939026,-0.154913,-0.039668,9.943465,-0.262301,0.304137,0.057705
166.948890,-0.261408,-0.188797,9.800310,-0.292776,0.257099,0.068546
166.958782,-0.091175,0.091616,9.853554,-0.300616,0.279396,0.061586
166.968659,-0.183230,-0.027697,10.055058,-0.168885,0.235800,0.055797
166.978570,-0.166116,-0.119807,10.158553,0.072656,0.140306,0.076479
166.988433,-0.082964,0.011676,10.099124,0.275828,0.076556,0.061545
166.998333,-0.026723,-0.168175,10.004103,0.446360,0.019157,0.075282
167.008208,-0.179994,-0.121131,10.139560,0.467097,0.044129,0.076922
167.018109,-0.087995,-0.213435,9.954654,0.441879,0.016664,0.060544
167.027984,-0.211323,0.034527,10.015367,0.313364,-0.019192,0.066080
167.037873,-0.216517,-0.115505,10.375402,0.145576,-0.009670,0.069731
167.047752,-0.135935,-0.086481,10.310915,-0.029826,-0.006036,0.053769
167.057655,-0.257189,0.086408,10.139524,-0.151418,0.007791,0.054502
167.067524,-0.180956,-0.138803,10.201201,-0.289401,-0.004195,0.041086
167.077420,-0.197177,-0.077163,10.353389,-0.364158,-0.030569,0.040937
167.087297,0.013177,-0.054104,10.160242,-0.323403,0.002286,0.022529
167.097201,-0.145236,-0.061656,10.182023,-0.252025,0.030107,0.048562
167.107069,-0.141825,-0.095227,10.281130,-0.164030,0.084191,0.036239
167.116963,-0.030040,-0.039824,10.215645,-0.133424,0.227088,0.057144
167.126842,-0.108358,-0.060857,10.319543,-0.037309,0.198952,0.074344
167.136748,-0.179955,-0.054249,10.291920,0.011430,0.200603,0.088992
167.146616,-0.005718,-0.023922,10.366960,0.136712,0.091775,0.065191
167.156510,-0.171882,0.001162,10.295373,0.311112,0.018605,0.078108
167.166389,-0.230022,-0.000709,10.145899,0.457386,0.059892,0.055998
167.176291,-0.188525,-0.162859,10.242748,0.487976,-0.003826,0.065804
167.186164,-0.175504,-0.078079,10.167300,0.350660,-0.120955,0.065350
167.196055,-0.039224,-0.030570,9.947723,0.158450,-0.178689,0.031889
167.205933,-0.184985,-0.281305,9.836812,-0.008035,-0.174043,0.042031
167.215842,-0.332720,-0.040978,10.152069,-0.145022,-0.122805,0.048974
167.225707,-0.147644,-0.067129,9.816315,-0.210904,-0.084604,0.033069
167.235608,-0.279359,-0.012379,9.750398,-0.345688,-0.000211,0.027378
167.245482,-0.233163,-0.168400,10.030532,-0.379817,0.085224,0.050094
167.255387,-0.042869,-0.106602,9.882115,-0.335777,0.137594,0.040949
167.265262,-0.189219,-0.093730,10.069608,-0.160445,0.215203,0.037635
167.275148,-0.260282,-0.140444,10.114966,0.052683,0.196931,0.043818
167.285028,-0.159813,-0.034155,10.094524,0.253686,0.097281,0.045022
167.294930,-0.165551,-0.081166,10.129064,0.408194,0.030492,0.079898
167.304798,-0.207380,-0.131562,9.989613,0.425271,0.018463,0.099850
167.314695,-0.233756,0.152870,9.924652,0.421754,-0.034884,0.090254
167.324571,-0.280935,-0.105478,9.980241,0.300479,-0.086595,0.112494
167.334480,-0.157456,-0.212827,9.624462,0.172332,-0.088846,0.095680
167.344349,-0.109013,-0.068892,9.573475,-0.025594,-0.170573,0.083222
167.354239,-0.157385,-0.125612,9.532514,-0.203570,-0.202175,0.072424
167.364119,-0.174107,-0.155880,9.430275,-0.341147,-0.167436,0.057113
167.374025,-0.065788,-0.108970,9.648301,-0.458327,-0.177491,0.050350
167.383892,-0.135713,-0.229754,9.806071,-0.474749,-0.133995,0.044657
167.393786,-0.161657,-0.056650,9.767212,-0.350057,-0.091167,0.042141
167.403663,-0.083937,-0.084523,9.759450,-0.075234,0.056019,0.044127
167.413567,-0.429225,-0.047533,9.837230,0.061793,0.131768,0.037191
167.423437,-0.242029,0.071965,9.773317,0.206985,0.139161,0.035241
167.433335,-0.025969,-0.157275,9.548692,0.248745,0.012566,0.038618
167.443211,-0.170388,-0.116506,9.624481,0.281560,-0.006825,0.032733
167.453114,-0.237158,-0.103668,9.678583,0.296379,0.033288,0.020121
167.462983,-0.098643,-0.110176,9.553168,0.334514,0.053738,0.034892
167.472879,-0.312161,-0.142576,9.698697,0.334041,0.047404,0.054979
167.482756,-0.167904,-0.219350,9.609078,0.313076,0.086262,0.029448
167.492661,-0.136107,0.041529,9.483804,0.205456,0.103878,0.019741
167.502528,-0.181280,-0.077349,9.561363,0.051108,0.095141,0.020802
167.512426,-0.124518,-0.161700,9.265210,-0.107932,0.045114,-0.002492
167.522302,-0.218679,-0.108531,9.229923,-0.386781,0.022898,-0.007524
167.532214,-0.117237,-0.348986,9.234560,-0.518476,0.013455,-0.019154
167.542074,-0.114401,0.079899,9.427361,-0.576397,-0.009962,-0.023591
167.551970,-0.161888,-0.025105,9.665154,-0.508805,-0.048956,-0.030774
167.561849,-0.123588,-0.163200,9.520097,-0.343744,-0.044510,-0.016118
167.571752,-0.182949,0.027474,9.639554,-0.172552,-0.011928,-0.028713
167.581627,-0.232246,0.091752,9.624489,0.049097,-0.049543,-0.032514
167.591518,-0.027560,-0.157280,9.530896,0.214172,-0.148060,-0.045659
167.601399,-0.110573,-0.048974,9.372602,0.338778,-0.189598,-0.061882
167.611307,-0.222865,0.014111,9.608584,0.419966,-0.159379,-0.050087
167.621168,-0.176576,-0.162936,9.639689,0.431029,-0.151236,-0.055834
167.631063,-0.209067,-0.288730,9.469860,0.316267,-0.120413,-0.057207
167.640940,-0.253335,-0.273388,9.664073,0.139479,-0.152435,-0.060332
167.650848,-0.174022,-0.265998,9.637072,-0.022038,-0.211553,-0.050205
167.660718,-0.114190,-0.177912,9.761638,-0.138110,-0.322667,-0.041688
167.670615,-0.110371,-0.125608,9.711621,-0.314583,-0.365117,-0.048639
167.680485,-0.150200,-0.118094,9.469762,-0.444859,-0.363487,-0.065829
167.690391,-0.092150,-0.200058,9.548755,-0.511027,-0.300296,-0.069055
167.700259,-0.210533,-0.074159,9.784744,-0.405290,-0.277862,-0.062460
167.710155,-0.308131,-0.191595,9.863739,-0.234961,-0.204269,-0.036080
167.720032,-0.328693,-0.004827,9.773710,-0.067459,-0.076000,-0.045707
167.729936,-0.240929,-0.098582,9.760507,0.087746,0.032549,-0.033300
167.739804,-0.133088,-0.070422,9.841688,0.255925,0.136998,-0.021784
167.749699,-0.255626,-0.157963,9.708613,0.279079,0.244632,0.002686
167.759581,-0.275007,-0.160545,9.718900,0.345223,0.274446,-0.001173
167.769490,-0.284249,0.114008,9.596632,0.248402,0.333023,-0.004221
167.779353,-0.013957,-0.192901,9.638589,0.190746,0.251015,0.002786
167.789246,-0.150923,-0.207491,9.787521,0.047126,0.132444,-0.014293
167.799126,-0.183380,0.033006,9.847585,-0.006965,0.012626,-0.022533
167.809031,-0.079193,-0.072829,9.865191,-0.001629,-0.124443,-0.036188
167.818899,-0.232266,-0.202205,9.949047,0.009895,-0.263120,-0.030027
167.828794,-0.173771,-0.127065,9.953695,-0.045237,-0.397003,-0.014928
167.838672,-0.254853,-0.022429,9.925422,-0.019348,-0.380509,0.001144
167.848577,-0.220793,-0.086069,9.849033,-0.021964,-0.348078,0.003692
167.858447,-0.238569,-0.043670,9.993163,-0.043086,-0.264066,0.011985
167.868339,-0.261586,0.003779,10.130900,-0.024180,-0.141064,0.022369
167.878226,-0.244865,-0.205527,10.164207,-0.000998,-0.136436,0.003848
167.888119,-0.202674,-0.146664,9.903373,0.004324,-0.058400,-0.020173
167.897989,-0.038647,-0.027942,9.930926,0.056685,0.043895,-0.032797
167.907884,-0.065267,-0.026809,10.017750,0.091686,0.148406,-0.047136
167.917771,-0.144194,-0.088167,10.010439,0.066946,0.183398,-0.023649
167.927667,-0.274884,-0.086550,9.943453,0.080876,0.224620,-0.020927
167.937538,-0.164223,-0.068711,9.902968,0.042825,0.198824,-0.012206
167.947430,-0.074865,-0.214212,9.756877,-0.078073,0.185737,-0.028219
167.957311,-0.207757,0.186813,9.727668,-0.158748,0.143717,-0.046550
167.967221,-0.203912,0.099170,9.872281,-0.201147,0.177446,-0.032801
167.977091,-0.290811,-0.161675,9.629982,-0.393129,0.167260,-0.051235
167.986980,-0.009341,-0.031969,9.737485,-0.471250,0.202524,-0.033664
167.996854,-0.039187,-0.126152,9.892054,-0.406201,0.192223,-0.022566
168.006762,-0.149478,-0.079223,10.118236,-0.270789,0.147951,-0.009187
168.016627,-0.085819,-0.133662,10.137003,-0.059995,0.054344,0.013200
168.026522,-0.069104,-0.184231,10.047389,0.181361,-0.060198,0.032823
168.036409,-0.087375,-0.063353,9.986400,0.408735,-0.174961,0.045703
168.046304,-0.157403,-0.039403,10.104201,0.547028,-0.191963,0.058972
168.056173,-0.126430,-0.144126,10.018475,0.591983,-0.176945,0.061260
168.066069,-0.183322,-0.223197,9.771881,0.485338,-0.169953,0.063238
168.075952,-0.123708,-0.217770,9.482365,0.340403,-0.042287,0.052574
168.085860,-0.099847,-0.125110,9.645465,0.077569,0.049620,0.040395
168.095721,-0.038003,-0.212447,9.764236,-0.117629,0.161092,0.042304
168.105617,-0.158320,-0.129422,9.687399,-0.245373,0.202119,0.042228
168.115493,-0.248313,-0.128764,9.740060,-0.400708,0.333335,0.051831
168.125406,-0.171856,-0.001336,9.905419,-0.402565,0.194863,0.052973
168.135269,-0.065173,-0.190470,9.910024,-0.380832,0.037493,0.048283
168.145162,-0.061621,-0.082977,9.851936,-0.349505,-0.068019,0.029385
168.155040,-0.131892,0.086922,9.787094,-0.297014,-0.139404,0.010618
168.164942,-0.310526,0.036945,9.903251,-0.221377,-0.136674,0.014039
168.174811,-0.176595,-0.104277,9.853390,-0.061720,-0.113693,0.000762
168.184715,-0.028722,0.005236,9.871177,0.194963,-0.182299,-0.002485
168.194585,0.056767,-0.121578,10.061675,0.394055,-0.161987,-0.004700
168.204488,-0.186586,-0.050353,10.081304,0.486000,-0.188282,0.031775
168.214362,-0.301165,-0.041112,10.102491,0.635474,-0.173396,0.036595
168.224253,-0.130240,-0.199723,9.941802,0.626658,-0.089072,0.058505
168.234131,-0.164336,-0.048403,9.809979,0.534402,0.033344,0.032363
168.244035,-0.147273,-0.181852,9.816120,0.280862,0.121756,0.028654
168.253907,-0.218404,-0.216449,9.735580,0.063777,0.119009,0.031207
168.263798,-0.118611,-0.110160,9.868440,-0.209447,0.126903,0.016332
168.273685,-0.101892,-0.167212,9.902762,-0.393427,0.104664,-0.007973
168.283587,-0.214702,-0.016915,9.808344,-0.425610,-0.026633,-0.001970
168.293449,-0.160690,-0.092082,9.779504,-0.423819,-0.026799,0.002535
168.303344,-0.188340,-0.113790,9.989537,-0.430054,-0.061070,-0.028102
168.313227,-0.014739,-0.181013,9.789649,-0.333006,-0.143301,-0.025747
168.323129,-0.023254,0.105642,9.750657,-0.192615,-0.157019,-0.006484
168.332998,-0.149431,-0.012660,9.837456,-0.089946,-0.055552,-0.001981
168.342891,-0.229187,-0.088219,10.048684,0.087338,0.070425,0.002715
168.352771,-0.197118,0.067529,9.995337,0.231821,0.132820,0.017207
168.362673,-0.088312,-0.057944,9.756153,0.227299,0.177569,0.018729
168.372551,-0.090700,-0.226318,9.957258,0.264880,0.210638,0.014738
168.382444,-0.159622,-0.175298,9.922510,0.273390,0.224340,0.025669
168.392314,-0.042929,-0.116006,9.788473,0.284796,0.200539,0.012487
168.402226,-0.053790,-0.090544,9.872045,0.330512,0.105136,0.013792
168.412090,-0.151451,-0.161142,9.832407,0.342132,0.065493,0.010787
168.421983,-0.049689,-0.093132,9.661605,0.364208,-0.009063,-0.012973
168.431870,-0.071595,-0.142252,9.641097,0.309763,-0.049838,0.010905
168.441771,0.001161,-0.221515,9.630066,0.182959,-0.071511,0.009652
168.451638,-0.156310,-0.210524,9.698178,0.014054,-0.058916,0.011977
168.461529,-0.032930,-0.277256,9.667194,-0.151487,-0.051629,0.023061
168.471407,-0.040245,-0.087100,9.632802,-0.247660,-0.068716,0.025793
168.481311,-0.166399,-0.125664,9.716309,-0.340506,-0.150791,0.042306
168.491179,-0.254074,-0.171027,9.650047,-0.381954,-0.084710,0.046634
168.501084,-0.110932,-0.185931,9.562066,-0.352345,-0.141511,0.054650
168.510953,-0.073821,-0.088506,9.709824,-0.308337,-0.140400,0.040345
168.520858,-0.164789,0.007747,9.840433,-0.184272,-0.116181,0.042572
168.530725,-0.281348,-0.180567,9.871344,-0.004167,-0.121194,0.027368
168.540623,-0.213721,0.024058,9.902947,0.137107,-0.121343,0.011691
168.550501,-0.185019,0.073796,9.894439,0.238666,-0.110494,-0.001276
168.560402,-0.142873,-0.036189,9.821856,0.219098,-0.092817,0.017685
168.570277,-0.140119,-0.158306,9.781560,0.218438,-0.041361,0.007492
168.580172,-0.130705,-0.289580,9.758053,0.248245,-0.024292,0.015397
168.590044,-0.075242,-0.148762,9.448936,0.170794,0.065294,0.012842
168.599948,-0.181364,0.000600,9.732425,0.077861,0.097782,0.011724
168.609818,-0.106030,0.112749,9.647209,0.003280,0.144476,-0.001751
168.619714,0.108897,-0.242118,9.559151,-0.045876,0.153366,-0.017052
168.629592,-0.031574,-0.181502,9.572891,-0.141900,0.080134,-0.024258
168.639503,-0.108130,-0.163156,9.508184,-0.182807,-0.027765,-0.025937
168.649364,-0.033486,-0.131681,9.640022,-0.240675,-0.086143,-0.021931
168.659259,-0.197324,0.020359,9.715020,-0.235394,-0.084571,-0.035858
168.669137,-0.197482,-0.151255,9.760223,-0.235171,0.067173,-0.012955
168.679042,-0.226104,-0.112696,9.781045,-0.176900,0.144280,0.015506
168.688915,-0.232562,-0.121756,9.635345,-0.127526,0.165367,0.022449
168.698809,-0.209551,0.007581,9.698084,-0.066060,0.149409,0.055639
168.708687,-0.314529,0.107196,9.835747,0.091119,0.125160,0.058904
168.718586,-0.037167,-0.219273,9.725002,0.199268,0.077016,0.057063
168.728457,-0.069815,-0.164373,9.584199,0.274179,0.028528,0.063978
168.738354,-0.042649,-0.176117,9.755568,0.250037,-0.010476,0.059115
168.748229,-0.051558,-0.085755,9.748721,0.209743,-0.078331,0.059353
168.758132,-0.187593,-0.158628,9.647277,0.109133,-0.110708,0.066967
168.768002,-0.053209,-0.381507,9.618946,0.076091,-0.122636,0.051360
168.777902,-0.211671,-0.039582,9.593216,-0.043907,-0.076172,0.050455
168.787776,-0.185559,-0.037314,9.652948,-0.137345,-0.070755,0.050102
168.797678,-0.155543,-0.105083,9.766401,-0.135588,-0.055843,0.053209
168.807545,-0.172809,-0.050772,9.758565,-0.171796,-0.051695,0.068173
168.817435,0.082750,-0.074970,8.775887,-0.185082,0.028990,0.077513
168.827316,-0.093547,-0.060523,7.970576,-0.346663,0.050999,0.059754
168.837289,-0.168893,-0.028283,7.482984,-0.367320,-0.007446,0.049678
168.847086,0.108075,0.019824,6.896010,-0.436368,-0.003116,0.051456
168.856981,0.075606,-0.021113,6.326550,-0.483563,-0.070045,0.028742
168.866859,-0.144450,-0.162610,5.750251,-0.590846,-0.055744,0.039616
168.876765,-0.044910,-0.164661,5.355900,-0.740092,-0.006254,0.057062
168.886633,-0.098693,-0.108521,4.929828,-0.822744,0.016823,0.060939
168.896527,-0.107860,-0.045714,4.564079,-0.917210,0.021123,0.065312
168.906406,-0.081156,-0.088534,4.260289,-1.026802,0.001678,0.067173
168.916309,-0.048036,-0.147959,4.223987,-1.154434,-0.012116,0.069754
168.926181,-0.077042,-0.190034,4.324032,-1.292609,0.040997,0.074973
168.936072,-0.548493,0.262433,13.655821,-0.130391,0.998009,0.102185
168.945954,6.498079,0.073994,46.446119,9.801764,-0.353599,-0.074140
168.955860,1.574910,0.426483,29.592479,-0.454498,2.011784,0.579708
168.965723,0.817302,0.493101,5.284610,-0.901886,2.654274,0.350182
168.975618,-0.429840,-0.270058,1.706692,-1.032934,2.259869,0.323833
168.985497,1.579059,0.698043,6.449166,1.156619,-0.417388,0.274464
168.995400,0.196453,0.002156,3.888949,1.555631,-1.170383,0.182692
169.005268,1.960090,-0.005524,7.605548,-0.383893,-2.894934,0.671235
169.015163,2.231247,0.933574,15.813203,-0.999154,-0.509836,0.644906
169.025041,2.858002,0.648928,19.171427,0.160049,0.978635,0.556741
169.034945,2.213035,0.422872,11.862698,0.636997,1.511582,0.529610
169.044814,1.089531,0.014941,3.687505,-0.249881,0.688475,0.644769
169.054709,0.792063,-0.008569,4.128867,0.156655,-1.360756,0.758824
169.064593,1.944907,0.621047,10.807905,-0.249202,-0.855231,0.705488
169.074491,2.014961,0.568637,14.657647,-0.153168,-0.053674,0.667295
169.084367,2.776919,0.526010,13.578973,0.158913,1.650270,0.568129
169.094258,1.357940,0.170885,4.025527,-0.090244,0.099863,0.516242
169.104132,1.275853,-0.055887,6.002886,-0.309829,-1.354242,0.583679
169.114042,2.199385,0.569167,13.514285,-0.070438,-0.540240,0.498153
169.123907,2.116380,0.726463,13.223900,0.187604,0.655781,0.358409
169.133802,1.760548,0.614527,9.305156,0.223127,0.506465,0.218972
169.143678,1.674360,0.580798,7.095747,0.056279,-0.103503,0.158601
169.153589,1.890343,0.575397,9.377132,0.035554,-0.369301,0.204321
169.163452,1.826242,0.736325,11.093986,-0.051129,-0.130756,0.175147
169.173347,1.035699,0.529483,10.335461,-0.002843,0.154573,-0.014982
169.183225,-0.310801,0.292604,9.455553,-0.053119,-0.070693,-0.045101
169.193130,-0.208671,-0.159436,10.132656,-0.036731,0.072621,-0.010053
169.203007,-0.296021,-0.160696,9.772780,-0.023110,-0.043095,0.019348
169.212895,-0.131587,-0.119230,9.983935,-0.007369,0.045619,-0.001125
169.222771,-0.303132,-0.059844,9.793262,0.006462,-0.016327,0.008513
169.232676,-0.144390,0.053256,9.855131,0.045703,-0.000601,-0.026251
169.242551,-0.260065,-0.021997,9.770856,0.033079,0.010403,-0.009068
169.252438,-0.221773,0.016604,9.843937,0.039602,0.012079,0.004132
169.262321,-0.189111,-0.006529,9.803759,0.026108,0.010273,0.018589
169.272222,-0.194706,-0.017942,9.835282,0.022106,0.033135,0.019818
169.282098,-0.182294,-0.019826,9.801514,-0.004449,0.003654,0.027570
169.291990,-0.229672,-0.035680,9.807124,-0.021741,0.012779,0.024698
169.301864,-0.292909,-0.039782,9.796921,-0.051302,-0.009184,0.019766
169.311767,-0.247857,-0.036451,9.737441,-0.043975,-0.016678,0.019188
169.321635,-0.183617,-0.023568,9.745307,-0.046443,-0.018094,0.018463
169.331531,-0.129542,-0.020616,9.728515,-0.029833,-0.006258,0.014447
169.341410,-0.103065,0.006123,9.808993,-0.021356,0.008639,0.024248
169.351316,-0.260230,0.025919,9.789958,-0.002543,0.021943,0.021325
169.361181,-0.385435,0.016177,9.788361,0.016337,0.017352,0.005803
169.371077,-0.409477,0.003969,9.760557,0.029077,-0.005854,-0.033669
169.380962,-0.224819,-0.040255,9.779436,0.042803,-0.019272,-0.058207
169.390863,-0.136437,-0.073057,9.805674,0.032158,-0.016494,-0.034782
169.400728,-0.203673,-0.094541,9.786687,-0.014528,0.001035,0.004599
169.410623,-0.271826,-0.060253,9.853039,-0.037116,0.000745,0.047023
169.420507,-0.187394,0.014152,9.736984,-0.034098,-0.002197,0.054506
169.430405,-0.138437,0.029729,9.823997,0.006082,0.025845,0.003770
169.440273,-0.374151,-0.040733,9.764667,0.032620,0.014000,-0.040368
169.450168,-0.324249,-0.112472,9.823608,0.027946,-0.038603,-0.062601
169.460044,-0.002456,-0.069677,9.736420,-0.015079,-0.051752,0.026629
169.469949,-0.134203,0.074257,9.800846,-0.043006,0.041256,0.074650
169.479817,-0.379634,0.034547,9.847137,-0.023554,0.020526,-0.028720
169.489712,-0.304107,-0.184197,9.771486,0.026943,-0.030399,-0.074353
169.499595,-0.055349,-0.072249,9.790098,0.016930,-0.037675,-0.000597
169.509494,-0.237515,0.041194,9.786991,-0.046476,0.028847,0.064764
169.519362,-0.279243,-0.040282,9.814734,-0.008375,0.010586,-0.006627
169.529263,-0.250148,-0.084016,9.785863,0.055816,-0.030576,-0.079684
169.539136,-0.083799,-0.104493,9.835456,-0.014112,-0.018015,0.040275
169.549043,-0.204986,-0.039601,9.721892,-0.042424,0.026721,0.074266
169.558907,-0.338599,0.032315,9.871609,0.038012,0.011963,-0.062256
169.568803,-0.068155,-0.142973,9.730450,0.023524,-0.060480,-0.011897
169.578680,-0.165052,0.051121,9.749796,-0.023225,0.036069,0.067666
169.588583,-0.364952,0.002816,9.912713,0.004663,0.019897,-0.048547
169.598453,-0.056907,-0.179173,9.732927,0.020206,-0.058244,-0.019588
169.608349,-0.239515,0.080979,9.800147,-0.027069,0.053121,0.048697
169.618225,-0.281264,-0.089070,9.837233,0.005151,-0.012854,-0.030768
169.628139,-0.059146,-0.015915,9.786695,0.034598,-0.018931,-0.035589
169.638003,-0.289215,-0.144191,9.793344,-0.037321,0.030254,0.051153
169.647893,-0.197698,0.061101,9.806679,0.035660,-0.011213,-0.046044
169.657772,-0.138627,-0.110966,9.780847,-0.026265,-0.017949,0.034476
169.667675,-0.336548,0.006101,9.791788,0.012579,0.033293,-0.039761
169.677554,-0.043794,-0.124616,9.875545,-0.010847,-0.044348,0.028397
169.687438,-0.320241,0.007715,9.600976,-0.008895,0.037751,-0.013844
169.697324,-0.147231,-0.092634,10.009640,-0.004592,-0.006829,0.004991
169.707220,-0.233005,0.031557,9.543735,-0.004011,-0.021064,-0.007600
169.717095,-0.204188,-0.058184,10.035981,-0.006991,0.034987,0.005339
169.726984,-0.249814,-0.019457,9.593463,0.011061,-0.047810,-0.009648
169.736864,-0.143310,-0.064795,9.942920,-0.006074,0.041529,0.016290
169.746776,-0.278359,-0.008353,9.696778,0.018421,-0.037433,-0.023546
169.756635,-0.135571,-0.137888,9.842594,-0.012740,0.017377,0.033776
169.766531,-0.242594,0.094853,9.787996,0.025196,-0.010619,-0.040261
169.776408,-0.212560,-0.214630,9.774669,-0.015825,0.006193,0.043083
169.786313,-0.175946,0.199384,9.895702,0.024038,-0.001064,-0.044656
169.796183,-0.251462,-0.283274,9.671877,-0.025003,-0.001540,0.030904
169.806077,-0.121773,0.181976,9.938278,0.019476,0.005818,-0.021520
169.815955,-0.308691,-0.211050,9.616477,-0.009674,-0.011036,-0.001730
169.825864,-0.053977,0.068974,9.989953,0.001076,0.006640,0.023068
169.835727,-0.370169,-0.000714,9.576206,0.008837,-0.010819,-0.036491
169.845623,0.001380,-0.131639,9.972374,-0.013518,0.001715,0.044284
169.855499,-0.385932,0.133759,9.625551,0.015044,0.002759,-0.045424
169.865404,-0.063401,-0.252173,9.912963,-0.016137,-0.000429,0.034266
169.875272,-0.332331,0.123343,9.705046,0.007399,0.000514,-0.018356
169.885172,-0.104166,-0.153499,9.857479,0.000200,-0.003484,-0.005187
169.895044,-0.232620,-0.036115,9.664559,0.012759,-0.013478,0.017984
169.904953,-0.134680,0.029024,9.857428,0.026928,0.025007,-0.024016
169.914822,-0.222308,-0.232069,9.719036,-0.003163,-0.007817,0.044427
169.924712,-0.200398,0.152687,9.777565,0.014443,0.000279,-0.024492
169.934592,-0.185503,-0.193055,9.786257,-0.009586,-0.004122,0.002034
169.944496,-0.270403,0.013580,9.827990,-0.010458,-0.001547,0.000417
169.954364,-0.158842,-0.027111,9.770022,-0.007658,-0.007574,-0.012908
169.964261,-0.202516,-0.113778,9.818464,-0.018102,0.011555,0.011797
169.974141,-0.272824,0.047984,9.768669,-0.008149,-0.012837,-0.017714
169.984041,-0.136263,-0.129817,9.801992,0.001186,0.004118,0.006128
169.993914,-0.263542,-0.025380,9.766787,-0.000772,0.003049,-0.002952
170.003804,-0.193477,-0.053994,9.791347,0.004769,0.000344,0.000741
170.013681,-0.187588,-0.070923,9.799710,0.001286,-0.002821,0.003042
170.023586,-0.237381,-0.046366,9.768920,0.003445,0.009230,0.000391
170.033461,-0.208996,-0.032342,9.812888,0.002710,-0.002605,0.003172
170.043350,-0.202478,-0.050832,9.759152,-0.001486,0.002829,-0.007410
170.053228,-0.221234,-0.062969,9.813940,-0.008363,0.000062,0.010570
170.063135,-0.230591,-0.028657,9.812278,-0.001243,0.000491,-0.008038
170.073003,-0.195477,-0.104065,9.805538,-0.001277,0.003167,-0.001376
170.082901,-0.222606,-0.060728,9.778651,-0.004440,0.003254,0.009222
170.092774,-0.181480,-0.050975,9.809549,0.005908,0.005282,-0.005669
170.102677,-0.218965,-0.058896,9.787761,-0.000720,0.000072,-0.002717
170.112547,-0.222330,-0.048254,9.793620,0.001480,-0.000859,0.001477
170.122440,-0.205115,-0.057920,9.791073,-0.000275,-0.001695,0.006530
170.132323,-0.214750,-0.014459,9.792707,-0.000241,0.003367,-0.010297
170.142222,-0.198598,-0.069054,9.804555,-0.004928,0.004340,0.002908
170.152091,-0.210819,-0.061586,9.797967,0.000670,-0.005065,0.002920
170.161986,-0.218905,-0.043352,9.807275,0.001175,0.001791,-0.003463
170.171868,-0.223863,-0.024210,9.792946,-0.000372,-0.002289,0.003142
170.181770,-0.189328,-0.055782,9.814512,0.002465,0.006008,0.002755
170.191638,-0.228178,-0.074590,9.787382,0.001040,-0.006549,0.002897
170.201532,-0.223035,-0.004836,9.797659,-0.001699,0.004812,-0.000043
170.211410,-0.207468,-0.045137,9.787131,-0.000792,0.003530,-0.005854
170.221322,-0.194249,-0.037132,9.809278,0.002153,-0.002992,-0.000624
170.231188,-0.216246,-0.057087,9.802661,-0.003177,0.001706,0.000628
170.241078,-0.232695,-0.036294,9.788799,-0.003789,0.002667,0.001801
170.250957,-0.195400,-0.052666,9.796515,-0.000548,-0.001061,-0.001895
170.260861,-0.189795,-0.051158,9.778994,0.001284,-0.001004,-0.000724
170.270732,-0.205392,-0.047845,9.792241,-0.003428,0.001691,-0.001027
170.280628,-0.217958,-0.038188,9.790319,0.000536,0.001588,0.006088
170.290507,-0.209709,-0.019656,9.788237,0.001533,0.003361,-0.002780
170.300407,-0.231087,-0.048014,9.792459,0.003087,-0.002243,0.000217
170.310273,-0.231019,-0.067596,9.772819,0.003463,0.001626,-0.000489
170.320178,-0.206355,-0.054064,9.801449,0.001662,0.002888,0.000730
170.330054,-0.198890,-0.037073,9.811466,-0.001450,0.002129,-0.001155
170.339953,-0.212014,-0.049041,9.821901,0.001594,-0.004509,0.003510
170.349821,-0.222000,-0.071024,9.801680,-0.003209,0.001211,0.003825
170.359717,-0.210453,-0.041752,9.812371,0.003520,0.001295,-0.000887
170.369592,-0.212652,-0.060825,9.806167,-0.000214,-0.005757,0.000398
170.379497,-0.208255,-0.039049,9.806684,-0.000316,0.001588,-0.003214
170.389365,-0.209280,-0.053780,9.777616,-0.000637,-0.000846,-0.002362
170.399269,-0.226482,-0.060898,9.796871,0.004498,0.001732,0.001917
170.409138,-0.231668,-0.036509,9.777462,0.003502,-0.004753,-0.000806
170.419045,-0.225515,-0.055513,9.803984,0.002276,0.005134,-0.004644
170.428911,-0.227953,-0.036555,9.775921,0.002079,-0.001798,0.002469
170.438816,-0.215916,-0.061154,9.790750,-0.000034,0.002560,0.002326
170.448683,-0.213904,-0.052727,9.782848,0.002819,-0.000537,-0.000342
170.458597,-0.196565,-0.058213,9.800048,-0.000739,-0.003281,-0.000856
170.468457,-0.212294,-0.047331,9.819289,-0.001298,-0.000786,-0.001030
170.478356,-0.209602,-0.068786,9.806844,0.003980,-0.001089,-0.001585
170.488233,-0.196232,-0.052542,9.803672,-0.002008,0.000130,-0.001920
170.498136,-0.206508,-0.042317,9.809395,-0.000713,0.000689,0.000347
170.508005,-0.222977,-0.041431,9.796555,-0.000306,0.000198,-0.000573
170.517906,-0.201967,-0.030644,9.805948,-0.002837,-0.002480,0.002611
170.527775,-0.211729,-0.068620,9.803337,0.003560,0.003251,-0.000694
170.537679,-0.214039,-0.049456,9.791550,0.000442,-0.002121,-0.001803
170.547548,-0.203867,-0.042969,9.772426,-0.002553,0.003961,-0.000073
170.557448,-0.207231,-0.058711,9.787737,0.002033,-0.000346,0.001704
170.567321,-0.196497,-0.054663,9.799946,-0.003497,0.002330,0.000877
170.577224,-0.232881,-0.036819,9.789687,0.002398,-0.001109,0.002862
170.587093,-0.231078,-0.046170,9.804713,0.002139,-0.001468,0.000588
170.596989,-0.210017,-0.048008,9.794080,-0.000931,0.000782,-0.000341
170.606866,-0.211820,-0.051156,9.783754,0.002103,-0.000179,0.000785
170.616770,-0.217240,-0.053826,9.783365,0.001734,0.000100,-0.003129
170.626638,-0.238284,-0.041419,9.782209,0.000992,0.000165,-0.001163
170.636534,-0.228385,-0.040334,9.791578,0.003682,-0.001223,0.000231
170.646413,-0.224129,-0.024740,9.794128,0.003066,0.002157,-0.003024
170.656316,-0.212108,-0.055247,9.795655,0.000239,0.005730,-0.000632
170.666191,-0.217783,-0.057841,9.790337,-0.000421,0.002360,0.000485
170.676081,-0.204310,-0.051180,9.794829,-0.000038,0.002058,0.002947
170.685958,-0.201457,-0.033431,9.806258,-0.001957,0.001351,-0.001295
170.695868,-0.213821,-0.036272,9.801984,-0.003728,0.001498,0.000067
170.705729,-0.222345,-0.031920,9.792467,-0.001463,0.003377,0.000401
170.715625,-0.208011,-0.034892,9.790880,-0.000095,-0.000117,0.001082
170.725508,-0.214669,-0.051586,9.801783,0.000493,0.003329,-0.000099
170.735408,-0.218770,-0.026813,9.806936,0.003420,-0.005438,-0.001118
170.745279,-0.222523,-0.037449,9.807899,0.000718,-0.003234,0.002708
170.755171,-0.208842,-0.042326,9.799342,0.001309,0.002476,-0.003332
170.765051,-0.224238,-0.045411,9.810006,-0.002646,0.001300,0.002379
170.774953,-0.234339,-0.046467,9.805512,0.001453,-0.000807,0.003466
170.784824,-0.228943,-0.031722,9.819789,-0.000086,0.000515,-0.000044
170.794725,-0.223165,-0.041909,9.811043,0.001029,-0.001851,-0.002411
170.804597,-0.225801,-0.048409,9.797550,0.003122,-0.002635,0.000172
170.814498,-0.211659,-0.048746,9.800139,0.001363,-0.002210,0.003415
170.824367,-0.222092,-0.059563,9.795656,0.000617,0.002052,-0.000816
170.834263,-0.206032,-0.044110,9.784427,-0.002337,-0.000650,0.000635
170.844140,-0.217802,-0.044053,9.774525,0.003204,0.002989,0.000524
170.854044,-0.205502,-0.052622,9.798744,0.002028,0.001804,0.003619
170.863914,-0.222946,-0.046857,9.755023,-0.002414,0.010498,-0.003022
170.873808,-0.225750,-0.043177,9.774745,0.002707,-0.000655,0.000065
170.883686,-0.215787,-0.037413,9.793912,0.003665,0.001089,-0.005468
170.893590,-0.211157,-0.036677,9.803919,0.003854,-0.003942,-0.001533
170.903460,-0.221950,-0.048269,9.802259,0.001788,0.000653,0.002303
170.913358,-0.200737,-0.039127,9.799868,0.000684,0.004360,-0.001621
170.923231,-0.219220,-0.040698,9.798479,0.001406,-0.000086,0.000572
170.933135,-0.207023,-0.060045,9.804174,-0.001751,-0.003080,-0.000453
170.943007,-0.218044,-0.059500,9.804453,0.000714,0.002648,0.003398
170.952901,-0.205631,-0.066138,9.798427,-0.000578,-0.000083,0.000147
170.962786,-0.209257,-0.072327,9.795978,0.002631,0.000708,0.002633
170.972680,-0.200908,-0.078648,9.803525,-0.000758,0.000767,0.000439
170.982551,-0.219979,-0.056657,9.793448,0.002767,-0.000696,-0.001804
170.992444,-0.223200,-0.045365,9.788438,0.002215,-0.002562,-0.002904
171.002327,-0.218903,-0.044481,9.804390,0.001407,-0.001027,0.001021
171.012226,-0.216242,-0.049549,9.818096,0.000664,0.000052,-0.003986
171.022095,-0.212166,-0.040742,9.802300,-0.002590,0.000914,-0.001146
171.032000,-0.226762,-0.050093,9.812963,0.000237,-0.001407,0.002275
171.041869,-0.205083,-0.044206,9.819429,-0.002932,-0.002751,0.000196
171.051773,-0.203384,-0.041415,9.787394,-0.000934,-0.001883,-0.003253
171.061641,-0.216870,-0.024441,9.807045,-0.000646,0.003401,-0.003163
171.071540,-0.209980,-0.055848,9.814763,-0.001199,0.000679,-0.002569
171.081422,-0.220864,-0.057757,9.821701,-0.001166,0.004182,-0.001427
171.091318,-0.230824,-0.033997,9.790770,0.000200,0.000403,0.003813
171.101186,-0.227819,-0.057542,9.812025,0.001594,-0.002416,0.001801
171.111086,-0.204177,-0.065242,9.797011,-0.000463,-0.003939,-0.002390
171.120959,-0.218821,-0.050521,9.799933,0.002638,-0.000166,0.000307
171.130865,-0.214838,-0.057827,9.787927,-0.000866,0.003063,0.004360
171.140741,-0.214514,-0.058015,9.794053,0.000415,0.001098,0.000607
171.150631,-0.229224,-0.060031,9.788253,0.002276,0.001077,0.000862
171.160514,-0.200429,-0.061160,9.799305,0.000231,-0.000580,-0.000226
171.170414,-0.210194,-0.064332,9.822692,0.000225,-0.000158,0.004600
171.180278,-0.222660,-0.047847,9.798496,0.001312,-0.002602,0.002766
171.190173,-0.224829,-0.058544,9.799651,0.000385,0.002692,0.002381
171.200053,-0.212176,-0.065712,9.793275,0.001442,-0.001475,0.000527
171.209958,-0.199578,-0.066732,9.790283,0.000605,-0.000542,0.002530
171.219831,-0.212008,-0.053067,9.791909,0.001972,-0.000235,0.001326
171.229719,-0.212694,-0.049278,9.783831,-0.001132,-0.000779,-0.001800
171.239597,-0.207570,-0.034757,9.803335,0.000645,-0.002709,0.001915
171.249500,-0.202487,-0.042717,9.790855,0.000659,-0.002327,0.000184
171.259372,-0.210544,-0.046623,9.819317,-0.000713,0.000915,0.001847
171.269264,-0.206566,-0.064182,9.789505,0.001033,0.001349,-0.000453
171.279143,-0.211328,-0.037286,9.802402,0.000804,-0.000213,-0.002624
171.289049,-0.210893,-0.028835,9.822467,0.004187,-0.003493,-0.000786
171.298914,-0.206478,-0.047584,9.796554,0.000301,0.000381,-0.000933
171.308810,-0.214485,-0.051703,9.789467,-0.002617,0.002218,-0.004718
171.318698,-0.223755,-0.038111,9.797199,0.000693,-0.000969,-0.000011
171.328592,-0.229952,-0.028592,9.801631,0.002429,-0.001414,0.003302
171.338462,-0.205887,-0.041433,9.805798,-0.000296,0.001510,-0.004039
171.348360,-0.185503,-0.045253,9.818260,0.000042,0.000085,0.000592
171.358233,-0.208254,-0.046927,9.797885,0.000380,-0.000345,-0.003708
171.368145,-0.222716,-0.052814,9.810546,0.002482,-0.000872,0.003319
171.378006,-0.224385,-0.047020,9.811300,0.001481,-0.001610,0.003793
171.387901,-0.222485,-0.058901,9.810512,-0.000491,-0.000349,-0.003302
171.397779,-0.222329,-0.032541,9.808136,0.004774,-0.006693,0.002450
171.407685,-0.220446,-0.029550,9.797715,-0.001280,-0.000171,0.001983
171.417552,-0.217040,-0.027168,9.782011,0.000629,-0.001748,-0.002010
171.427448,-0.214352,-0.051905,9.775211,0.002689,-0.000374,-0.001958
171.437328,-0.211850,-0.063960,9.782310,-0.001313,0.003512,-0.000734
171.447230,-0.218966,-0.043232,9.793784,0.002832,0.002778,0.000782
171.457097,-0.215469,-0.030437,9.795128,0.000434,-0.003136,0.001872
171.466997,-0.220357,-0.020626,9.816025,0.002667,0.000319,0.002297
171.476870,-0.206349,-0.030596,9.782702,0.003813,-0.001043,0.002723
171.486775,-0.211976,-0.049530,9.803145,0.000316,0.002114,-0.001172
171.496648,-0.215559,-0.039776,9.816320,-0.001828,0.003015,0.001227
171.506540,-0.214497,-0.067916,9.807108,0.002080,0.001250,-0.000005
171.516417,-0.207594,-0.035236,9.799479,-0.000812,0.003883,-0.002480
171.526320,-0.221109,-0.042036,9.810913,0.000056,0.001088,-0.001054
171.536190,-0.207389,-0.056270,9.796132,0.000640,0.000454,0.001345
171.546085,-0.214425,-0.057184,9.786671,0.000532,-0.000720,-0.001132
171.555962,-0.212013,-0.026446,9.792678,-0.000452,-0.000666,-0.002508
171.565866,-0.207388,-0.021956,9.805402,0.002514,-0.000103,0.003013
171.575738,-0.211770,-0.027517,9.794953,0.002166,0.001266,-0.003749
171.585629,-0.221242,-0.045651,9.793190,0.001670,-0.001761,0.002140
171.595519,-0.218325,-0.034664,9.795568,0.001923,-0.004935,-0.003153
171.605417,-0.219618,-0.040009,9.802407,0.003618,0.000864,-0.003701
171.615282,-0.203990,-0.057595,9.806604,0.000322,0.003557,0.003286
171.625179,-0.216234,-0.039975,9.824440,-0.000357,-0.001477,-0.000220
171.635060,-0.224758,-0.066319,9.816333,0.002724,-0.001467,-0.000999
171.644960,-0.201536,-0.066798,9.824998,-0.000834,-0.001522,0.002681
171.654828,-0.208724,-0.036847,9.802825,0.000503,-0.002492,0.000322
171.664727,-0.202669,-0.035545,9.795584,-0.000451,0.002051,-0.001109
171.674604,-0.193102,-0.061519,9.795064,0.001876,0.005843,-0.000672
171.684505,-0.215299,-0.048045,9.809321,0.001427,0.003515,-0.000699
171.694378,-0.233214,-0.043964,9.800235,-0.001300,0.001430,0.000042
171.704270,-0.203695,-0.041536,9.800825,0.001700,0.001466,0.000696
171.714146,-0.207462,-0.052602,9.782492,-0.000422,-0.001597,-0.003193
171.724050,-0.202617,-0.061485,9.788830,-0.000052,0.001757,-0.003148
171.733919,-0.209923,-0.039279,9.801361,-0.001366,-0.005048,-0.000285
171.743819,-0.212115,-0.047079,9.815928,-0.000136,-0.000827,0.000402
171.753697,-0.215545,-0.052072,9.795819,0.000442,0.004285,-0.000825
171.763610,-0.208002,-0.065070,9.801993,-0.000665,0.000254,-0.001383
171.773466,-0.203047,-0.050575,9.795258,-0.002015,0.003428,-0.002875
171.783362,-0.211250,-0.039988,9.787750,0.001116,-0.003537,0.000859
171.793238,-0.209998,-0.043728,9.805463,-0.001575,0.002019,0.001072
171.803143,-0.214895,-0.041123,9.803570,0.001600,-0.000236,0.002241
171.813010,-0.209526,-0.042420,9.777437,0.000929,-0.000592,0.000928
171.822906,-0.219851,-0.050717,9.800172,0.000741,-0.003008,0.001205
171.832784,-0.225062,-0.064857,9.804780,0.002307,0.000593,0.002517
171.842696,-0.210680,-0.064511,9.787428,-0.000185,-0.000467,0.000266
171.852558,-0.214699,-0.062225,9.800591,-0.000317,0.005147,-0.002142
171.862456,-0.209489,-0.043888,9.790187,-0.001921,-0.000559,-0.002122
171.872334,-0.214664,-0.040106,9.805556,-0.000662,0.000935,0.001090
171.882231,-0.213105,-0.044773,9.783896,0.002956,-0.003596,-0.001063
171.892108,-0.193511,-0.036168,9.770835,0.003353,-0.002145,-0.001193
171.902000,-0.182826,-0.060129,9.803778,0.000727,-0.001669,-0.001679
171.911880,-0.214343,-0.064504,9.785937,-0.000684,0.001683,0.000261
171.921783,-0.214979,-0.039901,9.773996,0.001650,-0.002567,0.000149
171.931646,-0.207658,-0.051647,9.795672,-0.000369,-0.000758,0.000662
171.941546,-0.213974,-0.040183,9.797963,0.000144,0.000333,0.000466
171.951419,-0.202347,-0.044052,9.814621,0.000629,-0.000978,-0.000134
171.961327,-0.196768,-0.075322,9.793394,-0.001132,0.003071,-0.001727
171.971197,-0.206338,-0.074170,9.796389,0.002069,-0.000804,-0.002443
171.981087,-0.192938,-0.033779,9.787699,0.001601,-0.000237,0.001650
171.990969,-0.203474,-0.032665,9.777808,0.004822,-0.000476,0.001855
172.000876,-0.195507,-0.050296,9.790805,0.000743,-0.001169,0.000260
172.010738,-0.200377,-0.039909,9.810850,-0.003007,0.001256,-0.000025
172.020632,-0.205452,-0.035650,9.809936,0.001294,0.002075,-0.004807
172.030511,-0.227407,-0.031892,9.801879,0.001917,-0.004163,0.000520
172.040417,-0.220510,-0.054344,9.791970,-0.000119,0.000308,0.001949
172.050288,-0.201573,-0.068706,9.801415,0.002329,0.004286,-0.003801
172.060180,-0.207650,-0.061022,9.823023,0.001324,-0.000255,0.000878
172.070059,-0.245766,-0.073794,9.813816,-0.001027,0.003006,-0.001524
172.079960,-0.229096,-0.044070,9.813894,0.001791,-0.001974,0.002128
172.089832,-0.210694,-0.036781,9.778233,-0.002823,0.001899,0.001359
172.099727,-0.214012,-0.048551,9.795091,-0.003193,-0.001534,0.000648
172.109601,-0.230078,-0.026269,9.787652,0.001742,0.000679,-0.003038
172.119515,-0.221483,-0.022974,9.805122,0.001784,-0.000198,0.002908
172.129375,-0.231307,-0.044849,9.800464,0.001720,-0.000815,-0.000726
172.139272,-0.209060,-0.060521,9.798246,-0.001801,0.000880,-0.002529
172.149152,-0.209271,-0.043677,9.801563,-0.000397,0.001806,-0.003477
172.159051,-0.225726,-0.055046,9.806059,0.000879,0.004255,-0.001088
172.168923,-0.215615,-0.046752,9.806811,-0.000884,-0.001238,-0.001504
172.178818,-0.209400,-0.024025,9.808652,-0.001741,0.002185,-0.000227
172.188694,-0.206195,-0.041949,9.816875,0.001344,0.003337,-0.002115
172.198604,-0.228118,-0.067004,9.800758,0.000553,-0.001716,0.001476
172.208466,-0.212147,-0.054528,9.800706,-0.000891,0.000975,-0.000299
172.218369,-0.195759,-0.032414,9.807831,0.001903,-0.001804,-0.003198
172.228239,-0.196390,-0.030710,9.780490,-0.000836,0.001879,-0.000939
172.238143,-0.205555,-0.041483,9.790747,0.001942,-0.005393,-0.001324
172.248016,-0.205727,-0.048251,9.780620,0.000734,0.000820,0.001688
172.257914,-0.192889,-0.033994,9.793254,0.002033,0.000462,-0.003755
172.267787,-0.213437,-0.028852,9.819451,0.001040,-0.001692,-0.000098
172.277695,-0.214006,-0.040211,9.811368,0.003492,0.003083,-0.001568
172.287560,-0.217236,-0.046423,9.801161,0.000799,-0.001048,-0.005867
172.297461,-0.233401,-0.049823,9.806817,0.001613,0.000303,-0.001314
172.307340,-0.211111,-0.056511,9.789508,-0.000328,-0.001961,-0.002162
172.317234,-0.212025,-0.061613,9.803148,0.000406,-0.001442,-0.001663
172.327112,-0.203361,-0.034469,9.795347,0.002208,-0.000454,-0.001934
172.336998,-0.210367,-0.030749,9.815521,-0.000582,0.003123,0.001365
172.346876,-0.208368,-0.029577,9.819033,-0.001221,0.002779,-0.000812
172.356781,-0.214663,-0.029876,9.816356,-0.000687,0.002687,-0.000819
172.366655,-0.217362,-0.049081,9.806652,0.004420,-0.000533,0.002580
172.376548,-0.220773,-0.049968,9.796594,0.003194,0.001892,0.003353
172.386423,-0.208316,-0.053592,9.809209,0.001513,0.000712,-0.002163
172.396326,-0.213172,-0.042137,9.807606,0.000383,-0.000236,0.000395
172.406196,-0.203382,-0.044430,9.787323,0.001421,-0.000671,-0.001780
172.416097,-0.222960,-0.071482,9.797366,-0.001191,0.004225,-0.001008
172.425967,-0.218242,-0.058218,9.792516,0.001443,-0.000027,-0.000456
172.435872,-0.215823,-0.030806,9.806715,-0.000401,0.002354,0.001529
172.445754,-0.213342,-0.013063,9.804407,-0.000107,-0.005449,0.005516
172.455635,-0.205095,-0.046262,9.806033,-0.001710,-0.001224,0.002355
172.465512,-0.194934,-0.042477,9.788430,0.001462,0.000065,0.002046
172.475422,-0.224861,-0.047712,9.777489,-0.001316,0.006119,0.000911
172.485287,-0.223317,-0.025589,9.787847,0.000626,-0.002879,-0.002866
172.495180,-0.202132,-0.048645,9.803963,-0.000107,-0.000768,-0.003468
172.505061,-0.210023,-0.056416,9.790684,-0.002355,0.000162,0.001953
172.514964,-0.207087,-0.061095,9.795097,0.002305,0.001313,-0.001656
172.524835,-0.212423,-0.046647,9.817013,0.002634,0.000023,-0.001597
172.534729,-0.219951,-0.056342,9.811876,-0.002401,-0.000443,0.002083
172.544610,-0.222036,-0.029328,9.786405,0.002440,-0.002535,0.000879
172.554508,-0.210391,-0.041868,9.763334,0.000484,-0.000735,-0.002823
172.564378,-0.210752,-0.055900,9.780525,0.000644,-0.001431,-0.000219
172.574281,-0.202239,-0.048860,9.785555,-0.002343,0.002489,0.003608
172.584153,-0.209243,-0.062260,9.787409,0.002405,0.000056,-0.002225
172.594062,-0.216086,-0.036474,9.787414,0.001107,-0.004330,-0.002089
172.603927,-0.215043,-0.058676,9.795766,0.000916,0.000176,-0.002436
172.613819,-0.205644,-0.046259,9.791895,0.000743,0.005046,0.000203
172.623696,-0.215207,-0.054245,9.797726,-0.001456,0.001143,0.001521
172.633602,-0.221257,-0.049700,9.793224,0.003516,-0.002638,0.000319
172.643468,-0.209870,-0.035251,9.799668,0.000557,-0.000630,0.000274
172.653365,-0.219095,-0.048648,9.782953,0.001994,0.000745,0.000466
172.663242,-0.216355,-0.058134,9.793023,-0.000091,-0.003643,-0.000143
172.673145,-0.198915,-0.060642,9.801905,-0.000722,0.000044,0.000451
172.683014,-0.205689,-0.058550,9.783550,-0.000143,0.001022,0.002036
172.692909,-0.211674,-0.050476,9.781767,0.001012,-0.000579,-0.001362
172.702792,-0.210297,-0.045133,9.803662,-0.001035,-0.000203,0.000019
172.712696,-0.212047,-0.042943,9.797640,0.001111,-0.003332,-0.000432
172.722561,-0.204639,-0.038972,9.803573,0.002548,-0.003171,0.003869
172.732464,-0.194647,-0.057411,9.795918,-0.001904,0.000639,0.004516
172.742333,-0.224984,-0.066800,9.782170,0.000165,-0.001320,0.001454
172.752242,-0.233158,-0.050183,9.786742,0.002670,-0.001495,-0.000372
172.762105,-0.226652,-0.054442,9.797173,0.000421,-0.005256,0.002728
172.772002,-0.204054,-0.047128,9.786857,0.000943,0.001782,0.001715
172.781882,-0.199913,-0.064292,9.802062,0.000873,0.000175,0.001012
172.791783,-0.198530,-0.060425,9.792819,-0.001180,0.000730,-0.000383
172.801652,-0.202147,-0.041958,9.793488,0.000841,-0.001870,-0.004100
172.811546,-0.215640,-0.032919,9.775453,-0.003891,0.001817,0.000303
172.821425,-0.215053,-0.038972,9.798357,-0.001334,0.003781,0.000310
172.831334,-0.212367,-0.044966,9.799056,-0.001039,0.001882,-0.001861
172.841199,-0.214615,-0.052455,9.814712,-0.000268,-0.003249,-0.003386
172.851095,-0.210797,-0.053161,9.814174,-0.000340,0.006876,-0.002782
172.860969,-0.218009,-0.029672,9.805478,0.001160,-0.000331,-0.001400
172.870874,-0.213999,-0.038925,9.805605,0.001214,0.001977,-0.003468
172.880744,-0.227163,-0.035039,9.806596,-0.000127,0.000248,0.001469
172.890640,-0.212402,-0.045339,9.792890,0.001184,0.001581,-0.000467
172.900522,-0.212190,-0.059713,9.795288,0.004468,-0.004445,-0.002341
172.910423,-0.211562,-0.058480,9.810689,0.001790,0.004351,-0.001809
172.920290,-0.207634,-0.057217,9.810196,-0.000362,0.002477,-0.004666
172.930186,-0.222010,-0.052245,9.796471,0.000556,-0.000893,-0.000588
172.940063,-0.224411,-0.055937,9.788428,0.001689,-0.003536,-0.003083
172.949965,-0.221586,-0.048266,9.791639,-0.000201,-0.003428,0.003346
172.959835,-0.208802,-0.033451,9.783910,-0.000978,0.000778,-0.001487
172.969730,-0.227479,-0.052770,9.786982,-0.000773,0.000874,-0.004814
172.979612,-0.215598,-0.048347,9.796448,0.002294,-0.001331,-0.001419
172.989513,-0.214249,-0.053069,9.803515,-0.000490,0.002724,-0.000911
172.999379,-0.194714,-0.045894,9.801509,-0.002998,-0.001796,-0.000107
173.009274,-0.198226,-0.050364,9.794203,-0.000488,-0.005453,0.002215
173.019152,-0.202750,-0.025953,9.793336,-0.000209,0.004194,0.000607
173.029061,-0.216955,-0.041778,9.791746,0.002018,0.002235,0.000560
173.038927,-0.200540,-0.039894,9.797061,-0.002238,0.001901,0.000800
173.048821,-0.213481,-0.046344,9.790263,0.000844,0.003236,-0.001248
173.058701,-0.217434,-0.061611,9.788687,0.000389,-0.000752,0.001016
173.068602,-0.227911,-0.043351,9.803271,0.000471,0.001898,-0.000607
173.078472,-0.233122,-0.041081,9.797381,0.000448,0.000147,0.000094
173.088367,-0.212658,-0.034810,9.801768,-0.000825,0.000133,-0.001374
173.098248,-0.220942,-0.028487,9.803229,-0.000774,-0.005299,-0.001121
173.108156,-0.211995,-0.032372,9.794623,0.002174,-0.002872,-0.000527
173.118017,-0.206304,-0.032144,9.774325,0.001108,-0.001633,-0.000720
173.127912,-0.209498,-0.039588,9.788896,0.002040,0.000570,-0.002710
173.137790,-0.213243,-0.023615,9.807286,0.002167,-0.000086,0.002330
173.147694,-0.198066,-0.045348,9.810561,-0.002805,-0.001860,0.001287
173.157562,-0.221015,-0.034118,9.797902,0.001408,-0.001407,-0.003028
173.167460,-0.222644,-0.030739,9.802511,-0.000636,0.000429,0.001873
173.177336,-0.226774,-0.040558,9.806694,-0.000316,-0.001937,0.004037
173.187248,-0.218483,-0.036265,9.781335,0.002093,-0.002684,-0.004621
173.197114,-0.212878,-0.034939,9.771241,-0.000306,-0.002948,-0.001715
173.207005,-0.196570,-0.035734,9.804119,0.002942,-0.000550,0.000166
173.216881,-0.203061,-0.042045,9.816986,0.002622,-0.005036,-0.001750
173.226789,-0.205983,-0.047112,9.795258,0.001260,0.001888,0.001855
173.236655,-0.207575,-0.034213,9.807492,0.001952,-0.004992,-0.002498
173.246552,-0.213028,-0.040446,9.800185,0.002972,-0.001091,0.002924
173.256426,-0.225304,-0.059150,9.790805,0.001291,-0.000441,-0.000183
173.266335,-0.216824,-0.055214,9.792177,0.001157,0.001520,0.001864
173.276205,-0.198213,-0.043520,9.787191,-0.002959,0.000742,-0.003179
173.286099,-0.200303,-0.062415,9.785680,-0.001261,-0.000694,-0.001537
173.295976,-0.212047,-0.045606,9.812429,0.001442,0.000373,-0.002709
173.305884,-0.210265,-0.042827,9.807374,0.000914,0.000905,-0.000328
173.315749,-0.201721,-0.061426,9.802243,-0.001541,0.002969,0.000309
173.325640,-0.215355,-0.050628,9.790981,0.002941,-0.002881,-0.000274
173.335519,-0.207137,-0.047409,9.803033,0.003107,-0.002873,0.001049
173.345423,-0.214407,-0.046299,9.812374,0.001415,0.003245,0.002046
173.355292,-0.206216,-0.070201,9.805345,0.001559,-0.002258,0.000878
173.365190,-0.198302,-0.056811,9.790632,0.000103,-0.001960,0.000620
173.375073,-0.220840,-0.035884,9.801716,0.002399,-0.001870,-0.000375
173.384968,-0.221554,-0.057589,9.798769,0.002934,0.001205,-0.000889
173.394840,-0.214555,-0.062603,9.778853,0.001507,0.004301,0.001183
173.404732,-0.184094,-0.033105,9.783197,-0.001008,-0.003474,-0.000155
173.414609,-0.202223,-0.040694,9.794152,-0.000145,0.001190,-0.003023
173.424515,-0.206713,-0.040707,9.803480,0.004866,-0.003208,-0.001036
173.434382,-0.206816,-0.022126,9.810675,0.000971,0.000600,0.001010
173.444282,-0.213047,-0.031349,9.809585,0.000355,0.000237,0.003742
173.454156,-0.215172,-0.014951,9.799876,-0.000043,0.001429,0.000285
173.464060,-0.208070,-0.010147,9.807453,0.002291,0.001646,0.000618
173.473928,-0.213281,-0.026453,9.805172,0.000030,-0.001717,0.000796
173.483828,-0.237492,-0.030371,9.817232,0.001681,0.002474,-0.001269
173.493702,-0.234395,-0.053769,9.798766,-0.000657,-0.002406,-0.000256
173.503607,-0.213408,-0.037561,9.799400,0.002006,-0.001360,0.001229
173.513475,-0.210033,-0.044966,9.789097,-0.003622,0.002051,-0.002363
173.523369,-0.210755,-0.064516,9.798364,0.000516,0.002313,-0.002244
173.533246,-0.230876,-0.061374,9.778400,-0.001359,0.002655,-0.003560
173.543153,-0.217300,-0.053750,9.763350,-0.000652,0.001098,-0.000522
173.553019,-0.209569,-0.075529,9.800737,0.000282,0.003429,-0.000493
173.562914,-0.227375,-0.066585,9.805798,0.005090,0.002264,-0.000618
173.572793,-0.213314,-0.034768,9.794044,0.002308,0.002108,0.000990
173.582706,-0.208804,-0.040214,9.795950,0.001247,-0.002193,-0.001952
173.592572,-0.211179,-0.052460,9.799124,-0.000676,-0.002512,0.002273
173.602459,-0.213620,-0.052359,9.796934,0.002660,-0.000748,-0.003110
173.612343,-0.227775,-0.049991,9.797607,0.004300,-0.002306,0.002961
173.622242,-0.228629,-0.051302,9.777367,-0.000214,0.004699,0.000382
173.632112,-0.208647,-0.044518,9.788995,0.002362,-0.004255,-0.001665
173.642010,-0.216756,-0.064531,9.805035,-0.000644,-0.000065,-0.000534
173.651888,-0.202085,-0.058292,9.805328,0.002323,0.003445,0.002878
173.661789,-0.209487,-0.081085,9.788163,0.001422,-0.003992,-0.000768
173.671657,-0.206791,-0.056800,9.809785,0.000298,-0.001358,0.000587
173.681551,-0.196837,-0.048688,9.801889,0.002491,-0.000914,-0.001921
173.691431,-0.216118,-0.040638,9.803113,-0.001464,0.000015,-0.001105
173.701334,-0.219536,-0.035022,9.791504,-0.001188,-0.001421,-0.000802
173.711207,-0.218949,-0.039191,9.807008,-0.000346,-0.000883,-0.000687
173.721099,-0.219189,-0.022840,9.798714,-0.000886,0.002748,-0.000614
173.730976,-0.212585,-0.020488,9.790979,-0.001031,-0.001285,-0.000739
173.740879,-0.213315,-0.052484,9.794313,0.004325,-0.004849,-0.000735
173.750750,-0.197750,-0.054503,9.788611,0.000704,-0.003363,-0.000683
173.760642,-0.198726,-0.031226,9.773098,-0.000159,0.001079,-0.001951
173.770529,-0.223202,-0.040312,9.786389,0.001566,0.003778,0.000547
173.780427,-0.223003,-0.049102,9.805373,-0.001384,-0.002567,0.001145
173.790293,-0.212743,-0.040825,9.803179,-0.001181,-0.002579,-0.001964
173.800193,-0.208436,-0.029828,9.793596,0.000672,-0.000994,-0.001514
173.810073,-0.209386,-0.050562,9.801963,-0.004132,-0.005168,0.001861
173.819970,-0.220775,-0.040314,9.796827,0.003321,-0.000434,0.001350
173.829840,-0.210743,-0.057624,9.790570,0.000656,0.000131,-0.003485
173.839738,-0.203340,-0.067177,9.809587,-0.001962,0.000555,-0.002390
173.849612,-0.208804,-0.064975,9.799305,0.001725,-0.000916,0.001038
173.859516,-0.208413,-0.033291,9.793996,-0.000693,-0.002839,-0.000442
173.869386,-0.197289,-0.041502,9.789561,0.003330,0.000272,0.000645
173.879282,-0.203700,-0.045034,9.796758,-0.000608,0.002277,0.000738
173.889157,-0.223128,-0.054524,9.788645,0.002194,-0.003454,0.003222
173.899070,-0.209255,-0.059348,9.784119,-0.000463,0.001353,0.000137
173.908931,-0.193695,-0.049147,9.791205,-0.000418,0.001001,0.002505
173.918830,-0.194321,-0.043981,9.798089,0.001243,0.000993,0.000627
173.928709,-0.210113,-0.040893,9.821315,-0.000705,0.001524,-0.001641
173.938607,-0.213944,-0.033553,9.818868,-0.001270,-0.000920,0.001851
173.948481,-0.196765,-0.036534,9.802870,-0.000294,0.002852,0.002699
173.958371,-0.191757,-0.026711,9.798844,0.000406,-0.004114,-0.003204
173.968252,-0.222940,-0.041492,9.777414,-0.002222,0.005596,-0.001845
173.978158,-0.220224,-0.059080,9.798867,0.001052,0.002424,0.003076
173.988022,-0.215788,-0.049170,9.808951,0.000978,-0.002085,-0.000307
173.997929,-0.222436,-0.054157,9.807708,0.001807,-0.000260,0.000980
174.007802,-0.218143,-0.052699,9.818449,0.000865,-0.002282,0.000918
174.017702,-0.198628,-0.039573,9.801442,0.001220,0.001327,0.000051
174.027577,-0.196410,-0.049139,9.811567,0.000656,-0.005196,-0.001989
174.037472,-0.205331,-0.057085,9.812567,-0.001275,0.001858,-0.003558
174.047344,-0.218183,-0.051207,9.803755,0.000351,-0.000758,-0.000526
174.057248,-0.215577,-0.043141,9.810247,-0.001804,0.003283,0.000248
174.067116,-0.204295,-0.030459,9.812230,-0.000293,0.004498,0.001250
174.077014,-0.223793,-0.042507,9.795103,-0.002489,-0.001550,0.000755
174.086894,-0.225342,-0.047255,9.810270,-0.001915,-0.000113,-0.000324
174.096796,-0.213936,-0.056433,9.808349,0.000831,0.003531,0.002444
174.106666,-0.203306,-0.055873,9.775186,-0.001500,0.003461,0.000487
174.116566,-0.209098,-0.041254,9.780601,0.002300,-0.000997,0.002041
174.126436,-0.216792,-0.046131,9.799381,0.004210,-0.000205,0.000133
174.136341,-0.210534,-0.027114,9.779833,0.001402,0.000720,0.001283
174.146207,-0.210288,-0.045106,9.805796,0.004607,-0.001426,0.001612
174.156103,-0.198991,-0.064828,9.809323,0.002047,0.004737,0.000179
174.165981,-0.199610,-0.058148,9.809893,0.002799,-0.001784,0.001966
174.175885,-0.203552,-0.058936,9.794158,0.001723,-0.002127,-0.002309
174.185754,-0.218850,-0.039723,9.796711,0.002627,-0.002555,0.002510
174.195650,-0.215323,-0.036000,9.818306,0.000908,0.006070,-0.001194
174.205529,-0.227797,-0.056387,9.821469,0.000066,-0.000797,-0.002766
174.215432,-0.215022,-0.068500,9.795522,0.002684,0.005471,-0.000177
174.225301,-0.219064,-0.046309,9.768283,0.001889,-0.000690,-0.000677
174.235204,-0.216344,-0.030238,9.782622,0.000739,-0.003283,0.000703
174.245072,-0.214462,-0.042730,9.804750,-0.000302,0.000956,-0.000777
174.254986,-0.213690,-0.061272,9.801008,0.000162,-0.000930,0.001738
174.264843,-0.214134,-0.035376,9.793805,0.003128,-0.001936,-0.005654
174.274739,-0.199287,-0.044320,9.792184,0.005304,-0.004794,0.003644
174.284615,-0.203515,-0.052539,9.797603,-0.000188,0.001319,0.002056
174.294523,-0.202047,-0.052950,9.778620,0.002912,-0.005106,0.000649
174.304389,-0.203591,-0.048190,9.797183,-0.001438,0.002427,0.002110
174.314283,-0.209998,-0.060020,9.792811,-0.000231,0.000665,0.002150
174.324173,-0.215602,-0.057414,9.814094,0.002381,-0.001709,-0.003533
174.334074,-0.209228,-0.036599,9.799845,0.004106,0.000316,-0.000826
174.343934,-0.204902,-0.048494,9.782323,0.002310,-0.000513,0.002555
174.353839,-0.200114,-0.039756,9.788051,-0.002144,0.005125,0.000538
174.363711,-0.207035,-0.043980,9.801965,0.001748,-0.001539,-0.000151
174.373613,-0.229570,-0.043459,9.794492,0.000064,-0.001174,0.000825
174.383485,-0.207512,-0.054483,9.816922,0.000940,-0.003095,-0.000886
174.393376,-0.218077,-0.056245,9.790032,0.000846,-0.002708,-0.000333
174.403254,-0.206061,-0.045493,9.789393,-0.001830,-0.000242,0.004808
174.413156,-0.204206,-0.046968,9.778273,0.002328,0.001893,-0.001686
174.423032,-0.203246,-0.056828,9.784783,-0.002912,0.002400,0.001699
174.432926,-0.216246,-0.078732,9.796986,-0.000183,0.001184,-0.003277
174.442799,-0.216303,-0.049492,9.806701,0.003104,-0.001751,-0.000745
174.452712,-0.217286,-0.033067,9.798004,0.000861,0.002171,-0.002828
174.462573,-0.202011,-0.041083,9.794043,0.001891,-0.000711,0.002510
174.472466,-0.211568,-0.035690,9.789214,0.000470,-0.001404,0.001569
174.482345,-0.210227,-0.056798,9.798860,0.002340,-0.001828,0.000797
174.492252,-0.215668,-0.053745,9.784782,0.001580,0.001958,0.000390
174.502119,-0.213783,-0.038555,9.803235,-0.001054,-0.000430,-0.000678
174.512013,-0.218428,-0.054397,9.807161,-0.001403,-0.000998,0.001282
174.521890,-0.203678,-0.061944,9.787720,0.000737,-0.005844,-0.000613
174.531794,-0.193620,-0.040311,9.791285,0.001832,0.002865,0.003450
174.541665,-0.197141,-0.067069,9.816260,-0.002160,-0.001597,0.001155
174.551558,-0.215827,-0.032949,9.805610,-0.000335,0.001729,0.001660
174.561439,-0.221057,-0.025292,9.791971,-0.002421,0.003141,-0.000417
174.571341,-0.205103,-0.041768,9.807872,0.001414,-0.002043,-0.002262
174.581211,-0.212668,-0.061437,9.812323,0.001293,0.003131,0.005315
174.591105,-0.227715,-0.046388,9.799134,0.002578,0.000293,0.003766
174.600982,-0.211405,-0.045463,9.799259,-0.001863,-0.002667,0.000466
174.610886,-0.207844,-0.055169,9.815815,0.000227,-0.003014,-0.000477
174.620755,-0.214729,-0.054891,9.807642,0.003714,-0.004834,0.000831
174.630649,-0.211977,-0.049149,9.807625,-0.003229,0.001404,0.001413
174.640529,-0.199522,-0.059827,9.813545,0.005743,0.001650,0.000856
174.650436,-0.220223,-0.053656,9.809946,-0.001457,0.002089,-0.000237
174.660302,-0.205091,-0.051405,9.794980,0.001240,0.006955,-0.001960
174.670203,-0.202950,-0.038200,9.804958,-0.000472,-0.002339,-0.000570
174.680073,-0.207684,-0.047963,9.804964,-0.002723,0.001213,-0.000174
174.689985,-0.211826,-0.037943,9.801245,-0.000342,0.003560,-0.001711
174.699845,-0.212613,-0.037178,9.807007,-0.001089,-0.003037,0.000470
174.709742,-0.218791,-0.052046,9.792354,-0.001388,-0.000160,0.002522
174.719620,-0.205931,-0.047086,9.790627,0.000241,0.001026,-0.001401
174.729524,-0.198265,-0.048086,9.786383,-0.000804,0.003453,-0.000129
174.739395,-0.184093,-0.046469,9.808656,-0.000127,0.000180,0.001288
174.749287,-0.198297,-0.042917,9.826144,0.000339,0.002588,0.001983
174.759166,-0.216798,-0.053503,9.803995,0.000084,0.002263,0.003635
174.769080,-0.217531,-0.035870,9.795538,0.003235,0.000765,0.002720
174.778945,-0.201086,-0.045289,9.798066,0.001182,-0.000744,-0.002003
174.788835,-0.210711,-0.048903,9.797267,0.001973,-0.000944,0.000123
174.798711,-0.209574,-0.060660,9.799493,0.000795,0.001021,-0.001217
174.808615,-0.216289,-0.061117,9.799755,0.002546,-0.003252,0.002473
174.818483,-0.205451,-0.054041,9.777720,0.002527,-0.001663,-0.002617
174.828384,-0.212965,-0.021088,9.780316,-0.000202,-0.000488,-0.001281
174.838257,-0.233642,-0.047737,9.785255,0.000731,-0.000584,-0.004342
174.848163,-0.231582,-0.056814,9.782962,0.000764,-0.004010,-0.001061
174.858033,-0.212407,-0.043000,9.787806,0.000714,-0.000718,-0.002021
174.867925,-0.217795,-0.059171,9.801346,0.000787,-0.001448,-0.000224
174.877801,-0.220252,-0.034314,9.796150,-0.002238,0.002396,-0.003071
174.887709,-0.216053,-0.021375,9.784851,-0.000977,0.000107,-0.005248
174.897574,-0.224300,-0.035200,9.779910,-0.000561,0.001347,0.005120
174.907470,-0.210721,-0.055242,9.800773,0.000090,-0.000027,-0.003285
174.917351,-0.220293,-0.039810,9.793256,-0.000520,0.001106,-0.000144
174.927252,-0.212007,-0.043343,9.791326,0.001361,-0.000089,0.000720
174.937129,-0.215545,-0.060950,9.808751,0.001592,-0.001321,0.000756
174.947014,-0.222548,-0.062047,9.795939,0.000194,-0.000774,-0.002288
174.956893,-0.212639,-0.048684,9.799927,-0.000273,0.001750,-0.003699
174.966798,-0.213965,-0.036708,9.821823,-0.002445,0.002397,0.001120
174.976670,-0.211193,-0.034465,9.787586,-0.000314,-0.001768,0.003289
174.986560,-0.229700,-0.042839,9.801631,0.000956,0.004689,-0.002767
174.996439,-0.219591,-0.043772,9.794501,0.002376,0.000130,0.003514
175.006343,-0.207413,-0.027991,9.790864,-0.000141,0.001917,0.000545
175.016221,-0.231856,-0.050111,9.793919,0.000307,0.000164,-0.002169
175.026112,-0.219614,-0.049052,9.792213,-0.000843,0.001020,-0.000360
175.035992,-0.197333,-0.045809,9.803402,0.002566,-0.000297,-0.000841
175.045888,-0.224678,-0.062287,9.782074,0.000109,0.000326,0.003934
175.055766,-0.212707,-0.050455,9.797534,-0.002391,0.000622,0.000766
175.065653,-0.199807,-0.064576,9.805395,0.000950,0.000682,0.000631
175.075531,-0.199256,-0.055904,9.800275,0.001096,-0.003126,-0.001158
175.085434,-0.210650,-0.035975,9.799995,0.000990,-0.000234,0.003386
175.095303,-0.217282,-0.023840,9.784341,-0.003711,-0.004169,0.002786
175.105198,-0.187410,-0.050471,9.814222,-0.002107,0.002364,-0.001829
175.115077,-0.202378,-0.051987,9.808149,0.002251,0.002182,0.001698
175.124980,-0.207757,-0.044095,9.794635,-0.001962,-0.000991,0.000385
175.134848,-0.202380,-0.055451,9.813219,0.002413,0.003635,-0.002739
175.144743,-0.223241,-0.051507,9.792135,-0.003641,0.003045,-0.002493
175.154621,-0.216904,-0.045791,9.786924,0.001711,-0.005596,-0.001488
175.164526,-0.202577,-0.058511,9.781583,0.000252,-0.006077,-0.001920
175.174394,-0.207407,-0.051753,9.804417,0.000311,0.002699,-0.000128
175.184289,-0.203267,-0.038236,9.791454,0.001343,0.000681,0.001922
175.194167,-0.200747,-0.045860,9.788513,-0.000103,-0.002804,0.002418
175.204071,-0.210637,-0.041964,9.764053,-0.001715,0.001888,0.000374
175.213940,-0.196503,-0.063707,9.780654,0.003553,-0.002176,0.003535
175.223835,-0.209618,-0.072519,9.790837,-0.000621,0.002006,0.001474
175.233713,-0.216986,-0.064702,9.797343,0.001944,0.001350,-0.002669
175.243617,-0.199691,-0.032355,9.791193,-0.000439,0.000775,-0.002084
175.253485,-0.195093,-0.027305,9.777814,0.000199,-0.000270,0.001120
175.263380,-0.210449,-0.044073,9.777963,0.001309,0.002272,-0.001238
175.273259,-0.223113,-0.060613,9.777936,0.003430,-0.003535,-0.001589
175.283163,-0.214301,-0.066693,9.788417,0.001346,-0.001730,-0.000460
175.293034,-0.192618,-0.065342,9.803106,0.000703,0.002940,-0.000232
175.302928,-0.208297,-0.042442,9.802341,-0.000991,-0.001548,0.002666
175.312806,-0.207032,-0.038515,9.806266,-0.000560,0.001703,-0.001727
175.322713,-0.201986,-0.046015,9.770820,-0.001977,0.002242,-0.000540
175.332577,-0.201090,-0.064660,9.795402,0.002216,0.001066,-0.003216
175.342472,-0.220236,-0.062730,9.798358,-0.000809,0.000425,0.003938
175.352350,-0.226071,-0.046778,9.801568,0.002317,0.002440,-0.001458
175.362254,-0.213970,-0.039067,9.805217,-0.001110,-0.001873,-0.001817
175.372123,-0.205266,-0.059195,9.791524,-0.003761,-0.001449,0.000744
175.382018,-0.218433,-0.061834,9.798962,0.004104,0.002988,-0.002326
175.391896,-0.206915,-0.031982,9.793991,-0.000413,0.001308,-0.001219
175.401800,-0.206624,-0.052319,9.798404,-0.001386,0.001986,0.001094
175.411669,-0.204178,-0.059603,9.801592,-0.002560,-0.000738,-0.000473
175.421563,-0.220668,-0.014436,9.794905,-0.000681,-0.002314,-0.004452
175.431441,-0.219897,-0.064932,9.812184,0.002468,0.000407,0.004964
175.441346,-0.226015,-0.055201,9.794288,0.001918,0.001084,-0.001169
175.451215,-0.218515,-0.044513,9.777998,0.000365,0.001560,-0.000683
175.461109,-0.218724,-0.046438,9.783394,0.002521,0.003021,-0.002249
175.470987,-0.214720,-0.035269,9.811168,0.001733,-0.002012,-0.001267
175.480892,-0.213109,-0.018839,9.789580,0.003430,-0.001121,0.001703
175.490760,-0.215061,-0.026545,9.778692,-0.000206,-0.000140,-0.004628
175.500655,-0.222740,-0.052011,9.794663,0.003565,0.001360,0.002082
175.510533,-0.214381,-0.035045,9.792679,0.001326,-0.002926,0.000760
175.520437,-0.198262,-0.013896,9.801519,-0.000404,-0.005087,0.001107
175.530306,-0.203414,-0.035939,9.779876,0.002784,-0.002552,0.001717
175.540201,-0.203496,-0.034454,9.767896,-0.000115,0.002293,-0.001581
175.550079,-0.215744,-0.020919,9.780231,0.000665,-0.003075,-0.003423
175.559983,-0.218817,-0.023627,9.774388,-0.000797,0.005849,0.001715
175.569852,-0.215747,-0.035577,9.813930,-0.001280,0.001698,0.000984
175.579747,-0.202577,-0.028904,9.821154,0.000244,0.004187,-0.001218
175.589625,-0.210282,-0.045388,9.804604,0.002702,-0.000500,0.003420
175.599529,-0.212901,-0.040991,9.808807,-0.003137,-0.002688,0.002889
175.609398,-0.211027,-0.038072,9.787384,-0.004048,0.001117,-0.001885
175.619292,-0.206646,-0.041492,9.782567,-0.000710,-0.002913,-0.000816
175.629171,-0.208529,-0.049676,9.792566,0.002955,0.002099,-0.001707
175.639074,-0.198296,-0.032277,9.795252,-0.001055,-0.003935,-0.000192
175.648943,-0.220862,-0.033842,9.801325,-0.000015,-0.001197,-0.002337
175.658838,-0.219978,-0.052487,9.802655,0.002272,0.000945,-0.000218
175.668716,-0.220190,-0.057571,9.777799,-0.000415,0.000258,0.001588
175.678620,-0.210395,-0.055762,9.797898,0.003698,-0.002092,0.000374
175.688489,-0.202568,-0.047497,9.792957,-0.000074,-0.002478,-0.000390
175.698384,-0.202395,-0.040869,9.810545,0.000186,-0.002276,-0.002883
175.708262,-0.201682,-0.045377,9.794569,0.001603,0.001274,0.001749
175.718166,-0.216019,-0.057493,9.790123,0.001748,-0.001113,-0.000766
175.728035,-0.215227,-0.037604,9.791604,0.001635,0.000518,-0.001943
175.737930,-0.217971,-0.059268,9.780795,-0.001172,-0.000876,-0.000419
175.747808,-0.222743,-0.043989,9.786350,-0.001054,-0.000288,0.000214
175.757712,-0.233691,-0.051061,9.803272,0.001888,-0.000590,0.002552
175.767581,-0.211155,-0.056431,9.808261,-0.000287,0.001159,-0.000302
175.777475,-0.198003,-0.056284,9.808268,-0.002223,0.004002,-0.002117
175.787353,-0.204295,-0.053717,9.804381,-0.002703,-0.000039,-0.002704
175.797258,-0.196274,-0.045589,9.792221,0.000591,-0.001853,-0.001832
175.807126,-0.194124,-0.064163,9.803685,-0.001010,0.005866,-0.000217
175.817021,-0.210771,-0.063817,9.799721,-0.000172,-0.003688,-0.000472
175.826899,-0.212612,-0.027043,9.792344,0.002433,-0.001357,0.000113
175.836803,-0.205053,-0.051377,9.785138,-0.000895,0.001222,-0.000237
175.846672,-0.201263,-0.070352,9.790790,-0.001980,0.001791,0.000925
175.856567,-0.213162,-0.052455,9.806896,0.003648,-0.000046,0.000159
175.866445,-0.206423,-0.049340,9.792620,0.002717,0.002984,-0.002130
175.876349,-0.204362,-0.068868,9.778898,0.001796,0.004189,-0.001494
175.886218,-0.226390,-0.033481,9.790809,-0.002487,0.002355,-0.002931
175.896113,-0.212643,-0.056380,9.802062,0.000236,0.002143,0.003263
175.905991,-0.208537,-0.054261,9.791792,0.001871,-0.000965,0.000379
175.915895,-0.199300,-0.072651,9.793009,0.001433,0.002071,0.001922
175.925764,-0.190603,-0.064277,9.808004,0.000659,0.001021,-0.005519
175.935659,-0.211364,-0.044218,9.797728,0.004081,-0.001994,0.002944
175.945536,-0.223531,-0.031190,9.784895,-0.000266,-0.000125,-0.000054
175.955441,-0.208991,-0.040014,9.793879,0.000664,0.001728,0.000290
175.965309,-0.213662,-0.045681,9.789214,-0.000998,0.000723,-0.006921
175.975204,-0.212831,-0.024073,9.793346,0.001077,-0.003078,0.000747
175.985082,-0.218353,-0.047238,9.813170,-0.003059,0.001765,0.000791
175.994986,-0.208443,-0.055861,9.799897,-0.002206,0.003911,-0.005017
176.004855,-0.217366,-0.041362,9.776610,0.002464,-0.000570,0.000815
176.014750,-0.217252,-0.042962,9.797440,0.000365,0.000412,-0.001406
176.024628,-0.204265,-0.030816,9.807554,0.000155,-0.003768,0.002177
176.034532,-0.206756,-0.026207,9.795532,0.002111,-0.002416,0.001130
176.044401,-0.208485,-0.060458,9.777476,0.001936,0.002827,-0.000164
176.054296,-0.213516,-0.047981,9.777417,-0.001184,-0.002041,-0.000759
176.064174,-0.209233,-0.043704,9.794470,0.002122,0.000341,-0.002038
176.074078,-0.210239,-0.031231,9.799704,-0.000014,-0.002850,-0.000314
176.083947,-0.213174,-0.037602,9.774404,-0.002238,-0.002252,-0.002627
176.093842,-0.212890,-0.037081,9.780358,0.003383,0.002753,-0.000281
176.103720,-0.218108,-0.056995,9.791004,0.000392,0.000686,-0.002716
176.113624,-0.216670,-0.052391,9.802283,0.002491,-0.003714,0.001818
176.123493,-0.206508,-0.045501,9.803139,-0.000466,-0.000274,0.001854
176.133387,-0.197395,-0.062082,9.799345,-0.000073,0.003188,-0.001706
176.143265,-0.221749,-0.039276,9.784331,0.000966,0.000158,0.001370
176.153170,-0.215018,-0.056584,9.771926,-0.000786,0.001949,0.001335
176.163038,-0.211496,-0.046253,9.793059,0.002370,0.003772,0.002538
176.172933,-0.208259,-0.035969,9.800459,0.002587,-0.003187,0.002655
176.182811,-0.208023,-0.043907,9.790666,0.000508,0.000180,-0.000636
176.192715,-0.209984,-0.046935,9.803440,0.001105,-0.003386,0.001585
176.202584,-0.214199,-0.054264,9.775581,0.000877,0.004120,0.000645
176.212479,-0.216911,-0.051140,9.800857,-0.000074,-0.003293,-0.001556
176.222357,-0.221897,-0.045098,9.803539,0.002708,0.001911,-0.002080
176.232261,-0.224038,-0.051682,9.802884,-0.000861,-0.000809,-0.000558
176.242130,-0.217545,-0.058907,9.810553,-0.001318,0.001899,-0.001559
176.252025,-0.207694,-0.062601,9.794030,0.004089,0.001062,0.002204
176.261903,-0.213718,-0.051148,9.802633,-0.000895,0.002937,0.001103
176.271807,-0.211762,-0.063772,9.805949,0.000644,-0.000868,0.000779
176.281676,-0.228023,-0.052397,9.801363,0.001029,-0.002228,0.000860
176.291570,-0.228159,-0.064675,9.798883,0.003378,0.000133,-0.002422
176.301448,-0.217371,-0.059654,9.800329,0.001586,-0.002371,0.000964
176.311353,-0.195416,-0.066560,9.806083,0.003051,0.003070,0.001376
176.321221,-0.203740,-0.070520,9.801053,0.001474,0.000833,0.001577
176.331117,-0.213548,-0.062789,9.803754,0.000013,-0.000615,0.000075
176.340994,-0.202472,-0.036590,9.799872,0.002805,0.001096,0.000212
176.350899,-0.208922,-0.035321,9.803483,-0.000285,-0.003203,0.001131
176.360767,-0.213010,-0.049349,9.812541,0.001166,-0.001106,0.000245
176.370662,-0.217563,-0.067339,9.786482,0.001888,0.002458,0.000357
176.380540,-0.213054,-0.061530,9.797071,0.002437,-0.005697,0.001045
176.390445,-0.211275,-0.057398,9.789282,0.001298,0.007064,0.001105
176.400313,-0.201491,-0.057920,9.783077,0.001030,0.006060,0.003661
176.410209,-0.207778,-0.060221,9.804029,0.004526,-0.000956,0.002576
176.420087,-0.209203,-0.052100,9.796736,0.000006,-0.000683,-0.000572
176.429991,-0.198338,-0.042900,9.784261,0.001945,-0.001398,-0.000474
176.439860,-0.213196,-0.040260,9.771762,0.002195,-0.009161,-0.001654
176.449755,-0.202706,-0.031922,9.780672,0.001318,0.006312,0.001775
176.459633,-0.201749,-0.061490,9.797232,0.001394,-0.001084,-0.000082
176.469537,-0.200843,-0.054212,9.806782,0.000658,0.000668,0.000969
176.479406,-0.207014,-0.033217,9.801396,0.001656,-0.003410,0.004056
176.489301,-0.195003,-0.044494,9.775511,0.001287,0.000672,-0.000472
176.499178,-0.207046,-0.036934,9.788227,0.004314,-0.001538,-0.003051
176.509083,-0.203117,-0.025552,9.816840,0.001461,-0.000198,0.001591
176.518951,-0.215894,-0.051639,9.826070,-0.000564,-0.000215,-0.001115
176.528846,-0.221246,-0.055217,9.824559,-0.001041,-0.000128,0.000828
176.538725,-0.216347,-0.051728,9.811197,-0.001711,0.001560,-0.003160
176.548629,-0.210252,-0.044897,9.789254,-0.000428,-0.001214,-0.000531
176.558497,-0.223515,-0.043401,9.795964,-0.002257,0.001932,-0.000637
176.568392,-0.217198,-0.045339,9.820405,0.004634,-0.005306,0.005786
176.578270,-0.209324,-0.029318,9.783282,0.000769,0.000493,-0.000483
176.588174,-0.210737,-0.057058,9.773797,-0.001805,-0.002170,-0.000137
176.598043,-0.217433,-0.066032,9.789154,0.000496,0.002013,-0.001652
176.607938,-0.207342,-0.062643,9.809616,0.001376,-0.003771,-0.000689
176.617816,-0.217471,-0.024987,9.813471,0.000901,0.001446,-0.000735
176.627720,-0.206984,-0.035871,9.819229,0.000506,-0.000734,0.000720
176.637589,-0.209005,-0.037499,9.809302,0.001298,-0.003181,0.000745
176.647484,-0.211229,-0.056850,9.806563,-0.001302,-0.000290,-0.003054
176.657361,-0.202116,-0.058835,9.799432,-0.001347,-0.001037,0.002521
176.667265,-0.205467,-0.059902,9.790782,-0.002198,0.000243,0.000777
176.677134,-0.199261,-0.045784,9.784829,-0.001247,0.000423,-0.003490
176.687029,-0.216343,-0.058564,9.787951,-0.001489,-0.002975,0.001250
176.696907,-0.202433,-0.046950,9.785297,0.000009,0.002450,-0.000828
176.706810,-0.212427,-0.054937,9.801409,-0.000322,-0.000046,-0.001630
176.716679,-0.211872,-0.051113,9.816011,0.005532,-0.006728,-0.000601
176.726574,-0.219186,-0.066287,9.816454,0.001087,-0.002617,-0.000403
176.736452,-0.225822,-0.056232,9.794337,0.000183,-0.000353,-0.001009
176.746357,-0.214480,-0.039598,9.782517,0.002709,-0.000833,-0.001363
176.756225,-0.209961,-0.047785,9.788745,0.000103,0.001214,0.003792
176.766120,-0.218211,-0.034221,9.806920,0.000879,0.001413,-0.004292
176.775998,-0.224563,-0.051953,9.816747,0.003816,0.001579,0.000732
176.785902,-0.217164,-0.041457,9.802158,-0.000480,0.000028,-0.000357
176.795771,-0.214735,-0.045341,9.786941,0.000035,0.001488,0.000875
176.805666,-0.216849,-0.051100,9.802692,0.000394,-0.001675,-0.003330
176.815544,-0.220696,-0.069126,9.795252,0.001305,0.004422,0.000090
176.825448,-0.213257,-0.051745,9.787639,0.002885,0.000661,0.000373
176.835317,-0.221392,-0.046386,9.795625,-0.001516,-0.001978,-0.000448
176.845212,-0.227059,-0.026629,9.810593,0.001589,-0.000575,-0.001315
176.855090,-0.224294,-0.046729,9.799269,0.002309,0.000019,0.000866
176.864994,-0.229706,-0.026760,9.803863,0.002023,0.001854,0.000826
176.874863,-0.205196,-0.033476,9.814006,0.001721,-0.002494,-0.001990
176.884757,-0.202624,-0.044819,9.811133,-0.000452,0.001841,0.000203
176.894636,-0.197928,-0.058471,9.824944,0.001302,-0.002039,0.001244
176.904540,-0.222464,-0.054944,9.822928,0.000992,0.000608,0.000314
176.914408,-0.220478,-0.045493,9.821568,0.000271,-0.003963,-0.001556
176.924303,-0.202495,-0.024348,9.803140,-0.001551,0.006185,0.000444
176.934181,-0.208433,-0.030905,9.792897,-0.002961,0.002075,0.001621
176.944086,-0.203662,-0.058851,9.799891,0.000235,0.002272,-0.001700
176.953954,-0.216007,-0.023831,9.805684,-0.002715,0.004454,-0.001419
176.963849,-0.227509,-0.045906,9.799255,0.001814,-0.002825,-0.001293
176.973728,-0.212937,-0.059974,9.797996,-0.000481,-0.003565,-0.001503
176.983631,-0.205206,-0.048901,9.775238,-0.002529,0.004183,0.000568
176.993500,-0.210682,-0.052178,9.793940,0.001192,0.005525,-0.003345
177.003395,-0.213149,-0.040716,9.801028,-0.002031,-0.000769,-0.000721
177.013273,-0.209116,-0.045362,9.791033,0.002433,0.001270,0.000640
177.023177,-0.208782,-0.058674,9.803440,-0.003607,0.001077,-0.003061
177.033046,-0.218525,-0.051345,9.808698,0.000580,0.001102,0.001917
177.042941,-0.212676,-0.057151,9.776500,0.001181,-0.002046,0.001931
177.052819,-0.221886,-0.047710,9.796391,0.002116,-0.000319,-0.000529
177.062723,-0.216021,-0.032960,9.801624,-0.001070,0.003577,0.001473
177.072592,-0.214614,-0.046938,9.799651,-0.000211,0.002177,-0.000878
177.082486,-0.213089,-0.050169,9.794389,0.001392,-0.001629,-0.000138
177.092365,-0.204055,-0.060064,9.808464,0.002669,0.001549,0.000957
177.102269,-0.210247,-0.051711,9.794902,0.002892,-0.002981,0.001318
177.112137,-0.203635,-0.028432,9.807185,-0.001698,0.002023,-0.006191
177.122032,-0.200627,-0.017721,9.820645,-0.000666,0.002484,0.001848
177.131910,-0.219090,-0.026090,9.817725,-0.000009,-0.001554,0.002165
177.141814,-0.218714,-0.046551,9.821048,0.001536,0.001691,-0.002693
177.151684,-0.202366,-0.047031,9.798840,0.001748,0.000059,0.000501
177.161579,-0.212466,-0.044731,9.785753,0.002152,0.002372,0.000666
177.171457,-0.215765,-0.048768,9.799262,0.001802,0.000632,0.001537
177.181360,-0.220522,-0.054886,9.780667,-0.002952,0.002713,0.000962
177.191229,-0.221269,-0.046147,9.792920,0.001042,0.001825,0.000453
177.201124,-0.204939,-0.033023,9.807036,-0.000736,0.001101,-0.003130
177.211002,-0.206455,-0.032213,9.787591,-0.000210,-0.000910,-0.000878
177.220906,-0.224824,-0.059432,9.797378,0.002546,-0.000731,0.004047
177.230775,-0.223024,-0.060462,9.793016,0.001478,-0.000459,-0.000914
177.240669,-0.220534,-0.041228,9.789033,0.000481,-0.002690,-0.005490
177.250548,-0.205512,-0.034571,9.829199,0.002387,-0.001575,-0.001187
177.260452,-0.200248,-0.064989,9.809515,0.001247,-0.001053,0.000251
177.270321,-0.195780,-0.063211,9.811115,0.002615,0.001089,0.000509
177.280215,-0.203597,-0.067564,9.802412,0.001626,0.004059,0.000357
177.290093,-0.213199,-0.054038,9.806706,0.001979,-0.004023,-0.000240
177.299998,-0.218082,-0.038966,9.799712,0.001825,-0.002044,0.002176
177.309866,-0.214677,-0.053477,9.811463,0.001193,-0.001625,-0.003421
177.319761,-0.211534,-0.035031,9.796354,-0.000497,-0.003178,-0.004227
177.329639,-0.215924,-0.023239,9.787385,0.000354,0.002859,0.000161
177.339543,-0.216358,-0.043371,9.809594,-0.003387,0.001643,0.001974
177.349412,-0.225287,-0.052764,9.803094,0.003043,-0.000405,-0.001370
177.359307,-0.212493,-0.047598,9.786570,0.000151,-0.001195,-0.000667
177.369185,-0.208589,-0.061900,9.787594,0.001040,-0.001859,-0.001047
177.379089,-0.216163,-0.074547,9.776731,0.001275,-0.000519,-0.000234
177.388958,-0.214136,-0.058851,9.801556,-0.000201,-0.000623,0.000087
177.398853,-0.200171,-0.055036,9.778701,0.006036,-0.001788,0.000420
177.408731,-0.211815,-0.053406,9.780157,0.000484,-0.002035,0.001039
177.418635,-0.204371,-0.038753,9.788510,-0.001604,0.000369,-0.000389
177.428504,-0.214698,-0.024797,9.798035,-0.000871,-0.004093,-0.001834
177.438398,-0.230446,-0.021155,9.774863,-0.000548,0.002289,-0.005323
177.448277,-0.225661,-0.050058,9.775466,0.003122,0.006665,-0.000529
177.458181,-0.212766,-0.059339,9.777334,-0.001225,0.002205,-0.003791
177.468050,-0.207378,-0.053796,9.798451,-0.001025,-0.001501,-0.000182
177.477944,-0.201117,-0.049849,9.802082,0.001603,0.005336,-0.001125
177.487822,-0.211608,-0.024236,9.789355,0.000930,0.001143,0.000729
177.497726,-0.215379,-0.047104,9.795006,0.001703,0.001679,-0.001751
177.507596,-0.227544,-0.056196,9.794510,0.002280,-0.000676,0.001986
177.517490,-0.218772,-0.041192,9.792522,0.003363,-0.000135,-0.003259
177.527368,-0.195893,-0.027132,9.796609,-0.001609,0.003306,-0.000423
177.537272,-0.204902,-0.046286,9.778435,0.002605,-0.001351,0.000295
177.547141,-0.216443,-0.054599,9.788554,-0.001222,0.001802,-0.001347
177.557036,-0.213518,-0.054536,9.799421,-0.000851,-0.001052,-0.002100
177.566914,-0.215850,-0.040290,9.822766,0.002974,-0.000094,-0.000325
177.576818,-0.218767,-0.054841,9.811070,-0.001590,0.002492,-0.005404
177.586687,-0.232244,-0.042827,9.788405,-0.000955,0.002976,0.000087
177.596582,-0.230460,-0.049008,9.759903,-0.000605,-0.001540,0.000346
177.606460,-0.209313,-0.046601,9.807899,0.002482,0.003961,-0.001369
177.616364,-0.211502,-0.035068,9.802195,-0.000056,-0.000233,-0.000285
177.626233,-0.219221,-0.029867,9.806189,-0.001321,-0.001814,-0.003039
177.636127,-0.230332,-0.045364,9.802379,0.000019,0.002751,0.000752
177.646005,-0.216683,-0.049633,9.831442,-0.000600,-0.000568,0.002506
177.655910,-0.223857,-0.034176,9.801687,-0.001105,0.002486,-0.000312
177.665778,-0.224531,-0.049989,9.786229,0.000836,-0.004033,0.000432
177.675674,-0.204877,-0.066223,9.798229,0.006385,-0.001549,0.000337
177.685552,-0.200946,-0.044878,9.795618,-0.001477,-0.001521,-0.001627
177.695456,-0.194279,-0.060122,9.784097,0.003089,-0.001226,0.000045
177.705324,-0.213708,-0.071948,9.787377,-0.001761,-0.000387,0.002540
177.715219,-0.202455,-0.059622,9.775870,-0.000409,0.001031,-0.000267
177.725097,-0.215006,-0.030470,9.781229,0.001578,-0.001854,-0.001628
177.735001,-0.220755,-0.047611,9.804797,0.000335,-0.000176,0.000518
177.744870,-0.209452,-0.039154,9.788653,-0.002196,-0.000445,-0.000969
177.754765,-0.205547,-0.028994,9.798367,0.001078,0.000829,-0.000071
177.764643,-0.215353,-0.039808,9.794726,0.000565,0.002371,-0.002468
177.774547,-0.218646,-0.034493,9.782997,-0.001333,-0.000941,-0.003810
177.784416,-0.216401,-0.045152,9.764732,0.001305,0.002399,-0.001435
177.794311,-0.201430,-0.040643,9.784007,0.000127,-0.000457,0.002915
177.804189,-0.227766,-0.049605,9.797726,0.000224,0.000088,-0.003787
177.814093,-0.218696,-0.055232,9.792244,-0.001821,-0.000300,0.000123
177.823962,-0.213964,-0.048371,9.783397,0.000606,0.002805,0.001269
177.833856,-0.194206,-0.055886,9.799797,0.001396,0.001997,0.000342
177.843735,-0.219881,-0.051883,9.794681,-0.000423,0.000121,0.002936
177.853639,-0.213288,-0.054197,9.790067,0.003516,-0.003292,0.000428
177.863507,-0.207861,-0.047059,9.795387,0.001730,0.000296,-0.000983
177.873402,-0.208687,-0.057933,9.800099,0.001225,-0.004474,-0.003673
177.883281,-0.207861,-0.059039,9.806299,0.000844,-0.001682,0.003164
177.893184,-0.216184,-0.037777,9.800814,-0.001215,0.005808,0.001835
177.903053,-0.213629,-0.039921,9.823659,0.005027,-0.000219,-0.003075
177.912948,-0.220051,-0.045952,9.811871,0.003159,-0.003738,-0.002313
177.922826,-0.195695,-0.037904,9.803112,-0.000040,-0.001105,-0.001082
177.932730,-0.209635,-0.057369,9.800797,0.000991,0.001535,-0.000533
177.942599,-0.216744,-0.026192,9.796488,0.000529,-0.001061,-0.005355
177.952494,-0.226826,-0.032224,9.779806,0.001928,0.001449,0.000940
177.962372,-0.229052,-0.051082,9.780792,0.000130,0.001767,0.000763
177.972276,-0.213212,-0.044679,9.788156,0.000778,-0.000912,0.001954
177.982145,-0.212722,-0.037848,9.794519,0.001031,-0.003813,0.000328
177.992040,-0.211229,-0.041581,9.802980,-0.000321,0.000205,-0.001943
178.001918,-0.211869,-0.036787,9.787774,-0.000073,-0.001862,0.004152
178.011822,-0.187547,-0.043432,9.776445,0.002823,-0.004162,-0.000668
178.021691,-0.220272,-0.050357,9.787985,0.000843,-0.000252,-0.001665
178.031585,-0.223502,-0.053158,9.798586,-0.000961,-0.007950,0.002671
178.041464,-0.214141,-0.053435,9.810048,0.000039,0.004341,-0.005210
178.051368,-0.204177,-0.054721,9.798192,0.002628,-0.000119,-0.000466
178.061237,-0.216063,-0.039774,9.767772,0.001237,-0.002892,-0.002129
178.071131,-0.208070,-0.041256,9.777300,0.002528,0.000036,-0.003012
178.081009,-0.217685,-0.059105,9.835009,0.000826,0.002336,0.001438
178.090913,-0.216071,-0.041357,9.809170,-0.000041,-0.002211,-0.002365
178.100782,-0.200074,-0.031266,9.775244,-0.000937,0.003351,-0.000678
178.110677,-0.208967,-0.053879,9.787513,0.000473,0.001821,0.003457
178.120555,-0.210456,-0.062710,9.790620,0.002071,-0.001172,-0.002284
178.130459,-0.210896,-0.060179,9.792005,0.000800,-0.004276,0.004404
178.140328,-0.208527,-0.052901,9.792972,0.000154,0.002300,0.002336
178.150223,-0.198426,-0.038538,9.789121,0.001804,0.002779,0.001292
178.160101,-0.216985,-0.038496,9.784622,-0.000895,-0.003036,-0.001610
178.170005,-0.213962,-0.068864,9.792449,-0.001201,0.000168,-0.000682
178.179874,-0.220307,-0.056548,9.806464,0.000181,0.003170,-0.001427
178.189769,-0.202106,-0.054156,9.806157,-0.001729,0.001759,0.000985
178.199647,-0.213149,-0.045973,9.790915,0.000044,-0.000951,0.003667
178.209551,-0.216015,-0.032010,9.795251,-0.001683,0.002052,0.002136
178.219420,-0.205616,-0.052509,9.789156,0.003614,-0.003657,-0.004596
178.229315,-0.209813,-0.039844,9.784383,0.002092,-0.002150,-0.002762
178.239193,-0.208498,-0.038898,9.783852,0.001748,0.001201,-0.001456
178.249097,-0.223272,-0.055254,9.783335,0.001889,-0.000345,0.000646
178.258965,-0.218332,-0.053480,9.804004,0.002930,-0.000068,0.001666
178.268860,-0.217288,-0.060028,9.810289,0.001750,-0.000948,-0.002837
178.278738,-0.205650,-0.045736,9.812518,-0.001048,0.000375,-0.000375
178.288643,-0.203771,-0.034703,9.798280,0.002218,-0.002219,0.000696
178.298511,-0.226218,-0.052139,9.811171,0.000447,0.004965,-0.001901
178.308406,-0.213179,-0.047089,9.805250,-0.000088,0.001192,-0.001115
178.318284,-0.197092,-0.056151,9.804480,0.002396,-0.001615,0.000422
178.328186,-0.202583,-0.058523,9.801312,0.001982,-0.006103,-0.003063
178.338057,-0.231688,-0.041024,9.793857,0.002042,0.003083,-0.001472
178.347952,-0.219817,-0.050170,9.818578,-0.002418,-0.003724,-0.001711
178.357830,-0.228935,-0.046209,9.784556,-0.000776,0.004245,0.003561
178.367734,-0.218245,-0.048446,9.790642,0.003101,0.000682,-0.002311
178.377603,-0.208505,-0.027022,9.784069,-0.000557,-0.000179,-0.000231
178.387498,-0.229898,-0.027686,9.791266,-0.000538,0.000639,0.000234
178.397375,-0.226136,-0.031751,9.809684,0.000557,0.000237,0.000155
178.407280,-0.215521,-0.059732,9.805709,0.001908,0.000769,0.000227
178.417149,-0.212331,-0.045082,9.797126,0.000893,-0.000666,-0.002279
178.427043,-0.226033,-0.029301,9.788584,-0.000292,0.001271,-0.006247
178.436921,-0.213570,-0.025556,9.796477,0.001783,0.001524,-0.000727
178.446826,-0.217071,-0.056991,9.805777,0.002760,-0.001227,-0.004634
178.456694,-0.212609,-0.067993,9.806941,-0.001790,0.001624,0.003191
178.466589,-0.222448,-0.047200,9.807129,0.002556,0.002734,-0.000259
178.476467,-0.212507,-0.035919,9.790983,-0.000705,0.001343,-0.000634
178.486371,-0.213644,-0.050601,9.799817,0.000604,0.005577,-0.003208
178.496240,-0.208533,-0.039018,9.825978,-0.001337,-0.002282,0.000076
178.506135,-0.202914,-0.055479,9.797205,0.001795,-0.003656,0.000135
178.516013,-0.197797,-0.053885,9.820449,0.000829,0.004263,-0.004787
178.525917,-0.226844,-0.064242,9.804311,0.001466,-0.000609,-0.001344
178.535786,-0.225679,-0.066203,9.802358,0.000643,-0.000385,-0.001208
178.545681,-0.218050,-0.027360,9.793264,-0.000905,-0.000841,0.000974
178.555559,-0.206052,-0.029626,9.797429,0.001225,0.005162,-0.001518
178.565463,-0.198151,-0.052384,9.795133,-0.002374,0.002472,0.001734
178.575332,-0.211708,-0.058019,9.808739,0.002917,-0.000494,-0.000255
178.585227,-0.220344,-0.037495,9.800605,0.002936,0.002455,-0.000275
178.595105,-0.213562,-0.046183,9.767708,-0.001563,0.003558,0.000930
178.605009,-0.217779,-0.040811,9.790559,-0.001043,0.002117,0.000680
178.614878,-0.221545,-0.053129,9.795677,0.001910,0.001765,-0.001437
178.624773,-0.206647,-0.059318,9.795625,0.000899,0.002028,-0.000426
178.634650,-0.195133,-0.068651,9.791822,-0.000528,0.001615,-0.001270
178.644555,-0.214042,-0.068972,9.797199,0.004907,-0.001922,0.001254
178.654423,-0.215385,-0.055430,9.781448,-0.000806,-0.003864,-0.000282
178.664318,-0.213957,-0.057299,9.792083,-0.002245,-0.000906,0.001944
178.674196,-0.214224,-0.055984,9.789842,0.000660,0.000894,-0.000223
178.684100,-0.209123,-0.034025,9.793564,0.000051,0.000847,-0.000542
178.693969,-0.203522,-0.045115,9.788021,0.004968,0.000946,-0.001388
178.703864,-0.195128,-0.057481,9.799944,0.000479,0.001658,-0.000347
178.713742,-0.208282,-0.069157,9.800888,-0.000302,-0.000923,0.001143
178.723646,-0.229121,-0.043343,9.808979,-0.000914,0.001701,-0.002050
178.733515,-0.200109,-0.023567,9.801257,-0.001098,-0.003099,-0.003294
178.743410,-0.215812,-0.032592,9.806445,-0.000613,0.000980,0.000784
178.753288,-0.207806,-0.073361,9.782786,0.001102,0.001660,-0.002652
178.763193,-0.200202,-0.047417,9.784683,-0.001043,0.005740,0.000112
178.773061,-0.219986,-0.050949,9.787490,0.002151,-0.002501,0.004972
178.782958,-0.213102,-0.044681,9.785698,0.001649,-0.000854,0.000768
178.792836,-0.205555,-0.050746,9.779401,0.000312,0.001904,0.001253
178.802739,-0.217556,-0.055996,9.786342,0.001354,-0.001746,0.001250
178.812607,-0.219712,-0.047008,9.790722,0.002362,-0.001596,0.000350
178.822503,-0.218444,-0.032423,9.802144,0.002629,-0.002422,0.000489
178.832381,-0.226141,-0.052410,9.791452,0.000643,0.002402,-0.004956
178.842285,-0.201746,-0.036940,9.781789,-0.001657,0.002008,-0.000965
178.852153,-0.202623,-0.046309,9.810482,-0.001262,-0.000874,0.001448
178.862048,-0.220079,-0.061643,9.795890,0.001810,0.000768,0.002926
178.871926,-0.222758,-0.036586,9.800680,0.001060,0.003135,0.000540
178.881830,-0.210070,-0.037588,9.821844,0.002833,-0.002154,-0.002054
178.891701,-0.231702,-0.028403,9.821273,-0.000762,-0.002701,0.001502
178.901595,-0.198265,-0.021624,9.786544,0.001516,-0.004252,-0.000542
178.911472,-0.209570,-0.035513,9.787682,0.002169,-0.002004,0.000622
178.921376,-0.220683,-0.047585,9.812715,0.002145,0.001211,-0.000435
178.931245,-0.219692,-0.063039,9.797750,0.003947,0.000078,0.002135
178.941140,-0.226162,-0.042480,9.792226,0.000286,0.004140,-0.001053
178.951018,-0.214230,-0.027549,9.791245,0.000441,-0.002339,-0.000657
178.960922,-0.203307,-0.034052,9.805651,0.001224,0.001174,0.002832
178.970791,-0.204716,-0.034341,9.788193,0.001946,-0.003379,0.001115
178.980685,-0.213286,-0.039516,9.802662,-0.000517,-0.001942,-0.001422
178.990564,-0.214179,-0.042812,9.797499,0.000105,-0.000371,-0.000454
179.000469,-0.202124,-0.036307,9.813480,-0.000886,-0.000206,-0.002044
179.010338,-0.212372,-0.050815,9.807656,0.000754,0.000554,-0.002169
179.020231,-0.216406,-0.047487,9.798670,-0.001544,0.004831,-0.000590
179.030109,-0.204886,-0.062340,9.799282,0.002694,-0.001152,-0.004447
179.040013,-0.215430,-0.053753,9.807986,0.001945,-0.001260,0.001551
179.049882,-0.217219,-0.027216,9.803096,0.002936,-0.001847,-0.000993
179.059776,-0.211052,-0.030304,9.801736,0.002835,-0.002326,-0.000884
179.069654,-0.212741,-0.044109,9.817174,-0.000328,-0.002353,-0.001655
179.079558,-0.227674,-0.042857,9.789569,0.000927,0.000289,0.000663
179.089427,-0.218319,-0.043991,9.782899,-0.001496,-0.003184,-0.000533
179.099322,-0.208241,-0.044136,9.794895,-0.001133,0.001757,0.001485
179.109200,-0.209387,-0.032506,9.799756,0.002509,0.000452,0.002386
179.119105,-0.208697,-0.044224,9.806209,0.000981,-0.001714,-0.000502
179.128973,-0.198844,-0.030482,9.798736,0.004013,-0.004362,-0.000999
179.138868,-0.189686,-0.033002,9.797555,0.001438,0.001584,-0.001305
179.148746,-0.189087,-0.052045,9.795701,-0.004617,0.004313,-0.001668
179.158650,-0.200660,-0.057276,9.767540,0.000623,-0.002321,-0.003126
179.168519,-0.213409,-0.050484,9.789530,0.004247,-0.003995,-0.000196
179.178414,-0.206200,-0.027170,9.805358,0.000681,0.001431,-0.000652
179.188292,-0.222079,-0.039509,9.794372,0.001885,-0.003552,0.001997
179.198196,-0.235644,-0.052894,9.792946,0.004330,-0.003597,-0.001097
179.208065,-0.221080,-0.070829,9.818571,-0.001494,0.000726,-0.000993
179.217960,-0.213918,-0.046017,9.817417,0.000331,0.001548,-0.000904
179.227838,-0.221596,-0.025015,9.806922,-0.000676,-0.000556,-0.000492
179.237742,-0.211589,-0.037043,9.795909,0.000438,0.001003,0.001421
179.247610,-0.220923,-0.055336,9.801789,0.003196,0.001288,-0.001775
179.257505,-0.219030,-0.055414,9.799070,0.000539,0.001887,0.000399
179.267383,-0.208744,-0.051767,9.788727,0.000776,-0.001478,-0.001831
179.277287,-0.202822,-0.067938,9.787608,-0.000273,-0.000628,0.003801
179.287156,-0.206773,-0.060301,9.798603,0.003936,-0.002041,0.004511
179.297051,-0.208196,-0.050304,9.786083,-0.001042,0.001940,0.001837
179.306929,-0.224828,-0.046645,9.806692,0.002769,0.000113,-0.002419
179.316833,-0.213696,-0.040646,9.795400,0.001872,-0.004681,0.000938
179.326702,-0.220165,-0.052487,9.803028,0.000356,0.001866,-0.001634
179.336597,-0.225267,-0.047806,9.797265,-0.000714,0.000439,-0.000603
179.346475,-0.216454,-0.038899,9.799240,-0.000743,0.000554,-0.001964
179.356379,-0.203116,-0.031370,9.787181,0.001512,-0.001653,0.001731
179.366248,-0.193759,-0.047155,9.794617,0.000700,0.001220,-0.000807
179.376143,-0.203274,-0.030948,9.797173,-0.001837,0.003502,-0.003557
179.386021,-0.211947,-0.059479,9.802790,0.000223,0.000436,-0.001379
179.395925,-0.205191,-0.051120,9.794444,-0.004832,-0.002228,0.000396
179.405794,-0.207648,-0.054417,9.805637,0.001065,-0.004492,-0.001780
179.415688,-0.208700,-0.054724,9.792569,-0.000092,-0.000809,0.001693
179.425567,-0.209955,-0.051182,9.773280,0.000231,0.001628,0.004422
179.435471,-0.216411,-0.053730,9.803939,-0.000271,-0.000923,0.003138
179.445339,-0.192727,-0.049939,9.781974,0.002107,-0.003006,0.001263
179.455234,-0.198304,-0.055367,9.786534,-0.000567,0.000032,-0.003139
179.465112,-0.208363,-0.046520,9.775663,0.001405,0.000603,0.000054
179.475016,-0.216762,-0.033983,9.782198,0.000163,-0.000745,0.000415
179.484885,-0.201191,-0.060840,9.786443,0.000173,-0.003292,-0.003116
179.494780,-0.210282,-0.049327,9.811760,0.001978,-0.001907,-0.000458
179.504658,-0.221823,-0.039502,9.824171,0.001078,-0.001463,-0.000801
179.514562,-0.211419,-0.035537,9.812590,0.003933,0.000871,0.000975
179.524431,-0.218123,-0.027295,9.805034,0.005257,-0.003922,0.002262
179.534327,-0.213376,-0.032954,9.804481,-0.000184,0.002289,0.000811
179.544206,-0.216111,-0.052146,9.788221,-0.001347,0.000299,0.001631
179.554110,-0.216136,-0.070636,9.805853,0.002229,-0.002444,-0.000088
179.563978,-0.217167,-0.070689,9.807171,0.003677,-0.000818,-0.000370
179.573872,-0.209042,-0.059715,9.801069,-0.001191,0.000862,-0.000680
179.583750,-0.223467,-0.038857,9.785784,0.002156,-0.000432,-0.003419
179.593654,-0.233001,-0.047635,9.794382,0.003418,-0.004214,-0.001690
179.603523,-0.222299,-0.058770,9.787531,0.003770,0.001513,-0.001963
179.613417,-0.220224,-0.063119,9.810989,-0.001216,-0.000541,-0.000041
179.623296,-0.218374,-0.042684,9.783330,0.001038,0.000401,0.001331
179.633200,-0.216209,-0.044648,9.784567,-0.001931,0.001354,-0.003943
179.643069,-0.215616,-0.070102,9.799929,0.001134,-0.003679,-0.002228
179.652964,-0.217882,-0.042860,9.784432,0.001364,0.001136,-0.000251
179.662842,-0.210474,-0.052819,9.802579,0.000626,-0.000365,-0.003610
179.672745,-0.218529,-0.046449,9.795661,-0.001637,-0.001267,-0.001166
179.682614,-0.218780,-0.061434,9.761885,-0.001195,-0.000281,0.000749
179.692509,-0.204412,-0.049762,9.783396,0.002712,0.001149,-0.002848
179.702387,-0.194395,-0.022469,9.796547,0.001230,-0.002289,-0.000726
179.712291,-0.207614,-0.060004,9.779491,0.003523,-0.001114,0.002953
179.722160,-0.218554,-0.053524,9.807636,0.002939,-0.002028,-0.002423
179.732055,-0.224295,-0.052885,9.809110,0.001710,-0.004061,0.000588
179.741933,-0.211571,-0.046592,9.818024,-0.000567,-0.002471,-0.000460
179.751837,-0.214131,-0.040976,9.795790,-0.000407,-0.002620,0.000720
179.761706,-0.203089,-0.026639,9.804817,0.001290,0.000396,0.002732
179.771601,-0.208412,-0.033164,9.772740,0.004522,-0.002815,0.000913
179.781479,-0.202006,-0.037324,9.788952,0.000224,-0.002590,0.000135
179.791383,-0.207437,-0.041237,9.803874,0.003863,-0.000542,0.001034
179.801252,-0.227066,-0.027075,9.805422,0.004376,-0.001280,0.001098
179.811147,-0.215445,-0.035534,9.792697,0.001699,0.000824,0.001950
179.821025,-0.210618,-0.042435,9.795446,0.000890,-0.004145,-0.001201
179.830929,-0.215733,-0.064145,9.792037,0.003049,-0.000182,-0.000405
179.840798,-0.221169,-0.056968,9.789155,0.000576,-0.003939,-0.001619
179.850693,-0.212812,-0.051830,9.796093,-0.000806,-0.002347,-0.000568
179.860571,-0.196725,-0.046270,9.783598,0.003879,-0.001925,0.002626
179.870475,-0.208231,-0.043072,9.794076,-0.000726,0.000935,0.001311
179.880344,-0.209583,-0.050283,9.781670,0.000361,0.000458,0.000536
179.890238,-0.222463,-0.067611,9.802014,-0.002289,0.000316,-0.000914
179.900116,-0.219611,-0.045344,9.803887,0.001039,0.002412,-0.002511
179.910020,-0.195448,-0.043964,9.800675,-0.000940,0.002354,-0.002266
179.919889,-0.214215,-0.059186,9.808396,0.001407,0.003799,-0.002096
179.929784,-0.216113,-0.066737,9.781658,0.000480,0.003545,0.003404
179.939662,-0.203573,-0.048354,9.779373,-0.001562,-0.001446,0.000626
179.949566,-0.212514,-0.038190,9.808193,-0.000388,0.000683,0.000251
179.959435,-0.213064,-0.037273,9.795058,-0.001287,0.002516,-0.000627
179.969330,-0.222164,-0.027515,9.797475,0.000192,0.001221,0.001170
179.979208,-0.212035,-0.041176,9.801108,0.001067,0.003280,0.002219
179.989112,-0.201706,-0.045580,9.797517,0.005358,-0.003578,0.000361
179.998981,-0.220875,-0.070934,9.802640,0.000737,-0.001001,0.000886
180.008876,-0.216970,-0.040913,9.806215,0.000222,0.002257,0.000477
180.018754,-0.209993,-0.026916,9.817757,0.000756,-0.001133,0.001949
180.028658,-0.210573,-0.029550,9.800560,0.001355,0.003065,0.000778
180.038527,-0.216628,-0.049143,9.781301,-0.000588,0.001830,-0.002938
180.048422,-0.210526,-0.064531,9.803585,0.001393,-0.001570,-0.000014
180.058301,-0.211878,-0.058460,9.792500,-0.002453,0.001479,-0.001797
180.068205,-0.208308,-0.060494,9.788433,-0.001173,0.005750,0.004426
180.078073,-0.216478,-0.054910,9.788867,0.004028,0.001167,0.003453
180.087967,-0.225922,-0.030549,9.790983,0.000780,-0.000640,0.002755
180.097845,-0.228330,-0.041037,9.791759,0.001995,0.000424,-0.002484
180.107750,-0.206547,-0.046238,9.779687,0.002309,-0.004112,-0.001771
180.117619,-0.227528,-0.038656,9.770649,0.000773,-0.001056,0.000360
180.127513,-0.223818,-0.037391,9.799226,-0.001991,0.004249,-0.002495
180.137391,-0.216887,-0.055214,9.801693,0.002013,0.001344,0.001719
180.147295,-0.212910,-0.065128,9.808612,0.001063,0.003671,0.000972
180.157164,-0.212482,-0.059882,9.795666,0.001948,-0.002705,-0.001179
180.167059,-0.199978,-0.035018,9.787190,0.001531,0.000144,-0.000412
180.176937,-0.219426,-0.079756,9.797149,0.000390,0.001990,0.000657
180.186841,-0.218635,-0.068755,9.805849,0.001806,0.002132,0.000876
180.196710,-0.220701,-0.052957,9.789056,-0.000188,0.005263,-0.001263
180.206605,-0.218646,-0.034842,9.778094,0.000077,-0.001787,-0.003291
180.216483,-0.206167,-0.033420,9.787063,-0.001095,0.003353,-0.001158
180.226387,-0.200010,-0.024834,9.778539,0.000570,-0.000091,0.000707
180.236256,-0.209244,-0.068409,9.791179,0.000048,0.002475,-0.004147
180.246151,-0.224095,-0.042287,9.811948,0.004168,-0.000265,0.001517
180.256029,-0.202928,-0.055171,9.799751,-0.003967,0.000289,-0.004286
180.265933,-0.207667,-0.062335,9.803948,0.000679,-0.002011,-0.001856
180.275802,-0.216122,-0.060219,9.788267,-0.002957,-0.001914,-0.000086
180.285697,-0.213211,-0.024952,9.811947,-0.002175,-0.002794,0.000941
180.295574,-0.213112,-0.023937,9.807168,-0.001596,0.005318,-0.003951
180.305478,-0.191195,-0.043992,9.811070,-0.000102,-0.003468,-0.001661
180.315347,-0.204438,-0.047171,9.821582,-0.000581,0.003569,-0.000242
180.325247,-0.209767,-0.040778,9.816582,0.000883,0.000989,-0.000215
180.335126,-0.192363,-0.048500,9.816353,0.002031,-0.003489,0.001706
180.345029,-0.210943,-0.054898,9.777519,-0.001807,-0.002290,0.000338
180.354893,-0.211693,-0.056916,9.780002,0.001887,-0.003424,-0.003712
180.364788,-0.202122,-0.053938,9.799865,0.002576,-0.001460,-0.004273
180.374666,-0.207498,-0.051276,9.792161,0.000708,-0.002094,-0.001100
180.384576,-0.222186,-0.047903,9.801041,0.002643,-0.000029,0.002623
180.394439,-0.225864,-0.059636,9.808782,-0.001059,-0.000407,0.002171
180.404334,-0.211239,-0.059157,9.800646,0.002058,-0.001970,0.002258
180.414212,-0.209751,-0.065639,9.809017,0.001761,-0.002193,-0.001614
180.424116,-0.210779,-0.065170,9.803054,0.000964,-0.001084,-0.004753
180.433988,-0.215785,-0.055123,9.800876,0.000456,0.003701,-0.000544
180.443880,-0.214132,-0.048284,9.781034,-0.001208,-0.002066,-0.002459
180.453772,-0.212478,-0.048934,9.789355,0.000271,0.003608,-0.007096
180.463662,-0.213416,-0.060106,9.782560,-0.001251,-0.000053,0.000406
180.473531,-0.210974,-0.059105,9.801348,0.001756,0.000220,-0.001580
180.483435,-0.204481,-0.047045,9.795006,0.001899,-0.003482,-0.000723
180.493310,-0.211055,-0.025036,9.791511,0.004147,-0.002825,-0.001998
180.503212,-0.219119,-0.055514,9.803481,0.002955,-0.000969,0.001047
180.513079,-0.206664,-0.068897,9.786901,0.001428,0.001954,-0.003770
180.522976,-0.206622,-0.056197,9.777228,0.001511,0.004050,-0.000766
180.532851,-0.203795,-0.059955,9.780750,-0.002228,0.002876,-0.004041
180.542755,-0.216783,-0.064928,9.779334,0.002274,-0.001784,0.000901
180.552624,-0.214669,-0.078858,9.783477,0.004730,0.001511,-0.000719
180.562518,-0.213853,-0.045811,9.801130,-0.000198,0.004462,-0.000060
180.572397,-0.191292,-0.038157,9.798326,-0.000525,0.006355,-0.001577
180.582306,-0.207985,-0.054210,9.795975,0.002882,0.001447,-0.003174
180.592169,-0.212566,-0.054020,9.809362,0.001234,0.002532,0.001575
180.602066,-0.220703,-0.072310,9.794270,0.003845,-0.001829,0.000241
180.611943,-0.198995,-0.050742,9.799610,-0.002188,0.001416,0.000116
180.621853,-0.197552,-0.059489,9.817120,0.003227,0.001543,-0.000592
180.631720,-0.213978,-0.050647,9.801630,-0.001994,0.001391,-0.001945
180.641614,-0.206632,-0.040830,9.793599,-0.001181,0.001285,0.002017
180.651487,-0.199826,-0.049844,9.798713,0.002580,-0.003113,-0.000448
180.661398,-0.201389,-0.039939,9.801343,-0.001483,-0.001611,0.003805
180.671268,-0.200249,-0.040324,9.806806,0.001946,0.004779,0.000260
180.681160,-0.206589,-0.036007,9.794543,-0.002179,-0.002187,0.000364
180.691033,-0.208984,-0.062622,9.782837,0.000959,0.003924,-0.001310
180.700937,-0.195958,-0.046897,9.793727,0.001318,-0.000039,-0.001027
180.710815,-0.196140,-0.022277,9.785848,0.003023,-0.003593,0.000897
180.720707,-0.202022,-0.043389,9.790729,0.000258,-0.001627,0.001172
180.730585,-0.217998,-0.047530,9.797531,-0.002055,0.002756,0.000108
180.740489,-0.225943,-0.042505,9.800717,-0.002081,-0.004087,0.002310
180.750353,-0.205661,-0.050086,9.810894,0.000231,0.003519,-0.002947
180.760248,-0.232520,-0.044039,9.786468,-0.000309,0.000086,-0.002182
180.770125,-0.209641,-0.049893,9.811393,0.004509,-0.001590,-0.000791
180.780034,-0.203311,-0.043977,9.801362,0.001230,-0.000500,0.004011
180.789900,-0.218089,-0.027766,9.800523,-0.001178,0.001558,-0.004715
180.799794,-0.226012,-0.019419,9.815600,0.004240,0.001867,0.002883
180.809671,-0.203289,-0.018759,9.811393,-0.000585,0.001083,-0.002426
180.819576,-0.210298,-0.044135,9.798951,0.003289,-0.001414,-0.002991
180.829446,-0.211970,-0.043697,9.783507,0.000142,0.004361,-0.002663
180.839339,-0.195596,-0.055717,9.779940,-0.000542,-0.003759,-0.002374
180.849218,-0.209550,-0.052208,9.798595,0.003338,-0.004871,0.000088
180.859126,-0.222330,-0.052187,9.787204,0.001383,0.003348,-0.001857
180.868990,-0.217110,-0.037564,9.791000,0.003427,-0.004712,0.002745
180.878888,-0.210752,-0.029625,9.788309,-0.002404,0.002124,-0.000079
180.888766,-0.213145,-0.034076,9.789448,-0.000646,-0.002600,-0.001621
180.898672,-0.204096,-0.051779,9.797974,-0.001388,0.005045,-0.001161
180.908537,-0.207769,-0.041640,9.805456,0.001600,0.000515,0.000447
180.918433,-0.214632,-0.061955,9.816227,0.001118,0.001497,0.000202
180.928308,-0.206115,-0.043560,9.811680,-0.001285,-0.000467,-0.001988
180.938218,-0.209028,-0.043159,9.807989,-0.000891,-0.001877,0.002577
180.948082,-0.214857,-0.037896,9.807282,0.001215,-0.000043,0.000518
180.957980,-0.188185,-0.055617,9.787350,-0.000241,0.001117,-0.001832
180.967855,-0.211051,-0.045579,9.805513,0.003132,-0.001349,0.001958
180.977762,-0.223260,-0.058382,9.815837,-0.001996,-0.000713,-0.000077
180.987628,-0.200642,-0.063156,9.814074,-0.000827,0.004901,-0.003804
180.997528,-0.202961,-0.047005,9.814353,0.000706,-0.003857,0.001329
181.007405,-0.200834,-0.027241,9.792088,-0.000910,0.002244,-0.001010
181.017305,-0.204236,-0.052421,9.789236,-0.000131,0.001339,-0.001650
181.027174,-0.219351,-0.063683,9.805060,0.001718,0.002695,-0.004412
181.037069,-0.210048,-0.066196,9.794331,-0.000783,0.002162,-0.003123
181.046946,-0.209321,-0.057544,9.811214,-0.001744,-0.001767,0.002871
181.056850,-0.217322,-0.060904,9.797161,0.000566,-0.002885,-0.001275
181.066721,-0.217368,-0.056513,9.809658,0.001227,0.004418,-0.003040
181.076614,-0.220983,-0.038673,9.780893,-0.000521,0.000976,0.002216
181.086492,-0.201534,-0.032212,9.781117,0.001686,0.000576,-0.003174
181.096401,-0.208605,-0.053702,9.803492,-0.001239,0.004437,0.001959
181.106268,-0.210815,-0.071307,9.805203,-0.000333,0.005309,-0.003974
181.116159,-0.225291,-0.051956,9.788861,0.002982,-0.004372,0.002520
181.126046,-0.205478,-0.053922,9.781995,-0.000519,0.000793,0.002603
181.135949,-0.191872,-0.050544,9.782071,-0.000429,-0.004690,0.001344
181.145813,-0.211150,-0.028963,9.775347,0.001036,-0.000659,-0.001174
181.155710,-0.203969,-0.032411,9.796072,0.000210,-0.000727,0.001560
181.165590,-0.199664,-0.049783,9.808472,0.002089,-0.001201,0.000084
181.175497,-0.211495,-0.046393,9.802943,0.003300,0.000304,0.001164
181.185360,-0.203416,-0.041229,9.806860,-0.002222,0.000676,0.000267
181.195255,-0.207784,-0.051724,9.801678,0.000508,0.003759,-0.002358
181.205133,-0.214968,-0.059607,9.808153,0.001582,-0.001795,-0.000290
181.215036,-0.211312,-0.052297,9.793472,0.005152,-0.000728,-0.000572
181.224904,-0.210647,-0.057966,9.771785,-0.002369,0.003431,-0.000325
181.234804,-0.207238,-0.054262,9.783899,-0.000749,0.001214,-0.001253
181.244678,-0.211739,-0.028869,9.817031,0.001003,0.001379,-0.001735
181.254590,-0.207569,-0.048345,9.823823,0.002423,-0.002660,0.002578
181.264451,-0.184174,-0.028186,9.795336,0.001492,0.003597,-0.004350
181.274347,-0.217182,-0.040675,9.809970,-0.000329,0.000618,-0.002913
181.284228,-0.223316,-0.059680,9.815708,0.003237,-0.000282,0.000492
181.294129,-0.203898,-0.059323,9.818107,-0.002176,-0.001035,-0.006408
181.303999,-0.211435,-0.055055,9.835001,-0.001843,0.005339,0.000036
181.313893,-0.207076,-0.046078,9.809208,0.000026,-0.000703,0.001786
181.323774,-0.210148,-0.039176,9.808062,-0.000354,-0.000305,-0.002888
181.333674,-0.217419,-0.061884,9.786895,0.000805,-0.001562,0.000060
181.343552,-0.209217,-0.057337,9.788406,0.002900,-0.002310,0.004628
181.353438,-0.216383,-0.053600,9.796339,0.001995,-0.001008,-0.004004
181.363316,-0.219321,-0.039999,9.814831,-0.001085,0.002916,-0.000962
181.373221,-0.227537,-0.043216,9.811746,0.002515,-0.001914,-0.002212
181.383088,-0.229460,-0.047624,9.787481,-0.002267,-0.004074,-0.000577
181.392983,-0.225795,-0.036692,9.806133,0.000168,0.002799,0.001354
181.402861,-0.217118,-0.033135,9.808458,-0.001254,0.004979,0.000264
181.412765,-0.195226,-0.037579,9.783355,0.002330,0.002297,-0.001316
181.422633,-0.217064,-0.052453,9.799116,0.002918,-0.001006,0.002965
181.432535,-0.216927,-0.053801,9.795819,0.002451,0.000890,0.001136
181.442410,-0.189319,-0.053905,9.797004,-0.002071,0.000383,0.003192
181.452315,-0.214570,-0.046664,9.789959,0.000993,0.001832,0.001683
181.462180,-0.203772,-0.052941,9.794793,0.001733,0.001125,0.002689
181.472073,-0.214034,-0.055914,9.779991,0.002602,0.000354,-0.000537
181.481953,-0.216516,-0.063667,9.801613,-0.005227,0.000564,-0.000171
181.491861,-0.211623,-0.053273,9.799266,0.000126,0.000905,0.001237
181.501724,-0.200336,-0.032717,9.777776,0.003201,-0.002132,0.000025
181.511619,-0.210853,-0.038937,9.807485,0.000613,-0.002058,0.000385
181.521497,-0.222408,-0.057613,9.815534,-0.000246,-0.000293,0.000651
181.531404,-0.215242,-0.063497,9.814482,0.002854,-0.001790,-0.001392
181.541270,-0.223184,-0.036757,9.807899,-0.001156,-0.000384,0.000898
181.551165,-0.224112,-0.043077,9.800786,-0.001105,0.001973,-0.001976
181.561043,-0.200244,-0.039659,9.815567,-0.002954,0.002490,-0.001867
181.570946,-0.208324,-0.052619,9.802356,-0.001448,0.002341,-0.003086
181.580816,-0.215295,-0.054533,9.809500,-0.001716,0.002845,-0.004281
181.590713,-0.223168,-0.085136,9.804812,0.003170,-0.001533,-0.001817
181.600590,-0.215654,-0.059447,9.774294,0.002915,-0.000916,0.000272
181.610498,-0.202331,-0.046190,9.798093,0.000672,-0.000987,0.000538
181.620363,-0.199387,-0.066110,9.795535,0.002172,-0.000841,-0.005845
181.630264,-0.205310,-0.059049,9.804566,-0.001205,0.003365,-0.002423
181.640136,-0.218023,-0.044596,9.808358,-0.001276,0.002364,-0.002774
181.650043,-0.193052,-0.036329,9.798733,-0.003663,0.003406,-0.001176
181.659907,-0.207299,-0.042474,9.799401,0.001007,0.001437,-0.002268
181.669802,-0.207184,-0.057278,9.802252,-0.001897,0.003666,-0.001392
181.679686,-0.189737,-0.053785,9.797658,0.001973,-0.001733,-0.001548
181.689585,-0.201826,-0.057974,9.789889,0.000639,0.000452,0.003536
181.699455,-0.211265,-0.064982,9.807068,-0.000054,0.003859,-0.004361
181.709347,-0.218905,-0.055680,9.815803,0.001235,-0.001144,0.001485
181.719227,-0.205986,-0.032638,9.810118,-0.001145,0.005270,-0.000656
181.729131,-0.209736,-0.054357,9.798610,0.001929,0.004865,-0.000768
181.739005,-0.212796,-0.064479,9.786238,0.001265,0.001650,0.000226
181.748899,-0.233378,-0.060476,9.782331,0.000078,-0.000268,0.003054
181.758782,-0.213105,-0.050059,9.794802,0.000748,-0.002758,0.000045
181.768679,-0.191279,-0.031934,9.783601,-0.000167,-0.001563,-0.002431
181.778545,-0.210814,-0.041902,9.787927,0.002796,-0.003752,0.000938
181.788440,-0.208724,-0.045290,9.799740,0.000632,0.000722,0.001082
181.798328,-0.205580,-0.057992,9.791953,-0.001627,0.002294,0.001103
181.808225,-0.219223,-0.063112,9.803171,-0.001252,-0.001685,0.003167
181.818092,-0.219701,-0.063294,9.810055,-0.000343,0.002534,0.004422
181.827987,-0.210350,-0.057281,9.797632,0.001661,0.001322,-0.002693
181.837865,-0.217387,-0.056433,9.804699,0.001298,-0.000250,0.000464
181.847769,-0.207709,-0.062377,9.799023,-0.001515,-0.000499,-0.000749
181.857640,-0.210433,-0.031434,9.790419,0.000314,0.003862,0.001016
181.867535,-0.209986,-0.027097,9.789048,0.002681,0.001604,-0.001485
181.877415,-0.213702,-0.034645,9.790568,-0.000716,0.000777,0.001589
181.887323,-0.200682,-0.043722,9.809153,-0.000697,-0.000215,0.001256
181.897183,-0.205006,-0.058569,9.798295,-0.002310,-0.001160,0.000458
181.907083,-0.217502,-0.060379,9.795693,0.002942,-0.003075,0.000343
181.916957,-0.221819,-0.047153,9.779537,0.002109,-0.004392,0.000787
181.926869,-0.209448,-0.056869,9.766912,-0.000803,-0.002102,0.005221
181.936732,-0.211483,-0.061901,9.801695,-0.000128,-0.000407,0.001839
181.946626,-0.203387,-0.038833,9.813181,0.002034,0.001692,0.000790
181.956507,-0.205542,-0.043671,9.812747,-0.001669,-0.000212,-0.000001
181.966407,-0.213531,-0.046694,9.801257,0.001620,0.002855,-0.000242
181.976278,-0.209813,-0.050967,9.801620,0.002076,0.001270,0.001489
181.986178,-0.201162,-0.050099,9.801535,0.001303,0.000066,-0.003194
181.996049,-0.199046,-0.029519,9.802838,0.000883,-0.003926,0.004707
182.005951,-0.209328,-0.027378,9.779628,0.003073,0.000972,-0.005173
182.015827,-0.214050,-0.050520,9.786322,0.002256,-0.002829,0.002576
182.025716,-0.224988,-0.084097,9.808138,0.003337,-0.002062,0.001177
182.035593,-0.211640,-0.061054,9.790057,0.000833,0.000489,-0.000158
182.045497,-0.205703,-0.040350,9.785606,0.000249,-0.004019,-0.000663
182.055366,-0.213496,-0.052696,9.787212,0.001033,0.002336,-0.000161
182.065261,-0.214864,-0.051261,9.794440,0.002571,-0.002199,-0.000093
182.075138,-0.214052,-0.048978,9.773437,0.003023,0.003037,-0.000483
182.085043,-0.222414,-0.041285,9.799739,0.002118,-0.002613,-0.001323
182.094912,-0.221204,-0.034594,9.796142,0.002213,-0.003362,-0.006095
182.104811,-0.218601,-0.035102,9.797048,-0.001788,-0.005446,0.001573
182.114692,-0.215195,-0.039017,9.804108,-0.002873,-0.002874,0.003217
182.124593,-0.216254,-0.046347,9.806928,-0.001705,0.002560,0.000719
182.134461,-0.207775,-0.065819,9.779922,-0.000435,0.000918,-0.002674
182.144352,-0.206320,-0.047933,9.812587,-0.001553,0.005561,-0.002194
182.154234,-0.202216,-0.048467,9.818817,0.000426,0.002067,0.003316
182.164135,-0.220055,-0.047448,9.803252,0.000251,0.000596,-0.001053
182.174007,-0.206675,-0.045219,9.786597,-0.000065,0.001699,-0.002394
182.183904,-0.206158,-0.059760,9.794302,-0.000954,0.000681,-0.000914
182.193781,-0.214118,-0.067823,9.780473,0.004105,-0.001746,0.000612
182.203683,-0.199359,-0.046961,9.777518,-0.002454,0.001900,-0.003539
182.213559,-0.213140,-0.051682,9.797867,0.000704,0.003140,-0.001527
182.223445,-0.206693,-0.049249,9.798822,0.004390,0.003790,-0.002246
182.233323,-0.221121,-0.054988,9.816434,0.001490,-0.000121,-0.000912
182.243231,-0.213759,-0.040245,9.826574,0.001418,0.000171,-0.006015
182.253103,-0.206008,-0.051913,9.792460,-0.000899,-0.000648,0.000282
182.262991,-0.221646,-0.054051,9.799507,0.001737,-0.003361,-0.000572
182.272874,-0.217671,-0.064567,9.791315,-0.000754,0.001285,-0.000443
182.282783,-0.221798,-0.062331,9.807365,0.002816,-0.001655,0.000978
182.292642,-0.218340,-0.039866,9.810318,0.000017,0.003558,-0.005431
182.302539,-0.208031,-0.033309,9.794318,0.000366,0.001534,-0.001281
182.312415,-0.209389,-0.045008,9.798822,0.002381,-0.004920,-0.002973
182.322319,-0.209825,-0.047083,9.802400,0.000074,0.003927,0.001756
182.332189,-0.224104,-0.049403,9.806186,0.002264,-0.000987,0.000327
182.342093,-0.221533,-0.048725,9.804360,0.000025,0.002060,0.000621
182.351960,-0.209453,-0.027873,9.809067,-0.000980,0.004611,0.001768
182.361865,-0.208453,-0.030545,9.797891,0.000160,-0.001599,0.002400
182.371734,-0.208019,-0.047447,9.805695,0.001158,-0.000674,-0.001760
182.381630,-0.223550,-0.069195,9.805438,-0.001625,0.002523,-0.001372
182.391508,-0.216102,-0.065102,9.790622,-0.003654,-0.002715,-0.002251
182.401410,-0.200323,-0.045604,9.802901,0.003024,-0.000135,0.001445
182.411280,-0.197090,-0.037479,9.817248,0.003056,-0.002203,0.002226
182.421175,-0.200077,-0.017040,9.806639,0.000261,-0.001676,0.000325
182.431059,-0.203772,-0.038936,9.793917,-0.001140,0.002441,-0.000345
182.440965,-0.219800,-0.070170,9.792140,0.001208,0.004291,0.002475
182.450829,-0.214362,-0.053956,9.795262,-0.001794,0.001918,-0.000073
182.460722,-0.204740,-0.054214,9.793274,0.003450,0.003350,-0.000666
182.470601,-0.229888,-0.045915,9.809531,0.001593,-0.001787,0.000692
182.480502,-0.201579,-0.048478,9.814611,-0.004362,-0.003456,-0.002289
182.490375,-0.200973,-0.047919,9.792828,0.001822,0.002693,0.001135
182.500271,-0.222084,-0.049931,9.803168,-0.002149,0.003288,0.001894
182.510154,-0.220301,-0.050133,9.799339,-0.001582,-0.000106,-0.002036
182.520059,-0.217848,-0.035212,9.794021,-0.001173,-0.000875,-0.000945
182.529922,-0.228043,-0.030984,9.796308,-0.000151,-0.000208,0.002454
182.539821,-0.226373,-0.053601,9.800973,-0.000124,0.000000,-0.001622
182.549692,-0.226281,-0.030589,9.794493,0.002580,-0.004395,0.000500
182.559598,-0.199599,-0.043483,9.794687,-0.002059,0.000217,-0.001411
182.569464,-0.213756,-0.045094,9.800613,0.001570,0.000050,-0.002364
182.579361,-0.220598,-0.037794,9.789266,-0.000577,0.000425,0.003185
182.589241,-0.233801,-0.061093,9.795973,0.001596,-0.005001,-0.003051
182.599141,-0.224071,-0.054301,9.795833,0.001208,-0.001169,-0.000786
182.609008,-0.221292,-0.049199,9.789124,0.000750,0.002271,-0.001061
182.618909,-0.206279,-0.035417,9.797436,0.003228,-0.001005,0.002982
182.628782,-0.206830,-0.044801,9.801021,-0.000781,-0.000359,-0.003110
182.638688,-0.212103,-0.059451,9.786538,-0.002623,0.000697,-0.002670
182.648560,-0.208396,-0.037262,9.794710,0.002372,0.001545,-0.001894
182.658450,-0.215488,-0.023850,9.796755,-0.001043,-0.000528,0.001953
182.668335,-0.228205,-0.055425,9.786515,-0.002371,-0.000832,-0.000213
182.678233,-0.228530,-0.061006,9.795336,0.000129,-0.003491,0.001585
182.688100,-0.200985,-0.039648,9.789010,0.001614,-0.000968,0.000748
182.697997,-0.198226,-0.046680,9.781804,0.003252,-0.002975,0.004309
182.707874,-0.218339,-0.049127,9.776395,-0.001383,0.003386,0.000428
182.717779,-0.218602,-0.036784,9.771670,0.001201,-0.001193,0.001478
182.727647,-0.206990,-0.029588,9.782855,0.004183,-0.002238,-0.001386
182.737541,-0.209807,-0.038615,9.791283,0.000062,-0.000646,-0.002470
182.747422,-0.212962,-0.036749,9.785976,-0.001768,-0.000014,-0.000609
182.757329,-0.210997,-0.054930,9.787017,0.000704,0.000784,-0.000390
182.767195,-0.204531,-0.038988,9.797772,-0.001236,0.002366,0.000826
182.777087,-0.201360,-0.034162,9.795010,0.003852,0.001656,0.002724
182.786967,-0.205006,-0.043076,9.793144,0.000909,-0.002316,-0.000890
182.796869,-0.210081,-0.053608,9.779043,-0.000531,0.001526,0.001104
182.806738,-0.232727,-0.052749,9.796620,-0.001027,0.001319,-0.004960
182.816633,-0.214864,-0.065229,9.789598,-0.002598,0.002835,0.000373
182.826511,-0.188454,-0.058221,9.789170,-0.003038,0.001939,-0.003016
182.836421,-0.194171,-0.034864,9.808639,0.001867,-0.001645,0.002069
182.846284,-0.199174,-0.036144,9.791719,-0.001012,-0.003404,0.000025
182.856179,-0.215748,-0.043940,9.789591,-0.000847,-0.002541,-0.001485
182.866057,-0.213726,-0.031474,9.799148,-0.001487,0.000085,-0.001886
182.875967,-0.220869,-0.027455,9.795321,0.001895,0.001877,-0.003296
182.885831,-0.218831,-0.055311,9.797103,-0.003258,0.001275,-0.004355
182.895728,-0.207408,-0.053435,9.793402,0.002941,0.001677,-0.002870
182.905605,-0.206344,-0.062225,9.795165,0.000707,-0.001850,-0.001123
182.915507,-0.212265,-0.029981,9.799177,-0.000762,0.004678,0.002125
182.925376,-0.205879,-0.034773,9.808042,0.000669,-0.000217,0.003529
182.935271,-0.213655,-0.064693,9.785071,0.003723,-0.003550,0.000568
182.945152,-0.218035,-0.053146,9.800004,0.001866,-0.001703,-0.001792
182.955063,-0.209489,-0.044337,9.805545,0.003376,-0.003152,-0.003519
182.964923,-0.225514,-0.050251,9.803243,-0.000178,-0.001432,-0.000593
182.974817,-0.227712,-0.047713,9.793701,0.003265,-0.005098,0.005910
182.984695,-0.228248,-0.029883,9.801039,0.002822,0.001346,-0.001116
182.994601,-0.205233,-0.049327,9.820175,-0.000250,0.000626,-0.000577
183.004477,-0.205665,-0.040005,9.802890,-0.000757,-0.000212,-0.003429
183.014370,-0.226356,-0.047271,9.791773,0.001717,0.001208,0.002382
183.024243,-0.222428,-0.051834,9.799960,0.001033,0.000831,0.000435
183.034147,-0.209866,-0.042670,9.796730,0.000617,0.004087,-0.000725
183.044019,-0.203748,-0.048215,9.804033,-0.004860,-0.000389,-0.003599
183.053911,-0.214589,-0.056048,9.808956,0.000125,0.000803,0.002252
183.063791,-0.194592,-0.051777,9.792340,0.000899,-0.001206,0.000085
183.073696,-0.192319,-0.066596,9.790499,-0.000136,-0.000078,0.001836
183.083565,-0.209663,-0.053194,9.789411,0.002035,-0.001056,-0.002212
183.093455,-0.200095,-0.040736,9.800828,-0.000508,0.000031,-0.000603
183.103340,-0.206943,-0.069682,9.811445,-0.000086,-0.001130,0.000527
183.113246,-0.205376,-0.086125,9.801215,-0.001013,0.003793,-0.002452
183.123109,-0.211465,-0.077179,9.810122,0.002701,-0.001828,-0.001973
183.133010,-0.192658,-0.055489,9.810486,0.003429,0.000970,-0.000940
183.142880,-0.206008,-0.038922,9.797360,0.001400,-0.000595,-0.002199
183.152785,-0.214903,-0.040693,9.811636,0.000793,0.002636,-0.004747
183.162657,-0.218861,-0.043522,9.826193,0.002880,0.002007,0.002892
183.172547,-0.216944,-0.030110,9.797531,0.001729,0.001147,-0.000129
183.182429,-0.202075,-0.046110,9.810913,0.001839,-0.003860,-0.004429
183.192333,-0.204910,-0.034839,9.803224,0.002466,-0.007630,0.000117
183.202199,-0.233872,-0.043456,9.797836,0.000913,0.001046,0.003005
183.212093,-0.227317,-0.046235,9.794232,-0.002147,0.001223,-0.001555
183.221981,-0.216249,-0.038912,9.801693,-0.000513,-0.002572,-0.000408
183.231876,-0.206483,-0.049011,9.804730,0.002738,0.000259,-0.001217
183.241744,-0.207271,-0.049758,9.795471,-0.000852,0.002000,-0.001064
183.251639,-0.201152,-0.047468,9.778844,0.002385,-0.003001,-0.003941
183.261517,-0.212928,-0.033438,9.788448,-0.001716,-0.000454,-0.001114
183.271423,-0.204646,-0.051426,9.792581,0.000585,-0.005843,-0.002572
183.281294,-0.219222,-0.043809,9.793215,0.001737,-0.001248,0.000537
183.291186,-0.207019,-0.050187,9.779602,0.003866,-0.001316,0.002352
183.301065,-0.221495,-0.044470,9.797835,0.004129,-0.002592,-0.001329
183.310968,-0.205871,-0.056807,9.785570,-0.001123,0.000329,-0.000979
183.320836,-0.207079,-0.049953,9.789076,0.001400,0.002218,-0.003140
183.330735,-0.215661,-0.049635,9.791422,0.001670,-0.004455,0.001591
183.340613,-0.212424,-0.046570,9.790012,0.000197,0.000172,0.001208
183.350519,-0.205643,-0.057415,9.813719,-0.001248,-0.005554,-0.003494
183.360382,-0.203817,-0.057192,9.788558,-0.002162,0.001548,0.001093
183.370278,-0.201785,-0.038603,9.778698,0.002793,-0.001949,-0.000451
183.380156,-0.218199,-0.036958,9.792044,0.001266,-0.001892,-0.001718
183.390068,-0.215230,-0.029681,9.785560,-0.001920,0.001032,0.000642
183.399930,-0.203348,-0.040457,9.777709,-0.000508,0.000608,0.003324
183.409826,-0.205234,-0.061084,9.800537,0.001797,-0.003013,-0.000546
183.419710,-0.212131,-0.053383,9.794288,0.000166,-0.002181,0.000166
183.429605,-0.234650,-0.065880,9.800294,-0.000948,0.000464,-0.002631
183.439475,-0.227343,-0.054822,9.796552,0.000766,-0.000185,0.007123
183.449371,-0.216191,-0.032989,9.788553,0.003596,0.000060,-0.001539
183.459255,-0.219355,-0.030140,9.784161,-0.001500,0.002172,0.001838
183.469152,-0.216964,-0.045121,9.783785,0.000847,-0.001369,-0.000797
183.479020,-0.220932,-0.064428,9.798479,-0.001508,0.000826,0.000108
183.488915,-0.214340,-0.029445,9.801486,-0.000178,0.001167,-0.003142
183.498793,-0.211266,-0.050913,9.787548,-0.001309,0.000821,0.004541
183.508704,-0.231588,-0.044604,9.777298,-0.001338,0.001901,0.001834
183.518576,-0.229568,-0.058817,9.777986,0.001697,-0.000436,-0.002995
183.528466,-0.212588,-0.058437,9.780994,0.002041,0.000808,0.002320
183.538341,-0.216484,-0.048756,9.781128,-0.001735,-0.000233,-0.000849
183.548247,-0.218659,-0.053843,9.789563,-0.000593,-0.002325,-0.004894
183.558115,-0.221974,-0.051684,9.787576,0.003499,-0.000109,0.002254
183.568011,-0.219473,-0.069644,9.787985,0.003952,0.001474,-0.002332
183.577890,-0.213554,-0.056696,9.804092,0.001560,-0.003260,-0.001748
183.587797,-0.202970,-0.043334,9.791096,-0.000712,0.000884,0.003410
183.597665,-0.211037,-0.048913,9.785919,0.002834,-0.000557,0.000536
183.607557,-0.206813,-0.047190,9.802486,0.003125,-0.004215,0.000542
183.617437,-0.214649,-0.045995,9.813357,0.003667,0.001881,0.004214
183.627343,-0.220338,-0.037089,9.824123,-0.002655,0.005790,-0.000107
183.637214,-0.217426,-0.015287,9.801139,0.002361,-0.001993,0.001251
183.647103,-0.207339,-0.009873,9.799286,0.000228,0.003168,-0.006108
183.656984,-0.205635,-0.032275,9.808060,0.002767,0.002499,-0.003792
183.666885,-0.224072,-0.046488,9.818450,0.002733,-0.001672,-0.003150
183.676755,-0.209347,-0.048019,9.780363,-0.000765,0.002512,-0.002024
183.686649,-0.208385,-0.069660,9.775237,0.000033,0.001650,0.001899
183.696525,-0.221455,-0.058333,9.818075,-0.000403,-0.001803,0.000137
183.706439,-0.219578,-0.041763,9.823914,0.002446,-0.001235,-0.002128
183.716298,-0.218210,-0.050762,9.786840,-0.000160,0.000834,0.000304
183.726194,-0.202163,-0.081168,9.798596,0.001827,0.000969,-0.000341
183.736071,-0.200892,-0.050436,9.778310,-0.003338,0.000743,-0.002382
183.745976,-0.209044,-0.045706,9.786563,-0.000072,-0.002351,-0.001284
183.755844,-0.191111,-0.035012,9.795258,0.001236,-0.001926,-0.000534
183.765740,-0.203303,-0.049869,9.781094,0.004086,-0.002431,0.002391
183.775624,-0.210397,-0.047716,9.781790,-0.001894,0.000187,-0.001220
183.785524,-0.218993,-0.048918,9.792055,0.002592,0.002935,0.005967
183.795392,-0.203253,-0.057915,9.792884,0.000907,0.000575,0.002070
183.805284,-0.216729,-0.045652,9.774619,0.000300,0.002537,-0.002225
183.815163,-0.216675,-0.044913,9.786642,0.002210,0.000279,-0.003631
183.825068,-0.215447,-0.065283,9.786661,-0.000019,0.000142,0.000235
183.834937,-0.207132,-0.072988,9.797924,0.001508,-0.000357,-0.000506
183.844829,-0.213231,-0.034874,9.798704,0.006649,-0.000231,0.000123
183.854708,-0.205274,-0.045246,9.794867,0.001072,-0.003890,0.001036
183.864612,-0.200582,-0.053617,9.801904,0.000005,0.003415,-0.002168
183.874485,-0.223035,-0.032852,9.787437,0.000374,0.003026,-0.000917
183.884375,-0.218720,-0.042683,9.797937,0.002294,-0.001731,-0.001436
183.894263,-0.224808,-0.036138,9.812601,0.003161,-0.001802,-0.001563
183.904161,-0.222829,-0.038697,9.788911,0.000324,-0.001752,0.002381
183.914028,-0.196707,-0.030521,9.797731,-0.001626,0.001930,-0.002337
183.923921,-0.217509,-0.060248,9.794826,0.002880,0.002567,0.002140
183.933800,-0.220916,-0.053034,9.783071,0.000811,0.003748,0.002210
183.943706,-0.205976,-0.069404,9.787745,0.000317,-0.003733,0.000464
183.953574,-0.210048,-0.055157,9.812274,0.001363,0.003333,0.002340
183.963473,-0.207250,-0.046978,9.803145,0.002368,-0.002579,-0.001680
183.973347,-0.233407,-0.043712,9.820385,0.000924,-0.001453,-0.000971
183.983250,-0.226720,-0.037331,9.804216,0.002575,0.003434,0.001395
183.993119,-0.211589,-0.068201,9.793498,0.000968,-0.003971,-0.001996
184.003021,-0.203225,-0.038235,9.823583,-0.000076,0.002337,-0.001517
184.012892,-0.201910,-0.044671,9.808497,0.002611,-0.005319,0.000742
184.022805,-0.214867,-0.046827,9.817202,-0.000126,-0.001757,0.002652
184.032669,-0.207488,-0.047418,9.811591,0.003367,0.001779,-0.002069
184.042562,-0.220307,-0.049316,9.811492,-0.002967,-0.002410,-0.000702
184.052443,-0.225950,-0.047025,9.812690,0.004831,0.002101,0.004001
184.062344,-0.226695,-0.052756,9.797109,-0.000145,-0.002894,-0.000394
184.072212,-0.219214,-0.041735,9.789402,0.001822,-0.002621,0.001760
184.082106,-0.202232,-0.041473,9.801560,-0.002646,0.000320,-0.000231
184.091987,-0.197293,-0.053870,9.792342,0.002829,-0.000007,-0.001188
184.101893,-0.212075,-0.071733,9.789162,0.000949,-0.004724,-0.000138
184.111761,-0.202505,-0.051418,9.787740,0.000857,0.000271,0.002256
184.121657,-0.199843,-0.050468,9.806177,0.000961,0.001660,-0.002369
184.131531,-0.208323,-0.044901,9.792812,0.005169,-0.001894,0.000152
184.141435,-0.211671,-0.059078,9.785741,0.001153,0.000549,-0.000770
184.151312,-0.209352,-0.063461,9.806250,0.001097,-0.000828,0.002657
184.161199,-0.193338,-0.042632,9.806649,-0.001873,0.001914,0.003439
184.171086,-0.211165,-0.029145,9.789575,0.000546,0.002719,-0.002327
184.180989,-0.215242,-0.027009,9.817596,-0.000569,-0.000641,-0.000476
184.190849,-0.215001,-0.036260,9.805970,0.000923,0.004018,-0.000463
184.200753,-0.217340,-0.027579,9.780832,0.001062,-0.002358,-0.001018
184.210624,-0.230765,-0.050374,9.786166,0.005569,-0.000395,0.002544
184.220526,-0.212955,-0.070927,9.773798,0.003242,0.004204,0.000479
184.230397,-0.209058,-0.061257,9.802277,0.000326,-0.000953,-0.003915
184.240293,-0.206562,-0.060584,9.805684,0.005108,-0.004481,-0.003527
184.250170,-0.201250,-0.046509,9.797342,0.000222,0.002453,-0.000066
184.260072,-0.211758,-0.075767,9.798143,-0.001819,-0.000506,0.002054
184.269953,-0.207412,-0.091167,9.790080,0.001868,-0.003059,-0.000977
184.279841,-0.206408,-0.057638,9.796190,0.000125,0.000636,-0.000635
184.289717,-0.205996,-0.059052,9.803023,0.002468,0.004997,-0.002017
184.299620,-0.202254,-0.067274,9.805521,0.003281,-0.003640,-0.000356
184.309488,-0.206379,-0.059275,9.795939,0.003399,-0.001164,0.001427
184.319384,-0.189746,-0.047088,9.790861,0.003767,0.001379,0.000942
184.329263,-0.200510,-0.059412,9.765710,0.001745,-0.003001,-0.000007
184.339173,-0.222693,-0.051000,9.803844,-0.001579,0.003197,0.000052
184.349037,-0.204638,-0.070873,9.808944,0.003149,0.000203,-0.001202
184.358932,-0.222099,-0.066828,9.790540,0.001566,0.001081,-0.000235
184.368808,-0.225761,-0.055655,9.784674,-0.000559,-0.001204,0.004094
184.378715,-0.234028,-0.052327,9.803342,-0.000589,-0.003275,-0.000898
184.388579,-0.214703,-0.051283,9.812226,0.001546,-0.000750,0.002399
184.398478,-0.186722,-0.040446,9.795562,-0.000318,-0.004135,-0.002132
184.408354,-0.222369,-0.048998,9.767606,0.000452,-0.001391,0.000589
184.418256,-0.204197,-0.049577,9.790114,0.001893,-0.000186,0.005650
184.428130,-0.200673,-0.042147,9.795961,-0.000743,-0.000954,-0.000949
184.438020,-0.221975,-0.047832,9.798801,0.000036,0.001529,-0.003339
184.447898,-0.234620,-0.040999,9.789420,0.000542,-0.000039,-0.000924
184.457802,-0.225044,-0.068691,9.794748,0.003332,-0.002631,0.000006
184.467677,-0.211472,-0.082462,9.784061,-0.000127,-0.000515,0.002409
184.477566,-0.208560,-0.046292,9.802359,-0.001243,0.001369,-0.000824
184.487447,-0.212650,-0.041185,9.809989,-0.000233,0.002921,0.001941
184.497358,-0.215651,-0.050624,9.774482,-0.000053,-0.002870,-0.001108
184.507220,-0.208094,-0.043800,9.786025,-0.000942,-0.002578,0.000460
184.517112,-0.217621,-0.024876,9.810182,0.004703,-0.001582,-0.000684
184.526991,-0.226316,-0.043630,9.803285,-0.003190,0.004135,-0.001321
184.536904,-0.208018,-0.039095,9.788462,0.000590,-0.000162,-0.000036
184.546763,-0.197363,-0.043809,9.798508,0.002728,-0.002638,0.000066
184.556663,-0.207689,-0.056205,9.798895,-0.001411,0.000720,0.000679
184.566542,-0.199365,-0.046496,9.802390,0.001363,-0.000580,0.003182
184.576440,-0.208594,-0.056282,9.809213,-0.000253,-0.001241,-0.003921
184.586310,-0.208771,-0.044194,9.805389,-0.000516,0.001936,0.001156
184.596206,-0.219977,-0.036873,9.795232,0.000075,-0.000423,0.004357
184.606089,-0.215040,-0.033793,9.779598,0.001133,-0.002244,0.001108
184.615987,-0.220780,-0.024944,9.783000,0.000307,0.000628,-0.001772
184.625855,-0.231240,-0.068737,9.801507,0.004561,0.000720,0.001298
184.635751,-0.212794,-0.047892,9.795353,0.002589,-0.002176,0.000135
184.645638,-0.204033,-0.028462,9.816746,0.003101,-0.002509,-0.003162
184.655537,-0.216188,-0.046113,9.811826,-0.001429,0.002254,0.001198
184.665402,-0.207719,-0.050274,9.805911,-0.000489,0.001151,-0.002683
184.675298,-0.210584,-0.048797,9.797489,-0.001441,-0.000389,-0.005594
184.685180,-0.218152,-0.031759,9.822561,0.002863,0.003987,0.004412
184.695080,-0.204824,-0.031235,9.799745,0.000947,0.000696,-0.000073
184.704950,-0.213010,-0.036712,9.774613,-0.000419,-0.001611,0.000960
184.714845,-0.216055,-0.028750,9.786248,0.002013,0.000895,0.001710
184.724722,-0.215125,-0.058083,9.788004,0.000960,0.002295,0.003885
184.734627,-0.201778,-0.058419,9.757974,0.001109,-0.000446,-0.002352
184.744493,-0.186656,-0.053933,9.786574,-0.000602,0.001283,-0.001533
184.754388,-0.204377,-0.046637,9.807333,-0.002621,0.001839,-0.004228
184.764272,-0.209057,-0.038356,9.809506,0.001320,-0.000208,-0.001208
184.774176,-0.209311,-0.041817,9.809344,-0.000892,0.000241,-0.001759
184.784044,-0.194040,-0.041363,9.776490,-0.001591,0.003845,-0.000846
184.793936,-0.192502,-0.052753,9.784206,0.000564,0.004254,-0.001958
184.803816,-0.205865,-0.056007,9.789617,0.002968,-0.001950,-0.004287
184.813719,-0.206417,-0.050159,9.803165,0.001805,-0.001048,0.000921
184.823587,-0.221913,-0.021894,9.772560,-0.002826,-0.003087,-0.001928
184.833487,-0.213755,-0.018728,9.777913,-0.000318,0.000931,-0.000748
184.843358,-0.199311,-0.067940,9.818628,0.000678,-0.002173,-0.000381
184.853263,-0.198277,-0.062847,9.807782,-0.002243,0.002836,0.000873
184.863140,-0.191514,-0.035206,9.806879,-0.004153,-0.000865,-0.004011
184.873031,-0.194127,-0.040018,9.794905,-0.002776,-0.002111,0.000461
184.882910,-0.209942,-0.038407,9.796950,0.000895,-0.000996,0.000073
184.892810,-0.201811,-0.043769,9.801290,-0.000545,-0.001235,-0.004228
184.902683,-0.195222,-0.056660,9.808423,-0.001826,-0.003349,-0.001923
184.912574,-0.214785,-0.049552,9.788892,-0.000020,0.002207,0.000674
184.922451,-0.213407,-0.068216,9.786094,-0.001149,0.000765,-0.001115
184.932355,-0.202941,-0.028348,9.810341,0.003573,0.000537,-0.003267
184.942225,-0.191761,-0.024703,9.807268,-0.001354,-0.005195,-0.002099
184.952120,-0.213479,-0.044327,9.793879,0.001116,0.000762,0.001674
184.961999,-0.215009,-0.039380,9.806502,0.001909,-0.001428,-0.001248
184.971902,-0.203475,-0.046697,9.796483,0.004411,-0.002730,0.003932
184.981780,-0.223158,-0.041695,9.768810,0.000174,0.000891,-0.003840
184.991667,-0.207355,-0.037630,9.792210,0.000872,-0.001677,0.003395
185.001549,-0.199284,-0.040957,9.794826,-0.000706,0.001065,-0.002460
185.011453,-0.211646,-0.041949,9.813860,-0.000244,-0.003501,-0.001053
185.021324,-0.216068,-0.049367,9.795103,-0.002603,0.003834,-0.004471
185.031216,-0.223893,-0.043489,9.802112,0.000114,-0.000128,-0.004541
185.041091,-0.198982,-0.023090,9.800852,-0.000403,-0.001201,-0.001852
185.050998,-0.190667,-0.015096,9.803341,-0.000924,-0.000551,-0.000790
185.060868,-0.201399,-0.046690,9.791093,0.000249,-0.001296,-0.000637
185.070759,-0.194960,-0.045319,9.781867,0.000391,0.002299,0.003526
185.080635,-0.200031,-0.058265,9.808630,0.000772,0.006114,0.000566
185.090542,-0.201590,-0.046936,9.792903,0.000454,-0.000452,-0.003763
185.100408,-0.204924,-0.027603,9.813649,0.001448,0.000657,-0.003658
185.110312,-0.197267,-0.049073,9.791450,0.001296,-0.001885,-0.002628
185.120182,-0.215120,-0.039222,9.798494,0.001348,-0.000495,-0.000122
185.130091,-0.216569,-0.039289,9.787447,0.002324,0.000969,0.002386
185.139960,-0.195095,-0.052170,9.784577,-0.001292,0.000806,-0.004629
185.149849,-0.208071,-0.045994,9.790406,0.000122,0.001360,0.000459
185.159732,-0.211266,-0.049122,9.817018,-0.000235,-0.003559,-0.004191
185.169640,-0.200997,-0.040589,9.800789,0.001859,-0.000420,0.000029
185.179500,-0.198620,-0.062259,9.787260,-0.001574,-0.002927,-0.001704
185.189399,-0.207577,-0.040910,9.784145,0.001424,0.000370,-0.001930
185.199274,-0.212506,-0.049115,9.793332,0.001961,-0.001364,0.003461
185.209179,-0.209076,-0.042407,9.802196,0.001377,0.001884,0.000241
185.219054,-0.221538,-0.052274,9.794679,0.001653,0.001439,0.001294
185.228942,-0.211958,-0.055162,9.797787,-0.000172,0.001218,0.000928
185.238821,-0.208517,-0.039785,9.795506,0.002397,-0.003452,-0.001691
185.248724,-0.214800,-0.051920,9.808674,0.000021,0.000688,-0.000753
185.258595,-0.212933,-0.050640,9.807918,-0.000487,0.001238,-0.001621
185.268489,-0.207712,-0.045318,9.793967,0.000107,0.004966,0.003239
185.278370,-0.212420,-0.023491,9.794760,-0.001956,-0.005751,-0.000932
185.288271,-0.196289,-0.041587,9.810811,0.000133,-0.000959,-0.005029
185.298146,-0.212008,-0.050154,9.797808,0.004834,-0.001489,0.000642
185.308036,-0.208955,-0.046914,9.815834,-0.000342,0.002555,0.002074
185.317914,-0.204029,-0.047483,9.791386,0.001473,-0.001262,-0.004562
185.327815,-0.205578,-0.034394,9.774391,-0.001176,-0.002096,-0.001635
185.337686,-0.222627,-0.039900,9.776278,0.003079,0.001122,-0.001229
185.347581,-0.210453,-0.055619,9.787105,0.000140,0.000948,0.002963
185.357459,-0.213945,-0.031890,9.805324,0.001435,0.002258,0.000145
185.367367,-0.215689,-0.036651,9.819353,0.002342,0.000810,0.002638
185.377236,-0.213095,-0.039303,9.805217,0.002781,-0.001225,0.003132
185.387127,-0.221253,-0.048038,9.787292,0.001435,0.003521,-0.000309
185.397004,-0.209004,-0.046207,9.786569,0.001136,-0.000698,0.000122
185.406908,-0.212023,-0.032474,9.802682,0.000451,0.005057,-0.000575
185.416778,-0.218530,-0.038416,9.797446,0.002023,0.000594,-0.001309
185.426680,-0.222970,-0.052050,9.790602,-0.000021,-0.003100,0.001960
185.436550,-0.208400,-0.060586,9.798486,0.000419,-0.001190,-0.001233
185.446456,-0.203155,-0.051894,9.783622,-0.000444,0.002290,0.000732
185.456331,-0.213872,-0.045862,9.794713,0.002441,-0.001021,-0.002043
185.466218,-0.206424,-0.040261,9.804300,0.001671,-0.001386,-0.002057
185.476103,-0.220255,-0.060344,9.805238,-0.000704,-0.004355,-0.000203
185.486007,-0.223859,-0.071695,9.785577,-0.000215,0.004565,-0.004534
185.495870,-0.214836,-0.038513,9.787771,0.002190,0.000640,0.000051
185.505769,-0.204701,-0.034375,9.791998,-0.001407,0.004016,-0.001848
185.515644,-0.215013,-0.024839,9.795814,-0.001064,0.001111,0.000550
185.525552,-0.217165,-0.048703,9.800782,0.001842,0.002598,-0.000341
185.535416,-0.213918,-0.054179,9.798986,0.002222,-0.002153,-0.001055
185.545310,-0.213307,-0.051978,9.796242,0.001042,0.004077,0.000338
185.555190,-0.202129,-0.029983,9.807268,-0.001450,-0.000681,0.001238
185.565093,-0.211342,-0.024815,9.797180,0.000814,0.000035,0.003314
185.574962,-0.214248,-0.036588,9.811486,0.001324,0.000902,0.002641
185.584865,-0.219214,-0.033147,9.803717,0.001012,-0.000930,0.000541
185.594735,-0.212830,-0.039025,9.818030,0.003356,-0.000031,0.000041
185.604639,-0.207189,-0.042627,9.804487,-0.004085,0.000385,0.000655
185.614511,-0.213023,-0.047878,9.813322,0.000208,-0.000797,-0.001793
185.624411,-0.210291,-0.051184,9.815063,0.000570,-0.004233,-0.000303
185.634285,-0.207524,-0.049535,9.804799,-0.000688,-0.000966,0.000309
185.644185,-0.212479,-0.037498,9.814373,-0.001289,0.001892,-0.000153
185.654055,-0.196911,-0.047114,9.822316,-0.000252,-0.002720,-0.001810
185.663954,-0.199011,-0.054560,9.809241,-0.000203,0.003407,-0.000066
185.673829,-0.203801,-0.043825,9.803539,-0.000481,-0.001592,0.001234
185.683733,-0.205380,-0.052616,9.818262,-0.000794,-0.001327,-0.000298
185.693600,-0.221251,-0.052461,9.807247,0.000042,-0.001874,0.002674
185.703496,-0.227208,-0.044260,9.781750,0.000567,-0.002547,0.003382
185.713373,-0.224591,-0.038601,9.789448,-0.001692,0.002492,-0.004711
185.723277,-0.209233,-0.019004,9.789883,0.001896,0.001872,-0.002105
185.733146,-0.200814,-0.044265,9.788274,0.003634,0.000294,-0.003024
185.743041,-0.210489,-0.050642,9.778520,-0.001443,0.002927,0.000388
185.752919,-0.211289,-0.056919,9.795001,-0.000648,0.003986,-0.001095
185.762823,-0.204403,-0.061639,9.799648,-0.000594,-0.006002,-0.001851
185.772694,-0.197114,-0.059903,9.786077,0.001138,0.000424,0.004654
185.782587,-0.224865,-0.054782,9.776295,0.001149,-0.003746,0.001841
185.792466,-0.214330,-0.045250,9.798633,-0.000563,0.003591,-0.002803
185.802371,-0.209309,-0.037613,9.791567,0.002611,-0.001763,-0.002856
185.812241,-0.221388,-0.039150,9.803398,-0.001246,0.001768,0.005172
185.822133,-0.234797,-0.063066,9.808997,0.004298,-0.003763,0.002133
185.832013,-0.201411,-0.053335,9.796618,-0.001423,-0.003575,-0.000371
185.841918,-0.203449,-0.044861,9.797764,-0.002022,0.001986,0.001160
185.851785,-0.215869,-0.035057,9.790923,-0.000935,0.002132,-0.002197
185.861682,-0.203701,-0.048521,9.801984,0.003627,-0.002556,0.002059
185.871559,-0.208238,-0.052968,9.804393,0.002646,0.000431,0.002549
185.881467,-0.227860,-0.067422,9.794043,0.000716,-0.000583,-0.003096
185.891334,-0.223703,-0.066825,9.813396,-0.001752,-0.000127,0.003642
185.901228,-0.227943,-0.044967,9.804069,0.003229,-0.006062,-0.001843
185.911106,-0.204317,-0.045082,9.791482,-0.001483,0.004444,-0.001990
185.921014,-0.194935,-0.036776,9.791170,0.002201,-0.000991,-0.002445
185.930889,-0.198575,-0.021032,9.776715,-0.000648,0.005920,0.004532
185.940775,-0.201347,-0.041053,9.792036,0.001179,0.000453,0.004330
185.950655,-0.196279,-0.050033,9.817384,0.000549,0.000952,-0.000592
185.960558,-0.199801,-0.049263,9.796355,0.003260,0.004656,0.003987
185.970430,-0.207908,-0.032077,9.793054,0.000493,-0.001377,0.002012
185.980320,-0.200277,-0.071834,9.782926,0.002095,0.000245,-0.000815
185.990198,-0.203084,-0.080375,9.799126,0.002394,-0.005022,0.003482
186.000104,-0.212325,-0.060528,9.785142,0.002835,0.000981,0.000331
186.009973,-0.205342,-0.061420,9.781411,-0.000826,-0.001657,0.003332
186.019871,-0.210928,-0.033448,9.783353,0.000477,-0.001727,-0.003336
186.029746,-0.217068,-0.045658,9.777858,0.001706,-0.001027,0.000133
186.039649,-0.195257,-0.039406,9.796385,0.000467,0.000081,0.000027
186.049525,-0.198613,-0.073947,9.799790,0.001705,0.001645,-0.001483
186.059416,-0.202906,-0.058360,9.781684,-0.003061,0.001376,-0.000699
186.069293,-0.215409,-0.048439,9.801756,-0.000906,0.003069,0.000963
186.079199,-0.221939,-0.057584,9.803061,0.000610,-0.000587,0.001365
186.089069,-0.229065,-0.045693,9.807506,-0.000569,0.000288,0.000752
186.098959,-0.211560,-0.055713,9.801071,0.001762,-0.001121,0.000396
186.108841,-0.208263,-0.055508,9.799484,0.001786,0.001359,0.002366
186.118744,-0.198508,-0.070714,9.795495,0.001118,0.001844,0.001547
186.128609,-0.197128,-0.057720,9.795621,0.002600,-0.002453,0.002216
186.138503,-0.199335,-0.024088,9.797114,-0.000356,-0.000970,-0.002361
186.148382,-0.204857,-0.024917,9.797472,0.001946,0.000599,0.002467
186.158291,-0.205446,-0.057238,9.798914,-0.001655,0.000637,-0.001311
186.168158,-0.197163,-0.059203,9.806345,0.002882,-0.001767,-0.001652
186.178056,-0.210643,-0.047639,9.784643,0.000388,-0.000060,-0.000176
186.187929,-0.217875,-0.051622,9.789787,0.002528,-0.001196,0.002360
186.197832,-0.220369,-0.060903,9.790080,0.000897,-0.002543,0.000401
186.207703,-0.202123,-0.044489,9.787443,0.001186,0.001811,-0.000847
186.217597,-0.185721,-0.042582,9.788154,0.001477,0.003925,-0.001200
186.227473,-0.210170,-0.042763,9.789673,-0.002044,-0.002490,0.002501
186.237379,-0.212467,-0.057115,9.803926,0.000612,0.003135,0.002403
186.247247,-0.200458,-0.060115,9.807548,0.001425,-0.000488,-0.002323
186.257151,-0.200090,-0.049836,9.806124,-0.001865,0.005683,0.000525
186.267030,-0.223587,-0.050446,9.806338,-0.000274,0.003351,0.000103
186.276925,-0.198157,-0.048044,9.801083,-0.000987,-0.000712,-0.001003
186.286797,-0.207400,-0.047569,9.797185,0.000564,-0.001597,0.002004
186.296693,-0.199880,-0.041209,9.809873,0.000446,0.003610,0.001098
186.306565,-0.220254,-0.054436,9.802494,0.002493,0.000399,-0.002138
186.316474,-0.225630,-0.062104,9.796845,0.003057,0.003297,0.001063
186.326339,-0.198243,-0.043408,9.806906,-0.000008,0.000254,0.000363
186.336235,-0.204311,-0.058704,9.817971,0.002475,-0.001620,0.004200
186.346114,-0.212701,-0.054449,9.828143,0.003632,-0.004505,0.001568
186.356018,-0.226865,-0.044217,9.823663,0.003513,0.000832,-0.001944
186.365888,-0.220236,-0.059385,9.788407,0.001199,-0.001415,0.001915
186.375782,-0.227356,-0.060968,9.781840,0.001176,-0.003112,-0.003065
186.385659,-0.211162,-0.027516,9.784021,0.002567,0.004787,0.001246
186.395571,-0.213594,-0.046070,9.791061,0.000447,0.000984,-0.002182
186.405434,-0.198682,-0.040485,9.786107,0.000944,-0.003773,-0.001199
186.415326,-0.190751,-0.040790,9.795269,0.000285,0.004417,-0.000301
186.425204,-0.192696,-0.043867,9.802719,0.002038,-0.004367,-0.000792
186.435113,-0.197606,-0.046731,9.812256,0.004569,0.000701,0.005392
186.444985,-0.199936,-0.055776,9.787540,-0.000792,-0.000084,-0.005355
186.454873,-0.205705,-0.078702,9.780844,0.003437,0.003545,-0.001007
186.464751,-0.207418,-0.049117,9.790993,0.001425,-0.001020,0.000623
186.474655,-0.202974,-0.069077,9.789259,0.001155,0.003476,-0.000577
186.484524,-0.199999,-0.053977,9.775831,0.003041,0.000694,0.001839
186.494419,-0.214903,-0.060421,9.771374,-0.001173,0.001212,-0.000550
186.504298,-0.211341,-0.043943,9.790315,-0.000083,0.002405,0.000489
186.514203,-0.209509,-0.046092,9.804816,-0.003823,0.001887,0.003032
186.524070,-0.214148,-0.040358,9.795537,-0.000017,-0.000963,0.000762
186.533966,-0.212188,-0.036130,9.787181,0.000271,-0.001965,0.002061
186.543843,-0.224164,-0.048697,9.783008,0.003324,0.001683,0.001457
186.553748,-0.227184,-0.056445,9.773992,0.002425,0.003236,0.003353
186.563618,-0.202425,-0.053166,9.783554,0.000279,-0.003199,0.002017
186.573517,-0.209674,-0.048173,9.803571,0.000225,0.001091,-0.001994
186.583389,-0.212403,-0.053571,9.807686,0.003006,-0.001345,0.000517
186.593293,-0.212739,-0.025874,9.810274,0.002184,-0.000317,0.000313
186.603163,-0.198874,-0.029702,9.816075,-0.000867,0.001608,0.001129
186.613059,-0.214104,-0.040980,9.797557,-0.002054,0.001167,-0.000816
186.622938,-0.208430,-0.031510,9.781893,-0.003521,0.001603,-0.002260
186.632842,-0.202998,-0.036815,9.786386,-0.002546,-0.001922,-0.003143
186.642710,-0.202259,-0.049584,9.796437,-0.000040,-0.000142,0.001301
186.652604,-0.199266,-0.071772,9.787293,-0.002470,-0.000089,-0.002039
186.662481,-0.204052,-0.064663,9.784137,-0.000728,0.001983,0.000109
186.672395,-0.226728,-0.030917,9.797686,-0.000453,-0.000492,0.002384
186.682259,-0.216502,-0.031893,9.799654,0.001286,-0.002192,-0.000614
186.692155,-0.212235,-0.042936,9.804691,0.003549,0.002451,-0.001532
186.702028,-0.217100,-0.052071,9.773553,0.000559,-0.001516,-0.003551
186.711938,-0.203917,-0.039944,9.777022,0.001738,0.006020,-0.001970
186.721804,-0.215068,-0.040609,9.775056,0.002543,0.002362,-0.000628
186.731695,-0.213437,-0.044440,9.793934,0.000200,0.002720,0.001103
186.741582,-0.201246,-0.043822,9.787716,0.000420,0.000243,-0.001811
186.751487,-0.198233,-0.036387,9.781555,0.001772,0.003377,0.000157
186.761351,-0.212274,-0.039921,9.810147,-0.000407,0.005014,0.000538
186.771242,-0.220500,-0.041454,9.789522,0.001452,-0.002500,0.004355
186.781120,-0.211007,-0.040772,9.789733,0.002031,0.004085,-0.001933
186.791024,-0.206759,-0.044380,9.801165,0.003213,-0.003224,0.000165
186.800897,-0.201060,-0.042565,9.802654,-0.001623,0.002404,-0.001123
186.810790,-0.213240,-0.062227,9.775655,0.002029,-0.000111,0.001019
186.820666,-0.209852,-0.052626,9.780711,0.003081,-0.006254,0.001315
186.830572,-0.213331,-0.033165,9.804953,0.000819,-0.000902,0.002338
186.840446,-0.203514,-0.041497,9.799770,0.000438,-0.003430,-0.002030
186.850343,-0.212989,-0.049123,9.817805,0.001733,0.001002,-0.001514
186.860212,-0.214472,-0.038248,9.798521,0.000299,-0.001295,0.001497
186.870117,-0.207706,-0.037393,9.792125,0.001715,0.001660,0.000110
186.879985,-0.219559,-0.036400,9.789781,0.000095,0.003031,-0.003822
186.889890,-0.211253,-0.042170,9.803414,-0.000380,0.003575,-0.003203
186.899759,-0.207355,-0.040923,9.793314,-0.000396,-0.003374,0.000146
186.909673,-0.217485,-0.047697,9.795193,0.002581,-0.002007,-0.001088
186.919535,-0.213192,-0.053448,9.786924,-0.000490,0.004439,-0.001142
186.929428,-0.213281,-0.056985,9.785616,0.003163,0.005316,-0.001096
186.939307,-0.202126,-0.038283,9.790564,-0.000691,-0.002901,0.000896
186.949209,-0.195125,-0.034886,9.810093,0.001548,0.001355,-0.002197
186.959079,-0.191200,-0.019815,9.790095,-0.000931,0.001918,-0.000606
186.968973,-0.199509,-0.045887,9.782533,-0.000013,0.000984,-0.003627
186.978860,-0.206537,-0.036255,9.796432,0.000029,-0.001314,-0.003131
186.988761,-0.213564,-0.038464,9.795745,-0.000029,0.002154,0.000044
186.998625,-0.224700,-0.048068,9.812568,0.001304,-0.000785,-0.002191
187.008520,-0.224557,-0.046495,9.792228,0.000695,-0.002297,0.004304
187.018402,-0.204146,-0.033411,9.799310,-0.001477,0.002809,0.000056
187.028304,-0.205552,-0.050197,9.795328,-0.001509,0.004111,-0.000097
187.038171,-0.211443,-0.041898,9.795855,0.000190,0.000817,0.000761
187.048075,-0.215181,-0.034783,9.807987,0.000306,-0.000289,0.001256
187.057946,-0.213933,-0.040674,9.797529,0.001085,-0.001672,0.001248
187.067852,-0.209632,-0.025705,9.782028,0.001552,-0.003079,-0.004153
187.077717,-0.213134,-0.057241,9.781206,0.001107,0.003552,0.001223
187.087611,-0.213495,-0.079926,9.805594,0.001025,-0.000821,-0.001435
187.097496,-0.205217,-0.057442,9.794587,-0.000403,-0.001479,0.000160
187.107398,-0.205625,-0.038438,9.803903,-0.000185,-0.000988,-0.001237
187.117263,-0.209641,-0.035114,9.807875,0.000922,0.000980,-0.001759
187.127161,-0.213600,-0.047747,9.776675,0.006184,-0.001979,0.001961
187.137048,-0.211729,-0.051756,9.788787,0.001514,-0.000174,0.001670
187.146946,-0.212981,-0.056074,9.797625,-0.000512,0.004075,-0.004915
187.156814,-0.203567,-0.050568,9.809005,0.000861,-0.000334,0.000627
187.166707,-0.208136,-0.040717,9.773504,-0.000255,0.000243,-0.001667
187.176592,-0.199235,-0.063990,9.765372,0.000300,-0.000653,0.002993
187.186489,-0.217551,-0.035603,9.802575,-0.000785,0.000215,-0.002555
187.196357,-0.201270,-0.038648,9.809507,0.003843,0.000545,0.000489
187.206251,-0.197548,-0.041312,9.772288,0.000074,0.004112,-0.003160
187.216128,-0.220454,-0.056629,9.780292,0.002816,-0.002472,0.002371
187.226033,-0.198485,-0.077611,9.799812,0.000985,-0.000568,-0.000767
187.235901,-0.204531,-0.061003,9.795470,-0.000716,-0.001131,-0.003885
187.245803,-0.211240,-0.050462,9.789805,0.000094,0.001742,-0.000998
187.255676,-0.213346,-0.036092,9.767913,0.003144,-0.002380,0.002868
187.265587,-0.209128,-0.046324,9.783897,0.000234,0.003410,0.001801
187.275450,-0.195921,-0.063317,9.801898,0.000667,-0.003257,-0.001003
187.285348,-0.208316,-0.057078,9.794502,0.000039,-0.000404,-0.003655
187.295221,-0.218273,-0.041046,9.819245,-0.001867,0.004182,0.002203
187.305126,-0.204502,-0.045154,9.799461,0.002639,-0.004005,0.000928
187.314994,-0.204625,-0.048493,9.807192,0.001771,0.000470,-0.001441
187.324889,-0.214901,-0.016292,9.798023,0.000629,-0.001282,0.001885
187.334767,-0.206409,-0.044425,9.811364,0.000255,0.000047,0.001477
187.344671,-0.203104,-0.061276,9.803150,0.000941,-0.000597,-0.002024
187.354542,-0.195778,-0.059542,9.791643,0.000691,0.000327,0.003036
187.364438,-0.204558,-0.051836,9.784882,0.001495,0.000809,-0.003992
187.374323,-0.218716,-0.022065,9.810701,-0.001614,0.000061,-0.001266
187.384223,-0.212566,-0.043738,9.805226,0.000202,-0.001723,-0.003805
187.394086,-0.197918,-0.051146,9.806866,-0.000928,-0.000140,0.000213
187.403983,-0.204588,-0.055725,9.828846,0.003829,0.002236,-0.000544
187.413860,-0.208939,-0.050233,9.799379,0.002647,0.000768,-0.000333
187.423774,-0.216690,-0.056582,9.794850,-0.004440,0.003524,-0.001517
187.433633,-0.217480,-0.068968,9.796465,0.003166,-0.002140,0.003248
187.443530,-0.200597,-0.030950,9.792732,0.000714,0.002013,-0.000342
187.453411,-0.211935,-0.029387,9.781973,-0.000331,-0.000467,0.003062
187.463315,-0.208589,-0.045706,9.797695,-0.001904,0.005007,-0.000460
187.473183,-0.219226,-0.044405,9.795706,-0.000745,0.003428,0.000385
187.483074,-0.211817,-0.050388,9.791352,0.003694,-0.000333,0.003626
187.492952,-0.202757,-0.052120,9.803478,0.000648,-0.001093,-0.006041
187.502857,-0.201716,-0.051204,9.784303,-0.000394,0.000200,0.000377
187.512725,-0.199753,-0.039512,9.785516,0.001980,-0.002391,-0.000645
187.522622,-0.231901,-0.045226,9.799452,0.000157,-0.000845,-0.005680
187.532503,-0.217484,-0.064938,9.806969,-0.001937,0.003255,0.001820
187.542410,-0.212358,-0.038344,9.805840,-0.000929,0.000285,-0.001556
187.552271,-0.203665,-0.043269,9.780173,-0.002561,-0.000015,0.004755
187.562166,-0.223542,-0.042086,9.782955,-0.000818,0.000699,0.000132
187.572051,-0.208728,-0.060105,9.786937,-0.000166,-0.002175,-0.001881
187.581950,-0.203458,-0.033812,9.799851,0.000836,0.000651,0.003047
187.591818,-0.210012,-0.051198,9.771749,0.002708,0.004605,0.000439
187.601714,-0.213114,-0.066248,9.785306,0.001777,-0.004377,0.001035
187.611592,-0.220570,-0.024700,9.789605,-0.001441,0.001307,-0.000136
187.621495,-0.194986,-0.054378,9.797232,0.003621,0.000990,-0.002144
187.631363,-0.208242,-0.079470,9.800936,-0.003057,-0.002115,-0.000178
187.641259,-0.195728,-0.068027,9.799457,0.000118,-0.002639,-0.001020
187.651137,-0.190817,-0.032432,9.794479,0.000134,0.001271,-0.002230
187.661045,-0.200808,-0.036965,9.796016,0.001969,-0.001938,0.000355
187.670911,-0.223888,-0.042593,9.775783,-0.001273,0.003613,0.002861
187.680813,-0.201069,-0.063055,9.768638,-0.002451,-0.002235,0.000287
187.690683,-0.188611,-0.057363,9.775321,0.000622,0.001305,-0.000929
187.700587,-0.198235,-0.037606,9.788027,-0.000266,0.001683,0.001569
187.710458,-0.208473,-0.019544,9.798188,0.000457,-0.001336,0.003792
187.720356,-0.198084,-0.049943,9.802541,0.000212,0.002695,-0.000280
187.730230,-0.206095,-0.058074,9.813438,-0.000620,-0.002564,-0.001160
187.740134,-0.203463,-0.045316,9.789670,-0.000051,0.000890,-0.003009
187.750012,-0.204877,-0.034490,9.786030,-0.000551,0.002853,0.001355
187.759899,-0.196922,-0.048732,9.806636,-0.002331,0.002731,0.002136
187.769776,-0.223631,-0.058151,9.800018,0.002656,-0.000371,-0.000318
187.779680,-0.214614,-0.057367,9.781679,0.000705,-0.000666,0.003618
187.789557,-0.208802,-0.039731,9.796085,0.001591,-0.001490,0.000344
187.799447,-0.206912,-0.045675,9.793387,0.000582,-0.000384,0.002120
187.809322,-0.211416,-0.053965,9.788367,0.000146,0.000927,0.001151
187.819228,-0.219993,-0.061485,9.776390,-0.000610,-0.001197,0.000470
187.829096,-0.225134,-0.065700,9.778221,0.001920,0.000515,-0.005879
187.838992,-0.203187,-0.046088,9.781991,0.001937,0.002197,-0.004596
187.848868,-0.214322,-0.063274,9.807053,0.004345,-0.002571,0.000637
187.858775,-0.202017,-0.064658,9.805011,0.000829,0.001317,-0.000811
187.868645,-0.197702,-0.042869,9.764924,0.001242,-0.000279,-0.002341
187.878537,-0.216143,-0.045025,9.780067,0.001460,-0.002705,-0.002303
187.888421,-0.213409,-0.033641,9.787201,-0.000267,-0.000641,0.001715
187.898327,-0.201593,-0.035554,9.775837,0.000463,0.001666,0.001431
187.908188,-0.207925,-0.036189,9.780886,0.000661,-0.001355,0.000406
187.918084,-0.216153,-0.023670,9.794229,-0.001934,-0.006021,-0.002334
187.927969,-0.206487,-0.031959,9.789812,-0.002253,0.007139,-0.001923
187.937866,-0.211958,-0.048613,9.792173,0.003546,-0.002940,-0.002559
187.947739,-0.204608,-0.049322,9.790985,0.000244,0.000821,-0.003333
187.957638,-0.205926,-0.049426,9.796860,0.000689,0.004294,-0.003311
187.967509,-0.198414,-0.055680,9.796222,0.004062,-0.006856,-0.000439
187.977413,-0.201651,-0.061345,9.801978,0.006411,-0.003279,-0.004064
187.987281,-0.217012,-0.055077,9.792724,0.001584,0.002193,0.002423
187.997175,-0.207424,-0.058028,9.804388,0.007197,-0.004533,0.001343
188.007054,-0.222353,-0.050134,9.806070,0.002097,-0.000428,-0.002486
188.016959,-0.228918,-0.055683,9.801908,0.001828,-0.000403,-0.000644
188.026827,-0.212214,-0.041292,9.784484,-0.001024,0.003629,-0.000228
188.036722,-0.215304,-0.048849,9.781345,-0.000663,-0.003891,-0.001201
188.046601,-0.223694,-0.041006,9.790542,-0.002389,-0.001280,-0.005138
188.056504,-0.206212,-0.029622,9.801827,0.001955,0.000827,0.001262
188.066374,-0.226266,-0.031422,9.805528,0.001430,-0.003572,-0.003858
188.076277,-0.219562,-0.045414,9.803308,0.002128,-0.000410,0.001399
188.086153,-0.227643,-0.049959,9.799282,-0.001390,-0.001569,-0.001803
188.096051,-0.204773,-0.040299,9.797530,0.000861,0.000280,0.003279
188.105919,-0.198737,-0.062019,9.813519,0.000668,0.003831,0.002127
188.115813,-0.220475,-0.030102,9.801310,0.001368,-0.003101,0.001552
188.125692,-0.216836,-0.036691,9.815304,0.000074,0.002467,0.002632
188.135598,-0.211383,-0.041718,9.822249,-0.000967,0.001436,0.001519
188.145473,-0.222824,-0.040540,9.785779,0.001231,0.001158,-0.003861
188.155360,-0.219489,-0.036507,9.787397,-0.001998,-0.002646,-0.000359
188.165243,-0.207156,-0.028074,9.808688,-0.000767,-0.001867,-0.002510
188.175144,-0.210050,-0.043624,9.807846,-0.000289,0.000648,0.001630
188.185014,-0.190939,-0.052700,9.796538,0.001976,0.000566,0.000038
188.194910,-0.214050,-0.055642,9.792850,0.002734,-0.000313,-0.002026
188.204792,-0.212609,-0.036041,9.786297,0.004549,-0.003584,0.002067
188.214697,-0.216003,-0.041001,9.770448,0.001347,-0.003005,0.000338
188.224560,-0.206556,-0.028958,9.767697,-0.001542,0.000122,-0.000495
188.234457,-0.200759,-0.029364,9.777984,0.001627,-0.003765,0.000560
188.244333,-0.212624,-0.042799,9.797462,0.004322,-0.002283,0.001155
188.254242,-0.215818,-0.064452,9.809928,-0.000053,0.001513,-0.003035
188.264107,-0.207395,-0.051093,9.805237,0.001472,0.000003,0.003950
188.274001,-0.215272,-0.041691,9.804608,0.005473,-0.002304,0.001866
188.283882,-0.193259,-0.067709,9.807457,0.000177,0.007884,-0.000828
188.293784,-0.213344,-0.064011,9.801687,0.000409,-0.000602,-0.004732
188.303653,-0.206208,-0.051871,9.789323,0.003453,-0.000454,-0.001354
188.313547,-0.207517,-0.041525,9.785681,0.002177,-0.000140,-0.002106
188.323427,-0.220771,-0.028081,9.812276,-0.003117,-0.004414,-0.002973
188.333330,-0.214706,-0.052981,9.792295,-0.000477,0.003629,-0.002085
188.343202,-0.216213,-0.055839,9.780823,-0.000002,0.000368,-0.001119
188.353103,-0.211984,-0.038940,9.786778,-0.002157,0.002161,0.002990
188.362977,-0.196684,-0.045722,9.803440,-0.002018,0.002774,0.001077
188.372882,-0.210447,-0.043676,9.804540,0.000341,0.000368,0.000038
188.382751,-0.195056,-0.036661,9.809746,-0.000993,0.000639,0.000737
188.392641,-0.193621,-0.041756,9.792830,-0.003437,-0.000428,-0.004004
188.402520,-0.205484,-0.045269,9.793142,0.003523,-0.005633,-0.001440
188.412423,-0.229601,-0.041113,9.816629,0.003153,-0.001054,-0.003154
188.422300,-0.209116,-0.050314,9.810435,-0.002826,0.002550,0.000545
188.432191,-0.206014,-0.044025,9.795163,-0.003428,0.001909,-0.002294
188.442076,-0.212545,-0.043528,9.809526,0.001777,0.002330,-0.003557
188.451968,-0.213839,-0.029513,9.815221,0.002873,0.001205,0.001042
188.461846,-0.216538,-0.039910,9.805203,-0.001719,0.000698,0.000127
188.471732,-0.207129,-0.054615,9.802619,0.002549,0.000337,-0.001208
188.481611,-0.205963,-0.051044,9.798019,-0.002212,0.003363,-0.004666
188.491516,-0.212533,-0.068153,9.782184,0.001079,-0.003585,-0.004875
188.501382,-0.206516,-0.055902,9.774377,0.001882,-0.001725,0.000365
188.511282,-0.204059,-0.028188,9.817339,0.002548,-0.001047,0.000508
188.521155,-0.213101,-0.046602,9.812284,-0.000639,0.002545,0.000986
188.531067,-0.221838,-0.042443,9.791960,0.000906,-0.000719,-0.002173
188.540928,-0.200653,-0.045141,9.803897,0.000618,-0.000056,-0.004351
188.550825,-0.210923,-0.051323,9.807785,0.002640,0.001069,0.005049
188.560704,-0.207581,-0.052309,9.798076,0.000067,0.004109,-0.002395
188.570607,-0.213219,-0.048704,9.831490,0.001309,0.000488,0.001605
188.580475,-0.221721,-0.031187,9.811631,0.000281,-0.002205,0.002491
188.590371,-0.226435,-0.036629,9.794164,0.000904,0.000802,0.001194
188.600249,-0.206323,-0.023717,9.810741,0.002662,-0.001931,-0.000648
188.610162,-0.216334,-0.032334,9.801110,0.003899,-0.000991,0.003738
188.620022,-0.210329,-0.047568,9.785806,-0.000960,-0.002439,-0.002339
188.629917,-0.224475,-0.047484,9.783500,0.001122,0.002933,-0.001903
188.639794,-0.212436,-0.044745,9.795832,-0.000927,-0.002278,0.002089
188.649700,-0.207030,-0.075475,9.810415,0.000809,0.000345,-0.004526
188.659577,-0.223505,-0.045493,9.802759,0.000973,0.002017,-0.002248
188.669467,-0.215831,-0.023796,9.785544,0.002761,-0.003755,0.001624
188.679350,-0.217167,-0.049268,9.794737,-0.001022,0.001736,0.003606
188.689246,-0.218112,-0.057232,9.785345,0.003724,-0.001726,0.000010
188.699114,-0.220108,-0.033989,9.780333,0.001641,-0.001515,-0.002176
188.709010,-0.207758,-0.041108,9.809498,0.006209,-0.001753,0.002353
188.718892,-0.204888,-0.048929,9.802229,0.000961,0.002851,0.001584
188.728791,-0.216484,-0.041177,9.793912,-0.001368,-0.001118,-0.000216
188.738670,-0.228189,-0.037244,9.799184,0.001903,-0.004253,-0.001141
188.748558,-0.204217,-0.057146,9.795162,0.000065,-0.000002,-0.003137
188.758435,-0.217148,-0.058762,9.784639,0.000889,0.005606,-0.003275
188.768345,-0.208594,-0.064927,9.814764,-0.000709,-0.000963,-0.003456
188.778207,-0.200264,-0.026336,9.812672,0.006529,0.002594,0.000658
188.788110,-0.224362,-0.031335,9.798324,0.004116,0.003277,0.002267
188.797986,-0.198982,-0.033153,9.799471,-0.001858,0.000911,-0.000371
188.807885,-0.208291,-0.058781,9.788368,0.000676,0.002094,-0.000751
188.817755,-0.218758,-0.046309,9.771968,0.001712,-0.001568,0.005031
188.827652,-0.227850,-0.035405,9.771195,0.002427,-0.001039,-0.000151
188.837527,-0.216268,-0.053627,9.788766,0.001274,-0.000058,0.003331
188.847434,-0.210890,-0.054751,9.787847,0.000407,-0.002602,-0.001428
188.857299,-0.216936,-0.029115,9.791319,0.002890,-0.001362,-0.001360
188.867194,-0.200338,-0.043959,9.805423,0.002448,0.000271,-0.000692
188.877072,-0.206291,-0.036052,9.818606,0.003329,-0.001551,-0.001268
188.886976,-0.204105,-0.042901,9.781143,0.000304,0.000336,-0.000686
188.896846,-0.204013,-0.037817,9.798498,0.003914,-0.002293,-0.003570
188.906743,-0.197022,-0.030620,9.785599,0.001321,0.001865,0.000432
188.916619,-0.215877,-0.047597,9.805686,0.003773,-0.003848,-0.000534
188.926526,-0.208391,-0.025170,9.797985,0.002670,0.001471,-0.000933
188.936395,-0.211324,-0.050228,9.796328,0.000332,-0.000150,-0.000140
188.946293,-0.209490,-0.057271,9.788923,0.001985,0.002592,-0.000465
188.956174,-0.214563,-0.061663,9.786073,0.002478,-0.000570,-0.001701
188.966071,-0.210897,-0.045694,9.809889,0.000331,0.000677,0.000274
188.975943,-0.198119,-0.069353,9.778336,-0.000144,0.001349,0.000627
188.985838,-0.211319,-0.054637,9.761427,0.003928,0.001214,-0.000709
188.995713,-0.206572,-0.056150,9.771300,-0.002299,0.000882,-0.001439
189.005618,-0.212526,-0.047599,9.794784,0.000812,0.001518,0.001957
189.015490,-0.210499,-0.028888,9.806731,-0.001358,0.000707,-0.005453
189.025380,-0.215380,-0.055103,9.786795,0.004137,-0.000762,-0.002496
189.035261,-0.201665,-0.065006,9.805903,0.000309,0.000647,0.002034
189.045163,-0.212719,-0.075219,9.804554,0.002245,0.001748,-0.002418
189.055031,-0.226417,-0.034176,9.794199,0.000489,0.000049,-0.000718
189.064928,-0.206787,-0.034323,9.788848,0.001980,0.003633,0.001277
189.074804,-0.197586,-0.059458,9.813712,-0.002322,-0.006716,-0.001693
189.084713,-0.205085,-0.048551,9.801153,0.000816,0.002575,-0.000247
189.094579,-0.227735,-0.041739,9.782568,0.001527,-0.000577,0.003686
189.104474,-0.218398,-0.068621,9.787020,0.000029,0.000490,-0.002881
189.114351,-0.207411,-0.061015,9.814352,0.001845,-0.004242,-0.001593
189.124256,-0.211062,-0.038924,9.815200,0.001565,-0.001252,0.002244
189.134125,-0.203913,-0.063497,9.802429,-0.001030,-0.001923,0.001047
189.144020,-0.224775,-0.040792,9.806397,-0.000951,0.004628,-0.003256
189.153897,-0.209770,-0.024739,9.816052,0.002780,0.000417,-0.000215
189.163801,-0.211618,-0.021160,9.814869,-0.000099,0.001166,-0.000562
189.173669,-0.193866,-0.019934,9.806911,0.005566,-0.005320,0.002838
189.183565,-0.192724,-0.036461,9.803002,0.000643,0.000043,0.001866
189.193451,-0.199182,-0.049910,9.785189,-0.001771,0.003479,-0.000735
189.203352,-0.196256,-0.032626,9.788191,0.001531,-0.000982,0.001377
189.213217,-0.221244,-0.056997,9.782735,-0.001272,0.000043,0.001224
189.223117,-0.220839,-0.066416,9.794880,0.003716,0.002750,-0.004211
189.232994,-0.213814,-0.066752,9.805443,0.001115,0.000143,0.002303
189.242899,-0.209720,-0.073572,9.796628,0.000474,-0.001859,-0.001142
189.252764,-0.209293,-0.050167,9.797793,-0.000231,-0.002476,0.000108
189.262658,-0.221868,-0.057585,9.795870,-0.000265,0.004902,-0.001554
189.272538,-0.201912,-0.048036,9.788316,0.002792,0.001129,0.003195
189.282440,-0.221320,-0.050287,9.794712,0.000510,-0.003782,0.000735
189.292314,-0.205675,-0.059699,9.804435,0.002332,-0.001061,0.000183
189.302206,-0.200713,-0.027856,9.798530,0.002280,-0.000194,0.000002
189.312084,-0.200662,-0.042028,9.784864,0.002192,0.000616,0.000096
189.321987,-0.222594,-0.067521,9.782460,-0.001843,0.000667,-0.000785
189.331861,-0.214545,-0.038763,9.779031,0.000084,-0.005712,0.002649
189.341751,-0.208016,-0.046617,9.774505,-0.001734,0.000392,0.003294
189.351630,-0.216842,-0.041834,9.802701,0.001543,0.002226,-0.002804
189.361532,-0.222985,-0.041954,9.784972,0.002871,-0.001939,-0.001177
189.371405,-0.213734,-0.047996,9.772494,0.003280,-0.002764,0.001023
189.381304,-0.197083,-0.047571,9.789775,0.000632,-0.000796,-0.002679
189.391175,-0.201451,-0.039625,9.786250,0.002888,-0.000639,0.002034
189.401084,-0.207305,-0.049927,9.796890,0.002215,0.001527,0.002560
189.410952,-0.202763,-0.048074,9.827760,-0.001389,0.000637,0.001040
189.420843,-0.204469,-0.055566,9.822141,-0.000867,0.000625,-0.006205
189.430723,-0.208950,-0.062896,9.812694,-0.001253,-0.001396,-0.003008
189.440627,-0.198330,-0.045086,9.796634,-0.000115,-0.001235,-0.000910
189.450502,-0.192392,-0.050380,9.792281,0.004222,0.000527,0.000010
189.460393,-0.209570,-0.039346,9.776086,-0.000884,0.000321,0.001010
189.470271,-0.225877,-0.041710,9.793638,0.001599,-0.003880,0.002093
189.480177,-0.210575,-0.051371,9.792697,-0.000049,0.005262,0.004342
189.490041,-0.201011,-0.062932,9.782349,0.001154,0.002796,-0.001902
189.499936,-0.207949,-0.069433,9.785036,0.000256,-0.000307,0.001176
189.509821,-0.227604,-0.067867,9.795763,-0.001302,-0.002338,-0.002407
189.519723,-0.233192,-0.040090,9.789891,-0.000128,-0.002836,0.002636
189.529588,-0.226423,-0.061330,9.793603,0.001758,0.001870,-0.001226
189.539483,-0.205423,-0.045046,9.803433,0.001077,-0.002918,-0.003087
189.549360,-0.200098,-0.039921,9.795269,-0.000761,-0.003894,-0.002339
189.559268,-0.213921,-0.049066,9.793225,-0.000707,-0.002039,-0.001756
189.569138,-0.214412,-0.085023,9.790712,-0.001169,-0.000341,0.002766
189.579030,-0.194444,-0.075792,9.792109,0.003621,0.001588,-0.004449
189.588906,-0.198529,-0.053308,9.800898,0.001841,0.000856,-0.001086
189.598817,-0.198855,-0.041148,9.804480,-0.001060,-0.000003,-0.002220
189.608679,-0.208341,-0.050756,9.795757,0.000764,0.001323,-0.004809
189.618574,-0.220539,-0.036871,9.786646,0.001336,0.000001,-0.001308
189.628452,-0.207151,-0.033462,9.789427,0.001813,-0.000780,-0.000652
189.638363,-0.215938,-0.032452,9.778769,0.002795,0.001969,-0.000201
189.648232,-0.208351,-0.041770,9.814518,0.001982,-0.006474,0.001166
189.658122,-0.196669,-0.051647,9.790813,-0.000545,0.004707,-0.002238
189.668009,-0.198983,-0.063114,9.804226,0.002107,0.000983,0.001110
189.677905,-0.216665,-0.060302,9.821488,-0.001383,0.000067,0.000007
189.687772,-0.205262,-0.048709,9.798452,0.002687,0.000677,-0.002633
189.697667,-0.213888,-0.044280,9.789517,-0.002021,-0.003881,-0.001521
189.707545,-0.221935,-0.046353,9.783004,0.000394,0.001474,0.000871
189.717452,-0.199911,-0.066446,9.805374,0.002036,0.001686,0.001231
189.727318,-0.189170,-0.058114,9.785199,-0.001403,0.002504,-0.000590
189.737215,-0.216339,-0.048071,9.816296,0.001860,-0.004792,0.001745
189.747097,-0.207546,-0.047088,9.802581,0.000813,0.005591,0.000744
189.757000,-0.212904,-0.040977,9.809291,0.002728,0.002040,-0.000946
189.766867,-0.194800,-0.050098,9.803548,0.000192,0.005666,0.000023
189.776761,-0.196495,-0.047967,9.794877,0.003480,-0.003033,-0.002605
189.786639,-0.220851,-0.067325,9.791975,0.002670,0.001005,-0.002635
189.796547,-0.211518,-0.055611,9.819607,0.000946,-0.002847,-0.002750
189.806412,-0.198680,-0.049640,9.780919,0.001450,-0.003544,-0.004555
189.816315,-0.222576,-0.038158,9.799200,-0.000753,0.003203,-0.002041
189.826184,-0.220023,-0.049733,9.805467,0.001184,0.001975,0.002059
189.836096,-0.213941,-0.036655,9.802152,0.001058,0.002254,-0.001860
189.845960,-0.201882,-0.041727,9.812010,0.000786,0.000303,0.002526
189.855859,-0.205209,-0.052783,9.803854,-0.003724,0.002599,-0.002312
189.865732,-0.197624,-0.055980,9.788261,0.003159,0.004147,-0.000577
189.875640,-0.205632,-0.056851,9.774546,-0.000815,0.002152,0.004205
189.885504,-0.207195,-0.045621,9.808889,0.000103,-0.001079,-0.005008
189.895401,-0.199984,-0.031959,9.808244,0.000895,-0.000087,-0.002120
189.905278,-0.206141,-0.029742,9.799869,-0.000240,0.001436,-0.005491
189.915190,-0.207579,-0.056506,9.792475,0.002169,0.002534,0.002649
189.925052,-0.205228,-0.056244,9.792457,0.001771,-0.001803,0.000818
189.934951,-0.192685,-0.068613,9.762184,-0.004075,0.000724,-0.001906
189.944823,-0.218107,-0.059112,9.798255,0.003502,0.001576,-0.000064
189.954729,-0.219079,-0.049229,9.794859,-0.000953,0.001091,-0.001391
189.964599,-0.207095,-0.050383,9.785323,0.000260,-0.002239,0.002343
189.974492,-0.208308,-0.048869,9.795960,0.002271,0.001893,0.002878
189.984372,-0.205319,-0.054970,9.789551,-0.000973,-0.005176,-0.000504
189.994280,-0.206315,-0.046138,9.796690,0.002749,-0.003652,0.000464
190.004149,-0.223642,-0.036610,9.793290,0.000164,0.004913,-0.002683
190.014040,-0.218807,-0.036701,9.783444,0.001397,-0.001212,-0.002774
190.023917,-0.206822,-0.034175,9.792004,0.004334,0.004160,-0.000091
190.033827,-0.211513,-0.043898,9.805052,0.001509,0.000263,0.000850
190.043690,-0.221093,-0.050366,9.803075,-0.002134,-0.003772,0.001032
190.053593,-0.217472,-0.038415,9.800388,0.004661,-0.001687,-0.000525
190.063464,-0.214469,-0.029033,9.800599,-0.004789,-0.001206,-0.003256
190.073367,-0.226617,-0.055373,9.795611,-0.000733,0.003372,-0.002233
190.083238,-0.216274,-0.059619,9.797912,0.001387,-0.002184,-0.003436
190.093132,-0.203211,-0.050742,9.777991,-0.001097,0.006368,-0.000031
190.103009,-0.219476,-0.048995,9.780936,-0.000036,-0.000743,-0.000888
190.112919,-0.219556,-0.053714,9.801736,0.002860,0.003370,-0.000187
190.122783,-0.219505,-0.043487,9.788891,0.000201,-0.002975,0.001733
190.132678,-0.213904,-0.028460,9.768631,0.001654,-0.000933,-0.000714
190.142556,-0.203511,-0.054721,9.788393,-0.001091,0.004656,-0.001521
190.152460,-0.210666,-0.068359,9.807012,-0.001455,0.001806,-0.003381
190.162331,-0.207975,-0.042782,9.819178,0.000035,0.003097,0.000924
190.172232,-0.222653,-0.043231,9.813748,0.003598,0.003191,-0.002098
190.182102,-0.232031,-0.058058,9.803491,0.000881,0.002905,-0.001801
190.192015,-0.222837,-0.054883,9.797081,0.000605,0.001577,-0.003211
190.201877,-0.196646,-0.045829,9.799568,0.002021,0.000618,0.000818
190.211770,-0.226437,-0.048403,9.803144,0.003682,-0.001157,-0.001381
190.221650,-0.209338,-0.048301,9.789245,0.000939,-0.005551,0.002730
190.231552,-0.198016,-0.043484,9.792129,0.001832,-0.000798,0.001352
190.241421,-0.215091,-0.044997,9.794019,0.000018,0.000924,-0.003249
190.251317,-0.219657,-0.043157,9.819339,0.000636,-0.003604,0.001328
190.261196,-0.206086,-0.034300,9.811848,0.000955,0.007654,-0.002977
190.271099,-0.204986,-0.049589,9.791434,0.003260,-0.001869,0.001459
190.280973,-0.203293,-0.047159,9.802957,0.002703,0.000064,-0.003275
190.290867,-0.208753,-0.047403,9.803953,-0.000328,0.002278,0.001177
190.300742,-0.215574,-0.034127,9.798880,0.000492,0.000304,0.002503
190.310646,-0.220270,-0.022850,9.786468,-0.001076,-0.002691,0.001156
190.320522,-0.211534,-0.040347,9.777908,0.000818,0.004555,0.000864
190.330411,-0.210210,-0.065164,9.798204,0.003448,0.000045,0.000375
190.340288,-0.207047,-0.046657,9.788112,0.000682,-0.000797,-0.000950
190.350200,-0.207366,-0.017344,9.792263,0.001207,-0.001474,0.001133
190.360062,-0.212439,-0.042872,9.797133,0.004406,0.000658,-0.001206
190.369956,-0.216293,-0.046665,9.808936,0.000836,0.002810,-0.001410
190.379836,-0.216401,-0.043540,9.818767,0.001544,-0.002314,-0.000177
190.389743,-0.208592,-0.039080,9.794773,0.000156,0.002528,0.000371
190.399612,-0.194870,-0.018509,9.792162,-0.002560,0.000383,0.000623
190.409510,-0.205246,-0.044169,9.779302,0.002194,0.000885,0.000054
190.419380,-0.220166,-0.060447,9.794348,0.002218,-0.002456,0.003349
190.429287,-0.214898,-0.053227,9.805277,-0.002017,0.000946,-0.001376
190.439154,-0.200329,-0.039898,9.795412,0.003924,-0.002001,0.001074
190.449050,-0.227456,-0.042700,9.779909,-0.001032,0.002477,-0.002681
190.458926,-0.199184,-0.060138,9.808862,0.002413,0.000617,-0.001431
190.468834,-0.196751,-0.040765,9.796169,0.001133,-0.001264,0.000178
190.478700,-0.199503,-0.043159,9.774860,-0.000909,0.001813,-0.002574
190.488599,-0.208473,-0.050287,9.788348,0.003247,0.000324,0.002717
190.498476,-0.204688,-0.051575,9.800307,0.001517,-0.001036,-0.002250
190.508383,-0.231848,-0.045486,9.812851,0.001231,-0.000373,0.000952
190.518255,-0.222600,-0.053229,9.807825,0.000802,-0.004534,-0.003129
190.528146,-0.209700,-0.044473,9.800827,0.002781,0.001944,0.002216
190.538022,-0.214128,-0.050423,9.795547,-0.000631,0.006720,0.002452
190.547926,-0.201147,-0.044676,9.784122,0.000932,-0.001104,0.001739
190.557795,-0.210593,-0.058812,9.784292,0.004953,-0.002534,-0.000949
190.567690,-0.187959,-0.067962,9.789516,0.000962,-0.002858,-0.004263
190.577568,-0.209707,-0.045584,9.796154,-0.002230,0.004022,-0.000194
190.587473,-0.203367,-0.062732,9.772157,-0.001044,-0.002187,0.001045
190.597347,-0.211193,-0.063301,9.804326,0.000449,0.001619,0.001412
190.607246,-0.207884,-0.050931,9.817562,-0.001489,-0.000469,0.001365
190.617121,-0.206036,-0.045037,9.809517,0.003196,-0.004292,0.001312
190.627018,-0.208300,-0.046903,9.789368,-0.001052,-0.003239,0.000672
190.636890,-0.200347,-0.052651,9.778346,0.001375,0.004294,-0.001784
190.646783,-0.212269,-0.038204,9.788031,0.002787,-0.000685,0.000496
190.656665,-0.210140,-0.048753,9.801407,0.001424,-0.000078,0.000909
190.666570,-0.207812,-0.051145,9.801068,-0.000045,0.002075,-0.000243
190.676435,-0.192860,-0.051562,9.794744,0.001504,-0.003597,0.000419
190.686334,-0.202193,-0.040003,9.802305,-0.000741,0.000024,-0.001355
190.696210,-0.211240,-0.069634,9.808595,0.000406,0.000948,0.001250
190.706112,-0.222220,-0.053334,9.791208,-0.001144,0.003528,-0.000236
190.715981,-0.215109,-0.033165,9.782069,0.004137,0.000110,-0.001626
190.725875,-0.216307,-0.035583,9.782799,0.001335,-0.004032,0.003345
190.735758,-0.211164,-0.042536,9.805647,0.001587,-0.002107,0.002229
190.745660,-0.202728,-0.073806,9.795769,-0.001519,0.002904,0.002334
190.755525,-0.202806,-0.070570,9.793718,0.002699,-0.000861,0.000375
190.765423,-0.202233,-0.057978,9.808352,0.002991,-0.000325,0.001437
190.775300,-0.195410,-0.048896,9.792592,-0.000384,0.002734,0.002002
190.785202,-0.203500,-0.049128,9.808527,-0.001655,-0.006661,-0.000022
190.795076,-0.210593,-0.048921,9.775579,-0.000316,-0.000549,0.000893
190.804967,-0.203213,-0.037142,9.777618,0.000454,-0.000739,-0.002378
190.814853,-0.217317,-0.062837,9.798372,-0.000948,-0.003528,-0.002790
190.824759,-0.227102,-0.055910,9.787202,0.000445,0.005686,0.003948
190.834622,-0.204101,-0.046791,9.818618,0.000533,0.002667,-0.001915
190.844519,-0.221076,-0.029269,9.814576,0.000381,0.002845,-0.002794
190.854392,-0.211964,-0.061789,9.797728,-0.002478,0.002939,0.001192
190.864301,-0.191020,-0.061153,9.798312,-0.000322,0.000927,-0.002051
190.874165,-0.201326,-0.058898,9.798872,0.001730,0.003078,0.002385
190.884066,-0.209178,-0.044565,9.802088,-0.001956,0.002392,-0.000514
190.893939,-0.205446,-0.049202,9.804284,0.003664,0.002906,0.001044
190.903843,-0.223702,-0.052112,9.799474,-0.000742,-0.000023,-0.001593
190.913716,-0.218631,-0.048419,9.771993,0.001204,0.001101,0.002890
190.923609,-0.202657,-0.008050,9.780398,0.000817,0.001269,-0.003071
190.933485,-0.210373,-0.018366,9.805171,-0.000705,0.001486,0.001696
190.943388,-0.200993,-0.045552,9.817944,0.001870,0.000482,0.000465
190.953258,-0.208325,-0.048327,9.805480,-0.000990,0.000275,0.000892
190.963160,-0.211411,-0.056981,9.801879,0.004497,0.003394,-0.000457
190.973037,-0.191009,-0.071251,9.788214,0.000437,0.000438,-0.002315
190.982934,-0.195987,-0.073203,9.790497,0.001115,0.001479,0.000393
190.992807,-0.201607,-0.056009,9.777709,0.002806,-0.001628,0.002448
191.002699,-0.198095,-0.070389,9.773867,0.001335,0.001001,0.001862
191.012577,-0.213622,-0.067874,9.787159,-0.000650,-0.004710,0.001984
191.022482,-0.216352,-0.066803,9.800853,0.002446,0.000810,-0.001066
191.032359,-0.201142,-0.013189,9.797144,0.002006,0.001217,0.000552
191.042245,-0.209219,-0.036146,9.786446,0.002258,0.000439,-0.000732
191.052129,-0.197256,-0.047821,9.829508,0.000260,0.002181,0.003066
191.062030,-0.198055,-0.050591,9.825803,-0.001906,-0.001318,-0.001505
191.071897,-0.201516,-0.064529,9.805500,0.002590,0.002146,-0.000433
191.081796,-0.210976,-0.039780,9.798172,0.000871,-0.003072,0.001438
191.091678,-0.209124,-0.065442,9.792033,0.002422,0.001205,0.001624
191.101584,-0.213012,-0.054782,9.790943,0.001590,-0.004098,0.001617
191.111444,-0.213791,-0.055001,9.782856,0.001090,0.001844,-0.000692
191.121340,-0.224700,-0.058552,9.794215,-0.000841,0.002189,0.002363
191.131217,-0.216955,-0.052174,9.813878,0.001699,-0.002472,-0.000781
191.141121,-0.218105,-0.057381,9.798869,0.002315,-0.004621,0.000147
191.151000,-0.202631,-0.042164,9.791703,0.001087,0.001134,0.000750
191.160895,-0.198646,-0.050915,9.780213,0.000906,-0.000989,-0.000874
191.170766,-0.208312,-0.037104,9.799380,-0.000227,0.003109,-0.000788
191.180667,-0.207665,-0.036445,9.793373,0.002950,0.000406,-0.000703
191.190535,-0.210726,-0.026812,9.827688,-0.001878,0.001252,0.000890
191.200432,-0.216176,-0.023792,9.821489,-0.000893,0.003367,0.000180
191.210312,-0.206303,-0.050600,9.807066,0.004715,0.001588,0.000763
191.220214,-0.216490,-0.049173,9.803370,0.006113,-0.003948,-0.003770
191.230089,-0.214609,-0.042536,9.789181,0.004241,0.000325,-0.001888
191.239990,-0.220888,-0.049757,9.781836,-0.004581,0.002748,-0.000446
191.249858,-0.213047,-0.044093,9.795211,-0.000042,-0.002757,0.005148
191.259762,-0.216658,-0.043825,9.797690,0.002339,-0.000547,-0.001036
191.269629,-0.219960,-0.031260,9.797885,0.001295,-0.000862,0.000189
191.279526,-0.216032,-0.033033,9.773803,0.000331,-0.002011,0.001408
191.289402,-0.211452,-0.035865,9.793006,0.003682,-0.000126,-0.000438
191.299312,-0.220799,-0.056967,9.795069,0.000795,0.002131,-0.001207
191.309181,-0.232014,-0.021778,9.810914,0.000672,-0.002941,-0.001359
191.319079,-0.229418,-0.041078,9.803159,-0.005941,0.002547,0.002679
191.328948,-0.218882,-0.051642,9.777084,0.000282,-0.001888,0.000233
191.338853,-0.221569,-0.063283,9.781708,0.003257,0.002725,-0.001732
191.348725,-0.213919,-0.048029,9.797113,-0.003661,0.001648,-0.003653
191.358617,-0.198031,-0.041091,9.791334,0.001241,0.002455,-0.005782
191.368495,-0.204707,-0.050538,9.782097,-0.000944,0.002252,0.000489
191.378404,-0.208896,-0.064411,9.765340,-0.001991,0.001223,0.000218
191.388269,-0.211187,-0.060051,9.792062,0.001368,-0.000399,0.000350
191.398163,-0.187885,-0.055369,9.805644,0.000035,0.004433,0.000662
191.408051,-0.218455,-0.056199,9.807185,0.001675,0.000758,-0.000053
191.417946,-0.224434,-0.047161,9.784627,0.002350,-0.005071,0.001774
191.427819,-0.211451,-0.045493,9.784978,0.000213,-0.001751,-0.001998
191.437711,-0.224749,-0.047522,9.785936,0.000509,-0.000784,-0.000329
191.447590,-0.214800,-0.037102,9.776642,0.000261,-0.002201,0.002631
191.457498,-0.213796,-0.034147,9.770908,0.002194,0.000001,0.002308
191.467364,-0.224219,-0.050703,9.780923,0.002338,-0.000033,-0.003453
191.477258,-0.224829,-0.070446,9.787259,0.001624,0.000591,-0.002527
191.487135,-0.205098,-0.056013,9.796494,-0.002832,0.002611,0.000274
191.497039,-0.211203,-0.046913,9.779257,0.003687,-0.002056,0.001348
191.506908,-0.202275,-0.043335,9.811082,0.001142,0.005170,0.002654
191.516804,-0.205959,-0.052137,9.801643,-0.002014,-0.000461,0.003453
191.526688,-0.209333,-0.047632,9.798419,-0.001835,0.002955,-0.001230
191.536585,-0.203760,-0.072968,9.797513,0.001857,-0.000126,0.000036
191.546458,-0.215118,-0.069555,9.795857,-0.001786,0.000785,-0.000468
191.556351,-0.198797,-0.069733,9.808598,0.000749,0.002168,-0.001874
191.566228,-0.201146,-0.041237,9.807510,0.000874,-0.001924,-0.000421
191.576133,-0.219909,-0.033800,9.819024,-0.002025,-0.002605,-0.003012
191.586002,-0.207996,-0.031626,9.811819,-0.000427,-0.003783,0.000657
191.595896,-0.203574,-0.038938,9.792358,-0.001972,0.003971,-0.002761
191.605774,-0.209650,-0.046971,9.793689,0.003910,0.001026,-0.000923
191.615679,-0.217831,-0.034714,9.801799,-0.002401,0.000422,-0.001956
191.625547,-0.220608,-0.039613,9.799422,0.000165,0.000137,-0.001037
191.635443,-0.212235,-0.031607,9.820326,-0.000011,-0.002186,0.001344
191.645322,-0.216467,-0.055483,9.798238,0.001827,-0.000774,0.000099
191.655226,-0.207874,-0.035310,9.805874,-0.000047,0.000562,-0.000808
191.665093,-0.211392,-0.022184,9.791813,-0.001383,-0.002853,-0.001881
191.674989,-0.206985,-0.033367,9.796560,0.004313,-0.003091,0.001991
191.684867,-0.210202,-0.032259,9.808755,-0.000552,0.002926,0.002070
191.694774,-0.197422,-0.065264,9.811089,0.000836,0.002796,-0.001327
191.704648,-0.192728,-0.058927,9.805527,0.001124,-0.000400,-0.000450
191.714535,-0.212782,-0.056959,9.777953,0.002338,0.002015,-0.001673
191.724416,-0.232961,-0.059435,9.785733,0.005078,-0.000213,-0.001617
191.734319,-0.222181,-0.059731,9.792541,0.003705,-0.001654,-0.001018
191.744189,-0.205285,-0.055535,9.794026,0.000899,-0.001475,-0.000877
191.754094,-0.207625,-0.050591,9.801557,0.002482,0.000874,0.003449
191.763961,-0.217140,-0.029376,9.805085,0.000585,-0.000667,-0.001029
191.773866,-0.219950,-0.056037,9.801305,0.004512,-0.001000,-0.003919
191.783734,-0.222952,-0.054768,9.783173,0.001667,-0.001554,0.001452
191.793628,-0.232160,-0.039426,9.792118,-0.000642,0.006134,0.001052
191.803513,-0.230586,-0.048180,9.803995,-0.002059,-0.000412,0.001147
191.813412,-0.218554,-0.073491,9.785087,0.001069,0.001227,-0.002317
191.823281,-0.222574,-0.077907,9.767235,0.003605,-0.000692,0.003106
191.833175,-0.222013,-0.047839,9.801866,0.001451,0.001720,0.000254
191.843052,-0.198708,-0.053191,9.806186,0.002780,-0.002256,0.000817
191.852958,-0.212836,-0.076107,9.820613,0.005395,-0.000672,-0.003815
191.862826,-0.213029,-0.068252,9.809934,0.000532,0.002095,-0.001560
191.872727,-0.202465,-0.075610,9.783355,0.000730,-0.000073,-0.000459
191.882599,-0.221163,-0.061976,9.788458,-0.000596,-0.000540,0.003081
191.892506,-0.211391,-0.041809,9.795673,0.004579,0.000120,-0.000321
191.902380,-0.211358,-0.024354,9.797971,-0.001304,-0.003879,0.003602
191.912273,-0.215759,-0.043761,9.791239,-0.001465,0.002655,-0.002253
191.922154,-0.198203,-0.047986,9.797610,0.000159,0.000455,0.000063
191.932050,-0.202530,-0.070465,9.795545,-0.001787,0.002955,0.001456
191.941919,-0.221402,-0.048017,9.777373,-0.001171,0.005788,-0.000216
191.951819,-0.206278,-0.051851,9.789066,-0.001598,0.000291,-0.000013
191.961694,-0.200105,-0.057143,9.790751,-0.002101,-0.004487,0.004766
191.971601,-0.194588,-0.058236,9.794759,-0.001211,0.006671,-0.000194
191.981475,-0.218847,-0.037273,9.784844,0.000569,0.002077,-0.002778
191.991365,-0.220367,-0.062671,9.784286,-0.001079,0.003347,0.000517
192.001238,-0.211174,-0.058180,9.801715,0.000453,-0.002903,-0.000293
192.011146,-0.235830,-0.049055,9.798789,-0.000870,-0.000215,0.001713
192.021018,-0.222480,-0.068207,9.809220,0.002007,0.002570,-0.000437
192.030910,-0.220919,-0.066759,9.787070,-0.001315,-0.000861,-0.000191
192.040786,-0.210206,-0.052688,9.793434,-0.000011,-0.000016,-0.002129
192.050699,-0.209730,-0.027716,9.806108,0.005075,0.000738,-0.000009
192.060565,-0.209423,-0.027541,9.804020,-0.000996,-0.000952,-0.004707
192.070457,-0.218949,-0.038119,9.790514,0.001256,0.003230,-0.000307
192.080341,-0.213703,-0.048107,9.792305,-0.000140,0.001105,-0.000551
192.090237,-0.197844,-0.058952,9.801907,-0.002265,-0.000968,0.001033
192.100106,-0.216953,-0.047446,9.805151,0.000708,0.004254,-0.002393
192.110000,-0.216910,-0.030624,9.788139,-0.003001,0.002841,0.000630
192.119881,-0.201560,-0.044116,9.778174,0.001653,0.001254,-0.001381
192.129782,-0.205154,-0.061274,9.778977,-0.001440,0.004034,-0.001186
192.139652,-0.223644,-0.077903,9.792955,-0.002153,-0.004889,-0.004368
192.149555,-0.226766,-0.068779,9.790958,0.000308,-0.000593,-0.000259
192.159429,-0.211898,-0.039281,9.793875,0.001949,-0.000694,-0.002383
192.169335,-0.212275,-0.048091,9.799879,0.001829,0.003441,0.002791
192.179199,-0.215568,-0.045935,9.788107,0.000928,-0.001805,-0.004297
192.189097,-0.213501,-0.079573,9.794607,-0.000552,0.003451,-0.003684
192.198973,-0.219388,-0.057202,9.799767,0.001978,0.000205,-0.000398
192.208875,-0.218703,-0.077623,9.781488,0.000245,0.002089,0.000243
192.218746,-0.222394,-0.052483,9.798667,-0.000249,0.004375,-0.001217
192.228643,-0.209767,-0.027688,9.818548,0.004118,-0.001258,0.002945
192.238526,-0.225678,-0.024366,9.803655,-0.001240,-0.000670,-0.003552
192.248423,-0.208046,-0.030857,9.802903,0.001389,-0.001980,-0.000965
192.258291,-0.199782,-0.041243,9.787249,-0.000587,-0.001099,-0.004787
192.268186,-0.208377,-0.044127,9.790891,0.003924,0.000450,0.002389
192.278068,-0.215013,-0.046676,9.784230,0.001434,0.001476,0.004538
192.287970,-0.213953,-0.073199,9.786029,-0.000040,-0.000790,-0.002818
192.297838,-0.198382,-0.062844,9.801042,0.003510,-0.002126,0.001748
192.307733,-0.205281,-0.041756,9.794724,0.002458,0.003218,0.002409
192.317616,-0.207138,-0.026682,9.769377,0.001142,0.003379,0.002810
192.327515,-0.193811,-0.045315,9.779441,0.000415,-0.003409,-0.004392
192.337385,-0.210576,-0.033664,9.773395,0.000263,0.000377,-0.002422
192.347279,-0.209319,-0.054005,9.790282,-0.002239,0.002828,-0.000353
192.357157,-0.202240,-0.058590,9.797605,0.000410,-0.002619,0.003512
192.367062,-0.200817,-0.043701,9.804716,0.000618,0.002187,-0.001693
192.376931,-0.209204,-0.041997,9.809702,0.001446,0.002320,-0.002307
192.386830,-0.201519,-0.055190,9.813802,0.002615,-0.001527,-0.003212
192.396706,-0.201047,-0.046826,9.784149,-0.002714,-0.000487,0.000746
192.406611,-0.214856,-0.031675,9.795696,-0.000174,-0.001562,-0.001348
192.416477,-0.196632,-0.033372,9.800306,-0.001681,0.004078,-0.000961
192.426377,-0.198508,-0.042154,9.794861,-0.001640,-0.000200,-0.002564
192.436252,-0.215841,-0.041087,9.774525,-0.001195,0.006147,-0.000302
192.446157,-0.220527,-0.049685,9.793292,0.001036,-0.003906,0.002165
192.456025,-0.210822,-0.039778,9.772848,-0.000206,0.003516,-0.001071
192.465923,-0.192988,-0.028042,9.777533,-0.000639,-0.003630,0.003506
192.475800,-0.215044,-0.032032,9.781886,-0.000727,0.004728,-0.001080
192.485711,-0.211880,-0.068200,9.790160,0.000100,-0.000932,0.001861
192.495577,-0.203817,-0.057155,9.799072,0.005359,0.001143,-0.001961
192.505471,-0.214070,-0.076613,9.810713,0.000926,-0.001951,0.003539
192.515344,-0.208065,-0.035277,9.816403,0.003130,-0.000468,-0.000218
192.525249,-0.217215,-0.044538,9.815299,-0.000753,-0.000558,-0.004371
192.535118,-0.230577,-0.060750,9.793363,-0.002291,0.002359,-0.003661
192.545012,-0.219466,-0.042180,9.784262,0.000393,0.000208,0.002609
192.554892,-0.217391,-0.055402,9.777347,0.004734,-0.002982,0.002067
192.564794,-0.186345,-0.069819,9.761017,0.001535,0.002680,-0.000865
192.574663,-0.207619,-0.065413,9.784682,0.000074,-0.000546,0.000258
192.584558,-0.212485,-0.015174,9.783286,0.004126,0.000514,0.001334
192.594442,-0.218405,-0.027262,9.810788,0.000639,-0.001687,-0.001738
192.604350,-0.233072,-0.054407,9.782777,0.000969,-0.001402,0.000134
192.614214,-0.219963,-0.072103,9.783376,0.001405,-0.002191,0.003005
192.624106,-0.212990,-0.074881,9.798134,0.001740,0.003871,-0.001226
192.633983,-0.222360,-0.058815,9.809008,0.001467,-0.000119,-0.000852
192.643888,-0.220633,-0.042958,9.788515,0.002097,-0.000604,0.000356
192.653757,-0.216464,-0.042729,9.788244,-0.000852,0.001059,-0.006935
192.663657,-0.200114,-0.046109,9.795408,0.005509,-0.004496,0.000521
192.673534,-0.205144,-0.060230,9.799178,0.002986,-0.002151,-0.003355
192.683439,-0.190881,-0.043928,9.792290,-0.001886,-0.002926,0.000261
192.693305,-0.180620,-0.058122,9.799630,0.000781,0.000820,0.000172
192.703198,-0.203927,-0.062172,9.803792,0.000416,-0.002163,-0.001524
192.713076,-0.213026,-0.037622,9.800759,0.001493,-0.000924,-0.000011
192.722981,-0.217535,-0.040462,9.812286,-0.001112,-0.004864,0.001874
192.732850,-0.199572,-0.047939,9.790929,-0.001019,-0.000817,0.002446
192.742745,-0.206508,-0.061378,9.768330,0.002660,-0.003415,0.001047
192.752633,-0.208916,-0.045529,9.790639,0.000409,0.003308,-0.000449
192.762539,-0.206488,-0.044526,9.792767,-0.000925,0.001700,-0.001530
192.772395,-0.199102,-0.029217,9.792784,0.001407,0.001606,0.000858
192.782297,-0.209580,-0.047514,9.804681,0.001266,0.001552,-0.002087
192.792176,-0.215872,-0.030261,9.804479,-0.000085,0.002103,0.001670
192.802076,-0.205085,-0.023995,9.794884,0.004365,-0.000659,0.002321
192.811945,-0.201259,-0.044447,9.807511,0.001311,-0.000975,0.001009
192.821842,-0.200448,-0.037340,9.802220,0.001845,-0.001790,-0.002447
192.831718,-0.209022,-0.034775,9.798185,0.000444,0.003486,-0.002526
192.841625,-0.204061,-0.032318,9.810408,0.003681,0.000627,-0.003252
192.851492,-0.204290,-0.038916,9.793010,-0.000379,-0.001378,0.002962
192.861390,-0.208323,-0.020160,9.803719,0.002404,-0.001621,0.000760
192.871265,-0.211508,-0.018512,9.787798,0.004050,0.000091,-0.002685
192.881169,-0.219878,-0.049259,9.792359,-0.001023,-0.002053,-0.001450
192.891038,-0.218522,-0.050136,9.791075,0.003529,-0.000858,-0.000147
192.900940,-0.223318,-0.054353,9.771195,-0.000432,0.000132,0.000901
192.910813,-0.212651,-0.076982,9.805055,0.003835,-0.000007,0.000916
192.920716,-0.205639,-0.045104,9.800922,0.001800,-0.003945,0.003596
192.930584,-0.217277,-0.040547,9.806275,-0.000609,0.001566,0.002056
192.940485,-0.205522,-0.053433,9.792979,0.000174,-0.001555,-0.000113
192.950361,-0.206800,-0.036876,9.797738,0.000770,0.004746,-0.000152
192.960262,-0.195232,-0.042488,9.794093,-0.000292,-0.002690,-0.004199
192.970132,-0.212545,-0.036897,9.797547,0.001458,-0.003211,-0.000486
192.980026,-0.226249,-0.023219,9.788537,0.005209,-0.003797,0.000915
192.989905,-0.214677,-0.029581,9.789139,0.000541,-0.002842,-0.001882
192.999810,-0.222941,-0.034235,9.791214,0.000363,0.005149,-0.000664
193.009679,-0.212015,-0.039895,9.806256,0.001182,-0.000519,-0.000666
193.019576,-0.208118,-0.054760,9.799050,0.003254,0.004180,0.000565
193.029451,-0.223234,-0.060101,9.804324,-0.000035,-0.000264,-0.001812
193.039364,-0.224243,-0.055624,9.813032,-0.004201,-0.000204,0.000749
193.049222,-0.210689,-0.041743,9.802682,0.003320,-0.001554,0.000364
193.059127,-0.214187,-0.050017,9.797186,-0.002779,0.001330,-0.001418
193.068998,-0.214880,-0.049755,9.789419,0.001569,-0.003791,-0.003391
193.078905,-0.206236,-0.038770,9.802623,-0.001464,0.000201,-0.003195
193.088770,-0.228146,-0.049612,9.795671,0.000084,0.001949,0.000105
193.098663,-0.216324,-0.049633,9.767460,0.000142,-0.001016,0.001088
193.108547,-0.203448,-0.039288,9.785508,-0.000237,-0.003026,-0.001428
193.118452,-0.203572,-0.026621,9.826085,0.002028,0.002978,-0.002262
193.128315,-0.202848,-0.047925,9.812068,-0.000137,0.002278,0.003227
193.138221,-0.192660,-0.049227,9.790612,-0.001484,0.000299,-0.003426
193.148090,-0.203324,-0.036401,9.797388,0.001096,-0.003192,-0.002256
193.157995,-0.211220,-0.032599,9.792782,0.000556,-0.003405,-0.003630
193.167867,-0.203193,-0.050288,9.812897,0.000854,0.000270,-0.000894
193.177756,-0.206018,-0.075378,9.791673,0.000626,-0.000398,0.001936
193.187635,-0.211777,-0.064644,9.765830,-0.001125,-0.001913,0.002593
193.197541,-0.216416,-0.064791,9.779667,0.000487,-0.002883,-0.000235
193.207413,-0.216643,-0.054084,9.788860,-0.001867,0.000003,-0.000398
193.217309,-0.217536,-0.053142,9.797949,-0.000167,0.002963,-0.000161
193.227192,-0.223417,-0.062300,9.800262,-0.002632,0.002608,0.000405
193.237086,-0.220007,-0.052004,9.814003,0.000441,-0.000394,-0.005412
193.246956,-0.206756,-0.046917,9.794929,-0.003296,-0.003532,-0.003856
193.256860,-0.203374,-0.026107,9.789413,0.003448,-0.003254,-0.000374
193.266730,-0.210385,-0.048818,9.781104,0.000099,-0.001554,-0.004852
193.276638,-0.216185,-0.046863,9.789633,-0.001734,0.000746,0.003699
193.286508,-0.216382,-0.039755,9.798464,0.001799,0.001010,0.001744
193.296398,-0.217187,-0.033094,9.808637,0.002464,-0.002872,0.002114
193.306281,-0.214468,-0.029876,9.792923,0.000810,-0.002670,-0.002761
193.316189,-0.201914,-0.018616,9.794408,0.001960,-0.000516,-0.003182
193.326055,-0.191257,-0.055532,9.803005,0.002090,-0.007091,0.001431
193.335943,-0.226175,-0.031700,9.807157,0.003158,-0.000492,-0.001301
193.345821,-0.218946,-0.033492,9.801623,0.000743,-0.001941,0.000306
193.355733,-0.211972,-0.050619,9.796294,-0.000576,-0.001409,-0.000699
193.365595,-0.217233,-0.058380,9.791771,0.000195,-0.001710,-0.002583
193.375493,-0.219007,-0.050152,9.795196,-0.002180,-0.001692,-0.002151
193.385369,-0.215125,-0.035135,9.794931,0.000759,-0.004463,0.002331
193.395272,-0.219233,-0.039643,9.783709,0.002146,0.002100,-0.000046
193.405150,-0.211317,-0.051547,9.790598,0.001093,-0.002494,0.000049
193.415037,-0.210588,-0.065452,9.816247,0.001425,0.001866,-0.002269
193.424920,-0.215381,-0.045266,9.801290,0.000980,0.000154,-0.000403
193.434820,-0.213707,-0.044001,9.803893,0.003774,-0.003083,-0.002417
193.444696,-0.208671,-0.047708,9.798057,-0.000357,0.003100,0.000026
193.454586,-0.212075,-0.048323,9.774961,-0.002638,0.004207,0.001401
193.464462,-0.207050,-0.019551,9.787945,0.001640,-0.002492,0.002704
193.474365,-0.224943,-0.041643,9.782330,0.000235,0.001321,0.002146
193.484239,-0.223791,-0.041677,9.798293,0.000144,-0.001082,0.000367
193.494134,-0.218421,-0.051704,9.802429,0.002157,-0.001907,-0.000682
193.504015,-0.216009,-0.069633,9.791927,0.001660,-0.003144,-0.001397
193.513915,-0.202629,-0.067988,9.802660,0.003796,-0.001954,0.002118
193.523787,-0.216431,-0.046491,9.817081,0.000774,-0.001633,0.002296
193.533678,-0.218691,-0.048422,9.817061,0.002285,-0.001453,-0.002035
193.543557,-0.202044,-0.060082,9.796459,0.000925,0.001510,0.000744
193.553459,-0.211458,-0.082702,9.801505,-0.000778,0.003236,-0.000497
193.563329,-0.211530,-0.056885,9.817068,-0.002921,-0.000053,-0.001925
193.573230,-0.212917,-0.045102,9.809820,0.000463,-0.002770,0.002344
193.583107,-0.207389,-0.050619,9.793055,0.001144,-0.000619,-0.002107
193.593006,-0.212277,-0.045666,9.778947,-0.001719,0.001163,-0.002041
193.602879,-0.221525,-0.034839,9.825200,0.000088,0.000167,0.001864
193.612769,-0.212069,-0.043310,9.825915,-0.000050,-0.000109,-0.002121
193.622654,-0.209267,-0.059740,9.788481,-0.003517,0.000553,0.000492
193.632552,-0.211257,-0.056295,9.780715,0.004170,0.001366,0.000572
193.642426,-0.193502,-0.043515,9.785038,0.002470,-0.001176,-0.002146
193.652317,-0.202168,-0.050197,9.791797,0.003650,0.000899,0.000969
193.662198,-0.211192,-0.048657,9.794066,-0.000665,-0.004258,0.000437
193.672103,-0.218831,-0.061281,9.787477,0.000193,0.000194,-0.000107
193.681969,-0.207740,-0.068184,9.768193,-0.001559,0.001875,-0.000002
193.691877,-0.216634,-0.056811,9.788918,0.003810,0.001313,0.001356
193.701745,-0.223350,-0.062203,9.802303,-0.000424,0.001152,-0.003023
193.711654,-0.206412,-0.049601,9.798262,0.000837,-0.003145,-0.000532
193.721514,-0.213565,-0.038465,9.793729,0.002467,-0.002913,-0.003031
193.731416,-0.219254,-0.039722,9.803953,-0.001119,-0.001354,-0.000285
193.741287,-0.212613,-0.067939,9.804182,-0.001232,0.004496,0.000344
193.751193,-0.199932,-0.036687,9.805181,-0.001785,-0.000652,-0.005547
193.761060,-0.205698,-0.046945,9.815944,-0.000780,0.001286,0.001846
193.770960,-0.213167,-0.053815,9.784880,-0.000806,-0.000367,0.002440
193.780838,-0.213236,-0.042800,9.784289,0.000280,0.005010,-0.000980
193.790743,-0.191197,-0.022550,9.789122,0.003489,0.000376,-0.000982
193.800608,-0.210206,-0.031965,9.791244,-0.001408,0.002557,0.002780
193.810502,-0.216710,-0.046061,9.793287,0.002153,-0.002526,-0.001462
193.820385,-0.205200,-0.053805,9.800311,0.003531,-0.003483,0.000477
193.830290,-0.215759,-0.063346,9.814801,0.001485,0.000176,0.000824
193.840154,-0.221632,-0.070512,9.790490,0.001957,0.000034,0.000978
193.850052,-0.209239,-0.052247,9.809456,0.002163,-0.002020,0.001566
193.859934,-0.215808,-0.042029,9.801416,0.000634,-0.001749,0.002077
193.869833,-0.221667,-0.050855,9.794208,0.001754,-0.002699,-0.000925
193.879704,-0.218968,-0.048580,9.793474,0.001126,0.005471,0.002292
193.889597,-0.211535,-0.045469,9.796603,0.001832,-0.002741,0.003765
193.899486,-0.216831,-0.072906,9.796093,-0.001964,-0.002306,-0.001892
193.909379,-0.208637,-0.056422,9.796496,0.000357,-0.002998,0.001512
193.919248,-0.191348,-0.051901,9.785705,0.003482,-0.000416,0.001544
193.929147,-0.204253,-0.062287,9.775985,0.001049,0.000379,-0.002863
193.939026,-0.207968,-0.056699,9.800194,0.000145,0.001091,-0.000512
193.948926,-0.203488,-0.036112,9.791836,0.005275,0.000369,-0.002419
193.958794,-0.203755,-0.047899,9.770398,0.000954,-0.001467,0.002495
193.968694,-0.207456,-0.053097,9.772008,0.000105,0.004127,-0.002433
193.978567,-0.195802,-0.056444,9.773549,0.001314,-0.003998,-0.003217
193.988476,-0.201844,-0.078242,9.772923,0.004395,-0.001466,-0.001652
193.998348,-0.217784,-0.058306,9.776716,-0.000853,-0.004018,-0.003403
194.008235,-0.213754,-0.051282,9.775182,0.002486,-0.004070,0.001023
194.018120,-0.203068,-0.051537,9.791004,0.002305,-0.002252,0.003303
194.028029,-0.201198,-0.068596,9.783608,0.001768,0.000413,0.002281
194.037896,-0.218889,-0.051957,9.799039,0.001646,0.000561,0.000020
194.047785,-0.210579,-0.044290,9.794572,0.003276,0.000880,0.004222
194.057660,-0.208046,-0.058788,9.798970,0.000414,-0.000101,-0.002765
194.067568,-0.218578,-0.043849,9.813459,-0.000274,-0.001747,-0.001017
194.077433,-0.224528,-0.042814,9.818331,-0.000528,0.002626,-0.001642
194.087334,-0.214835,-0.043213,9.792725,0.001401,0.003162,-0.003974
194.097209,-0.224874,-0.040962,9.805923,0.001109,-0.000626,0.000189
194.107120,-0.201867,-0.059278,9.801176,-0.000639,-0.000058,0.000120
194.116980,-0.202295,-0.083640,9.812239,-0.000192,0.004588,-0.002125
194.126876,-0.215066,-0.059116,9.814431,-0.001526,-0.000288,0.000654
194.136755,-0.219652,-0.024998,9.805784,0.001778,0.003278,-0.003056
194.146667,-0.206093,-0.044881,9.788331,-0.000240,0.000242,-0.001552
194.156526,-0.207406,-0.049225,9.796151,0.000439,-0.004277,0.000185
194.166422,-0.224376,-0.038246,9.791879,0.003404,-0.006918,0.001723
194.176300,-0.233417,-0.051162,9.794338,0.001884,-0.001088,0.000209
194.186211,-0.212328,-0.050936,9.783502,0.001319,-0.002885,-0.003288
194.196083,-0.212303,-0.029224,9.799312,0.001147,0.005885,-0.000705
194.205969,-0.215823,-0.048551,9.803949,-0.000195,-0.000260,-0.001063
194.215847,-0.233866,-0.040634,9.791277,0.001518,0.001494,-0.001373
194.225751,-0.222989,-0.049070,9.795628,-0.001809,0.003367,-0.000482
194.235621,-0.216317,-0.041204,9.796891,-0.000811,-0.003736,0.000842
194.245515,-0.209130,-0.032893,9.809439,0.003371,-0.001271,-0.004154
194.255397,-0.201074,-0.031255,9.808800,-0.002657,0.000279,-0.000791
194.265297,-0.193516,-0.049123,9.799525,0.001954,0.000612,0.000131
194.275168,-0.184117,-0.046852,9.810214,0.001667,-0.004141,0.001914
194.285062,-0.204318,-0.060819,9.821233,-0.000324,0.000809,-0.001644
194.294943,-0.215092,-0.039547,9.814202,0.000616,0.000270,0.000337
194.304844,-0.226426,-0.037927,9.806504,0.000952,0.001382,-0.000396
194.314718,-0.221340,-0.023106,9.810267,0.002908,0.002759,0.000239
194.324615,-0.213999,-0.044524,9.784177,-0.001225,-0.000597,-0.001144
194.334486,-0.220444,-0.044760,9.789065,0.001533,0.000024,-0.001219
194.344391,-0.204893,-0.050812,9.816212,-0.000695,0.005974,-0.002146
194.354259,-0.216768,-0.052009,9.765305,0.002080,-0.002320,-0.000074
194.364156,-0.224982,-0.032093,9.786315,0.000500,-0.000503,0.001411
194.374038,-0.214405,-0.064668,9.803085,0.000105,0.000323,-0.001137
194.383941,-0.203967,-0.067382,9.797199,0.000921,0.000121,-0.000535
194.393807,-0.211521,-0.054390,9.785348,0.001997,-0.001730,-0.003476
194.403701,-0.220240,-0.049613,9.800206,-0.001710,0.005109,-0.004507
194.413584,-0.226550,-0.053210,9.806566,-0.000141,-0.001108,-0.003582
194.423483,-0.214326,-0.032448,9.786199,-0.001126,0.003462,0.001482
194.433354,-0.210324,-0.045198,9.801972,0.000171,0.003849,0.001176
194.443249,-0.204527,-0.057688,9.808215,-0.000976,-0.001985,-0.000598
194.453133,-0.207383,-0.045751,9.797664,0.000741,0.000950,-0.004622
194.463036,-0.207093,-0.033297,9.789857,0.000058,-0.001779,0.000722
194.472901,-0.203872,-0.032840,9.791894,0.003661,-0.001216,-0.002807
194.482804,-0.217683,-0.059824,9.803627,-0.001330,0.003286,-0.004070
194.492673,-0.210950,-0.051505,9.798364,0.000765,-0.001121,0.000814
194.502578,-0.191393,-0.056033,9.787425,0.001954,-0.004274,-0.001064
194.512447,-0.202409,-0.064560,9.803478,0.001595,-0.000395,0.002045
194.522349,-0.203207,-0.058123,9.792264,0.002697,-0.001792,-0.000579
194.532219,-0.206041,-0.054969,9.802129,0.001287,0.000765,-0.002221
194.542126,-0.210318,-0.038367,9.796351,-0.000973,0.005322,-0.001444
194.551996,-0.221345,-0.028473,9.797842,-0.000018,0.002261,0.001989
194.561893,-0.215965,-0.042643,9.783001,-0.000345,0.001410,-0.002454
194.571772,-0.221947,-0.053827,9.777519,0.000823,-0.002945,0.000463
194.581680,-0.217419,-0.065973,9.781238,-0.000480,0.002335,-0.001292
194.591542,-0.218048,-0.055219,9.791517,-0.000221,-0.005063,-0.000937
194.601440,-0.203508,-0.054377,9.797422,0.002545,-0.001611,-0.000809
194.611312,-0.191980,-0.047192,9.793788,0.001236,-0.000009,0.003253
194.621219,-0.212858,-0.053366,9.790889,0.001061,-0.003782,0.000051
194.631086,-0.203807,-0.040662,9.799510,-0.000562,-0.001381,0.002299
194.640982,-0.199753,-0.026290,9.777761,-0.003258,-0.004329,-0.001296
194.650861,-0.185281,-0.045584,9.806443,0.003991,0.002875,0.000199
194.660771,-0.202496,-0.047735,9.787554,-0.000170,0.005539,-0.000583
194.670633,-0.215159,-0.046424,9.779330,-0.002760,-0.000494,-0.000098
194.680527,-0.227170,-0.063071,9.799319,0.002288,-0.003425,0.007835
194.690407,-0.205324,-0.072204,9.813095,0.002576,0.004660,0.002556
194.700314,-0.217048,-0.072737,9.802349,0.003388,-0.001534,-0.003110
194.710179,-0.213392,-0.046664,9.798900,0.001740,-0.000201,0.003900
194.720079,-0.209928,-0.044039,9.793692,-0.000957,0.002199,-0.003002
194.729953,-0.188852,-0.034251,9.806769,0.002733,0.000557,-0.001537
194.739857,-0.211527,-0.042257,9.795030,-0.001054,0.000522,-0.003258
194.749726,-0.211018,-0.062654,9.783901,0.001394,0.003206,0.000247
194.759626,-0.199766,-0.066092,9.776096,0.000863,0.002749,0.000090
194.769500,-0.218690,-0.053030,9.786433,0.001647,-0.001245,-0.000643
194.779410,-0.217025,-0.059269,9.812157,-0.001952,-0.001425,-0.001020
