t,x,y,z,qx,qy,qz,qw
580.0,-9.7219725000101e-07,-5.169757096694336e-07,0.00019294471118936132,-2.9905093846231843e-06,-1.585613952115671e-06,-2.487988971482254e-06,0.9999999999911763
580.02,-9.97741485936766e-07,-4.6730379840551265e-07,0.00019605755375574213,-1.2363042690362137e-06,-1.2943392624478085e-06,-2.434144471709943e-06,0.9999999999954355
580.04,-1.0426849420579322e-06,-3.096018215611803e-07,0.0003506502610817752,2.7750981548087058e-06,-5.85923052193667e-07,-2.6680891309678314e-06,0.9999999999924184
580.06,-1.035551507997273e-06,-5.304684756868209e-07,0.0008506670092790596,-3.0436643999135334e-06,-1.2000832063147649e-06,-2.4370905186477892e-06,0.9999999999916782
580.08,-1.0709359797241382e-06,-4.4089954881710234e-07,0.0016509576698058304,-6.418626222057177e-07,-6.592074369932563e-07,-2.5125916201376763e-06,0.9999999999964201
580.1,-1.0866169883838295e-06,-4.4400806048597247e-07,0.002789620900041874,-1.1216479382583777e-06,-6.525805314878103e-07,-2.5189092643517926e-06,0.9999999999959855
580.12,-1.0968169791532555e-06,-4.94843911173368e-07,0.004199980786025816,-2.90867125383499e-06,-7.45086636139834e-07,-2.433173566344373e-06,0.9999999999925321
580.14,-1.1228643789980198e-06,-4.0966690968190885e-07,0.005757606171542161,-1.28576529109682e-06,-3.947666553863581e-07,-2.4771839939243506e-06,0.9999999999960272
580.16,-1.1371741329634126e-06,-3.70783307927302e-07,0.007426418416946506,-1.0271384304809889e-06,-3.2003439832619896e-07,-2.484110401286695e-06,0.9999999999963358
580.18,-1.1490967975080475e-06,-3.5115271457260297e-07,0.009233055036409692,-1.1666656139380982e-06,-2.453687985544915e-07,-2.460329041191604e-06,0.9999999999962628
580.2,-1.161231434653549e-06,-3.0617123058087223e-07,0.011108615280123437,-5.697409906504182e-07,-1.1700827053750175e-07,-2.4775131390943196e-06,0.9999999999967618
580.22,-1.1666922063297197e-06,-2.8819995687782376e-07,0.013098788956972987,-6.079745999074406e-07,-1.1842640900684485e-07,-2.4667138226884777e-06,0.9999999999967658
580.24,-1.173706869397861e-06,-2.614740095860468e-07,0.01523110090173908,-3.0714243923118175e-07,-3.839457998013574e-08,-2.471510771947698e-06,0.9999999999968979
580.26,-1.1778448485672173e-06,-2.408722805799145e-07,0.017512144949600576,-8.18485006839665e-08,-3.913933499898997e-09,-2.476955069189655e-06,0.999999999996929
580.28,-1.1795119884922654e-06,-2.326605676006568e-07,0.01987866960737558,-8.502310768854712e-08,-6.566350223302962e-09,-2.4726039793648438e-06,0.9999999999969394
580.3,-1.1817578437748623e-06,-2.2231185239086513e-07,0.022281041236133566,4.905019350544859e-08,2.5824717398338797e-08,-2.475491606945922e-06,0.9999999999969345
580.32,-1.1822323969460592e-06,-2.1829580024077512e-07,0.024661777314304228,7.250231813200493e-08,2.507564444428733e-08,-2.475718074777701e-06,0.9999999999969325
580.34,-1.1822464298789814e-06,-2.1721239688495388e-07,0.02711285314792737,6.862003871311337e-08,2.363852865858736e-08,-2.4744562288531674e-06,0.9999999999969359
580.36,-1.1823463997808212e-06,-2.1559512257951785e-07,0.029606994747391306,1.0896520550548908e-07,3.063875572365023e-08,-2.476390513256922e-06,0.9999999999969273
580.38,-1.1817073583711307e-06,-2.1729203590540694e-07,0.03207628979019014,8.14179900571059e-08,2.191717525148275e-08,-2.4756213278083176e-06,0.9999999999969321
580.4,-1.1812186115230302e-06,-2.1880580759571432e-07,0.034578152272861665,7.168044411900722e-08,1.9259684117509857e-08,-2.475560406897102e-06,0.999999999996933
580.42,-1.1806867380086657e-06,-2.2044539702445977e-07,0.03710412634723501,6.1564701616496e-08,1.5325215894502552e-08,-2.4759810676436537e-06,0.9999999999969327
580.44,-1.180092204621638e-06,-2.226108264014642e-07,0.03954782573394696,3.6915635181182734e-08,8.927494162178407e-09,-2.475511893732424e-06,0.9999999999969351
580.46,-1.179727140798113e-06,-2.2398879649539017e-07,0.04193184175691905,2.9183215558742868e-08,7.085354078265618e-09,-2.4756429772214796e-06,0.9999999999969351
580.48,-1.1793838432587586e-06,-2.2526285207390721e-07,0.044330998219030124,1.8504672518797745e-08,4.067592395797509e-09,-2.4756953098914256e-06,0.9999999999969352
580.5,-1.179130621097494e-06,-2.2627809661536733e-07,0.04671396517166633,9.681143465448967e-09,1.970989013856051e-09,-2.4755564736551055e-06,0.9999999999969357
580.52,-1.1789867053599664e-06,-2.2687824810131356e-07,0.04915583987899614,6.911116085024102e-09,1.3877679691907896e-09,-2.4757001023168996e-06,0.9999999999969355
580.54,-1.1788524790073907e-06,-2.2743449860313455e-07,0.05167717921379078,1.3089467709224077e-09,4.542469569775068e-12,-2.4755972195600495e-06,0.9999999999969357
580.56,-1.1787914039551913e-06,-2.2771918575997727e-07,0.05428144288189976,-2.3690787498367255e-10,-2.4632046465240163e-10,-2.4756043241562404e-06,0.9999999999969357
580.58,-1.1787636351276171e-06,-2.27861173330999e-07,0.05696076821956819,-4.846558788312493e-10,-2.3085425230589155e-10,-2.4756645034570115e-06,0.9999999999969356
580.6,-1.1787339869041508e-06,-2.279937030827862e-07,0.05970449522828118,-2.1151959583635527e-09,-6.511281811851179e-10,-2.4756323957408154e-06,0.9999999999969356
580.62,-1.178728400342507e-06,-2.2803567156660375e-07,0.06248697965100388,-2.477909527356136e-09,-6.966351530250429e-10,-2.4756197878181897e-06,0.9999999999969357
580.64,-1.1787372408914624e-06,-2.280164614910124e-07,0.06527764269486003,-2.057086845553071e-09,-5.540734759502215e-10,-2.475642505088541e-06,0.9999999999969356
580.66,-1.178744294047508e-06,-2.279971974965859e-07,0.06807516637421752,-2.0942190551137637e-09,-5.559458849124869e-10,-2.475628414998084e-06,0.9999999999969356
580.68,-1.1787595231827288e-06,-2.279457309017468e-07,0.07085339441965448,-1.4869584645292324e-09,-3.785758802382942e-10,-2.475635918405833e-06,0.9999999999969356
580.7,-1.1787715705742348e-06,-2.2790203551872247e-07,0.0735481973980029,-1.1409703764192039e-09,-2.8778147060065286e-10,-2.475640671754591e-06,0.9999999999969356
580.72,-1.1787811435834388e-06,-2.2786620133827134e-07,0.07625790712098801,-9.31496194303742e-10,-2.3455861949131605e-10,-2.475634052988493e-06,0.9999999999969356
580.74,-1.1787912951799468e-06,-2.278279997378857e-07,0.07901009798933298,-5.630174465024591e-10,-1.3571509528053356e-10,-2.475640778292369e-06,0.9999999999969356
580.76,-1.178797542432505e-06,-2.2780313446691723e-07,0.0818028503141077,-4.3014380984828995e-10,-1.0665762448342543e-10,-2.475638284649022e-06,0.9999999999969356
580.78,-1.178802939437079e-06,-2.2778169077778624e-07,0.08456578540814176,-2.6707303468012203e-10,-6.730213049781004e-11,-2.4756371960442218e-06,0.9999999999969356
580.8,-1.1788074644533801e-06,-2.2776413396494243e-07,0.08728014264987338,-1.0596949991642496e-10,-2.476717125744229e-11,-2.4756391252878345e-06,0.9999999999969356
580.82,-1.1788100552084887e-06,-2.2775364073943613e-07,0.08991004874686759,-3.96419557757793e-11,-9.692101443027988e-12,-2.4756384082077387e-06,0.9999999999969356
580.84,-1.1788118708261166e-06,-2.2774638762178397e-07,0.09256315575600788,1.8117510548954305e-11,4.6184216886082926e-12,-2.4756385091875664e-06,0.9999999999969356
580.86,-1.1788129010662314e-06,-2.2774227215386333e-07,0.09523506543227186,4.9220698299035945e-11,1.2315298943381758e-11,-2.4756387074410653e-06,0.9999999999969356
580.88,-1.178813330870939e-06,-2.277405083235193e-07,0.09787199995789041,5.931451508352963e-11,1.4484511485822704e-11,-2.4756384379516212e-06,0.9999999999969356
580.9,-1.1788134876389565e-06,-2.277399486073774e-07,0.1004968082962727,6.52309676376969e-11,1.6342357964566177e-11,-2.475638672236607e-06,0.9999999999969356
580.92,-1.1788133518704e-06,-2.277404965121197e-07,0.10306998355649732,5.896326535049345e-11,1.473645939140791e-11,-2.475638548759438e-06,0.9999999999969356
580.94,-1.1788131166462463e-06,-2.27741448256556e-07,0.1056605855213707,5.179524848120714e-11,1.2985759131151048e-11,-2.475638549504701e-06,0.9999999999969356
580.96,-1.1788128145939752e-06,-2.2774268659549757e-07,0.10824779889936709,4.101052565303863e-11,1.0479381068541805e-11,-2.475638609910497e-06,0.9999999999969356
580.98,-1.1788125021210479e-06,-2.2774393010003392e-07,0.11075663141031628,3.029797540373226e-11,7.785425585282614e-12,-2.4756384822761257e-06,0.9999999999969356
581.0,-1.1788122528376235e-06,-2.27744930867894e-07,0.11330100241918703,2.3924699787117633e-11,6.286970176187447e-12,-2.475638576344501e-06,0.9999999999969356
581.02,-1.1788120056266874e-06,-2.2774590594016944e-07,0.11591362669764282,1.525493077277856e-11,4.128377066656034e-12,-2.475638508297832e-06,0.9999999999969356
581.04,-1.1788118117753301e-06,-2.277466540009953e-07,0.11854569242731469,9.286673785293889e-12,2.5795361063103637e-12,-2.4756384731241324e-06,0.9999999999969356
581.06,-1.1788116747334476e-06,-2.2774718643109733e-07,0.12116247699174207,5.618066309294472e-12,1.693356387383777e-12,-2.475638527697667e-06,0.9999999999969356
581.08,-1.1788115637042109e-06,-2.2774760258213548e-07,0.12371462495984423,2.0757443208278786e-12,7.600503626267904e-13,-2.475638496357946e-06,0.9999999999969356
581.1,-1.1788114934298393e-06,-2.2774785542597976e-07,0.12624277457679114,4.1598119209958706e-13,2.9293685993498796e-13,-2.4756385102296164e-06,0.9999999999969356
581.12,-1.178811445631529e-06,-2.2774802387710776e-07,0.12878867412059214,-9.49942762765624e-13,-7.672097660186822e-14,-2.4756385075149665e-06,0.9999999999969356
581.14,-1.1788114178903386e-06,-2.277481114388741e-07,0.1313488608438217,-1.5853904639177323e-12,-2.8348722559235704e-13,-2.4756385044320063e-06,0.9999999999969356
581.16,-1.1788114056522541e-06,-2.277481425136385e-07,0.1339534712708579,-1.7417401165939712e-12,-3.507850478619163e-13,-2.4756385108543223e-06,0.9999999999969356
581.18,-1.1788114010373192e-06,-2.277481450273994e-07,0.13658520344312056,-1.7949033862349154e-12,-3.977462843631015e-13,-2.475638506059749e-06,0.9999999999969356
581.2,-1.178811403660871e-06,-2.2774812239128645e-07,0.1391966552799393,-1.5681668291871656e-12,-3.6643389469887124e-13,-2.47563850948541e-06,0.9999999999969356
581.22,-1.1788114092906465e-06,-2.2774809182941352e-07,0.1418028892505243,-1.3306326136728204e-12,-3.2126086605936e-13,-2.475638508059412e-06,0.9999999999969356
581.24,-1.1788114165101408e-06,-2.277480566048078e-07,0.14434440887664032,-1.0275384902054346e-12,-2.6172350760874773e-13,-2.475638509165838e-06,0.9999999999969356
581.26,-1.1788114237624394e-06,-2.2774802425285664e-07,0.14684946750378944,-7.759123102482955e-13,-2.0582898949505189e-13,-2.475638510297442e-06,0.9999999999969356
581.28,-1.1788114304832647e-06,-2.2774799584690504e-07,0.1493560571225858,-5.562647926244457e-13,-1.543776861720888e-13,-2.47563850915392e-06,0.9999999999969356
581.3,-1.1788114364080615e-06,-2.2774797170976796e-07,0.15182942648426356,-3.5858121248679734e-13,-1.0713536888226308e-13,-2.4756385108814307e-06,0.9999999999969356
581.32,-1.1788114409653383e-06,-2.2774795410538718e-07,0.15431120191804315,-2.381916367750799e-13,-7.609523821034935e-14,-2.4756385093959967e-06,0.9999999999969356
581.34,-1.1788114448112018e-06,-2.277479398289844e-07,0.15675358083201535,-1.1838295447712063e-13,-4.423691541451754e-14,-2.475638510627176e-06,0.9999999999969356
581.36,-1.178811447402122e-06,-2.2774793065867812e-07,0.15925407772020797,-5.877468725331267e-14,-2.7867406047352343e-14,-2.4756385102691716e-06,0.9999999999969356
581.38,-1.1788114494215926e-06,-2.2774792402681502e-07,0.16181286161666472,-4.778346677984761e-15,-1.145410306644327e-14,-2.475638510718705e-06,0.9999999999969356
581.4,-1.1788114507003856e-06,-2.2774792016393545e-07,0.16442301342448268,2.2350264013432292e-14,-2.6940959455326674e-15,-2.475638510896017e-06,0.9999999999969356
581.42,-1.1788114515078204e-06,-2.2774791811324518e-07,0.1670636386063857,3.645371921418015e-14,3.0791588563357927e-15,-2.475638510985108e-06,0.9999999999969356
581.44,-1.1788114519793194e-06,-2.277479172187126e-07,0.16975613727934566,4.4045973947411085e-14,6.8513243779168056e-15,-2.475638511324214e-06,0.9999999999969356
581.46,-1.178811452136777e-06,-2.277479173766372e-07,0.17246777044454997,3.9542533342953504e-14,7.192019756023412e-15,-2.4756385114022006e-06,0.9999999999969356
581.48,-1.1788114521776506e-06,-2.2774791784297383e-07,0.17512932161446693,3.598512030524138e-14,7.622569653442903e-15,-2.475638511584675e-06,0.9999999999969356
581.5,-1.178811452108638e-06,-2.2774791853818298e-07,0.1777700798562515,3.063069157459921e-14,7.016257996038186e-15,-2.4756385118678764e-06,0.9999999999969356
581.52,-1.178811451978003e-06,-2.277479193621342e-07,0.18035473746170408,2.3300118407187936e-14,5.812795013456091e-15,-2.475638511976157e-06,0.9999999999969356
581.54,-1.1788114518496918e-06,-2.2774792005789386e-07,0.1829542701664368,1.8829314019467823e-14,5.069808542060874e-15,-2.4756385122434928e-06,0.9999999999969356
581.56,-1.1788114517006176e-06,-2.2774792074685154e-07,0.18559886542917126,1.2996538146173034e-14,3.7990457315350934e-15,-2.4756385124005572e-06,0.9999999999969356
581.58,-1.1788114515771807e-06,-2.2774792127777915e-07,0.18830138427821835,9.394759584506855e-15,3.009502808090043e-15,-2.475638512612171e-06,0.9999999999969356
581.6,-1.1788114514679414e-06,-2.277479217019022e-07,0.19105842265572787,6.508567426773622e-15,2.263201960253541e-15,-2.475638512837506e-06,0.9999999999969356
581.62,-1.178811451368068e-06,-2.2774792206247878e-07,0.19386217116690801,3.383107445300529e-15,1.4025584250650713e-15,-2.4756385130203295e-06,0.9999999999969356
581.64,-1.1788114512930408e-06,-2.277479223133954e-07,0.19665686573321967,1.421452249833873e-15,8.1760983375989e-16,-2.4756385132123223e-06,0.9999999999969356
581.66,-1.1788114512399847e-06,-2.277479224736645e-07,0.19940958265114694,3.3900752542531866e-16,4.437718161153992e-16,-2.4756385134298234e-06,0.9999999999969356
581.68,-1.178811451200997e-06,-2.2774792258276054e-07,0.20208624140972545,-5.726379776779384e-16,1.3074449283194952e-16,-2.4756385136245245e-06,0.9999999999969356
581.7,-1.1788114511780374e-06,-2.2774792263570976e-07,0.2047520667725486,-8.870002113116994e-16,-9.177853280890787e-18,-2.475638513831577e-06,0.9999999999969356
581.72,-1.1788114511619296e-06,-2.2774792266026027e-07,0.20740342693173525,-1.0833466510934412e-15,-1.6040947006788227e-16,-2.4756385140348264e-06,0.9999999999969356
581.74,-1.1788114511546737e-06,-2.2774792266204976e-07,0.20999385768705223,-1.0833273909963418e-15,-2.151730773983687e-16,-2.4756385142358553e-06,0.9999999999969356
581.76,-1.1788114511537856e-06,-2.2774792264924402e-07,0.21256680504902006,-9.491278894191908e-16,-2.01412063896257e-16,-2.475638514442747e-06,0.9999999999969356
581.78,-1.1788114511547324e-06,-2.2774792263269506e-07,0.2151300874267488,-8.448756388320013e-16,-1.9985791704532923e-16,-2.4756385146441963e-06,0.9999999999969356
581.8,-1.1788114511576167e-06,-2.27747922611192e-07,0.2176456666977494,-6.538023488637244e-16,-1.7934691783650044e-16,-2.4756385148462937e-06,0.9999999999969356
581.82,-1.178811451161077e-06,-2.2774792259102075e-07,0.22015707645815588,-4.922959882415994e-16,-1.6061566010815456e-16,-2.4756385150487486e-06,0.9999999999969356
581.84,-1.1788114511655117e-06,-2.2774792257288678e-07,0.22258157057991065,-3.4232878348327105e-16,-1.2001669123570858e-16,-2.4756385152518353e-06,0.9999999999969356
581.86,-1.178811451169716e-06,-2.277479225588053e-07,0.2249807278181956,-2.4382972346690307e-16,-8.081883903994516e-17,-2.4756385154532767e-06,0.9999999999969356
581.88,-1.1788114511727962e-06,-2.27747922546781e-07,0.22740023038701593,-1.4143123464540908e-16,-6.129499575493496e-17,-2.475638515655826e-06,0.9999999999969356
581.9,-1.1788114511755389e-06,-2.2774792253794474e-07,0.22980258996514116,-6.957417249298074e-17,-3.870096463141862e-17,-2.4756385158575647e-06,0.9999999999969356
581.92,-1.1788114511773147e-06,-2.2774792253234217e-07,0.23222650118098595,-3.4831406659855916e-17,-3.0589765225912e-17,-2.4756385160582234e-06,0.9999999999969356
581.94,-1.1788114511789037e-06,-2.2774792252800648e-07,0.23456739782642713,4.791744981624405e-18,-1.812353589625182e-17,-2.475638516261816e-06,0.9999999999969356
581.96,-1.1788114511800034e-06,-2.277479225257333e-07,0.23685784928750034,1.9384326244096378e-17,-1.078605574869542e-17,-2.475638516463425e-06,0.9999999999969356
581.98,-1.1788114511807225e-06,-2.2774792252445383e-07,0.23917791047146267,3.029159817874567e-17,-6.878828789663878e-18,-2.475638516664895e-06,0.9999999999969356
582.0,-1.1788114511813934e-06,-2.2774792252385752e-07,0.24149508183098747,3.862929070346665e-17,2.5631889306281423e-19,-2.475638516868829e-06,0.9999999999969356
582.02,-1.1788114511817438e-06,-2.2774792252435804e-07,0.24385637808423358,2.8202915787970645e-17,3.328733692206423e-18,-2.4756385170698086e-06,0.9999999999969356
582.04,-1.178811451181805e-06,-2.2774792252442752e-07,0.24629473592362336,3.548459680133139e-17,1.4816397967336936e-18,-2.4756385172730228e-06,0.9999999999969356
582.06,-1.178811451181781e-06,-2.2774792252523083e-07,0.24882552610897155,2.637926127912523e-17,-7.962644636788122e-19,-2.475638517476144e-06,0.9999999999969356
582.08,-1.1788114511819465e-06,-2.2774792252618138e-07,0.25140278380646164,1.4265542060407846e-17,3.162241784025774e-18,-2.475638517677094e-06,0.9999999999969356
582.1,-1.178811451182007e-06,-2.277479225267158e-07,0.2540296875259254,1.1665163367238816e-17,4.446707462913555e-18,-2.47563851788016e-06,0.9999999999969356
582.12,-1.1788114511814804e-06,-2.2774792252755535e-07,0.2567179581683307,-1.4921922581950992e-18,-9.054525770955865e-18,-2.475638518079461e-06,0.9999999999969356
582.14,-1.1788114511815793e-06,-2.277479225280464e-07,0.2594636348674137,-8.88602820557927e-18,-6.976056816299883e-18,-2.4756385182795067e-06,0.9999999999969356
582.16,-1.1788114511817453e-06,-2.2774792252810619e-07,0.26225262147876316,-8.653420284640362e-18,-4.96574139203511e-18,-2.4756385184836624e-06,0.9999999999969356
582.18,-1.1788114511818232e-06,-2.277479225281396e-07,0.26503785909050126,-1.0498406252331845e-17,-5.173162771118925e-18,-2.475638518684268e-06,0.9999999999969356
582.2,-1.1788114511819664e-06,-2.2774792252808578e-07,0.2678446598756253,-1.2009747080476393e-17,-4.076323462259537e-18,-2.475638518886856e-06,0.9999999999969356
582.22,-1.178811451182099e-06,-2.2774792252787076e-07,0.27068125803106874,-1.0466435107270508e-17,-3.1256747859620827e-18,-2.475638519090213e-06,0.9999999999969356
582.24,-1.1788114511822317e-06,-2.2774792252765866e-07,0.27349853540269387,-9.816212843152441e-18,-1.5362127397047234e-18,-2.475638519291154e-06,0.9999999999969356
582.26,-1.1788114511825201e-06,-2.2774792252759768e-07,0.2763093950700677,-1.3491074257287247e-17,4.430757202510601e-18,-2.475638519494647e-06,0.9999999999969356
582.28,-1.1788114511827713e-06,-2.2774792252739007e-07,0.2790918191998374,-1.3630641135923542e-17,1.1040335985939194e-17,-2.475638519697099e-06,0.9999999999969356
582.3,-1.178811451182836e-06,-2.2774792252677955e-07,0.28178759117935237,-3.548754809681574e-18,1.475012458222244e-17,-2.475638519898825e-06,0.9999999999969356
582.32,-1.1788114511826622e-06,-2.2774792252662163e-07,0.284449238498442,-4.5108570931019216e-18,1.3951458258730415e-17,-2.4756385201019667e-06,0.9999999999969356
582.34,-1.1788114511823732e-06,-2.2774792252651758e-07,0.2870418622163519,-5.601723358755632e-18,1.1874030379124395e-17,-2.475638520302871e-06,0.9999999999969356
582.36,-1.1788114511821303e-06,-2.2774792252624788e-07,0.28963050443701366,-1.8418248968618876e-18,1.1393665373612587e-17,-2.4756385205052183e-06,0.9999999999969356
582.38,-1.1788114511821703e-06,-2.277479225263413e-07,0.2922192711287238,-7.15964066021681e-18,1.851853384902507e-17,-2.475638520709633e-06,0.9999999999969356
582.4,-1.1788114511816051e-06,-2.277479225260068e-07,0.2947419486868669,-8.039338699872088e-19,1.0438090663470149e-17,-2.475638520910168e-06,0.9999999999969356
582.42,-1.178811451180753e-06,-2.2774792252607881e-07,0.29725571106770654,-5.324250438666606e-18,-6.173326059066743e-18,-2.475638521112543e-06,0.9999999999969356
582.44,-1.1788114511807464e-06,-2.2774792252605912e-07,0.2997073202037144,-6.9303637035478155e-18,-2.510821694282967e-18,-2.4756385213152194e-06,0.9999999999969356
582.46,-1.1788114511803197e-06,-2.2774792252611119e-07,0.3021373291315258,-1.1373423747601825e-17,-1.2911452941832014e-17,-2.4756385215164825e-06,0.9999999999969356
582.48,-1.1788114511802537e-06,-2.2774792252579223e-07,0.3045858264569855,-6.352266786337911e-18,-1.6378391500232223e-17,-2.4756385217201956e-06,0.9999999999969356
582.5,-1.1788114511807117e-06,-2.2774792252534947e-07,0.3070131138376903,1.814873390959439e-18,-7.968935933605328e-18,-2.4756385219230596e-06,0.9999999999969356
582.52,-1.178811451180596e-06,-2.2774792252560736e-07,0.3094577130607915,-7.943990166113329e-18,-1.6041138246937866e-17,-2.4756385221253556e-06,0.9999999999969356
582.54,-1.1788114511805398e-06,-2.2774792252579987e-07,0.3118140630495037,-1.5660765689698793e-17,-2.3631884267075525e-17,-2.475638522328174e-06,0.9999999999969356
582.56,-1.1788114511811447e-06,-2.2774792252550026e-07,0.31410429514823285,-1.1709209576035166e-17,-1.474864734921855e-17,-2.4756385225299566e-06,0.9999999999969356
582.58,-1.1788114511813715e-06,-2.277479225252377e-07,0.3164199708882778,-1.0054549118750454e-17,-1.731410510941141e-17,-2.475638522733201e-06,0.9999999999969356
582.6,-1.1788114511819854e-06,-2.2774792252504207e-07,0.3187435589117404,-9.931940600994194e-18,-9.01583507869521e-18,-2.475638522936123e-06,0.9999999999969356
582.62,-1.1788114511823264e-06,-2.27747922524375e-07,0.3211327951939107,2.8940227758519493e-18,-7.264918401936106e-18,-2.475638523138563e-06,0.9999999999969356
582.64,-1.1788114511824104e-06,-2.2774792252452525e-07,0.32360640691419673,-4.419693200696084e-18,-1.1359620689233915e-17,-2.4756385233418673e-06,0.9999999999969356
582.66,-1.1788114511829282e-06,-2.2774792252435484e-07,0.32617033163341114,-1.8963889083849467e-18,-2.8193105201295285e-18,-2.4756385235426167e-06,0.9999999999969356
582.68,-1.1788114511832198e-06,-2.2774792252408522e-07,0.3288016622361066,3.4217755455693608e-18,6.434500135368796e-19,-2.4756385237446497e-06,0.9999999999969356
582.7,-1.178811451183072e-06,-2.2774792252410269e-07,0.33148667662900444,2.4312449639377824e-18,-6.3498361182378914e-18,-2.4756385239466183e-06,0.9999999999969356
582.72,-1.1788114511834917e-06,-2.2774792252407836e-07,0.334209250725293,3.184249360896962e-18,2.8177453590017006e-18,-2.475638524148527e-06,0.9999999999969356
582.74,-1.1788114511835192e-06,-2.2774792252419305e-07,0.3369750925334558,7.477560269786086e-19,2.0951577085353104e-18,-2.4756385243518033e-06,0.9999999999969356
582.76,-1.178811451183733e-06,-2.2774792252410255e-07,0.33975710873697623,4.250437677938293e-18,7.605926646421674e-18,-2.4756385245556473e-06,0.9999999999969356
582.78,-1.1788114511836683e-06,-2.2774792252413058e-07,0.3425075734573264,4.682483498818377e-18,7.30496378303027e-18,-2.4756385247563535e-06,0.9999999999969356
582.8,-1.1788114511834694e-06,-2.2774792252426786e-07,0.3452350034912834,2.7268267751557967e-18,4.0775936576024934e-18,-2.4756385249591653e-06,0.9999999999969356
582.82,-1.178811451183292e-06,-2.2774792252439838e-07,0.34790610058605254,9.8992563963894e-19,1.7166674223358226e-18,-2.4756385251610764e-06,0.9999999999969356
582.84,-1.1788114511833635e-06,-2.2774792252422341e-07,0.35060467543967405,7.111431724006731e-18,5.8711263716482035e-18,-2.4756385253639133e-06,0.9999999999969356
582.86,-1.1788114511834497e-06,-2.2774792252449833e-07,0.35330341381762204,1.4959360294634816e-18,1.0220402386207634e-17,-2.475638525568515e-06,0.9999999999969356
582.88,-1.1788114511832621e-06,-2.277479225244641e-07,0.3559451562098904,4.527180901118499e-18,8.658514497377776e-18,-2.4756385257684714e-06,0.9999999999969356
582.9,-1.1788114511832492e-06,-2.2774792252450926e-07,0.3586166204467486,5.033985531942688e-18,1.2464958478861186e-17,-2.475638525971309e-06,0.9999999999969356
582.92,-1.1788114511832528e-06,-2.2774792252490557e-07,0.3612910975713497,-3.5782829611710054e-18,1.7481758829784492e-17,-2.4756385261756368e-06,0.9999999999969356
582.94,-1.1788114511828015e-06,-2.277479225249114e-07,0.3639013158012493,-2.5677428186655753e-18,1.1863729640916995e-17,-2.475638526376756e-06,0.9999999999969356
582.96,-1.1788114511825415e-06,-2.2774792252492815e-07,0.36652757883391135,-3.1216971284545654e-18,1.1513986583758897e-17,-2.4756385265804914e-06,0.9999999999969356
582.98,-1.1788114511822296e-06,-2.277479225248789e-07,0.3691716650535792,-2.379166398578575e-18,9.533459099439463e-18,-2.4756385267829933e-06,0.9999999999969356
583.0,-1.1788114511817281e-06,-2.2774792252498365e-07,0.3717914304368409,-6.297705970765662e-18,2.1959019180463096e-18,-2.4756385269830273e-06,0.9999999999969356
583.02,-1.1788114511813106e-06,-2.277479225250224e-07,0.37440163843005386,-9.150501530812912e-18,-5.017844981834354e-18,-2.4756385271855508e-06,0.9999999999969356
583.04,-1.1788114511816993e-06,-2.27747922524675e-07,0.37692916656985426,-2.4049146917436397e-18,7.93640068542977e-18,-2.4756385273872933e-06,0.9999999999969356
583.06,-1.178811451181609e-06,-2.2774792252451831e-07,0.37942189497130807,-9.181716883893248e-19,7.499106456613161e-18,-2.4756385275898726e-06,0.9999999999969356
583.08,-1.1788114511813116e-06,-2.277479225244774e-07,0.38191534334123356,-1.4929124187241292e-18,2.2403339306596055e-18,-2.475638527793012e-06,0.9999999999969356
583.1,-1.1788114511812748e-06,-2.277479225244865e-07,0.38436569351073396,-3.2096411295083266e-18,4.1443974210992e-18,-2.475638527994648e-06,0.9999999999969356
583.12,-1.1788114511811179e-06,-2.2774792252433964e-07,0.38682616282954524,-5.0868968316781835e-19,1.9137742676451237e-18,-2.4756385281974028e-06,0.9999999999969356
583.14,-1.1788114511812464e-06,-2.2774792252443356e-07,0.38927248224559907,-4.182923355234488e-18,7.30216211428973e-18,-2.4756385284013975e-06,0.9999999999969356
583.16,-1.1788114511812805e-06,-2.2774792252452858e-07,0.391785498246067,-8.282539123204315e-18,1.0945884609887471e-17,-2.475638528602497e-06,0.9999999999969356
583.18,-1.1788114511811568e-06,-2.2774792252433776e-07,0.39433250617976917,-5.455910485244045e-18,1.102519068570772e-17,-2.47563852880649e-06,0.9999999999969356
583.2,-1.1788114511808383e-06,-2.277479225241547e-07,0.3968509433477209,-3.202881021000963e-18,7.046502883954908e-18,-2.4756385290085423e-06,0.9999999999969356
583.22,-1.178811451180576e-06,-2.2774792252414546e-07,0.3994218031546057,-5.518788662650016e-18,4.610149970705224e-18,-2.475638529209777e-06,0.9999999999969356
583.24,-1.178811451180745e-06,-2.2774792252364693e-07,0.40206213448879385,5.7027509453955245e-18,1.30301402771194e-17,-2.4756385294149745e-06,0.9999999999969356
583.26,-1.1788114511808832e-06,-2.2774792252348605e-07,0.4047681554400652,9.219727510475994e-18,2.189455084813829e-17,-2.4756385296171863e-06,0.9999999999969356
583.28,-1.1788114511800417e-06,-2.2774792252446273e-07,0.4075317951216628,-1.6489700028691222e-17,5.905638673609514e-18,-2.4756385298174804e-06,0.9999999999969356
583.3,-1.178811451179996e-06,-2.2774792252364182e-07,0.41034389633177804,5.3584759440429396e-18,1.1524333251368485e-17,-2.4756385300200428e-06,0.9999999999969356
583.32,-1.1788114511800733e-06,-2.277479225231038e-07,0.4131734208849058,1.901514303835607e-17,2.022196407088042e-17,-2.4756385302218293e-06,0.9999999999969356
583.34,-1.1788114511792885e-06,-2.2774792252459664e-07,0.41597519215314127,-1.9149661018530914e-17,6.132493155291985e-18,-2.4756385304231403e-06,0.9999999999969356
583.36,-1.1788114511791985e-06,-2.277479225242996e-07,0.41871941863355117,-1.0878355807244535e-17,1.0816119258464293e-17,-2.4756385306248256e-06,0.9999999999969356
583.38,-1.1788114511788889e-06,-2.2774792252430335e-07,0.4214647820736962,-1.4600451941088814e-17,8.541248408714673e-18,-2.47563853082685e-06,0.9999999999969356
583.4,-1.1788114511783362e-06,-2.2774792252382303e-07,0.4241925164016453,-6.067030035046026e-18,-1.168750106687374e-18,-2.47563853103112e-06,0.9999999999969356
583.42,-1.1788114511781124e-06,-2.2774792252331595e-07,0.4268434182941889,2.944363456435886e-18,-3.4289191608178046e-18,-2.4756385312327547e-06,0.9999999999969356
583.44,-1.1788114511780156e-06,-2.277479225230441e-07,0.42951650750654347,7.889530533422893e-18,-4.6563998837825025e-18,-2.475638531434116e-06,0.9999999999969356
583.46,-1.1788114511781005e-06,-2.2774792252308574e-07,0.4322127864593731,6.669595499600694e-18,-2.5553450307976357e-18,-2.4756385316370532e-06,0.9999999999969356
583.48,-1.1788114511782646e-06,-2.2774792252318291e-07,0.43488977352326463,5.701441629611189e-18,1.3165837183746538e-18,-2.475638531838742e-06,0.9999999999969356
583.5,-1.1788114511778072e-06,-2.2774792252286679e-07,0.4375516461572088,1.6673924830241814e-17,-1.1849820821438355e-17,-2.4756385320410693e-06,0.9999999999969356
583.52,-1.1788114511781405e-06,-2.2774792252323985e-07,0.44012262293642435,1.0750222737620792e-17,-4.739620980972798e-18,-2.475638532243547e-06,0.9999999999969356
583.54,-1.1788114511782803e-06,-2.2774792252339465e-07,0.44271809894609293,1.189862247786309e-17,-3.511798568730234e-18,-2.4756385324444777e-06,0.9999999999969356
583.56,-1.1788114511780662e-06,-2.277479225236119e-07,0.4453269740734988,1.1454137149473616e-17,-1.2133695341910634e-17,-2.4756385326477063e-06,0.9999999999969356
583.58,-1.1788114511783722e-06,-2.277479225238698e-07,0.44789358926039025,1.0501528047196811e-17,-7.21030125361011e-18,-2.4756385328499388e-06,0.9999999999969356
583.6,-1.178811451178825e-06,-2.2774792252435084e-07,0.45048068397001545,2.879785158014652e-18,1.221982454238947e-18,-2.4756385330522983e-06,0.9999999999969356
583.62,-1.178811451178494e-06,-2.277479225246114e-07,0.45307575117687887,2.306723726036505e-19,-1.0869937815488386e-17,-2.4756385332550378e-06,0.9999999999969356
583.64,-1.1788114511789365e-06,-2.2774792252501044e-07,0.45563479272359314,-7.996128038610008e-18,-1.523927749089309e-18,-2.475638533456592e-06,0.9999999999969356
583.66,-1.1788114511790782e-06,-2.2774792252496928e-07,0.4582305964173473,-6.627001387988548e-18,-6.2727338643128595e-19,-2.4756385336593385e-06,0.9999999999969356
583.68,-1.1788114511792446e-06,-2.2774792252498214e-07,0.46084012056051527,-8.408631821044663e-18,2.015916728974309e-18,-2.475638533863155e-06,0.9999999999969356
583.7,-1.1788114511792692e-06,-2.277479225248891e-07,0.46340745395028266,-8.473045114020786e-18,2.1119275255728568e-18,-2.4756385340651337e-06,0.9999999999969356
583.72,-1.1788114511794579e-06,-2.2774792252481464e-07,0.4660176790911412,-9.927899971530746e-18,7.173996908553455e-18,-2.4756385342689434e-06,0.9999999999969356
583.74,-1.1788114511791523e-06,-2.277479225242622e-07,0.4686899200051842,1.3284466731454167e-18,2.632679435178389e-21,-2.475638534471088e-06,0.9999999999969356
583.76,-1.1788114511791131e-06,-2.277479225240238e-07,0.4714205007335904,4.93199269604061e-18,4.2946430142060223e-19,-2.4756385346724327e-06,0.9999999999969356
583.78,-1.1788114511794805e-06,-2.277479225246459e-07,0.4741541420374703,-1.2939457220634288e-17,1.0980336749089507e-17,-2.4756385348767946e-06,0.9999999999969356
583.8,-1.1788114511794056e-06,-2.2774792252449566e-07,0.47689047623160125,-1.0995259951111858e-17,1.1484341580890104e-17,-2.475638535078518e-06,0.9999999999969356
583.82,-1.1788114511792593e-06,-2.277479225242592e-07,0.47961129571747185,-8.708466271387838e-18,1.1408286269769074e-17,-2.4756385352813147e-06,0.9999999999969356
583.84,-1.1788114511789037e-06,-2.2774792252404405e-07,0.4823614368479755,-7.066822265111634e-18,6.360457187228111e-18,-2.4756385354836323e-06,0.9999999999969356
583.86,-1.1788114511786697e-06,-2.2774792252364796e-07,0.48514510882610284,-5.657648875419914e-19,4.92756476994153e-18,-2.4756385356849043e-06,0.9999999999969356
583.88,-1.1788114511783023e-06,-2.2774792252368123e-07,0.487931331470163,-4.5959406573043994e-18,-1.3173544542832348e-18,-2.4756385358868996e-06,0.9999999999969356
583.9,-1.1788114511781418e-06,-2.2774792252347114e-07,0.4906840804197633,-1.2197140872210454e-18,-3.2623552890808475e-18,-2.475638536089011e-06,0.9999999999969356
583.92,-1.1788114511779269e-06,-2.2774792252332334e-07,0.4934288468346191,7.9531515268357235e-19,-8.190061216281124e-18,-2.4756385362900813e-06,0.9999999999969356
583.94,-1.1788114511779912e-06,-2.2774792252346063e-07,0.4961911332195831,-4.190653257067693e-18,-7.872793057398187e-18,-2.4756385364931634e-06,0.9999999999969356
583.96,-1.1788114511778578e-06,-2.2774792252320607e-07,0.49898934607337897,1.671759555226129e-18,-1.4044714581193805e-17,-2.47563853669405e-06,0.9999999999969356
583.98,-1.1788114511779146e-06,-2.2774792252313884e-07,0.5018164601082178,2.5792292975445498e-18,-1.6838163031553627e-17,-2.475638536896084e-06,0.9999999999969356
584.0,-1.1788114511783375e-06,-2.2774792252357472e-07,0.5046394008324899,-9.270973198040446e-18,-1.181833301034224e-17,-2.475638537100102e-06,0.9999999999969356
584.02,-1.1788114511784916e-06,-2.2774792252309893e-07,0.5074226715160186,2.7275177992803974e-18,-1.4207381955975728e-17,-2.475638537301444e-06,0.9999999999969356
584.04,-1.1788114511786797e-06,-2.27747922523233e-07,0.5102234126361005,-2.192503204730678e-18,-1.6265886629317214e-17,-2.475638537503776e-06,0.9999999999969356
584.06,-1.1788114511788736e-06,-2.277479225232826e-07,0.5130399741508288,-3.975069060200407e-18,-1.8977119370781083e-17,-2.475638537706753e-06,0.9999999999969356
584.08,-1.1788114511790579e-06,-2.2774792252289397e-07,0.5158240318695697,5.403111227038549e-18,-2.2390612004931517e-17,-2.4756385379078008e-06,0.9999999999969356
584.1,-1.1788114511795064e-06,-2.277479225228924e-07,0.518574887649269,5.381159934627012e-18,-2.0362251416446688e-17,-2.475638538110878e-06,0.9999999999969356
584.12,-1.1788114511799172e-06,-2.2774792252292804e-07,0.521241425251702,5.692314923546147e-18,-1.9679671410258366e-17,-2.47563853831304e-06,0.9999999999969356
584.14,-1.1788114511804843e-06,-2.2774792252300345e-07,0.5239035601200848,5.500636741067743e-18,-1.4629110599841198e-17,-2.4756385385153326e-06,0.9999999999969356
584.16,-1.17881145118068e-06,-2.2774792252322204e-07,0.5265981217386229,1.929399005688079e-18,-1.9627922031999775e-17,-2.47563853871889e-06,0.9999999999969356
584.18,-1.1788114511811373e-06,-2.2774792252362731e-07,0.5292922159428173,-7.114793536928395e-18,-1.6802280042951232e-17,-2.4756385389196405e-06,0.9999999999969356
584.2,-1.178811451181783e-06,-2.277479225234671e-07,0.5319074267560245,-2.5350127215432117e-18,-8.925064190497852e-18,-2.4756385391227984e-06,0.9999999999969356
584.22,-1.1788114511818213e-06,-2.2774792252350034e-07,0.5344948451125744,-4.50367946920196e-18,-1.6404748127905437e-17,-2.4756385393259122e-06,0.9999999999969356
584.24,-1.1788114511823389e-06,-2.2774792252343787e-07,0.5369421652582533,-4.21432571627911e-18,-9.767214450630353e-18,-2.4756385395264583e-06,0.9999999999969356
584.26,-1.1788114511827937e-06,-2.27747922523255e-07,0.53935814409468,-1.0925868075653492e-18,-4.880690388420452e-18,-2.475638539729763e-06,0.9999999999969356
584.28,-1.1788114511827537e-06,-2.2774792252308667e-07,0.541745907881035,2.202964444059332e-18,-1.1707894408517446e-17,-2.4756385399314425e-06,0.9999999999969356
584.3,-1.1788114511831804e-06,-2.2774792252308468e-07,0.5441539221401981,1.5995395341340657e-18,-5.221017097055643e-18,-2.475638540133397e-06,0.9999999999969356
584.32,-1.1788114511833102e-06,-2.2774792252329335e-07,0.5465408193484105,-4.1862240419434855e-18,-6.7167187874808704e-18,-2.4756385403370815e-06,0.9999999999969356
584.34,-1.1788114511834646e-06,-2.2774792252327193e-07,0.5489718609652228,-4.0494231016296135e-18,-6.5540325744856136e-18,-2.4756385405377542e-06,0.9999999999969356
584.36,-1.1788114511835726e-06,-2.2774792252305882e-07,0.5514857450650685,4.1222803686067583e-19,-7.479825657611463e-18,-2.4756385407413653e-06,0.9999999999969356
584.38,-1.178811451183884e-06,-2.2774792252314594e-07,0.5540395383487808,-2.7941653135936596e-18,-3.1798065815051035e-18,-2.4756385409443364e-06,0.9999999999969356
584.4,-1.1788114511841242e-06,-2.2774792252289283e-07,0.5565766053515918,3.30782229824203e-18,3.75623610850724e-19,-2.475638541145603e-06,0.9999999999969356
584.42,-1.178811451184101e-06,-2.2774792252297044e-07,0.5591677481637188,9.949359481924644e-19,-2.487977186917892e-18,-2.4756385413475482e-06,0.9999999999969356
584.44,-1.178811451184588e-06,-2.277479225226225e-07,0.5618260600636218,1.1093487247308563e-17,9.383079497814062e-18,-2.475638541550565e-06,0.9999999999969356
584.46,-1.1788114511845937e-06,-2.2774792252277163e-07,0.5645199350766833,8.92216930875599e-18,1.014432426137989e-17,-2.4756385417515283e-06,0.9999999999969356
584.48,-1.178811451184633e-06,-2.277479225229852e-07,0.5672111007488336,6.6400307525830774e-18,1.3826453974453644e-17,-2.4756385419548717e-06,0.9999999999969356
584.5,-1.1788114511844065e-06,-2.277479225231534e-07,0.569892817160569,5.646600192177859e-18,1.2005955301707299e-17,-2.4756385421564837e-06,0.9999999999969356
584.52,-1.1788114511837174e-06,-2.2774792252328572e-07,0.5724895883043913,5.453006902525361e-18,-1.3366614282337731e-18,-2.475638542356866e-06,0.9999999999969356
584.54,-1.1788114511844115e-06,-2.2774792252349968e-07,0.5750798482757953,2.8001493483900505e-18,2.1521053724513144e-17,-2.4756385425617835e-06,0.9999999999969356
584.56,-1.1788114511839666e-06,-2.2774792252348745e-07,0.5777225325286935,5.9204326907998974e-18,1.5067733341018076e-17,-2.4756385427626315e-06,0.9999999999969356
584.58,-1.1788114511834643e-06,-2.2774792252338663e-07,0.580425209555437,1.144194225312063e-17,8.600758424673546e-18,-2.4756385429653752e-06,0.9999999999969356
584.6,-1.1788114511836096e-06,-2.277479225237438e-07,0.5831747585132988,5.540937744310788e-18,1.9228271866492237e-17,-2.4756385431695606e-06,0.9999999999969356
584.62,-1.1788114511830737e-06,-2.277479225237547e-07,0.5859267242590459,9.385000722955161e-18,1.2147733131012501e-17,-2.4756385433710574e-06,0.9999999999969356
584.64,-1.1788114511823331e-06,-2.2774792252405155e-07,0.5887072157730747,5.235948438535291e-18,-5.7938855290359835e-19,-2.4756385435738307e-06,0.9999999999969356
584.66,-1.1788114511826395e-06,-2.2774792252438575e-07,0.5914758113947819,2.5748391676057353e-19,1.3159007010620974e-17,-2.4756385437765435e-06,0.9999999999969356
584.68,-1.1788114511824075e-06,-2.2774792252432842e-07,0.5941643811957693,4.526816290632016e-18,1.2070970796721859e-17,-2.4756385439779082e-06,0.9999999999969356
584.7,-1.178811451182076e-06,-2.277479225245148e-07,0.5968694553872692,1.7825036748255116e-18,8.686237035843716e-18,-2.4756385441816654e-06,0.9999999999969356
584.72,-1.1788114511819628e-06,-2.2774792252454796e-07,0.599617978309744,3.0199566919423927e-18,1.156512148934728e-17,-2.4756385443833338e-06,0.9999999999969356
584.74,-1.1788114511819945e-06,-2.2774792252471205e-07,0.6024037050943719,2.202354244722221e-19,1.8395852556262745e-17,-2.4756385445852575e-06,0.9999999999969356
584.76,-1.1788114511814063e-06,-2.2774792252455865e-07,0.6052221861126326,5.855666639836599e-18,9.216971664977155e-18,-2.4756385447890617e-06,0.9999999999969356
584.78,-1.1788114511804826e-06,-2.27747922524497e-07,0.6080567143507395,9.313489684235664e-18,-9.015356660467808e-18,-2.4756385449887836e-06,0.9999999999969356
584.8,-1.1788114511806386e-06,-2.2774792252480382e-07,0.6108681502345218,3.807920847714488e-18,-1.6442244120331714e-18,-2.475638545192126e-06,0.9999999999969356
584.82,-1.178811451180183e-06,-2.277479225244657e-07,0.613646827553628,1.622928278388084e-17,-1.3400588660360027e-17,-2.4756385453940126e-06,0.9999999999969356
584.84,-1.1788114511799509e-06,-2.2774792252477436e-07,0.6162706719571577,1.2110108800904416e-17,-2.1219238272379818e-17,-2.475638545594575e-06,0.9999999999969356
584.86,-1.1788114511804487e-06,-2.2774792252519756e-07,0.618785141170025,6.04940391907092e-18,-1.293954519197649e-17,-2.4756385457987466e-06,0.9999999999969356
584.88,-1.1788114511811458e-06,-2.2774792252575485e-07,0.6213111625844291,-4.317664700791048e-18,-1.3135612317149929e-19,-2.4756385460010536e-06,0.9999999999969356
584.9,-1.1788114511813965e-06,-2.2774792252579747e-07,0.6238761954878987,-3.016485445943231e-18,2.2887130566131566e-18,-2.4756385462017623e-06,0.9999999999969356
584.92,-1.1788114511813317e-06,-2.2774792252606457e-07,0.6264469559882108,-9.737253815081452e-18,-2.108902040884882e-18,-2.4756385464053734e-06,0.9999999999969356
584.94,-1.1788114511812536e-06,-2.277479225262336e-07,0.629070029166278,-1.5813639984380125e-17,-5.571609382229442e-18,-2.4756385466063552e-06,0.9999999999969356
584.96,-1.178811451181641e-06,-2.2774792252590668e-07,0.6317090696021255,-1.0885374175307836e-17,3.1737675719961217e-18,-2.4756385468092455e-06,0.9999999999969356
584.98,-1.178811451181764e-06,-2.2774792252575842e-07,0.6343030749628469,-1.2016838105486145e-17,5.3740899162333904e-18,-2.4756385470121386e-06,0.9999999999969356
585.0,-1.1788114511814463e-06,-2.2774792252528054e-07,0.636935806286243,-4.5832234364990865e-18,-2.6482914676926e-18,-2.475638547213397e-06,0.9999999999969356
585.02,-1.1788114511818156e-06,-2.2774792252522884e-07,0.6395787571571091,-8.189451901157717e-18,7.736832146565575e-18,-2.4756385474167942e-06,0.9999999999969356
585.04,-1.1788114511818831e-06,-2.2774792252475546e-07,0.6421308092762981,7.201403313240878e-19,1.0661410357573655e-17,-2.47563854761968e-06,0.9999999999969356
585.06,-1.1788114511813612e-06,-2.277479225249559e-07,0.6446180292452075,-8.125006351051754e-18,-4.858767720773887e-19,-2.4756385478197104e-06,0.9999999999969356
585.08,-1.178811451181569e-06,-2.277479225239379e-07,0.6471014691713423,1.749081682654838e-17,7.461870285937885e-18,-2.4756385480245e-06,0.9999999999969356
585.1,-1.1788114511815174e-06,-2.2774792252398664e-07,0.6495277280589175,1.637479978898456e-17,8.649371555964953e-18,-2.475638548226921e-06,0.9999999999969356
585.12,-1.1788114511812705e-06,-2.2774792252435568e-07,0.6519888499709211,1.0577989732255147e-17,5.306596802937637e-18,-2.4756385484288406e-06,0.9999999999969356
585.14,-1.1788114511814177e-06,-2.2774792252391205e-07,0.654462988203999,2.8017281373958577e-17,1.2615998852981026e-17,-2.475638548634419e-06,0.9999999999969356
585.16,-1.178811451181279e-06,-2.2774792252431937e-07,0.6569184549602615,2.4854959732595687e-17,1.3381288073672457e-17,-2.4756385488366184e-06,0.9999999999969356
585.18,-1.1788114511808153e-06,-2.277479225250328e-07,0.6593884419685053,1.5914529423186755e-17,5.963852299550598e-18,-2.475638549040021e-06,0.9999999999969356
585.2,-1.178811451180603e-06,-2.2774792252553404e-07,0.6618222782512688,1.2622023076230015e-17,5.156211417149265e-18,-2.4756385492426343e-06,0.9999999999969356
585.22,-1.1788114511801484e-06,-2.27747922526027e-07,0.6642809236150214,7.998335227739278e-18,-3.3402569424451668e-18,-2.475638549443958e-06,0.9999999999969356
585.24,-1.1788114511802153e-06,-2.2774792252653028e-07,0.666769395880491,1.5570457264992579e-18,4.382911607920223e-19,-2.4756385496476427e-06,0.9999999999969356
585.26,-1.1788114511802643e-06,-2.2774792252682052e-07,0.6692871220547986,-1.2925677448720437e-18,2.984543084953804e-18,-2.4756385498495305e-06,0.9999999999969356
585.28,-1.1788114511802878e-06,-2.277479225268791e-07,0.6717891203893301,-2.284625286439282e-19,4.823051029138383e-18,-2.475638550051923e-06,0.9999999999969356
585.3,-1.178811451180303e-06,-2.2774792252709816e-07,0.6743014650557604,-4.610194314295143e-18,6.6419031705637056e-18,-2.4756385502555413e-06,0.9999999999969356
585.32,-1.1788114511800961e-06,-2.2774792252700346e-07,0.6767713049838818,-1.8825797812300843e-18,3.506729496811255e-18,-2.4756385504568497e-06,0.9999999999969356
585.34,-1.1788114511799932e-06,-2.2774792252707323e-07,0.6792949935766599,-4.365518455566992e-18,2.96418518755421e-18,-2.4756385506595294e-06,0.9999999999969356
585.36,-1.1788114511798295e-06,-2.277479225272689e-07,0.6818498922829892,-1.0915012376986594e-17,2.7205167129210956e-19,-2.4756385508634065e-06,0.9999999999969356
585.38,-1.178811451179646e-06,-2.2774792252744434e-07,0.684368933944876,-1.866105290275236e-17,-3.1678584397814332e-18,-2.4756385510636777e-06,0.9999999999969356
585.4,-1.1788114511799233e-06,-2.277479225269898e-07,0.686874680033983,-1.1426198134082363e-17,4.731656247466587e-18,-2.4756385512682734e-06,0.9999999999969356
585.42,-1.1788114511796912e-06,-2.277479225268028e-07,0.6893896545114003,-1.2540962822858625e-17,-9.983261951383105e-19,-2.4756385514695606e-06,0.9999999999969356
585.44,-1.1788114511794833e-06,-2.2774792252637017e-07,0.6918726347768199,-6.978290931094608e-18,-5.9030536889572395e-18,-2.4756385516709986e-06,0.9999999999969356
585.46,-1.1788114511798274e-06,-2.2774792252584397e-07,0.6944119518556132,1.8909351891065316e-18,2.565203700431652e-18,-2.4756385518756887e-06,0.9999999999969356
585.48,-1.178811451179404e-06,-2.2774792252578683e-07,0.6970258602203975,6.362031042071536e-20,-9.365212310926537e-18,-2.475638552075433e-06,0.9999999999969356
585.5,-1.178811451179478e-06,-2.277479225257163e-07,0.6996653259706761,2.0568335688881054e-19,-8.893114930153166e-18,-2.475638552277452e-06,0.9999999999969356
585.52,-1.178811451179964e-06,-2.2774792252564834e-07,0.7022717939433597,1.1116522289050756e-18,1.115172300274041e-18,-2.4756385524813465e-06,0.9999999999969356
585.54,-1.1788114511796989e-06,-2.277479225256854e-07,0.7048544078696938,-3.3736771488917033e-19,-8.027019675127461e-18,-2.475638552681639e-06,0.9999999999969356
585.56,-1.1788114511803356e-06,-2.277479225257003e-07,0.7073796957785294,-1.0550190391797835e-18,6.812915943602443e-18,-2.4756385528861135e-06,0.9999999999969356
585.58,-1.1788114511800464e-06,-2.2774792252502656e-07,0.7098789426326138,1.729780658723257e-17,-2.183817348211447e-18,-2.4756385530876544e-06,0.9999999999969356
585.6,-1.1788114511803231e-06,-2.277479225254561e-07,0.7123378009501408,7.701558435220485e-18,5.392249015611417e-18,-2.475638553289463e-06,0.9999999999969356
585.62,-1.1788114511802617e-06,-2.277479225256079e-07,0.7148542883632473,7.560492811855376e-18,3.729307678735688e-18,-2.4756385534930016e-06,0.9999999999969356
585.64,-1.178811451180115e-06,-2.2774792252573897e-07,0.7174487147744035,7.907956750669301e-18,1.1935952193538743e-18,-2.4756385536944726e-06,0.9999999999969356
585.66,-1.1788114511799858e-06,-2.2774792252596663e-07,0.7200765310574692,5.549071667091959e-18,-1.1684947890888649e-18,-2.475638553896565e-06,0.9999999999969356
585.68,-1.178811451180045e-06,-2.2774792252616166e-07,0.7226970136631609,3.914777178184594e-18,9.134989588551796e-19,-2.4756385540991257e-06,0.9999999999969356
585.7,-1.178811451179952e-06,-2.2774792252599763e-07,0.7253646491761518,1.1595055613432542e-17,-9.330449358177502e-19,-2.4756385543003485e-06,0.9999999999969356
585.72,-1.1788114511795142e-06,-2.277479225264739e-07,0.7280411201618072,2.4473546553220296e-18,-1.3143690113112131e-17,-2.4756385545024828e-06,0.9999999999969356
585.74,-1.1788114511796836e-06,-2.2774792252584863e-07,0.7306112207309894,2.3324411573942073e-17,-1.0529081505853307e-17,-2.4756385547063805e-06,0.9999999999969356
585.76,-1.1788114511798234e-06,-2.2774792252611886e-07,0.7330872105730633,2.1516978453145295e-17,-1.0367227189988537e-17,-2.4756385549075733e-06,0.9999999999969356
585.78,-1.1788114511798585e-06,-2.27747922526484e-07,0.7356043933474682,2.0084287273264563e-17,-1.432781326503682e-17,-2.4756385551101827e-06,0.9999999999969356
585.8,-1.1788114511805205e-06,-2.2774792252669545e-07,0.7381492003289796,2.394062604383829e-17,-1.3182801356433847e-18,-2.475638555312309e-06,0.9999999999969356
585.82,-1.1788114511810446e-06,-2.2774792252752253e-07,0.7406636852300951,1.1917713524209714e-17,8.812001999664042e-18,-2.475638555514096e-06,0.9999999999969356
585.84,-1.1788114511806969e-06,-2.2774792252769628e-07,0.743208280211951,1.7212788411348605e-17,-2.2014610883524302e-18,-2.4756385557185608e-06,0.9999999999969356
585.86,-1.1788114511804845e-06,-2.2774792252798413e-07,0.7457585572857284,1.8511407132515677e-17,-8.175864051051246e-18,-2.475638555918728e-06,0.9999999999969356
585.88,-1.1788114511804364e-06,-2.277479225285218e-07,0.7482135252723934,1.31075679631751e-17,-1.1320717577024055e-17,-2.475638556122453e-06,0.9999999999969356
585.9,-1.1788114511808527e-06,-2.2774792252912848e-07,0.7505925032000174,5.306421096938575e-18,-3.2323202746574887e-18,-2.4756385563259177e-06,0.9999999999969356
585.92,-1.1788114511808373e-06,-2.2774792252946125e-07,0.752971766305938,2.9543159348751554e-18,-6.697198895057091e-18,-2.475638556527258e-06,0.9999999999969356
585.94,-1.1788114511809832e-06,-2.2774792252980541e-07,0.755319811581102,-1.698195181663992e-18,-5.88332271675133e-18,-2.4756385567305377e-06,0.9999999999969356
585.96,-1.1788114511813751e-06,-2.2774792252996384e-07,0.7577313334701207,-3.2351095235609273e-18,1.667925097787121e-18,-2.475638556933911e-06,0.9999999999969356
585.98,-1.1788114511812172e-06,-2.2774792253014057e-07,0.7601884291237486,-7.330599407677389e-18,-4.574933947820093e-18,-2.475638557135646e-06,0.9999999999969356
586.0,-1.1788114511811426e-06,-2.27747922530167e-07,0.7626300901272154,-8.94927130132387e-18,-8.59355262476977e-18,-2.4756385573384054e-06,0.9999999999969356
586.02,-1.1788114511814867e-06,-2.277479225301554e-07,0.7650867507715146,-1.090594303741198e-17,-1.764817509617414e-18,-2.475638557540402e-06,0.9999999999969356
586.04,-1.1788114511816007e-06,-2.2774792252983678e-07,0.7675986725171724,-5.911049595120965e-18,-9.575114873675103e-19,-2.475638557742439e-06,0.9999999999969356
586.06,-1.1788114511818067e-06,-2.277479225295663e-07,0.7701873020456083,-2.260507178071149e-18,2.8082708736309743e-18,-2.4756385579463108e-06,0.9999999999969356
586.08,-1.1788114511817195e-06,-2.2774792252931784e-07,0.7728402387495936,1.7181858134431954e-18,8.64862248433635e-20,-2.475638558147364e-06,0.9999999999969356
586.1,-1.178811451181676e-06,-2.2774792252909806e-07,0.7755204545619395,6.208052736612817e-18,-1.4605308327457709e-18,-2.475638558350462e-06,0.9999999999969356
586.12,-1.1788114511815606e-06,-2.2774792252935275e-07,0.77816740324212,-6.05057192784017e-19,-5.046567438936762e-18,-2.475638558552111e-06,0.9999999999969356
586.14,-1.1788114511816845e-06,-2.2774792252955498e-07,0.780842656068468,-5.840451163048459e-18,-2.7276901048950584e-18,-2.475638558753146e-06,0.9999999999969356
586.16,-1.1788114511818287e-06,-2.277479225296048e-07,0.7835544455819202,-8.06089875885212e-18,-4.910475079041822e-19,-2.4756385589568177e-06,0.9999999999969356
586.18,-1.1788114511818963e-06,-2.2774792252945945e-07,0.7862697739584399,-6.122158754554648e-18,4.229622701081115e-19,-2.4756385591591014e-06,0.9999999999969356
586.2,-1.1788114511819069e-06,-2.2774792252921773e-07,0.7889717489479242,-2.3048365234779455e-18,1.884018633236286e-19,-2.475638559362275e-06,0.9999999999969356
586.22,-1.1788114511817843e-06,-2.2774792252927395e-07,0.7916124007410671,-6.275642217711906e-18,-3.769726750879068e-18,-2.4756385595650695e-06,0.9999999999969356
586.24,-1.1788114511819244e-06,-2.2774792252911672e-07,0.794281942813812,-4.491694427799169e-18,-3.2388886201812506e-19,-2.475638559766823e-06,0.9999999999969356
586.26,-1.1788114511818878e-06,-2.277479225290898e-07,0.796954573785611,-6.609582067944596e-18,-2.26057196769839e-18,-2.4756385599700737e-06,0.9999999999969356
586.28,-1.178811451181896e-06,-2.2774792252890105e-07,0.7995631914432797,-4.171176262794161e-18,-2.860681042121079e-18,-2.4756385601729444e-06,0.9999999999969356
586.3,-1.1788114511820517e-06,-2.2774792252851292e-07,0.8021522171689296,3.53066945813449e-18,4.992014242832876e-19,-2.475638560373736e-06,0.9999999999969356
586.32,-1.1788114511820373e-06,-2.277479225285727e-07,0.8046691146958492,3.985871788123426e-19,-9.2797096409618e-19,-2.4756385605767318e-06,0.9999999999969356
586.34,-1.1788114511823757e-06,-2.2774792252845974e-07,0.8072246294175707,3.300292868654259e-18,7.946522729983768e-18,-2.47563856077912e-06,0.9999999999969356
586.36,-1.1788114511818656e-06,-2.2774792252854098e-07,0.8098007411371771,1.181436266201245e-18,-5.173403701379613e-18,-2.4756385609798432e-06,0.9999999999969356
586.38,-1.1788114511825212e-06,-2.2774792252841575e-07,0.8123297040489633,5.3933573424058505e-18,1.3148100726279374e-17,-2.475638561185058e-06,0.9999999999969356
586.4,-1.1788114511823052e-06,-2.2774792252813297e-07,0.8148545319119299,1.448499316052334e-17,9.002195259885665e-18,-2.475638561387203e-06,0.9999999999969356
586.42,-1.1788114511820896e-06,-2.2774792252839508e-07,0.8173309737153573,1.0663120044400247e-17,6.661720844893881e-18,-2.4756385615891043e-06,0.9999999999969356
586.44,-1.1788114511821404e-06,-2.277479225288025e-07,0.8198363521659051,4.2591597751477744e-18,1.145948540696799e-17,-2.475638561793019e-06,0.9999999999969356
586.46,-1.1788114511819081e-06,-2.2774792252898038e-07,0.8223883685673802,3.398336512795444e-18,9.752023327408787e-18,-2.475638561994528e-06,0.9999999999969356
586.48,-1.178811451181489e-06,-2.2774792252911791e-07,0.825002230270715,2.7872690347990726e-18,2.9000674958915775e-18,-2.4756385621966603e-06,0.9999999999969356
586.5,-1.1788114511813235e-06,-2.2774792252933084e-07,0.8276517794899143,-5.194527523099007e-19,2.356619564060631e-18,-2.475638562399048e-06,0.9999999999969356
586.52,-1.1788114511809525e-06,-2.2774792252953214e-07,0.8303002436871925,-4.548871306895478e-18,-4.91997530082461e-18,-2.475638562599923e-06,0.9999999999969356
586.54,-1.1788114511808847e-06,-2.2774792252931967e-07,0.8328920150467019,1.4463798766854154e-18,-5.8899674125709325e-18,-2.475638562803097e-06,0.9999999999969356
586.56,-1.1788114511812464e-06,-2.2774792252947428e-07,0.8354671906083764,-2.792228658698751e-18,3.5881599085834466e-18,-2.475638563005012e-06,0.9999999999969356
586.58,-1.178811451180518e-06,-2.2774792252975197e-07,0.838033939453871,-1.0890949138434148e-17,-1.667159471857261e-17,-2.475638563205444e-06,0.9999999999969356
586.6,-1.1788114511804982e-06,-2.2774792252978133e-07,0.8405640057628205,-1.385368409066035e-17,-1.9685996412948257e-17,-2.475638563408259e-06,0.9999999999969356
586.62,-1.1788114511810992e-06,-2.27747922529384e-07,0.8430942243358059,-7.07839046783886e-18,-8.676537099532604e-18,-2.4756385636094824e-06,0.9999999999969356
586.64,-1.1788114511812826e-06,-2.277479225290581e-07,0.845571596674206,-2.8166362702507768e-18,-9.76282158357269e-18,-2.475638563813583e-06,0.9999999999969356
586.66,-1.1788114511815484e-06,-2.2774792252898445e-07,0.8480617111128357,-4.17115217331634e-18,-8.088615738933147e-18,-2.4756385640151955e-06,0.9999999999969356
586.68,-1.1788114511817713e-06,-2.2774792252879416e-07,0.8505935137317574,-1.9401272662261416e-18,-6.861498860340434e-18,-2.475638564215825e-06,0.9999999999969356
586.7,-1.178811451182087e-06,-2.2774792252878066e-07,0.8531190438146059,-3.86969065477479e-18,-3.1155884755184626e-18,-2.475638564419221e-06,0.9999999999969356
586.72,-1.1788114511820564e-06,-2.2774792252842e-07,0.8556922606041946,4.296063953301142e-18,-7.582575152655208e-18,-2.475638564620138e-06,0.9999999999969356
586.74,-1.1788114511823365e-06,-2.2774792252857867e-07,0.8582798436227113,-8.966964360582112e-19,-3.4187104123965374e-18,-2.4756385648222553e-06,0.9999999999969356
586.76,-1.178811451182553e-06,-2.2774792252859527e-07,0.8608947746188721,-1.3993891866550175e-18,-8.041601503408286e-19,-2.475638565025156e-06,0.9999999999969356
586.78,-1.1788114511828496e-06,-2.2774792252844886e-07,0.8635084400817307,2.192274537792324e-18,5.4954494277254295e-18,-2.4756385652255413e-06,0.9999999999969356
586.8,-1.1788114511831514e-06,-2.277479225284744e-07,0.8660750483073532,1.5212453594538294e-18,1.3400845329980281e-17,-2.475638565427682e-06,0.9999999999969356
586.82,-1.1788114511830963e-06,-2.27747922528525e-07,0.86863453110982,6.47826317561259e-19,1.4063955824513114e-17,-2.4756385656301494e-06,0.9999999999969356
586.84,-1.178811451182571e-06,-2.2774792252835852e-07,0.871116925866989,5.775202679706018e-18,4.358846466771355e-18,-2.4756385658300937e-06,0.9999999999969356
586.86,-1.178811451182378e-06,-2.2774792252841064e-07,0.8735784541635278,5.3978136386736816e-18,3.113678782889468e-18,-2.475638566032595e-06,0.9999999999969356
586.88,-1.1788114511823077e-06,-2.2774792252822522e-07,0.8760524089226102,1.2636520582680547e-17,4.427993699373474e-18,-2.4756385662352346e-06,0.9999999999969356
586.9,-1.178811451182211e-06,-2.2774792252828083e-07,0.8784128781037533,1.454841530045032e-17,4.797694940525893e-18,-2.4756385664367077e-06,0.9999999999969356
586.92,-1.1788114511824068e-06,-2.2774792252863733e-07,0.8807968336338076,9.883709521463811e-18,1.2700632917492555e-17,-2.4756385666409803e-06,0.9999999999969356
586.94,-1.1788114511820326e-06,-2.2774792252898152e-07,0.8832211318849715,5.899395326694356e-18,6.600380563359974e-18,-2.4756385668428304e-06,0.9999999999969356
586.96,-1.1788114511818997e-06,-2.2774792252921614e-07,0.8856224874747379,4.197866576407761e-18,7.302811364778173e-18,-2.4756385670454203e-06,0.9999999999969356
586.98,-1.1788114511815219e-06,-2.2774792252959376e-07,0.8880422145932889,-2.4433615420328767e-18,5.866727523663299e-19,-2.475638567248539e-06,0.9999999999969356
587.0,-1.1788114511814853e-06,-2.2774792252967476e-07,0.8904330010616954,-2.515690673861507e-18,2.8054284801547075e-18,-2.4756385674495753e-06,0.9999999999969356
587.02,-1.178811451180902e-06,-2.277479225297602e-07,0.8928434093959662,-4.472246813657322e-18,-1.1579473773855587e-17,-2.475638567653391e-06,0.9999999999969356
587.04,-1.1788114511807932e-06,-2.2774792252989745e-07,0.8952375691400575,-8.646664939042943e-18,-1.4741027490466822e-17,-2.4756385678551644e-06,0.9999999999969356
587.06,-1.1788114511812917e-06,-2.2774792252987487e-07,0.8977033529996001,-9.967682142656447e-18,-4.520735101543038e-18,-2.4756385680570487e-06,0.9999999999969356
587.08,-1.1788114511807003e-06,-2.2774792252992358e-07,0.900209272104833,-1.466451751313498e-17,-2.5000313820899122e-17,-2.4756385682589738e-06,0.9999999999969356
587.1,-1.1788114511809239e-06,-2.2774792252960641e-07,0.9026824389780734,-1.0759436662938771e-17,-2.5036508594057288e-17,-2.4756385684602813e-06,0.9999999999969356
587.12,-1.1788114511814175e-06,-2.2774792252943081e-07,0.9052112483400003,-1.1554831258805933e-17,-2.115850392617624e-17,-2.4756385686618087e-06,0.9999999999969356
587.14,-1.1788114511817404e-06,-2.2774792252903078e-07,0.9078158911959177,-6.256944937047043e-18,-2.3075023179074677e-17,-2.4756385688642724e-06,0.9999999999969356
587.16,-1.178811451182543e-06,-2.2774792252867076e-07,0.9104923232358114,-1.48406034904653e-18,-1.2180585554812368e-17,-2.4756385690636436e-06,0.9999999999969356
587.18,-1.1788114511829686e-06,-2.2774792252858336e-07,0.9132009575123323,-2.862214779128307e-18,-1.0817939651650101e-17,-2.4756385692660925e-06,0.9999999999969356
587.2,-1.1788114511833995e-06,-2.2774792252812292e-07,0.9159190009579649,7.322948863351595e-18,-7.33117942543478e-18,-2.475638569468877e-06,0.9999999999969356
587.22,-1.1788114511837966e-06,-2.277479225280119e-07,0.9186089802311905,9.684983669736785e-18,-3.138426984078939e-18,-2.4756385696709044e-06,0.9999999999969356
587.24,-1.178811451184397e-06,-2.2774792252824645e-07,0.9213290667183034,4.991255278573752e-18,8.350863675129433e-18,-2.4756385698754912e-06,0.9999999999969356
587.26,-1.1788114511846015e-06,-2.277479225284276e-07,0.9240661587995475,2.7602866046311535e-18,1.227387039012467e-17,-2.4756385700780316e-06,0.9999999999969356
587.28,-1.1788114511843321e-06,-2.2774792252860313e-07,0.9267670328151443,5.38958559098941e-20,6.765594850820217e-18,-2.475638570279166e-06,0.9999999999969356
587.3,-1.1788114511842053e-06,-2.2774792252842944e-07,0.9294458446499176,6.571363245568957e-18,5.838814917484687e-18,-2.475638570483531e-06,0.9999999999969356
587.32,-1.1788114511841282e-06,-2.277479225287155e-07,0.932052406722627,3.8132327985637205e-19,7.040993866807019e-18,-2.4756385706851235e-06,0.9999999999969356
587.34,-1.178811451184102e-06,-2.2774792252893766e-07,0.9346880339127538,-4.008603547763807e-18,9.598270026705794e-18,-2.475638570887599e-06,0.9999999999969356
587.36,-1.1788114511834557e-06,-2.2774792252888977e-07,0.9373290106770814,-2.4093890550500077e-18,-4.717600964642208e-18,-2.4756385710892526e-06,0.9999999999969356
587.38,-1.1788114511831651e-06,-2.2774792252904271e-07,0.9398547814822552,-7.098777980967572e-18,-1.0172753312113578e-17,-2.4756385712894256e-06,0.9999999999969356
587.4,-1.178811451182982e-06,-2.2774792252865978e-07,0.9423937504561378,1.9634011362053766e-18,-1.6539850605170387e-17,-2.475638571492622e-06,0.9999999999969356
587.42,-1.1788114511827929e-06,-2.2774792252876248e-07,0.9449977329189198,-1.9734273832217404e-18,-2.5497738829481316e-17,-2.4756385716938537e-06,0.9999999999969356
587.44,-1.1788114511832388e-06,-2.277479225290006e-07,0.9476395112198712,-9.341439519750592e-18,-2.0471733182939438e-17,-2.4756385718953404e-06,0.9999999999969356
587.46,-1.1788114511833458e-06,-2.2774792252839108e-07,0.9502775184914452,5.293761118601485e-18,-2.737469511633912e-17,-2.475638572099097e-06,0.9999999999969356
587.48,-1.1788114511837373e-06,-2.2774792252845816e-07,0.9528756458479828,2.3566645743245855e-18,-2.7585450703233547e-17,-2.4756385722998e-06,0.9999999999969356
587.5,-1.1788114511847252e-06,-2.2774792252889033e-07,0.9554670904722866,-9.446325358908532e-18,-1.3278545704346092e-17,-2.4756385725014607e-06,0.9999999999969356
587.52,-1.1788114511854824e-06,-2.2774792252885457e-07,0.9579863331432714,-9.652847817048187e-18,-4.131532734863658e-18,-2.4756385727056837e-06,0.9999999999969356
587.54,-1.1788114511857041e-06,-2.2774792252858661e-07,0.9604616717110825,-5.2899668694326035e-18,-6.035978471677076e-18,-2.4756385729063174e-06,0.9999999999969356
587.56,-1.1788114511858765e-06,-2.2774792252845294e-07,0.9629901163862431,-4.894923188893271e-18,-7.402015857113465e-18,-2.47563857310877e-06,0.9999999999969356
587.58,-1.1788114511864431e-06,-2.2774792252816e-07,0.9655623235723709,2.638199222759592e-19,3.0117671228456186e-18,-2.475638573313114e-06,0.9999999999969356
587.6,-1.178811451186592e-06,-2.2774792252805439e-07,0.9681292299571435,1.0681198792103828e-18,4.344406552920159e-18,-2.4756385735139103e-06,0.9999999999969356
587.62,-1.178811451186542e-06,-2.27747922528065e-07,0.9707232896038003,-2.1081221474457271e-19,1.8929834428964863e-18,-2.475638573718517e-06,0.9999999999969356
587.64,-1.1788114511865096e-06,-2.277479225279844e-07,0.9732558928064168,1.4776127070334571e-18,1.1312648247748329e-18,-2.4756385739207203e-06,0.9999999999969356
587.66,-1.1788114511865147e-06,-2.2774792252790962e-07,0.9757744609409154,3.3176854517062622e-18,1.732929896722219e-18,-2.475638574122073e-06,0.9999999999969356
587.68,-1.1788114511867282e-06,-2.2774792252807816e-07,0.9783064805058758,-7.846872971528133e-19,7.988014291943829e-18,-2.4756385743265355e-06,0.9999999999969356
587.7,-1.1788114511862824e-06,-2.277479225279389e-07,0.9808270555245955,3.60141951245633e-18,-2.5931937477811817e-18,-2.4756385745267e-06,0.9999999999969356
587.72,-1.178811451186099e-06,-2.2774792252780295e-07,0.9833556198088171,8.049234971670289e-18,-6.5297091714060774e-18,-2.47563857472806e-06,0.9999999999969356
587.74,-1.1788114511868586e-06,-2.2774792252784827e-07,0.9857123917870294,8.878674199411863e-18,1.3668967989656986e-17,-2.4756385749337746e-06,0.9999999999969356
587.76,-1.1788114511869594e-06,-2.277479225281891e-07,0.9878061411183612,2.467561500883725e-18,1.790011264673733e-17,-2.475638575135021e-06,0.9999999999969356
587.78,-1.17881145118673e-06,-2.277479225282945e-07,0.9896150365506178,2.1861398631130027e-18,1.5664263843359834e-17,-2.4756385753378445e-06,0.9999999999969356
587.8,-1.1788114511865018e-06,-2.2774792252836583e-07,0.9911723637902461,2.2685454729079158e-18,1.496364398391402e-17,-2.4756385755410206e-06,0.9999999999969356
587.82,-1.1788114511859739e-06,-2.277479225283978e-07,0.9925121914953168,2.7388738998348905e-18,7.061430007858633e-18,-2.4756385757421113e-06,0.9999999999969356
587.84,-1.1788114511857507e-06,-2.2774792252829886e-07,0.9936580260553005,6.852257971595409e-18,6.206201076026873e-18,-2.475638575945751e-06,0.9999999999969356
587.86,-1.1788114511855442e-06,-2.2774792252844474e-07,0.9946347501643285,4.72260762670537e-18,5.0893839417120424e-18,-2.4756385761480294e-06,0.9999999999969356
587.88,-1.178811451185533e-06,-2.2774792252852687e-07,0.9954719031069927,4.4072702238367354e-18,8.549489787270699e-18,-2.4756385763491354e-06,0.9999999999969356
587.9,-1.1788114511851292e-06,-2.2774792252900288e-07,0.9961902029919063,-6.668187760670415e-18,6.16562822702458e-19,-2.475638576551725e-06,0.9999999999969356
587.92,-1.1788114511849867e-06,-2.277479225284621e-07,0.9968035870478382,9.11138503691941e-18,-3.2122530538708773e-19,-2.4756385767532637e-06,0.9999999999969356
587.94,-1.1788114511848999e-06,-2.277479225285882e-07,0.9973220021172169,6.3918089047751175e-18,-1.2485810702996176e-18,-2.475638576954883e-06,0.9999999999969356
587.96,-1.178811451184864e-06,-2.27747922528843e-07,0.9977615808703619,1.4534489994519665e-18,-1.6108647356320352e-18,-2.475638577158035e-06,0.9999999999969356
587.98,-1.1788114511848257e-06,-2.277479225289866e-07,0.9981351715723188,-8.362515133784482e-19,-2.1415369327635225e-18,-2.475638577359207e-06,0.9999999999969356
588.0,-1.1788114511848486e-06,-2.2774792252894928e-07,0.9984506425696953,1.0868640586807637e-18,-1.8658776979493242e-18,-2.475638577562589e-06,0.9999999999969356
588.02,-1.1788114511850335e-06,-2.2774792252909592e-07,0.9987169227140347,-2.1547804008529113e-18,2.5813532301024775e-18,-2.475638577765207e-06,0.9999999999969356
588.04,-1.1788114511849685e-06,-2.2774792252915484e-07,0.9988233654813636,-3.575903894982253e-18,8.047695983553277e-19,-2.4756385779648736e-06,0.9999999999969356
588.06,-1.17881145118459e-06,-2.277479225291202e-07,0.9986192107222809,-2.9640491390746227e-18,-9.635237762341796e-18,-2.4756385781670714e-06,0.9999999999969356
588.08,-1.1788114511847245e-06,-2.2774792252948018e-07,0.9981638191752806,-1.3495660940172446e-17,-6.564296939949874e-18,-2.4756385783687647e-06,0.9999999999969356
588.1,-1.1788114511851993e-06,-2.2774792252904187e-07,0.9974464415610471,-3.0561288220760254e-18,4.999449064102982e-18,-2.4756385785708943e-06,0.9999999999969356
588.12,-1.1788114511854657e-06,-2.2774792252862986e-07,0.9965718615527659,5.849960579062281e-18,1.1104025782187417e-17,-2.4756385787762083e-06,0.9999999999969356
588.14,-1.1788114511853407e-06,-2.2774792252955e-07,0.9954877019031474,-2.034858942531153e-17,8.562072564228464e-18,-2.47563857897573e-06,0.9999999999969356
588.16,-1.1788114511851626e-06,-2.277479225288961e-07,0.9942638059170765,-3.932930392667207e-18,5.383521298733672e-18,-2.4756385791775745e-06,0.9999999999969356
588.18,-1.1788114511851247e-06,-2.277479225283252e-07,0.992899253649639,8.74938113362902e-18,6.0895550622944274e-18,-2.475638579381667e-06,0.9999999999969356
588.2,-1.178811451184936e-06,-2.2774792252941935e-07,0.9915403372070759,-2.2060606964658405e-17,2.9952079321652687e-18,-2.475638579581451e-06,0.9999999999969356
588.22,-1.1788114511850131e-06,-2.2774792252858725e-07,0.9901923499279455,-8.383179852291746e-19,6.7469238081822314e-18,-2.4756385797856133e-06,0.9999999999969356
588.24,-1.1788114511850455e-06,-2.2774792252831585e-07,0.9887763542692716,3.8464488762791376e-18,9.081584728522606e-18,-2.4756385799894865e-06,0.9999999999969356
588.26,-1.1788114511846127e-06,-2.277479225287644e-07,0.9873184752550273,-9.487589462276738e-18,-4.534350439508781e-19,-2.47563858018914e-06,0.9999999999969356
588.28,-1.1788114511847518e-06,-2.2774792252811145e-07,0.9858160751773704,7.317724353127788e-18,4.986200587505175e-18,-2.4756385803936465e-06,0.9999999999969356
588.3,-1.1788114511846498e-06,-2.2774792252850419e-07,0.9843347023266997,-4.26209798347162e-18,3.441468012717628e-18,-2.4756385805955957e-06,0.9999999999969356
588.32,-1.1788114511843205e-06,-2.277479225283584e-07,0.982768256709732,-3.7985744766929426e-19,-4.091678585885963e-18,-2.4756385807969604e-06,0.9999999999969356
588.34,-1.17881145118424e-06,-2.2774792252759646e-07,0.9810669111713194,2.0055620073430254e-17,-5.7813851104345775e-18,-2.4756385810006558e-06,0.9999999999969356
588.36,-1.17881145118454e-06,-2.2774792252778296e-07,0.979296923109264,1.6001269472261996e-17,2.3380626613608508e-18,-2.4756385812027853e-06,0.9999999999969356
588.38,-1.1788114511843967e-06,-2.277479225281042e-07,0.97757056298974,1.0248839922246849e-17,-1.9381751071197217e-18,-2.4756385814044275e-06,0.9999999999969356
588.4,-1.1788114511845843e-06,-2.2774792252848177e-07,0.9758505654449326,3.2645583031872813e-18,2.8747791191343696e-18,-2.4756385816079115e-06,0.9999999999969356
588.42,-1.1788114511842207e-06,-2.2774792252847758e-07,0.9740268573456289,6.329556746415046e-18,-6.86381633170037e-18,-2.475638581807894e-06,0.9999999999969356
588.44,-1.1788114511842093e-06,-2.277479225282977e-07,0.9720449263261214,1.3316130549242529e-17,-7.638987393704738e-18,-2.4756385820109306e-06,0.9999999999969356
588.46,-1.1788114511842983e-06,-2.2774792252864426e-07,0.9699314222725705,6.372457938427789e-18,-6.283933142588726e-18,-2.475638582213528e-06,0.9999999999969356
588.48,-1.1788114511844287e-06,-2.2774792252895984e-07,0.9678624386643436,3.340089512486468e-19,-3.916136559015608e-18,-2.4756385824147912e-06,0.9999999999969356
588.5,-1.1788114511846625e-06,-2.2774792252859508e-07,0.9657595751704351,1.2326280857544746e-17,7.560107799108862e-19,-2.4756385826194823e-06,0.9999999999969356
588.52,-1.178811451184788e-06,-2.277479225284487e-07,0.9635786687086638,1.8166898881565555e-17,3.291132606086528e-18,-2.475638582822175e-06,0.9999999999969356
588.54,-1.1788114511849454e-06,-2.277479225290028e-07,0.9613895096278053,5.758484810316935e-18,7.340038421494279e-18,-2.475638583023508e-06,0.9999999999969356
588.56,-1.1788114511849727e-06,-2.2774792252938124e-07,0.9592175864977652,-1.29302538333528e-18,8.23739592149757e-18,-2.4756385832280572e-06,0.9999999999969356
588.58,-1.1788114511848272e-06,-2.277479225293836e-07,0.9570652240333892,7.064333724289359e-19,5.687314591975862e-18,-2.4756385834300195e-06,0.9999999999969356
588.6,-1.1788114511848639e-06,-2.2774792252964474e-07,0.9550262895932188,-5.323532305792396e-18,8.088514555138262e-18,-2.4756385836342053e-06,0.9999999999969356
588.62,-1.1788114511845246e-06,-2.2774792252962293e-07,0.9529642774988637,-4.1238583763438355e-18,3.4011216361901637e-19,-2.4756385838369363e-06,0.9999999999969356
588.64,-1.178811451184227e-06,-2.2774792252923377e-07,0.950803079736636,6.096080689849418e-18,-5.938363811668805e-18,-2.475638584037767e-06,0.9999999999969356
588.66,-1.1788114511846496e-06,-2.2774792252946872e-07,0.9485650914058641,-5.308917890981188e-19,5.974298513469064e-18,-2.4756385842423377e-06,0.9999999999969356
588.68,-1.1788114511848213e-06,-2.2774792252974882e-07,0.9463709250128988,-7.717216699098997e-18,1.0902740147035478e-17,-2.475638584444959e-06,0.9999999999969356
588.7,-1.1788114511844401e-06,-2.2774792252956232e-07,0.9442108294245432,-3.0643471794420527e-18,1.8000578891898895e-18,-2.4756385846459412e-06,0.9999999999969356
588.72,-1.1788114511842775e-06,-2.277479225293467e-07,0.9421842140318262,1.9687918783681697e-18,-1.3462936051071907e-18,-2.475638584849063e-06,0.9999999999969356
588.74,-1.1788114511844547e-06,-2.2774792252938979e-07,0.9401844649047949,2.0741103814663202e-19,4.668296891022796e-18,-2.4756385850504774e-06,0.9999999999969356
588.76,-1.1788114511843146e-06,-2.277479225292285e-07,0.9382045857308612,4.376311125705037e-18,1.4297692647565211e-18,-2.47563858525306e-06,0.9999999999969356
588.78,-1.1788114511841828e-06,-2.2774792252959723e-07,0.9362243518386931,-5.5685937045366335e-18,-1.403069784096675e-18,-2.4756385854558305e-06,0.9999999999969356
588.8,-1.178811451184152e-06,-2.2774792252991923e-07,0.9343370559145285,-1.437201216089496e-17,-1.5842900543687448e-18,-2.4756385856568408e-06,0.9999999999969356
588.82,-1.178811451184262e-06,-2.2774792252929214e-07,0.9325275581631179,1.503041278727746e-18,1.2967023928407342e-18,-2.475638585860942e-06,0.9999999999969356
588.84,-1.1788114511843478e-06,-2.277479225290227e-07,0.9306922118966611,7.284109152968399e-18,3.68751310065769e-18,-2.4756385860635762e-06,0.9999999999969356
588.86,-1.178811451184253e-06,-2.2774792252936485e-07,0.9287348669156252,-2.4013869462681165e-18,1.539497512874005e-18,-2.475638586264932e-06,0.9999999999969356
588.88,-1.1788114511841079e-06,-2.2774792252917175e-07,0.9266817764396913,3.116733803261428e-18,-2.121461550265674e-18,-2.475638586469307e-06,0.9999999999969356
588.9,-1.1788114511840935e-06,-2.2774792252915285e-07,0.924672556463284,3.705798920568252e-18,-2.0651465406353252e-18,-2.475638586670707e-06,0.9999999999969356
588.92,-1.1788114511842142e-06,-2.2774792252934648e-07,0.9226801584571368,-1.0171932181341412e-18,1.199687568087494e-18,-2.4756385868734427e-06,0.9999999999969356
588.94,-1.1788114511844458e-06,-2.2774792252919118e-07,0.9207676769872043,3.733976083586869e-18,7.072673601182325e-18,-2.475638587077207e-06,0.9999999999969356
588.96,-1.1788114511840556e-06,-2.277479225294705e-07,0.9188117913261467,-3.4507032639412187e-18,-2.9039544612868564e-18,-2.4756385872770848e-06,0.9999999999969356
588.98,-1.1788114511841958e-06,-2.2774792252943264e-07,0.9168093131576276,-2.1101453078551835e-18,1.3985651707424529e-18,-2.475638587480317e-06,0.9999999999969356
589.0,-1.1788114511845085e-06,-2.27747922529012e-07,0.9147799684946708,9.206937803000678e-18,1.0026837427883754e-17,-2.4756385876834886e-06,0.9999999999969356
589.02,-1.1788114511841585e-06,-2.2774792252973707e-07,0.9128232928667402,-1.0361838373459209e-17,1.4984040248231021e-18,-2.475638587882903e-06,0.9999999999969356
589.04,-1.1788114511844175e-06,-2.277479225296535e-07,0.9109133149959396,-7.767751877015714e-18,9.667474019777942e-18,-2.475638588086601e-06,0.9999999999969356
589.06,-1.178811451184563e-06,-2.277479225288302e-07,0.9089694690887805,1.3674836482153884e-17,1.4984437002771827e-17,-2.475638588289185e-06,0.9999999999969356
589.08,-1.178811451183986e-06,-2.2774792252896968e-07,0.9069104348420853,9.250984702624507e-18,1.6825095948213921e-18,-2.4756385884898005e-06,0.9999999999969356
589.1,-1.1788114511845282e-06,-2.2774792252950167e-07,0.9047556843645307,-3.822983388420171e-18,1.8728284106764775e-17,-2.4756385886948735e-06,0.9999999999969356
589.12,-1.1788114511847804e-06,-2.2774792252929158e-07,0.90258525618712,2.964962822805525e-18,2.828098742810978e-17,-2.475638588897226e-06,0.9999999999969356
589.14,-1.1788114511844581e-06,-2.2774792252935294e-07,0.9005678883330239,1.7519086724267503e-18,2.3930842875762436e-17,-2.475638589099823e-06,0.9999999999969356
589.16,-1.178811451184071e-06,-2.2774792252948148e-07,0.8986876609589999,-1.1088104093534932e-18,1.9157123902609302e-17,-2.4756385893015736e-06,0.9999999999969356
589.18,-1.178811451183914e-06,-2.277479225292924e-07,0.896844349028702,4.351033901725748e-18,2.12234148477441e-17,-2.475638589502334e-06,0.9999999999969356
589.2,-1.1788114511835598e-06,-2.2774792252925378e-07,0.8950903164459689,5.808409208332166e-18,1.750803367916709e-17,-2.4756385897063503e-06,0.9999999999969356
589.22,-1.1788114511833096e-06,-2.2774792252923806e-07,0.8933608742185567,7.214682372972746e-18,1.684660886114119e-17,-2.475638589909069e-06,0.9999999999969356
589.24,-1.178811451183092e-06,-2.2774792253023534e-07,0.8915562832850216,-1.8904516371052117e-17,1.6763429814046227e-17,-2.475638590110173e-06,0.9999999999969356
589.26,-1.178811451182742e-06,-2.277479225306129e-07,0.889648035013411,-2.884029268834425e-17,1.23199009444099e-17,-2.4756385903137136e-06,0.9999999999969356
589.28,-1.1788114511824591e-06,-2.277479225291916e-07,0.8876800902381863,7.114012329366994e-18,9.710099778645478e-18,-2.4756385905154256e-06,0.9999999999969356
589.3,-1.1788114511816917e-06,-2.2774792252910383e-07,0.8856309607850464,6.020776773203004e-18,-7.102474815423461e-18,-2.4756385907175475e-06,0.9999999999969356
589.32,-1.1788114511815007e-06,-2.2774792253046525e-07,0.8835761547826393,-3.196488645390049e-17,-9.855708206041289e-18,-2.475638590919257e-06,0.9999999999969356
589.34,-1.1788114511821745e-06,-2.277479225306343e-07,0.8814561690672549,-3.857426913576627e-17,9.310206737961836e-18,-2.4756385911194786e-06,0.9999999999969356
589.36,-1.1788114511822997e-06,-2.2774792252980203e-07,0.8792929923313567,-2.1263151313573366e-17,1.2602665470142487e-17,-2.47563859132336e-06,0.9999999999969356
589.38,-1.178811451181607e-06,-2.2774792252991405e-07,0.8772041074203133,-3.1310126541904604e-17,-4.728141463108851e-18,-2.475638591524564e-06,0.9999999999969356
589.4,-1.1788114511817646e-06,-2.2774792252993662e-07,0.8751536446146412,-3.899018837354362e-17,1.2226017711687221e-18,-2.4756385917255163e-06,0.9999999999969356
589.42,-1.1788114511813567e-06,-2.2774792252886883e-07,0.8732106157598917,-1.8317762491683052e-17,-9.817640125971296e-18,-2.4756385919299193e-06,0.9999999999969356
589.44,-1.178811451181148e-06,-2.2774792252817763e-07,0.8712322579974537,-8.242133219823009e-18,-1.542192626823522e-17,-2.475638592131758e-06,0.9999999999969356
589.46,-1.178811451181778e-06,-2.2774792252888575e-07,0.8692168212600979,-3.408648811508062e-17,1.597847783173565e-19,-2.4756385923328554e-06,0.9999999999969356
589.48,-1.1788114511818624e-06,-2.2774792252751093e-07,0.8672679842145522,-2.819842100592384e-18,1.8972131913819137e-19,-2.4756385925376227e-06,0.9999999999969356
589.5,-1.1788114511816665e-06,-2.2774792252712596e-07,0.8652807798131649,1.4087559332309943e-18,-5.902376626558889e-18,-2.4756385927379362e-06,0.9999999999969356
589.52,-1.1788114511820212e-06,-2.2774792252746326e-07,0.8632395108057251,-1.1284981594962936e-17,2.694727943832143e-18,-2.4756385929400565e-06,0.9999999999969356
589.54,-1.178811451181912e-06,-2.277479225263024e-07,0.8612562250592921,1.7806286994313964e-17,-1.2532379794465663e-18,-2.475638593143311e-06,0.9999999999969356
589.56,-1.1788114511817167e-06,-2.277479225264416e-07,0.8592976048631782,1.2593647808194066e-17,-6.634811818240269e-18,-2.4756385933430756e-06,0.9999999999969356
589.58,-1.1788114511818016e-06,-2.2774792252676547e-07,0.8573360107233645,5.1769675134556135e-18,-5.245352915902586e-18,-2.4756385935471094e-06,0.9999999999969356
589.6,-1.1788114511815818e-06,-2.277479225259278e-07,0.8554442741908158,2.9976840201965295e-17,-1.2281185822881962e-17,-2.4756385937502694e-06,0.9999999999969356
589.62,-1.1788114511817788e-06,-2.2774792252677388e-07,0.8535639452677645,9.656711995892705e-18,-8.467804452091039e-18,-2.475638593950857e-06,0.9999999999969356
589.64,-1.1788114511820293e-06,-2.2774792252774474e-07,0.8517676058852068,-1.2019420025159181e-17,-4.338390788723594e-18,-2.475638594153513e-06,0.9999999999969356
589.66,-1.1788114511821495e-06,-2.2774792252732742e-07,0.8499338591995595,1.7787839310193025e-18,-3.0718218651079423e-18,-2.4756385943540086e-06,0.9999999999969356
589.68,-1.1788114511821046e-06,-2.277479225273949e-07,0.848093730227835,3.80455619262355e-19,-6.111327120536477e-18,-2.475638594555952e-06,0.9999999999969356
589.7,-1.1788114511822262e-06,-2.277479225276673e-07,0.8462055554218131,-6.2989454765217505e-18,-4.449704045120394e-18,-2.475638594759024e-06,0.9999999999969356
589.72,-1.1788114511825148e-06,-2.2774792252747565e-07,0.844261981022794,-1.1578918162093606e-18,2.134478604401768e-18,-2.4756385949606036e-06,0.9999999999969356
589.74,-1.1788114511825877e-06,-2.2774792252749926e-07,0.8422303969860105,-2.3960863828673724e-18,2.825486223424756e-18,-2.4756385951642147e-06,0.9999999999969356
589.76,-1.1788114511826364e-06,-2.2774792252761716e-07,0.8401006718288958,-5.913404723300838e-18,3.872116083503356e-18,-2.475638595365939e-06,0.9999999999969356
589.78,-1.1788114511829134e-06,-2.2774792252749916e-07,0.837883201394816,-3.526656942424879e-18,1.1818413069304846e-17,-2.4756385955668666e-06,0.9999999999969356
589.8,-1.1788114511825692e-06,-2.2774792252737303e-07,0.8356369112722899,-1.0456654535814645e-18,3.0153361016770172e-18,-2.475638595770074e-06,0.9999999999969356
589.82,-1.1788114511823816e-06,-2.2774792252710126e-07,0.833499589334456,5.716709396742774e-18,-2.122201640137075e-19,-2.4756385959701687e-06,0.9999999999969356
589.84,-1.1788114511824149e-06,-2.2774792252710873e-07,0.8313590924460362,5.0894271177906095e-18,1.6801711159493121e-18,-2.4756385961724715e-06,0.9999999999969356
589.86,-1.178811451181843e-06,-2.2774792252715275e-07,0.8291933817829946,4.637923004673315e-18,-1.3511438851582583e-17,-2.4756385963752503e-06,0.9999999999969356
589.88,-1.1788114511820473e-06,-2.2774792252715023e-07,0.8270818606739807,5.4974437297423065e-18,-7.815775957772332e-18,-2.475638596576065e-06,0.9999999999969356
589.9,-1.1788114511823588e-06,-2.2774792252724936e-07,0.8249991225213967,3.818624431121691e-18,-1.073150661572193e-18,-2.4756385967794934e-06,0.9999999999969356
589.92,-1.1788114511820968e-06,-2.2774792252765744e-07,0.8230245527553979,-5.938976827754334e-18,-9.589179310665665e-18,-2.4756385969814337e-06,0.9999999999969356
589.94,-1.1788114511823954e-06,-2.2774792252763338e-07,0.8210181660649262,-4.7773263615939414e-18,-2.5741723405437578e-18,-2.4756385971828763e-06,0.9999999999969356
589.96,-1.1788114511824195e-06,-2.2774792252744272e-07,0.8189802802575415,1.5920865201782882e-19,-3.8616501090303544e-18,-2.4756385973865344e-06,0.9999999999969356
589.98,-1.178811451182017e-06,-2.2774792252718202e-07,0.8170260117103331,6.86042682110755e-18,-1.597734632103052e-17,-2.475638597588113e-06,0.9999999999969356
590.0,-1.1788114511824399e-06,-2.2774792252722874e-07,0.815099922060394,5.6801807813546285e-18,-6.236495335900145e-18,-2.4756385977902883e-06,0.9999999999969356
590.02,-1.178811451182781e-06,-2.2774792252748529e-07,0.8132648925859223,-3.0160198985318246e-19,9.426180205404174e-20,-2.4756385979943305e-06,0.9999999999969356
590.04,-1.178811451182389e-06,-2.2774792252710865e-07,0.8114593418360788,1.0971246326019994e-17,-1.220260731595444e-17,-2.475638598194169e-06,0.9999999999969356
590.06,-1.178811451182368e-06,-2.2774792252678852e-07,0.8095977333411305,2.0818698002067607e-17,-1.4633050239655338e-17,-2.4756385983968414e-06,0.9999999999969356
590.08,-1.1788114511825311e-06,-2.2774792252724047e-07,0.8076061176927015,1.1090353742716504e-17,-1.3107095200718774e-17,-2.475638598600765e-06,0.9999999999969356
590.1,-1.1788114511825995e-06,-2.277479225276758e-07,0.805571861069126,2.780654577856342e-18,-1.4191841908373004e-17,-2.475638598800941e-06,0.9999999999969356
590.12,-1.1788114511828814e-06,-2.277479225270736e-07,0.8035124565592388,2.20452090107824e-17,-1.0234956153242854e-17,-2.4756385990042843e-06,0.9999999999969356
590.14,-1.1788114511827886e-06,-2.2774792252735032e-07,0.801485385638837,1.765948099947223e-17,-1.6337974104775415e-17,-2.4756385992057265e-06,0.9999999999969356
590.16,-1.1788114511830226e-06,-2.2774792252787556e-07,0.7994548206929423,7.612872554035691e-18,-1.3332173857505839e-17,-2.4756385994059266e-06,0.9999999999969356
590.18,-1.1788114511834715e-06,-2.2774792252826988e-07,0.7973962370643098,9.082850570925356e-19,-5.314064075787493e-18,-2.4756385996102394e-06,0.9999999999969356
590.2,-1.1788114511834982e-06,-2.2774792252805814e-07,0.7953529692787461,9.598535166735582e-18,-7.80858059107087e-18,-2.475638599811544e-06,0.9999999999969356
590.22,-1.1788114511836202e-06,-2.2774792252816754e-07,0.7933135413186693,8.744132944405823e-18,-7.210009463042743e-18,-2.4756386000137286e-06,0.9999999999969356
590.24,-1.1788114511840208e-06,-2.2774792252809552e-07,0.7914024000818943,1.3308390752331644e-17,9.999531145190456e-19,-2.4756386002173316e-06,0.9999999999969356
590.26,-1.1788114511839095e-06,-2.2774792252843648e-07,0.789604203385572,6.798571666066653e-18,-3.712221017099097e-18,-2.4756386004170336e-06,0.9999999999969356
590.28,-1.1788114511839107e-06,-2.2774792252871057e-07,0.7878279237064445,2.2138572977049715e-18,-5.08488228456372e-18,-2.4756386006190836e-06,0.9999999999969356
590.3,-1.178811451183917e-06,-2.2774792252884223e-07,0.7861079662879281,9.55799320127078e-19,-6.273281055641595e-18,-2.4756386008206363e-06,0.9999999999969356
590.32,-1.1788114511839232e-06,-2.277479225289892e-07,0.7843049506679947,-1.6456133961265447e-18,-7.390987661563951e-18,-2.4756386010213654e-06,0.9999999999969356
590.34,-1.1788114511841767e-06,-2.2774792252932147e-07,0.7823510791938383,-9.922470793731864e-18,-2.413762497271541e-18,-2.475638601225449e-06,0.9999999999969356
590.36,-1.178811451184339e-06,-2.2774792252938968e-07,0.7802305873474085,-1.1792339732787585e-17,5.308108612573055e-19,-2.4756386014274944e-06,0.9999999999969356
590.38,-1.1788114511842866e-06,-2.2774792252929963e-07,0.7780345208786595,-1.0808950976482888e-17,-1.8950457254602393e-18,-2.4756386016297946e-06,0.9999999999969356
590.4,-1.1788114511841451e-06,-2.277479225292086e-07,0.7759125408171091,-1.0434317289913696e-17,-6.6987743930033745e-18,-2.475638601834213e-06,0.9999999999969356
590.42,-1.178811451184224e-06,-2.277479225288021e-07,0.7737822871479028,-1.8111422606492113e-18,-5.117892202733473e-18,-2.4756386020351422e-06,0.9999999999969356
590.44,-1.1788114511844346e-06,-2.2774792252876462e-07,0.7715866525834949,-3.28266764846933e-18,-8.265427067847582e-19,-2.4756386022390116e-06,0.9999999999969356
590.46,-1.1788114511837816e-06,-2.277479225294292e-07,0.7692857535068884,-2.286602343930538e-17,-1.990232241898317e-17,-2.475638602440176e-06,0.9999999999969356
590.48,-1.1788114511840081e-06,-2.2774792252884806e-07,0.7669334377598356,-9.126170103315916e-18,-1.488837226072395e-17,-2.4756386026407628e-06,0.9999999999969356
590.5,-1.1788114511849081e-06,-2.2774792252798e-07,0.7645907247260051,1.1042224698099066e-17,6.193556303987744e-18,-2.475638602845812e-06,0.9999999999969356
590.52,-1.178811451184481e-06,-2.2774792252950845e-07,0.762345947008718,-3.255086939683082e-17,-7.73436490710714e-18,-2.4756386030464352e-06,0.9999999999969356
590.54,-1.1788114511844173e-06,-2.2774792253007705e-07,0.7600882806304997,-4.992003034334475e-17,-1.0500560118176684e-17,-2.475638603246974e-06,0.9999999999969356
590.56,-1.1788114511851872e-06,-2.2774792252890682e-07,0.7578305553659384,-2.4129133078561117e-17,8.453176912883779e-18,-2.4756386034539157e-06,0.9999999999969356
590.58,-1.1788114511853945e-06,-2.277479225291475e-07,0.7556781506949901,-3.862068582015662e-17,1.3014556681102154e-17,-2.4756386036570905e-06,0.9999999999969356
590.6,-1.1788114511851626e-06,-2.277479225279682e-07,0.7535782773753114,-1.471854770846608e-17,7.580357377436045e-18,-2.4756386038595496e-06,0.9999999999969356
590.62,-1.1788114511859142e-06,-2.2774792252792704e-07,0.7515825148051356,-2.1955267771778903e-17,2.93903816586114e-17,-2.475638604063643e-06,0.9999999999969356
590.64,-1.1788114511851694e-06,-2.2774792252849955e-07,0.7495516776695588,-4.440119906403574e-17,1.2342237193222885e-17,-2.4756386042619737e-06,0.9999999999969356
590.66,-1.1788114511848308e-06,-2.2774792252774818e-07,0.7474903759822908,-3.185363076417488e-17,7.457538166928723e-18,-2.4756386044645534e-06,0.9999999999969356
590.68,-1.178811451185154e-06,-2.2774792252675165e-07,0.7455157767483267,-1.4114068151378132e-17,1.9857163812323198e-17,-2.4756386046686685e-06,0.9999999999969356
590.7,-1.1788114511840454e-06,-2.2774792252666734e-07,0.7435003699870144,-2.0457136596761802e-17,-6.6154761446854356e-18,-2.475638604869574e-06,0.9999999999969356
590.72,-1.1788114511835247e-06,-2.277479225266353e-07,0.7414492195097332,-2.638716825510035e-17,-1.791874370708283e-17,-2.475638605072638e-06,0.9999999999969356
590.74,-1.1788114511839404e-06,-2.2774792252584943e-07,0.739505005926144,-1.1891352702919545e-17,-6.307260110620946e-18,-2.4756386052751292e-06,0.9999999999969356
590.76,-1.1788114511840372e-06,-2.2774792252540836e-07,0.7376339873212681,-6.540519317895156e-18,-5.273154179401958e-18,-2.4756386054779894e-06,0.9999999999969356
590.78,-1.1788114511839198e-06,-2.277479225254955e-07,0.7357702724410826,-1.3754207085399096e-17,-1.0155486799357449e-17,-2.475638605680435e-06,0.9999999999969356
590.8,-1.1788114511849634e-06,-2.277479225247706e-07,0.733968343545494,2.0528852235304248e-18,1.6815832515884124e-17,-2.4756386058825438e-06,0.9999999999969356
590.82,-1.1788114511852247e-06,-2.2774792252455865e-07,0.7321665848880459,4.403980304703106e-18,2.2987242971421057e-17,-2.4756386060861383e-06,0.9999999999969356
590.84,-1.1788114511843997e-06,-2.277479225252317e-07,0.7304307436877394,-1.52067546589463e-17,2.781472957339443e-18,-2.4756386062864387e-06,0.9999999999969356
590.86,-1.1788114511842506e-06,-2.277479225247749e-07,0.7286211476209745,-4.3285322705417575e-18,1.9147689038105376e-18,-2.4756386064863982e-06,0.9999999999969356
590.88,-1.1788114511840276e-06,-2.2774792252476247e-07,0.7267450690201871,-6.280387790835003e-18,-2.5815858082206144e-18,-2.4756386066897357e-06,0.9999999999969356
590.9,-1.1788114511840456e-06,-2.2774792252444743e-07,0.7249761385943392,5.813921116718958e-19,-8.72575800494457e-19,-2.475638606892297e-06,0.9999999999969356
590.92,-1.1788114511839717e-06,-2.2774792252454515e-07,0.7232678152868764,-3.738080370986585e-18,-2.440942243266061e-18,-2.475638607094459e-06,0.9999999999969356
590.94,-1.1788114511840945e-06,-2.2774792252475805e-07,0.7215749358346445,-1.0454335829474543e-17,7.112842257292872e-19,-2.4756386072981624e-06,0.9999999999969356
590.96,-1.1788114511841536e-06,-2.2774792252450106e-07,0.7198986178635989,-5.052942144129468e-18,2.3519578802377716e-18,-2.4756386074997804e-06,0.9999999999969356
590.98,-1.1788114511840535e-06,-2.2774792252453007e-07,0.71818596418906,-7.8653046497687e-18,-2.702167849440457e-19,-2.4756386077020938e-06,0.9999999999969356
591.0,-1.1788114511843842e-06,-2.2774792252443552e-07,0.7165170894374557,-7.110135604377792e-18,8.862102376838038e-18,-2.475638607906121e-06,0.9999999999969356
591.02,-1.1788114511846462e-06,-2.2774792252428707e-07,0.714758389098662,-5.2334173841228e-18,1.6921183883712406e-17,-2.4756386081074905e-06,0.9999999999969356
591.04,-1.178811451184288e-06,-2.2774792252428705e-07,0.7128415695558321,-7.221297893248356e-18,8.832749845192305e-18,-2.4756386083109457e-06,0.9999999999969356
591.06,-1.1788114511841553e-06,-2.277479225239401e-07,0.7107515341009808,6.011859805449904e-19,8.06413841898754e-18,-2.4756386085134345e-06,0.9999999999969356
591.08,-1.1788114511838133e-06,-2.2774792252397068e-07,0.708546686506533,-1.940531389563697e-18,1.3128797089720812e-18,-2.4756386087157195e-06,0.9999999999969356
591.1,-1.1788114511833909e-06,-2.277479225241902e-07,0.7063033854157283,-8.78513855014663e-18,-8.442822544018875e-18,-2.4756386089185576e-06,0.9999999999969356
591.12,-1.1788114511835831e-06,-2.2774792252411706e-07,0.7041301375874559,-8.070849483679534e-18,-2.2692684436143055e-18,-2.4756386091197106e-06,0.9999999999969356
591.14,-1.1788114511835239e-06,-2.2774792252413297e-07,0.7019249550962335,-1.0266085537612074e-17,-4.189101426774204e-18,-2.4756386093209e-06,0.9999999999969356
591.16,-1.1788114511833295e-06,-2.277479225241197e-07,0.699630176237404,-1.1917129871342008e-17,-1.0179981077193888e-17,-2.475638609523573e-06,0.9999999999969356
591.18,-1.1788114511833858e-06,-2.2774792252390961e-07,0.6972282688634942,-8.587387834422633e-18,-9.402361549499308e-18,-2.475638609723954e-06,0.9999999999969356
591.2,-1.1788114511835321e-06,-2.2774792252357948e-07,0.6948017095854517,-2.2684917218934372e-18,-7.303790108812214e-18,-2.4756386099263528e-06,0.9999999999969356
591.22,-1.1788114511838862e-06,-2.277479225237464e-07,0.692492413412571,-8.964695683684249e-18,3.557412118550775e-19,-2.4756386101295695e-06,0.9999999999969356
591.24,-1.1788114511836407e-06,-2.27747922523258e-07,0.6901850915293788,2.5438532776480048e-18,-7.828431979723838e-18,-2.4756386103306437e-06,0.9999999999969356
591.26,-1.1788114511833462e-06,-2.277479225228198e-07,0.6878888955838872,1.2810438905819037e-17,-1.7317196113032675e-17,-2.4756386105327076e-06,0.9999999999969356
591.28,-1.1788114511837405e-06,-2.2774792252345756e-07,0.68576892784158,-4.357432579625021e-18,-8.869381399346708e-18,-2.475638610734026e-06,0.9999999999969356
591.3,-1.1788114511838883e-06,-2.277479225236493e-07,0.6838055762455901,-9.169483464873672e-18,-7.736114956457357e-18,-2.47563861093416e-06,0.9999999999969356
591.32,-1.178811451183939e-06,-2.2774792252337805e-07,0.6818967533741807,-2.29221224526629e-18,-9.360608593150531e-18,-2.475638611137721e-06,0.9999999999969356
591.34,-1.1788114511842218e-06,-2.2774792252327791e-07,0.6800837608076002,-7.383753601343193e-19,-4.003046928949354e-18,-2.4756386113379607e-06,0.9999999999969356
591.36,-1.1788114511845903e-06,-2.2774792252329718e-07,0.6782687687357128,-2.1398473002718206e-18,3.52577579047249e-18,-2.4756386115403787e-06,0.9999999999969356
591.38,-1.1788114511846345e-06,-2.2774792252302738e-07,0.6764878743936436,4.687683320342584e-18,3.245892966668298e-18,-2.4756386117443785e-06,0.9999999999969356
591.4,-1.1788114511843446e-06,-2.2774792252298235e-07,0.6746204476522808,5.629860881276485e-18,-4.8439780743823316e-18,-2.4756386119446214e-06,0.9999999999969356
591.42,-1.178811451184017e-06,-2.2774792252311422e-07,0.6726070865185411,2.4921869164576217e-18,-1.4312038851372597e-17,-2.4756386121467594e-06,0.9999999999969356
591.44,-1.1788114511842074e-06,-2.2774792252360034e-07,0.6704967268341587,-9.910780215274761e-18,-1.0304494680795706e-17,-2.4756386123484668e-06,0.9999999999969356
591.46,-1.1788114511844575e-06,-2.2774792252322842e-07,0.6683413276239539,3.154924217919901e-19,-5.717413014469976e-18,-2.4756386125501534e-06,0.9999999999969356
591.48,-1.1788114511841405e-06,-2.2774792252280403e-07,0.6661266142239345,1.1269059303350828e-17,-1.6948626718365348e-17,-2.475638612754279e-06,0.9999999999969356
591.5,-1.1788114511845591e-06,-2.2774792252299103e-07,0.6638851723045148,6.477924299471142e-18,-7.697119163164685e-18,-2.4756386129556344e-06,0.9999999999969356
591.52,-1.1788114511853208e-06,-2.2774792252299985e-07,0.6616474625792953,7.443139242493327e-18,9.964277286906521e-18,-2.4756386131598527e-06,0.9999999999969356
591.54,-1.178811451184552e-06,-2.2774792252308093e-07,0.6595041800885908,6.811657860832707e-18,-1.2827469717096818e-17,-2.4756386133637742e-06,0.9999999999969356
591.56,-1.1788114511846582e-06,-2.2774792252308275e-07,0.6573675506154816,8.460982439508838e-18,-1.0398115632314698e-17,-2.475638613565429e-06,0.9999999999969356
591.58,-1.1788114511855612e-06,-2.2774792252361845e-07,0.6552207990902723,-4.38383718351785e-18,1.1934534169765581e-17,-2.4756386137698994e-06,0.9999999999969356
591.6,-1.178811451185295e-06,-2.2774792252381117e-07,0.6531387244782363,-8.072283485904677e-18,3.484002043364314e-18,-2.475638613972006e-06,0.9999999999969356
591.62,-1.1788114511850674e-06,-2.2774792252364733e-07,0.6510837879380561,-3.7658053481531874e-18,-2.0324302082284087e-18,-2.4756386141729537e-06,0.9999999999969356
591.64,-1.1788114511854837e-06,-2.2774792252390474e-07,0.6491423173163628,-1.1546694809016123e-17,9.30171821352694e-18,-2.4756386143776795e-06,0.9999999999969356
591.66,-1.1788114511854623e-06,-2.2774792252382637e-07,0.6472315863049486,-1.067530474243689e-17,9.365353454947634e-18,-2.475638614579518e-06,0.9999999999969356
591.68,-1.1788114511852186e-06,-2.277479225235934e-07,0.6453182937823104,-6.5958050937100725e-18,4.400341849891113e-18,-2.4756386147813817e-06,0.9999999999969356
591.7,-1.1788114511851967e-06,-2.277479225235152e-07,0.6434965646155884,-6.804511652622845e-18,5.249528205423469e-18,-2.4756386149845155e-06,0.9999999999969356
591.72,-1.1788114511846091e-06,-2.2774792252346156e-07,0.6416949493157648,-7.537032340362263e-18,-9.016349468893233e-18,-2.4756386151840887e-06,0.9999999999969356
591.74,-1.1788114511848764e-06,-2.2774792252310049e-07,0.6399520330242655,1.7998148464977314e-19,-9.84050198945483e-19,-2.475638615387972e-06,0.9999999999969356
591.76,-1.1788114511859972e-06,-2.2774792252285712e-07,0.6381293740140359,5.12414858515373e-18,2.9141053197317467e-17,-2.475638615593865e-06,0.9999999999969356
591.78,-1.178811451185425e-06,-2.2774792252321923e-07,0.6361592212645053,-5.5154139518023845e-18,1.5112772025949657e-17,-2.4756386157946965e-06,0.9999999999969356
591.8,-1.178811451185167e-06,-2.2774792252334512e-07,0.6340821364714005,-9.367684203946375e-18,1.161121552745644e-17,-2.475638615998491e-06,0.9999999999969356
591.82,-1.178811451185299e-06,-2.2774792252324554e-07,0.6320326221225084,-7.674991317833175e-18,1.87591552465393e-17,-2.475638616201694e-06,0.9999999999969356
591.84,-1.1788114511847118e-06,-2.2774792252308603e-07,0.6299206674501786,-5.199847360535245e-18,6.698245664287055e-18,-2.4756386164035853e-06,0.9999999999969356
591.86,-1.1788114511845532e-06,-2.2774792252325303e-07,0.6277523714105633,-1.1540657724694947e-17,6.055598170489978e-18,-2.475638616606297e-06,0.9999999999969356
591.88,-1.1788114511846618e-06,-2.2774792252319334e-07,0.625639449240302,-1.185499739278748e-17,1.2090071633442294e-17,-2.4756386168079893e-06,0.9999999999969356
591.9,-1.1788114511841178e-06,-2.2774792252301348e-07,0.6235561700900573,-9.62028427383427e-18,5.0858454218579403e-20,-2.4756386170099953e-06,0.9999999999969356
591.92,-1.1788114511837943e-06,-2.2774792252282875e-07,0.6215813973308987,-7.236626806863562e-18,-6.572436149965603e-18,-2.475638617212232e-06,0.9999999999969356
591.94,-1.1788114511837921e-06,-2.2774792252237214e-07,0.6195749697555583,2.550146361751871e-18,-5.4328433460620986e-18,-2.4756386174134786e-06,0.9999999999969356
591.96,-1.1788114511837824e-06,-2.2774792252271003e-07,0.6175339978619856,-8.71315522171017e-18,-6.203383110350151e-18,-2.475638617617073e-06,0.9999999999969356
591.98,-1.1788114511838525e-06,-2.2774792252237675e-07,0.6155479571032404,-6.722697059492286e-19,-4.977542849815479e-18,-2.4756386178185013e-06,0.9999999999969356
592.0,-1.1788114511842896e-06,-2.277479225223254e-07,0.6135724929977519,-1.1457870544872772e-18,5.9469244115953334e-18,-2.4756386180209524e-06,0.9999999999969356
592.02,-1.1788114511842493e-06,-2.2774792252282115e-07,0.611583420911757,-1.532048092702239e-17,3.92548696441182e-18,-2.4756386182245046e-06,0.9999999999969356
592.04,-1.17881145118397e-06,-2.277479225216223e-07,0.6096378466138347,1.582510797227621e-17,-3.240501666968871e-18,-2.475638618425733e-06,0.9999999999969356
592.06,-1.1788114511842606e-06,-2.277479225218719e-07,0.6076470828955337,7.644309525971553e-18,5.049245516672569e-18,-2.4756386186291902e-06,0.9999999999969356
592.08,-1.1788114511843758e-06,-2.2774792252204e-07,0.6055696415785362,4.245572471260903e-18,8.01445222850489e-18,-2.4756386188340977e-06,0.9999999999969356
592.1,-1.1788114511841246e-06,-2.277479225223188e-07,0.6034889836274755,-2.247149245145866e-18,2.227586090066142e-18,-2.4756386190338496e-06,0.9999999999969356
592.12,-1.1788114511839044e-06,-2.2774792252262572e-07,0.6014116710540228,-9.845295474815262e-18,-2.7614232820016337e-18,-2.4756386192356777e-06,0.9999999999969356
592.14,-1.1788114511838582e-06,-2.2774792252269955e-07,0.5994403019727702,-1.2106744449030775e-17,-3.5149047487005204e-18,-2.475638619438372e-06,0.9999999999969356
592.16,-1.178811451183922e-06,-2.2774792252245574e-07,0.5975236622022105,-7.064438770853191e-18,-1.593241451611711e-18,-2.475638619639192e-06,0.9999999999969356
592.18,-1.1788114511841966e-06,-2.2774792252236455e-07,0.5956010331608498,-6.709980836330609e-18,5.322567684285776e-18,-2.4756386198436847e-06,0.9999999999969356
592.2,-1.1788114511841926e-06,-2.2774792252211875e-07,0.5937190232702628,-1.9377606711993473e-18,5.3032104707430995e-18,-2.4756386200454564e-06,0.9999999999969356
592.22,-1.1788114511840367e-06,-2.277479225219859e-07,0.5918339319237089,-2.5194274141846587e-19,1.904507421420791e-18,-2.475638620247544e-06,0.9999999999969356
592.24,-1.1788114511841994e-06,-2.277479225220063e-07,0.5900236343858001,-1.77259012709185e-18,7.010407455811711e-18,-2.475638620451497e-06,0.9999999999969356
592.26,-1.1788114511841396e-06,-2.277479225219391e-07,0.5881910403868318,-6.486054782067187e-19,6.615806850313745e-18,-2.475638620652315e-06,0.9999999999969356
592.28,-1.1788114511840333e-06,-2.2774792252188756e-07,0.5862687775240284,9.4035329774697e-20,5.09850508380028e-18,-2.475638620856017e-06,0.9999999999969356
592.3,-1.1788114511841121e-06,-2.2774792252179844e-07,0.5843129004704432,2.1940626230346132e-18,8.664867942262882e-18,-2.4756386210582838e-06,0.9999999999969356
592.32,-1.178811451183931e-06,-2.2774792252180334e-07,0.582350197836215,2.0323743663192275e-18,5.742885610963735e-18,-2.475638621259491e-06,0.9999999999969356
592.34,-1.1788114511838326e-06,-2.2774792252183513e-07,0.5804547533629976,1.1719373537456584e-18,4.746316321814009e-18,-2.4756386214639728e-06,0.9999999999969356
592.36,-1.1788114511833496e-06,-2.2774792252226383e-07,0.5785359783873625,-9.98629129991338e-18,-6.636502562162364e-18,-2.475638621663951e-06,0.9999999999969356
592.38,-1.1788114511832863e-06,-2.277479225222487e-07,0.5765507032354081,-9.892376877778711e-18,-7.270998671092893e-18,-2.475638621863996e-06,0.9999999999969356
592.4,-1.1788114511833902e-06,-2.2774792252209726e-07,0.5745875042437047,-7.163416152344436e-18,-5.07845119782972e-18,-2.4756386220692557e-06,0.9999999999969356
592.42,-1.1788114511834015e-06,-2.277479225220089e-07,0.5726283619182637,-6.602898753255768e-18,-5.5812660646572e-18,-2.4756386222707653e-06,0.9999999999969356
592.44,-1.1788114511834055e-06,-2.2774792252192316e-07,0.5707576145769632,-6.2453509620273244e-18,-6.68410968054057e-18,-2.4756386224724316e-06,0.9999999999969356
592.46,-1.178811451183758e-06,-2.2774792252179576e-07,0.5689334329357005,-4.689187645940509e-18,1.3160353271948809e-18,-2.4756386226766775e-06,0.9999999999969356
592.48,-1.1788114511838392e-06,-2.277479225215726e-07,0.5671275388980497,-3.4115380003950316e-19,2.559968510806759e-18,-2.475638622878378e-06,0.9999999999969356
592.5,-1.1788114511833716e-06,-2.2774792252101734e-07,0.5653851822364708,1.3394993325175148e-17,-1.0788439152146353e-17,-2.4756386230810184e-06,0.9999999999969356
592.52,-1.1788114511835637e-06,-2.2774792252108725e-07,0.563639623774121,1.1621367157764418e-17,-6.3060036256123565e-18,-2.47563862328334e-06,0.9999999999969356
592.54,-1.1788114511838061e-06,-2.2774792252124398e-07,0.5619489209494392,9.048203519592419e-18,-1.1645618664828569e-18,-2.475638623484472e-06,0.9999999999969356
592.56,-1.1788114511835575e-06,-2.2774792252157895e-07,0.5602513034117608,2.1241900866740775e-18,-9.688837144872098e-18,-2.4756386236879713e-06,0.9999999999969356
592.58,-1.1788114511835598e-06,-2.277479225216686e-07,0.5584800971061423,1.829034805409347e-18,-1.0779798645936702e-17,-2.475638623889335e-06,0.9999999999969356
592.6,-1.1788114511849267e-06,-2.2774792252165037e-07,0.5566894550752158,3.572779656244478e-18,2.446953097827093e-17,-2.4756386240932956e-06,0.9999999999969356
592.62,-1.1788114511850115e-06,-2.2774792252175574e-07,0.5548361008601588,1.9391072175561e-18,2.5934925417072505e-17,-2.4756386242976863e-06,0.9999999999969356
592.64,-1.178811451183748e-06,-2.27747922521783e-07,0.5530080317918555,2.2733003048513426e-18,-5.2774023093452835e-18,-2.4756386244961275e-06,0.9999999999969356
592.66,-1.1788114511838e-06,-2.2774792252178896e-07,0.5512126868271972,2.935009625255327e-18,-8.489594241635589e-19,-2.475638624698646e-06,0.9999999999969356
592.68,-1.178811451183824e-06,-2.2774792252189278e-07,0.5493718163199763,1.0030234236610792e-18,7.393984583845553e-19,-2.4756386249016433e-06,0.9999999999969356
592.7,-1.178811451183386e-06,-2.27747922522072e-07,0.5474193217028815,-3.134379921886173e-18,-1.012181980102559e-17,-2.4756386251017883e-06,0.9999999999969356
592.72,-1.1788114511835611e-06,-2.2774792252185477e-07,0.5453695749710668,3.081959569949667e-18,-5.703740255302048e-18,-2.475638625305599e-06,0.9999999999969356
592.74,-1.1788114511832786e-06,-2.2774792252186485e-07,0.5433512384097865,3.0340976392326413e-18,-1.4363499895216006e-17,-2.4756386255064e-06,0.9999999999969356
592.76,-1.1788114511834305e-06,-2.2774792252165444e-07,0.5413291428430338,9.204856847929587e-18,-1.1866076648146681e-17,-2.475638625706445e-06,0.9999999999969356
592.78,-1.178811451183351e-06,-2.2774792252180188e-07,0.5392780500645853,6.092644150355918e-18,-1.70586173077333e-17,-2.475638625909475e-06,0.9999999999969356
592.8,-1.178811451183377e-06,-2.2774792252291173e-07,0.5372410976514365,-2.2604656907578793e-17,-1.9241721662080862e-17,-2.475638626107311e-06,0.9999999999969356
592.82,-1.178811451184176e-06,-2.2774792252270225e-07,0.535209096362726,-1.692921805857643e-17,-1.5990360529493214e-18,-2.47563862630971e-06,0.9999999999969356
592.84,-1.1788114511841676e-06,-2.277479225221311e-07,0.5333323198603874,-3.9327315449655946e-18,-5.833908947259925e-18,-2.4756386265131997e-06,0.9999999999969356
592.86,-1.1788114511834735e-06,-2.2774792252224678e-07,0.5316246476241416,-1.0042511307259025e-17,-2.69229078802859e-17,-2.475638626711944e-06,0.9999999999969356
592.88,-1.1788114511840276e-06,-2.2774792252213987e-07,0.5299699313854193,-9.526393110237128e-18,-1.562433109901645e-17,-2.4756386269152502e-06,0.9999999999969356
592.9,-1.1788114511843942e-06,-2.2774792252156077e-07,0.5283804917808224,3.511720569272088e-18,-1.0727945253855437e-17,-2.475638627118467e-06,0.9999999999969356
592.92,-1.1788114511847046e-06,-2.2774792252153157e-07,0.526772536684101,2.1789616058466188e-18,-6.639193713322713e-18,-2.4756386273195323e-06,0.9999999999969356
592.94,-1.1788114511851063e-06,-2.2774792252155934e-07,0.5251880724565127,8.174482456252209e-19,2.3726127303381584e-19,-2.4756386275245752e-06,0.9999999999969356
592.96,-1.178811451185014e-06,-2.2774792252173647e-07,0.5234930103088886,-4.439858582734384e-18,-4.764939040828871e-18,-2.4756386277251653e-06,0.9999999999969356
592.98,-1.1788114511854165e-06,-2.2774792252212285e-07,0.521624407939155,-1.5308532529941532e-17,4.477195853952982e-18,-2.4756386279273055e-06,0.9999999999969356
593.0,-1.178811451185278e-06,-2.277479225219632e-07,0.5195714193351101,-1.231074411695209e-17,-8.458698124744992e-19,-2.4756386281301136e-06,0.9999999999969356
593.02,-1.1788114511854106e-06,-2.2774792252204455e-07,0.5173647102970321,-1.6954557201340856e-17,2.8420791707671425e-18,-2.4756386283309493e-06,0.9999999999969356
593.04,-1.1788114511856037e-06,-2.2774792252205115e-07,0.5150279168491557,-2.021061010754554e-17,7.691448626314473e-18,-2.4756386285335355e-06,0.9999999999969356
593.06,-1.1788114511854096e-06,-2.277479225212205e-07,0.5125745956326514,-1.1419643495591802e-18,2.7780055518236103e-18,-2.475638628736107e-06,0.9999999999969356
593.08,-1.178811451185691e-06,-2.2774792252145706e-07,0.5100841983445108,-1.1476872855444127e-17,1.1584608186382205e-17,-2.475638628937126e-06,0.9999999999969356
593.1,-1.178811451185705e-06,-2.2774792252154126e-07,0.5076149743641224,-1.6178230956677917e-17,1.2913690881023783e-17,-2.4756386291403795e-06,0.9999999999969356
593.12,-1.1788114511854434e-06,-2.2774792252033937e-07,0.5052502145551259,1.3396554533795075e-17,8.084260784667324e-18,-2.475638629343369e-06,0.9999999999969356
593.14,-1.1788114511854235e-06,-2.2774792252091215e-07,0.502887091709891,-4.779813005857436e-18,1.0241389662542454e-17,-2.475638629544156e-06,0.9999999999969356
593.16,-1.1788114511852749e-06,-2.2774792252168388e-07,0.5004887140534077,-2.6169034196309095e-17,8.288910625788924e-18,-2.475638629746864e-06,0.9999999999969356
593.18,-1.1788114511847256e-06,-2.2774792251984677e-07,0.49812454066848455,2.2096215792969002e-17,-3.929360667391703e-18,-2.475638629947961e-06,0.9999999999969356
593.2,-1.178811451184249e-06,-2.2774792251941237e-07,0.4957612355781915,3.192463406828254e-17,-1.5216015942582042e-17,-2.4756386301493355e-06,0.9999999999969356
593.22,-1.17881145118435e-06,-2.27747922520641e-07,0.493472662399452,8.787271672620247e-19,-1.2666710789348998e-17,-2.475638630351519e-06,0.9999999999969356
593.24,-1.1788114511847787e-06,-2.277479225210736e-07,0.4911911640251142,-7.537492673846818e-18,-2.4391178242097575e-18,-2.47563863055285e-06,0.9999999999969356
593.26,-1.1788114511844725e-06,-2.2774792252089412e-07,0.488900352569395,-1.1249039499707253e-18,-1.3048025751315914e-17,-2.4756386307568047e-06,0.9999999999969356
593.28,-1.1788114511841595e-06,-2.2774792252142492e-07,0.48665706689583166,-1.5280749019909566e-17,-2.3402223981219324e-17,-2.475638630958459e-06,0.9999999999969356
593.3,-1.1788114511844734e-06,-2.2774792252097541e-07,0.48444938560516915,-3.5684483916479506e-18,-1.796811466984798e-17,-2.475638631160885e-06,0.9999999999969356
593.32,-1.1788114511847698e-06,-2.27747922520684e-07,0.48233856782272944,2.509947197934947e-18,-1.4638275104355036e-17,-2.475638631365879e-06,0.9999999999969356
593.34,-1.1788114511850112e-06,-2.2774792252058252e-07,0.48024917079808727,4.6156345637361066e-18,-1.2376580507898527e-17,-2.475638631565773e-06,0.9999999999969356
593.36,-1.1788114511850125e-06,-2.2774792251963972e-07,0.4781448114357865,3.0136371282725514e-17,-1.6737584530431223e-17,-2.475638631766954e-06,0.9999999999969356
593.38,-1.1788114511850502e-06,-2.277479225200839e-07,0.476025126677356,1.989786909155531e-17,-1.9941470641961567e-17,-2.475638631969145e-06,0.9999999999969356
593.4,-1.1788114511857702e-06,-2.2774792252034358e-07,0.47401791936244847,1.7417823749964136e-17,-4.830980231096769e-18,-2.475638632170598e-06,0.9999999999969356
593.42,-1.1788114511855226e-06,-2.277479225203438e-07,0.47206748339468957,2.2041914519437612e-17,-1.6198986089798603e-17,-2.475638632374568e-06,0.9999999999969356
593.44,-1.178811451185305e-06,-2.27747922521528e-07,0.4700505566001435,-5.053440002798486e-18,-2.5741470624550544e-17,-2.4756386325766685e-06,0.9999999999969356
593.46,-1.1788114511865874e-06,-2.277479225209875e-07,0.46791191836375867,1.4146831056591132e-17,5.097567672388409e-18,-2.47563863277855e-06,0.9999999999969356
593.48,-1.17881145118717e-06,-2.2774792252039488e-07,0.46565635449001624,3.2759559359252556e-17,1.6421753466812508e-17,-2.47563863298355e-06,0.9999999999969356
593.5,-1.178811451186359e-06,-2.2774792252186705e-07,0.4633629518069478,-3.063518755413236e-18,-6.5186056787815705e-18,-2.475638633182918e-06,0.9999999999969356
593.52,-1.1788114511868603e-06,-2.2774792252220025e-07,0.4611811456947336,-7.687981366966562e-18,7.368129563084264e-18,-2.475638633384976e-06,0.9999999999969356
593.54,-1.1788114511874217e-06,-2.2774792252153845e-07,0.45898998723450296,1.225879500179643e-17,2.224410783196249e-17,-2.475638633589888e-06,0.9999999999969356
593.56,-1.1788114511865999e-06,-2.2774792252165637e-07,0.45674014043730743,1.0211992311424755e-17,1.8006505953559592e-18,-2.4756386337893537e-06,0.9999999999969356
593.58,-1.1788114511867955e-06,-2.2774792252205832e-07,0.454482697275923,1.3925165686221623e-18,9.746178958861028e-18,-2.4756386339923244e-06,0.9999999999969356
593.6,-1.1788114511875382e-06,-2.2774792252195027e-07,0.45223549398418766,6.381853305205623e-18,3.187830275031775e-17,-2.4756386341971184e-06,0.9999999999969356
593.62,-1.178811451186637e-06,-2.2774792252191911e-07,0.450081198339528,8.683058847371127e-18,1.1209739188235428e-17,-2.475638634396784e-06,0.9999999999969356
593.64,-1.1788114511860057e-06,-2.2774792252190802e-07,0.44792649286713415,1.0875119574014598e-17,-1.229289986501146e-18,-2.4756386345989326e-06,0.9999999999969356
593.66,-1.17881145118672e-06,-2.2774792252181395e-07,0.445786154605157,1.5772207520316828e-17,2.1730000732003103e-17,-2.47563863480262e-06,0.9999999999969356
593.68,-1.1788114511861526e-06,-2.2774792252189984e-07,0.44374218966874984,1.62968920736194e-17,9.40364670149091e-18,-2.475638635004074e-06,0.9999999999969356
593.7,-1.1788114511853583e-06,-2.277479225222406e-07,0.44166470806705616,1.0644541804082231e-17,-8.658033078311679e-18,-2.47563863520618e-06,0.9999999999969356
593.72,-1.1788114511854047e-06,-2.2774792252241375e-07,0.4394866022607525,9.865126897522094e-18,-4.843646241140699e-18,-2.475638635406567e-06,0.9999999999969356
593.74,-1.1788114511857158e-06,-2.2774792252182822e-07,0.4372801412949326,2.893386668308379e-17,4.010353496766959e-18,-2.4756386356108456e-06,0.9999999999969356
593.76,-1.1788114511851264e-06,-2.277479225232174e-07,0.43506356855650696,-4.971526409737767e-18,-1.2086469778430955e-17,-2.4756386358149555e-06,0.9999999999969356
593.78,-1.1788114511850972e-06,-2.2774792252425401e-07,0.43278932995449954,-2.915156038353513e-17,-1.2650065970859859e-17,-2.475638636015013e-06,0.9999999999969356
593.8,-1.1788114511860294e-06,-2.277479225237367e-07,0.430420382868818,-1.4648588028899303e-17,1.0976681493183561e-17,-2.4756386362199525e-06,0.9999999999969356
593.82,-1.178811451185634e-06,-2.277479225236879e-07,0.4279549474975234,-1.5701292128431642e-17,-1.1897444594716945e-18,-2.4756386364216513e-06,0.9999999999969356
593.84,-1.178811451185223e-06,-2.2774792252419784e-07,0.42543636649862554,-3.256092754352576e-17,-1.1893631671459075e-17,-2.475638636620664e-06,0.9999999999969356
593.86,-1.1788114511856912e-06,-2.2774792252388164e-07,0.4229333050050368,-2.812494581297256e-17,-9.293786308844966e-20,-2.475638636825358e-06,0.9999999999969356
593.88,-1.1788114511850665e-06,-2.2774792252331224e-07,0.42057081618865344,-1.8792736637023705e-17,-1.839397668803034e-17,-2.4756386370246507e-06,0.9999999999969356
593.9,-1.1788114511850138e-06,-2.277479225231551e-07,0.41830967125185575,-2.0848597144047094e-17,-2.118620850863398e-17,-2.475638637225221e-06,0.9999999999969356
593.92,-1.178811451186306e-06,-2.277479225223916e-07,0.41608767365847055,-5.793857771415293e-18,1.044929672792159e-17,-2.475638637430995e-06,0.9999999999969356
593.94,-1.1788114511856236e-06,-2.2774792252174595e-07,0.41391266785427433,6.703947519336245e-18,-1.0846581324651283e-17,-2.475638637630535e-06,0.9999999999969356
593.96,-1.1788114511854483e-06,-2.277479225216603e-07,0.4117835808170624,6.0780167076190236e-18,-1.6884655295831138e-17,-2.475638637831932e-06,0.9999999999969356
593.98,-1.1788114511864093e-06,-2.2774792252198217e-07,0.4096516009591093,-3.539086167528888e-18,6.599561427114299e-18,-2.475638638035732e-06,0.9999999999969356
594.0,-1.1788114511857314e-06,-2.2774792252231846e-07,0.40750717175739115,-1.3144404256686685e-17,-1.403513632609424e-17,-2.4756386382351108e-06,0.9999999999969356
594.02,-1.1788114511848772e-06,-2.277479225220965e-07,0.40532482536521863,-8.261260013371345e-18,-3.903182517732728e-17,-2.475638638435518e-06,0.9999999999969356
594.04,-1.1788114511866727e-06,-2.2774792252183947e-07,0.403181253967502,-3.224956831202561e-18,6.151013323190136e-18,-2.475638638638227e-06,0.9999999999969356
594.06,-1.1788114511872258e-06,-2.2774792252155833e-07,0.40103066928950915,2.6196612055610617e-18,1.647248153876749e-17,-2.4756386388415233e-06,0.9999999999969356
594.08,-1.1788114511864292e-06,-2.2774792252150735e-07,0.3988257675750096,2.8442061718078612e-18,-6.621233987173669e-18,-2.4756386390436143e-06,0.9999999999969356
594.1,-1.1788114511861818e-06,-2.277479225220579e-07,0.3965352745170686,-1.247968391207671e-17,-1.3133689865318671e-17,-2.4756386392437424e-06,0.9999999999969356
594.12,-1.178811451186391e-06,-2.2774792252182692e-07,0.3942096447329425,-6.760964097972486e-18,-8.691244397100148e-18,-2.4756386394459435e-06,0.9999999999969356
594.14,-1.1788114511863438e-06,-2.2774792252122306e-07,0.3919967310035777,8.223686232055494e-18,-1.2128696898878439e-17,-2.4756386396505642e-06,0.9999999999969356
594.16,-1.178811451186661e-06,-2.2774792252098132e-07,0.3898804574873053,1.393946748220947e-17,-5.553758059993632e-18,-2.4756386398519052e-06,0.9999999999969356
594.18,-1.1788114511867722e-06,-2.2774792252123437e-07,0.3877722134641444,7.889007012980766e-18,-5.3485470312616316e-18,-2.475638640055518e-06,0.9999999999969356
594.2,-1.178811451186824e-06,-2.2774792252157077e-07,0.38564166885784773,5.956837008556043e-19,-5.9510894879687545e-18,-2.4756386402568293e-06,0.9999999999969356
594.22,-1.1788114511868794e-06,-2.277479225218565e-07,0.3834753650874507,-5.673852428115475e-18,-6.1652270047184036e-18,-2.4756386404567787e-06,0.9999999999969356
594.24,-1.1788114511870022e-06,-2.277479225214775e-07,0.38132241407004586,5.37812129205163e-18,-4.856312557103166e-18,-2.475638640660302e-06,0.9999999999969356
594.26,-1.1788114511873306e-06,-2.2774792252124898e-07,0.37921533864241624,1.1911699861326184e-17,2.6211549011403234e-18,-2.4756386408623736e-06,0.9999999999969356
594.28,-1.178811451187283e-06,-2.2774792252122974e-07,0.37712376212413823,1.3709096063937308e-17,1.704089604335941e-19,-2.4756386410641834e-06,0.9999999999969356
594.3,-1.1788114511871439e-06,-2.2774792252168854e-07,0.37506735379985234,3.4228799384072726e-18,-4.3685531106836136e-18,-2.475638641265959e-06,0.9999999999969356
594.32,-1.1788114511870577e-06,-2.2774792252172485e-07,0.3730223897322059,5.0461592712001804e-18,-7.074505641045335e-18,-2.4756386414666766e-06,0.9999999999969356
594.34,-1.1788114511869283e-06,-2.2774792252051997e-07,0.3711021738146545,3.9693296222009325e-17,-1.1850782822780901e-17,-2.4756386416703325e-06,0.9999999999969356
594.36,-1.1788114511873012e-06,-2.2774792252168994e-07,0.3692883008425742,1.1726931751530962e-17,-3.471805417282183e-18,-2.4756386418725587e-06,0.9999999999969356
594.38,-1.1788114511875138e-06,-2.2774792252212285e-07,0.3674934821934294,6.0760488956724695e-18,3.072225332611364e-19,-2.475638642073443e-06,0.9999999999969356
594.4,-1.178811451187138e-06,-2.277479225205244e-07,0.3657697662975916,5.380948668768517e-17,-1.1563316459484607e-17,-2.4756386422776623e-06,0.9999999999969356
594.42,-1.178811451187501e-06,-2.2774792252166432e-07,0.3639732325263548,2.870670896432512e-17,-3.002542426713234e-18,-2.475638642479181e-06,0.9999999999969356
594.44,-1.1788114511874075e-06,-2.277479225232182e-07,0.36202984874776406,-4.4581937907852076e-18,-7.507696866650566e-18,-2.475638642680112e-06,0.9999999999969356
594.46,-1.178811451187356e-06,-2.2774792252210647e-07,0.3599298626111751,3.254757701606238e-17,-1.0619234037651451e-17,-2.475638642885038e-06,0.9999999999969356
594.48,-1.1788114511876474e-06,-2.2774792252265696e-07,0.3577692540002641,2.2940523587529478e-17,-4.514680674227478e-18,-2.475638643086876e-06,0.9999999999969356
594.5,-1.1788114511875182e-06,-2.2774792252296057e-07,0.3556018299929799,2.1315316689818775e-17,-1.027407610008692e-17,-2.4756386432892285e-06,0.9999999999969356
594.52,-1.1788114511879344e-06,-2.2774792252345537e-07,0.35354116766241345,1.43667856740091e-17,-1.0395858916765486e-18,-2.4756386434928785e-06,0.9999999999969356
594.54,-1.178811451188246e-06,-2.27747922524085e-07,0.3514568397457973,3.2815041596584112e-18,5.717565149492636e-18,-2.4756386436944757e-06,0.9999999999969356
594.56,-1.1788114511880203e-06,-2.277479225241148e-07,0.3492751811136655,7.063014815810185e-18,-1.6253203517696499e-18,-2.4756386438986593e-06,0.9999999999969356
594.58,-1.1788114511876637e-06,-2.277479225237898e-07,0.3469725207201112,1.9208662305930497e-17,-1.1467606534607813e-17,-2.4756386441016406e-06,0.9999999999969356
594.6,-1.178811451188015e-06,-2.2774792252415864e-07,0.3446125846627274,1.2286459276693117e-17,-2.464522463240553e-18,-2.4756386443027923e-06,0.9999999999969356
594.62,-1.1788114511881055e-06,-2.2774792252443623e-07,0.3422453307012123,8.71079364883846e-18,-1.783230865212923e-18,-2.475638644505351e-06,0.9999999999969356
594.64,-1.1788114511878634e-06,-2.2774792252389402e-07,0.33996366300357533,2.6845311902155484e-17,-9.048057498822678e-18,-2.4756386447052045e-06,0.9999999999969356
594.66,-1.1788114511881281e-06,-2.2774792252496904e-07,0.33767092482754885,1.1969132889967677e-18,-3.043470373439077e-18,-2.475638644905288e-06,0.9999999999969356
594.68,-1.1788114511878937e-06,-2.2774792252520033e-07,0.33530942062863206,-6.47961099074562e-19,-1.111807168508681e-17,-2.4756386451073745e-06,0.9999999999969356
594.7,-1.178811451188052e-06,-2.2774792252529838e-07,0.33296775022695857,-1.3936295919028683e-18,-8.07558610605419e-18,-2.4756386453073522e-06,0.9999999999969356
594.72,-1.178811451188337e-06,-2.2774792252551853e-07,0.33064735234969633,-6.145051660904565e-18,-2.622948705970157e-18,-2.4756386455103424e-06,0.9999999999969356
594.74,-1.178811451188405e-06,-2.2774792252544732e-07,0.328391451647201,-3.857468491444187e-18,-2.5979930412216357e-18,-2.475638645712566e-06,0.9999999999969356
594.76,-1.1788114511885095e-06,-2.2774792252542567e-07,0.32615650428852094,-3.7571696153247765e-18,-9.132238628158983e-19,-2.475638645914392e-06,0.9999999999969356
594.78,-1.1788114511885427e-06,-2.2774792252540082e-07,0.3238980281900936,-3.7465648567013195e-18,-1.2886544357778501e-18,-2.475638646118249e-06,0.9999999999969356
594.8,-1.1788114511885074e-06,-2.2774792252530772e-07,0.3216319401927717,-1.985715269764293e-18,-2.848833472523471e-18,-2.4756386463203752e-06,0.9999999999969356
594.82,-1.1788114511884574e-06,-2.2774792252531071e-07,0.3193799029984773,-2.972884308234381e-18,-4.779860474066658e-18,-2.4756386465224854e-06,0.9999999999969356
594.84,-1.1788114511892293e-06,-2.2774792252532302e-07,0.3172269198621036,-4.0977115494034564e-18,1.533081713307938e-17,-2.4756386467272933e-06,0.9999999999969356
594.86,-1.1788114511891454e-06,-2.2774792252532342e-07,0.3151632143006611,-4.9697441264925534e-18,1.3190251232124343e-17,-2.4756386469289383e-06,0.9999999999969356
594.88,-1.1788114511888235e-06,-2.2774792252502918e-07,0.3131374106840671,1.8887123035702914e-18,6.395087663445079e-18,-2.4756386471317833e-06,0.9999999999969356
594.9,-1.1788114511895657e-06,-2.2774792252506491e-07,0.31116069581120775,1.127190300188153e-19,2.881048016211392e-17,-2.4756386473367347e-06,0.9999999999969356
594.92,-1.1788114511891102e-06,-2.2774792252514244e-07,0.3091606883318175,-2.3310815463509928e-18,1.9832131998264337e-17,-2.4756386475379178e-06,0.9999999999969356
594.94,-1.1788114511885247e-06,-2.2774792252465863e-07,0.30720256276846314,1.0688206706684108e-17,8.98589027387154e-18,-2.4756386477422124e-06,0.9999999999969356
594.96,-1.1788114511888146e-06,-2.2774792252470183e-07,0.30528252520759475,9.815779594245808e-18,2.1716914434613543e-17,-2.4756386479442725e-06,0.9999999999969356
594.98,-1.1788114511883682e-06,-2.2774792252472735e-07,0.3033632071442264,1.0657319052676806e-17,1.4179723903048097e-17,-2.475638648146944e-06,0.9999999999969356
595.0,-1.1788114511879062e-06,-2.2774792252456734e-07,0.3014825538964113,1.7213303472062976e-17,6.380489246064669e-18,-2.475638648351748e-06,0.9999999999969356
595.02,-1.178811451187982e-06,-2.2774792252468518e-07,0.29960393481528197,1.7041146978921314e-17,1.2809727948581566e-17,-2.475638648554374e-06,0.9999999999969356
595.04,-1.1788114511879227e-06,-2.2774792252504948e-07,0.297838648335017,1.1035901519736195e-17,1.4705829786828255e-17,-2.4756386487577486e-06,0.9999999999969356
595.06,-1.1788114511878441e-06,-2.2774792252529443e-07,0.2961445424081472,8.553512398204445e-18,1.6420589233625648e-17,-2.4756386489616463e-06,0.9999999999969356
595.08,-1.178811451187395e-06,-2.2774792252555802e-07,0.2944398284264741,4.9650879794820625e-18,8.60790092423881e-18,-2.4756386491625032e-06,0.9999999999969356
595.1,-1.1788114511871208e-06,-2.277479225257446e-07,0.2927584486597694,2.860871849386658e-18,5.048175100519289e-18,-2.47563864936635e-06,0.9999999999969356
595.12,-1.1788114511868703e-06,-2.2774792252593175e-07,0.29097294700878973,2.132485731259516e-20,1.381390769152544e-18,-2.475638649567953e-06,0.9999999999969356
595.14,-1.1788114511866803e-06,-2.277479225260612e-07,0.28908274717317245,-2.115247685906361e-18,-1.3794636664559907e-18,-2.475638649768991e-06,0.9999999999969356
595.16,-1.1788114511866532e-06,-2.2774792252598485e-07,0.2872147821642061,7.368850890103746e-19,-1.0880324946110173e-18,-2.4756386499732853e-06,0.9999999999969356
595.18,-1.1788114511865037e-06,-2.277479225261018e-07,0.285343194987828,-2.1682357594924993e-18,-4.4496780965295334e-18,-2.475638650174567e-06,0.9999999999969356
595.2,-1.17881145118661e-06,-2.2774792252606468e-07,0.2835721815682912,-1.0836821207972568e-18,-1.4906465784766817e-18,-2.4756386503769202e-06,0.9999999999969356
595.22,-1.1788114511869946e-06,-2.2774792252585596e-07,0.28183540926137896,4.4883131297688315e-18,8.40072089363578e-18,-2.4756386505817887e-06,0.9999999999969356
595.24,-1.178811451187053e-06,-2.2774792252581015e-07,0.2801073425645514,5.825553457812934e-18,1.0439971582266272e-17,-2.475638650783323e-06,0.9999999999969356
595.26,-1.1788114511864002e-06,-2.2774792252630598e-07,0.2784264749272619,-7.094671407206855e-18,-6.1677480308640685e-18,-2.475638650985599e-06,0.9999999999969356
595.28,-1.1788114511861115e-06,-2.2774792252646255e-07,0.2767000969682269,-1.0834267540757037e-17,-1.294141116316906e-17,-2.4756386511878357e-06,0.9999999999969356
595.3,-1.178811451186239e-06,-2.2774792252572772e-07,0.2749279437156438,8.188385330469444e-18,-9.945128009683787e-18,-2.475638651389004e-06,0.9999999999969356
595.32,-1.178811451186442e-06,-2.2774792252583995e-07,0.2731895599816278,4.323033817917245e-18,-6.52595605407111e-18,-2.475638651592585e-06,0.9999999999969356
595.34,-1.1788114511864188e-06,-2.2774792252591642e-07,0.2713603981923058,2.9740655874045604e-18,-9.2468773378184e-18,-2.4756386517932097e-06,0.9999999999969356
595.36,-1.1788114511863563e-06,-2.2774792252541897e-07,0.2694541798269811,1.706201590027469e-17,-1.31066755153016e-17,-2.475638651994263e-06,0.9999999999969356
595.38,-1.1788114511866966e-06,-2.277479225261488e-07,0.2675722436498229,-1.0988640354734968e-18,-6.673669850924818e-18,-2.475638652198012e-06,0.9999999999969356
595.4,-1.1788114511869457e-06,-2.2774792252625627e-07,0.2656065128124611,-1.8103761625238583e-18,-2.4918901888911284e-18,-2.4756386523997408e-06,0.9999999999969356
595.42,-1.178811451186665e-06,-2.2774792252584262e-07,0.2635054068874809,1.0306823154774535e-17,-1.252069857178329e-17,-2.4756386526032345e-06,0.9999999999969356
595.44,-1.178811451186598e-06,-2.2774792252608276e-07,0.26132035844587115,4.96012700820708e-18,-1.6408071626101932e-17,-2.4756386528052485e-06,0.9999999999969356
595.46,-1.1788114511868868e-06,-2.277479225261722e-07,0.2591373093701023,4.1540535939679544e-18,-1.1448520586048529e-17,-2.4756386530070956e-06,0.9999999999969356
595.48,-1.178811451186372e-06,-2.2774792252598262e-07,0.25713048283050144,1.0795979429885394e-17,-2.914455183684851e-17,-2.4756386532103555e-06,0.9999999999969356
595.5,-1.1788114511868165e-06,-2.277479225259701e-07,0.2552259216464642,1.2986147444349738e-17,-2.1518017577120776e-17,-2.475638653412642e-06,0.9999999999969356
595.52,-1.178811451187432e-06,-2.2774792252619165e-07,0.25330077141003343,9.397181024308815e-18,-1.0538294057540544e-17,-2.4756386536143936e-06,0.9999999999969356
595.54,-1.1788114511875299e-06,-2.2774792252639216e-07,0.25127077485855104,6.769971377414361e-18,-1.3527969836626788e-17,-2.4756386538179467e-06,0.9999999999969356
595.56,-1.1788114511877347e-06,-2.2774792252648182e-07,0.24911087274439989,6.998837628027393e-18,-1.2154479402405775e-17,-2.475638654019182e-06,0.9999999999969356
595.58,-1.1788114511883346e-06,-2.2774792252642406e-07,0.24687133286825283,1.0747974687555331e-17,1.0360567186307877e-20,-2.4756386542228792e-06,0.9999999999969356
595.6,-1.1788114511884288e-06,-2.2774792252675292e-07,0.24459999250942008,4.1548500634171844e-18,-8.224278707161904e-19,-2.4756386544264924e-06,0.9999999999969356
595.62,-1.178811451188262e-06,-2.277479225269463e-07,0.24241515157751634,1.2201708411664582e-18,-6.975589954559243e-18,-2.4756386546261033e-06,0.9999999999969356
595.64,-1.17881145118836e-06,-2.27747922526855e-07,0.24020667677243376,5.298908797476602e-18,-6.002833205769375e-18,-2.475638654829575e-06,0.9999999999969356
595.66,-1.178811451188431e-06,-2.2774792252675776e-07,0.23795228103067237,9.377159825732036e-18,-5.807456408177428e-18,-2.4756386550330447e-06,0.9999999999969356
595.68,-1.1788114511885254e-06,-2.277479225270412e-07,0.23575715743130568,3.125294281845005e-18,-4.6653215560910145e-18,-2.4756386552346864e-06,0.9999999999969356
595.7,-1.1788114511888246e-06,-2.2774792252750633e-07,0.2336036446862184,-7.845129658633697e-18,1.6711713882688817e-18,-2.475638655438951e-06,0.9999999999969356
595.72,-1.1788114511885288e-06,-2.2774792252714306e-07,0.23155694510310657,2.897124777473832e-18,-7.409901862108101e-18,-2.4756386556400683e-06,0.9999999999969356
595.74,-1.1788114511887964e-06,-2.2774792252733396e-07,0.22948143498584206,-2.534032293092504e-18,-8.307677481655953e-19,-2.475638655842949e-06,0.9999999999969356
595.76,-1.1788114511893146e-06,-2.2774792252754667e-07,0.22738251277609844,-8.055247480973103e-18,1.1946957555854133e-17,-2.4756386560481124e-06,0.9999999999969356
595.78,-1.1788114511886266e-06,-2.2774792252739113e-07,0.22537697749513613,-4.563616616944966e-18,-6.519984616988973e-18,-2.4756386562476586e-06,0.9999999999969356
595.8,-1.1788114511885074e-06,-2.2774792252729216e-07,0.22340583893702473,-3.0813811108734516e-18,-9.243096021752829e-18,-2.4756386564495603e-06,0.9999999999969356
595.82,-1.1788114511896235e-06,-2.2774792252715147e-07,0.22150384891528493,-3.0030038155131756e-19,2.0318022486639912e-17,-2.4756386566544144e-06,0.9999999999969356
595.84,-1.1788114511896458e-06,-2.277479225272974e-07,0.21953934552402596,-5.331846560189509e-18,2.121314289972289e-17,-2.4756386568564796e-06,0.9999999999969356
595.86,-1.178811451189115e-06,-2.2774792252794295e-07,0.2174485943652471,-2.3856607972661568e-17,9.165660241471468e-18,-2.475638657058372e-06,0.9999999999969356
595.88,-1.1788114511893044e-06,-2.2774792252764357e-07,0.21521507079115387,-1.7586313669659038e-17,1.7787386470069418e-17,-2.4756386572612165e-06,0.9999999999969356
595.9,-1.1788114511888352e-06,-2.2774792252744193e-07,0.2129277503609033,-1.6014825789068047e-17,8.429958112380389e-18,-2.4756386574631716e-06,0.9999999999969356
595.92,-1.1788114511882566e-06,-2.277479225273132e-07,0.21074680026610224,-1.6452778060927546e-17,-3.917544163566582e-18,-2.4756386576659513e-06,0.9999999999969356
595.94,-1.178811451188928e-06,-2.2774792252632726e-07,0.20855421646796526,6.205880462403476e-18,1.7078802850395252e-17,-2.4756386578689986e-06,0.9999999999969356
595.96,-1.178811451188883e-06,-2.2774792252608985e-07,0.20635702384502158,9.3129243170731e-18,1.764400950645005e-17,-2.4756386580727156e-06,0.9999999999969356
595.98,-1.1788114511875155e-06,-2.2774792252665803e-07,0.20427080098539888,-6.875508264226781e-18,-1.644659706100252e-17,-2.475638658274371e-06,0.9999999999969356
596.0,-1.1788114511876508e-06,-2.2774792252660596e-07,0.20223603469428647,-5.779608814972362e-18,-1.0139590140195328e-17,-2.475638658474899e-06,0.9999999999969356
596.02,-1.1788114511885605e-06,-2.2774792252677253e-07,0.20029742123564756,-1.1448035115011294e-17,1.3856366590278846e-17,-2.475638658680632e-06,0.9999999999969356
596.04,-1.1788114511881336e-06,-2.2774792252641498e-07,0.19834093705363953,-3.1236042638038994e-18,2.021132998845762e-18,-2.4756386588830017e-06,0.9999999999969356
596.06,-1.1788114511873395e-06,-2.2774792252623988e-07,0.1963697700522204,-3.9608900556586564e-19,-1.8312613256625682e-17,-2.4756386590826575e-06,0.9999999999969356
596.08,-1.178811451187972e-06,-2.2774792252658875e-07,0.19445133356437305,-1.1031223572891018e-17,-1.7882768854969398e-18,-2.4756386592861233e-06,0.9999999999969356
596.1,-1.178811451188403e-06,-2.277479225261506e-07,0.1924918714541803,-4.072752328713192e-19,8.489933354142977e-18,-2.475638659488207e-06,0.9999999999969356
596.12,-1.1788114511875187e-06,-2.2774792252594803e-07,0.19043603422511585,3.4146672639007998e-18,-1.626965802786585e-17,-2.475638659689419e-06,0.9999999999969356
596.14,-1.1788114511874043e-06,-2.277479225260724e-07,0.18826156447356276,-6.510297505800849e-19,-1.9973875625541408e-17,-2.4756386598913965e-06,0.9999999999969356
596.16,-1.1788114511885243e-06,-2.2774792252574725e-07,0.18604531779143235,7.995392191369598e-18,8.133582163915277e-18,-2.4756386600954984e-06,0.9999999999969356
596.18,-1.1788114511878221e-06,-2.2774792252586314e-07,0.18391585051561446,5.0830651277466456e-18,-1.3499512139686266e-17,-2.475638660297425e-06,0.9999999999969356
596.2,-1.1788114511879687e-06,-2.2774792252549465e-07,0.18175736426926306,1.6307456625467542e-17,-1.0765686857043397e-17,-2.4756386604987327e-06,0.9999999999969356
596.22,-1.1788114511888318e-06,-2.277479225253475e-07,0.1795092693193685,2.1880769020265405e-17,1.0583176079566004e-17,-2.475638660700617e-06,0.9999999999969356
596.24,-1.1788114511885269e-06,-2.277479225261828e-07,0.17726102489038537,2.3612405969715e-18,6.746411646618097e-19,-2.4756386609031825e-06,0.9999999999969356
596.26,-1.178811451188668e-06,-2.2774792252626307e-07,0.17506947993362731,3.679169287212005e-18,4.608215975861289e-18,-2.4756386611048098e-06,0.9999999999969356
596.28,-1.1788114511885288e-06,-2.277479225265396e-07,0.173007829295648,-1.7714983439251666e-18,1.0918958008320615e-18,-2.475638661305472e-06,0.9999999999969356
596.3,-1.1788114511883517e-06,-2.2774792252677722e-07,0.17095831991625784,-6.782929627498823e-18,-3.448538390324519e-18,-2.475638661508914e-06,0.9999999999969356
596.32,-1.1788114511886279e-06,-2.2774792252643507e-07,0.1688532707700872,2.9885289701535455e-18,4.518507744371051e-18,-2.475638661709569e-06,0.9999999999969356
596.34,-1.1788114511882706e-06,-2.2774792252634206e-07,0.16672806549783323,5.253905510219257e-18,-5.290281797041954e-18,-2.475638661912486e-06,0.9999999999969356
596.36,-1.1788114511880584e-06,-2.277479225266852e-07,0.16460719525065315,-3.5632344503146495e-18,-1.102553216681172e-17,-2.47563866211452e-06,0.9999999999969356
596.38,-1.1788114511886272e-06,-2.2774792252654534e-07,0.16258139975474187,6.452319866434563e-19,3.696722809983041e-18,-2.4756386623160936e-06,0.9999999999969356
596.4,-1.1788114511885783e-06,-2.2774792252685088e-07,0.16063240089152514,-7.780588675192056e-18,1.032912592494222e-18,-2.4756386625197046e-06,0.9999999999969356
596.42,-1.1788114511885641e-06,-2.2774792252667454e-07,0.15868161635716743,-3.216060324283384e-18,4.578628448308985e-19,-2.475638662721328e-06,0.9999999999969356
596.44,-1.178811451188777e-06,-2.2774792252631924e-07,0.15670025332290458,5.364452486176772e-18,6.351106893302145e-18,-2.4756386629235568e-06,0.9999999999969356
596.46,-1.178811451188727e-06,-2.2774792252642096e-07,0.15464758264292747,2.1560985447642957e-18,4.995673887211787e-18,-2.475638663128004e-06,0.9999999999969356
596.48,-1.1788114511881438e-06,-2.277479225265062e-07,0.15251298541362168,4.227553533416136e-20,-9.886153685892644e-18,-2.4756386633285143e-06,0.9999999999969356
596.5,-1.1788114511881595e-06,-2.2774792252624142e-07,0.15035071865120117,7.384869140304169e-18,-9.104822414911845e-18,-2.4756386635298134e-06,0.9999999999969356
596.52,-1.178811451188818e-06,-2.2774792252657007e-07,0.14818624965294339,-1.1321578976251118e-18,7.635589070610917e-18,-2.475638663734751e-06,0.9999999999969356
596.54,-1.178811451188237e-06,-2.2774792252657205e-07,0.14612967239415525,-2.4036813547214753e-19,-8.830001266175448e-18,-2.4756386639342827e-06,0.9999999999969356
596.56,-1.1788114511875087e-06,-2.2774792252614808e-07,0.1440757610351117,1.1471184381404542e-17,-2.9173567190464065e-17,-2.475638664136372e-06,0.9999999999969356
596.58,-1.1788114511882086e-06,-2.2774792252663518e-07,0.14199065566134278,-9.071432586442699e-19,-1.2629996355803943e-17,-2.4756386643392495e-06,0.9999999999969356
596.6,-1.178811451188521e-06,-2.2774792252668005e-07,0.1399360298847047,-1.0431429377248847e-18,-8.051912747105366e-18,-2.475638664540392e-06,0.9999999999969356
596.62,-1.1788114511886018e-06,-2.2774792252663592e-07,0.13789442019793532,7.040118752875901e-19,-9.71195678202534e-18,-2.4756386647440623e-06,0.9999999999969356
596.64,-1.1788114511887551e-06,-2.277479225266795e-07,0.13598568603171987,-2.1163936207518033e-19,-8.511618488913925e-18,-2.475638664944967e-06,0.9999999999969356
596.66,-1.1788114511890658e-06,-2.277479225267929e-07,0.13422264536838965,-3.14868401768724e-18,-2.967389201588879e-18,-2.4756386651463487e-06,0.9999999999969356
596.68,-1.1788114511893243e-06,-2.2774792252680753e-07,0.1325096517489485,-3.660026864927893e-18,1.3487036353579665e-18,-2.475638665350493e-06,0.9999999999969356
596.7,-1.1788114511890035e-06,-2.2774792252660286e-07,0.1308679128383654,1.5394971424226556e-18,-8.712134204414843e-18,-2.475638665550184e-06,0.9999999999969356
596.72,-1.1788114511891338e-06,-2.2774792252665903e-07,0.12921675969649926,-5.502113372762314e-19,-6.534478684584015e-18,-2.4756386657535184e-06,0.9999999999969356
596.74,-1.1788114511896134e-06,-2.277479225270397e-07,0.1276713150892601,-1.0927985561106487e-17,4.54059466578992e-18,-2.4756386659568804e-06,0.9999999999969356
596.76,-1.178811451188934e-06,-2.2774792252633771e-07,0.12619404925026514,7.443592371967637e-18,-1.4999093781076565e-17,-2.475638666156186e-06,0.9999999999969356
596.78,-1.1788114511887475e-06,-2.2774792252559733e-07,0.12468574915537248,2.678696390730875e-17,-2.1640213708827445e-17,-2.4756386663594557e-06,0.9999999999969356
596.8,-1.1788114511895342e-06,-2.2774792252686354e-07,0.12319880547527193,-5.75761750177821e-18,-3.4621817441619644e-18,-2.47563866656127e-06,0.9999999999969356
596.82,-1.1788114511896634e-06,-2.2774792252672446e-07,0.12160702437355014,8.291252691541562e-19,-3.529760549129956e-18,-2.475638666762782e-06,0.9999999999969356
596.84,-1.1788114511894436e-06,-2.277479225260017e-07,0.11987878487766451,2.1397400545775103e-17,-1.222744975897214e-17,-2.475638666967137e-06,0.9999999999969356
596.86,-1.1788114511898594e-06,-2.2774792252731066e-07,0.11800913539693689,-1.2406822035274739e-17,-3.113283686731203e-18,-2.475638667167939e-06,0.9999999999969356
596.88,-1.178811451189991e-06,-2.2774792252742613e-07,0.11598334679684402,-1.357325685864514e-17,-2.0858960103730165e-18,-2.4756386673706343e-06,0.9999999999969356
596.9,-1.1788114511898256e-06,-2.2774792252695896e-07,0.11380900510654096,-1.4596367886162386e-18,-8.422135294035993e-18,-2.4756386675738477e-06,0.9999999999969356
596.92,-1.178811451190091e-06,-2.2774792252800706e-07,0.11158741473390899,-3.1147441435540476e-17,-2.5534997698698713e-18,-2.4756386677738186e-06,0.9999999999969356
596.94,-1.1788114511903677e-06,-2.2774792252759053e-07,0.1093455673021505,-2.2112067926082588e-17,3.215214826173319e-18,-2.4756386679766873e-06,0.9999999999969356
596.96,-1.1788114511902533e-06,-2.2774792252701928e-07,0.10704873702583734,-1.1116248322429117e-17,-9.714084438458526e-19,-2.4756386681788626e-06,0.9999999999969356
596.98,-1.178811451189854e-06,-2.2774792252686425e-07,0.1046607185170976,-1.1528196654525673e-17,-1.1971704506480963e-17,-2.4756386683791414e-06,0.9999999999969356
597.0,-1.1788114511901714e-06,-2.2774792252696457e-07,0.10220031267560438,-1.8083735441928725e-17,-4.440292078340786e-18,-2.4756386685827724e-06,0.9999999999969356
597.02,-1.1788114511900613e-06,-2.277479225264023e-07,0.0997834877291909,-6.5966755658034234e-18,-8.865488470549779e-18,-2.4756386687839025e-06,0.9999999999969356
597.04,-1.1788114511901188e-06,-2.277479225267776e-07,0.09737283554126874,-2.0872987444544085e-17,-8.743083660361352e-18,-2.475638668985429e-06,0.9999999999969356
597.06,-1.1788114511906057e-06,-2.2774792252721738e-07,0.09493709490161537,-3.6438685507408655e-17,2.4480898548366215e-18,-2.4756386691903538e-06,0.9999999999969356
597.08,-1.178811451190783e-06,-2.277479225268891e-07,0.0924562967308016,-3.269832057486465e-17,5.891395034109436e-18,-2.47563866939087e-06,0.9999999999969356
597.1,-1.1788114511906343e-06,-2.277479225265733e-07,0.08998811083299117,-3.115454243718401e-17,1.367469064915228e-18,-2.475638669593794e-06,0.9999999999969356
597.12,-1.1788114511906351e-06,-2.277479225260894e-07,0.08765422732291377,-2.5614591531769138e-17,1.4729426598379845e-18,-2.4756386697975493e-06,0.9999999999969356
597.14,-1.1788114511905894e-06,-2.2774792252569246e-07,0.08538705366924915,-2.2607795849374485e-17,7.761344530541014e-19,-2.4756386699981212e-06,0.9999999999969356
597.16,-1.1788114511906946e-06,-2.2774792252500054e-07,0.08311551964554882,-1.0998151845003253e-17,3.719672950289457e-18,-2.4756386702031265e-06,0.9999999999969356
597.18,-1.178811451190606e-06,-2.2774792252441638e-07,0.08078224318624737,-1.2612991404447005e-18,1.737462443829834e-18,-2.475638670405195e-06,0.9999999999969356
597.2,-1.1788114511906677e-06,-2.277479225245208e-07,0.07841536743380204,-8.587220673702997e-18,4.221323894436528e-18,-2.4756386706073734e-06,0.9999999999969356
597.22,-1.1788114511905953e-06,-2.277479225244844e-07,0.07606181679665021,-1.0438440260815672e-17,2.5200490514283962e-18,-2.475638670810765e-06,0.9999999999969356
597.24,-1.1788114511901176e-06,-2.2774792252348634e-07,0.07385708182432446,1.3901133148965694e-17,-9.431828200226886e-18,-2.4756386710102544e-06,0.9999999999969356
597.26,-1.1788114511906055e-06,-2.2774792252382663e-07,0.07166926625823256,2.778837671223104e-18,4.0400002814840715e-18,-2.475638671212577e-06,0.9999999999969356
597.28,-1.1788114511912852e-06,-2.277479225246655e-07,0.06944887532430945,-1.9810096293983473e-17,2.1992757220926182e-17,-2.475638671414702e-06,0.9999999999969356
597.3,-1.1788114511905248e-06,-2.2774792252424647e-07,0.06722403202371117,-9.28840467421302e-18,2.839460570011231e-18,-2.4756386716137404e-06,0.9999999999969356
597.32,-1.1788114511908727e-06,-2.2774792252385488e-07,0.06509923960070081,-9.984146080595408e-19,1.4609795484407584e-17,-2.475638671817791e-06,0.9999999999969356
597.34,-1.1788114511909227e-06,-2.2774792252389318e-07,0.06295069564423912,-3.984487426266228e-18,1.8244051323932906e-17,-2.4756386720208024e-06,0.9999999999969356
597.36,-1.1788114511905413e-06,-2.277479225240784e-07,0.060754747821495994,-1.0483254291876277e-17,1.1362646542029267e-17,-2.475638672220713e-06,0.9999999999969356
597.38,-1.1788114511905131e-06,-2.2774792252397992e-07,0.05856954189631547,-9.463086932556524e-18,1.4114757963298854e-17,-2.475638672423869e-06,0.9999999999969356
