t,x,y,z,qx,qy,qz,qw,vx,vy,vz
22.88,-2.703204897439896e-06,4.9583819078852555e-08,0.0006165488147868749,3.6970215547669807e-06,-4.912693286750968e-07,-6.550282476855763e-06,0.9999999999715922,-2.63588733211342e-06,1.11762788425494e-05,0.00494146561484026
22.9,-2.7012792758046603e-06,-1.2006397416526126e-07,0.000996513606744704,-1.0303033276675007e-06,-1.0088664508580565e-06,-6.37717202476881e-06,0.9999999999786261,3.056635659035702e-07,-9.962063013263722e-06,0.02423097373624141
22.92,-2.7381429894559965e-06,-3.556443104142265e-08,0.001753522708155212,1.4435912492023665e-06,-4.117440374754286e-07,-6.415333334474672e-06,0.999999999978295,-2.3720322072420455e-06,8.285876516033465e-06,0.041297657231325294
22.94,-2.758097577489228e-06,-3.024628302739192e-08,0.002789308651584648,1.7092725758634989e-06,-2.3617577413214877e-07,-6.468446296321374e-06,0.9999999999775909,-2.1355395891425418e-07,-3.848911804108995e-06,0.05568973443004545
22.96,-2.756096321639278e-06,-1.4243239096099003e-07,0.004142498534933984,-9.09997895592786e-07,-5.543496235341972e-07,-6.360568875866467e-06,0.9999999999792039,-2.5526561862613397e-08,-4.306042099786686e-06,0.07158768076371647
22.98,-2.775801257170421e-06,-1.1536443325790555e-07,0.005762552608236781,7.559241198326682e-08,-2.6003718926054946e-07,-6.395996039202229e-06,0.999999999979509,-1.0424196751825562e-06,2.1895271609029234e-06,0.08393041709580581
23.0,-2.7867933847043344e-06,-1.174742227694491e-07,0.007565699726809805,8.532943869173664e-08,-1.7915319851816382e-07,-6.411262784514415e-06,0.9999999999794281,-3.063810580575397e-07,-1.0699797688269022e-06,0.09112362236192809
23.02,-2.7932919097965915e-06,-1.3330776814423925e-07,0.009453041646607555,-2.7655279259444337e-07,-1.6878885222858996e-07,-6.3914603940049406e-06,0.999999999979522,-3.874246644256935e-07,-1.5072730518246288e-07,0.09604115769975616
23.04,-2.8022917959792284e-06,-1.2036117944088493e-07,0.011497749886920657,7.737188992440112e-08,-5.724278723232333e-08,-6.408845380275468e-06,0.9999999999794587,-3.672285619459998e-07,4.6424667987900284e-07,0.10435035020131447
23.06,-2.805324948623659e-06,-1.290013323524242e-07,0.013666719843308056,-1.687023792449135e-07,-7.230205048642364e-08,-6.401471021261465e-06,0.9999999999794937,-9.292185274757825e-08,-6.203480385189454e-07,0.10880799037583092
23.08,-2.8092701140204446e-06,-1.2687929975490256e-07,0.01587582310025372,-1.3077131185859682e-07,-3.474452526639222e-08,-6.400665635334083e-06,0.9999999999795066,-2.1978683112913232e-07,3.5038621756676334e-07,0.11152727750591221
23.1,-2.8122630704307648e-06,-1.2158593190842624e-07,0.018144925671800448,-3.371362225654709e-08,-4.6151432691822486e-09,-6.405453338215484e-06,0.9999999999794845,-1.0568313591765505e-07,1.1754318151271533e-07,0.11317865729884113
23.12,-2.8134550077414734e-06,-1.219145913577048e-07,0.020426737525502454,-8.313035244401898e-08,-4.690946911714886e-09,-6.402200805565922e-06,0.9999999999795024,-6.120054621290018e-08,8.094013249954531e-09,0.11496020921509476
23.14,-2.814787044902952e-06,-1.1835213877897417e-07,0.022801555904474573,-2.380542644161164e-08,1.1898138417807911e-08,-6.404197906739191e-06,0.9999999999794927,-5.979345315102852e-08,1.7051361778862367e-07,0.12007133290566416
23.16,-2.815065419562002e-06,-1.173062425058164e-07,0.025263893144905968,-2.727761292652838e-08,9.502911143111236e-09,-6.403871681258611e-06,0.9999999999794947,-5.236761494072936e-09,9.932153805029402e-09,0.1235611374385736
23.18,-2.8152304813388226e-06,-1.1620615129442371e-07,0.027759626026335457,-2.0903818450489974e-08,1.0710327492689962e-08,-6.4034877719892874e-06,0.9999999999794974,-1.5347405900989997e-08,7.423212886824791e-08,0.12550809689519657
23.2,-2.8152676887933248e-06,-1.1494624599100306e-07,0.030325168837028297,-5.754468344092432e-09,1.2045905588551741e-08,-6.404094372486177e-06,0.9999999999794936,1.8454597151525396e-09,4.028704398046057e-08,0.12922936192800116
23.22,-2.8149454151710003e-06,-1.1487298928657983e-07,0.03296530170943858,-1.7270950773935483e-08,6.0823237326938175e-09,-6.403387399392048e-06,0.9999999999794982,1.4780216899786867e-08,-2.905628594406615e-09,0.13290774366540184
23.24,-2.8147918703308655e-06,-1.142470362587006e-07,0.03566655480589055,-1.0992685019660101e-08,5.3761074853804835e-09,-6.4033644924389265e-06,0.9999999999794984,3.3075898016532177e-09,3.751793143389741e-08,0.1356828111798822
23.26,-2.8146801188956594e-06,-1.1356448547093836e-07,0.03841728327605319,-1.677860217876245e-09,5.592320151660365e-09,-6.40370180965365e-06,0.9999999999794963,5.468513887384074e-09,2.6472028365503094e-08,0.13814273069004285
23.28,-2.814462319633589e-06,-1.1342960997515498e-07,0.04121406229521038,-4.453397707716268e-09,2.797932726360902e-09,-6.403520766798736e-06,0.9999999999794974,1.0381216729254761e-08,1.6668667196608058e-09,0.14038042211862387
23.3,-2.8143137763997385e-06,-1.1324552650492326e-07,0.04402355055714895,-3.939876808774006e-09,1.4219947663238407e-09,-6.403402686890186e-06,0.9999999999794982,5.3488648108125596e-09,1.1863802685367285e-08,0.13974033985983692
23.32,-2.8142294491165594e-06,-1.1299820300803086e-07,0.04678732151482504,-7.890135357637508e-10,1.0805058608135782e-09,-6.403509499327097e-06,0.9999999999794975,4.037529430761317e-09,9.036880707180087e-09,0.13811965621780553
23.34,-2.8141387958479936e-06,-1.1294558122333433e-07,0.04952359979785827,-1.846544168712929e-09,9.575218602495037e-12,-6.403418725655985e-06,0.9999999999794981,4.1934814393850215e-09,1.5884938594394792e-09,0.13560824387256196
23.36,-2.8141009871310163e-06,-1.128238444100959e-07,0.052202697454326916,-2.810168412288622e-10,-1.2130630283531905e-10,-6.403441971200756e-06,0.999999999979498,1.2568557666181801e-09,6.804801182037768e-09,0.1335777901286292
23.38,-2.8140771837395756e-06,-1.1275961915179075e-07,0.05486303386835387,2.5024416215711796e-10,-2.7617688516364295e-10,-6.403461686966952e-06,0.9999999999794978,1.4106627931328266e-09,1.528179475971153e-09,0.1332295567481316
23.4,-2.8140607540113723e-06,-1.1274229986713656e-07,0.05753164612007792,5.6756634088765063e-11,-4.856304823871548e-10,-6.403429961886693e-06,0.9999999999794981,6.116614710078133e-10,1.3349128071651691e-09,0.13282292139048038
23.42,-2.814062373972839e-06,-1.1271117169710795e-07,0.06017029582419718,5.422830141835107e-10,-3.987964814154919e-10,-6.4034498430579735e-06,0.999999999979498,-1.4225933341046413e-11,1.2939274050514591e-09,0.1321114125422407
23.44,-2.8140639146705046e-06,-1.1271352627004661e-07,0.06284528817782443,3.547392601348703e-10,-4.303987438903753e-10,-6.4034391612355874e-06,0.999999999979498,-4.59722655630718e-12,-1.6137825964422623e-10,0.13437900991854215
23.46,-2.814072637370574e-06,-1.1270981837988559e-07,0.06555575786006171,4.849700405376273e-10,-3.2963513469142674e-10,-6.403442418964605e-06,0.999999999979498,-4.2786686511767506e-10,4.159515780082568e-10,0.13537317127377407
23.48,-2.814081629139247e-06,-1.1271510788141565e-07,0.06823236045238454,4.537747116027105e-10,-2.46532306122435e-10,-6.403446866764e-06,0.999999999979498,-3.0578495359635474e-10,-3.9161607889760797e-10,0.1338038186276258
23.5,-2.814088497796758e-06,-1.1272630379525086e-07,0.07092722789484768,3.2231185003625814e-10,-2.1404216640208039e-10,-6.403441668285689e-06,0.999999999979498,-3.1371671415303077e-10,-3.6474809755991374e-10,0.13514230211902623
23.52,-2.8140965698522655e-06,-1.1273343151595991e-07,0.07366179827973733,3.1076001987624986e-10,-1.346713074078044e-10,-6.403445769378234e-06,0.999999999979498,-3.424059351824438e-10,-3.1337605603679233e-10,0.13724787663019072
23.54,-2.814102323524423e-06,-1.1274420717151107e-07,0.07639251987369036,1.9373269201292965e-10,-9.567034996416796e-11,-6.403444150223888e-06,0.999999999979498,-2.348141882583036e-10,-4.727573969322946e-10,0.13637607981270422
23.56,-2.814107236258391e-06,-1.1275114657851382e-07,0.07909063800311669,1.602305540853124e-10,-5.40944864198791e-11,-6.403444725560427e-06,0.999999999979498,-2.2571110696792143e-10,-2.5907919293849306e-10,0.13354157256659366
23.58,-2.8141108635745264e-06,-1.1275777006715205e-07,0.08172229053461125,1.0745317850286821e-10,-2.40715717311133e-11,-6.403445302712814e-06,0.999999999979498,-1.467059594829246e-10,-3.1305464862390895e-10,0.13156416955826117
23.6,-2.81411308546775e-06,-1.1276315834658609e-07,0.08438286198311142,6.300200064031143e-11,-1.0690016742285656e-11,-6.403444577544404e-06,0.999999999979498,-1.0151438855929243e-10,-2.1168632425391417e-10,0.13363915382245267
23.62,-2.8141148180652567e-06,-1.1276663656918771e-07,0.08709557179168925,4.459827087943073e-11,5.9880992425628004e-12,-6.403445304247755e-06,0.999999999979498,-7.800431614363004e-11,-1.5329368300304476e-10,0.13630015791044198
23.64,-2.814115687524575e-06,-1.1276973255244567e-07,0.08982514171296782,1.5753495198922838e-11,1.2204925928275905e-11,-6.40344520134598e-06,0.999999999979498,-3.6126896604776135e-11,-1.4170190363781403e-10,0.13594872924888174
23.66,-2.814116056403017e-06,-1.1277155958119863e-07,0.09254702101473548,3.917306100907106e-12,1.4550456987649513e-11,-6.403445151931367e-06,0.999999999979498,-1.9400411372422028e-11,-7.199854693136568e-11,0.13634033631542974
23.68,-2.8141161449084356e-06,-1.1277272074652897e-07,0.09529520953945074,-4.261717296553188e-12,1.566357509712782e-11,-6.40344527685012e-06,0.999999999979498,-4.414097571467673e-12,-5.677230583962144e-11,0.13785574519988714
23.7,-2.8141159567174362e-06,-1.1277348080477697e-07,0.09803526365506351,-1.1733196971819246e-11,1.3273310848816783e-11,-6.403445137708992e-06,0.999999999979498,7.941618522591982e-12,-3.317717810230687e-11,0.13575141979003252
23.72,-2.814115714100649e-06,-1.1277370061456156e-07,0.10071087793991795,-1.2132999721001359e-11,1.1419561406335843e-11,-6.40344516727725e-06,0.999999999979498,8.5682669890549e-12,-1.0119803908209299e-11,0.1337173969833502
23.74,-2.8141154441159605e-06,-1.1277374597590441e-07,0.10341006011941946,-1.2915247794220359e-11,9.52388774715147e-12,-6.403445180000707e-06,0.999999999979498,1.1751748076446516e-11,-4.018044281470876e-12,0.1354896090317914
23.76,-2.8141151385147025e-06,-1.127735895281787e-07,0.10610846414727028,-1.123868687607825e-11,6.655281272090265e-12,-6.4034451492628595e-06,0.999999999979498,1.3316393652814365e-11,7.413631302866222e-12,0.13376383933536157
23.78,-2.8141148911141637e-06,-1.1277336355452041e-07,0.10874963906499255,-9.241817310203804e-12,4.7837373341714265e-12,-6.403445160547282e-06,0.999999999979498,9.820579745547909e-12,8.04697094994513e-12,0.1320796016885853
23.8,-2.8141146888037184e-06,-1.1277314327274496e-07,0.11137049742740657,-7.855711507382403e-12,3.285893831177564e-12,-6.403445163193758e-06,0.999999999979498,9.175903914439378e-12,9.706860964717282e-12,0.1297430675763378
23.82,-2.814114516216842e-06,-1.1277289343767758e-07,0.1139151985310117,-5.5661167610715e-12,1.7520948432327401e-12,-6.403445156368677e-06,0.999999999979498,7.217692637369027e-12,1.0329179923012027e-11,0.12717060487359988
23.84,-2.8141144066333035e-06,-1.1277270173518156e-07,0.11649394466519564,-4.369137567275388e-12,1.0976047502940562e-12,-6.403445166554641e-06,0.999999999979498,4.7241292835643994e-12,7.999054324451632e-12,0.12968541688682944
23.86,-2.8141143155712825e-06,-1.1277251594375637e-07,0.1190921060544145,-2.692407359377807e-12,2.508353261251161e-13,-6.403445164568326e-06,0.999999999979498,4.2304168127314626e-12,8.522969515259025e-12,0.12907039976945422
23.88,-2.8141142612007792e-06,-1.1277237905277854e-07,0.12166186902687509,-1.654726070632054e-12,-1.6349003487864262e-13,-6.4034451674685825e-06,0.999999999979498,2.158331377123682e-12,5.368188323186751e-12,0.12879698367218861
23.9,-2.814114234413491e-06,-1.1277228317169347e-07,0.12423006700272382,-1.0351609452939845e-12,-2.870529571934438e-13,-6.403445171668215e-06,0.999999999979498,1.282221294960435e-12,4.4247067698648165e-12,0.12733607488651377
23.92,-2.814114216938626e-06,-1.1277220434200073e-07,0.12674547086001053,-3.1800702684673916e-13,-4.661927822459791e-13,-6.4034451765602114e-06,0.999999999979498,8.110371227642612e-13,3.336596957211574e-12,0.12593052197618637
23.94,-2.8141142142192447e-06,-1.1277216142099761e-07,0.12930637794926503,-9.650282863512314e-14,-4.606737747077511e-13,-6.4034451779748615e-06,0.999999999979498,1.1306124612533937e-13,1.865969625956561e-12,0.12887698361324085
23.96,-2.8141142175579343e-06,-1.1277212823786171e-07,0.13189162629095444,2.2605096188955124e-13,-4.290932363237306e-13,-6.403445183645853e-06,0.999999999979498,-9.544856018589909e-14,1.595032047849442e-12,0.1284713784432845
23.98,-2.814114224116144e-06,-1.1277211305162009e-07,0.1344514627396524,3.2794586202052804e-13,-3.8255489487618396e-13,-6.403445187270896e-06,0.999999999979498,-2.6680387338501603e-13,5.640891528158252e-13,0.12832989914088322
24.0,-2.8141142328235556e-06,-1.127721085301678e-07,0.13706042166048066,3.4093082401238276e-13,-3.1151144310365506e-13,-6.403445190001829e-06,0.999999999979498,-3.5869999685336847e-13,2.9989584414751985e-13,0.1312330733703876
24.02,-2.814114241512195e-06,-1.1277210708697368e-07,0.13973300361679722,3.9379130762776824e-13,-2.4678727041685965e-13,-6.40344519535249e-06,0.999999999979498,-3.570952198418535e-13,9.890046524741523e-14,0.1344157256036982
24.04,-2.814114249628283e-06,-1.1277211288519358e-07,0.14246553909111315,3.2979269441088857e-13,-1.8596695163091186e-13,-6.403445198625318e-06,0.999999999979498,-3.441807246249283e-13,-2.7298673093184335e-13,0.13733395914590774
24.06,-2.8141142568992728e-06,-1.1277212103863107e-07,0.1452505827273078,2.426280503139104e-13,-1.2742274589527295e-13,-6.403445201301751e-06,0.999999999979498,-3.105311146492522e-13,-3.1585670344092356e-13,0.13985655291026133
24.08,-2.8141142628896808e-06,-1.1277212745771623e-07,0.14803686651413944,2.0771839410514718e-13,-7.822630557663008e-14,-6.4034452055542915e-06,0.999999999979498,-2.590882011507768e-13,-2.5727753703389017e-13,0.1382526266795775
24.1,-2.8141142673360134e-06,-1.1277213444108229e-07,0.1507775304296283,1.4777137201398078e-13,-4.443071780173497e-14,-6.403445208959176e-06,0.999999999979498,-1.867338483783696e-13,-3.067725354325423e-13,0.13705549399606332
24.12,-2.81411427050125e-06,-1.1277214012985084e-07,0.15353999188716058,1.064939246341071e-13,-2.1090429659154518e-14,-6.403445212365758e-06,0.999999999979498,-1.4027962124707643e-13,-2.283330159144175e-13,0.13855850270467762
24.14,-2.8141142727310224e-06,-1.1277214478240024e-07,0.15633928499072866,7.255254602431604e-14,-3.14653379175125e-15,-6.40344521614685e-06,0.999999999979498,-9.720274217244817e-14,-2.0432304311308562e-13,0.1404316606698791
24.16,-2.8141142740624557e-06,-1.1277214880953023e-07,0.15912664208939756,3.550563207849872e-14,6.366017416067786e-15,-6.403445219447742e-06,0.999999999979498,-5.873746960626692e-14,-1.7933197511276148e-13,0.13798619765802156
24.18,-2.8141142748270453e-06,-1.1277215144805889e-07,0.1618319097481021,1.659740162515851e-14,1.2425958057294777e-14,-6.403445222957834e-06,0.999999999979498,-3.5240899694185264e-14,-1.0654761408382453e-13,0.13501857795124583
24.2,-2.814114275129806e-06,-1.1277215319541906e-07,0.16455101418408746,4.555756428864731e-15,1.4537422848241155e-14,-6.403445226531977e-06,0.999999999979498,-1.4028523333346061e-14,-8.105338966330147e-14,0.13640833605425562
24.22,-2.8141142751295504e-06,-1.1277215445565665e-07,0.16726321288281382,-7.29562296248043e-15,1.4146229336042224e-14,-6.403445229932099e-06,0.999999999979498,-9.674022813935676e-16,-5.6060907119140947e-14,0.13433997515350238
24.24,-2.814114274968456e-06,-1.1277215501554277e-07,0.16988233421839619,-1.0217850764800471e-14,1.270958518252821e-14,-6.4034452334549385e-06,0.999999999979498,5.943184171569555e-15,-2.3124068924833496e-14,0.12984454816793722
24.26,-2.8141142747277175e-06,-1.1277215525925722e-07,0.1724465094306555,-1.181385852987577e-14,1.0785022605843303e-14,-6.403445236965845e-06,0.999999999979498,9.73215735491186e-15,-1.3682815738565896e-14,0.12830862994579195
24.28,-2.8141142744524196e-06,-1.1277215529906291e-07,0.17500195594010012,-1.248252954724052e-14,8.512502001259682e-15,-6.403445240440685e-06,0.999999999979498,1.1981715784524395e-14,-1.5412397809239336e-15,0.12672440934771434
24.3,-2.8141142741865922e-06,-1.1277215514244437e-07,0.17751503073879688,-1.0699343030791842e-14,6.353052243942891e-15,-6.403445243944394e-06,0.999999999979498,1.0853895553616315e-14,5.807631291502431e-15,0.1259110643142547
24.32,-2.814114273961792e-06,-1.1277215495374755e-07,0.18004666289221932,-9.519888002530907e-15,4.733499844650194e-15,-6.403445247444419e-06,0.999999999979498,9.670299226003136e-15,7.562595700393078e-15,0.12692576320297855
24.34,-2.814114273757436e-06,-1.1277215470341036e-07,0.1825824804770328,-7.190894073338707e-15,2.939520775819268e-15,-6.403445250938183e-06,0.999999999979498,9.109235596805235e-15,1.1264615498972816e-14,0.125849607741077
24.36,-2.814114273604354e-06,-1.1277215447669262e-07,0.18507422015711023,-5.385997504774474e-15,1.7386685983226912e-15,-6.403445254437446e-06,0.999999999979498,6.310455042859278e-15,8.826107077213788e-15,0.12450279264324682
24.38,-2.814114273497475e-06,-1.1277215428943562e-07,0.18758151391971156,-4.127650516333732e-15,1.0104891491223318e-15,-6.403445257937554e-06,0.999999999979498,4.7493650158058374e-15,8.324688234478757e-15,0.1260056021778838
24.4,-2.814114273413047e-06,-1.1277215411024998e-07,0.19011369552064078,-2.4791343756533556e-15,2.4727622148696374e-16,-6.403445261438305e-06,0.999999999979498,3.7814235216899814e-15,7.911547482138555e-15,0.12608339165606497
24.42,-2.814114273363938e-06,-1.1277215398614324e-07,0.19264659738875575,-1.6449414479790005e-15,-9.054693178712855e-17,-6.403445264938566e-06,0.999999999979498,2.0350000558422925e-15,5.012869142799647e-15,0.12716574552032178
24.44,-2.814114273336113e-06,-1.127721538905794e-07,0.19519048523033727,-9.330933119754285e-16,-2.6933784345434686e-16,-6.403445268441946e-06,0.999999999979498,1.3246054447919301e-15,4.354117590971837e-15,0.1273492967562434
24.46,-2.8141142733192e-06,-1.1277215381701876e-07,0.19772954955984268,-2.840641404729957e-16,-4.426626660320084e-16,-6.40344527194054e-06,0.999999999979498,7.709230236098151e-16,3.2151064114629648e-15,0.125949262670641
24.48,-2.8141142733162235e-06,-1.1277215377342314e-07,0.20022959136548266,8.69364362419696e-18,-4.4247211941403376e-16,-6.403445275442889e-06,0.999999999979498,1.2129827710909012e-16,1.848987177252878e-15,0.1253046880134029
24.5,-2.8141142733191153e-06,-1.1277215374688352e-07,0.20278213059815975,1.9897728284373157e-16,-4.176344947991017e-16,-6.403445278944908e-06,0.999999999979498,-5.942674770269184e-17,1.2239913453174257e-15,0.12850613189096805
24.52,-2.814114273325292e-06,-1.1277215373219647e-07,0.20539428092987552,3.2385573343113757e-16,-3.765463816370325e-16,-6.403445282443814e-06,0.999999999979498,-2.6658637690513643e-16,6.576581013490247e-16,0.1309066033033962
24.54,-2.8141142733343712e-06,-1.1277215372815085e-07,0.20802194270572041,3.3947752164242714e-16,-2.906669131634697e-16,-6.403445285946909e-06,0.999999999979498,-3.6320779156876493e-16,1.9034252931001417e-16,0.1314749862875525
24.56,-2.814114273342143e-06,-1.1277215372938993e-07,0.21065509542560543,3.2692645698350685e-16,-2.4421471530204436e-16,-6.403445289445868e-06,0.999999999979498,-3.1850540124355955e-16,-7.432167486160507e-18,0.13203885447971853
24.58,-2.8141142733502133e-06,-1.1277215373329663e-07,0.2133327021239832,3.082094683824329e-16,-1.7839001219373732e-16,-6.403445292947397e-06,0.999999999979498,-3.4783551286288106e-16,-1.5315048765232075e-16,0.13452451255940856
24.6,-2.8141142733570916e-06,-1.1277215373995489e-07,0.2160244400413927,2.4882439102433033e-16,-1.253805173220413e-16,-6.403445296448107e-06,0.999999999979498,-2.877604695017433e-16,-2.7447654340085027e-16,0.1346376760205159
24.62,-2.8141142733628476e-06,-1.1277215374699248e-07,0.21869724026555148,1.8810728983353636e-16,-7.825147660094e-17,-6.403445299949522e-06,0.999999999979498,-2.5428237082159886e-16,-3.0402726677813797e-16,0.1324687760047849
24.64,-2.8141142733674334e-06,-1.1277215375300838e-07,0.221321575441853,1.4696398672721815e-16,-3.7764015489160606e-17,-6.403445303450619e-06,0.999999999979498,-2.013373862048645e-16,-2.39574889764715e-16,0.1313447601786616
24.66,-2.814114273370422e-06,-1.127721537586235e-07,0.22397464780788542,1.006566207065896e-16,-1.6582448814321292e-17,-6.403445306950856e-06,0.999999999979498,-1.2045079358556783e-16,-2.5258223564530133e-16,0.13316383889506178
24.68,-2.8141142733725512e-06,-1.1277215376318264e-07,0.22665558556294899,6.450017918038859e-17,1.6757369498579389e-18,-6.40344531045241e-06,0.999999999979498,-1.0490552980874444e-16,-1.8712815036949957e-16,0.13376943937172814
24.7,-2.8141142733735596e-06,-1.127721537667704e-07,0.22932794837408144,3.4552843251071314e-17,4.8874301590580635e-18,-6.403445313953114e-06,0.999999999979498,-2.9537017783366814e-17,-1.6289885803777994e-16,0.13390907135752694
24.72,-2.8141142733742703e-06,-1.1277215376934181e-07,0.23199308089615775,1.3802764078315844e-17,1.1477045917215601e-17,-6.403445317454355e-06,0.999999999979498,-4.720791892801323e-17,-1.0723882678188876e-16,0.13217016783087232
24.74,-2.8141142733745587e-06,-1.1277215377102965e-07,0.2345696438995488,8.71837780104932e-19,1.3626797420231556e-17,-6.403445320955486e-06,0.999999999979498,-3.9919966668031864e-19,-7.633868207227715e-17,0.12723661408058362
24.76,-2.8141142733744833e-06,-1.1277215377244633e-07,0.23707650748712525,-1.7663547522964064e-17,1.135323747627548e-17,-6.403445324454959e-06,0.999999999979498,-6.9289162919374484e-18,-6.888610423001193e-17,0.12537968507438935
24.78,-2.8141142733748035e-06,-1.1277215377254876e-07,0.23956579459734204,-1.1062438661393963e-17,2.274500511947336e-17,-6.403445327956721e-06,0.999999999979498,-1.6818965988971907e-17,3.5301728407246645e-18,0.12445119355866119
24.8,-2.81411427337417e-06,-1.1277215377312033e-07,0.24202038912641913,-2.4648408772360864e-17,1.0970511994460709e-17,-6.4034453314577796e-06,0.999999999979498,3.571222129861178e-17,-4.3237171557648757e-17,0.12156882405529035
24.82,-2.8141142733737053e-06,-1.1277215377279474e-07,0.24444801505429983,-1.8647216451254004e-17,4.822985409534415e-18,-6.403445334958855e-06,0.999999999979498,1.1129195380121749e-17,3.5236351574018267e-17,0.12150663342380685
24.84,-2.814114273373504e-06,-1.1277215377196196e-07,0.2468726966081121,-2.3250456784947078e-18,4.444743274141856e-18,-6.403445338461047e-06,0.999999999979498,1.3574314262016986e-17,2.941261318805217e-17,0.12033915046864574
24.86,-2.8141142733732792e-06,-1.1277215377227095e-07,0.2492174366273329,-1.6352117805086896e-17,2.40214102857527e-18,-6.403445341961381e-06,0.999999999979498,1.069973101852679e-17,-1.653935708365115e-17,0.11573444600317395
24.88,-2.814114273373167e-06,-1.1277215377173886e-07,0.25151427464355913,-7.513919040953184e-18,2.4153557456860393e-18,-6.403445345462631e-06,0.999999999979498,5.133438071484772e-18,4.153282097585751e-17,0.11532888556195497
24.9,-2.8141142733727126e-06,-1.1277215377135009e-07,0.253846961528505,-2.7928379490463007e-18,-7.894204476571012e-18,-6.403445348963691e-06,0.999999999979498,2.7527003538566114e-17,3.3598062170992364e-18,0.11725524070376747
24.92,-2.8141142733727465e-06,-1.1277215377120235e-07,0.256240567275458,-2.8020065373171476e-18,-6.676305567080029e-18,-6.403445352464425e-06,0.999999999979498,-1.4987373746532105e-17,1.2844011461800113e-17,0.1200431458126594
24.94,-2.8141142733730052e-06,-1.127721537710037e-07,0.25866875889796503,-4.457587304308829e-19,-1.1652412452998065e-18,-6.403445355965287e-06,0.999999999979498,4.964935617440261e-18,2.6414458215250326e-18,0.12221488968610084
24.96,-2.814114273372779e-06,-1.1277215377103193e-07,0.26114533029869946,-3.2152010223229486e-18,-8.716325104893626e-18,-6.4034453594650595e-06,0.999999999979498,-2.222987219982399e-18,2.1681016054165167e-18,0.12441207698936085
24.98,-2.8141142733735257e-06,-1.1277215377089661e-07,0.2636686569027817,-1.2560749880282067e-18,9.569291168937506e-18,-6.403445362966862e-06,0.999999999979498,-3.997817237824659e-17,7.761069008888431e-18,0.12622982581888542
25.0,-2.8141142733734406e-06,-1.1277215377087441e-07,0.2661964449622347,-2.125643871706814e-18,6.678408409581267e-18,-6.403445366467406e-06,0.999999999979498,1.3880234763054442e-17,-6.567923416005173e-18,0.1268683612693
25.02,-2.8141142733733737e-06,-1.1277215377075858e-07,0.2687816340695209,-4.564799305436494e-20,6.510582251919833e-18,-6.403445369967694e-06,0.999999999979498,-8.478077227356816e-18,1.398290583830873e-17,0.1301197235325624
25.04,-2.814114273373585e-06,-1.1277215377032677e-07,0.27143559125949157,1.1019842029640305e-17,1.471443246742949e-17,-6.403445373469246e-06,0.999999999979498,-5.95844129917175e-18,2.3379970562165537e-17,0.13354079036879685
25.06,-2.81411427337305e-06,-1.1277215377092398e-07,0.27414882342260183,-4.381005074975126e-18,4.274183993686988e-18,-6.403445376969868e-06,0.999999999979498,3.2927554548604344e-17,-4.6226608532088566e-17,0.13617774844755792
25.08,-2.814114273372792e-06,-1.1277215377110134e-07,0.2768809860678682,-8.322072612895226e-18,1.5211828958663785e-18,-6.403445380469302e-06,0.999999999979498,-5.186198085398766e-18,1.719058656028652e-17,0.1369282998283483
25.1,-2.814114273373097e-06,-1.1277215377026827e-07,0.2796008833012858,1.3246523826000075e-17,1.2767995092060215e-17,-6.403445383971862e-06,0.999999999979498,-9.779929186544401e-18,3.097411320885914e-17,0.13473923259806897
25.12,-2.8141142733723255e-06,-1.1277215377072984e-07,0.2822570510216393,1.336648984614585e-18,-4.781914616511424e-18,-6.403445387471616e-06,0.999999999979498,4.405650427662915e-17,-3.205717960738471e-17,0.13274910724523914
25.14,-2.814114273372338e-06,-1.1277215377080093e-07,0.28489849942898743,1.2249479544720365e-18,-1.934093822410953e-18,-6.403445390973108e-06,0.999999999979498,-8.908100861246855e-18,5.1712656278650284e-18,0.1320175735015361
25.16,-2.814114273372029e-06,-1.127721537707342e-07,0.28751637794411744,4.264924260761526e-18,-9.951570460024558e-18,-6.403445394473455e-06,0.999999999979498,2.499941655659242e-17,2.9051470340792643e-18,0.12957587581113872
25.18,-2.814114273372216e-06,-1.1277215377087736e-07,0.2900555495674156,1.7520726062564236e-18,-5.906172127973136e-18,-6.403445397974264e-06,0.999999999979498,-1.6738875895137988e-17,-7.946413069187185e-18,0.12679926559945875
25.2,-2.814114273372214e-06,-1.1277215377069065e-07,0.2925662532856198,8.410436624822413e-18,-8.423045809829445e-18,-6.403445401475664e-06,0.999999999979498,1.3881020756672165e-17,2.0397881187755243e-17,0.12544080753186249
25.22,-2.8141142733726025e-06,-1.1277215377103665e-07,0.29506271273266776,8.646997427845e-19,-4.634661907415897e-19,-6.40344540497772e-06,0.999999999979498,-3.210479566694907e-17,-3.0675919986885756e-17,0.1237455787014674
25.24,-2.8141142733729023e-06,-1.1277215377131115e-07,0.2974562249757821,-4.526231416720773e-18,5.286614804885806e-18,-6.403445408477956e-06,0.999999999979498,-7.131178602334e-18,-6.229804376301628e-18,0.11790277852748443
25.26,-2.814114273373049e-06,-1.1277215377138749e-07,0.29978683084505686,-6.1853754892664395e-18,8.831421118926372e-18,-6.4034454119789965e-06,0.999999999979498,-1.569438326534584e-17,-6.614560042283874e-18,0.1169153470929718
25.28,-2.8141142733727414e-06,-1.1277215377131611e-07,0.30218007428557864,-5.1506030913482164e-18,1.5232094301610743e-18,-6.40344541547935e-06,0.999999999979498,2.337028659557323e-17,3.4134998658718865e-18,0.12069835766745918
25.3,-2.8141142733724597e-06,-1.1277215377114774e-07,0.30466415588876994,-2.278480867150774e-18,-4.5688118130900545e-18,-6.40344541897956e-06,0.999999999979498,6.0989577365976375e-18,7.717361423420706e-18,0.12537786377440074
25.32,-2.8141142733727655e-06,-1.1277215377134927e-07,0.3072167781487831,-9.739220639488528e-18,4.163692223215447e-18,-6.403445422480862e-06,0.999999999979498,-1.4434429584301298e-17,-1.0410420047487557e-17,0.12831196497377073
25.34,-2.8141142733724343e-06,-1.1277215377092501e-07,0.30983299852650176,-7.414658244920879e-19,-4.606420443804473e-18,-6.4034454259811965e-06,0.999999999979498,2.1360517819001887e-17,2.3141887631434514e-17,0.13166283497508813
25.36,-2.814114273372371e-06,-1.1277215377073977e-07,0.31251338145192087,1.9585418911004725e-18,-6.5083196352538615e-18,-6.403445429482018e-06,0.999999999979498,-4.8501897567068906e-18,4.534730016067176e-18,0.1347047659331302
25.38,-2.81411427337259e-06,-1.1277215377118239e-07,0.3152351739458905,-1.148833974293758e-17,-2.1153625394583897e-18,-6.403445432982692e-06,0.999999999979498,-9.3708812275e-18,-2.5965786240760935e-17,0.13661495510128852
25.4,-2.814114273372493e-06,-1.1277215377046962e-07,0.31796764921664195,6.001110627298278e-18,-6.677689513822959e-18,-6.403445436483556e-06,0.999999999979498,9.456302469733805e-18,5.497477750871088e-17,0.13579685122130924
25.42,-2.8141142733725927e-06,-1.1277215377086304e-07,0.3206553839779023,-6.555766514647561e-18,-6.164274984997455e-18,-6.403445439984333e-06,0.999999999979498,-1.3570342000019281e-17,-5.689848155691017e-17,0.1344187690603571
25.44,-2.8141142733730213e-06,-1.1277215377090193e-07,0.3233695696227892,-8.484853195736359e-18,2.7818374127232046e-18,-6.403445443485182e-06,0.999999999979498,-1.94311268494884e-17,3.0208340644699526e-17,0.13623432322353857
25.46,-2.814114273372864e-06,-1.1277215376997944e-07,0.32608863316834213,1.4179138050080756e-17,-3.2403927770711823e-18,-6.403445446985896e-06,0.999999999979498,1.540070345204966e-17,3.14175952265676e-17,0.1349537450764049
25.48,-2.8141142733730374e-06,-1.1277215377060581e-07,0.32875603619937704,-2.891984707091219e-18,3.798449854390384e-19,-6.403445450485993e-06,0.999999999979498,-2.1214947815973447e-17,-4.370596458555389e-17,0.13338878477814342
25.5,-2.8141142733729883e-06,-1.1277215377059722e-07,0.331412509243835,-1.6661487918707212e-18,-2.139269034593738e-18,-6.403445453986719e-06,0.999999999979498,1.0565236908834863e-17,1.2956959827909059e-17,0.13205777656384865
25.52,-2.8141142733730412e-06,-1.1277215377068146e-07,0.33404588691048276,-4.2072452390212796e-18,-1.4917739596534783e-18,-6.403445457486732e-06,0.999999999979498,-1.0317058827917366e-17,-1.8937463481767192e-17,0.1315708811764904
25.54,-2.814114273373025e-06,-1.1277215377118976e-07,0.3366871830725641,-1.9060671185387514e-17,-3.0307953651184308e-18,-6.40344546098724e-06,0.999999999979498,7.545025677584061e-18,-2.1020796216963743e-17,0.13250879401165427
25.56,-2.8141142733732187e-06,-1.1277215377085443e-07,0.339330149470412,-1.3750934506903455e-17,1.3040216355754075e-18,-6.403445464488468e-06,0.999999999979498,-1.5310705093071744e-17,2.20330656338183e-17,0.1311447456173398
25.58,-2.8141142733733047e-06,-1.127721537705108e-07,0.3419015424453826,-1.0192468602029463e-17,2.978929884832828e-18,-6.403445467989687e-06,0.999999999979498,8.45701383467863e-19,7.69062572887782e-18,0.12734195542368765
25.6,-2.81411427337328e-06,-1.1277215377025101e-07,0.3444043646563587,-8.842059402744802e-18,2.5788103825986436e-18,-6.40344547149058e-06,0.999999999979498,4.293695601031309e-21,1.0870814474491168e-17,0.1251760049428341
25.62,-2.814114273373304e-06,-1.1277215377000124e-07,0.3469020967380554,-7.450540120980059e-18,4.019971160503914e-18,-6.4034454749915494e-06,0.999999999979498,-2.3448092368753068e-18,9.371698664536216e-18,0.12400294270463186
25.64,-2.814114273373305e-06,-1.1277215376975133e-07,0.3493767739913272,-5.482145439420574e-18,5.319355294166848e-18,-6.403445478492535e-06,0.999999999979498,1.2983924206676147e-18,8.929266354169961e-18,0.12419493026501471
25.66,-2.814114273373273e-06,-1.1277215376948965e-07,0.3519124018544915,-2.4108396711376926e-18,6.3614619900257094e-18,-6.403445481993684e-06,0.999999999979498,-3.9748114202544305e-18,9.021134582608799e-18,0.12772726190819483
25.68,-2.814114273373275e-06,-1.1277215376969935e-07,0.35447929428972946,-1.1469415350421616e-17,8.874210402294112e-18,-6.4034454854951036e-06,0.999999999979498,2.7113587219522884e-18,-1.2096385520157023e-17,0.1276209845978593
25.7,-2.814114273372997e-06,-1.1277215376948855e-07,0.357024535019626,-9.528315419730415e-18,4.532723370713957e-18,-6.403445488995768e-06,0.999999999979498,1.3435536836965474e-17,1.2413124962934225e-17,0.127615191409719
25.72,-2.8141142733728354e-06,-1.1277215376921758e-07,0.3595812325918333,-6.6704516106098805e-18,3.3525958700197143e-18,-6.40344549249688e-06,0.999999999979498,5.508426086420779e-18,1.141336298841311e-17,0.12803710996937
25.74,-2.814114273372716e-06,-1.1277215376895717e-07,0.3621818090959762,-3.859067670249889e-18,2.772917679692942e-18,-6.403445495998069e-06,0.999999999979498,3.1050878539843138e-18,1.0146387446774249e-17,0.13079821691254767
25.76,-2.8141142733729214e-06,-1.1277215376879084e-07,0.3648417899883484,-2.8592996061122843e-18,1.0757758527789125e-17,-6.403445499499543e-06,0.999999999979498,-1.6415379218687425e-17,8.050290511344436e-18,0.13358701686049246
25.78,-2.8141142733729485e-06,-1.1277215376855272e-07,0.3674833603551605,9.15913378999844e-19,1.4736509814179888e-17,-6.403445503000859e-06,0.999999999979498,-2.2396997536009413e-19,1.1310981401238967e-17,0.1318093512325813
25.8,-2.8141142733724856e-06,-1.127721537684829e-07,0.3700962228716049,1.1731980636454275e-18,6.960388792555779e-18,-6.403445506501259e-06,0.999999999979498,2.859862890865788e-17,1.7143470178872138e-18,0.129475867251011
25.82,-2.814114273372698e-06,-1.1277215376864132e-07,0.3726651829583148,-3.943969872142039e-18,1.8165971596937346e-17,-6.403445510002708e-06,0.999999999979498,-3.237769476386664e-17,-1.4601428312998586e-17,0.12867261763311877
25.84,-2.814114273372601e-06,-1.1277215376834924e-07,0.3752779412187626,3.3892673543147483e-18,2.168085028656806e-17,-6.403445513504844e-06,0.999999999979498,1.9855714768186914e-17,2.29898017304975e-17,0.13139035002603383
25.86,-2.814114273371708e-06,-1.1277215376818131e-07,0.37790377749826304,7.702866391672427e-18,5.673759895214547e-18,-6.403445517005728e-06,0.999999999979498,4.5397636231228977e-17,8.675690319600903e-18,0.13020718573755197
25.88,-2.814114273371373e-06,-1.1277215376826563e-07,0.3804624869239292,6.645879380164924e-18,3.944673482032534e-18,-6.403445520506046e-06,0.999999999979498,1.3710829254036488e-18,-9.263338144504578e-18,0.12788049071414398
25.9,-2.8141142733713027e-06,-1.127721537685066e-07,0.3830139546605027,2.4008566956109645e-18,7.180906544715704e-18,-6.403445524007231e-06,0.999999999979498,1.6836602313059127e-17,-6.960098055030205e-18,0.127673169125736
25.92,-2.8141142733706454e-06,-1.1277215376836821e-07,0.3855775831828368,8.435238532328865e-18,-6.3586843742496034e-18,-6.4034455275081775e-06,0.999999999979498,2.7098344744052943e-17,1.0718645111136678e-17,0.1277246194973547
25.94,-2.814114273370774e-06,-1.1277215376861227e-07,0.38812168062391594,4.35537004035883e-18,-6.518370162485551e-19,-6.403445531009845e-06,0.999999999979498,-9.268797852071665e-18,-1.2040700702820883e-17,0.12738787082569591
25.96,-2.814114273370251e-06,-1.1277215376845701e-07,0.3906994149035933,1.1595829961562426e-17,-1.4623825448421858e-17,-6.403445534510114e-06,0.999999999979498,4.317126585876604e-17,1.5127486467905583e-17,0.12958379563052236
25.98,-2.814114273369965e-06,-1.1277215376830044e-07,0.3932928130261115,1.978185243749169e-17,-2.4362470116368892e-17,-6.403445538011201e-06,0.999999999979498,6.360764504398323e-18,8.19513916911926e-18,0.12873910128738397
26.0,-2.8141142733704366e-06,-1.1277215376857342e-07,0.39584600954390003,1.8510776973694726e-17,-1.739907695580709e-17,-6.403445541513321e-06,0.999999999979498,-1.2743971622194836e-17,-1.6429773399085214e-17,0.12786329333960844
26.02,-2.8141142733703227e-06,-1.1277215376906846e-07,0.39840358201303905,1.2878278587603903e-17,-2.859566320335195e-17,-6.403445545012749e-06,0.999999999979498,-7.048433745386517e-19,-1.64604771803098e-17,0.12803855692414268
26.04,-2.814114273371234e-06,-1.1277215376948411e-07,0.4010032511954446,9.27793349189229e-18,-1.398661973836248e-17,-6.403445548514487e-06,0.999999999979498,-3.9182257901499364e-17,-2.443001448933279e-17,0.13074486415701192
26.06,-2.814114273371562e-06,-1.1277215376996138e-07,0.4036499305881418,3.1535024416539783e-18,-1.5328363389285373e-17,-6.403445552014732e-06,0.999999999979498,-6.251118881486113e-18,-1.4445021980377046e-17,0.13236669629501652
26.08,-2.8141142733722645e-06,-1.1277215377030275e-07,0.4063051625307972,-1.2461957948514049e-18,-5.153473014341132e-18,-6.403445555515715e-06,0.999999999979498,-3.840513825681476e-17,-2.2048347103798944e-17,0.1331731414631998
26.1,-2.814114273372504e-06,-1.1277215377029322e-07,0.4090048103304355,2.1287846230550474e-18,-5.9385009835386815e-18,-6.403445559017239e-06,0.999999999979498,3.638653382999899e-18,1.0173685830776037e-17,0.13562019787396462
26.12,-2.8141142733722903e-06,-1.1277215377019761e-07,0.41171546715567786,6.6930746775872595e-18,-1.730589244950633e-17,-6.4034455625178966e-06,0.999999999979498,1.2435070318262027e-17,5.51072707519434e-19,0.134585583858432
26.14,-2.814114273373278e-06,-1.127721537704708e-07,0.4143402849617485,1.5775428234270175e-18,3.868846157020193e-18,-6.403445566019139e-06,0.999999999979498,-6.123762705176765e-17,-1.773215721546163e-17,0.1297440952998885
26.16,-2.8141142733732877e-06,-1.1277215377051579e-07,0.4168983190613466,2.587267562458257e-18,-3.422507889640185e-19,-6.403445569519485e-06,0.999999999979498,2.91642074595637e-17,5.1920444717128034e-18,0.12797684957107092
26.18,-2.814114273372709e-06,-1.1277215377067428e-07,0.4194949803605456,-1.330009269205487e-19,-1.8294536933472025e-17,-6.4034455730177254e-06,0.999999999979498,1.5819348145235297e-17,-1.6781113968235456e-17,0.13058060008990235
26.2,-2.8141142733738726e-06,-1.1277215377116317e-07,0.4221529981373818,-1.2456239811761281e-17,9.678381519014535e-18,-6.4034455765193546e-06,0.999999999979498,-6.942594149902504e-17,-2.4432168625570385e-17,0.13361922738500123
26.22,-2.814114273373864e-06,-1.1277215377093793e-07,0.4248457138364423,-7.590031411858819e-18,7.08380345633971e-18,-6.4034455800204975e-06,0.999999999979498,2.3922162649017256e-17,2.293805209209036e-17,0.1350729478966306
26.24,-2.814114273373575e-06,-1.1277215377061386e-07,0.42758087110313114,-1.777217636255156e-18,3.2980980981449444e-20,-6.403445583520139e-06,0.999999999979498,6.647530595974058e-18,7.299564520544424e-18,0.13733772054044247
26.26,-2.8141142733736558e-06,-1.1277215377076246e-07,0.4303614660126867,-8.409222466810846e-18,3.2019027158061443e-18,-6.403445587020499e-06,0.999999999979498,-6.132590936282021e-18,-1.3241249175751464e-17,0.13957881834218977
26.28,-2.8141142733736007e-06,-1.1277215377036876e-07,0.4331385094621622,-3.298999615194763e-19,2.7005349581217664e-18,-6.403445590521448e-06,0.999999999979498,5.865942080763685e-18,3.1408102802252344e-17,0.13767285578260013
26.3,-2.814114273373504e-06,-1.1277215377015696e-07,0.4358590966663895,3.062037261674318e-18,1.330322432082096e-18,-6.40344559402219e-06,0.999999999979498,-1.3932560133250413e-18,-9.729039314178667e-18,0.13598905918150161
26.32,-2.8141142733733957e-06,-1.1277215377085914e-07,0.4386005652910254,-1.722650151956164e-17,-6.189783167848799e-19,-6.403445597522454e-06,0.999999999979498,1.932613610579949e-17,-1.0032936881338716e-17,0.13753263526196657
26.34,-2.8141142733730167e-06,-1.1277215376979434e-07,0.4413815005526622,8.706067118049527e-18,-1.0274372125127104e-17,-6.403445601024e-06,0.999999999979498,1.1141924244565109e-17,5.73479147050964e-17,0.1395517451463657
26.36,-2.8141142733733326e-06,-1.1277215376989041e-07,0.4441525606871329,4.115307813499731e-18,-2.9435502740948688e-18,-6.403445604525754e-06,0.999999999979498,-1.893066856641858e-17,-2.5583794248819654e-17,0.13716018825586374
26.38,-2.8141142733729248e-06,-1.1277215377016554e-07,0.44682613909556285,-2.967974402961288e-18,-1.6454715202358673e-17,-6.403445608026013e-06,0.999999999979498,3.3681903495312924e-17,7.738491402202172e-19,0.13302376099839086
26.4,-2.814114273372959e-06,-1.127721537700693e-07,0.4494841270018596,-5.101149359474131e-19,-1.9511137722113963e-17,-6.403445611526014e-06,0.999999999979498,-1.5693031535628336e-17,-3.2960822671260073e-18,0.13320947856931276
26.42,-2.8141142733734974e-06,-1.1277215377016396e-07,0.45213513055283056,-3.3852786167415514e-18,-1.1623875590526278e-17,-6.403445615027364e-06,0.999999999979498,-1.759830480104075e-17,-2.259966066722531e-18,0.1314064953806482
26.44,-2.8141142733735554e-06,-1.1277215377004308e-07,0.45471639201332703,-8.20880830658946e-19,-1.7232651805068764e-17,-6.403445618527369e-06,0.999999999979498,-4.627678965821542e-18,8.490283989486555e-18,0.12836092722784964
26.46,-2.8141142733739717e-06,-1.1277215376998765e-07,0.45726568392400796,-1.545629919789692e-19,-1.3516724885078888e-17,-6.403445622029041e-06,0.999999999979498,-1.5020570348047056e-17,2.1030366013076315e-18,0.12772060305902277
26.48,-2.814114273374271e-06,-1.1277215376988787e-07,0.45986162647808326,2.0780358366761346e-18,-1.3113803197073609e-17,-6.403445625530074e-06,0.999999999979498,-1.0597491497747902e-17,1.8184964614278508e-18,0.13058714291244722
26.5,-2.8141142733744994e-06,-1.1277215376993028e-07,0.4624774625429936,9.926153440513736e-19,-1.440897807583117e-17,-6.403445629030886e-06,0.999999999979498,-7.550776456848062e-18,-2.904925653206443e-18,0.12993763492744614
26.52,-2.8141142733747713e-06,-1.1277215376984286e-07,0.4650628829590886,3.823607215906188e-18,-1.4581209337426462e-17,-6.403445632531817e-06,0.999999999979498,-9.033587889741393e-18,6.032604008114355e-18,0.12954853198349214
26.54,-2.814114273375078e-06,-1.127721537698741e-07,0.4676911584931129,3.8800475914379215e-18,-1.39032893260176e-17,-6.40344563603261e-06,0.999999999979498,-1.227470132490885e-17,-7.027962718883486e-18,0.13205904181942674
26.56,-2.8141142733753596e-06,-1.1277215377026466e-07,0.4703206875037838,-5.4694676307524275e-18,-1.3936729871079286e-17,-6.403445639532988e-06,0.999999999979498,-9.339128666752577e-18,-1.6828308360946802e-17,0.13141889206250149
26.58,-2.8141142733757712e-06,-1.1277215377024439e-07,0.472972966956356,-4.76623366840794e-18,-1.0266946120618008e-17,-6.403445643033971e-06,0.999999999979498,-1.8185555842476945e-17,1.1321166604786867e-18,0.1329842269916115
26.6,-2.814114273376129e-06,-1.1277215377022957e-07,0.4756420861833956,-5.454420149007191e-18,-7.47884785628942e-18,-6.4034456465347355e-06,0.999999999979498,-1.4674106267383798e-17,-1.0420264402882867e-18,0.13384496033362892
26.62,-2.8141142733764675e-06,-1.1277215377007086e-07,0.4783535908821733,-2.8879168790874642e-18,-4.1325485434810135e-18,-6.403445650035801e-06,0.999999999979498,-1.5610627041145284e-17,9.911380227053285e-18,0.13618641549150157
26.64,-2.814114273376645e-06,-1.1277215376998417e-07,0.4811135490869435,-2.501160551849514e-18,-3.936544056364197e-18,-6.403445653537016e-06,0.999999999979498,-6.085510879498569e-18,1.7142174447556155e-18,0.13858850968002656
26.66,-2.8141274420192227e-06,-1.1278652810087887e-07,0.48387516908760564,-4.02310381134769e-10,3.686032301277404e-10,-6.403249196467921e-06,0.9999999999794992,-1.3315703690399316e-09,-1.45391144858933e-09,0.13686563698840915
26.68,-2.3497492485151e-05,-2.1886064564050097e-05,0.4864393790842415,-0.0006067714441455609,0.0005762404776244242,2.1716154737729716e-05,0.9999996496518062,-0.0019082144166184978,-0.002006547550639252,0.12487874707530008
26.7,-0.00015135373686120282,-0.00015401977601487877,0.48872793228034817,-0.004364450631388689,0.0042115863481223806,-7.930798561933176e-05,0.9999816037414697,-0.009357723411595863,-0.009750807120076036,0.11091244186346243
26.72,-0.0003269095187530489,-0.0003262745253909898,0.4907081024374348,-0.009836576914846592,0.009740139631061163,-0.0005251137450791156,0.9999040432412105,-0.007726784033528347,-0.007128685395625038,0.09397849289964486
26.74,-0.000508149202862005,-0.0005268650816537008,0.49235021853236494,-0.01750754342590829,0.016813723698048035,-0.0014460928155599643,0.9997043029987239,-0.015066208175657441,-0.016923702487693423,0.07754486484600771
26.76,-0.0008105422196169399,-0.000836833491794007,0.49366690439408584,-0.030166771459527224,0.029090116494459882,-0.002881705472239886,0.9991173238392069,-0.014458221549288105,-0.014285154461825536,0.05816067777581825
26.78,-0.0008450629855359787,-0.0008543120347626685,0.4946141390543755,-0.03792602238166104,0.03692597890267317,-0.004216904069862554,0.9985891580767592,-0.0023489686787433574,-0.0019874490070362454,0.044181869370869806
26.8,-0.0008259011245090074,-0.0008490034412677821,0.49539473372136056,-0.048623455923375615,0.046774742687704596,-0.005633758422482331,0.9977054393690573,-0.004718971279723892,-0.005488718283309041,0.038233951687392506
26.82,-0.0008661890981560478,-0.0008664419555892437,0.4962911316961841,-0.0641892396170455,0.06229351996804516,-0.007369125501857154,0.9959643341388857,-0.005319901974783362,-0.0038428196856250567,0.04701706785809677
26.84,-0.0005886932033487657,-0.0005498762491070804,0.4974144950956866,-0.07630805477402855,0.07462511031122429,-0.009094226493480745,0.9942461811503862,0.009224931675040139,0.011390299308059477,0.06368923632525084
26.86,0.0001103069627462496,0.00018247374375226577,0.49870732178734006,-0.08334844284295798,0.08165275928006074,-0.011276833714516809,0.9931055819997096,0.03119043607112551,0.03420435971514158,0.07640181742652506
26.88,0.0011727141126410012,0.001291140749587463,0.4997556798101531,-0.08462452458651426,0.08348500409947927,-0.01339139090763298,0.9928190240817182,0.040164265208104365,0.04501765572288332,0.06378143429613026
26.9,0.002039116767227402,0.0022051748888775556,0.5004736064040832,-0.09367829480986677,0.09329769163284071,-0.015674544078290796,0.9910974858637452,0.03609531365877072,0.04090986724303256,0.047589608714430034
26.92,0.003154726158871802,0.003344949134492493,0.5010231698049292,-0.09904185097939701,0.09910755405248423,-0.017882382165473856,0.9899740526359248,0.05280898376640366,0.05772891754265852,0.0484830443045829
26.94,0.004419394118614471,0.004636788140668881,0.5014053679866727,-0.10276275988209126,0.10380475945432417,-0.020248644163434675,0.9890674292006527,0.05112234248179522,0.05760563289606889,0.04112042305719886
26.96,0.0055879687156631976,0.00584644573651154,0.5016895073157629,-0.11067581431677974,0.11347909027611447,-0.022473072721233226,0.9871009680867957,0.04939735219450944,0.0564732841437318,0.03997845277621233
26.98,0.0068046432083405895,0.0070963272484296045,0.5022251317258076,-0.12099200749341668,0.12598615127809504,-0.02460745427872337,0.9843184936811695,0.05097326346957959,0.05845312141194644,0.05895561201007593
27.0,0.008364863387650967,0.008653176713250608,0.503065919693623,-0.1277622637173054,0.13529552573430736,-0.02621706203539928,0.9821835828114514,0.058151928678755474,0.06649110078643901,0.08582869300379599
27.02,0.010192143230837822,0.010452806114662573,0.5043326953133127,-0.1340651029944579,0.14485589898358855,-0.028347854079712045,0.9799182189641221,0.0678885356542075,0.0770180506517784,0.11277770175948651
27.04,0.012405122463156948,0.012570996399092938,0.5057740863469044,-0.13682385213215095,0.15112832793694025,-0.03009597802258869,0.9785365062630866,0.07412810225599863,0.0832564705265765,0.13026582110580295
27.06,0.014723875690280927,0.01476044470101915,0.507455587988622,-0.14253808854724656,0.16129887012175775,-0.032225900140524226,0.9760261570116217,0.07700096545407198,0.086437982638426,0.14594581646065602
27.08,0.017338076585816507,0.017164287964125634,0.5093625038876136,-0.14702144548726712,0.1709258629201475,-0.03375337755429788,0.9736681947437302,0.0785958676769698,0.08800957645507217,0.16828706002885427
27.1,0.02017670133396598,0.019702892512868216,0.5116209455459029,-0.153280760366703,0.18310087674865927,-0.035274839340768624,0.9704301948851142,0.08136674817033386,0.09010995213541981,0.1931359155806281
27.12,0.02346563231252376,0.02254545254544659,0.5140922212245661,-0.15650920699327242,0.19243093188085122,-0.03664495941699151,0.9680559650821492,0.09356732514501473,0.10066410528649054,0.21678612972008957
27.14,0.027124103845016928,0.025603166329500538,0.5166926860373431,-0.15854604861286123,0.2008357406394066,-0.03770791910396671,0.9659742587605106,0.10129301950333058,0.10613390952623081,0.23388930345947395
27.16,0.03110745092521982,0.028831464165381553,0.5193506931392777,-0.15966731717395377,0.2086517472541484,-0.038860943604182116,0.9640853817253198,0.11158166905936699,0.11383264366460408,0.2460108996684049
27.18,0.03544636799793632,0.03221906496226829,0.5218117182984868,-0.15842370754087767,0.2128697016506603,-0.04088960049831234,0.9632842049879411,0.12846679029239028,0.12581425225159643,0.2430418034750265
27.2,0.039926266400683114,0.03561694741715497,0.5239507681387068,-0.1564809039436355,0.2168965363820914,-0.04181908854218689,0.9626633799204868,0.1353563860472032,0.12902845911556954,0.23455317840996517
27.22,0.04446340662759589,0.03892051118426946,0.5258486287270963,-0.15659675284362062,0.22156700551336078,-0.044275679989900514,0.9614703236336045,0.14333090249097546,0.13059012282282406,0.22120031924289146
27.24,0.049034742916980616,0.04218166940351597,0.5272964987749535,-0.15494888110568975,0.22572180009660678,-0.04507323372560469,0.960733530593556,0.14992501536886446,0.13607631268712755,0.20693751843786184
27.26,0.0536147899976558,0.04540787910193932,0.5285444295862614,-0.15285355765616063,0.23037287582563226,-0.048087361971000386,0.959818594117843,0.15412199306951652,0.13889196045944374,0.19600674105674115
27.28,0.05819168590903882,0.04849893409630701,0.529420308963055,-0.1509258050415312,0.2347292643819139,-0.04926053584672182,0.9590083281303583,0.15847737420694175,0.13636563008421507,0.18295446414780034
27.3,0.06278078926944304,0.051458537744373894,0.5303457718479001,-0.15071313301809036,0.2403868869546137,-0.05022407128310988,0.957589285017272,0.15750317140266162,0.13081932191224466,0.18828696216333618
27.32,0.06751756556720598,0.05444065449951688,0.5312183359832403,-0.1488173787195913,0.24413961962397684,-0.053002349649036995,0.9567862796113722,0.1655761193272,0.13621409466796527,0.18597398730560563
27.34,0.07230135154974385,0.05739483810210236,0.5315389885078761,-0.14479663065001808,0.24544511160581053,-0.05703347532952395,0.9568374029233232,0.17939028892999515,0.1460674000552716,0.15929066652698545
27.36,0.07696418587525047,0.06023104951822364,0.531195316963476,-0.1387547661109648,0.24652391347286826,-0.058876736120620984,0.9573435145815195,0.18453021017804086,0.14944126978167,0.1271885376559105
27.38,0.08133830469644197,0.06279140437856634,0.5309508694472417,-0.1370579841284929,0.2542865583815181,-0.06034442071004549,0.9554642882401653,0.16789282151299498,0.13038885732735003,0.13125304336039725
27.4,0.08581848559741391,0.06521089935860247,0.5311254312445862,-0.1377254812453975,0.26258599382415354,-0.06198999675820731,0.9530149673352579,0.16642198912322048,0.12271538297941009,0.1535974546543099
27.42,0.0905945027569689,0.06772206067418883,0.5314442501492411,-0.13455594646465605,0.267769880898089,-0.06313381214183299,0.9519496362304382,0.17293262096778633,0.1280106348436344,0.17190923654627613
27.44,0.09566505291413224,0.07033212165398967,0.5320664748944821,-0.1287693235853214,0.2721117862237138,-0.0648168769856461,0.9514054916592327,0.17355019574922576,0.12865276132448428,0.19342469507566987
27.46,0.10099057198525918,0.07292495421834569,0.5329965401228872,-0.12319375009228668,0.27695321180136356,-0.06662720527089169,0.9506213935783787,0.17653298913092663,0.12585394946955866,0.21246301622172575
27.48,0.10667900073493092,0.07550374801591915,0.5340334394714946,-0.11634616434328589,0.2780904187704227,-0.06864930426633463,0.9510081819072033,0.189695561654537,0.12911337438078693,0.22384597937292883
27.5,0.11258178781696404,0.07802939342934088,0.534932782769085,-0.10808688429726182,0.2764880511059883,-0.07109637640925301,0.9522693360074116,0.2008780915230702,0.13130251784550978,0.21758156111674384
27.52,0.11843034568638114,0.08036230179623326,0.535704004186227,-0.10200835827401655,0.27708075731784226,-0.07475900810608989,0.9524870810007895,0.20372767963800675,0.12684614497358962,0.2036260404049306
27.54,0.12415556862552377,0.08252857886524982,0.535919595800245,-0.0954778834539323,0.2773023656614628,-0.07843913494316,0.9528035862018376,0.2146033716253807,0.12948234800180836,0.17165242348592352
27.56,0.12967123020851137,0.08455539594685534,0.5357462869935423,-0.08693535690733578,0.2785896916739646,-0.08048031277800505,0.9530755199183084,0.21099076175457704,0.12595899867123245,0.15404922308127708
27.58,0.13505397041645295,0.08631315270260614,0.5358296915381099,-0.08126858544992133,0.2827475134694599,-0.08208504700221106,0.9522138970338814,0.20183403681694734,0.11011197520426748,0.16478644695356087
27.6,0.14058833740323978,0.08793475562473145,0.5361534640918788,-0.07515902260174202,0.2845901837031455,-0.08450457015985204,0.9519551072836678,0.2045873422267595,0.10730878509201833,0.1761317906893506
27.62,0.14620033991295825,0.08946638930663871,0.5364505152415789,-0.06723795201460131,0.28525906849656935,-0.08658006898074702,0.9521608127331437,0.20687851877903335,0.10493868773973485,0.1754144438717318
27.64,0.1518325255333479,0.09082767721088542,0.5369571912565467,-0.06011498168850729,0.28764570146186064,-0.08830598223584778,0.9517605754119398,0.2031501109581204,0.0977297302943158,0.18537188808046998
27.66,0.15758196278426448,0.09211202047925536,0.5374694743239816,-0.05157199699987921,0.2885661435687172,-0.09261192111221934,0.951573928803867,0.21148002344460512,0.09962111016299861,0.181710878431611
27.68,0.16332282748078605,0.09324345099194384,0.5376094885118013,-0.041965993283575274,0.2876560244251515,-0.0952586845686443,0.9520602134497015,0.21909070486843887,0.09623172045197564,0.16530841562375442
27.7,0.16896099826893884,0.09412015032225265,0.5378568785924034,-0.03448587733015681,0.28910487343506486,-0.09719770692931017,0.9517256443894682,0.21261117974155033,0.08382187772835997,0.16967954664631107
27.72,0.17468963267728913,0.09481009505065548,0.5382912181792688,-0.027021547279388526,0.28923751217090365,-0.0991845054518444,0.9517215619150841,0.21548559112683535,0.07893037729297178,0.18021441428115592
27.74,0.18055634290200906,0.09535336759937618,0.5388245359453359,-0.018627164139337626,0.2869060379274492,-0.10140710507871324,0.9523941165276348,0.21864085850595472,0.07551351996561334,0.18519634970684318
27.76,0.18639370911091355,0.09579547772776283,0.5393482455280881,-0.009192943130530186,0.28575331901169154,-0.10604881148544429,0.9523729206843956,0.22099583356554192,0.07449388791628005,0.17655259708236504
27.78,0.1921197889133633,0.09603147207863498,0.5394927794999754,-0.0003161920981650171,0.28361883812949845,-0.10880124307641394,0.9527447424077751,0.22722397430492225,0.06591697087070895,0.15816726704982625
27.8,0.19770167347953882,0.09601651171974902,0.539715092666275,0.006766367705605308,0.28313162193307756,-0.11048530937926807,0.9526718728612621,0.21963270000344978,0.056264961850474804,0.16154547829327803
27.82,0.20325213333420897,0.09594556992918066,0.5399935764769797,0.016502401084227104,0.2827954647476719,-0.11478755395144641,0.9521440087163534,0.22112615280014364,0.057367545595391124,0.15729820712864628
27.84,0.20874250255601165,0.09571841718990791,0.5399542638676432,0.026778394938077914,0.28015326015882425,-0.11818115641547255,0.9522763688421677,0.22761829397734434,0.051626604561109866,0.1429767127330228
27.86,0.21408125425233093,0.09525747502204934,0.5400464893516638,0.03584783492550936,0.27973218469402295,-0.12051395444362062,0.9518094475060769,0.2168086187536598,0.04000087072866382,0.1494133435418258
27.88,0.2193466163246874,0.09453106029682636,0.540220239804472,0.04234058715956866,0.28020300133484355,-0.12421264968128862,0.9509283728972873,0.21979910484541376,0.02960801301099116,0.14652419840957526
27.9,0.22455054321346862,0.09368290984262807,0.5400456835600724,0.05012142455665672,0.27840907067301074,-0.12628610287718553,0.9508038979660816,0.2252177650347579,0.028266042672223428,0.13355555551352347
27.92,0.22971979267630221,0.09271582781881901,0.5397865440929138,0.05874308968525209,0.27478153404501765,-0.128844789629939,0.9510222805735489,0.2278907261436703,0.020891887265164437,0.12920075552825747
27.94,0.234793601663513,0.09159693292109646,0.5397660108485108,0.06795269454320717,0.2731697128821998,-0.1311389164892385,0.9505594793857998,0.216806287561377,0.018311781566145123,0.14167479532831317
27.96,0.23996547295106468,0.09033117218920236,0.5400648806530738,0.07900708302114957,0.2700973015737709,-0.13427537017999625,0.9501449644544151,0.21850792545948275,0.014208819198227304,0.1586435121128745
27.98,0.24530426461023255,0.08869191982472133,0.5405114280242391,0.086597781748956,0.26223649148100536,-0.1370059650603341,0.9512950185246317,0.2238859163997348,0.002298002619964748,0.16947414951525416
28.0,0.2505416991619502,0.08675985724763573,0.5411955536860017,0.09228933794546314,0.25682711309949874,-0.13780449367662667,0.9521199680718254,0.22187690844169405,-0.012543762262917818,0.1764368938847886
28.02,0.2557939650752325,0.08461400261029589,0.5418193313437734,0.09685773689433559,0.248331955226469,-0.138678730646369,0.9537913967338029,0.2256883100812333,-0.014303216810080111,0.17097416601402832
28.04,0.2608812407244637,0.08253743023033443,0.5423792363706051,0.10590791173450595,0.24121602802635783,-0.14058565691068975,0.9543762440076834,0.22085891298747207,-0.014368696308711747,0.16028346186235953
28.06,0.2657258782113047,0.08029206127978375,0.5429415719497803,0.11337939992439339,0.23591153169034917,-0.14134567014262414,0.9547315132644519,0.21741759821066914,-0.02896403945766971,0.15789106976421546
28.08,0.27051004465311185,0.07763927110681855,0.5432342325135434,0.11318989642504056,0.22530856418210993,-0.14002761324137772,0.9575052823788534,0.2283130556105916,-0.04843712894598061,0.14187317356013
28.1,0.27492757966045756,0.07518543136139524,0.5431264549144054,0.11781279212343859,0.21894149714068603,-0.13923992640925212,0.9585389975037116,0.21349601396351084,-0.04209089571311797,0.10835729438505086
28.12,0.27888814073131635,0.07295010566455246,0.5429173384863252,0.1268859700210681,0.2189486049322211,-0.1393620342883008,0.9573607900938252,0.19944837537041132,-0.04632070913495269,0.10029610776852196
28.14,0.2827906190113445,0.07055688189136357,0.5428464919760977,0.1339049050461425,0.21567060780689415,-0.13995011007672892,0.957063024059701,0.19309282108554665,-0.04613767550628032,0.11133273750880075
28.16,0.28658408475151553,0.06823798945177519,0.5432527697161909,0.1470949290214993,0.21567453608047935,-0.1419158258713831,0.954833741920484,0.17529097913352798,-0.039722758831117574,0.13277059541787511
28.18,0.29040916388809906,0.0655266506984901,0.5440802111209843,0.15656992876877457,0.215016847356468,-0.14390055096949447,0.9531769217668365,0.1762411482128719,-0.0528033452133397,0.1605105701479924
28.2,0.2944430355735312,0.062363206940834,0.5450259008658643,0.16199533858164578,0.20815725375174096,-0.14433017922892152,0.9537278790892603,0.19183120186102737,-0.06775513660787683,0.17092938228331184
28.22,0.2984839915817093,0.05898488839564851,0.5457429189509728,0.16566165561600663,0.19874785994408434,-0.14566620149983264,0.9549014932268252,0.19511443847019547,-0.07411410702155577,0.15925314515854175
28.24,0.30222941213214033,0.055763137764502924,0.546537745397666,0.17596266355666673,0.19596000537649463,-0.14819356968839895,0.9532447131927337,0.1786251296281589,-0.06798845772888547,0.15819787656571208
28.26,0.30593697142667664,0.05230136724927205,0.5474281349292346,0.18428314485882052,0.19104413999435824,-0.1510792434946161,0.952216845723627,0.1837518144692649,-0.07892066308643766,0.16912460981719274
28.28,0.3096353551548399,0.048501088389747045,0.5483841831118121,0.18901501974427118,0.18303377328487982,-0.15335617735768778,0.9524987364896655,0.18501642323702272,-0.08892497856382003,0.17620992666249974
28.3,0.3131600316183092,0.04456910896674746,0.5492374415722104,0.19335289708819703,0.17585909034781314,-0.15502677250507008,0.9527092617038537,0.1828055313493367,-0.09787198250415023,0.16679829576954558
28.32,0.3164853137519754,0.04059443949482807,0.5500425784834898,0.19860287427640513,0.17006330705948336,-0.15718532039701197,0.952327750815249,0.17697976641918292,-0.10105560898739585,0.16388627674217074
28.34,0.3196959280030563,0.03650364307730215,0.5508421487180705,0.2032272965530051,0.16310296908252941,-0.1596776910012281,0.9521549886487687,0.17676750833827767,-0.10645585703197076,0.16458577023216683
28.36,0.32282225868028613,0.03229084874664382,0.5515089231622694,0.20672444551873473,0.1533127788177241,-0.1608963782319267,0.9528234626351348,0.18031658928811295,-0.11666358972646898,0.1544998357739507
28.38,0.3256838507048063,0.028033269229021766,0.5519328475559435,0.20833706200287433,0.14516797426051017,-0.16281507341862608,0.9534218267444886,0.16989372234504696,-0.1230962340281438,0.1416782091333227
28.4,0.3282295354556332,0.023875468877569653,0.5524404040467197,0.21281819538587252,0.14120154601699814,-0.16435942602464326,0.9527625717837367,0.15701540149103194,-0.12254324226078869,0.14188462122251977
28.42,0.33068397437252584,0.019577216313741208,0.5529749646439547,0.21490877021230892,0.13480839026749938,-0.16572923115828223,0.9529820251919777,0.15792092236776817,-0.13030237611450585,0.14466491976595058
28.44,0.33302162226049037,0.015192586067052085,0.5535465602644872,0.2160265775099239,0.12763270755602835,-0.1672778611842471,0.9534466565722961,0.15246688487598753,-0.13216180523481072,0.14558291905376658
28.46,0.3351937588036365,0.010829806116323056,0.5542161954789684,0.21879419555970075,0.12169628139589884,-0.16907278862083722,0.9532751477048834,0.14525184252105208,-0.13253892396599815,0.14726482483728404
28.48,0.33722599066236253,0.006364512866527423,0.5549058441602351,0.21966931706389775,0.11550486140115633,-0.17078315168656746,0.9535392667496096,0.14298731996203592,-0.13942066309520668,0.14795513954873463
28.5,0.3391464094757403,0.0018236685067870555,0.5555649075343029,0.2190335291358714,0.10828259494738898,-0.17215820093994938,0.9542854638916308,0.14127701011309413,-0.14451040504760823,0.1447912795568595
28.52,0.3409210268455746,-0.0026842960647413296,0.556215440400385,0.21899060251412356,0.10148675848466285,-0.17372688880999418,0.9547578342004724,0.13440332339677816,-0.1439108695039413,0.14130500781294802
28.54,0.3425592296433801,-0.007161774128939528,0.5568687835239688,0.21916733168007851,0.09471938430986884,-0.1754835940376306,0.9550913187668653,0.13196335365141176,-0.14654256160100695,0.13866999694817822
28.56,0.3441062026134486,-0.011807288224483622,0.5572859278948812,0.21319893920158847,0.08486176654752682,-0.1758690957180469,0.9572955416552752,0.1368447852260724,-0.16639221746304161,0.12413113545769672
28.58,0.3454531777288436,-0.016354924414482247,0.5571961537847626,0.20463633686602758,0.07564565536722063,-0.17603923271076996,0.9599020226068495,0.1286983572248719,-0.16587703635207732,0.0893272956180127
28.6,0.3465671209890432,-0.020260051597367004,0.5568914538257747,0.20678513558079348,0.07078968327815444,-0.17691616273097507,0.9596506655073807,0.11066794533504516,-0.14846420639162877,0.06888204092647068
28.62,0.3474480524904125,-0.02414563663158778,0.5564943015384477,0.20396881501488068,0.06717249779935776,-0.17697670926958262,0.9605018596634419,0.10645783259171333,-0.16488368504289969,0.06466675112124469
28.64,0.34829028532746653,-0.02819305899640051,0.5557071585441518,0.1921814377422651,0.0593672824098272,-0.17652005040358487,0.9635260725959125,0.11042246646156928,-0.16765462126702307,0.039633969664451194
28.66,0.34916903621169326,-0.031441484040285184,0.5547401602671825,0.19687523723615222,0.05119204724821928,-0.17745669175969211,0.962875193268292,0.09620561183057602,-0.1339548949190447,0.017475394256368584
28.68,0.3496512229970083,-0.03460565752620205,0.5536659149055037,0.19725745510428383,0.05018986835028587,-0.17806423895338455,0.9627375552697185,0.08043655153172569,-0.1578382375244993,0.011506795534897439
28.7,0.3499833438327384,-0.03811826303419802,0.5521138881723568,0.18304944968239373,0.047572293699678865,-0.17765966871095037,0.9657467669925899,0.08805651146165705,-0.1715924357580544,-0.010851130583930928
28.72,0.35065004014801443,-0.04085969176942619,0.5502447978703249,0.18633903231711266,0.037349169892855645,-0.17838365579203577,0.9654336206543178,0.08837443918197505,-0.12795017051308039,-0.041413565792624084
28.74,0.351107226602948,-0.043213599555001016,0.5484449394032551,0.1948659968057306,0.032247492774137625,-0.17998131631124215,0.9636358587545212,0.06748910138413292,-0.12920192496619223,-0.03541693376304141
28.76,0.3512295658832563,-0.04611030736802964,0.5465686373322093,0.1856071598228658,0.030272449200074977,-0.18013619639068085,0.965497028370267,0.06819585650431008,-0.16951017186702616,-0.03378497484634461
28.78,0.3514281119497331,-0.049211882494627,0.5440508398256108,0.16746744071049555,0.02262787104260325,-0.1802541659982332,0.9689948768668684,0.07823219527524881,-0.16568092456937428,-0.07716020667416784
28.8,0.3518510260646253,-0.05170862017634845,0.5407753997529456,0.1591374003247346,0.009715668884611303,-0.18054626331892465,0.9705585713379606,0.07499807006102979,-0.14700524377723415,-0.12675234330944665
28.82,0.35213551315340264,-0.05367033496503792,0.5368908808447782,0.15594061413012453,0.0008641356378980992,-0.18151980995416633,0.9709440440769603,0.05560358073726668,-0.14779189315980354,-0.1659047982744164
28.84,0.352126838646462,-0.055472386124170395,0.5323386418456058,0.1473108218199649,-0.0020518357058166414,-0.18231261684370562,0.9721406387372987,0.04048381203652145,-0.1400032526695218,-0.19756456906015246
28.86,0.35229014579786255,-0.05660339705055505,0.5277733783206752,0.15232624727482888,-0.008499328315867602,-0.1833875191513598,0.9711300086130881,0.0378062322257084,-0.10784226499641363,-0.20073558306317438
28.88,0.35244619922890924,-0.05769631533761768,0.523506899232809,0.15586270433048485,-0.01632139988915722,-0.18470369898696903,0.9702190334584131,0.03258398730449777,-0.11195037894405913,-0.180968270069945
28.9,0.3524071109541235,-0.05919627281391852,0.5194930353018439,0.14777152747611036,-0.02274685400518141,-0.18623274692051608,0.9710630876903329,0.027359653656321804,-0.13980927091708006,-0.17095127258255877
28.92,0.3521708082405077,-0.060868504712506585,0.5149603183465153,0.13201090652262248,-0.02600752902031261,-0.18766798987251007,0.9729735117517561,0.019236681473939782,-0.13290647940894904,-0.20570589402994424
28.94,0.35228957455796256,-0.06172270700898143,0.5101505765217175,0.13690269240657715,-0.03551946429936761,-0.18893115885550382,0.9717515308355488,0.019982331998497783,-0.09386998345082548,-0.2217006410449513
28.96,0.35244175738173,-0.06252981942034241,0.5055612735337708,0.14121096513564166,-0.04679924766006522,-0.19008089930640132,0.9704321436673365,0.01384899125750864,-0.10432439741460567,-0.20606432654744317
28.98,0.3521854648135531,-0.06384589720940374,0.5010514041677421,0.12961166090665827,-0.0512697190068417,-0.1920636603356175,0.971433880224723,-0.002111002127140451,-0.13677324057385593,-0.1978925134313358
29.0,0.35168346562267905,-0.06526981097577432,0.496334802573558,0.11322124805488609,-0.0511068026552106,-0.19452296605402888,0.9730004416179874,-0.006699193466467204,-0.1246092170858046,-0.2143564044239039
29.02,0.3516407653747143,-0.06625004374040015,0.49156338333842087,0.10929736790656623,-0.061896802862413405,-0.19599336636448655,0.9725273628568115,0.004716921701904641,-0.09629175080741115,-0.2204253775735407
29.04,0.3517887632084938,-0.06730715456191365,0.4872047266161808,0.10350633825593865,-0.07962120226859942,-0.19725520848363537,0.9716158113247373,0.006205254660717247,-0.09807251910775364,-0.19544319400359356
29.06,0.3515108818738105,-0.0685276825002632,0.4831429498406276,0.09128201185080459,-0.08909252598605492,-0.19938740090418058,0.9715836456458956,-0.02685517779054194,-0.10855655909587465,-0.18517396348411858
29.08,0.3507469543768361,-0.06972063090367886,0.47882104257896946,0.07561778743246887,-0.08728211912614822,-0.20144126127693746,0.9726691113425076,-0.03754628804263136,-0.10989813183784365,-0.1978428795949466
29.1,0.350356131623696,-0.07090846108941354,0.474412929506625,0.06007099318770924,-0.09675473517981581,-0.20293105409916415,0.972547677124329,-0.024482310137022102,-0.09339972907785384,-0.20587115539095055
29.12,0.34991068472484094,-0.07181569091729792,0.4699557966666129,0.04936504812022366,-0.10377504773054273,-0.20420159613214503,0.9721602438022735,-0.05324864190878044,-0.08048255666748116,-0.21438278979887734
29.14,0.3491703919204226,-0.07253600352309778,0.46499642362056953,0.038842376933246145,-0.1016002082786328,-0.20516457111183706,0.9726644674256432,-0.06028308384326793,-0.07851829510020743,-0.23802281771033412
29.16,0.34886735256478024,-0.07343272239656931,0.45987801043194826,0.02351889294544754,-0.11202122586357828,-0.20579731711999447,0.9718773435453952,-0.03943174787827965,-0.07134329979751605,-0.24551796983741997
29.18,0.34863614905386675,-0.07423060948143763,0.45490587747598293,0.009306165431606683,-0.12408344179682518,-0.20634800250371907,0.9705344901751501,-0.061119167265449595,-0.05667860135453225,-0.24064156547829882
29.2,0.34803859189602804,-0.07471859421659621,0.4497821002609066,-0.0009024650208013476,-0.12502039520122754,-0.20709270285824188,0.9702997983940237,-0.0781303527713947,-0.048317534367833634,-0.2415158433386526
29.22,0.34752709924159225,-0.0751772007984221,0.44468261643293894,-0.01188966980878291,-0.1291441236874841,-0.2071683610607047,0.9696709242027686,-0.07497317745967633,-0.03933214286657233,-0.24163368490237264
29.24,0.34720906298070114,-0.07577064009837951,0.4398752348499844,-0.027330199477959956,-0.14098079066276833,-0.20684195002349504,0.9677778074388117,-0.06532243347827618,-0.03788747773002189,-0.22400581317817983
29.26,0.34676809182749135,-0.07631713331442484,0.4356591501735309,-0.04457095823407562,-0.15307330632372693,-0.20688993314224627,0.9652867698967057,-0.07681538259380305,-0.028685238797668954,-0.19074407379826713
29.28,0.34601195674607677,-0.07661085747700469,0.43205633745478556,-0.06040284299506412,-0.16107080860510034,-0.20722596649665162,0.9630498896645705,-0.08858324136062762,-0.020428755279637712,-0.15260879861538046
29.3,0.34497193025368333,-0.07671820065929334,0.42915594761117465,-0.07778718044407305,-0.16784185908659885,-0.2075053290784867,0.9605830538276972,-0.09494390755214806,-0.015392295165689957,-0.11204085461729747
29.32,0.34364613720974224,-0.07647893587710927,0.42689214726414465,-0.09356755787993203,-0.1728079361389964,-0.2078918914404023,0.9582084798169437,-0.10262604836806925,-0.0059569090217222965,-0.07226201720983652
29.34,0.34211135212512345,-0.07605319390250422,0.4254844942773657,-0.11359881471773682,-0.1805991131116472,-0.20833013709372314,0.9545039673131392,-0.09900254572265141,-0.005302533522937561,-0.02286511349446014
29.36,0.3402343114074677,-0.07505239847602062,0.42481397730890397,-0.13010101906956595,-0.18588341376223097,-0.20843409220010634,0.9513549866027282,-0.11826349023623206,0.016242689671147423,0.022975700851403484
29.38,0.33807798962222,-0.07323049815723481,0.42442615227769637,-0.13584359106548494,-0.18686708344425504,-0.20797203723354984,0.9504603324812657,-0.13034789638342575,0.038385390300770414,0.051343012346959004
29.4,0.33592806939247427,-0.07108077073692998,0.4242834874085804,-0.14086403926250377,-0.1922595446460566,-0.2057770912541196,0.94913085433471,-0.1288745247432163,0.04981634377951041,0.06745658723811142
29.42,0.33373333599901894,-0.06880295000816905,0.4247210326060291,-0.15088634611342622,-0.2037076523346443,-0.20330520373224564,0.9457290822810924,-0.1170584317285647,0.04441601690338105,0.10597587526114569
29.44,0.33119838490390907,-0.06617707454933305,0.42612485633066227,-0.1647338192177821,-0.21708706779809625,-0.20128114806486544,0.9408623030148661,-0.113766453755165,0.0423348931868519,0.1696318991990624
29.46,0.3281269388059238,-0.06283077804139486,0.4283449385432869,-0.1758835353532642,-0.2278741623015117,-0.19966814249138673,0.9366274504951585,-0.12564377844669714,0.05138280870092038,0.23182310878078827
29.48,0.3244843427395953,-0.058778032695265964,0.43102126883543684,-0.1851549119648761,-0.23441007859234608,-0.1967850783058247,0.933833607547822,-0.14451760903467892,0.06061872527452491,0.2678552008563607
29.5,0.3205022180981099,-0.05430298947022483,0.43343141815154546,-0.19262604628643787,-0.23816196279324017,-0.19607799144056906,0.9315189246833144,-0.16504423556096226,0.07005318674566478,0.2747431759265055
29.52,0.3162965267273943,-0.049465443391229456,0.43584857458764864,-0.19971772953757114,-0.2417732862417779,-0.19562994099891337,0.9291864359497348,-0.17389984033032255,0.07747907810499215,0.29141330158791556
29.54,0.31183378308164744,-0.04421495887800231,0.4383906176995848,-0.20565026075493967,-0.2439682221706938,-0.1956502664941596,0.9273124878071365,-0.18502703707131235,0.08318753279425835,0.31385730780078014
29.56,0.30705248208495267,-0.03859596362454719,0.4409195203099285,-0.21110238052565422,-0.24148229316475883,-0.19581685719138975,0.9267026737114652,-0.20376706976984238,0.08930607896777054,0.32455416643035456
29.58,0.3022296249439447,-0.032699400760099244,0.4431182000165939,-0.21318715548948125,-0.23802636666206883,-0.19726751343920956,0.9268118545041757,-0.21576546043787176,0.10348570772821797,0.3170851996438377
29.6,0.2975143177990594,-0.026646147313412593,0.4451061755510977,-0.21426170856949936,-0.23579200292594524,-0.19585531168255071,0.9274344982168718,-0.22106555308232498,0.1148911564455473,0.30673948383104643
29.62,0.29288695507434326,-0.020592436185634513,0.4466122742905583,-0.2141252147167546,-0.23269305078059255,-0.1957270317441845,0.9282754254991001,-0.23016166076815042,0.12224393129477089,0.28465364155291306
29.64,0.288397730013766,-0.01464336120860868,0.4479248889621329,-0.2149750572047563,-0.2304157710205058,-0.19621045096557133,0.928544967234611,-0.22583248885491752,0.12256187635572162,0.27401724164119645
29.66,0.2840768243345151,-0.008767144221580314,0.4493962959580013,-0.21759840691945512,-0.23135654743047113,-0.1963317273103488,0.9276739373931457,-0.21356823632226765,0.12014884713049552,0.280296052748598
29.68,0.2797532045096545,-0.002764416571486127,0.4510915363930301,-0.21909307268676212,-0.23166853372035334,-0.19643832895913557,0.9272216018300464,-0.21161738397752097,0.12164480820572465,0.29428813790069197
29.7,0.2753725051408305,0.0033844690259390905,0.4529508689573979,-0.21976062446068273,-0.2307422412419325,-0.19648186946880403,0.9272853719396982,-0.21156316630854838,0.12294100403303385,0.3039645108133267
29.72,0.27099510422172834,0.009624890914023299,0.45490711305197784,-0.22015901411798536,-0.23040157315869272,-0.19660341723382904,0.9272498152712554,-0.210044262523046,0.12529417306667534,0.3095536365221807
29.74,0.26662852934581777,0.015969286870311336,0.456901604159234,-0.21939635742383312,-0.23031943601049243,-0.19635873635896553,0.9275027991334973,-0.2111001147525004,0.1300245623847495,0.31248757619200596
29.76,0.26225410285919365,0.022367590363033,0.45881563755282345,-0.21765170240410042,-0.22946058012707368,-0.19583183220738676,0.9282378316480328,-0.21451187961146229,0.13325305722435227,0.30879009136861474
29.78,0.2579090838735555,0.028724882821179687,0.460686757963658,-0.21683773919634322,-0.22905032836988187,-0.19409947937514113,0.9288932845274355,-0.21395856133689795,0.13520751607427534,0.3030867207093108
29.8,0.25366856497172835,0.03504160593313915,0.4622001258996939,-0.21352679138011055,-0.229372747559536,-0.19313738771413516,0.9297808352008897,-0.21774916361794103,0.14363380037666548,0.28394208771371343
29.82,0.24953751053446677,0.04121906473702772,0.4635399966126145,-0.21067296230822583,-0.23092373253095644,-0.19044410164862954,0.9306031253190022,-0.21602115423972973,0.14499517991098937,0.2696139772150123
29.84,0.2454654772072138,0.047220668933403105,0.46465763377527897,-0.20768319398792026,-0.23290752453886593,-0.18928943136831375,0.9310162657657566,-0.2136360555024685,0.14213160515874396,0.25899481932176627
29.86,0.24143472811825537,0.053045890431194787,0.46579683974044106,-0.20681379748826811,-0.23604952660772754,-0.18596922320745038,0.931087601773521,-0.2097434148051057,0.1391653299421259,0.252662166785537
29.88,0.23743190284118956,0.058773823758064905,0.4666552396782272,-0.20379995365187056,-0.23903796975362554,-0.18405329923749408,0.9313703940685218,-0.2121179007927705,0.14156369446965672,0.24163318884551419
29.9,0.23342084775620195,0.06442895079465469,0.4674073826567847,-0.19924917109176815,-0.24157345597643448,-0.18186024581341506,0.9321313663746806,-0.2134012946621962,0.1420983563875043,0.23524333075159443
29.92,0.2293755980007433,0.0699259463881025,0.468151823911913,-0.19652613279380945,-0.2443023739222747,-0.17803767945926238,0.9327359829650682,-0.21253927422968713,0.13764011957781958,0.22910381326197693
29.94,0.22535094035382233,0.0752894854607953,0.46858333951905023,-0.19202588610182414,-0.24739278294646547,-0.17620668944489087,0.9332063397811248,-0.21517585246111662,0.13921331292353675,0.2150492290268115
29.96,0.22128146386958225,0.08053250282587758,0.46926179359168635,-0.18857900088019067,-0.25202939745183817,-0.17426408917454053,0.9330333169138497,-0.20655602050142416,0.12968106839006005,0.22889713183230048
29.98,0.21700024630092649,0.08576917896192306,0.4702167609426914,-0.18517094176345622,-0.2550149391772517,-0.1724114736023182,0.9332488343915221,-0.20871996839561674,0.12523843594031342,0.2438927096998213
30.0,0.2125132045071408,0.09109613879906915,0.47138755495418677,-0.17953655836297497,-0.25670654833896334,-0.17081279096256188,0.9341795130994116,-0.21093859769030296,0.1258260562519033,0.257168203422454
30.02,0.2078960741999623,0.09646218743074651,0.472708749516077,-0.17233520893895146,-0.25878344147211496,-0.1687160409114961,0.9353430406642083,-0.21245818589783436,0.12578737574856252,0.26377515286398456
30.04,0.20311188915198244,0.10177652489123076,0.4741061455247951,-0.16497842106175697,-0.2599011922921415,-0.16670557753322582,0.9367191368005708,-0.21703356061034781,0.12364426909416908,0.2666086770622873
30.06,0.198235870831989,0.10704786394518291,0.4753953376061386,-0.1560332477406077,-0.2600289336988535,-0.16237005912333294,0.9389752622616001,-0.22492752223687887,0.12763354913392003,0.25551680994832127
30.08,0.19338961448622158,0.11213155994322613,0.47621090626179763,-0.14506261954981786,-0.25982090409664965,-0.15964215089835299,0.9412567757314111,-0.232462616460643,0.12784228401223835,0.2269405142250056
30.1,0.18864371593128856,0.1167713264337332,0.47680684003902407,-0.13914046655916257,-0.261597082560797,-0.15455365294908494,0.942507329054513,-0.22929328175370256,0.11587454180666419,0.20476922863353325
30.12,0.18403430911464458,0.12109363165380331,0.47687361236267883,-0.13224309115157923,-0.2639420148596921,-0.1519262657513449,0.9432734425442778,-0.2326515721685085,0.11371082038154054,0.17396808265738364
30.14,0.17954848273431845,0.12513610813016102,0.4770425091105208,-0.1255192360148444,-0.2692211762591057,-0.14960799743395578,0.9430706902177136,-0.2168554338108853,0.10281745460997258,0.17973364682427678
30.16,0.17499036990226166,0.1289843263203582,0.4774830022533131,-0.12021034630870131,-0.2750606433941884,-0.14489806058335494,0.9428126362831056,-0.2138191868723686,0.09552843730176067,0.1854059479842873
30.18,0.17034678381251558,0.13269833168336653,0.4776695447669743,-0.11286775223300081,-0.2790052675323903,-0.142160787468389,0.9429778585425094,-0.22060648887722717,0.09264192174066518,0.17700037334955002
30.2,0.16555773959346176,0.13626461034482873,0.4780154979362957,-0.10569099323321547,-0.28233747371785534,-0.13959077405632206,0.9432016649064784,-0.21813682553582017,0.08466843654337516,0.18779317440821786
30.22,0.1605623221963032,0.13972605594188053,0.47872543885449587,-0.09876292588857956,-0.2859654011562259,-0.13708224963416824,0.9432275073632667,-0.21443875038193433,0.07753574361713522,0.2081169309699889
30.24,0.15532311301978485,0.14316337475118843,0.4796071991102517,-0.09015973651258603,-0.2880073207709227,-0.13391600755436975,0.9439224057172464,-0.22031997535988487,0.07762290768923691,0.21752950817076022
30.26,0.14989680481251988,0.1465940354572314,0.4805381981125011,-0.07842245779255483,-0.28877470402685124,-0.13028697975291062,0.9452430329470004,-0.22543999378592514,0.0774376481134955,0.22133870788778487
30.28,0.1442985812300357,0.14976390383420587,0.4816463107315853,-0.06958622333344436,-0.2899690346923191,-0.12708430683088837,0.9460049129888836,-0.22427684665383216,0.06509434457297528,0.2293535895303485
30.3,0.13855260471647057,0.15276778218642903,0.48273686226002743,-0.06036827102752697,-0.289946017813816,-0.1237435015442732,0.9470873900715919,-0.2304379908131709,0.062478469734011145,0.22685788473779905
30.32,0.13274132069629394,0.15568711885848766,0.4836988956807847,-0.04848531979583894,-0.28901609867647365,-0.11822608536917531,0.9487578517242462,-0.23812455908027977,0.06377685198699692,0.2156477450188418
30.34,0.12699654571577138,0.1584120122868844,0.4841925690379393,-0.034572038662900526,-0.28710929108707883,-0.11376841924383875,0.9504892297637696,-0.24502524172639353,0.060318036520407715,0.1889508286843145
30.36,0.1214270612941831,0.16077378294214378,0.48451540177143293,-0.022194568276144064,-0.287643583883258,-0.11005678312145357,0.9511340989990781,-0.23686422670620205,0.04714498876924839,0.1755749001706155
30.38,0.11597980080631279,0.16267768119101458,0.48481999227888256,-0.014786885512728986,-0.2908560968832523,-0.10510397725079527,0.9508613110694629,-0.2307827821599142,0.0317247588674077,0.16636062177051203
30.4,0.1106237860681607,0.1643333919399758,0.48481626236333236,-0.006340721317676326,-0.293599564685096,-0.10241317710783376,0.9504055092562191,-0.23096227332263908,0.02525086763722791,0.15483021197390517
30.42,0.1050028078340576,0.16581850975338563,0.4847550780780161,0.003087854127628724,-0.2886353461391269,-0.10031882806455736,0.9521639747710405,-0.255426442604537,0.015478778423250409,0.15605564847340403
30.44,0.0991862598767455,0.16723233038974883,0.4842263217893447,0.015682514412673074,-0.274381795458174,-0.09874062852103067,0.9564094193085495,-0.2623152173664703,0.014547599092226369,0.12899364315640977
30.46,0.09428363038387709,0.16842424323543145,0.4838576283471105,0.029932624039745885,-0.2828450958298203,-0.09509874635930413,0.953970082457518,-0.21181037892986235,0.012041926624282858,0.11524268745224545
30.48,0.08945205912975289,0.16905937800876772,0.4838555412191769,0.036308942095718125,-0.29393761567753696,-0.09285248793600029,0.9506107270054285,-0.20475027188393186,-0.013991661714655249,0.14294763682745762
30.5,0.08400696625376194,0.16941833214350235,0.4843250556027686,0.04085379761317655,-0.2952433580735298,-0.09197181685304512,0.9501071053511794,-0.2108413177463365,-0.020382674832631405,0.18418690951410582
30.52,0.0782302281875805,0.1697725636894753,0.48548497846253513,0.05043097517728386,-0.29812345325093653,-0.08987908631344478,0.9489472446916453,-0.20262577536034315,-0.016727223912105623,0.22084183631561033
30.54,0.07203503997579022,0.16989083361922025,0.48711452452418574,0.058488225716838906,-0.3000526303475949,-0.08728065950538866,0.9481189972520803,-0.20742035742236503,-0.025180185164743202,0.2523138172065039
30.56,0.0653611026860375,0.1698539022835937,0.48893394412177943,0.06729212550759078,-0.2969928330958949,-0.08441977179095515,0.9487572550790363,-0.22158499835313536,-0.028749313367194624,0.2704968931253941
30.58,0.058460712050230026,0.16962615492394914,0.4908479495943269,0.07640268074455468,-0.29314186760259875,-0.08116493568284505,0.9495486975659047,-0.2261469530871402,-0.03434573846255126,0.27755991976713534
30.6,0.051516835423104826,0.16919678831462895,0.4926430922960013,0.08627812906513098,-0.2895816225798752,-0.07967928368885455,0.9499209335833474,-0.2340933396902362,-0.041569231834785746,0.2676938170786487
30.62,0.04467305608324448,0.16855011634071418,0.49403416991726956,0.09480682189137152,-0.28586635832227053,-0.076735689782131,0.950475526047926,-0.23731797240628758,-0.05172030280302067,0.2499803344463209
30.64,0.03799052368599147,0.1676531698554159,0.4954338463165097,0.10266392998167918,-0.28470181071315703,-0.0740394519934322,0.9502226875874301,-0.22791285465630526,-0.05634817383709083,0.250910490162531
30.66,0.03134151421617644,0.16663941378226527,0.4968286073962329,0.11362553465028931,-0.28282141954048207,-0.07255485713590194,0.9496510281311401,-0.23038987889333074,-0.05923005560865306,0.24652759687562228
30.68,0.02481356269092646,0.16529873037471934,0.4980046723453249,0.12052617772570899,-0.2817674259438967,-0.07020093751441496,0.9492904647850828,-0.22471484833326275,-0.07607115571633115,0.24058713443260973
30.7,0.018361242552103335,0.16362760372878946,0.4991291295951116,0.12474712175338087,-0.28131236848448904,-0.07081875495061161,0.9488341324484166,-0.22362959693995701,-0.08878454076596345,0.23677329218632134
30.72,0.01197068234500914,0.16189415826728829,0.4999498553575403,0.13035238591588974,-0.27919541742440507,-0.06993566837316993,0.9487714037977985,-0.22676841159244163,-0.09078778629618846,0.22494452909606624
30.74,0.0057293298715467116,0.16009761594133393,0.5008974020863408,0.1384621217483222,-0.2799570579573198,-0.06842010981552978,0.9475077704766677,-0.21439749522242169,-0.0890755516209196,0.2308930841908013
30.76,-0.0005146864604924899,0.15808102965128334,0.5020134309617961,0.14533827759717355,-0.2814473164877067,-0.06656932883562898,0.9461673834820821,-0.2100800520180925,-0.09570034521809248,0.24444842777968706
30.78,-0.006931746793457396,0.15582642794000293,0.5031683856627848,0.15116181396538006,-0.27964486982519515,-0.06668370592172815,0.9457812305938884,-0.21717315669039503,-0.10488537427147734,0.2487544238478611
30.8,-0.013311499681031807,0.15339652580004953,0.5041356344768738,0.15544708975690127,-0.2784911804233424,-0.06549031007966934,0.945510382808244,-0.21386650321085096,-0.11227223608943442,0.2445758150751785
30.82,-0.01958998372536987,0.15084042838310321,0.5051517298397729,0.1611183179325218,-0.2803014825690903,-0.06620168257176541,0.9439752664772695,-0.2101201405211993,-0.11629321525196452,0.244058026891289
30.84,-0.02583589770692965,0.14822404555534016,0.5057351977906523,0.1665993196728286,-0.28028836928929657,-0.06604827662242815,0.9430380278021162,-0.21947371538166577,-0.12488438229600787,0.22678582205742298
30.86,-0.03205884294311369,0.14548688193666476,0.5062694473692502,0.1710264524788232,-0.2798940660510359,-0.06470972823487962,0.9424552591044815,-0.21393274255714786,-0.1278234971927393,0.23392281670216364
30.88,-0.03831795259204316,0.14255908757834515,0.5071213074761254,0.17494967621350524,-0.28101629203110196,-0.06357279171496523,0.9414780690804464,-0.20645381877947613,-0.12871667475841594,0.25317249755849824
30.9,-0.04477310682998916,0.13945129738637863,0.5081643353146676,0.17858175791247774,-0.27978472277500166,-0.06306688022671277,0.9411969152420094,-0.2108880299860832,-0.13305877193083504,0.2666745444605175
30.92,-0.051334632858336976,0.1361812376783896,0.5092309962258442,0.18121227448264346,-0.27767346782246005,-0.06201501376508622,0.9413892366667427,-0.21147810309830892,-0.13859463806897107,0.272559827444053
30.94,-0.05790527972618581,0.13276209387158813,0.5103985213715325,0.18348778524121104,-0.2770291232459186,-0.06116876354723871,0.9411936463379759,-0.2090560603843275,-0.1414226471803528,0.2787794730933202
30.96,-0.06455337019682197,0.12927789679913446,0.5115211300152688,0.18678076489141288,-0.27452055481357057,-0.06086219521568883,0.9413008042304838,-0.21559191922955973,-0.14533545631348938,0.27721739063612094
30.98,-0.07118348928358746,0.12568396227985798,0.5125672487375752,0.18885635426684638,-0.2720831421611378,-0.05969191112291319,0.9416692184367352,-0.2145269268956159,-0.15008134118569588,0.27658319965175765
31.0,-0.07782567062576339,0.12203309032992678,0.5136078671930623,0.19139543788269206,-0.2684268916524475,-0.058212318644952264,0.9422983159029185,-0.21828640624682003,-0.15063210881703445,0.27674211481030253
31.02,-0.08450770657098688,0.11836114451109357,0.5144723780034577,0.19496345949310118,-0.26094318507763203,-0.05806172577062246,0.9436772433541881,-0.22870664551928188,-0.1562530511310444,0.26473966842369057
31.04,-0.0910130028543925,0.11467561673736072,0.5149890050878266,0.19749784694032013,-0.253307237724671,-0.055886166981959785,0.9453606613934702,-0.22831855815462526,-0.1605970985335742,0.24466655071822657
31.06,-0.0972321829666021,0.1110105706224562,0.5155603227934081,0.20190259348387413,-0.24859039428895646,-0.05341377787839806,0.9458251037821441,-0.2172757853795085,-0.15627155784408775,0.24090139328503604
31.08,-0.10332938886689007,0.10722737785714302,0.5162044818951426,0.2049351455098837,-0.24293046157736958,-0.05111113717597698,0.9467703146113251,-0.21411626538214962,-0.15998438542507162,0.24231180220430107
31.1,-0.1093539967081298,0.10334458912016525,0.5167642234322224,0.2073026000248557,-0.23447318518433755,-0.050710017121546165,0.9484073236832256,-0.21707206833855977,-0.16677718546469364,0.23140553939278807
31.12,-0.11512198434294325,0.09945572345743496,0.5170530991649879,0.20905410987802606,-0.2268977619897521,-0.04875374534225182,0.949966766293564,-0.20962983261769966,-0.16950911232589225,0.21296080265090236
31.14,-0.12057028681496085,0.09558498646313578,0.5174894101280915,0.21272825600975326,-0.22274185325397192,-0.04667920650734101,0.9502388160793475,-0.197215265207606,-0.1641478899194348,0.21395691625581334
31.16,-0.12596389626575666,0.09163226390027064,0.5179632461412667,0.21547085453938195,-0.21526023003937306,-0.04475715984341235,0.9514368822208943,-0.1968907309391866,-0.16767341165472485,0.21334298018990552
31.18,-0.13116039594515574,0.08753966301353414,0.5185605892020143,0.2166470678219878,-0.2093975368277747,-0.04316925670614137,0.9525508568312954,-0.18503402307644254,-0.17022182730513907,0.21496257654941536
31.2,-0.13619603802443797,0.08337134772313397,0.519130324181658,0.21714365004405886,-0.20351599339628063,-0.042147274034332764,0.953757559848908,-0.18329883105239947,-0.17476490601456868,0.20814821771651237
31.22,-0.14118266175234256,0.07918256977956768,0.5195110851695479,0.21715793327392957,-0.19353008911978453,-0.04245568475151723,0.9558169549938752,-0.18888191890652167,-0.18200850401044116,0.1920965981807651
31.24,-0.14593971293837962,0.07502193291091895,0.5193464812629522,0.21454652836563334,-0.1824101364605442,-0.0418838784547186,0.9586146618992902,-0.1883338279534318,-0.1933711078819169,0.15714377906344984
31.26,-0.15027872095916936,0.07106623347245619,0.5189734051185968,0.21441259705364582,-0.17441077167596725,-0.041575742694181315,0.9601456027954988,-0.17458634232356246,-0.18616590493180873,0.1345862725156354
31.28,-0.1542433560540985,0.06726632453450146,0.5185047922347968,0.21522166779323243,-0.1689968611986549,-0.040256968007102115,0.960988590537982,-0.1601856171566996,-0.18125805052679636,0.12397432540711892
31.3,-0.1579607007977454,0.06347657968540008,0.5182947524954142,0.2157474140593856,-0.1649905120015802,-0.0390877422365672,0.9616149607212817,-0.14787159867017882,-0.17524812896304715,0.13258598780864295
31.32,-0.1616307094024761,0.05965443671730254,0.5181613915076736,0.21549171729077377,-0.15789953647846136,-0.03947529560571592,0.9628461752511673,-0.1482821386306001,-0.17870881572922176,0.12705718162616986
31.34,-0.1651715575317606,0.05584648138500497,0.5175705809043574,0.21264920693447106,-0.14855929795377593,-0.04058012421122331,0.9649164229614,-0.14976285736305014,-0.19035369425443344,0.09718213332931319
31.36,-0.16846197153230485,0.05219002604056386,0.5164266433465593,0.20845847955668326,-0.13917763288699755,-0.039979470230285634,0.9672519272480121,-0.1441694859424524,-0.1903056632475479,0.06496534811854789
31.38,-0.17141152356908454,0.04882803646128599,0.5152303380897235,0.20832247629628758,-0.13246408467360174,-0.03918148641400127,0.968256073187128,-0.13006657952496745,-0.1778199030001766,0.05316807047811882
31.4,-0.17413671286182572,0.04551845876329065,0.5141138323550528,0.20723120431470818,-0.12639357865662015,-0.03949203280890777,0.9692885383503039,-0.12287172606242251,-0.179222726290783,0.0498241467720712
31.42,-0.17681476564255982,0.04217628785619919,0.5128923686978959,0.20237567326193842,-0.11694947337121389,-0.038996951896760716,0.971517444667225,-0.12008836813640363,-0.1787731142471873,0.04369637891201158
31.44,-0.17931960297969735,0.038967015718616785,0.5116705121340508,0.19883721831671267,-0.10774224900331991,-0.03839358887077795,0.9733351430650186,-0.11276449601461824,-0.17389697805019436,0.03417385822810512
31.46,-0.18159645430504878,0.03585916138888199,0.5106666025335674,0.19683842079693514,-0.10089784109190443,-0.03730088749967694,0.9745167548856705,-0.0994150075189329,-0.1641780936787916,0.04047087221465033
31.48,-0.18378531990440586,0.03269879634275738,0.5099311098722695,0.1933010337008701,-0.0932436746113884,-0.03652384777869467,0.9760155408898874,-0.09601834121324147,-0.16424324157190026,0.05010367792616325
31.5,-0.18595333425294663,0.029451684055102,0.5093230434157193,0.1869532462408778,-0.08316498011227738,-0.03563499818157411,0.9781933432136621,-0.09274791731781463,-0.16459512804104398,0.05235562134218823
31.52,-0.18797608071299102,0.026198075550602298,0.5087013749319063,0.17909612694376242,-0.07329045843673074,-0.03593569010916041,0.9804395505038829,-0.08768909022112106,-0.17147701499308837,0.03983978753993148
31.54,-0.18993813283862435,0.022872894710163065,0.5075589101298575,0.1643085131509542,-0.06020427580707069,-0.03650037488564618,0.9838932260737829,-0.08795590368451184,-0.18228496305929626,0.006676527954437905
31.56,-0.19176573525194152,0.01994966141638145,0.505911846078081,0.15360899822603488,-0.045089015241831794,-0.03612133793625977,0.986441333944503,-0.08287789588556123,-0.16081303666112742,-0.030616851439836296
31.58,-0.19314211336071724,0.017629739836658255,0.5042273772351384,0.15324786674293736,-0.03628893014392322,-0.03509597816674805,0.98689739953263,-0.058151919522544906,-0.1360610592612844,-0.03901947511885819
31.6,-0.1943018014116848,0.015203690563310945,0.5026722652204565,0.14588150293095345,-0.028235520312118387,-0.03451396730103841,0.988296579249596,-0.05271827408760499,-0.14684115881392526,-0.033542185698272574
31.62,-0.19549338730474028,0.012724436274707002,0.5011343677936525,0.13388973299603762,-0.015137883078826991,-0.03372756884330855,0.9903064348948064,-0.051633757731445504,-0.1377955961478106,-0.037960279818611185
31.64,-0.196453163788484,0.010682202992777137,0.4997949096718775,0.13108752739798066,-0.003929570183003818,-0.03303710356729705,0.9908123780144978,-0.03829665064792358,-0.11591635460180631,-0.03484464932111213
31.66,-0.19724320800390885,0.00835927272889589,0.49833654501404184,0.11737895996092483,0.006514563265846619,-0.03211378078327011,0.9925464449121517,-0.028003189543285168,-0.1432738213638133,-0.049166843541656687
31.68,-0.19786922686679992,0.006041068313861404,0.4962337068507534,0.09891574172558558,0.016046811131597265,-0.03073890793132287,0.994491475795833,-0.019664933330435223,-0.1272910781653369,-0.08887642848600222
31.7,-0.19835809343726377,0.004538398611434015,0.49382217540347195,0.09686661143450909,0.025982541591561225,-0.030245823304343184,0.9944983445407444,-0.013106536178900254,-0.09245717941420567,-0.10574390146169868
31.72,-0.19882685420039395,0.0030712432255711373,0.49156052461639804,0.09123739142177581,0.03898708017650313,-0.02961573834856072,0.9946248810621672,-0.010436939447834413,-0.09658220077261115,-0.09483987299342658
31.74,-0.1991026721666489,0.0015195246769518509,0.48968859628341826,0.0814211028004833,0.05065427475868734,-0.028824315310872164,0.9949743249522994,0.0025964160515740417,-0.08981882061820264,-0.07389507259530312
31.76,-0.19894789506589633,2.1918236948133534e-05,0.48806937737179573,0.07165354738325916,0.05466286716213174,-0.027457544072693105,0.9955520194216404,0.030458640472394587,-0.08630208214683813,-0.06870997744393377
31.78,-0.19848036966132318,-0.0015323109685032735,0.48604918034227584,0.05734705104825933,0.052675629245147376,-0.02586527726346756,0.9966281057906103,0.032066475746932555,-0.08709841244644445,-0.09535493503363066
31.8,-0.1985185615735812,-0.002808223211499325,0.48362312510464456,0.046182687947141275,0.06574468526743141,-0.02523124116868854,0.9964477809509894,0.012397053370550888,-0.07052407214281906,-0.11646532370921422
31.82,-0.19859047127565657,-0.0037734825419450365,0.48132291972169294,0.039632689203567446,0.08160259861980297,-0.025175996109770907,0.9955583534202651,0.01890154219337193,-0.0540407736784036,-0.10593332386492896
31.84,-0.1982165613110713,-0.004678763509569275,0.4789977679664712,0.03176091752793384,0.08789898698463533,-0.02492936140740718,0.9953107751575271,0.04514042208205296,-0.053110069945782365,-0.10822685588803853
31.86,-0.19759561670268772,-0.00567142634555644,0.47650184987235866,0.01890609758851968,0.08979222116163353,-0.02404923662518338,0.9954906080473988,0.05433428279464503,-0.05264201331327502,-0.1171912098361367
31.88,-0.19724786159092444,-0.006556194278217403,0.4738666804600001,0.0059534373787800835,0.10077702902862742,-0.02354615933280908,0.9946125503854323,0.04496028971743121,-0.04209110948073835,-0.12778452576708682
31.9,-0.1968343202949144,-0.0072661100905966666,0.47122198906021145,-0.005411347941024921,0.11172108895487778,-0.023177279016400317,0.993454543164202,0.049129759622651946,-0.03264156586755047,-0.12088459409616366
31.92,-0.19626816968945734,-0.00789993158458303,0.468839506993014,-0.01793047560843356,0.12181879276581319,-0.022907597860294327,0.9921259606188149,0.0640256973685918,-0.023218251802424046,-0.10836254577122081
31.94,-0.1954693937304739,-0.008404696794741212,0.4666034461869202,-0.03019522346439209,0.129273905721583,-0.022427294976219123,0.9908953134511599,0.06525161843804528,-0.017276471846919703,-0.09572400967921411
31.96,-0.19477885926333996,-0.008881381431764037,0.46481616563166384,-0.04574401614998418,0.14458800436364155,-0.022075270693474883,0.9881874702729333,0.058433926524310564,-0.01316601342066614,-0.0707198423285458
31.98,-0.19369625085275516,-0.009056984855861216,0.4635441979002368,-0.057807779819883234,0.15595937878829658,-0.021699416807904274,0.985831663150693,0.07443247645320436,0.0034043040579168995,-0.035110946314924806
32.0,-0.19215623629965334,-0.008920993836584174,0.46286055325943687,-0.06716861419768942,0.16356613249583085,-0.022031287601080203,0.9839965040251701,0.08921590654629664,0.01872257983100418,0.0007652449384517757
32.02,-0.19005853121822053,-0.008260759079832692,0.46224193247959344,-0.0669477003063608,0.16249207049234055,-0.023601318722553718,0.984153092869884,0.10696701086828239,0.042216549642796156,0.009605281197638663
32.04,-0.18827094292198548,-0.007730980785973067,0.4617814698408327,-0.07411008716279247,0.1745886408135849,-0.025450074703039036,0.981518616826598,0.0841979376317196,0.02667778266696382,0.01479245075861311
32.06,-0.18634978584253467,-0.007215965194137265,0.46174614899570066,-0.08541852555748299,0.1891750223080103,-0.026758553081083946,0.977855033357888,0.09461719779670037,0.033265159391283355,0.04366454868702535
32.08,-0.1837619772807917,-0.006264849442353511,0.46193815994712983,-0.08905064906253546,0.19350205745491708,-0.027746431371768857,0.976656065976343,0.11402815724230145,0.04921117644257915,0.07348441111905783
32.1,-0.1808785188003342,-0.0051604914477027045,0.462512442943657,-0.09343541240326997,0.1982086043475984,-0.029509309077859685,0.9752499031270679,0.12115706849313794,0.05527114680983515,0.09499833527349624
32.12,-0.17771922308095295,-0.0038866981306821314,0.46317504630569767,-0.09665200312446953,0.20142664814104225,-0.03118682770538837,0.9742243465898226,0.1263948009915849,0.05917764974847124,0.10532171616395321
32.14,-0.17454004226349906,-0.0026510662433149295,0.4640310491511821,-0.10418718678611852,0.2095344570013328,-0.03225928851985048,0.971699377247379,0.11899776052435836,0.052144389183234316,0.11880060049359645
32.16,-0.1711824480975599,-0.0013384320740706694,0.4652507476059372,-0.11385772549928892,0.21987491963487424,-0.032723045120912696,0.9683081329709572,0.12032137156913061,0.05361666163175004,0.14678036549461107
32.18,-0.16744135112410283,0.0002101577404139193,0.46686203388361913,-0.12325046004676937,0.22913710509032936,-0.03428595278735949,0.9649507679724112,0.12779765518504504,0.060324443265056496,0.1726500730414001
32.2,-0.1633106428630796,0.0020538897640643332,0.4684607417612819,-0.12934843994949455,0.235478711096904,-0.03443328517821334,0.9626178403575371,0.13802779093712766,0.07173239621452923,0.1904820208936197
32.22,-0.1589296334592414,0.004096068701166198,0.4703024833939514,-0.13671978535052082,0.2438655327804813,-0.036539705951048,0.9594280338328719,0.14027693634568617,0.07564092681744591,0.20605474568589638
32.24,-0.15439655621530807,0.00624950257703859,0.4716316524048556,-0.14425055162183922,0.2515769298609729,-0.0392438875880236,0.9562221206422181,0.1565345933695284,0.08816580539014965,0.1868262655459141
32.26,-0.14975062343793902,0.008554345994290854,0.4724004163130306,-0.14857887450347365,0.25780455469073615,-0.03932870637929622,0.953894324590792,0.16723446747999143,0.10157613087335496,0.1794958693798396
32.28,-0.1448211848179868,0.011108976294506,0.4734625555626732,-0.15071089260405277,0.2632982599275688,-0.03959258492442497,0.9520465746950652,0.1663786814599652,0.10442113493610476,0.21186597759993714
32.3,-0.13956261913051068,0.013809876592625326,0.47486709836337343,-0.1544872735286989,0.2684548611342393,-0.04140823725164774,0.9499215903108933,0.1714717132021363,0.10699745532290084,0.23085398023661274
32.32,-0.13409040948320333,0.016693417810698222,0.4760842682475902,-0.15533847757636046,0.27259991751190593,-0.04211587079545176,0.9485702376650352,0.180266586438106,0.11913001906926854,0.2350523442128014
32.34,-0.12839332548106155,0.019745289890061045,0.4771919303595667,-0.15366288224855004,0.2747758673110641,-0.043628059384103746,0.9481468946302033,0.18950996426062466,0.12753687403864966,0.2385011191123842
32.36,-0.122557473897182,0.022795853033738624,0.4784674182674277,-0.15376942746433075,0.2785284345056585,-0.04403630231135893,0.947015141604326,0.18640677509539033,0.12249898866018032,0.2531599723117746
32.38,-0.11654511909197382,0.025895635558843125,0.4798723219189722,-0.15487450071397754,0.2826754241823805,-0.046356913651030354,0.9454943311033961,0.19181432378130042,0.12616334466395296,0.2602528228547834
32.4,-0.11038012557148777,0.029058319807105694,0.4809239636851389,-0.15332503462034888,0.2842919218941965,-0.04747305132867143,0.9452067743631116,0.20461688958426066,0.13598538388345113,0.2527608993963393
32.42,-0.10409632144407042,0.03226099023785369,0.48172368542036414,-0.14964395094050328,0.28327370094194804,-0.048922610893283584,0.9460281583784662,0.21437341549536965,0.14137578759717223,0.24506999973244964
32.44,-0.09782373499968948,0.035319697663369023,0.48268742970565176,-0.1492870292145898,0.2847553461058132,-0.049069511638052225,0.9456320419698371,0.20735213887362042,0.13034344179247787,0.2529146607348725
32.46,-0.09146611604061772,0.0383529337062395,0.48372613472118,-0.1499041225489901,0.28575165035114286,-0.051277975094709105,0.9451165629881861,0.21272749871976168,0.13236356823234435,0.2539658067352539
32.48,-0.0850763961926963,0.04138311969100321,0.48433439262247946,-0.14813303113290596,0.28418601563197116,-0.052224453456993475,0.9458157960553,0.2243888024422696,0.14064934525090145,0.23530148664726064
32.5,-0.07878331410624133,0.044391855379188536,0.48488823218556515,-0.14531115802763914,0.2840735606042499,-0.05271655030924946,0.9462599245671257,0.21730878486207147,0.13800476886541052,0.2342156306892333
32.52,-0.07251046615694096,0.04732924784215608,0.4857314554586201,-0.1440970315268904,0.28591057572345613,-0.05311689432374966,0.9458698555996062,0.21146215603939006,0.13173158313568115,0.24685013880574075
32.54,-0.06606179117511235,0.05032705673476392,0.48675361140107587,-0.1407200424440168,0.2852473450351892,-0.05363573336072314,0.9465490108345089,0.2144632714521963,0.13499143508580486,0.25829417033263924
32.56,-0.059525618715552904,0.053361604368706704,0.4877735975011636,-0.13614307745831605,0.28340010144959854,-0.05666370676214647,0.9475962585903923,0.22004798967524705,0.1401250398404779,0.2532214664093534
32.58,-0.0530769643862731,0.056292291225457605,0.48847175984687596,-0.1310193819000112,0.28169898893852297,-0.05781783316005246,0.9487553422069513,0.2221529527174654,0.1397878107921338,0.2348646303714328
32.6,-0.04685851684856894,0.059032870161594544,0.4891689128945815,-0.12914454941544332,0.2842554107682808,-0.06081668947220209,0.9480621694208032,0.21538121196052518,0.13308770433627523,0.22485355946525948
32.62,-0.040741717873346545,0.06165705757499951,0.4895570441357602,-0.12607199920614678,0.2861532329777433,-0.0618360564230458,0.9478388472723601,0.21904484680341385,0.1344054674108926,0.2119456140341121
32.64,-0.03460454614722008,0.06426422681746112,0.4900765790378883,-0.12075923438811943,0.28721366247973007,-0.06306387221985252,0.9481289297430034,0.21375764019278026,0.13195655880320167,0.22119811299730668
32.66,-0.02841164840749084,0.0667773917346169,0.49092908301677485,-0.11626457637698788,0.28928149313658935,-0.06439020038044899,0.9479729258283226,0.20843533930948582,0.12446081447696025,0.23546179823012361
32.68,-0.022049392073409307,0.06921984532895374,0.49200850506180926,-0.11158641078710424,0.28987742960415075,-0.06560374044144335,0.948269844492502,0.21097201816449312,0.12237657143062888,0.24744289755093893
32.7,-0.015549713082025836,0.07161208901291902,0.493162047583194,-0.10596484338974968,0.28903546317848605,-0.06720719186727832,0.9490590847528402,0.21468890359671847,0.12162542520983148,0.25045718758486174
32.72,-0.009034240521917798,0.07391224412888871,0.4942530942035344,-0.10055896533824553,0.2883662018706457,-0.07055679322860027,0.9496075858153704,0.21984783550307302,0.12263370257115991,0.2409767136091042
32.74,-0.0025986478135540877,0.07610671186645815,0.49483267985537394,-0.09405913843008616,0.2861683428795537,-0.07482419256910797,0.9506113286815706,0.23192357280707637,0.12778553823804273,0.21146648254862196
32.76,0.0035988386281481013,0.07819796449712606,0.4948644128740595,-0.08468789089668001,0.28427671529377985,-0.07715647775991255,0.9518726743724369,0.2322611789195618,0.13028727626277373,0.1807986867312345
32.78,0.009434375794694754,0.08005191192704628,0.4950283658548927,-0.07731104703208544,0.2885224907708058,-0.07929418463674916,0.9510469003203816,0.21350748552417942,0.1136577460486726,0.18171153375815505
32.8,0.01525275329646907,0.08163131396482956,0.4953899486472206,-0.0733316606397298,0.2922880146984772,-0.08330775724377147,0.949868412778557,0.21459956592186863,0.10470325061899222,0.1847925548997756
32.82,0.021038907277144647,0.0830858254792335,0.4953347926724654,-0.06732175203242388,0.29383039221769053,-0.08543248161478312,0.9496487631738498,0.22256583721544443,0.10706199877951413,0.16467647710552785
32.84,0.026726321591370727,0.08454091541293152,0.4951767000178083,-0.05703128193307713,0.2960841470967474,-0.08862120214010229,0.9493302340336078,0.21897188751233015,0.1084888142858799,0.1613986200112222
32.86,0.0324295087021455,0.08579076092108265,0.49516957967146014,-0.04767264284516506,0.29816418850633447,-0.09169866561471034,0.948902940527111,0.21728625987387806,0.09827504376059766,0.1688254058601471
32.88,0.03824402044334526,0.08676464954514011,0.4954564582210328,-0.04082579450422312,0.29981600132328107,-0.0944126736986136,0.9484354837830017,0.2162487533212568,0.0874524077332541,0.1824158985632031
32.9,0.044172518550927124,0.08762770789594986,0.49584400759634567,-0.031851882357207435,0.3006631809704248,-0.09671963343694834,0.9482786624757886,0.21807209414663525,0.08721154729345108,0.19025581053481294
32.92,0.05024489917384312,0.08837374068086586,0.49629133765444833,-0.021760403049846926,0.29989323159303133,-0.10148551430955238,0.9483096671916418,0.22575420776266605,0.0860737499033897,0.18971970687863512
32.94,0.056319274795769675,0.08893054273014828,0.49628160500338037,-0.011844378714373901,0.2962421077023095,-0.10675651985318216,0.9490539340763521,0.2418943463632325,0.0837938067969633,0.16419854011998997
32.96,0.06216583736043815,0.08935390822269076,0.49589203287529465,6.048233078531761e-05,0.29371414214038544,-0.10991032653040358,0.9495534314458588,0.23731847646427534,0.07937296757363202,0.14408640007357648
32.98,0.06773187728642603,0.0894567451711503,0.4958420251300805,0.008620358634833231,0.2973098878833725,-0.11231201388491908,0.948113142784603,0.21991208154661246,0.05976587983966012,0.15846079108896582
33.0,0.0734992810115169,0.08926934310628809,0.4962148352223157,0.016348314492104044,0.29763584536215165,-0.11439663871406111,0.9476597729247291,0.22241186778446798,0.0537317072206277,0.18408464161425211
33.02,0.07948187998667477,0.08891744152159717,0.4969191880806316,0.02599175073678477,0.2960759010310924,-0.11694305593280395,0.9476221881062942,0.2210378033827581,0.04999257103870035,0.20237432254377938
33.04,0.08557840080333314,0.08831227671141585,0.4979676004746931,0.0349381651904533,0.2954124364442677,-0.11946062389056623,0.947227520898154,0.21970313602952407,0.042541217967501585,0.21982595802801214
33.06,0.091848513522303,0.08753153804731795,0.4990573471478678,0.044807325709112424,0.29223055766529543,-0.12427762094863669,0.9471793270868906,0.23111853453726344,0.04199566470145495,0.21938398029185086
33.08,0.09807220589868564,0.08658098041986804,0.4998632696951254,0.05562918408492801,0.2880361202485305,-0.1278238199423545,0.9474184177888689,0.23559555455062475,0.036518277374527716,0.20660663377219463
33.1,0.10410188007124666,0.08534201769978905,0.5005809615961023,0.06447729941451845,0.2859526679502736,-0.12825556349888748,0.9474303457161978,0.23651880761457106,0.022119057107512004,0.1959368355617333
33.12,0.11003378456136176,0.08383831373638256,0.5008526162663482,0.07026871413188279,0.280165537351032,-0.12920394061921744,0.9486179005392661,0.25195942269629634,0.008237691385516159,0.17781964761899682
33.14,0.11581536525369637,0.08214740142751005,0.5010669465191978,0.07527954587595269,0.2738539382627718,-0.12919032621749957,0.950077296898782,0.24042624212597366,0.003201605447442809,0.1711658594990676
33.16,0.12123179005901916,0.08050779018325976,0.5015953307624507,0.08444450287265229,0.2760073693816331,-0.13039338994980534,0.948518118877557,0.21896661152818991,0.0015696535750936431,0.17992676238601338
33.18,0.126707902804808,0.07861456834505662,0.5023415590294089,0.09249430694280851,0.27515565446047013,-0.12997284607293408,0.9480723750248718,0.22493338060721949,-0.009297050143368641,0.19193807008854374
33.2,0.1322329612419654,0.0764072783311573,0.5028366988179743,0.09617247862744549,0.2697605503695708,-0.12951359304346288,0.9493188763718606,0.23381810748104742,-0.021059100623521815,0.18161922611036724
33.22,0.13749884256138473,0.07431205223606495,0.5035006708928609,0.10551470425129955,0.27129331460827616,-0.13063685297361127,0.9477344550456983,0.21260256716963136,-0.014204762748544281,0.18564154856201034
33.24,0.14280103450702977,0.07208266829670638,0.5045538961541971,0.11650641066414745,0.27339333562263035,-0.13294650238873693,0.9455197342276312,0.2098477364689335,-0.016215305224362868,0.21115330799036483
33.26,0.14839314424064595,0.06949935786514401,0.5058041307151834,0.12584432631697393,0.2693169264023966,-0.13456964053172413,0.9452632493301301,0.22150885210160434,-0.024012851666316923,0.2265966746696443
33.28,0.1539590000964468,0.06665759344803432,0.5070968999890373,0.13406371971188574,0.26640265317245876,-0.13662827105262354,0.94466357026661,0.21721822895894047,-0.031349302725530506,0.23125991642538984
33.3,0.15946421646289297,0.06360757153542425,0.5086151908931388,0.14316176791858592,0.26619461695791385,-0.1390039409232432,0.9430392560847412,0.21344136518290804,-0.036078198012826225,0.24505777488486374
33.32,0.16510955665458105,0.06024618209101609,0.5100391140606558,0.1509925839884205,0.26090652492510646,-0.1396842720441659,0.943195276162628,0.2295838076375872,-0.046706942778258945,0.24270753351563287
33.34,0.1706761765505593,0.05667768608357279,0.5108471808112424,0.15618259648702612,0.25215171474580184,-0.13917347645617487,0.9448054047032252,0.24687613167562156,-0.06327232827357229,0.21207612689442232
33.36,0.17592612158408508,0.053073447442141944,0.5110031888244715,0.1594287555903931,0.24422820871054474,-0.14024048892217092,0.9461858481439086,0.2467804097898713,-0.07402554349069931,0.17676090758167307
33.38,0.18070144642230437,0.04962427073921523,0.5110136362236894,0.16656122508517196,0.24245708327976978,-0.1393498612871255,0.9455440429852289,0.23073049407260898,-0.0758333735586726,0.15898983282350634
33.4,0.1851779185494796,0.04621226537413982,0.5104475022145768,0.17162016037124714,0.24091165279341747,-0.1427006050209038,0.9445340827250012,0.23729566915624956,-0.08616515308112926,0.12522198406756987
33.42,0.18967239817968545,0.04264517339231578,0.5085945551708063,0.1690182185347619,0.2265340587792328,-0.14565941984777625,0.9481025764261755,0.2840035565761537,-0.11121502109580265,0.06430614676059014
33.44,0.19443055582272087,0.03899189926576502,0.5051323645227045,0.1584330877139592,0.1885628460722891,-0.1483717157794003,0.9577728560338385,0.3347949781990358,-0.12857196970695844,-0.02087511266604349
33.46,0.1988328224583452,0.03575746947177198,0.5004111393754147,0.14818384727300343,0.144739674707895,-0.15170958096498363,0.9664761647429558,0.3082677821499348,-0.1302823326182625,-0.12123843515653392
33.48,0.20200384383879597,0.03312907151464784,0.4949234567917272,0.13857679697646155,0.11822166649262274,-0.1525884108642197,0.9713582684990043,0.24754186926412233,-0.13351370606738505,-0.1968570796686157
33.5,0.20466548613951835,0.030971148397985773,0.48880237399796217,0.12824831244485912,0.08838549869607609,-0.15402572125231823,0.9757133037772904,0.2215747037936949,-0.12181479821910104,-0.24609419777569527
33.52,0.20691665020177397,0.029228428708926862,0.4825841694924059,0.11853611245840934,0.056679935118227165,-0.1559859553245581,0.9789815916245442,0.1714309564237134,-0.10833076586364616,-0.26688569380023913
33.54,0.20853149966791812,0.02783684880720321,0.47674454382701287,0.11032435277858199,0.033090684382809286,-0.1575536127311384,0.9807703109833773,0.12256799695277516,-0.09829212807354348,-0.2590899211271365
33.56,0.20971878680535586,0.02650943055476966,0.4713408099296812,0.09936811671929345,0.013582157416774147,-0.1586289659319692,0.9822313136664504,0.08686503041587547,-0.09543201875904088,-0.24779550801755645
33.58,0.2105621396045912,0.025221198238543237,0.4661894574282867,0.08620477972519407,-0.00232125701938173,-0.15933903941792282,0.9834502622073749,0.06874570922094198,-0.09338830513825805,-0.2396539252348065
33.6,0.21141768983548984,0.023863034388887323,0.46132524749753173,0.07009385591744759,-0.023353397593685456,-0.15966737285236485,0.9844022552949984,0.05789061701777839,-0.08558202866870071,-0.22903420371317113
33.62,0.21208297723940767,0.02269713614574668,0.45689020037125766,0.05738050617055827,-0.04232978908816988,-0.15976165003591616,0.9845770064576782,0.034337908824429365,-0.07126196759378914,-0.21075414107103949
33.64,0.2123946770411498,0.021685113785137298,0.45272309764631524,0.04581682923190756,-0.05503618934206495,-0.15970610662411683,0.9845637589962394,0.0062777848227821105,-0.06643319582948089,-0.2028530916850113
33.66,0.21237412587979104,0.020679503059898866,0.448433725855981,0.030921738445608894,-0.062083658572383196,-0.1592229189241661,0.9848032938201605,-0.005888598611937324,-0.07043052179644874,-0.2120338154295
33.68,0.21259309326954814,0.019421174863708587,0.4441373086357805,0.008318399680404934,-0.07941041085452666,-0.15872145124231127,0.9840895750846094,0.0017839071049264785,-0.06700600524172713,-0.21169073863402582
33.7,0.2126052591164804,0.01852991564289786,0.439949627305685,-0.007691738207998017,-0.09189910334155216,-0.15810258136327718,0.9831067926398569,-0.03303191510161492,-0.03952761195689252,-0.20816794289284646
33.72,0.212308010843235,0.01798977535913512,0.43564866838488264,-0.01867465976665344,-0.09698376745024505,-0.1573928100613768,0.9825848102198304,-0.04527776155598463,-0.031195172704414548,-0.21052756798479105
33.74,0.21221234155952015,0.01722814255420498,0.4315037771399483,-0.03761911823705546,-0.11118059866508193,-0.15633913243684275,0.9807047221730075,-0.03549564123312206,-0.03328043642702998,-0.2004259919738825
33.76,0.21201057729048256,0.016611688287572833,0.4277905734696417,-0.05633638023747269,-0.12540262027954727,-0.15564690442311904,0.9781995891597292,-0.05138772096329199,-0.0170525391724968,-0.17404473847942709
33.78,0.21150694603362347,0.016411375864893496,0.42456678916565666,-0.06966521525703058,-0.13483544637117068,-0.1548641574730781,0.9762086113711723,-0.07086152140797822,0.0020200203578436384,-0.14346358963335448
33.8,0.21072765734955845,0.016621793244396055,0.4216499452174688,-0.07794746428832357,-0.1402799928010635,-0.15363200551693282,0.9750091913985217,-0.0809016817163392,0.012493345583163078,-0.12186367794750264
33.82,0.2098544917275921,0.016982647553068577,0.4190593904064754,-0.08712576749238268,-0.1475229356934612,-0.15194745785304492,0.9734259366460518,-0.08450396106132237,0.01942048353983962,-0.10201738423321449
33.84,0.2089381576745047,0.01733829069161661,0.41706613348482013,-0.10188617749389844,-0.15995281933110228,-0.15032458949280852,0.9702766719949172,-0.07680200507851062,0.013914717224498673,-0.06665555955869011
33.86,0.20780620123799923,0.017877450427621698,0.41593994742387086,-0.11987296110313264,-0.1749069180052156,-0.149270565323143,0.9657931152987129,-0.07977936370609492,0.017956355761052888,-0.014340165009215058
33.88,0.20618758039994503,0.019110883304421962,0.4154453730071487,-0.13026753603783114,-0.18428065083562975,-0.14794186113353194,0.9629040536349278,-0.10506079068449758,0.043064421941202025,0.030622064913500315
33.9,0.204132872803095,0.020991469010248016,0.41532007483089134,-0.1339082641242269,-0.1891268152847288,-0.14615133545208506,0.9617377042026919,-0.1153033527655237,0.053973932426720626,0.06450349907712812
33.92,0.20192705820649173,0.023075992390659654,0.41562264477316163,-0.1406308741894867,-0.19823337023733123,-0.1427525855465738,0.9594520245790397,-0.11761748590332251,0.06006605884067109,0.0873812499999694
33.94,0.1994357537621782,0.025547502464996624,0.41606466296938505,-0.1438136411042324,-0.20563375406704645,-0.14005789097039706,0.9578184499149935,-0.12686159031421387,0.06799889037043237,0.1103861456184126
33.96,0.1967247152038914,0.028111039392132255,0.41682116695439986,-0.15175906000112577,-0.21518400939378468,-0.135951168315085,0.9550823575182161,-0.12982809472282955,0.0659653565722482,0.12658793876926092
33.98,0.19377255227785706,0.030922962657030376,0.417578053130615,-0.15809030562710952,-0.224186258138124,-0.13363223818273795,0.9523079343610582,-0.13790801660207755,0.0728014460178292,0.14580727421805528
34.0,0.19053247478193266,0.03400397832891179,0.41869568823012654,-0.16544661698508048,-0.23383927732033433,-0.12940689123704688,0.9493157882448069,-0.14219416286937664,0.07578136094300073,0.16965474440474665
34.02,0.18707122007899432,0.03729692991037759,0.4195386533901294,-0.17134835168841872,-0.2426040020090094,-0.12660065508193669,0.9464435084650847,-0.15636730438017302,0.08518998503016406,0.1708815665720405
34.04,0.18331023207234357,0.040850431575980846,0.4204358605749225,-0.17642500063763272,-0.24958757692881445,-0.12320891412515424,0.9441397269858497,-0.16664791893144332,0.09100897972459003,0.18672944334130565
34.06,0.17927816611226938,0.04462248349925226,0.421232440110087,-0.17991962517218235,-0.2547901296479884,-0.12183904649779116,0.9422665042653123,-0.1773587335092504,0.09556621099811345,0.20030875044785507
34.08,0.1749166285953175,0.048626310451903146,0.42254646111018024,-0.18517591658233448,-0.260879089472002,-0.12116722092940474,0.9396650920228953,-0.1732726608046979,0.09083162473593015,0.24160258417947716
34.1,0.17014825615483112,0.05297199540634712,0.42435945234402606,-0.1915128158211271,-0.2664093563116772,-0.11879503855451806,0.9371428039849057,-0.1797265814012135,0.09367944420965409,0.27387066501706314
34.12,0.16506879051023055,0.0576367973582183,0.425924102417367,-0.19427191183300596,-0.2686917621025558,-0.11831862251835427,0.9359828336119907,-0.20026508347783062,0.10695690656689408,0.27880926587579186
34.14,0.15967488863510132,0.0626904738341048,0.4274662299345523,-0.1920731378705962,-0.26715987031171634,-0.11837549133755915,0.9368675234280253,-0.21319100403813546,0.11777275324605323,0.29488155520780834
34.16,0.1541210595714868,0.06789229489873204,0.429061686473835,-0.19066185567378438,-0.26527568157752185,-0.11623921743109236,0.9379580555044119,-0.22096728950814612,0.12300816564788028,0.29605017226269237
34.18,0.14856769427300492,0.07313445745648892,0.43018655532724914,-0.18760773094853742,-0.2622248891570343,-0.11289001277439588,0.9398389712130046,-0.23548199680575896,0.13592277782396983,0.2720379748058847
34.2,0.14315390620845006,0.07831333193283868,0.4307029529790289,-0.1812650083170838,-0.25901056952950546,-0.11158446482938496,0.942128138227783,-0.2432241904877594,0.1452042204299576,0.24012053592757052
34.22,0.13800175573126294,0.08325269833919749,0.4310434761650326,-0.1761132553975352,-0.25911387095928945,-0.10977473056505442,0.9432887318733034,-0.23371356687179592,0.14160123977650227,0.2235182703872673
34.24,0.1329834310098419,0.0879331664650064,0.4316785749609063,-0.17445103341366142,-0.26262125294136823,-0.10847210485110846,0.9427781907286473,-0.21641054455490658,0.12736283654995084,0.2343117708257319
34.26,0.12790972935909825,0.09255810984831973,0.43263385296816087,-0.17360324788747017,-0.2662728778344212,-0.10542732817709335,0.9422556687683744,-0.212859424739234,0.125182668866291,0.24382179253889844
34.28,0.12276594800583823,0.09720716962534122,0.43350630019220865,-0.1697665036983985,-0.2686546832043154,-0.10349364736726879,0.9424930028223181,-0.2155866669184559,0.1277850369296882,0.2455050223779273
34.3,0.1175310296489092,0.10185734273259124,0.4343853780415909,-0.16432404892888972,-0.2699614666850365,-0.10118438317937983,0.9433345822397736,-0.2190466684701478,0.12923342406176472,0.24548826378365138
34.32,0.1122328219778401,0.10640144019696333,0.43529989518685125,-0.16017131762204534,-0.27142885722475657,-0.09751825763168001,0.9440136195550156,-0.22003917244023632,0.12663002456468045,0.242163762662495
34.34,0.1069602324788882,0.11086638638009019,0.43597889168456166,-0.15364664851081303,-0.2734151890374076,-0.09546621380146705,0.944734377392633,-0.2218000580015433,0.12934956474466724,0.23253828083902536
34.36,0.10166896041358871,0.11521747335972596,0.4367799046399835,-0.14769648713229783,-0.27651468464216183,-0.09141682034579993,0.945181644883082,-0.21892868766963042,0.12566273158632152,0.2337171029179323
34.38,0.09632456339756315,0.11942802630610745,0.43740218796408953,-0.14073074440692426,-0.2785340812100825,-0.08901243017554084,0.9458807591115133,-0.22374373706069575,0.12311654152795057,0.22644293682164413
34.4,0.09088072891769189,0.12349515343535604,0.4382924440797503,-0.13445065301784964,-0.2812549580641479,-0.08689556848573465,0.9461859387271347,-0.2173079274827249,0.1149627305365751,0.24044101053088082
34.42,0.08528593126760906,0.1274935448253479,0.4393481742645518,-0.12784946685438592,-0.28329402509141405,-0.08262422878052504,0.9468749896321995,-0.22132259770895285,0.11490382892636483,0.24289252194524713
34.44,0.07964502426458422,0.1314098729031623,0.43995781676249296,-0.11880087296909578,-0.2830101025269088,-0.07697180073942406,0.9486131858352064,-0.23620393832215508,0.12098073877505615,0.21799445245675883
34.46,0.07411315178374517,0.13517304795838728,0.43995423115134635,-0.10600315863012826,-0.28181010781639537,-0.07352559530397897,0.9507577926728463,-0.2444820868809307,0.12409800598249507,0.18454926888850784
34.48,0.06881037340838943,0.13856173438377253,0.4399900237397931,-0.09575994840377064,-0.28532374561462565,-0.07032125327012485,0.951039070600502,-0.22769127510755066,0.10765837353008012,0.18069256340784864
34.5,0.06343749616489552,0.14159215817968102,0.44051139316825566,-0.08920342619667929,-0.29028542485232967,-0.06788955494706396,0.9503515818907051,-0.21697093509360474,0.09127734604461055,0.20483843546006447
34.52,0.057795193959245685,0.14454445536586116,0.441344432787037,-0.08100462143531052,-0.29255530722705625,-0.06322904534238787,0.9507111713577868,-0.22189168794094566,0.09032963723662975,0.21603682322340528
34.54,0.05207861990578912,0.14743572057052037,0.4419554149331655,-0.06856965687429363,-0.29365637341607936,-0.059720066292788865,0.9515764027077609,-0.22738588122932724,0.09263363586169986,0.20702849203993506
34.56,0.046284126875166046,0.15004345759499743,0.442853635439692,-0.05837512509008462,-0.29682084169414524,-0.05626559487221691,0.951485110519535,-0.21967448549783355,0.0777719861217981,0.22219769799616365
34.58,0.040248554826340974,0.152409713715049,0.4439887347373936,-0.04925126990271361,-0.2982576570911663,-0.05293087069215363,0.9517431404151169,-0.2240771586212626,0.07158829867202243,0.23457816008302684
34.6,0.033981023615642494,0.15471140002312803,0.44520831496494545,-0.036717475305452156,-0.2971436363502464,-0.04794383455722644,0.9529212323753183,-0.23204484031587258,0.07305805454852164,0.2377761295145199
34.62,0.02766475375819198,0.1568007451966887,0.446213164630067,-0.023131346011912992,-0.2949815141374336,-0.04378261045719792,0.9542190158293942,-0.23779931746674307,0.06655110989410959,0.22532698153684008
34.64,0.021414254760174098,0.15847643859950467,0.4473563301774741,-0.013144378197631264,-0.29614667694097113,-0.04057717706371002,0.9541896372106323,-0.22787609893019378,0.05159221215271096,0.23022742890571224
34.66,0.01509682707782515,0.15992976521420355,0.4485975459623826,-0.0025505756862706694,-0.29710552025336695,-0.035232851613930916,0.9541909927083757,-0.23153456295695934,0.04798658996551155,0.22970347282743447
34.68,0.0087455369095071,0.16114554212799256,0.44954731796604946,0.009030592361915337,-0.2954737933997891,-0.03156299253854285,0.9547866061678618,-0.23838265343409804,0.03961442959175758,0.2186094574364092
34.7,0.002431986620998753,0.16199731982606885,0.4506686190918446,0.01826199222238304,-0.29594697553841376,-0.02854691289735964,0.9546030384792235,-0.2287030107955657,0.02661843522139718,0.22724184695769584
34.72,-0.003934324997445459,0.16259375215137262,0.4519123351426505,0.02757211547195623,-0.29637449784515335,-0.025516039948447627,0.9543326816057299,-0.23079737201800826,0.020087472041103668,0.22855692898271557
34.74,-0.010336151536499825,0.1630195044791793,0.45284830745248816,0.0390749878615454,-0.29404498389465467,-0.02478253475943169,0.9546708955136896,-0.24282362534799806,0.014413179247945326,0.21325146889899363
34.76,-0.016592063011406078,0.16320349428944395,0.45342355314984717,0.04923681459626025,-0.29219856230831875,-0.022219265189828242,0.9548308962993338,-0.2400868394120906,0.003244111198553662,0.19727051076640362
34.78,-0.022651501020438843,0.1631263341173815,0.4541112829268983,0.05946891224608287,-0.29456317369462587,-0.02152436754786958,0.9535369351948992,-0.2310115700694964,-0.0047183960520728666,0.19661432124853057
34.8,-0.028664620506588953,0.16284104751234843,0.4545943162985657,0.069231864162508,-0.2956703583175505,-0.01903981074033432,0.9525877774798118,-0.23341042533675593,-0.013762605788402795,0.19320932794971188
34.82,-0.034778338713049306,0.16222728865631825,0.45528712866665455,0.07670171892387533,-0.29518668012780347,-0.017057926026428832,0.9522030756876001,-0.2283254267424882,-0.024202434220744536,0.2097657047423954
34.84,-0.04102603786975559,0.16143922912839834,0.45646322842455017,0.08649603486811973,-0.295926439863374,-0.014251649712794506,0.9511797246695,-0.2202845100050615,-0.022463019902878686,0.23734128753153266
34.86,-0.04756105807938854,0.16045977875861753,0.4579523444346364,0.09832251132988318,-0.29393295824032584,-0.011149128192242655,0.950690168649297,-0.22630976450075183,-0.02595857434827322,0.2558771989645377
34.88,-0.05429558244409006,0.15911041121535505,0.4595934419387917,0.10752142024227962,-0.29027754322682353,-0.008033263009904843,0.9508488622134942,-0.22870595966403676,-0.03863586790325111,0.2702187424966294
34.9,-0.06109233767363023,0.15742688131660582,0.46122279286362367,0.11484209349569949,-0.28627952360096554,-0.005752003230053781,0.9512214476067972,-0.23297577872720598,-0.04894580839359691,0.2704584287742989
34.92,-0.06787927965665866,0.15557388700752697,0.4629120437344968,0.12422961879302445,-0.2828773801740704,-0.003226365609043677,0.9510714905649055,-0.23184057276330527,-0.05109787586935145,0.27328124543924714
34.94,-0.07462548357278129,0.1534809667697145,0.46446662668477645,0.13303497636565215,-0.2787692972830233,-0.0014131758308269316,0.9510979849047053,-0.23628501083681974,-0.06211517510149435,0.2659969144430786
34.96,-0.08122764838412627,0.15112833728960756,0.46586223315236935,0.13979431942859277,-0.2756295450088313,0.0010122063557722809,0.9510440986684132,-0.2311550923926616,-0.07220176587212421,0.2611970524868161
34.98,-0.08767771354889807,0.14857174522770333,0.46727002152174213,0.14734151761783912,-0.2743623148313421,0.0008485965339023354,0.9502710546314573,-0.22816311989536492,-0.0794648588575986,0.25739862111022627
35.0,-0.09398597969978537,0.14585375109608778,0.46829245029334826,0.1533312417746592,-0.2727438480149459,0.002369081642730185,0.9497866661087695,-0.22991988031873908,-0.09092091907342519,0.2420803736941552
35.02,-0.1001526046544563,0.1429163106893677,0.4693867163060574,0.15778890449927396,-0.27259740192962617,0.003542988232749278,0.949094708294446,-0.21981620632569795,-0.09654183123856419,0.2496209532891346
35.04,-0.10634344021388323,0.13984118260718895,0.4708001111949758,0.16408365917098014,-0.2727570047656884,0.00518181841819498,0.9479732685588728,-0.21373042529114886,-0.09377436277084995,0.26868324343090183
35.06,-0.11267333610918755,0.13658056248854628,0.47236000162361047,0.17107574355075142,-0.2704911047629985,0.006207033022074093,0.947380137512769,-0.21795809619515047,-0.09926953196169305,0.276859476854963
35.08,-0.11899106503592638,0.13304147737735003,0.47391899224111095,0.17507386290999535,-0.26899402750520873,0.007740261471140629,0.9470646461803215,-0.21421306084453748,-0.10971967389796751,0.2834117196260825
35.1,-0.12529950509459734,0.12929790618218812,0.4754722353258019,0.1785538197905894,-0.2676804688745289,0.007455173366634871,0.9467893748935797,-0.2173405487061518,-0.11747479013737094,0.2822885317336486
35.12,-0.13164344642306694,0.12551422632834436,0.4767790411405253,0.1831548300351739,-0.2634151937323955,0.008257807009166432,0.9471000752661307,-0.22605826627084213,-0.12010274390002089,0.27400299497868585
35.14,-0.13790965649874623,0.12165668081395364,0.4779425521413984,0.18748027865278585,-0.2587106175347214,0.010332097696183902,0.9475300571740578,-0.22521149459120035,-0.12386287552375694,0.26841251652046977
35.16,-0.1440704908971208,0.11771060211787035,0.47916828597272376,0.1923845432476181,-0.25461594278695115,0.012497497199980634,0.9476300553284778,-0.22200113158933726,-0.1253879077747751,0.27016534998463315
35.18,-0.1502049661350387,0.11362664140766492,0.4802970943554512,0.1969508066075708,-0.24775397463721527,0.012148939012492838,0.9485150241872609,-0.2282884036233221,-0.13345368718223008,0.2624351651573308
35.2,-0.15620947681340613,0.10947518369792536,0.48084905335695227,0.19954070225807743,-0.23875901387240858,0.012897232495934328,0.9502690686489664,-0.23717398947573107,-0.1483494471200431,0.23010146538006565
35.22,-0.16179423348810712,0.10536102236959867,0.48112024503512335,0.20234582125092884,-0.2334815449262409,0.012680880984036946,0.9509898695877952,-0.22579501995139095,-0.15201573296507578,0.20844463600147972
35.24,-0.16706980738643126,0.10135287418322396,0.4811677474893134,0.20623493062818762,-0.22920765598182205,0.014272237450697377,0.9511715444998637,-0.21759019176604705,-0.14872906594881058,0.19471192561636053
35.26,-0.17212733335552755,0.09735782319328216,0.48158521882499994,0.2124265743280562,-0.22682843778351497,0.016216848231588133,0.9503477385490906,-0.2000503689002048,-0.14161527190805462,0.21071790993988798
35.28,-0.17712689848135163,0.09316273903852258,0.4822241332976976,0.2166066129493108,-0.22344683289497613,0.017677316906950243,0.9501792465439367,-0.19671405421582117,-0.1465090114464072,0.22091495957029977
35.3,-0.1821564284898137,0.08879271059456555,0.4828976931601181,0.21965909122197172,-0.2167741419930179,0.017887543387351636,0.9510199213467055,-0.20091026579937607,-0.15380063664157867,0.22005536241757792
35.32,-0.18704211489920508,0.08435604099468887,0.4833466309412471,0.22141768812473944,-0.2102217890494661,0.01963769867626371,0.952047985967639,-0.19715202839832188,-0.15919591822501863,0.20910469529142967
35.34,-0.19174780927116714,0.07992158216379185,0.4838682863479954,0.22502722540685294,-0.20481100953616863,0.020858277946449646,0.9523550443188599,-0.1921103589254661,-0.15754431867194518,0.2083063602960816
35.36,-0.19637287176876425,0.0754331410948368,0.4842117755355928,0.227499575115083,-0.1969232937350574,0.02247458445143942,0.9533939651375648,-0.19389752057742154,-0.1653976376749957,0.19646892032232183
35.38,-0.2007645128220787,0.07085904880311816,0.4844587369683159,0.2283185923671347,-0.19029835874379503,0.022399568834462147,0.9545446109820841,-0.18752487591433076,-0.1732869582253181,0.18579110124200243
35.4,-0.2049568248671938,0.06635055212387882,0.4844463980396326,0.22920655518238628,-0.18358236658082988,0.023945062667023263,0.9556089700896899,-0.18327586119281722,-0.17307103605082114,0.17078644517511804
35.42,-0.20889607088146592,0.06192569169676321,0.4845069960413924,0.23254922737256514,-0.17878790686684268,0.023905031453433524,0.9557114055392488,-0.17324623135482128,-0.17166298134578872,0.16435270544072328
35.44,-0.21263688774836847,0.05751943672407783,0.4841691408388694,0.23418620502118465,-0.17325350148089463,0.022772806776628254,0.9563584290808022,-0.17366288990714762,-0.18320479309973112,0.14003993264398767
35.46,-0.21618015228610296,0.05318609554609074,0.48333024398928065,0.23327888305464647,-0.16683550477583342,0.023811300195031956,0.9576950971212036,-0.171462588635855,-0.18866703150322633,0.11617049857825013
35.48,-0.21948940274597803,0.04899999333053054,0.48256023892920397,0.23486061040695735,-0.16156726953925626,0.023383019148507097,0.9582221796161897,-0.16081156764438473,-0.18290632832016235,0.10976136451052858
35.5,-0.2226084793564174,0.04486559533551024,0.48167536784940346,0.23520093793870764,-0.1567214234309332,0.023945918758920635,0.9589293546478413,-0.1538194595833408,-0.18417562646861718,0.10406887926776612
35.52,-0.22561352639129992,0.04074223461034676,0.48075216018334943,0.2342800773980357,-0.15070813875808944,0.024378648194036838,0.9601070689036063,-0.1508051841334018,-0.18564897768492594,0.09731092825989161
35.54,-0.22850975160754206,0.036648606939660225,0.48015361333710194,0.23479049698180818,-0.1453401069276427,0.025854641832665618,0.9607711555521437,-0.1404343803261722,-0.1757326212583324,0.11255275423662167
35.56,-0.23139365428392522,0.032409124196595133,0.47998505396886726,0.2342548284448523,-0.13888726296053397,0.0272658433815455,0.9618168106881358,-0.13665677645258914,-0.17571699001092622,0.13218590473678565
35.58,-0.23426271109116484,0.02797688274806904,0.48008177451536205,0.23119748311225027,-0.13125106252187466,0.02863334155096881,0.9635875747128878,-0.13390845853030706,-0.17907431172731783,0.14305975051342695
35.6,-0.23707065373184144,0.02346586286215491,0.48023353402971286,0.22720154222284655,-0.12253479321810097,0.028740616785062095,0.9656804132886674,-0.13336747076544786,-0.18431383492399733,0.13615204711830015
35.62,-0.2397601907161732,0.018995491920558487,0.4802543406246962,0.22238115321514293,-0.11337786776888836,0.030004506791691612,0.9678800604243643,-0.1296411186105814,-0.1846669153177968,0.1269030912119656
35.64,-0.24228983815062058,0.014604683719386315,0.48037424068150286,0.2181320659260151,-0.1045867615698349,0.03132503205711185,0.9697931498447512,-0.12328592503880209,-0.1814533699715542,0.1251192906171724
35.66,-0.24469978170979897,0.010243502661875232,0.4805585771906967,0.2127270360237122,-0.09468346384786651,0.03257621583021179,0.971967612619124,-0.11858607009534891,-0.18024064508409215,0.12131560315595938
35.68,-0.2469046536755999,0.005971800231613247,0.48082693200271326,0.20747327664201753,-0.08585423829462961,0.03353322393235621,0.9738888089196714,-0.10913492312281448,-0.17678469008412753,0.11717421435449946
35.7,-0.24890619680949694,0.0018031276933919895,0.4809719895204019,0.20131400566271151,-0.0775880745222929,0.03413868718710192,0.9758520952752513,-0.10218861992518273,-0.1775255036053635,0.10189885689921194
35.72,-0.2507585438579855,-0.002225039324116225,0.4809670771849873,0.19457296240769947,-0.06828741631693176,0.03419947048894763,0.9779103165888606,-0.09865931334952492,-0.1785301739326891,0.08412080944790003
35.74,-0.2524477350344345,-0.006107858225984718,0.4806548550837722,0.18577661773256846,-0.05829476598169822,0.03487549826913635,0.9802410255561973,-0.09218792546634877,-0.17394761707013187,0.06446115440122245
35.76,-0.25393940454852654,-0.009695362055909828,0.4801698147577035,0.1789125106265227,-0.04868459416806526,0.03561576334020403,0.9820140738470604,-0.08273853789615501,-0.16679618329201143,0.0449082448502423
35.78,-0.2552180072338752,-0.013084143434697116,0.4795122023171604,0.17134664215490744,-0.03980350665356431,0.03599107125010854,0.9837482665146543,-0.0751528902022223,-0.1680177264343309,0.02646477307617534
35.8,-0.25638283786713917,-0.016310922566314397,0.47858141857726816,0.1618377229829527,-0.029234262281428686,0.03685871512210876,0.9856953608737848,-0.06965360793751017,-0.15590466791395788,0.009403230322159166
35.82,-0.2573429416341057,-0.01911783546172558,0.47762304473520095,0.15812751046608448,-0.020068638305951948,0.037871276436340244,0.9864880671409185,-0.055655174696132056,-0.14116453859387765,-0.000736929673384792
35.84,-0.2580713661358936,-0.02191373439037978,0.47661244629115795,0.14982688438387645,-0.012739674042426655,0.03872680658253167,0.9878713680803957,-0.047719430570036137,-0.150204379453466,-0.007896179827125815
35.86,-0.25876809554584357,-0.024599167021030044,0.4755516396061607,0.14053292418201646,-0.0024312499014765235,0.03983524098913349,0.9892713175970007,-0.04524966219283924,-0.1336418372804838,-0.013101086923950605
35.88,-0.2592971375617082,-0.02684010133613087,0.47475841645134575,0.14024313831218033,0.006622653743912585,0.04076859917973533,0.9892552370013823,-0.03210980952410507,-0.11349572037513075,-0.004233161145759775
35.9,-0.25962491224713036,-0.02936542881588141,0.47402273625190683,0.12960228565618287,0.014319342853537847,0.04189549703232945,0.9905770900345667,-0.025216307610809997,-0.14026634016735154,-0.00591284369230937
35.92,-0.25987151139336784,-0.032027365183533656,0.4727984735307398,0.11107260558642751,0.02306982841764678,0.04346900715610022,0.9925931214359109,-0.02163791485074776,-0.1350800493403607,-0.03720568212603764
35.94,-0.2601158765036073,-0.03389535525127421,0.4713780484211676,0.10891561594050171,0.033923332842489905,0.04408557915732643,0.9924933540349385,-0.01658196710247211,-0.0988790935242299,-0.050771582625099156
35.96,-0.26022598495079013,-0.0358180392743001,0.4698296202965402,0.10009647917808415,0.044264796315950025,0.04549371167886171,0.9929509780754231,-0.004423155058727173,-0.11770012079624628,-0.061910846816856546
35.98,-0.26002419269211036,-0.03784521097032029,0.4678484372162254,0.0833921146586406,0.04890341460011189,0.04741900363256659,0.9941859229277512,0.010513752957427028,-0.11267832230281086,-0.08252860950624687
36.0,-0.25972666737004846,-0.03935880402108177,0.46561656916283334,0.07563386707876159,0.052626039128260825,0.048752083265328566,0.9945517847420885,0.022484462740528406,-0.0912755685878889,-0.10213341416773189
36.02,-0.2594041063560014,-0.040791354329743484,0.4630504163152703,0.06489971111385028,0.05706194629037204,0.04995277055585008,0.9950058705840323,0.01682032445156057,-0.08937220038571457,-0.11771740498257928
36.04,-0.25932289951741794,-0.04209094856968344,0.46043331130293774,0.05402613974017382,0.06923276777672226,0.05077845296751565,0.9948414691823897,0.013124107314295575,-0.07731953321505651,-0.12066071266497598
36.06,-0.25896856940125507,-0.04314136211325273,0.4577945978586506,0.046027143027106455,0.075227495031359,0.0516696907569195,0.9947625692360733,0.04197790614292052,-0.06554244994100106,-0.12717144912320175
36.08,-0.2583723463435524,-0.044084589945853465,0.4547266590910124,0.036946463817914166,0.07564616737218675,0.05253903337376224,0.9950639507817582,0.041419631645853584,-0.06260385193261545,-0.14852639321801978
36.1,-0.25811098300057483,-0.04497750081115087,0.45142210423959384,0.02648962801883853,0.08565799605304972,0.053106386632974414,0.9945555384282913,0.03136903899289812,-0.05551508313180971,-0.1589439199802688
36.12,-0.25780802839662165,-0.04575889769768423,0.4481101533016257,0.016233359986272844,0.09522052596328577,0.053569923150711844,0.993881176395075,0.05029494566046672,-0.04575395548355936,-0.16193275188055972
36.14,-0.25707515433809147,-0.04634081801163789,0.4444876780935857,0.008058933147083069,0.0934656816631137,0.054087430808016694,0.9941195953085163,0.06999466391358701,-0.03677243064766755,-0.17283551607259365
36.16,-0.25654827908322225,-0.0468923219564612,0.4406263670225822,-0.0014432614967941643,0.09781980781468784,0.054147854817838244,0.9937289429285915,0.051087352264156574,-0.03307075627516301,-0.18909500463225476
36.18,-0.2563835049108558,-0.04747610781118531,0.43660186337472895,-0.013391559982378197,0.11177538558560689,0.05378279698945098,0.992186645771056,0.05410882822640132,-0.0257412510944101,-0.19936480274806437
36.2,-0.2559378371846753,-0.0479345040716078,0.4324742654642016,-0.02445713171411551,0.11824730194769151,0.053977285961489575,0.9912143445746947,0.06746628547013214,-0.019314423460699996,-0.19374347224542476
36.22,-0.2555653754755714,-0.04844540678376863,0.4287361587479578,-0.0393465906696389,0.12960356310423962,0.054361757255095025,0.9892924550311194,0.05926084746419891,-0.018005369586038968,-0.17161688810054598
36.24,-0.25513428996601917,-0.04890778030403047,0.42570820417039296,-0.056468259744559185,0.1442911808599595,0.05485955146644372,0.9863984085451274,0.062066117761256014,-0.011007000955444868,-0.1309107958160844
36.26,-0.25431903910810205,-0.04909483347324346,0.42344711332192464,-0.07170380897421519,0.15548670360316333,0.05542648701092475,0.983671872790332,0.07553418255136934,0.0010260212654092447,-0.08486101285497707
36.28,-0.2530952110705137,-0.048973964828476754,0.4219583856050213,-0.08567906385809833,0.16426700055548668,0.05621742938873327,0.9810785142779483,0.08292909396627346,0.009083896306221017,-0.03803030187677696
36.3,-0.251562034422736,-0.04855928232990675,0.42126495984603257,-0.09990855549179684,0.17432649306030346,0.0567354513649905,0.9779619843916477,0.08817989125368823,0.018840550197329112,0.0075150860962814245
36.32,-0.2496009023793297,-0.04763962547993354,0.42118369897858177,-0.1094661212387421,0.18209244226735452,0.05700292444338005,0.9755050883388345,0.09653290550828686,0.033009341732441,0.05092521657808817
36.34,-0.24735337466876012,-0.04644060809244147,0.4219339675507277,-0.12159751219409769,0.19355748546431356,0.056980894605429044,0.9718552991566715,0.0924990723968539,0.03240028954239799,0.10155721262188448
36.36,-0.24460587487911767,-0.04478480246595236,0.4234486150605333,-0.13269913205648737,0.20384185562260324,0.05667428785278208,0.9683116561026045,0.10491470570317193,0.04509549721192073,0.1520149065812571
36.38,-0.24131130165394138,-0.04250501952529954,0.42552186122530383,-0.13839332013894143,0.21153748897690944,0.05623519359842866,0.9658865268235248,0.11253034658963804,0.0592601914490198,0.19951058791820245
36.4,-0.23758929986479638,-0.03983133546148541,0.4283586168901234,-0.1454055368274749,0.22184484125845402,0.05547807757428747,0.962582089577604,0.11284405244606674,0.0610331823392535,0.2500225632072251
36.42,-0.2332168099143207,-0.03667698632356585,0.4316887160046008,-0.15048623907695724,0.22791903233678582,0.05531507167301028,0.9603890094086592,0.13179750064445658,0.0719062839437597,0.2919430265840165
36.44,-0.22829038606469673,-0.033081494463893565,0.43526295949091814,-0.15290900409097627,0.23015439938790302,0.05553832842551717,0.9594598912857165,0.1464445729233661,0.08089372353168593,0.31878298250064574
36.46,-0.2231159821127699,-0.029294816334799818,0.4388478127942999,-0.15691917624859883,0.23312992534711205,0.054112760168889135,0.9581746287707765,0.15651930630983973,0.08668136049376621,0.32044729844632885
36.48,-0.21780639061398852,-0.025364428469085824,0.4419941916055724,-0.15926207252231905,0.23495605189636246,0.054142506142317685,0.9573399787754602,0.17047026483277194,0.09735977486011521,0.30943878134638647
36.5,-0.21241240396546793,-0.02132035436791581,0.4449293067924068,-0.16069985549251037,0.2363100399927316,0.05435086337271322,0.9567544643710635,0.17583944549610103,0.10154029002721068,0.3068548421659911
36.52,-0.20699083841240454,-0.0172469164967355,0.4476722792536248,-0.16337316730449386,0.23785403112816514,0.05271791249109812,0.9560101933471006,0.18233133736374385,0.10594893647076283,0.2964272153299504
36.54,-0.20161388814850822,-0.013149746687802357,0.44997505567226437,-0.16456419258132743,0.23939457117618265,0.05245569480172581,0.9554356419426143,0.18655946699660486,0.11252826129187325,0.2810628104388131
36.56,-0.1963169687840669,-0.0090548738977119,0.45209275921704123,-0.16570447730779533,0.24226416056582964,0.051659393411952,0.9545582275470645,0.18575678330607623,0.1142520935268995,0.2741251864290926
36.58,-0.1910252321942071,-0.004993352151329157,0.4543542706847427,-0.1688294872719332,0.24707154320352132,0.0515553238196954,0.9527824018905748,0.17835622842597118,0.10853675720035516,0.2856869476869659
36.6,-0.18564463385623736,-0.0008440610854664144,0.4566791984422234,-0.17219121442248161,0.25190629239833706,0.049309581053081246,0.9510320555807801,0.18129993679946269,0.11248656518220979,0.2891209555372886
36.62,-0.180202153395684,0.0033755149690740827,0.4586755998987704,-0.17353622551113285,0.255975813125001,0.048806631358053125,0.949725999573468,0.18716357473241976,0.11870799238407097,0.2827299107071575
36.64,-0.17465108822975384,0.007659910645193587,0.4607678790255726,-0.17504367332987217,0.2602930351334196,0.048383029328709456,0.9482965415739923,0.18701124556639606,0.11708177457771655,0.2955957243388412
36.66,-0.16888301050791593,0.012025959882344213,0.46282663538385194,-0.1768822014699974,0.2617481127050165,0.046336220021123246,0.9476568825332528,0.19853873263104121,0.12140031866979846,0.2965618895163132
36.68,-0.1630545566996351,0.01643839704370901,0.46447288484354804,-0.17644403774331655,0.2617277869011054,0.04622654925920909,0.947749530863651,0.20763305946084146,0.12937688969638755,0.2830008713911791
36.7,-0.1572704234709103,0.02086394658211179,0.4660088211122649,-0.17538262815484673,0.2629145052288089,0.045459601860132835,0.947655170027847,0.20743271753829345,0.13082556953853486,0.27958511389108814
36.72,-0.15143138608820644,0.025232004293623017,0.46756202105096495,-0.17606121273332667,0.2633821990431499,0.04432053280999205,0.9474534062261337,0.21019543987098163,0.12811502269459013,0.28001201246944285
36.74,-0.145590928225261,0.029601958043057347,0.468919598047416,-0.17527400834905268,0.26326043021056716,0.044308454129067275,0.9476337524462157,0.2132903142108206,0.13235207119449827,0.2726764635463317
36.76,-0.13976996247545623,0.03396666211402671,0.47036447233301,-0.17452157430427148,0.26419651680986617,0.04412619381096962,0.9475206064395906,0.20965777826990722,0.12968459476202127,0.2777031402017884
36.78,-0.13387927687036244,0.03832156101192578,0.47189314496057866,-0.17434989544282423,0.26420592618309774,0.04364422378944845,0.9475719098087618,0.21192568565903672,0.1286722767238624,0.2812013179723014
36.8,-0.12794821616393556,0.04271865220864061,0.47341416500938704,-0.17269558629734785,0.2636753135830871,0.04366381881648368,0.9480216423724921,0.2125400185079121,0.13158652257458875,0.2828428659545823
36.82,-0.12203677367854505,0.0471426602882878,0.4748709430573898,-0.17035612564345542,0.26340313704208645,0.04135811171704327,0.9486237844621753,0.21590926471015007,0.13644549087081143,0.27477406183768743
36.84,-0.11617495155337818,0.05148531561664095,0.475859888674202,-0.16718644489118437,0.2613431257878342,0.03890808161309298,0.9498603183801712,0.22664828761524003,0.1426901395911991,0.24894999245328603
36.86,-0.1105225953915931,0.05568212603161641,0.4764451244658976,-0.16284442617947678,0.2606871914481954,0.038241073284567446,0.9508214876574747,0.22209420257314388,0.1429595120038891,0.2265167346662384
36.88,-0.10516456566298446,0.05961883382921926,0.4771345889776962,-0.16291639099363142,0.2659926028545534,0.03530658952636186,0.9494522786892909,0.20791247107487254,0.13265533268887741,0.22029705870430383
36.9,-0.09983427711130183,0.06342304216992477,0.47763438118454365,-0.16244123643299904,0.26993423336889877,0.03438893054301244,0.9484544036577464,0.21145332784333118,0.13215809947354823,0.2163187939246015
36.92,-0.09438842799533666,0.06729247418776754,0.4781937527972964,-0.15839428130754166,0.27095378873877146,0.03320595056631816,0.948890225929301,0.2118102390617497,0.13334930636658804,0.22403602054154845
36.94,-0.08889815769680871,0.07109612971414715,0.47914385435025136,-0.15599712048893058,0.2746564417044668,0.032272628082334776,0.9482548259334419,0.20138921660851392,0.12489741425657683,0.24234379715781854
36.96,-0.08323746226045774,0.07493772449391191,0.48023114281601165,-0.15286366852885297,0.27702007413042506,0.02929321562870557,0.9481742903553149,0.2083977355620858,0.12849341518153917,0.2468778536654955
36.98,-0.07747631369792284,0.07877472140757288,0.4810517361391587,-0.14700570542990304,0.277302983159443,0.027888492129408374,0.9490598559146194,0.21673660620623783,0.13287994880536078,0.2388213860900943
37.0,-0.07169212818548495,0.08253035818925866,0.48180280470278497,-0.14131170854503633,0.27753510502908557,0.024488226681564248,0.9499503109418773,0.22073035212963027,0.13310868488823346,0.2304309165919885
37.02,-0.06595551825162832,0.08613218957658543,0.4822936650279992,-0.1350209534150693,0.2777854158881273,0.02295112249875662,0.9508300851544365,0.22222012379552308,0.13054371341232723,0.21752148814545696
37.04,-0.06027640547477764,0.08957024454883285,0.48299532064705786,-0.1297752600104756,0.2806268426505705,0.021443485148452995,0.9507613444066148,0.21341703833147227,0.12291682044573678,0.22562177420318585
37.06,-0.05448601705736132,0.09293259633331166,0.4837644832773761,-0.12403023882941236,0.2816354716979756,0.01790123590167862,0.9513030572275957,0.2199479314034663,0.12282672841118705,0.2240995278445291
37.08,-0.04868999146996507,0.0961639233133203,0.4842895996658078,-0.11692649706015476,0.2816484111139899,0.01616960319450258,0.9522294422746751,0.222661862079774,0.12053785602015916,0.21296579235242388
37.1,-0.04294024903734618,0.09919814991091361,0.4850419761864875,-0.11150344586891385,0.28445664892090056,0.014585932204290792,0.9520707153493282,0.2138622707506194,0.11071203718327716,0.22170189267790028
37.12,-0.03702573394270705,0.10215164640099318,0.4860124979813964,-0.10510859756485036,0.28544261927973147,0.012893611338352646,0.9525274004475316,0.2169485035561825,0.10838452402402318,0.23348898325296746
37.14,-0.03096297647589518,0.10505165359375085,0.4871297915322823,-0.09703954936799473,0.285235403480415,0.011024041631843265,0.9534686995208185,0.21787545157185365,0.10713987030711287,0.24017395352208867
37.16,-0.024836999912718268,0.10784804178629956,0.48839467643349577,-0.08834234766974765,0.28588298447021393,0.008653025895344073,0.9541444722585021,0.21702660426533077,0.10326610475501632,0.2446051757681961
37.18,-0.01862406533524727,0.110464938555397,0.4896056256366869,-0.08067879452000667,0.28512947770615416,0.00458800852241891,0.955076469836637,0.22536271015663029,0.10030354086086361,0.2361231390751163
37.2,-0.012484334763483384,0.1129130224549609,0.49044973547850146,-0.07150696159700527,0.28401591876128196,0.002324468131632903,0.9561465939808886,0.22862857964801875,0.09889153839967238,0.216254966127973
37.22,-0.006495458414553997,0.11511969442675903,0.491388300331463,-0.06341386928059373,0.28622071967642376,6.497312922073585e-05,0.9560629563942252,0.21951404518458686,0.08830436164291375,0.21748719326059124
37.24,-0.0004237845274470218,0.11718494078516731,0.4924884623537996,-0.05372391755210814,0.2869875942455663,-0.0021969216146672994,0.9564240874044398,0.2202275669022021,0.08773449989368944,0.2258325315339758
37.26,0.005735428886875921,0.119195624757963,0.4935827357543291,-0.040798999566238434,0.28607864049782983,-0.007365589237501853,0.9573088327078634,0.22638767042137156,0.08973093858921888,0.2190647211920443
37.28,0.011816189947662136,0.12090848193007696,0.49435716099928717,-0.029141004011081287,0.28468375124782697,-0.011037932199548937,0.9581148823149809,0.22907875657419172,0.07749439413427732,0.20045421268180313
37.3,0.01767696578152701,0.12222041268071737,0.4950200078155921,-0.021284889699213824,0.28658080777549333,-0.013645445670394248,0.9577224002275891,0.22286082323873843,0.06431269238989526,0.18887948915809522
37.32,0.023447482441915454,0.12335409595677238,0.4956436528150265,-0.011997781677980612,0.28916145333203513,-0.01733161030323442,0.9570482341167604,0.22215435037425563,0.06013683495840373,0.18367059086647003
37.34,0.029206792269561802,0.12428681166242825,0.4960818403206665,-0.0022146507030103495,0.28999138567221777,-0.021521623454918384,0.9567846734150979,0.22722222821478955,0.05424220287043465,0.17458191321246214
37.36,0.03488585571095992,0.1250151828340596,0.49634272820192754,0.008414001874462985,0.2907633357190613,-0.024271210377437794,0.9564501009047963,0.2246618746949646,0.04691232575935643,0.16860630133050244
37.38,0.040486516146069164,0.12542896792090333,0.49673066818264144,0.015936039308711944,0.29411173931695067,-0.028655891702612207,0.9552084418166735,0.22100320371347185,0.03416850067208641,0.16927316446178114
37.4,0.04605259812633032,0.125624555770166,0.4968294847214165,0.023553532289941514,0.2961554264086592,-0.030803000444255407,0.9543523299541963,0.22662667563115546,0.028078387405731348,0.16042500797668727
37.42,0.051754534717056,0.12568006095050716,0.4971536954857068,0.03310665794709323,0.2963965715645051,-0.03321083367020422,0.9539130264816135,0.22404486121668565,0.024158235398407855,0.17946581016624208
37.44,0.05765034710724371,0.12549643593258905,0.4979144724375694,0.04229601384565906,0.2963938711126332,-0.03562721592759253,0.9534633825506276,0.22054504233109373,0.018134483852368204,0.20417747391567326
37.46,0.06380052824001457,0.12515026669387389,0.49901864507348975,0.05345051945767171,0.29483652120212395,-0.0387107295227427,0.9532659372677447,0.2235158906685295,0.01631579157846033,0.2240160731530247
37.48,0.07014924301150474,0.12451913686354174,0.5002752179203732,0.06342883734392615,0.29134009597352434,-0.04190536351616891,0.9535940811372066,0.22860999186167552,0.007304282502135958,0.23404351089587583
37.5,0.07655551620382182,0.12359170738218302,0.5015649418784148,0.07220508736035494,0.28757483817690677,-0.04362787895241446,0.9540355056206886,0.23345126266125243,-0.002699505460553103,0.23332970559381722
37.52,0.08290313170683765,0.12244832862659383,0.5026915639353349,0.08040102949766374,0.2837329013544551,-0.04607378297819558,0.9544152773645113,0.23496948063588055,-0.009948529654469272,0.22629361919464017
37.54,0.08914308780498507,0.12113794193994695,0.5039114144116665,0.08977983775766685,0.2818637760677343,-0.04884837542531144,0.9539948787553071,0.22877916374875382,-0.013069417145052725,0.22994373339798035
37.56,0.095375585360453,0.11962063267755123,0.5051501011067896,0.09974362108415047,0.27882520746248884,-0.050565103465650546,0.9538086202420428,0.23238934443292183,-0.021056650798643398,0.22850307274623108
37.58,0.10147477574931921,0.11781961772648877,0.5062107501124534,0.1067949273451952,0.27625313934029105,-0.052619006907703304,0.9536824873143133,0.2296109111350093,-0.034030083505395214,0.22188548773397093
37.6,0.10742111743143361,0.11580422731055111,0.5072287370091645,0.11361163795919728,0.27524896914158253,-0.05247226989679611,0.9531930872591357,0.2282152596805552,-0.04325189570718778,0.21515490950048638
37.62,0.11325009768778116,0.11366147752528491,0.5079883583202697,0.1201713896844698,0.27360700939538696,-0.05376473460290136,0.952789270943001,0.2284533851230329,-0.049037359308578554,0.20668394640569746
37.64,0.11897275129401204,0.11137743221529607,0.5088864510550798,0.12737187334637076,0.2735619489640627,-0.055380064721862285,0.9517737726952881,0.21951357399862412,-0.0520894788955754,0.21546608212878735
37.66,0.12470269960492784,0.10892219452967558,0.509858643583387,0.13535397027797116,0.2727424136308079,-0.05523709789791915,0.9509152125992344,0.22212930102848283,-0.05881061402432405,0.2165288568318426
37.68,0.13034920177396433,0.10627555150961362,0.5105551479179395,0.1409019505678645,0.2715410255374615,-0.05645635186038996,0.9503813929738159,0.22328450256664203,-0.06931908073471175,0.20893714301855498
37.7,0.1359256018007729,0.10345024951140151,0.5113834535503501,0.1461000450450951,0.27179848996093753,-0.0573505810508006,0.9494689402744625,0.21661463710754508,-0.07330414511908526,0.2189357051107534
37.72,0.1415835994047661,0.10044379150545188,0.5124116910567212,0.15153161572591545,0.2710068877624269,-0.058263941939890894,0.9487880423416191,0.21690056518232376,-0.07708964171358132,0.23264638546036034
37.74,0.14733146750994028,0.09725597166741642,0.5135384880591686,0.15675725185640454,0.2689209499677049,-0.0595968068228484,0.9484497389294886,0.21804873414904935,-0.0800975258675042,0.2417342604768467
37.76,0.1531427733618533,0.09391701104005819,0.5147365400370644,0.16243413784674304,0.26591039586482207,-0.06125452267371037,0.94823767889966,0.22139403927716952,-0.08446343318071659,0.24742058410489207
37.78,0.15900907337326617,0.09037093584534606,0.5158362645985552,0.1665956350868373,0.26022837490866196,-0.06189998096930132,0.949049777207924,0.23008983339790898,-0.09394373014744331,0.2430368951072452
37.8,0.16478271602413538,0.08676540396840786,0.516658902101298,0.17073340905918413,0.2536770854134167,-0.0637779703826139,0.9499633729050072,0.23211285733772985,-0.09729489901336412,0.22917663015332274
37.82,0.17030542098898702,0.08313658803472934,0.5173916819749947,0.17643122859629198,0.24997762950064048,-0.0637381811337777,0.9499056008841096,0.2266577253092572,-0.10283702868067957,0.2165016095240373
37.84,0.17563412881490015,0.07946485556045588,0.5177562002615245,0.1806191622407256,0.2457209167668466,-0.06540558592579102,0.9501158132693208,0.22914764137286375,-0.10946511494719824,0.20018753218711427
37.86,0.18085113760629137,0.07576407860134049,0.5181996521899154,0.18604783295813476,0.24067483727175118,-0.0675735408708285,0.9502082104096852,0.22079464536337298,-0.10714725124922622,0.20440588834601092
37.88,0.18589876336948957,0.07195321534937374,0.5187376561555279,0.19152449144857836,0.23689314587739704,-0.06810134488248641,0.950032743349865,0.21594871773644125,-0.11352785040645672,0.20147332498713455
37.9,0.19083966635121757,0.06804632607607997,0.5190702425644048,0.19535349849945666,0.2314991151375272,-0.06995678506579069,0.9504479041682523,0.2175928568321563,-0.11958381358744963,0.19477113460112366
37.92,0.19566489695995917,0.06404457353810934,0.5194513187762712,0.19895312028073847,0.2257183944881081,-0.07164426623099203,0.9509658045568682,0.21187289449697158,-0.12221408042568056,0.19574042876706027
37.94,0.20037514440253323,0.05996214943518549,0.5200126688271054,0.2033582531011929,0.22063005590623944,-0.07387674367323285,0.9510573200762824,0.20604083846841795,-0.12172412541418194,0.20280140463098179
37.96,0.2050641769209843,0.05576478990175237,0.5205437630133337,0.20759533616769485,0.21250146839432224,-0.07480719487278693,0.9519197371243773,0.21082787871527256,-0.1289647363758397,0.1959244210101424
37.98,0.2095252895323113,0.05150401151224403,0.5208393137808139,0.21014601988548687,0.2055954492551491,-0.07670124574541261,0.9527256060760432,0.2034228916023484,-0.1356995077129296,0.18391207520580483
38.0,0.21371727680046512,0.04721722243623491,0.5211943273136975,0.21325215001907313,0.20157906445393853,-0.07801132383373785,0.9527872976902165,0.19384777046132534,-0.1373502380182044,0.1826653854725129
38.02,0.21787050803745864,0.04282359654430872,0.5216306442682584,0.21542543401465336,0.19485533686900325,-0.0798302813986842,0.9535462265905478,0.19432264863381868,-0.1405083142572476,0.18729896931367046
38.04,0.22191980043715376,0.03833256916613367,0.5221841951736632,0.2171195654230599,0.1877792982543976,-0.081815800930398,0.9544130155104262,0.18837622898629994,-0.1423174028751461,0.19007696150911624
38.06,0.22582379126854296,0.033772038905072146,0.5228467647653479,0.21882686715686123,0.181317976351573,-0.08376214150202863,0.9551033961373386,0.18290795335172172,-0.1449132728541418,0.19166859299460107
38.08,0.22958979806680624,0.02909808693366163,0.5235479494814741,0.2188346096602156,0.1747233085197321,-0.08537043709101552,0.9561877783917072,0.1791629274895631,-0.1504604058117212,0.19099614234361303
38.1,0.23321792157099458,0.024386654777102276,0.5242620681233314,0.218543632933309,0.16793542093445332,-0.08672959029321199,0.9573475612688689,0.17512985553625932,-0.15253452173221088,0.1872634131564323
38.12,0.23669121811713528,0.019679983006110492,0.5248302364021133,0.2179241387226154,0.16045659133289591,-0.08620020074924928,0.9588181670424395,0.1743716500777844,-0.16046949169603533,0.1713506514140688
38.14,0.23996904559976567,0.014980316810632492,0.5248351021090045,0.2131910423340896,0.15163028918621105,-0.08529448856068898,0.9613962164950416,0.176903067513633,-0.17457335480164266,0.13792960067353546
38.16,0.24301377253903325,0.010578812611567297,0.5243435697766434,0.21024598908550013,0.14267740902812587,-0.08552674328433095,0.9633924211917264,0.1703799079841306,-0.1684586972424617,0.1037896370402056
38.18,0.2457102686207237,0.006517702526162683,0.5237487967429258,0.21089765644444536,0.13716765644840156,-0.08529456118268049,0.9640705629586187,0.15689997733573416,-0.16593080214248737,0.09035841383898079
38.2,0.24821368232509364,0.002451286246047556,0.5231041697546974,0.2072133085548621,0.13099507959487725,-0.08511962343406354,0.9657419860325648,0.14633056756958965,-0.16382921390280145,0.08522432805614737
38.22,0.2504681635395548,-0.0012539831963057513,0.5227878608820747,0.2116045496846312,0.12899996932901414,-0.08571600303377254,0.9650053312235078,0.12811315306896487,-0.14331287166507353,0.09230619756660023
38.24,0.252676369684028,-0.005111024631737016,0.522764512426522,0.21253758406786682,0.12552864920272222,-0.08615221534505323,0.9652192131215965,0.12900160458637613,-0.15386859670445482,0.1093590749708431
38.26,0.25492146718968783,-0.009183604487073945,0.5229940591580726,0.20997124928619929,0.11935524485730588,-0.08679211818032263,0.9665058345504275,0.12565581386338845,-0.15055278663117827,0.12283198386605942
38.28,0.25711149489329094,-0.01327882285464553,0.5234314061059986,0.20849898173559683,0.11316540359873357,-0.08691199233831332,0.9675577872309953,0.125343626953536,-0.15711860463738758,0.12709633030929457
38.3,0.2592803667041387,-0.01759472898190232,0.5237295467514144,0.20038605048265093,0.10419919594787733,-0.0867857778926033,0.9702866520216364,0.12674883965452116,-0.16516662978839136,0.11912490608036294
38.32,0.26129293748091603,-0.02161719428592457,0.5239507751738821,0.19761911429250628,0.09691097399286158,-0.08733321299294801,0.9715594982780666,0.11724243193339938,-0.15268490344300528,0.10372141746112343
38.34,0.26312798569676876,-0.0254015944027468,0.5242167563638966,0.19837982678985777,0.09139015190695102,-0.0886868664558084,0.9718168161621304,0.11073470024234625,-0.1483106328664249,0.10182174297998159
38.36,0.26494946914297246,-0.02947944201240764,0.5242975785426935,0.18869138059642032,0.0811680896529039,-0.08871619756952889,0.9746469824503226,0.11823430371818626,-0.17332666944999991,0.09161082028015237
38.38,0.26664133852442123,-0.03340464232632134,0.5240002477687966,0.17854123619621132,0.0702710338916786,-0.0884531891440792,0.9774257220390534,0.10995713019197655,-0.1607078235207853,0.06005419665716081
38.4,0.2680423812426863,-0.0367557741528302,0.5233847681311943,0.1769150244130972,0.06365581455832572,-0.08888698308922093,0.9781350191293254,0.0959996632661926,-0.15505414337393086,0.031240976161533495
38.42,0.2692142815582274,-0.04011073666483494,0.5224052432824442,0.1678816321453503,0.05766444015230699,-0.08890144892533115,0.9800954557129173,0.08863904400920797,-0.15784186422720123,0.014745938846453328
38.44,0.27034300278932605,-0.04306493949349468,0.5214562112120427,0.1649095028683206,0.049595587225623135,-0.08942561939087257,0.9809934720414952,0.08288305135230674,-0.13392404704768962,0.008101080332331215
38.46,0.2712982429922386,-0.045687088859187285,0.5207734745140069,0.16759202609268972,0.04367450666667888,-0.09066569912757541,0.9807064704891456,0.0683802180221602,-0.12313209898061321,0.018227940652939274
38.48,0.27206363196618394,-0.048709036961473336,0.5201098550762288,0.15726868120656956,0.038464793525088053,-0.09084894354889854,0.9826156374832774,0.06702783455663411,-0.15495844440540898,0.017385919514469623
38.5,0.2728053213531443,-0.051758941574392446,0.5189747865724879,0.14246165524307833,0.0306005436707197,-0.09060764061969205,0.9851692945751971,0.06651869534944237,-0.1435418756756624,-0.017269004060286936
38.52,0.2734968813616517,-0.05412594991756738,0.5172647623530372,0.13961726650000572,0.022765906709868156,-0.09120242345158702,0.9857336609568029,0.058647743141064856,-0.13358367769944005,-0.059524157165331326
38.54,0.27396754314369576,-0.05658087721398228,0.5147533570703988,0.1257857417564594,0.017101878568693368,-0.09166362496611488,0.9876655571489118,0.05073047099759141,-0.14134752942996137,-0.09568169700306231
38.56,0.2744569400009178,-0.05834255820410054,0.5120637359628487,0.12484143448580133,0.009602673629293018,-0.09249709686899933,0.9878090361833626,0.04537060904831518,-0.1020273998985207,-0.10975169935791233
38.58,0.2749204176812242,-0.059828722786187734,0.5095718068859758,0.12717969769870505,0.0008572147240702886,-0.09357997118867586,0.9874550008321946,0.038338243339776396,-0.10004378611962969,-0.09902494188602592
38.6,0.27525008714194005,-0.06158436885964841,0.507386766140558,0.12069175801773808,-0.007626676777836384,-0.09457612830346587,0.9881450750284801,0.033542525169907834,-0.10772280180820845,-0.07969022100439857
38.62,0.27542002989727976,-0.06346546974446851,0.5054556122719654,0.11006905488667351,-0.014725016551718146,-0.09556427211455316,0.9892095060901516,0.02345766567864239,-0.10916930919619745,-0.07158542067952338
38.64,0.27557278161917415,-0.06511311413977364,0.5037656082678063,0.10486309559647496,-0.023473169031187388,-0.09636381149186121,0.9895285530758164,0.02354284976270295,-0.09231127572549415,-0.06319010812807833
38.66,0.2757168379148662,-0.06688347747265154,0.5022486476648077,0.09499226177905401,-0.03498186803863321,-0.09761922094367362,0.9900622338080458,0.016949784730369732,-0.10528385190100602,-0.05862869532340622
38.68,0.2754935600866902,-0.06876252805478454,0.5005438868113091,0.07877897289460402,-0.03952852657033313,-0.09860681766029951,0.9912154480877294,0.00032403113509040264,-0.10423007958917255,-0.0703224873434557
38.7,0.27517573239999515,-0.07027047351522678,0.4986817703929563,0.06882670213947488,-0.04289826742915141,-0.09968886600308771,0.9917079982127801,-0.01176979619249316,-0.08849669455777012,-0.0830952240177826
38.72,0.27482669114015473,-0.07170402195451468,0.496617156857764,0.0566222601383922,-0.047049139479545816,-0.10049939238638347,0.9922097410633611,-0.005363777874600108,-0.08526518605302871,-0.0948130953497144
38.74,0.27488278006731975,-0.07301964240638459,0.4945633344639046,0.0449455341377035,-0.06347603448959772,-0.10059682815290093,0.9918825384954246,0.007212594804307482,-0.07118862383017763,-0.09439886566512476
38.76,0.27477149574471266,-0.07409024666744939,0.4927118709262286,0.03590868551390251,-0.0772456006156874,-0.10065553680780284,0.9912679488413405,-0.012140077844718676,-0.05983599057606227,-0.08414088027149687
38.78,0.27421059162126166,-0.07504252918564365,0.49098184476778645,0.025604625652918298,-0.08219816997614657,-0.1010847961135187,0.9911456643664617,-0.04183572911909933,-0.05842660756932648,-0.08101785457729976
38.8,0.2733277734762206,-0.07585265545390385,0.4887230877572074,0.014951834381094344,-0.07991474407652252,-0.10168858004215817,0.991488531964356,-0.046783174839760015,-0.053046222801988084,-0.11220345902896611
38.82,0.2729370483967576,-0.07659925545075656,0.48588468847134275,0.004046213887411741,-0.09080680863842565,-0.10125634303334496,0.9906991998854118,-0.038224540514042456,-0.042012274715554285,-0.14426918267717861
38.84,0.272472610298322,-0.07721311878207136,0.4827718746840018,-0.006790827885964924,-0.099320859647803,-0.10084324678232688,0.989909031716472,-0.046205482588758284,-0.03662987805365124,-0.14855048533427065
38.86,0.2721027071329079,-0.07788958820437188,0.4799584652906451,-0.02228379627362079,-0.11290075175443,-0.10046386305243137,0.9882630545039628,-0.03997090675943761,-0.03504866208864456,-0.1289775558598278
38.88,0.2715182600088362,-0.07834212223034695,0.4775746973637599,-0.03587235548628753,-0.12386637593713654,-0.10028899354912402,0.9865659698149786,-0.05656743377472782,-0.020051871756452053,-0.10384935724007546
38.9,0.2706084941000972,-0.07847278058725653,0.4756404942426192,-0.0460143398197739,-0.1304241615761049,-0.09987601861453264,0.9853410574587004,-0.07323030815293219,-0.005282981816246687,-0.07803478192884705
38.92,0.2695133635758204,-0.07834447961801874,0.4738568984749686,-0.05378362896154357,-0.13565913967620108,-0.09865852121992892,0.9843629489516237,-0.07400252875230869,0.00015768817324999666,-0.06960971100408722
38.94,0.26862791796365076,-0.07839653867283197,0.47246575598792784,-0.07000078175312867,-0.15199513725816363,-0.0972049654922019,0.9810955934502421,-0.05854930025204421,-0.006545273981552187,-0.04690577673673751
38.96,0.2674733508751762,-0.0781180613296384,0.471567922948314,-0.08334598667129525,-0.16675411228971135,-0.09561810442406775,0.9778055484842612,-0.07883754031445175,0.014891608380054943,-0.015651673854368393
38.98,0.26578650535113235,-0.07717864450266501,0.4708428725406729,-0.08603082694475377,-0.1724458380543721,-0.09382469199657484,0.9767589553849378,-0.10292273417328787,0.036346727034080574,0.007878223352775951
39.0,0.26382718956135,-0.07615110880419469,0.4702807352553024,-0.09196938991968488,-0.17714779128648295,-0.09185610805903285,0.9755627846388816,-0.10732964694523468,0.02854484732198247,0.01855936875474514
39.02,0.26172534613137993,-0.0751980234677235,0.4699408871871286,-0.10434491349086894,-0.1839915269351484,-0.09041007034510118,0.9731830640865312,-0.11383860063083126,0.0301995259513028,0.03453912416205794
39.04,0.259376998012245,-0.07387274412754515,0.4698794045328115,-0.11236573297655851,-0.18937176921403814,-0.08921835813054324,0.971366233533921,-0.11568633545553184,0.03922381035108885,0.06098424233281587
39.06,0.2569324464325251,-0.07248272839827705,0.4705365101677972,-0.12628890395583234,-0.20111972726114508,-0.08803318257991251,0.9673945042271478,-0.10382436910931966,0.031343577066894675,0.10381210809709132
39.08,0.2540802376412037,-0.07071207382556469,0.47206140162931626,-0.14098653242760478,-0.2134310626281624,-0.08732188631129349,0.9627797605633861,-0.10806018082601723,0.03791808506457704,0.16166908290185886
39.1,0.25060177560558744,-0.0682737608255868,0.4742670923140924,-0.15129536450908504,-0.22148437736058843,-0.08645368038091007,0.9594686781817585,-0.12166359540964751,0.0502604497164004,0.21401431842930693
39.12,0.24661489898764336,-0.06537605893990982,0.4768679001409679,-0.16154381366224985,-0.22754614280339847,-0.08643568158109222,0.9563760882165362,-0.13251971656675046,0.055042077029014355,0.24960435113825183
39.14,0.24221629829183974,-0.062055091342851545,0.4797932772445863,-0.17232259478693351,-0.23306711992728157,-0.08648345073534262,0.9531554194797447,-0.1420856684432297,0.0630065187234472,0.27886355182747635
39.16,0.23749299066367988,-0.058219882050810405,0.48263521345591476,-0.179320050291851,-0.23636944989034894,-0.08484684294247023,0.9511965180574189,-0.15909261615049794,0.0822059264101993,0.28707691291583337
39.18,0.2326319674618299,-0.054083130872139305,0.4849817945399695,-0.18305445827780423,-0.2385534150524962,-0.0848911957579496,0.9499351653424546,-0.17317215609638711,0.09685536760776987,0.27751868765906246
39.2,0.22769722317429844,-0.04976539076296186,0.48727351557891535,-0.18730735380853675,-0.24206545779872152,-0.08491183629524038,0.9482142423560771,-0.17486321799686066,0.10204003802912724,0.2856348946904475
39.22,0.22260546366792147,-0.04516864814828679,0.4895290497821613,-0.1892342249224812,-0.2442164982827559,-0.08424333288572944,0.9473393114131814,-0.18360723849005908,0.11362800119125438,0.2933752731495266
39.24,0.21741675144488132,-0.0403859148906301,0.4916705249838571,-0.18953273510659974,-0.24602852548755116,-0.08380242603017488,0.9468497559596718,-0.18701978393167012,0.11970050145992903,0.29535412950689716
39.26,0.21220153417722667,-0.035548649069183404,0.4938122174945832,-0.19111704760045653,-0.24965032052597,-0.08287828281495102,0.9456638841657273,-0.18747682377442393,0.12205163609842376,0.29834072492367986
39.28,0.20684707896284057,-0.030584459958432404,0.4957906548637907,-0.19108086980680528,-0.2507672624305416,-0.08128142830231341,0.9455142572696101,-0.19878240023289834,0.13036178200310175,0.2952423782768999
39.3,0.20143068015723595,-0.02560684213233188,0.4974824946954111,-0.1901608728768465,-0.2504505108683212,-0.0810462569655588,0.9458038318088934,-0.2052503580956746,0.1327060222421091,0.2861203251292758
39.32,0.1960737015336244,-0.020712680398880176,0.4990290623666239,-0.1914627789613767,-0.2514798642355911,-0.07850076080833568,0.945482687683359,-0.20653863769469027,0.13432668834496253,0.2745242628541401
39.34,0.19080877899353182,-0.015876490615369568,0.49996954487200007,-0.1912051264803039,-0.2515609038397463,-0.07522926316577598,0.9457791862958898,-0.21802129416903257,0.14559175674785207,0.2438980751889856
39.36,0.18568390016124295,-0.01117849617511876,0.5002976676694391,-0.18905466726984693,-0.25084832759997555,-0.07452174749501539,0.9464565275141125,-0.22329030658718527,0.14820352280647725,0.21570547300976445
39.38,0.180746693843765,-0.006739500413021358,0.5007330973476342,-0.1911200878946483,-0.2537692216540174,-0.07415984098402913,0.9452907553390542,-0.20715397139436456,0.13498691621908626,0.21898193626302934
39.4,0.17577331858759407,-0.002273704929528256,0.5015577472759702,-0.19320294542474564,-0.2572109886949951,-0.07330474635345761,0.9440029360843117,-0.2012270114771722,0.13172648616044394,0.24118959651516736
39.42,0.1706316187998904,0.002343874274426153,0.5024439949578798,-0.19238775419686355,-0.257567360775243,-0.07232193619186507,0.9441480520786043,-0.2074301951802337,0.13690747542651074,0.2469517890492768
39.44,0.1654167351021502,0.006977846960572005,0.5035139319315335,-0.1926025779204923,-0.25885684092608774,-0.07200900352201019,0.9437754427277253,-0.20304239915675412,0.13199261402755746,0.25790097093438735
39.46,0.16009534373221884,0.011688043534191327,0.5047150548009371,-0.19251172141795436,-0.25975001941131726,-0.07118998147963373,0.9436106988951777,-0.20631881049213235,0.13498124381209087,0.26604898014167616
39.48,0.15465505730253296,0.01652409635984993,0.5058789835062801,-0.18965616358053572,-0.25880835744358144,-0.07070118319951955,0.9444840477358294,-0.21198859604667505,0.14040826127809386,0.26864047399858504
39.5,0.14919663556017476,0.021361046970919898,0.5069500055092243,-0.18710046236592806,-0.2576367555845119,-0.06783251630839056,0.9455239123817093,-0.21656353065389156,0.1448425700270246,0.2590897048665547
39.52,0.14383272675966002,0.02610750436368604,0.5076068654515142,-0.18312129621087825,-0.25679366418926003,-0.06670908768305513,0.9466115901079998,-0.2206233701908832,0.14855268203080815,0.23715745907730468
39.54,0.13863087348134923,0.030678507891061288,0.5082083976889686,-0.18063289001174068,-0.2586440424553921,-0.06524303372349201,0.946688103283703,-0.21328583235544413,0.1445170636686879,0.23052074167911374
39.56,0.1334350787497387,0.035167370837947846,0.5089308203541677,-0.17813617978397267,-0.2606309045681488,-0.06410176581745824,0.9466942466578343,-0.21001148607245726,0.1398151082972872,0.23619681190519656
39.58,0.12818766905396553,0.03961617071570601,0.5096587632638249,-0.17535563920656727,-0.26133660506870166,-0.061264733238392384,0.9472065303358346,-0.21346177447989872,0.14195840580020194,0.2313370991661031
39.6,0.12300933218532754,0.044000180299075195,0.5101302645838411,-0.170339689696933,-0.26264337261091436,-0.059808572242490074,0.9478532500465627,-0.21300067522558802,0.14358655213259205,0.2193716352920226
39.62,0.11786770821485926,0.04822110837304108,0.5107880863285386,-0.16759317298040385,-0.26619310805476776,-0.05828431772658698,0.9474474633992375,-0.20584496636125346,0.13439849585478814,0.22685620817533375
39.64,0.11257360005626478,0.052460273712543644,0.5116181066039697,-0.16291382269577406,-0.267877719811336,-0.05685979457863712,0.9478752963147655,-0.208556651065582,0.1361918363020966,0.23786670844956492
39.66,0.1071633773286352,0.056746561353089406,0.5125068897979472,-0.15569848518068222,-0.2684182987377734,-0.053865262983144924,0.949109125474472,-0.21215885088488312,0.13919197258949936,0.2381232912248305
39.68,0.10172892667571826,0.060883094209684796,0.5132597755857274,-0.14882422343638219,-0.26891707879531,-0.051872433304073,0.9501811437372715,-0.21437242652614708,0.13468949337901287,0.2288534501009829
39.7,0.09635168035938463,0.06477103704670246,0.5139712025967439,-0.14530049850054547,-0.2713264223871851,-0.048067770324076685,0.9502416677383367,-0.21361104388074245,0.1289340922245787,0.21787591901172604
39.72,0.09104506637837934,0.06853858564649178,0.5142792417635874,-0.13924892998787683,-0.2732340252462713,-0.04519721714018809,0.9507418758568142,-0.22005363800995625,0.1332361787728035,0.1980145256169926
39.74,0.08579085470316122,0.07220424411229699,0.514393419181381,-0.1305545719953331,-0.2745837576159566,-0.04243466845113138,0.9517134877146901,-0.21990942843755112,0.13219164825413926,0.188392686235614
39.76,0.08058425792231419,0.07564581848926615,0.5146386816591388,-0.12329023398260824,-0.277830769330616,-0.03989873540042531,0.9518496061516853,-0.2124138892217926,0.12167898479480602,0.19130809194971793
39.78,0.07531489901552801,0.07891713119261387,0.5150546281617987,-0.11654058545764352,-0.2812674241764382,-0.037158021447331296,0.9518015599275202,-0.21156062021774874,0.11611060312918857,0.1976016681145925
39.8,0.06989044798954708,0.08210245582561702,0.5155394982165871,-0.10820772700478266,-0.28263269232003846,-0.03411720679974671,0.952494548671313,-0.216109516148752,0.11475844725641944,0.2003643649422832
39.82,0.06438827711175564,0.0851665412391067,0.5161440637581938,-0.09895683743012659,-0.2846063649399942,-0.03140050175136164,0.9530061751380382,-0.2134628494271067,0.10892364188526235,0.2063178442834676
39.84,0.05879655783510223,0.08804757365021013,0.5167891070830731,-0.09093654036298954,-0.28637945886132166,-0.026492713866003836,0.9534230368944947,-0.2183495150551525,0.10522863638263424,0.2022144333912836
39.86,0.053222972354465166,0.0908146907815809,0.5170156701680979,-0.07982103544267238,-0.28699749828455173,-0.022445356025757902,0.9543360227258244,-0.22694659468752837,0.10840368524911977,0.18095743729260566
39.88,0.047738917080785384,0.09343552497258739,0.5168827909702965,-0.06611250948708741,-0.2869926993338487,-0.017828060587898764,0.9554823320575139,-0.23330980190093648,0.10723344128874164,0.1585178426467484
39.9,0.04237458142300421,0.0956937194677225,0.5164964895355275,-0.05540201257476173,-0.2870659186770174,-0.012413102870597728,0.9562267985231903,-0.23534386735188365,0.09462170419983225,0.13808019952340087
39.92,0.03720731811187443,0.09767269908436567,0.515724378796718,-0.04406386673244814,-0.2876295071404854,-0.009191443666633409,0.9566834166191184,-0.2343250476517449,0.08660239782189075,0.11627226686629599
39.94,0.03220751148153869,0.09931547203803147,0.5151789383675517,-0.03479767981955412,-0.29196369275861583,-0.006530923973768084,0.9557738595619663,-0.21822222435115748,0.07083557002103226,0.12685209466168573
39.96,0.02712900605983193,0.10070617317192836,0.5149933382710151,-0.026664176492520918,-0.29686565754077804,-0.002702460570251539,0.9545430842930681,-0.21523349374654543,0.06152095033351257,0.14051387444173874
39.98,0.021887174847696367,0.10195456364626342,0.5147877435752651,-0.01715231603263688,-0.29901602600328697,0.002144293565936368,0.9540915135630446,-0.2235539101035068,0.058797560733016715,0.1418007535711207
40.0,0.01658653192085168,0.10308846775564029,0.5142669594795957,-0.005022606343084381,-0.2986755532485731,0.0060852320125084815,0.954322093042247,-0.23215606875052455,0.05676698041595648,0.12959614378187637
40.02,0.011306971555311523,0.10403780401752369,0.5136886630155755,0.007744154315910843,-0.2986367610808353,0.010430812572213259,0.954278424336505,-0.23274740380766717,0.04982475514748326,0.12609571441848294
40.04,0.006009055385784709,0.1046655922098515,0.5132631503268672,0.018208760544573505,-0.299325383800051,0.013805698482005439,0.9538774336054955,-0.22779696728544865,0.03636532546003152,0.1357923416329815
40.06,0.0005821965816128396,0.10501400573347844,0.5132571078662008,0.027848577221306813,-0.3009616364114794,0.016671226008337942,0.9530837425843819,-0.22107626641411562,0.02673480330600665,0.1604798975939944
40.08,-0.0051405799715576826,0.10512181657617396,0.513609436014506,0.03756640911037503,-0.30007135103833144,0.019596821841913952,0.9529752954648293,-0.22484578931272284,0.02094853734952097,0.1833742309394107
40.1,-0.011088648763279751,0.10505280844257137,0.5141196602772581,0.049142309911078805,-0.29743427013875123,0.021490435953825902,0.9532345196677188,-0.23238574237122328,0.016170073704402987,0.18844010004029185
40.12,-0.01704154866174866,0.10470656481875473,0.5145441035123609,0.0585254819891262,-0.2953927333993168,0.02457901253361583,0.9532647969770482,-0.23245096795898013,0.00426842210571068,0.18800267327730816
40.14,-0.023048732253488604,0.10411667156442907,0.5151569432410366,0.0678191003914657,-0.29364770020146097,0.02762651162712941,0.9531045974308388,-0.2308012674325548,0.00038560833944982715,0.20025579706126823
40.16,-0.029186648633066692,0.10342264859293288,0.5158248544575034,0.08112145481076172,-0.28948579701360566,0.029598794312017753,0.9532791796069282,-0.23906343809735536,-0.0010204476159826517,0.19929056349988372
40.18,-0.03519384461207017,0.10239175549631972,0.5162671442657591,0.09029810548807778,-0.2866225553324312,0.03254460847926387,0.9532232746733069,-0.2361016273076595,-0.020394742321016533,0.1901134786910266
40.2,-0.04105136746749824,0.10099617907224778,0.5166810707788078,0.09570292999996188,-0.28557873206465106,0.03402698848919156,0.9529574497511025,-0.23291270071415968,-0.03225917230393477,0.1893273912609346
40.22,-0.04692977139080727,0.09955660228222835,0.5171129128973236,0.10585204929943372,-0.28275206551656257,0.03468246394582205,0.9527033850049419,-0.2366834066172801,-0.030935609529591505,0.1871910595429415
40.24,-0.05265629617651171,0.09793533214620957,0.517253590477581,0.11454458583057747,-0.28044002677630286,0.03630110767747477,0.952320932679733,-0.2365444468875622,-0.04371942113712983,0.1723513385715087
40.26,-0.05821842377502935,0.09608147021510083,0.5174026669053899,0.12133645146519693,-0.2799675417233254,0.03822753765498345,0.9515431133123022,-0.22700538939335524,-0.05152521610640276,0.17796193262827026
40.28,-0.06380736569242171,0.09403069341467502,0.5179347897626693,0.1290665892360957,-0.2801160545994271,0.04035435420636732,0.9503937802801524,-0.21961230711094748,-0.05309449294438219,0.20043220680487991
40.3,-0.06956831994810575,0.09173251753282631,0.5186880210239815,0.13692186115630034,-0.27760713669669485,0.04121816909279487,0.9499935495197823,-0.22471650343376467,-0.06003590846303242,0.21222514372037446
40.32,-0.07531981181287162,0.08921190313471261,0.5192132250954027,0.14292781708601277,-0.27416391524626865,0.04207147288020395,0.9500714593384828,-0.22978588246923853,-0.07200711374960062,0.20274218857902948
40.34,-0.08099404448892808,0.08655599092772194,0.5193794839239968,0.14869495609133837,-0.269299741349896,0.04110813164146925,0.9506195773572211,-0.23968145078851863,-0.08236094025574145,0.18385286323564926
40.36,-0.0864558956335271,0.08385774323880765,0.5190821331639015,0.15391810842248208,-0.2648600498257995,0.041830868267220704,0.9510039686383703,-0.2380397983214691,-0.08925809723726964,0.1609095539227598
40.38,-0.09159192404458955,0.08116449289966145,0.5189285131196413,0.16150165733527014,-0.2660714659556389,0.04318824274563534,0.9493460724997614,-0.21736116695659574,-0.08611387275880558,0.16728422639535676
40.4,-0.09667106240022566,0.07834612418334003,0.519119752024069,0.17104592595480056,-0.2687702495105318,0.042901208217249465,0.9469241419067377,-0.2113181292341507,-0.08788385848783145,0.18129871510187512
40.42,-0.10177832623319417,0.07531046761639065,0.5191762329017299,0.17799870264203602,-0.2697985430148308,0.04402085190720835,0.9452975048323095,-0.21441771377300758,-0.0988831207327695,0.18563920990090635
40.44,-0.10699907626103033,0.0719878899131387,0.5192804790776377,0.18221829809024503,-0.26817280153982986,0.04462709951608943,0.9449276492642993,-0.21747734375595376,-0.10664994861878677,0.19653091520018437
40.46,-0.11231872896802628,0.06852622133907747,0.5195528963946122,0.18784408637120595,-0.2657532083765163,0.045997931951312326,0.9444437631268244,-0.21748221229272513,-0.10754341379596662,0.20863677712532763
40.48,-0.11773306104611977,0.06485972876425485,0.519881977134729,0.19310525327801933,-0.2615819202755186,0.04630322575225268,0.9445323030083937,-0.22373984724242182,-0.11555845040302612,0.2117773385468255
40.5,-0.12311815494852439,0.0610487178354656,0.5199663793492127,0.19646790489488544,-0.25636916498653034,0.04819646089765162,0.9451731665400074,-0.22722657275787492,-0.1240058881228848,0.2046808767176132
40.52,-0.12844484417406762,0.05712284089621697,0.5200717810850233,0.19968091631393625,-0.2508417169851205,0.050071474861524766,0.9458852002675457,-0.2266886954130189,-0.1272069271173621,0.2058642649309058
40.54,-0.13376876334659277,0.053086354186673845,0.5202916240389871,0.20305877632388072,-0.24374460757442487,0.052741967317412417,0.9468759076667475,-0.2265037745104685,-0.12819357787604307,0.21121495393831266
40.56,-0.13907265159531584,0.048964701505675605,0.5204829685509665,0.20727593605506647,-0.23400962721677446,0.053748549129077984,0.9483603081998325,-0.23172496372716975,-0.13348626117914084,0.2030796750537644
40.58,-0.14413567155917995,0.04477115691136514,0.5203672537972024,0.20908676038163565,-0.22535850378561562,0.05624133502653352,0.9499121978578096,-0.22618575430889215,-0.1434300202552044,0.18498177759668324
40.6,-0.14885238650532,0.04056208520795983,0.5202380176360671,0.21140966432544195,-0.2203304956998351,0.056535495252657185,0.9505599214520911,-0.2157461891780565,-0.14703076168061974,0.1739666911220536
40.62,-0.15340554932899736,0.036399161416446765,0.5199144876633162,0.21393588048058426,-0.21364208292554054,0.05803947106095919,0.9514304594899187,-0.21480128521185846,-0.14857679144712488,0.1627448622390792
40.64,-0.15777067216260526,0.03220948837944829,0.5196790623608504,0.21599505135066574,-0.20719615707726438,0.05994803731499582,0.9522720845989957,-0.20415075306661162,-0.1488033337181589,0.1640098983422851
40.66,-0.16196782704709617,0.027951272157555766,0.5196654687064887,0.21784659082474866,-0.20168550147454956,0.061863628943445235,0.9529106530913283,-0.1949389480106623,-0.14860153075361096,0.17099401510627238
40.68,-0.16609114863793512,0.023602751724556992,0.5196863715285353,0.21910476697441347,-0.1941724992921795,0.061971206069378545,0.954174885032101,-0.19614669761642817,-0.15482579348727785,0.16498601290231116
40.7,-0.1700456469417113,0.019244044323888584,0.5193388583478729,0.21829667697983376,-0.18567456439105937,0.06233522159056377,0.9560260650772069,-0.19656674032978122,-0.16458782788537224,0.14219315934206542
40.72,-0.17372964179483485,0.014980623250162117,0.5187749387196248,0.21721698800515954,-0.17874332552658348,0.06359612938043603,0.9575088177293675,-0.18554012413323462,-0.16373697967398612,0.12711050349539346
40.74,-0.17715664495513717,0.01084931460377532,0.5185046551824941,0.2193724876689635,-0.17494102834853065,0.06512510357487546,0.9576168697024143,-0.17166286684921322,-0.15473923984820592,0.13600459870328166
40.76,-0.18058807101840116,0.006615573880031146,0.5182946648365869,0.21947062059401876,-0.1667896372066294,0.06482447190656258,0.9590681161724607,-0.17619044448229798,-0.1623232929406508,0.13231462236920466
40.78,-0.18383012816677355,0.0023681728155316726,0.5177603827053678,0.21648979197721288,-0.1589060973012969,0.06550895152373469,0.9610356910543931,-0.1695448724686765,-0.16938689756635042,0.11324269238984394
40.8,-0.1867991402350461,-0.0017317520362598367,0.5171036860655527,0.21467792847803377,-0.1535130977417942,0.06583889317221706,0.9622953579810909,-0.160612884040512,-0.1671490335375668,0.09879687451195691
40.82,-0.18961585143450344,-0.005669511046518368,0.5164532947056611,0.215206408108501,-0.147773536303603,0.06505473927680133,0.9631287892981875,-0.155532117714612,-0.16338791063046992,0.08990691779184502
40.84,-0.1922756628246098,-0.009563094581227238,0.5155060649814222,0.21289693110885788,-0.14152187867003113,0.0656451081049835,0.9645398770211734,-0.15156186062838128,-0.16945390605680016,0.07436703554433054
40.86,-0.1947719489360493,-0.013371834488257208,0.5145101564303496,0.21001032390750252,-0.13536637593598255,0.06603118765318812,0.9660287212993895,-0.1445020820706659,-0.16652854672141132,0.06630785117204469
40.88,-0.1971265263867965,-0.017032655372594865,0.5135722774728286,0.2091729104653916,-0.12945611284290626,0.06550709180668109,0.9670556495352649,-0.13888924658690072,-0.16273837668474767,0.05955792871872402
40.9,-0.19936858878559904,-0.020663862244530387,0.512564869721407,0.20633464957644532,-0.12310347146008953,0.06640384821275697,0.9684327940756537,-0.1318137619392859,-0.16233468768589934,0.056812826934619934
40.92,-0.20144926145797432,-0.024230732953235693,0.5117660123826622,0.20437805570556702,-0.11839694041971839,0.06666214786809893,0.9694162846202211,-0.1238891432123906,-0.15824205241519884,0.05999542919468344
40.94,-0.20355333291741634,-0.02786656425026885,0.5110851958572861,0.19985155569327326,-0.11044068633757459,0.06763841997639819,0.9712297640781816,-0.12585453056504228,-0.16002329173789362,0.06572481029257106
40.96,-0.20565012726382262,-0.03154128335959357,0.5103811012937735,0.19325045444873576,-0.0994610624621841,0.06699680577875881,0.9737931951521811,-0.1267758457818587,-0.16531400446425842,0.05388311985624698
40.98,-0.20758613302282922,-0.035133673335193065,0.5093122344957075,0.18422018387179762,-0.08874883994877361,0.06764032536758297,0.9765302625347335,-0.11900953839223065,-0.16579032182055864,0.029994760525866748
41.0,-0.2092600361521497,-0.038408770897392266,0.5081692894502642,0.17914940302668653,-0.08086945641551735,0.06719168434639022,0.978187558686439,-0.10857193093102288,-0.15805522308811265,0.014545934689876434
41.02,-0.21083136093648916,-0.04160374923807074,0.5068636079047866,0.1710928761536946,-0.07120567933914959,0.06770419055868607,0.9803433692029032,-0.101928466808156,-0.15505001629545723,0.003946601028584214
41.04,-0.21223374816619864,-0.04459332136508221,0.5055716613076169,0.16419577473541083,-0.062140699596915636,0.06815897664396765,0.9821062238452067,-0.09292626085904533,-0.14734376024274978,-0.0035682280218809286
41.06,-0.213491282478447,-0.04747679279560755,0.5042817076200607,0.15611526144763782,-0.05295236205121459,0.06794834928562071,0.983975149241937,-0.08773531430703023,-0.14939300240312323,-0.012378950582757403
41.08,-0.21469435999709444,-0.05035978882678583,0.502698466559371,0.14300168253255693,-0.04100655717768457,0.06826178561891627,0.9865137148998022,-0.08274454069292816,-0.14575549476545588,-0.03261293576256853
41.1,-0.2156265107769707,-0.05268971688830854,0.5010956797954114,0.1396635522709333,-0.03343606759495353,0.06886883364361245,0.9872351317206142,-0.062215769568510514,-0.11975119125866929,-0.042097977867688194
41.12,-0.21635168411363084,-0.05497289277312175,0.4995607058062118,0.13322366361617258,-0.027578656540102494,0.0691818434951846,0.9882837374391708,-0.05772007778152301,-0.13013897352474296,-0.04189795073329789
41.14,-0.2171278317185453,-0.05736641903907404,0.49802805192479754,0.12085008278572985,-0.016819739536489055,0.06964307107706949,0.9900819140371978,-0.058313445660772845,-0.12422690787210659,-0.043374170071091296
41.16,-0.21778038273154307,-0.05941481240069692,0.4965901956331884,0.11448058243417812,-0.007009693048778402,0.07017785653186082,0.9909188306322001,-0.04437278457936409,-0.10546630616306107,-0.04536190503118553
41.18,-0.218209297181044,-0.061457435275015716,0.49515827827200437,0.10447315128627593,8.968605795039341e-05,0.07046141187106536,0.9920284986097234,-0.036749707877150664,-0.1189074019174172,-0.05168887989918601
41.2,-0.21863318403357102,-0.06359457295257773,0.49342989757491923,0.08796820577468194,0.010278070184236427,0.07108309625696058,0.9935306484817642,-0.035395348032250515,-0.11061014077779019,-0.06963515727448734
41.22,-0.21898472195390106,-0.06508474854828293,0.49169248758734174,0.08469033911577489,0.020210600315043962,0.07133440335777048,0.9936450477876653,-0.023064167286973476,-0.07929811966436438,-0.07283104351542219
41.24,-0.21921635750340812,-0.06658078672367253,0.49012948327091305,0.0774517862067743,0.030284130438975973,0.07158490846768756,0.9939616155247687,-0.019360625311400086,-0.08862367296071773,-0.0635194251795377
41.26,-0.21935593607161408,-0.06824777000326239,0.48882913648240783,0.06319739064697827,0.04175644288438063,0.07206353140967162,0.9945196512557326,-0.012395460794188292,-0.08738516565843754,-0.04985721599722841
41.28,-0.2191885972281736,-0.0696293147697279,0.48778266284561606,0.05350168543765476,0.04809681995748689,0.07243640926897141,0.9947749655965038,0.005790361702424057,-0.0721576597011209,-0.041267993651797175
41.3,-0.2189578151199855,-0.07093856288533543,0.4869452613999953,0.042532387207661684,0.05632900507695565,0.07278800466038551,0.9948466945228384,0.007069997544135728,-0.07108619345969021,-0.03355515239897795
41.32,-0.2185082073181806,-0.07221928645943307,0.48606105069718397,0.02845062818430499,0.06149808847810498,0.07336805376319808,0.9950003394755491,0.018006424051073375,-0.06816968150010508,-0.037424643239740034
41.34,-0.21819754193035742,-0.07336302257398056,0.4852578193519946,0.014407213529153287,0.07315142181171172,0.0732239876205678,0.9945247856751451,0.010290443202152243,-0.058570912152643415,-0.03444490554573029
41.36,-0.21761549243356607,-0.07427688991202122,0.48440810414279095,0.0017414599427411507,0.07971448450560589,0.07339210173233998,0.9941107421613465,0.04117778883605765,-0.04754699545808571,-0.04272528296369123
41.38,-0.216638571079257,-0.07492801016390595,0.48296907347464074,-0.008865169575990942,0.07660241993448164,0.0740006920682084,0.9942722844382199,0.05058117134658685,-0.03757668032413568,-0.07195379373351539
41.4,-0.21565978529152138,-0.07528442056792882,0.48082376416173767,-0.015273962046157948,0.07245071027461814,0.07370999011479461,0.9945272434787258,0.0725320592558911,-0.01710665617873302,-0.10943239277789585
41.42,-0.21404906536479346,-0.07509985287420629,0.47792357633194604,-0.011226362172429161,0.04852798962143528,0.07460900812568678,0.9959681214387218,0.09967506567493248,0.004546572074098083,-0.14062841175858973
41.44,-0.21288716671167746,-0.07480021844924885,0.4746548017170108,-0.005363104891477004,0.03431901983679493,0.07444341412528145,0.9966200981701786,0.06115598616807024,0.007165778945499637,-0.16288625385510896
41.46,-0.21220308973150478,-0.0747333657135783,0.4712653178364314,-0.005698515737118368,0.02996825173496069,0.07408329811598778,0.9967853809855969,0.04442946518973676,-0.0031368705790574256,-0.16693564833042968
41.48,-0.21143759621353264,-0.07465368239125961,0.46800623982220013,-0.005992293677356149,0.020452457179260666,0.0743849483119865,0.9970018399563955,0.0453591509617169,0.0016976348375222084,-0.15718087410896844
41.5,-0.21089231785461154,-0.0744756504574743,0.465034204629385,-0.0034190286892006733,0.014597519262501418,0.07439722911208992,0.9971159786978877,0.0290606164446732,0.006121637181997013,-0.1447086384355891
41.52,-0.21051729060998225,-0.07439136566934343,0.46227025381978926,-0.0031036966625126,0.011495014064068785,0.07426565979217495,0.9971674099640074,0.022077644209412,0.0005871787338736039,-0.13575219716233283
41.54,-0.21014951769088594,-0.07432066366889238,0.4596144824202022,-0.0029593717309306915,0.006995604610482437,0.07434135457067471,0.9972039242981795,0.02044575606760457,0.0023864664404859106,-0.13159566769111325
41.56,-0.20991848985200431,-0.0742241463772633,0.4570737246793547,-0.0017532147759273364,0.004852009341923846,0.07434831153700529,0.9972189893974601,0.01091842906134987,0.003124150581760755,-0.12405441712438595
41.58,-0.2097817199765968,-0.0741889113305843,0.4547303655693987,-0.0018996356198395516,0.004227925726401044,0.07427094754361553,0.9972273273329093,0.008210166154649106,0.0007432933506321715,-0.1155978221603057
41.6,-0.209615959222843,-0.07413413258320921,0.45243852522967426,-0.001427775714459378,0.001975341994035288,0.07432688360526199,0.9972309531167018,0.009264752863925715,0.0022893276955355327,-0.11456563258240164
41.62,-0.20952417546601854,-0.07408453661065216,0.45019408383755366,-0.0008668368005393702,0.0011354194176388737,0.07434365611157609,0.9972316582483084,0.0036159188092336403,0.0015075267644157277,-0.11009117690152392
41.64,-0.20948697226481933,-0.07406910451723324,0.4481293217880261,-0.0010053972228581548,0.0012772772317658874,0.07429786504479115,0.9972347692439747,0.0024795764751523205,0.0006831974342150557,-0.10094008333277242
41.66,-0.20941875583944278,-0.07403138652239818,0.44618659291063195,-0.0005108289180728012,0.00018007276057192757,0.07433113630031842,0.9972334675510649,0.003924664167296572,0.0017112648951401535,-0.09671937406198478
41.68,-0.20938455109649873,-0.07400508161814481,0.4442144483639062,-0.0001932744553642637,-0.00021699405945998474,0.07435497116867716,0.9972317954322697,0.0009813110134450809,0.0007763799915824699,-0.09962874617160801
41.7,-0.20938595766920592,-0.0740016376180278,0.4421462305033202,-0.00032803023472491695,0.00014815306398822473,0.07433005318785248,0.9972336304196353,4.589292461149927e-05,0.00022117428679316054,-0.104475750541552
41.72,-0.20936594335747516,-0.07398642458766848,0.4400279996076382,-0.00011836762609711685,-0.0002391286970215677,0.07434510594211077,0.9972325375904196,0.0013175689022357233,0.000765207934167264,-0.10669118791020474
41.74,-0.2093566800441263,-0.07397696931613064,0.43782496380010416,-6.0905584695297105e-06,-0.0003971790856691701,0.0743653735268776,0.997230982988338,-2.6627900286445967e-06,0.00023604654663938047,-0.1114436709004474
41.76,-0.20936452331717081,-0.07397726980724889,0.43559024599190527,-7.707898077350128e-05,-0.00015840803877876795,0.07435098629440988,0.9972321193196559,-0.0003187244655337659,0.00010495411466571293,-0.11024004149718714
41.78,-0.20935932625680792,-0.07397050943236123,0.4334710671126219,4.5859025206523625e-05,-0.00033327994696471245,0.07435995736232696,0.9972314092338346,0.00032837315293480677,0.00032051555089954197,-0.10502447629321669
41.8,-0.2093616360606035,-0.07396873422426233,0.43136971202761487,6.596399996183125e-05,-0.00031152023890577805,0.07436573823518308,0.9972309840656917,-0.0003925107519160095,3.0330410239220714e-06,-0.10556426683876594
41.82,-0.2093699356564489,-0.07397096729015559,0.4292723751452048,1.0945050618206364e-05,-0.00014434661951690794,0.07435701023054346,0.9972316752258896,-0.00033871552347997726,-1.3932900470790616e-05,-0.10319667746811316
41.84,-0.2093696483791232,-0.07396909861002349,0.4273780705297889,5.928903231046206e-05,-0.00022018769642063147,0.07436354273965275,0.9972311725539855,-4.566750084540471e-06,8.057801440995393e-05,-0.09185847518025533
41.86,-0.20937568799836176,-0.07397096097629523,0.4256521308061525,2.3888006923169048e-05,-0.00011170595476351403,0.07436225185650154,0.9972312883428663,-0.0004378580243946942,-8.929691999581371e-05,-0.08552776416023992
41.88,-0.20938058082564154,-0.07397249777565676,0.4239691693577264,-8.986963772625913e-08,-3.327172746790154e-05,0.07435752672705721,0.9972316466659183,-0.00012637953774542006,1.4313190854429832e-06,-0.08281997372063354
41.9,-0.20937891331522623,-0.07397097047072194,0.4223384234333473,4.371320764815624e-05,-0.00012342902703168918,0.07436367955294262,0.9972311798263119,7.861317541947195e-05,5.730599699362941e-05,-0.08194947435342483
41.92,-0.2093818885632446,-0.07397202702048265,0.4206267307451886,2.6698260863503414e-05,-7.378106206624752e-05,0.07436421004104948,0.9972311457774112,-0.00026040713618797685,-6.68842670551549e-05,-0.087064660245413
41.94,-0.20938598950689627,-0.07397381822765238,0.4187909785584482,-5.479373581612396e-06,8.35914863740026e-06,0.07435964696075066,0.9972314890756175,-0.0001543418785914451,-3.6983180991646076e-05,-0.09325468923631743
41.96,-0.2093852664694747,-0.0739731787385196,0.41682000565943,1.6506588027621554e-05,-3.585684664421009e-05,0.07436185691738802,0.9972313235541777,7.27853010721188e-05,3.5705848905819755e-05,-0.10027601512965945
41.98,-0.20938553737907123,-0.07397326721398159,0.41471009436342254,1.840859652012814e-05,-4.26051752624529e-05,0.07436382667516622,0.9972311763719326,-7.470806276503367e-05,-2.522561481822732e-05,-0.10730348920962238
42.0,-0.2093872552937058,-0.07397414127480252,0.4125367935927913,2.66716082771346e-06,-7.710419023685408e-06,0.07436198222013929,0.997231314958434,-6.789420195130531e-05,-1.9793925569430403e-05,-0.10741166541948208
42.02,-0.20938675167506018,-0.07397373490241196,0.4104677923015362,1.6580243239963372e-05,-3.3151140072019116e-05,0.07436335523094884,0.9972312119187271,3.6974146080739616e-05,1.8699995224890917e-05,-0.10288182250532427
42.04,-0.20938733627536735,-0.07397408404401078,0.40844814320698847,1.144414401768734e-05,-2.485721565910204e-05,0.07436390256297871,0.9972311714175175,-7.020135889273037e-05,-2.9029570552986397e-05,-0.10060825974918605
42.06,-0.2093886074780293,-0.07397477368522358,0.4064379120458794,-9.272831829505524e-07,2.2839909710779842e-06,0.07436243501255288,0.9972312812246351,-5.2007963754454096e-05,-1.6882002901752367e-05,-0.10069473547300742
42.08,-0.20938841335393185,-0.07397460089310261,0.404371527840484,6.2181322813652376e-06,-9.886759556572698e-06,0.07436295979322591,0.997231242026832,2.3165052899628562e-05,1.0430139599601867e-05,-0.10428985957487011
42.1,-0.20938851260949518,-0.07397469300464012,0.4023047813492909,5.744357276402354e-06,-1.0959660565041952e-05,0.07436340625848806,0.9972312087257013,-2.532860651169275e-05,-1.1989771578486092e-05,-0.10168121925512763
42.12,-0.20938919785201834,-0.07397507688153251,0.4003533723509002,-1.3906018200336873e-06,4.663571620259963e-06,0.07436262911714199,0.9972312667416238,-3.239361658583332e-05,-1.1789906265151323e-05,-0.09706167442221605
42.14,-0.20938915221313037,-0.07397503810076175,0.39838766816544957,9.83223306826183e-07,6.662645520595756e-07,0.07436266175984144,0.9972312643186538,1.3986717584435736e-05,5.169393367326067e-06,-0.09901719405280554
42.16,-0.2093889405603278,-0.07397495762568922,0.39632830743754266,3.46464415933729e-06,-6.337862379380121e-06,0.07436319057739495,0.9972312248595998,3.4528185237372445e-06,-1.2104781937158725e-06,-0.10448020154818853
42.18,-0.20938922476936495,-0.07397514709966936,0.39414687087772027,-4.179304247413989e-07,8.135940986245101e-07,0.07436292983347774,0.9972312443288892,-1.889696980282562e-05,-7.902939030299194e-06,-0.1103308202193886
42.2,-0.20938930159718305,-0.07397516870803042,0.39189124895360333,-2.124591160522551e-07,1.9425021962207253e-06,0.0743627435405432,0.997231258219128,3.1869351299605957e-06,2.209519331561192e-06,-0.11379578527914198
42.22,-0.20938918537265402,-0.07397511749393025,0.38961687307021864,1.2299676444183498e-06,-1.6652064677143522e-06,0.07436300235015587,0.9972312389196324,2.554747698053405e-06,-5.202001558437852e-07,-0.11224596652499327
42.24,-0.2093893193474221,-0.07397521604823638,0.3874640640433313,-9.351685008864108e-07,1.9881831514273246e-06,0.07436284280810684,0.9972312508163136,-8.221104187636381e-06,-3.679553745447803e-06,-0.10628695157996026
42.26,-0.2093893326448597,-0.07397520964061743,0.38534362860874183,-5.53113719010258e-07,2.1930284228348996e-06,0.07436274958296528,0.9972312577678991,3.3761793574620746e-06,1.9775687974838533e-06,-0.1064261673686567
42.28,-0.20938923516548533,-0.07397516518098206,0.38319787959357343,4.489166651502316e-07,-3.4493969723992926e-07,0.07436289091958832,0.9972312472309324,4.193540057689731e-06,5.661485976613603e-07,-0.10762104958198031
42.3,-0.20938925291628488,-0.07397519101143346,0.38106361033717906,-2.2327180219605397e-07,4.2388316077874143e-07,0.07436286578043955,0.9972312491055878,-2.132399011893071e-06,-1.1061711529590713e-06,-0.10510836140745475
42.32,-0.20938926058802101,-0.07397518236399836,0.37902677855612,4.605434686486369e-08,7.310111032527187e-07,0.07436281671487001,0.9972312527642192,8.756365903587073e-07,9.323472466903463e-07,-0.1014246205951748
42.34,-0.20938922685102382,-0.07397517452124028,0.37705455955456285,1.7954518524460368e-07,-5.21286629155616e-08,0.07436285690025225,0.9972312497678749,1.5876366048537369e-06,-3.5939182450714456e-07,-0.09799868952169655
42.36,-0.2093892267022779,-0.07397518863438383,0.3750879211718853,-1.9222418821131691e-07,1.0613140724560755e-07,0.07436286400109368,0.9972312492383633,-6.222604645456579e-07,-5.583776239692627e-07,-0.09873262001798337
42.38,-0.2093892337472492,-0.07397518557359704,0.37309907655837454,-8.649750748324086e-08,3.6374098437689707e-07,0.07436283517458156,0.9972312513878906,1.9742150609872057e-07,4.035484529028623e-07,-0.0986100218514857
42.4,-0.2093892119866521,-0.07397517916402588,0.37115710489956644,2.7370129110455026e-08,-1.6757139029157513e-07,0.07436285907266575,0.9972312496058825,1.191378440445829e-06,5.0066687209298765e-09,-0.09728061153001744
42.42,-0.20938920879047873,-0.07397518305779696,0.3691501756580355,-9.725535924635579e-08,-1.857861393783889e-07,0.07436287235812218,0.9972312486151874,-3.5575558152639113e-07,-1.9690472380873181e-07,-0.10166184506672951
42.44,-0.2093892218082644,-0.07397518317779173,0.3670199187823088,-8.34791374735531e-08,1.7875991405450988e-07,0.07436284879155296,0.9972312503725331,-5.055238233481175e-07,2.1467446799975665e-07,-0.10821608037538147
42.46,-0.2093892167001183,-0.07397517966078003,0.3647619981132096,-1.5836715657682037e-08,3.570802232711732e-08,0.0743628517201891,0.9972312501541654,5.022891454669598e-07,4.544533810903092e-08,-0.11410483317900895
42.48,-0.2093892106662825,-0.07397518113887054,0.36241792852560606,-8.388615998859299e-08,-1.0709843715497452e-07,0.07436286564750066,0.9972312491156068,9.650953752628351e-08,-1.0086869059437317e-07,-0.11825244006331322
42.5,-0.20938921662760435,-0.07397518022328603,0.35999683023528434,-6.031212465698893e-08,5.961918682601691e-08,0.07436285747690237,0.9972312497248884,-3.360273625109016e-07,1.7733555792316358e-07,-0.1220722517603369
42.52,-0.2093892170915562,-0.07397517802359536,0.3575696178228871,-1.665999623535827e-08,6.616478964480898e-08,0.07436285305077518,0.997231250054943,1.650445330682485e-07,4.6802672488902593e-08,-0.11949972657442429
42.54,-0.20938921216525835,-0.0739751789057501,0.35527991768656086,-6.468625324495909e-08,-5.747858390776267e-08,0.07436286248679053,0.9972312493513042,1.894952852114998e-07,-6.965004730986129e-08,-0.11357815261433368
42.56,-0.209389213616454,-0.07397517785886745,0.35306949537283594,-4.560247334816306e-08,-1.4161688079503136e-08,0.0743628608990978,0.9972312494697001,-1.3064106970558704e-07,1.2297455111819547e-07,-0.10855612965308878
42.58,-0.2093892151467257,-0.07397517598826617,0.35095660097251774,-6.137819576757653e-09,2.1487526205613448e-08,0.07436285670123845,0.9972312497827325,-6.771871042511631e-09,7.960589149493707e-08,-0.10538607478338562
42.6,-0.2093892134415074,-0.07397517603853129,0.34883843343537685,-2.2530823916860982e-08,-2.525581296070942e-08,0.07436285977205526,0.9972312495537434,8.76822082592222e-08,-2.986490554869303e-08,-0.10626541707084221
42.62,-0.20938921363696975,-0.07397517574113728,0.3467289372665874,-2.2035877558878026e-08,-2.051260389056761e-08,0.07436286051219633,0.9972312494985517,-4.954847620333812e-08,4.971172334210583e-08,-0.1039149949760461
42.64,-0.20938921493931129,-0.07397517460305333,0.3447103550950533,3.886914139253817e-09,9.253231112410418e-09,0.07436285798401278,0.9972312496870771,-4.1080182060700485e-08,5.83739455826928e-08,-0.10069620563191192
42.66,-0.20938921463353735,-0.07397517453842131,0.34272749968460625,-6.198974403799812e-10,-1.8014809306145918e-09,0.07436285870568893,0.9972312496332623,2.546554627370031e-08,-1.3327678204348745e-08,-0.09741483398019711
42.68,-0.20938921471378974,-0.07397517449807299,0.3408716326592631,-2.1568327026108665e-09,-4.610051898293109e-10,0.07436285906492267,0.9972312496064745,-1.5511323945567495e-08,1.2460452529252148e-08,-0.09208460345236355
42.7,-0.20938921498610433,-0.07397517421630583,0.33908273779264936,4.134867179825052e-09,5.581028718925846e-09,0.07436285836436027,0.9972312496587148,-3.9383161484214715e-09,1.1791071812190011e-08,-0.08899587072405138
42.72,-0.20938921479953435,-0.07397517424765238,0.3373146228359853,1.9162129580141953e-09,4.964812972992824e-10,0.07436285872128583,0.9972312496320992,9.206094517250883e-09,-6.2779099957796545e-09,-0.08730818833523886
42.74,-0.2093892148415457,-0.0739751742670071,0.3356245884058652,1.3485350449455102e-09,2.0618247600974497e-09,0.0743628586899261,0.9972312496344377,-4.666599723375236e-09,1.6729375679671434e-09,-0.08343544051148677
42.76,-0.2093892148695172,-0.07397517420738375,0.33397179414447437,3.1342597889560174e-09,3.0354396397920163e-09,0.07436285849164169,0.9972312496492236,2.0204542878658023e-09,1.611030070229199e-09,-0.08316242834824351
42.78,-0.2093892147531088,-0.0739751742631709,0.3322580367462184,1.7196367792771043e-09,5.218051550441494e-10,0.07436285863135889,0.9972312496388049,5.503012075332191e-09,-5.525335973159375e-09,-0.08662109635563794
42.8,-0.20938921472520833,-0.07397517433060359,0.3304284303129398,3.512917908908978e-10,4.5306475539576324e-10,0.07436285868425208,0.9972312496348608,-6.968832991505494e-10,-2.274841988317213e-09,-0.09328073205623344
42.82,-0.20938921473704974,-0.07397517431710716,0.3285289948807148,1.1660838022439222e-09,1.1041547073827133e-09,0.07436285858596815,0.9972312496421897,5.560781167947506e-10,8.706398368553958e-10,-0.09550267688355762
42.84,-0.209389214683868,-0.07397517433267752,0.32654641473605484,9.593235746309983e-10,-5.843715117625716e-12,0.07436285862381005,0.9972312496393679,2.8177321574616028e-09,-2.316877046041938e-09,-0.10048582145893437
42.86,-0.20938921466288946,-0.07397517437885011,0.32444931060141785,-1.2341163041653895e-11,-2.2417848664669212e-10,0.0743628586699994,0.9972312496359236,-2.458206928914171e-10,-2.0686768664947083e-09,-0.10645115204056532
42.88,-0.20938921467495186,-0.07397517438267717,0.3222985980515758,1.5730106871691768e-10,2.3798530635597763e-10,0.07436285862425492,0.9972312496393347,-1.3777826402586906e-10,2.7389231118099184e-10,-0.10624487800063309
42.9,-0.2093892146488901,-0.07397517438586382,0.32025242796189446,1.6198512551235272e-10,-3.8994396715184696e-10,0.07436285865155569,0.9972312496372988,1.3992067659514632e-09,-7.05042590042397e-10,-0.1017595185009601
42.92,-0.20938921464906748,-0.0739751743992962,0.31825316991956937,-9.509748729279798e-11,-3.1425094776126805e-10,0.07436285866865733,0.9972312496360237,-8.222519610260931e-10,-4.650595287904796e-10,-0.09962977917263305
42.94,-0.20938921466988242,-0.07397517439968841,0.3162199616714437,4.111933916862368e-12,2.275413257845072e-10,0.07436285863072667,0.9972312496388521,-7.688438811809833e-10,2.729121894718306e-10,-0.102698464082146
42.96,-0.20938921466314947,-0.07397517439902654,0.3141556655629291,3.9501403900480196e-11,2.2354323763634556e-11,0.07436285863836764,0.9972312496382824,5.780787592391349e-10,-2.0137902390858143e-10,-0.10196876052508408
42.98,-0.20938921465935997,-0.0739751744051352,0.3121639889062933,-1.1188139326711005e-10,-5.969029442552336e-11,0.07436285865213615,0.9972312496372556,-9.509956554611161e-11,-2.626566633428709e-10,-0.09951764093312221
43.0,-0.2093892146663276,-0.07397517440391072,0.3101501521963036,-5.459701940870283e-11,1.277729329885555e-10,0.07436285863952698,0.9972312496381959,-2.84173664307986e-10,2.4270417188074346e-10,-0.10127178848959861
43.02,-0.20938921466447336,-0.07397517440147319,0.30812750816212664,1.4921813598565432e-12,7.55634545922698e-11,0.07436285863841739,0.9972312496382786,2.458512054390457e-10,-1.4558129177179197e-11,-0.0997820514481551
43.04,-0.20938921466142546,-0.07397517440368334,0.30623690506332074,-7.044614591480354e-11,1.4002403647523407e-11,0.07436285864552415,0.9972312496377487,4.1212460191208043e-11,-6.706489148977805e-11,-0.09221029324924523
43.06,-0.20938921466416882,-0.07397517440045852,0.3045021866258532,1.5208067097928097e-11,9.660038558778904e-11,0.07436285863841768,0.9972312496382786,-9.64700238072092e-11,2.2501532353619203e-10,-0.08594679562682339
43.08,-0.20938921466262142,-0.07397517439958429,0.3028103358887451,2.674377528504917e-11,6.775464216715401e-11,0.07436285863746595,0.9972312496383496,1.572015730642237e-10,-7.259628310420163e-11,-0.08332908831006347
43.1,-0.2093892146595232,-0.0739751744019781,0.3011581332893599,-4.611265303632133e-11,8.68266260173019e-12,0.07436285864278293,0.9972312496379531,1.0660799213522883e-10,-1.1060246550975984e-10,-0.0831579470933097
43.12,-0.20938921465993895,-0.07397517440051396,0.2994059040102756,-7.180575163616932e-12,3.3658644645940884e-11,0.07436285864106933,0.9972312496380809,-2.8996516617956613e-11,1.3191158922424615e-10,-0.08941754025137416
43.14,-0.20938921465988064,-0.07397517439897738,0.297490334735708,2.930514501456656e-11,4.065272904009979e-11,0.07436285863821104,0.997231249638294,5.1829693480887137e-11,2.1416444763925734e-11,-0.09798178750792252
43.16,-0.2093892146584267,-0.07397517439981637,0.29540234479770366,2.1624137964373004e-12,1.4447092567103828e-11,0.0743628586403923,0.9972312496381314,5.602807654143923e-11,-4.747933639976554e-11,-0.10638033980176487
43.18,-0.20938921465858712,-0.07397517439911562,0.2932668193394268,2.2851386800258807e-11,2.7488420688966412e-11,0.07436285863906118,0.9972312496382306,-7.639361926247065e-12,4.9730422769866034e-11,-0.10681835564862463
43.2,-0.20938921465819288,-0.07397517439905499,0.291157057082836,2.5467297991076606e-11,2.470581602988606e-11,0.07436285863825057,0.997231249638291,4.196598207569394e-11,-3.6452127863486385e-11,-0.10381414050036342
43.22,-0.20938921465703528,-0.0739751744001162,0.2891438276342496,-1.4198960972888352e-12,3.483791385634783e-12,0.07436285863985873,0.9972312496381711,4.6618218311160565e-11,-5.63798335127952e-11,-0.10038940256801299
43.24,-0.20938921465690524,-0.0739751744000127,0.2870940632705297,5.269271022407018e-12,6.280132231542076e-12,0.07436285863974708,0.9972312496381794,-3.4350095093139814e-12,2.204756810569135e-11,-0.10353461023380195
43.26,-0.20938921465688348,-0.07397517439987457,0.2850137491271961,1.1290487857698817e-11,9.58275688048462e-12,0.0743628586388932,0.9972312496382432,1.3507092453787993e-11,-1.3634697821930587e-11,-0.10274893313743094
43.28,-0.20938921465621282,-0.07397517440058494,0.2830084305143148,-6.886096286813523e-12,-3.731102872506699e-12,0.07436285863992911,0.9972312496381659,2.7459323976803047e-11,-3.89898931507378e-11,-0.10015472217988486
43.3,-0.2093892146562198,-0.07397517440046801,0.28101198084151247,-1.7925547700959654e-12,-1.2702687107005054e-12,0.07436285863998085,0.997231249638162,-9.561881007642658e-12,2.247804722677096e-11,-0.09989124034291419
43.32,-0.20938921465636873,-0.07397517440024692,0.27903006193432633,4.831181270359303e-12,3.309023058553015e-12,0.0743628586392416,0.9972312496382171,2.182289623432532e-12,-3.1580833687672827e-12,-0.0977109007671062
43.34,-0.20938921465604832,-0.0739751744006344,0.2771567857736937,-5.828730361117606e-12,-3.8344634045618495e-12,0.07436285863999603,0.9972312496381609,1.0206232345518348e-11,-1.5948336494290638e-11,-0.09194433211010544
43.36,-0.20938921465623198,-0.07397517440034518,0.2753566792876615,2.6972502349636043e-12,1.0276950754952333e-12,0.07436285863970968,0.9972312496381822,-1.1289637128049321e-11,2.280701636473542e-11,-0.09016311531117593
43.38,-0.20938921465630042,-0.0739751744002694,0.27355958402289904,4.713612660252092e-12,2.725154722635544e-12,0.07436285863937454,0.9972312496382072,3.2332213723732878e-12,-7.92055882942879e-12,-0.08854383149897171
43.4,-0.20938921465607108,-0.07397517440057573,0.2718547096125209,-3.5777837800947063e-12,-2.580216967143667e-12,0.07436285863989907,0.9972312496381681,8.181142576975028e-12,-1.4310540735816024e-11,-0.08504727425017178
43.42,-0.2093892146561426,-0.07397517440045766,0.2701319841797829,1.794246500966482e-13,-6.560782485235953e-13,0.07436285863984918,0.9972312496381719,-6.498343398732887e-12,1.2759541641969831e-11,-0.08678577667962095
43.44,-0.2093892146562606,-0.07397517440033663,0.26831944361572796,3.6285120243677398e-12,2.17086073421385e-12,0.07436285863948848,0.9972312496381988,-2.1270788687618227e-12,7.849187557190499e-13,-0.09207744088780556
43.46,-0.20938921465613558,-0.07397517440052445,0.26637113379798083,-1.5242059802311327e-12,-8.284859529460678e-13,0.0743628586397346,0.9972312496381803,5.953350369433947e-12,-1.1109968574376401e-11,-0.09915665681872188
43.48,-0.20938921465616278,-0.07397517440046812,0.2643899208022983,3.8201507866529627e-13,-6.058406346010499e-14,0.07436285863975928,0.9972312496381786,-3.713478735491468e-12,8.029069947550716e-12,-0.09907317399643345
43.5,-0.20938921465623872,-0.073975174400381,0.2623990268549771,2.9388302180141556e-12,1.8074072926035177e-12,0.07436285863950486,0.9972312496381975,-7.129891935128901e-13,-8.850863556960321e-14,-0.09883333284772533
43.52,-0.20938921465611748,-0.07397517440055232,0.26044829435627775,-1.7173585874727045e-12,-1.0356279410543615e-12,0.07436285863973674,0.9972312496381802,5.374732958866792e-12,-9.97040325629101e-12,-0.09776811409883401
43.54,-0.20938921465611018,-0.07397517440054972,0.258430372212918,-1.3872151289091714e-12,-1.0927289741881977e-12,0.07436285863982979,0.9972312496381733,-2.012572215791274e-12,4.5527588284404076e-12,-0.10222133962751734
43.56,-0.2093892146561732,-0.07397517440047076,0.2563550328289086,8.027130575758309e-13,3.83919943524373e-13,0.07436285863964236,0.9972312496381873,-1.2850332533282447e-12,1.5330374232124975e-12,-0.10316212228845822
43.58,-0.20938921465611265,-0.07397517440056667,0.2542835391907856,-2.0008011964787576e-12,-1.1509672481343003e-12,0.0743628586397758,0.9972312496381773,2.650702589242133e-12,-5.640685333598386e-12,-0.10418109021497757
43.6,-0.20938921465611912,-0.07397517440054903,0.25215872721376165,-1.5773797483244715e-12,-1.0788388777164729e-12,0.07436285863983713,0.9972312496381728,-1.7902864368670435e-12,4.210013932642226e-12,-0.10697330768945079
43.62,-0.20938921465617885,-0.07397517440046547,0.24997902147454223,5.272379998285479e-13,1.8782386343868272e-13,0.07436285863969964,0.997231249638183,-1.7436645123274594e-12,2.865525213671448e-12,-0.10887498968826514
43.64,-0.20938921465614596,-0.0739751744005261,0.24781984027105955,-1.4203666097643837e-12,-7.517148859838101e-13,0.0743628586397819,0.9972312496381769,1.6502907217126082e-12,-4.028615146953737e-12,-0.10808730318186965
43.66,-0.20938921465614507,-0.07397517440051939,0.2456229826159992,-1.389599147227685e-12,-8.996396331818254e-13,0.07436285863984594,0.9972312496381721,-9.84750282039502e-13,2.762019873140573e-12,-0.11071536132595261
43.68,-0.20938921465618293,-0.07397517440046454,0.2434143742210728,-1.0176137911088668e-13,-1.5681803231948534e-13,0.07436285863976168,0.9972312496381783,-1.1039546742826828e-12,1.7118119055434069e-12,-0.108841531181747
43.7,-0.20938921465616359,-0.07397517440050437,0.24131578797848927,-1.4728639425839016e-12,-7.688984905150301e-13,0.07436285863982668,0.9972312496381736,8.338855082022517e-13,-2.2734811619613544e-12,-0.10440685211024481
43.72,-0.209389214656171,-0.07397517440048726,0.23919875074062405,-1.20874542809137e-12,-7.418362790806759e-13,0.07436285863986253,0.9972312496381709,-9.706775657379556e-13,2.6440053517348153e-12,-0.10669564658380426
43.74,-0.20938921465620863,-0.07397517440042965,0.23698984301086848,1.355579184806638e-13,-9.046695118597286e-15,0.07436285863979646,0.9972312496381758,-1.3520075997200382e-12,2.6477819555883512e-12,-0.11182577978396946
43.76,-0.2093892146562098,-0.07397517440043487,0.23470153355236448,-2.4677269845267047e-13,-1.1823545771173733e-13,0.07436285863980657,0.997231249638175,2.495244329851814e-13,-8.840164601281621e-13,-0.11424100606446386
43.78,-0.2093892146562071,-0.0739751744004356,0.2324317923384706,-4.0573593366827875e-13,-2.8114551847450247e-13,0.07436285863983667,0.9972312496381728,-1.2807331313497173e-13,6.151350354396507e-13,-0.11368736000501867
43.8,-0.20938921465621949,-0.07397517440041639,0.23018758038365214,1.9845736253414614e-14,-6.057649517252231e-14,0.07436285863981458,0.9972312496381744,-4.643027475361864e-13,7.930296964288922e-13,-0.11039394577114503
43.82,-0.20938921465621851,-0.07397517440042442,0.22805550323231033,-2.9660171913005935e-13,-1.3735552228978076e-13,0.0743628586398242,0.9972312496381737,8.726656361652496e-14,-5.775090565501837e-13,-0.10610502517600928
43.84,-0.20938921465621885,-0.073975174400423,0.225905447551827,-3.221770782321785e-13,-1.771078390875153e-13,0.0743628586398369,0.9972312496381728,-1.3815236864780705e-13,5.190678765244908e-13,-0.10831665053822881
43.86,-0.20938921465622687,-0.07397517440040839,0.22369541185904995,1.5001833544509054e-14,-3.511028425936073e-14,0.07436285863982371,0.9972312496381738,-3.1023214548232033e-13,7.098952863858889e-13,-0.11121514421049694
43.88,-0.2093892146562287,-0.07397517440040861,0.2214662503595661,-5.2565851317380994e-14,-2.622264002764163e-14,0.07436285863982361,0.9972312496381738,-1.0776000395092062e-14,-1.8071658425243564e-13,-0.11033761713791779
43.9,-0.20938921465622778,-0.07397517440040972,0.21929755847309318,-1.2152077163700747e-13,-7.965729942418592e-14,0.07436285863983191,0.9972312496381731,-7.355102722378341e-15,9.398183097748686e-14,-0.10821393484677644
43.92,-0.2093892146562316,-0.07397517440040327,0.2171214356225467,2.933007273820372e-14,-1.3375864954184724e-14,0.07436285863982743,0.9972312496381734,-1.8225695182873475e-13,3.688351443718092e-13,-0.10939234177584356
43.94,-0.20938921465623359,-0.0739751744004023,0.21487056534148535,3.344020727585621e-14,1.9706735075029397e-14,0.07436285863982373,0.9972312496381738,-3.05156079488987e-14,-7.401274535265652e-14,-0.11374888481117396
43.96,-0.20938921465623267,-0.07397517440040399,0.21259088768610857,-2.5515892863622524e-14,-1.1440430823751188e-14,0.07436285863982835,0.9972312496381733,2.963627172500102e-14,-1.1159691797534149e-14,-0.11257318128593541
43.98,-0.20938921465623428,-0.07397517440040068,0.21039470384834363,6.413283455551826e-14,1.9631547339874584e-14,0.07436285863982559,0.9972312496381736,-7.894918085119022e-14,1.8348661825421072e-13,-0.10954026720504939
44.0,-0.2093892146562345,-0.07397517440040097,0.20818455630651211,5.4603155266544944e-14,2.7333620860966844e-14,0.07436285863982371,0.9972312496381738,1.6178246747177944e-14,-1.142721960785676e-13,-0.11103566524788555
44.02,-0.20938921465623334,-0.0739751744004036,0.20591569766607995,-1.5219896672768985e-14,-1.0894516983850255e-15,0.07436285863982703,0.9972312496381734,3.573036455295866e-14,-1.0331990710036943e-13,-0.1140292521518621
44.04,-0.20938921465623384,-0.07397517440040219,0.20360766642012587,3.0312710567128624e-14,9.769612834618387e-15,0.0743628586398265,0.9972312496381736,-2.6607562966868053e-14,1.1280097678518882e-13,-0.11612109241562474
44.06,-0.20938921465623425,-0.07397517440040169,0.20122446983521142,4.7772047511649565e-14,2.0774349186166386e-14,0.07436285863982459,0.9972312496381737,-2.7411044884290733e-15,-4.003297978125444e-14,-0.12026537575265395
44.08,-0.20938921465623359,-0.0739751744004036,0.19877529181892065,-3.7541403277776614e-16,4.657245171794743e-15,0.07436285863982642,0.9972312496381736,2.22096901810742e-14,-9.054451127210424e-14,-0.12235456816761525
44.1,-0.20938921465623378,-0.07397517440040297,0.1963705421564247,2.4581770789722175e-14,8.218080626517015e-15,0.07436285863982585,0.9972312496381736,-1.1788756611119914e-14,6.001928575128015e-14,-0.11999851889213375
44.12,-0.20938921465623392,-0.07397517440040287,0.19402164206953618,3.154281928079311e-14,1.1795397190898039e-14,0.07436285863982499,0.9972312496381737,2.083864811912668e-15,-4.7924093407470135e-14,-0.1153139552567517
44.14,-0.20938921465623334,-0.07397517440040452,0.19180700201297574,-8.721436407553875e-15,-1.4028566088294749e-15,0.07436285863982639,0.9972312496381736,1.644875227612339e-14,-7.929874726521965e-14,-0.1099874688271052
44.16,-0.20938921465623342,-0.07397517440040437,0.1895920662765306,6.348620967983722e-16,-2.9672743222563715e-16,0.07436285863982627,0.9972312496381736,-8.722214798732105e-15,3.89805823875857e-14,-0.11136324769363826
44.18,-0.2093892146562337,-0.07397517440040376,0.18730275214797232,1.8981037867738635e-14,6.328788369443061e-15,0.07436285863982514,0.9972312496381737,-5.16094449986955e-15,1.069149886584701e-14,-0.11563797375102047
44.2,-0.20938921465623345,-0.07397517440040438,0.18493728294026063,7.5814186821885925e-16,1.034119291134684e-15,0.07436285863982564,0.9972312496381736,1.1610575372476695e-14,-3.940656216482678e-14,-0.11838951671230558
44.22,-0.20938921465623345,-0.07397517440040433,0.18258667201832662,2.2760415829311365e-15,4.87576356172498e-16,0.07436285863982584,0.9972312496381736,-3.038937312609011e-15,1.7375192643703215e-14,-0.11765345945899952
44.24,-0.20938921465623359,-0.07397517440040398,0.18019565823222425,1.2686693349351311e-14,3.700718618134869e-15,0.07436285863982531,0.9972312496381737,-3.2634112992376126e-15,8.913294947952512e-15,-0.12036130209037987
44.26,-0.20938921465623347,-0.07397517440040433,0.17772880918398304,2.5227481486892845e-15,1.266221729864602e-15,0.07436285863982547,0.9972312496381736,5.15879551116012e-15,-2.6014331335758084e-14,-0.12438840723829891
44.28,-0.20938921465623342,-0.07397517440040442,0.17517786513395103,-3.559785867111021e-16,4.6126184885528554e-18,0.0743628586398257,0.9972312496381736,7.921970910881695e-16,5.874404488876276e-15,-0.1285699648067462
44.3,-0.2093892146562335,-0.07397517440040424,0.17261037957830294,5.023264583076407e-15,1.7519371322083084e-15,0.07436285863982542,0.9972312496381736,-1.6235476120196334e-15,4.715860312814742e-15,-0.12811600670642465
44.32,-0.20938921465623345,-0.0739751744004044,0.17003995431802116,2.5726365544980316e-16,6.04729267920979e-16,0.07436285863982553,0.9972312496381736,1.5362860068790277e-15,-1.0474395872644818e-14,-0.12865163278038272
44.34,-0.2093892146562334,-0.07397517440040445,0.16747513479806658,-1.400581795734756e-15,-3.177627734894759e-16,0.07436285863982568,0.9972312496381736,2.902214630452449e-15,1.4087758193658907e-15,-0.12802053563002735
44.36,-0.20938921465623345,-0.07397517440040435,0.1649683891330303,1.7955020494858364e-15,7.153779706117939e-16,0.0743628586398255,0.9972312496381736,-2.031766256267833e-15,4.21395268015374e-15,-0.12484029442368372
44.38,-0.20938921465623345,-0.07397517440040438,0.16253792511849094,8.111232916147803e-16,5.461091634055317e-16,0.0743628586398255,0.9972312496381736,-2.637276698517186e-16,-3.066778384442628e-15,-0.11911087447522561
44.4,-0.20938921465623342,-0.07397517440040442,0.16027208588597308,-3.1081841664709313e-16,-1.4191671054513791e-16,0.0743628586398255,0.9972312496381736,-2.1421761301353456e-16,-1.3067035954824818e-15,-0.11218341396443399
44.42,-0.20938921465623342,-0.07397517440040438,0.15808139769884452,6.850300760420041e-16,2.026715659071292e-16,0.0743628586398255,0.9972312496381736,4.221046714275003e-16,2.6459332730827735e-15,-0.10892085208701605
44.44,-0.20938921465623342,-0.0739751744004044,0.15594301378617698,4.872537883548631e-16,2.7274292862665966e-16,0.0743628586398255,0.9972312496381736,2.5995434053155158e-15,-1.933129376776266e-15,-0.10548744677097432
44.46,-0.20938921465623342,-0.07397517440040442,0.1538553498415903,-4.024969364437264e-16,-2.1036089360108783e-16,0.0743628586398255,0.9972312496381736,-2.2721098232037945e-16,-1.3104908447094735e-15,-0.10459610956755905
44.48,-0.20938921465623342,-0.07397517440040441,0.1517086656411107,6.255337751595621e-17,-7.927033866941092e-17,0.0743628586398255,0.9972312496381736,1.7356688370874141e-16,1.399225753277582e-15,-0.1084906577564354
44.5,-0.20938921465623342,-0.0739751744004044,0.1495314419473851,2.5048477765293687e-16,8.2110719904034e-17,0.0743628586398255,0.9972312496381736,1.6907291747908414e-17,-7.10473230730524e-17,-0.10749076271942548
44.52,-0.20938921465623342,-0.07397517440040442,0.14744015850791187,-4.073374515140295e-16,-2.4745453659068815e-16,0.0743628586398255,0.9972312496381736,-2.3871391940708783e-16,-1.3098340022890648e-15,-0.10430607338670073
44.54,-0.20938921465623342,-0.07397517440040441,0.14531567162306533,-1.9206301293027549e-16,-1.704125456470593e-16,0.0743628586398255,0.9972312496381736,1.620991196930101e-16,1.4436032047753962e-15,-0.1071843466465133
44.56,-0.20938921465623342,-0.07397517440040441,0.1431694065345296,8.188830655015707e-17,-8.24133410286268e-18,0.0743628586398255,0.9972312496381736,-2.7560860006498544e-18,-2.2698036131483143e-17,-0.10591732641239415
44.58,-0.20938921465623342,-0.07397517440040442,0.1411083582599283,-3.95906889663445e-16,-2.3121571932497707e-16,0.0743628586398255,0.9972312496381736,-2.384459084028285e-16,-1.308396133752689e-15,-0.10282660216806017
44.6,-0.20938921465623342,-0.07397517440040442,0.1390784315097492,-2.5906463691829167e-16,-1.9027429823982026e-16,0.0743628586398255,0.9972312496381736,-4.066221704062646e-17,7.257252820107926e-17,-0.10004756900302558
44.62,-0.20938921465623342,-0.07397517440040441,0.13714986995726916,-2.0650636553590623e-17,-3.415030580883186e-17,0.0743628586398255,0.9972312496381736,-8.678566900330234e-18,3.88139232735022e-18,-0.09479868188399243
44.64,-0.20938921465623342,-0.07397517440040442,0.1353196419375816,-3.1202959798136745e-16,-1.5221772610803418e-16,0.0743628586398255,0.9972312496381736,-2.2454341811523397e-16,-1.3244502808943253e-15,-0.09106466872241537
44.66,-0.20938921465623342,-0.07397517440040441,0.13356244047660384,-8.049681168095862e-17,-9.162944103457233e-17,0.0743628586398255,0.9972312496381736,1.8616865027664812e-16,1.4043494420734262e-15,-0.08728095511293388
44.68,-0.20938921465623342,-0.07397517440040441,0.13179412681348754,1.0736242932519374e-16,3.1858107714100397e-17,0.0743628586398255,0.9972312496381736,2.1363550481386637e-18,-2.114508963692244e-17,-0.08856309390565809
44.7,-0.20938921465623342,-0.07397517440040441,0.1300024618050856,-1.6426837084487294e-16,-5.659989693336681e-17,0.0743628586398255,0.9972312496381736,-3.982933268149527e-18,2.029139039256369e-17,-0.0904884326892369
44.72,-0.20938921465623342,-0.07397517440040441,0.1281746448030289,-1.0925337004125554e-16,-6.295607682421728e-17,0.0743628586398255,0.9972312496381736,-1.2414028130837742e-17,2.7437040461956338e-17,-0.09033223851890036
44.74,-0.20938921465623342,-0.07397517440040441,0.12644288769508763,-3.6449380625486474e-17,4.1731996922476244e-17,0.0743628586398255,0.9972312496381736,5.269702131256853e-18,5.450239473908253e-18,-0.08541232687045708
44.76,-0.20938921465623342,-0.07397517440040441,0.12475445390050482,-1.0042795363366589e-16,-3.8491645625116964e-17,0.0743628586398255,0.9972312496381736,-7.131057195589268e-19,1.542447759288469e-17,-0.08487544822320392
44.78,-0.20938921465623342,-0.07397517440040441,0.12298488118626338,-6.031242420012594e-17,-7.179456398211327e-17,0.0743628586398255,0.9972312496381736,-1.3552957425476284e-17,1.4452170153498318e-17,-0.0898942235375011
44.8,-0.20938921465623342,-0.07397517440040441,0.12109997107842788,-2.6220560619224686e-17,4.7564642289837635e-18,0.0743628586398255,0.9972312496381736,-5.220558963456999e-19,5.525090005647275e-18,-0.0950209233397503
44.82,-0.20938921465623342,-0.07397517440040441,0.11918039660775434,-2.5086551649577773e-17,-3.6340045026305535e-17,0.0743628586398255,0.9972312496381736,-3.858693853306768e-18,5.5131370239886184e-18,-0.09678483636753332
44.84,-0.20938921465623342,-0.07397517440040441,0.11716072130875094,-1.9100985043786905e-17,-4.450526461449596e-17,0.0743628586398255,0.9972312496381736,-1.0305881305733344e-17,4.648931422807383e-18,-0.10258047616115704
44.86,-0.20938921465623342,-0.07397517440040441,0.11508057732599442,-1.1574924359041589e-17,-1.6101656555427842e-18,0.0743628586398255,0.9972312496381736,-1.0515787984969315e-18,3.6488542147412304e-18,-0.10294076675261832
44.88,-0.20938921465623342,-0.07397517440040441,0.1130652387443577,2.2310734849626277e-17,-3.822194955327583e-17,0.0743628586398255,0.9972312496381736,-5.450281357212989e-18,-3.4188408686353444e-18,-0.10074102245640482
44.9,-0.20938921465623342,-0.07397517440040441,0.11100009284132897,-1.3187525305695628e-17,-4.49564536091665e-17,0.0743628586398255,0.9972312496381736,-1.1029467022564663e-17,1.36455996843596e-18,-0.10440144414045335
44.92,-0.20938921465623342,-0.07397517440040441,0.10890029195208625,-3.399885139976747e-18,9.549650968152427e-19,0.0743628586398255,0.9972312496381736,-3.5416228924667865e-19,2.8542764009414814e-18,-0.10372987653702312
44.94,-0.20938921465623342,-0.07397517440040441,0.10689680966830165,2.924183547106199e-17,-2.493840032314858e-17,0.0743628586398255,0.9972312496381736,-4.0509520181947746e-18,-5.464910126455802e-18,-0.09905054863245388
44.96,-0.20938921465623342,-0.07397517440040441,0.10494813982083251,-7.936336119350679e-18,-2.2523821119167428e-17,0.0743628586398255,0.9972312496381736,-5.230781551163634e-18,7.597703484268425e-19,-0.09758512491261362
44.98,-0.20938921465623342,-0.07397517440040441,0.10300999606861394,2.829933955043016e-17,-7.128836398060496e-18,0.0743628586398255,0.9972312496381736,-1.3633267747874694e-18,-3.2226496643662068e-18,-0.09546167627186575
45.0,-0.20938921465623342,-0.07397517440040441,0.10115795546539424,1.6100454265636173e-17,-2.896314565060064e-17,0.0743628586398255,0.9972312496381736,-4.901674294254346e-18,-4.847706085442475e-18,-0.09245192846286109
45.02,-0.20938921465623342,-0.07397517440040441,0.09932100634502301,-3.028324999840738e-17,-1.906055496213673e-17,0.0743628586398255,0.9972312496381736,-4.091278525673969e-18,5.18195299766414e-18,-0.09190492547113682
45.04,-0.20938921465623342,-0.07397517440040441,0.09748481817187475,-3.950605495042435e-18,-5.676479096874297e-18,0.0743628586398255,0.9972312496381736,-8.472246475451232e-19,1.871669705455864e-18,-0.09089446240659327
45.06,-0.20938921465623342,-0.07397517440040441,0.09569036409749605,-2.2392260498947606e-17,-9.164417341997042e-18,0.0743628586398255,0.9972312496381736,-1.7607719593703135e-18,2.8260565247881412e-18,-0.08908024432327659
45.08,-0.20938921465623342,-0.07397517440040441,0.09392821767754134,-6.566896360371274e-18,9.975974544165018e-18,0.0743628586398255,0.9972312496381736,1.5731258713182567e-18,2.833177930165149e-18,-0.0885132427853666
45.1,-0.20938921465623342,-0.07397517440040441,0.09207952067374627,2.342746767950023e-17,-6.212124387939997e-18,0.0743628586398255,0.9972312496381736,-5.206504895045451e-19,-4.292909033067309e-18,-0.09405346257147229
45.12,-0.20938921465623342,-0.07397517440040441,0.09015514062930172,-5.752174046576656e-18,-3.232984154070483e-18,0.0743628586398255,0.9972312496381736,-1.508727116504709e-18,2.0373335189472453e-19,-0.09560482734302239
45.14,-0.20938921465623342,-0.07397517440040441,0.08827862862264019,2.4085150461996998e-17,8.405465489632004e-18,0.0743628586398255,0.9972312496381736,1.5718627287440335e-18,-2.3850696864701076e-18,-0.09332388417325477
45.16,-0.20938921465623342,-0.07397517440040441,0.08637380896002457,4.047680453510967e-17,-1.2881940099055843e-17,0.0743628586398255,0.9972312496381736,-2.3724119403732637e-18,-8.33916836360224e-18,-0.09631655265669309
45.18,-0.20938921465623342,-0.07397517440040441,0.08439644203067712,4.6910003582970216e-18,-2.1364621064402884e-18,0.0743628586398255,0.9972312496381736,-1.6561812692583191e-18,-1.9526404580898984e-18,-0.09971809113118318
45.2,-0.20938921465623342,-0.07397517440040441,0.08239567793909647,2.0896573620595493e-17,7.481101041617054e-18,0.0743628586398255,0.9972312496381736,1.5599130619845144e-18,-3.506921839650747e-18,-0.09875016201536246
45.22,-0.20938921465623342,-0.07397517440040441,0.08047675876691475,-6.932874348368551e-18,-4.396650672088846e-18,0.0743628586398255,0.9972312496381736,-4.0206566220899324e-19,-6.27211725487888e-19,-0.09580291726783983
45.24,-0.20938921465623342,-0.07397517440040441,0.07850934612054335,-3.803296514117478e-17,-4.349218617401159e-18,0.0743628586398255,0.9972312496381736,-4.730576780668774e-19,7.322094968224211e-18,-0.09958083351354896
45.26,-0.20938921465623342,-0.07397517440040441,0.07649954291718065,-2.5378495821649236e-17,-5.20588399049616e-18,0.0743628586398255,0.9972312496381736,-6.655422868070972e-19,5.221073063961266e-18,-0.09931865311945952
45.28,-0.20938921465623342,-0.07397517440040441,0.07458354366949568,-6.227561755328093e-17,1.1588712568912915e-17,0.0743628586398255,0.9972312496381736,2.0446852125848556e-18,9.863091720589269e-18,-0.09484185912608106
45.3,-0.20938921465623342,-0.07397517440040441,0.07271630932977016,-4.7163981286461875e-17,-3.143420251520348e-18,0.0743628586398255,0.9972312496381736,1.5166109138549128e-18,1.0546076528635372e-17,-0.09358125447105207
45.32,-0.20938921465623342,-0.07397517440040441,0.07085007608348147,-1.66468149038485e-17,-1.6232239392623406e-17,0.0743628586398255,0.9972312496381736,-3.2852485323345417e-18,3.116313452641117e-18,-0.09206415694797548
45.34,-0.20938921465623342,-0.07397517440040441,0.06904386808596193,-7.218319514878025e-17,2.9830048644433697e-17,0.0743628586398255,0.9972312496381736,4.391192031610315e-18,1.0546597442913288e-17,-0.09050623075943925
45.36,-0.20938921465623342,-0.07397517440040441,0.0671648394209014,-3.918461748346135e-17,1.629810407695611e-17,0.0743628586398255,0.9972312496381736,5.779452592463191e-18,1.0248317260128266e-17,-0.09543253093111936
45.38,-0.20938921465623342,-0.07397517440040441,0.06522127761717243,-1.5270667400764395e-17,-1.7450384091466566e-17,0.0743628586398255,0.9972312496381736,-2.8215609269024678e-18,1.91369930552936e-18,-0.09636465703606462
45.4,-0.20938921465623342,-0.07397517440040441,0.06331060022759295,-7.125073627889699e-17,2.0729211649274638e-17,0.0743628586398255,0.9972312496381736,2.703340160005506e-18,1.2007639642006304e-17,-0.09590781778711781
45.42,-0.20938921465623342,-0.07397517440040441,0.06136423472314048,-3.025664185008809e-17,3.170511933774025e-17,0.0743628586398255,0.9972312496381736,7.627417263253231e-18,8.157213919483614e-18,-0.09790832858249388
45.44,-0.20938921465623342,-0.07397517440040441,0.059330934786917575,-9.233063419812242e-18,-7.668385379555771e-18,0.0743628586398255,0.9972312496381736,2.673743925404031e-19,1.3104158221913758e-18,-0.10314181540331813
45.46,-0.20938921465623342,-0.07397517440040441,0.05724544900036849,-1.162564585347667e-17,-1.6264272682302667e-17,0.0743628586398255,0.9972312496381736,-3.215632981564247e-18,3.996707085848913e-18,-0.10308676863274299
45.48,-0.20938921465623342,-0.07397517440040441,0.0552425358272209,3.480769271896926e-17,-7.683291582530153e-18,0.0743628586398255,0.9972312496381736,-2.3918288745118463e-18,-5.5922281797835485e-18,-0.0999212944111677
45.5,-0.20938921465623342,-0.07397517440040441,0.05326948812215472,1.0825312871310844e-17,-3.520222821376623e-19,0.0743628586398255,0.9972312496381736,-2.1491539492904646e-19,-2.9169530938327072e-18,-0.09717420527040332
45.52,-0.20938921465623342,-0.07397517440040441,0.051364296607308485,3.881764651155248e-17,-1.6342128207188247e-17,0.0743628586398255,0.9972312496381736,-2.7412190249463596e-18,-5.418849542744159e-18,-0.09536558439245113
45.54,-0.20938921465623342,-0.07397517440040441,0.049409369748475596,3.755463058114465e-17,-2.7768542580101044e-17,0.0743628586398255,0.9972312496381736,-6.022015606124478e-18,-8.70512010237505e-18,-0.09877382301261144
45.56,-0.20938921465623342,-0.07397517440040441,0.047344118773794644,-6.051285283706025e-18,-8.4673859036696e-18,0.0743628586398255,0.9972312496381736,-2.892402204233506e-18,5.752767057701809e-19,-0.10490846881001241
45.58,-0.20938921465623342,-0.07397517440040441,0.04514059511542469,1.2548693175815252e-17,-5.111022435371468e-18,0.0743628586398255,0.9972312496381736,-8.167445048629185e-19,-1.8670406081702263e-18,-0.1119430928873774
45.6,-0.20938921465623342,-0.07397517440040441,0.04283031352858804,-8.289508002642565e-18,-4.5144110788370275e-18,0.0743628586398255,0.9972312496381736,-1.360971395439909e-18,4.425095895778325e-19,-0.11650896816126491
45.62,-0.20938921465623342,-0.07397517440040441,0.04050957988998033,3.582451591794812e-18,-2.3295071237919227e-18,0.0743628586398255,0.9972312496381736,-1.8296755300155243e-19,1.1439929021497422e-18,-0.11427638525520338
45.64,-0.20938921465623342,-0.07397517440040441,0.03838687563328483,1.5168983779006178e-17,-1.0133951520861909e-17,0.0743628586398255,0.9972312496381736,-2.306967604814978e-18,-4.1171350480493075e-18,-0.10298914011695053
45.66,-0.20938921465623342,-0.07397517440040441,0.03643389355632125,-5.3751886320991e-17,5.982648337737179e-20,0.0743628586398255,0.9972312496381736,3.011692668450878e-20,7.565147903935879e-18,-0.09684653279659339
45.68,-0.20938921465623342,-0.07397517440040441,0.03452194806467006,-1.456894458365987e-17,1.2576789919340495e-18,0.0743628586398255,0.9972312496381736,7.818833342146113e-19,6.3773342879219525e-18,-0.09549831397177577
45.7,-0.20938921465623342,-0.07397517440040441,0.032629854751030654,1.7317063646727367e-17,9.431730308933737e-19,0.0743628586398255,0.9972312496381736,-1.8374390104603365e-19,-4.618627266959715e-18,-0.09320404313081093
45.72,-0.20938921465623342,-0.07397517440040441,0.03081314253906577,-6.979598458872286e-17,3.535029430657472e-18,0.0743628586398255,0.9972312496381736,1.3476206459178537e-18,1.02229164441734e-17,-0.09063557810478315
45.74,-0.20938921465623342,-0.07397517440040441,0.02898065058764315,2.479334881427764e-17,-1.5641612834266581e-18,0.0743628586398255,0.9972312496381736,9.076619179894308e-20,1.330236336825592e-18,-0.09248669863121949
45.76,-0.20938921465623342,-0.07397517440040441,0.027068108696358114,4.9880341795918084e-17,4.088536607623205e-18,0.0743628586398255,0.9972312496381736,-6.501336360421119e-19,-1.2386942138953908e-17,-0.09675263885546152
45.78,-0.20938921465623342,-0.07397517440040441,0.02509065963865029,-1.0441867310978314e-17,5.9645838459444015e-18,0.0743628586398255,0.9972312496381736,1.7650865289538237e-18,2.6389976592469835e-18,-0.09843344825290824
45.8,-0.20938921465623342,-0.07397517440040441,0.023128719951668427,1.0505842250779116e-16,-7.764683235411769e-18,0.0743628586398255,0.9972312496381736,-2.2384687173611007e-18,-1.5699592903474358e-17,-0.09857130521470564
45.82,-0.20938921465623342,-0.07397517440040441,0.021160332082264633,7.263365020096624e-17,-1.124248995478211e-17,0.0743628586398255,0.9972312496381736,-3.4140436864165884e-18,-1.8126127608043365e-17,-0.09711172246986767
45.84,-0.20938921465623342,-0.07397517440040441,0.01932389648917344,3.30674601280444e-17,-1.0320074839380533e-17,0.0743628586398255,0.9972312496381736,-2.3900076566766857e-18,-4.777353204365949e-18,-0.08953845261634312
