t,x,y,z,qx,qy,qz,qw,vx,vy,vz
302.54,-3.6046825064655714e-07,2.8079020604616885e-06,0.0002706871859323168,-1.2784692125561737e-06,1.0106973763717163e-06,-3.127085068542096e-06,0.9999999999937826,-1.8362600736108568e-05,4.661390258162953e-06,0.00012104220336555927
302.56,-4.860795532031944e-07,2.8256745639867303e-06,0.00027301220721442226,-1.535676080088759e-06,4.043724261739734e-06,-3.5408815397572804e-06,0.999999999984376,1.6865330416629341e-06,-3.8625803928245436e-07,0.00011029482805067184
302.58,-2.0482881507263885e-07,2.832790915713845e-06,0.00035731311973952185,-2.062642136071449e-06,-3.3746406542926606e-06,-3.0054582075628817e-06,0.9999999999876622,1.0030869981893892e-05,1.790953879647008e-06,0.007278152577740593
302.6,-3.628549106479683e-07,2.8984240388642042e-06,0.0007931515637236188,-1.0254416476133253e-06,9.69371987604314e-07,-3.3060899390645266e-06,0.9999999999935393,-9.519167368849047e-06,2.675857322358182e-06,0.026956547998765807
302.62,-3.0174994746324e-07,2.902449325156998e-06,0.0016396694688117323,-1.6227937931439422e-06,-8.759160745565332e-07,-3.265394179094263e-06,0.9999999999929683,6.980297316544173e-06,-3.228750227463544e-07,0.04730082464855546
302.64,-1.9957461582336964e-07,2.9344410957871764e-06,0.0028629930205795392,-1.4308990250989217e-06,-3.786525474394328e-06,-3.0220423473941456e-06,0.999999999987241,2.7482627062456904e-06,2.1826469925756773e-06,0.0655429878538071
302.66,-3.2682368738308367e-07,2.9932037658473197e-06,0.0044172386919944275,-5.318269483539204e-07,-9.706212874551905e-07,-3.1543916245682726e-06,0.9999999999944125,-7.682595768242757e-06,2.554050319760784e-06,0.08158998600888206
302.68,-3.966351891370685e-07,3.012437732373778e-06,0.006258274545938084,-5.89088345058366e-07,1.3068781528005122e-07,-3.250111252212526e-06,0.9999999999945364,-1.178113730863461e-06,3.622975722563812e-07,0.09534026568664843
302.7,-3.5112122720091207e-07,3.025048382520195e-06,0.008335960156598012,-6.989045869965336e-07,-1.617438611496622e-06,-3.1243584091356175e-06,0.9999999999935669,2.514378228548981e-06,7.653873883458533e-07,0.10644037589559825
302.72,-3.897790144709393e-07,3.05842443810537e-06,0.010586179460244278,-1.9340009357242253e-07,-1.0751876740374324e-06,-3.1204357203356184e-06,0.9999999999945347,-3.041359395438959e-06,1.65773700652281e-06,0.11445519214207392
302.74,-4.4930185129481593e-07,3.0745997373505602e-06,0.012968248683561324,-6.704413483242134e-08,-3.546296799928627e-08,-3.1940393336776684e-06,0.9999999999948962,-1.8447828341185385e-06,4.0803142182011027e-07,0.12042164081315876
302.76,-4.4031793261577186e-07,3.0790768287502837e-06,0.015447604712502453,-1.471484299311503e-07,-7.003069574050968e-07,-3.130475778948229e-06,0.999999999994844,4.929079216007956e-07,3.414430661724665e-07,0.12506554918961033
302.78,-4.762179814168619e-07,3.095011790880746e-06,0.018014061376875484,1.4575352085846977e-07,-6.172631060188625e-08,-3.1531848053151195e-06,0.9999999999950162,-2.2402336176087355e-06,8.28615125837403e-07,0.12938583052436786
302.8,-5.039137004831082e-07,3.0981458508466413e-06,0.020661073948974155,1.5983650776135772e-07,4.3428222597033857e-07,-3.1914332691665804e-06,0.9999999999948003,-8.591861355642999e-07,-3.4181459710232875e-08,0.1332958546143543
302.82,-4.899882826251064e-07,3.092690855775707e-06,0.02337803500231812,6.0739792590849134e-09,-3.27151643751983e-08,-3.160805339462612e-06,0.9999999999950041,8.792546472199914e-07,-2.1289739826824678e-07,0.1366505719195737
302.84,-4.89259849012526e-07,3.095126799143115e-06,0.026153522582673706,8.315425708613282e-08,-7.322671141976042e-08,-3.1499186506951657e-06,0.9999999999950329,-3.166632723633178e-07,2.2331319008421168e-07,0.1394362911709098
302.86,-5.026493968957953e-07,3.096320712685511e-06,0.02897682058956718,1.3483839519970952e-07,2.661723528413584e-07,-3.173784551291434e-06,0.9999999999949191,-6.274186699119387e-07,-2.6114400423642244e-10,0.14170041458922172
302.88,-4.975867049555777e-07,3.0912265802992423e-06,0.031838544220595254,3.4007266835404303e-08,1.4851302035431126e-07,-3.1703985463509217e-06,0.9999999999949627,4.3856494503493007e-07,-2.602373690106465e-07,0.14351367789065048
302.9,-4.886624242285628e-07,3.089344773510728e-06,0.03473079908691089,2.0533468375688288e-08,-3.930420952071247e-08,-3.1565727769102685e-06,0.9999999999950171,3.1244403360651215e-07,-1.3387646594962422e-08,0.14495076747633334
302.92,-4.915419141348032e-07,3.0899324464723352e-06,0.03761971057012698,6.398429679762814e-08,7.673191196096143e-08,-3.164840023182142e-06,0.9999999999949869,-2.3404463341254564e-07,2.06769880863648e-08,0.14351655912299904
302.94,-4.890571129185756e-07,3.0872758571908963e-06,0.04042586196982893,1.8385571783594632e-08,3.712698491833475e-08,-3.1646125523782468e-06,0.9999999999949917,2.4179325807406965e-07,-1.4796823798406727e-07,0.13905384973274887
302.96,-4.864519419854043e-07,3.086346384702766e-06,0.0431717655254701,1.6916858540759736e-08,-4.115898174174576e-09,-3.160861277922688e-06,0.9999999999950043,2.5374400501928935e-08,-3.127242093028319e-09,0.1372082777228034
302.98,-4.871771802025041e-07,3.0856711455979225e-06,0.04592268600884879,1.5576809261645006e-08,3.39511069366182e-08,-3.165045734787288e-06,0.9999999999949906,-5.139133838417694e-09,-5.1717530334768665e-08,0.13765605622170438
303.0,-4.852046963773276e-07,3.084652733169278e-06,0.048697856930310826,1.6435054289715194e-09,-4.328733902398104e-09,-3.1623104440474304e-06,0.9999999999949999,9.119339124735774e-08,-3.337729755576529e-08,0.13918812216855495
303.02,-4.855130723191917e-07,3.0846444482012664e-06,0.051508637428777454,1.082478048397779e-08,1.5433048367515005e-08,-3.163592556312706e-06,0.9999999999949957,-4.4287917284160094e-08,5.0419526810884554e-09,0.14098529638447074
303.04,-4.855493165825645e-07,3.084230122823646e-06,0.05434173300919895,6.688227146113241e-09,2.4852282338989835e-08,-3.1648852070681893e-06,0.9999999999949915,2.101664220039762e-08,-2.6231074871665938e-08,0.14175678301075095
303.06,-4.845335230653557e-07,3.0838737399925265e-06,0.057192145057026786,3.1119057496834307e-09,7.324271576891233e-09,-3.1636366016376665e-06,0.9999999999949957,3.6319255752327935e-08,-9.512941556221182e-09,0.14281216247913206
303.08,-4.846189175732618e-07,3.083787338914141e-06,0.060066501299261575,5.2383965983206275e-09,1.8666010130316763e-08,-3.1645491624160467e-06,0.9999999999949926,-1.5530925003762766e-08,-3.80705348179492e-09,0.14401624679995953
303.1,-4.843000832136002e-07,3.0835243969566096e-06,0.06295335453045149,1.684556291621727e-09,1.85867471772843e-08,-3.1649790472348573e-06,0.9999999999949912,2.3041036943646216e-08,-1.4056502776865752e-08,0.14410173602108475
303.12,-4.836394881049782e-07,3.083388909332358e-06,0.06581635434010107,7.873609478494328e-10,9.96972331600603e-09,-3.1645109903787057e-06,0.9999999999949929,2.3657797539118456e-08,-3.164956058221615e-09,0.1430988535865116
303.14,-4.83365430091344e-07,3.083319301009946e-06,0.06867655592340816,7.050049133104719e-10,1.0851357490515672e-08,-3.1648419038800675e-06,0.9999999999949918,1.091668689466246e-08,-4.522854804372609e-09,0.1429348426060312
303.16,-4.828851909612899e-07,3.0832208038539665e-06,0.07151422793505945,-7.504329112949916e-10,4.949353919697173e-09,-3.164674059999957e-06,0.9999999999949925,2.4155816058047623e-08,-4.217016576182571e-09,0.14075603325105526
303.18,-4.825717687563809e-07,3.0832050187391436e-06,0.07426007835891359,-5.24180446321127e-10,2.179495236970053e-09,-3.164584671108863e-06,0.9999999999949927,9.912972671491712e-09,-3.867635818898984e-10,0.1368282896628354
303.2,-4.824173947216376e-07,3.0831861174456485e-06,0.07700761709575099,-8.09414093764169e-10,1.9517699436392067e-09,-3.1647043509216386e-06,0.9999999999949923,8.321136160701088e-09,-1.3232179387595064e-09,0.13772858171912378
303.22,-4.82233533242299e-07,3.083188260877747e-06,0.07978874780909047,-7.746592209715924e-10,-2.9135829440999127e-10,-3.164606503361145e-06,0.9999999999949927,7.86527527797478e-09,3.9885913503585e-10,0.13948308106253166
303.24,-4.821706401536833e-07,3.0832024188235736e-06,0.08259730291426298,-5.894850659006248e-10,-3.0569840248462887e-10,-3.1646505696821424e-06,0.9999999999949925,2.3411896949233702e-09,3.2836787606732885e-10,0.14074578873792265
303.26,-4.821206846731246e-07,3.083210252252025e-06,0.08538767030874746,-6.390409594498079e-10,-7.665190652173197e-10,-3.1646445789544912e-06,0.9999999999949925,2.764027522260127e-09,3.6470953931517727e-10,0.1392007317412125
303.28,-4.820984413924371e-07,3.083229718001165e-06,0.08817003968332834,-4.020220847492023e-10,-9.854761770053884e-10,-3.1646369652762483e-06,0.9999999999949926,7.621867033191046e-10,8.565232431081572e-10,0.13911631322624796
303.3,-4.821030736745881e-07,3.0832417503004752e-06,0.09096564508844071,-3.554103748143074e-10,-8.504015242904754e-10,-3.1646476415061734e-06,0.9999999999949925,-5.905978499823735e-12,4.159443812514013e-10,0.1399429630467866
303.32,-4.821100491253696e-07,3.083254707687932e-06,0.09376598047179666,-2.4761638781096243e-10,-8.600361659238808e-10,-3.164640888972223e-06,0.9999999999949926,-2.3277293903280917e-10,6.225482821806494e-10,0.140214783082368
303.34,-4.821281851446772e-07,3.0832659337782125e-06,0.09657657228834726,-1.4930145173617648e-10,-6.770297709830886e-10,-3.1646456874399815e-06,0.9999999999949925,-7.762254683178606e-10,4.363819476782088e-10,0.14063531131304483
303.36,-4.821453752903371e-07,3.0832733579246826e-06,0.09940670220314701,-1.0781515277486861e-10,-5.590810213106762e-10,-3.1646446943204286e-06,0.9999999999949925,-6.546642693777078e-10,3.3079031389584453e-10,0.14183830565632216
303.38,-4.821625590762568e-07,3.0832804654081872e-06,0.1022517628722451,-3.4492744141288817e-11,-4.2983593872521696e-10,-3.1646441950738554e-06,0.9999999999949925,-7.5306394815433e-10,3.2357875441420694e-10,0.14199824625154567
303.4,-4.821786837055562e-07,3.0832844420997206e-06,0.10507977738803402,-9.386988559527052e-12,-2.9490092431878613e-10,-3.164646030244464e-06,0.9999999999949925,-6.581286450727281e-10,1.542155158030366e-10,0.14145478295044536
303.42,-4.821910878230065e-07,3.0832870369657007e-06,0.1079145052880763,9.726744597684519e-12,-2.1021474997443436e-10,-3.164644649404086e-06,0.9999999999949925,-5.316889490541893e-10,1.3087759632450515e-10,0.14156456694936065
303.44,-4.822017404457589e-07,3.0832887366450025e-06,0.11071997646716181,2.685585013673048e-11,-1.2053517628553547e-10,-3.164645943349889e-06,0.9999999999949925,-4.589722213102259e-10,6.659641812929466e-11,0.1401929336986657
303.46,-4.822091573060012e-07,3.0832891018413374e-06,0.11352378293173282,2.4969196972948354e-11,-6.861525955759361e-11,-3.1646454728413196e-06,0.9999999999949925,-3.1384582001547515e-10,2.1318087461307465e-11,0.14024000817750293
303.48,-4.82214699888208e-07,3.0832893411176766e-06,0.11630547292430435,3.055617772190667e-11,-2.365757102560187e-11,-3.1646455980292703e-06,0.9999999999949925,-2.519129852393173e-10,1.670170870398004e-11,0.13784084015700804
303.5,-4.822183486853631e-07,3.0832889719953515e-06,0.11902014776133324,2.6327966672727122e-11,5.522157735312783e-12,-3.1646459345316857e-06,0.9999999999949925,-1.5224243841858395e-10,-1.8558564025418565e-11,0.13560647188478325
303.52,-4.822202695752147e-07,3.0832884582746865e-06,0.12173519096486904,2.209476898587578e-11,1.653979465182944e-11,-3.1646455279799835e-06,0.9999999999949925,-8.886492545362515e-11,-1.785556625803214e-11,0.13573994191750927
303.54,-4.822214418417248e-07,3.0832879274472543e-06,0.12445400250756308,1.8567429588096832e-11,2.7616092148380673e-11,-3.164645815758622e-06,0.9999999999949925,-5.499760307171221e-11,-2.3486762007352113e-11,0.13556001526745798
303.56,-4.822217252117782e-07,3.0832873348794665e-06,0.12715122391422443,1.3215666344725198e-11,2.8679521872181864e-11,-3.1646457139348375e-06,0.9999999999949925,-1.2419282807033873e-11,-2.420073664860622e-11,0.13501957913346074
303.58,-4.822215777148357e-07,3.0832868758401615e-06,0.12987924762396846,1.0345089158459029e-11,2.7368643135861873e-11,-3.1646456927764407e-06,0.9999999999949925,2.3282436808912695e-12,-1.9193003233610994e-11,0.13692991782681407
303.6,-4.822211965861266e-07,3.0832864350593065e-06,0.132650745477506,6.452833942559426e-12,2.492249935268792e-11,-3.164645742672861e-06,0.9999999999949925,1.5096878553092354e-11,-1.956290104273717e-11,0.13911713043473495
303.62,-4.822206284194468e-07,3.0832860928097158e-06,0.13545176662634584,3.5805010343326492e-12,1.9935080696596903e-11,-3.1646456680009586e-06,0.9999999999949925,2.3438698247028572e-11,-1.4061584580511857e-11,0.14023556388271796
303.64,-4.822200781194625e-07,3.0832858656136543e-06,0.13827602236457961,2.139626979489851e-12,1.5969624836595253e-11,-3.1646456864745393e-06,0.9999999999949925,2.2104012290940375e-11,-1.0061818524236765e-11,0.14157046157220743
303.66,-4.822195527239659e-07,3.08328567877053e-06,0.14112909380519573,3.7936572183357163e-13,1.1985490163570752e-11,-3.1646456813150905e-06,0.9999999999949925,2.23601864126817e-11,-8.413454319628696e-12,0.1430085559171207
303.68,-4.822190777674867e-07,3.083285568836398e-06,0.14400917820300582,-4.785887137289133e-13,8.069940039885536e-12,-3.1646456420577197e-06,0.9999999999949925,2.0121349182909054e-11,-4.472575141861212e-12,0.14432239627615584
303.7,-4.822187041108883e-07,3.0832855219144056e-06,0.14689910052345592,-5.729111417272703e-13,5.254554473268691e-12,-3.164645654339645e-06,0.9999999999949925,1.5781986887723502e-11,-2.1626822801389653e-12,0.14410000115244181
303.72,-4.822184133184428e-07,3.0832854880481463e-06,0.1497559366482022,-9.37840034509701e-13,2.9992936477432707e-12,-3.164645642055361e-06,0.9999999999949925,1.2504518524159735e-11,-1.7581219134338825e-12,0.1427383206101307
303.74,-4.822182035469458e-07,3.0832854829846473e-06,0.15260292536223385,-9.381401158357233e-13,1.412802998917095e-12,-3.164645641177234e-06,0.9999999999949925,9.089038663162841e-12,-1.2896758424777138e-13,0.1421112838193711
303.76,-4.822180594402421e-07,3.0832854909096133e-06,0.15542805546303667,-8.619668313532516e-13,3.1292032139729727e-13,-3.1646456440588757e-06,0.9999999999949925,6.377132680147664e-12,1.686377837642349e-13,0.14037890164750322
303.78,-4.822179676872874e-07,3.083285504238871e-06,0.1581927797957656,-7.792538939588894e-13,-3.974546122472619e-13,-3.1646456390447956e-06,0.9999999999949925,3.996599413056272e-12,5.510760906027155e-13,0.13804520418064514
303.8,-4.822179192117768e-07,3.083285523331435e-06,0.1609512914904481,-6.049808409007339e-13,-7.246282019534981e-13,-3.1646456439202825e-06,0.9999999999949925,2.206816411074226e-12,7.880689544164824e-13,0.13782087736376458
303.82,-4.822178968578999e-07,3.083285540468707e-06,0.16372432396553355,-4.895622918666374e-13,-9.035612124707864e-13,-3.1646456424218198e-06,0.9999999999949925,1.0768716538695479e-12,6.925507326450207e-13,0.13903179005067823
303.84,-4.822178951711914e-07,3.0832855573834927e-06,0.16653104911999642,-3.518804504232472e-13,-8.966382212497382e-13,-3.164645643829906e-06,0.9999999999949925,1.2678511799281669e-13,7.352287215361511e-13,0.1407748512248369
303.86,-4.822179054936269e-07,3.0832855721871227e-06,0.16937175823531428,-2.2625403335350412e-13,-7.930415073872661e-13,-3.1646456470886384e-06,0.9999999999949925,-3.7270765505356846e-13,6.213953071565808e-13,0.14244229599632563
303.88,-4.822179202907551e-07,3.083285582918602e-06,0.17224295577048548,-1.556429447646019e-13,-6.839443645265017e-13,-3.164645647236636e-06,0.9999999999949925,-5.688840688035921e-13,4.4423110354344206e-13,0.14391390705355833
303.9,-4.822179373406899e-07,3.083285591368336e-06,0.17514017689073932,-9.444097311800382e-14,-5.556947025599455e-13,-3.1646456471471002e-06,0.9999999999949925,-7.047636563766431e-13,3.7169714977865335e-13,0.14515767836077442
303.92,-4.822179548220967e-07,3.083285598094512e-06,0.1780588838430987,-3.495626127139855e-14,-4.119501394094428e-13,-3.164645648868348e-06,0.9999999999949925,-7.311145226000683e-13,2.9423230426430717e-13,0.14617525939264742
303.94,-4.822179701921951e-07,3.0832856023099495e-06,0.180973128073192,-4.044740315690101e-15,-2.912011881764017e-13,-3.164645649837752e-06,0.9999999999949925,-6.379057082564549e-13,1.8048336191095565e-13,0.145521427297024
303.96,-4.822179826779621e-07,3.0832856049008454e-06,0.18388657929932936,1.4951664238710883e-14,-1.9930705177198195e-13,-3.164645650097287e-06,0.9999999999949925,-5.299175837672157e-13,1.1866503300930807e-13,0.1457861656966819
303.98,-4.822179927673422e-07,3.0832856063575037e-06,0.18681139164391683,2.6990222929707992e-14,-1.2067803491626203e-13,-3.164645650895403e-06,0.9999999999949925,-4.330172386656528e-13,6.391092359788959e-14,0.14639203611563345
304.0,-4.822180003189172e-07,3.083285606820225e-06,0.1897188184621407,2.901519091659486e-14,-6.197907089965778e-14,-3.164645651459469e-06,0.9999999999949925,-3.2440258708716644e-13,2.4256596207554526e-14,0.14503779383059634
304.02,-4.822180055363616e-07,3.0832856068353234e-06,0.1926083169302229,2.983928211014383e-14,-2.3384273438908356e-14,-3.164645651880256e-06,0.9999999999949925,-2.2654666849041455e-13,4.505213968150901e-15,0.1442787967411402
304.04,-4.822180089995992e-07,3.0832856064485597e-06,0.1954967645078081,2.6399125731536803e-14,2.985020677654269e-15,-3.1646456523356298e-06,0.9999999999949925,-1.531156710818497e-13,-1.5588511488117227e-14,0.14448574457358587
304.06,-4.82218011073816e-07,3.0832856058858283e-06,0.198341695323846,2.1463528372690377e-14,1.8927845892844398e-14,-3.1646456527862416e-06,0.9999999999949925,-9.282505668505517e-14,-2.205932011747941e-14,0.14166173797088288
304.08,-4.822180120697244e-07,3.0832856053285547e-06,0.20115778435145704,1.755456425570107e-14,2.5749210133996353e-14,-3.164645653183419e-06,0.9999999999949925,-4.5820893413494094e-14,-2.2917584854145877e-14,0.14049899542158684
304.1,-4.822180123867107e-07,3.0832856047635804e-06,0.20397563053456963,1.3021615481584035e-14,2.809845870049285e-14,-3.164645653592167e-06,0.9999999999949925,-1.6913761144172543e-14,-2.3831091313515737e-14,0.14114559266907023
304.12,-4.822180122378261e-07,3.0832856042805514e-06,0.20681839822689624,9.429439853651865e-15,2.6760314333483483e-14,-3.1646456540125873e-06,0.9999999999949925,4.363619461622377e-15,-1.999327631857137e-14,0.14248115443409315
304.14,-4.822180118143583e-07,3.083285603875887e-06,0.20967631400014253,6.375662528543566e-15,2.3053889015105027e-14,-3.164645654389025e-06,0.9999999999949925,1.635821877199764e-14,-1.7412648841339626e-14,0.1429231793937169
304.16,-4.822180112914149e-07,3.083285603542851e-06,0.21251188770767918,3.614637462634094e-15,1.8912452220896798e-14,-3.164645654839176e-06,0.9999999999949925,2.1711821270888423e-14,-1.46287350541138e-14,0.14056620166956468
304.18,-4.822180107405041e-07,3.0832856033041066e-06,0.2152680645579061,1.755013627419736e-15,1.4346751331659324e-14,-3.1646456552206892e-06,0.9999999999949925,2.2479748098155814e-14,-9.987228966100693e-15,0.13743053607671862
304.2,-4.822180102519343e-07,3.083285603143448e-06,0.21797039954348205,6.316636468728813e-16,1.0623172380281874e-14,-3.164645655646206e-06,0.9999999999949925,2.0678841589027144e-14,-7.16487755511512e-15,0.13464043585035834
304.22,-4.822180098324784e-07,3.0832856030321976e-06,0.22067742877493543,-3.0690260569104826e-16,7.4377481391631e-15,-3.1646456560592476e-06,0.9999999999949925,1.7781258656383627e-14,-4.84487056056508e-15,0.1357735959585521
304.24,-4.822180094940022e-07,3.0832856029758428e-06,0.22342513992848062,-6.631339905517321e-16,4.8940832226479444e-15,-3.164645656482918e-06,0.9999999999949925,1.4417171979166765e-14,-2.516418428340353e-15,0.13793931002949178
304.26,-4.822180092282543e-07,3.083285602947077e-06,0.22618881614812525,-8.505910122114657e-16,2.7984580862910214e-15,-3.164645656898683e-06,0.9999999999949925,1.1628971016377454e-14,-1.415818037680506e-15,0.1375134289695129
304.28,-4.822180090337757e-07,3.083285602939055e-06,0.2289128970315458,-9.36384340881669e-16,1.2882256077738566e-15,-3.1646456573164546e-06,0.9999999999949925,8.26816690507843e-15,-3.60366660644828e-16,0.13621998956604986
304.3,-4.822180089067431e-07,3.0832856029469768e-06,0.23164795380690353,-8.484996845955402e-16,3.9546917401504863e-16,-3.1646456577431893e-06,0.9999999999949925,5.602184217235717e-15,2.4665014223144995e-16,0.13691613723660345
304.32,-4.822180088218685e-07,3.0832856029589707e-06,0.2344106925175353,-7.684913578087454e-16,-2.7803736932140766e-16,-3.1646456581578547e-06,0.9999999999949925,3.7545109303294025e-15,4.2835137906025007e-16,0.13860113009670494
304.34,-4.822180087766815e-07,3.083285602977088e-06,0.23721148641686882,-6.426466793620626e-16,-5.654032100236727e-16,-3.1646456585885176e-06,0.9999999999949925,1.961305570336042e-15,7.879641919604563e-16,0.14051351450350968
304.36,-4.822180087569742e-07,3.083285602996004e-06,0.24003659153782433,-4.663451622400527e-16,-6.920757772211191e-16,-3.164645659008907e-06,0.9999999999949925,9.890712716693952e-16,7.608135732995281e-16,0.14137918155372464
304.38,-4.822180087508815e-07,3.083285603011339e-06,0.2428805427662343,-3.6401205650836077e-16,-7.540749426258552e-16,-3.1646456594307763e-06,0.9999999999949925,3.363491303623501e-16,6.343576354334146e-16,0.14250580037400984
304.4,-4.822180087578133e-07,3.083285603026772e-06,0.24574965427673787,-2.4847264800338495e-16,-6.764305091998941e-16,-3.1646456598580324e-06,0.9999999999949925,-2.6963708907529647e-16,6.914117113767257e-16,0.14376802973436464
304.42,-4.822180087703428e-07,3.083285603038918e-06,0.24863523269287982,-1.1638970740556564e-16,-5.784519065605804e-16,-3.1646456602742724e-06,0.9999999999949925,-4.775301663087627e-16,4.927685213984566e-16,0.14419127585683644
304.44,-4.822180087840995e-07,3.08328560304651e-06,0.2515048233418531,-8.795309419997435e-17,-4.609641394646947e-16,-3.164645660702563e-06,0.9999999999949925,-5.513562391743481e-16,3.3773808824170254e-16,0.14339314664350566
304.46,-4.822180087980641e-07,3.083285603054234e-06,0.25432554018229225,-8.789541790047302e-18,-3.587665880759479e-16,-3.1646456611235716e-06,0.9999999999949925,-5.947841854210297e-16,3.4941048217692646e-16,0.1404478387229957
304.48,-4.822180088110019e-07,3.0832856030569835e-06,0.25711747143324215,1.7783262521895547e-17,-2.5929327020443e-16,-3.1646456615420936e-06,0.9999999999949925,-5.419204786892649e-16,8.53925408903474e-17,0.1388852646758587
304.5,-4.82218008821944e-07,3.083285603059356e-06,0.2598600643585572,1.5553883801027975e-17,-1.5441469400461173e-16,-3.1646456619719624e-06,0.9999999999949925,-4.672542888372595e-16,1.5348024061382313e-16,0.13703415896407778
304.52,-4.82218008830154e-07,3.0832856030615524e-06,0.2626075833850201,6.10829531785066e-17,-1.0845912426557903e-16,-3.1646456623895386e-06,0.9999999999949925,-3.6157022657814773e-16,6.62218827797791e-17,0.13748992151731976
304.54,-4.822180088367272e-07,3.083285603059856e-06,0.2653797857347772,3.054645333549544e-17,-4.730920377106702e-17,-3.164645662812987e-06,0.9999999999949925,-2.750050812837801e-16,-7.546287733272543e-17,0.13904596185598805
304.56,-4.822180088405068e-07,3.083285603061081e-06,0.26818809366150165,4.4059591482599904e-17,-2.2015094352377805e-17,-3.1646456632406805e-06,0.9999999999949925,-1.6162212176949667e-16,1.0730590664120218e-16,0.1408677111304657
304.58,-4.822180088431577e-07,3.0832856030613897e-06,0.2710236531829201,9.064587848274837e-17,-2.2316475164968427e-17,-3.164645663653039e-06,0.9999999999949925,-1.1683436410446924e-16,-2.2398892847326853e-17,0.1418186502945562
304.6,-4.822180088452317e-07,3.0832856030582604e-06,0.273854312896304,2.833490416437739e-17,9.823732104542775e-18,-3.1646456640797005e-06,0.9999999999949925,-8.562581641828726e-17,-1.2587041333749644e-16,0.14164014923558899
304.62,-4.82218008845733e-07,3.083285603059008e-06,0.2766980300139493,5.59103751929129e-17,-1.2071464137368048e-18,-3.164645664501639e-06,0.9999999999949925,-2.3389189819578492e-17,6.798083400378015e-17,0.14223835926129302
304.64,-4.822180088471289e-07,3.083285603056524e-06,0.2795387584253304,4.312088894573453e-17,1.5058442347228262e-17,-3.1646456649203146e-06,0.9999999999949925,-7.983347485548117e-17,-1.6395133360182184e-16,0.14208254462473868
304.66,-4.822180088471259e-07,3.0832856030553504e-06,0.2823888765662266,1.6879645870117297e-17,2.616545425055809e-17,-3.164645665348997e-06,0.9999999999949925,2.1668024804363316e-17,1.8959477619026787e-17,0.14273214537976475
304.68,-4.822180088469098e-07,3.083285603055299e-06,0.2852542542739936,3.4651864305068994e-17,1.1014069222767869e-17,-3.164645665766167e-06,0.9999999999949925,-1.6153156306150167e-17,-4.3369786853556626e-17,0.1434136696050914
304.7,-4.82218008847338e-07,3.083285603052463e-06,0.28813627105481643,-1.9404508102000857e-18,2.843759599584282e-17,-3.1646456661879617e-06,0.9999999999949925,-8.706040984765134e-18,-1.2874651905747716e-16,0.14434688065895207
304.72,-4.822180088464358e-07,3.0832856030529025e-06,0.2910379128421528,-6.232992773522641e-18,2.3740359722403898e-17,-3.1646456666190036e-06,0.9999999999949925,3.745597669644305e-17,5.565622447190345e-17,0.14532229446264644
304.74,-4.82218008846058e-07,3.0832856030528732e-06,0.29393585883482526,1.6967202591139374e-17,8.02555181739788e-18,-3.164645667034587e-06,0.9999999999949925,3.184198244258415e-18,-3.155008436075199e-17,0.14448567315732408
304.76,-4.82218008846067e-07,3.0832856030512156e-06,0.29682397560053253,-1.785643223622776e-17,2.826078495389327e-17,-3.1646456674611645e-06,0.9999999999949925,8.191137644878373e-18,-6.40716754915235e-17,0.14450050725504093
304.78,-4.822180088451091e-07,3.083285603052493e-06,0.29972493624735647,-5.921470104702345e-18,1.4287844786369953e-17,-3.1646456678841994e-06,0.9999999999949925,3.0011348478118864e-17,7.954060038758613e-17,0.1452489960327208
304.8,-4.82218008845559e-07,3.0832856030523455e-06,0.30261474223947554,1.7293028971380818e-17,2.426263126388503e-17,-3.1646456683001192e-06,0.9999999999949925,-3.512801455382469e-17,-2.814085268900748e-17,0.14349744949675447
304.82,-4.82218008844648e-07,3.083285603052105e-06,0.30544156441613457,-1.7038558176508035e-18,2.575783433585365e-17,-3.1646456687287946e-06,0.9999999999949925,5.503428824010418e-17,1.4107987573365563e-17,0.14109556228040776
304.84,-4.822180088439806e-07,3.0832856030530045e-06,0.3082724171719474,1.5385733947481966e-17,1.1112988834500888e-17,-3.164645669148727e-06,0.9999999999949925,6.974502050636678e-18,3.1159253466808817e-17,0.14179336271244458
304.86,-4.822180088441845e-07,3.0832856030512723e-06,0.31111541944379006,-1.884989730802488e-18,2.3183406062762775e-17,-3.1646456695685977e-06,0.9999999999949925,4.089852990497337e-18,-1.0604077616888729e-16,0.1421789161907827
304.88,-4.822180088425981e-07,3.083285603051813e-06,0.31396908409430124,-1.1354929535920214e-17,4.538147578569518e-18,-3.164645669994677e-06,0.9999999999949925,7.649273339578199e-17,8.099886536944027e-17,0.14280223931144032
304.9,-4.822180088423926e-07,3.083285603052684e-06,0.31682802859072673,2.2397792986166786e-17,-7.832496849852507e-18,-3.1646456704124627e-06,0.9999999999949925,-6.869169550867154e-18,-1.2799755802368587e-17,0.14310862216518894
304.92,-4.82218008842819e-07,3.0832856030508586e-06,0.31969322494591584,-1.1755051375716392e-17,1.4669600466726594e-17,-3.164645670838169e-06,0.9999999999949925,-1.2819405460399407e-17,-6.535722509431039e-17,0.1432274552527646
304.94,-4.822180088421922e-07,3.0832856030525666e-06,0.32256278188395554,8.229179926219057e-18,7.865856678657842e-18,-3.164645671264183e-06,0.9999999999949925,3.0923988121720066e-17,1.0317687139647439e-16,0.14344839344772597
304.96,-4.822180088427125e-07,3.0832856030514794e-06,0.32542552464089486,4.633855074653378e-18,1.2188528790388619e-17,-3.1646456716796477e-06,0.9999999999949925,-4.670131709674319e-17,-9.802924925297329e-17,0.14320810767268766
304.98,-4.822180088424168e-07,3.0832856030510004e-06,0.3282898756123851,-1.2675914483901288e-17,2.3750041971798095e-17,-3.1646456721088626e-06,0.9999999999949925,3.1646801592792065e-17,2.0892839468040205e-17,0.14286176491938862
305.0,-4.822180088417502e-07,3.0832856030521854e-06,0.331131386917671,2.4438014195324765e-18,8.918687964020006e-18,-3.1646456725294534e-06,0.9999999999949925,1.6774763163716087e-17,3.8135795326732876e-17,0.1420805691154159
305.02,-4.82218008842393e-07,3.083285603050854e-06,0.33397411137443683,-5.63306091954456e-18,2.6265880623658867e-17,-3.164645672948978e-06,0.9999999999949925,-3.7710018698737665e-17,-8.488337734891898e-17,0.1421057039329654
305.04,-4.822180088412161e-07,3.0832856030516967e-06,0.33681622107993153,-6.471392600409486e-18,1.8944319667300426e-17,-3.164645673377917e-06,0.9999999999949925,7.780209504204574e-17,9.27934526269844e-17,0.1420644749636102
305.06,-4.822180088408171e-07,3.083285603052253e-06,0.3396691356213002,8.672852807687357e-18,5.365461649191404e-18,-3.164645673794306e-06,0.9999999999949925,-2.12653558380613e-17,-2.79876923306175e-17,0.14290024142715185
305.08,-4.822180088416672e-07,3.0832856030508e-06,0.3425326028998332,-1.1335694916844454e-17,3.9400402112389076e-17,-3.164645674217251e-06,0.9999999999949925,-2.4102006241179915e-17,-4.228469099122826e-17,0.1431667180909646
305.1,-4.822180088397273e-07,3.0832856030526683e-06,0.34540553171454286,9.03431906135147e-18,7.617765446906692e-18,-3.1646456746447454e-06,0.9999999999949925,1.0384465809134145e-16,1.1079663756946959e-16,0.14381989656570004
305.12,-4.8221800883975e-07,3.0832856030520237e-06,0.348249178313506,1.106388316049927e-17,3.3650067883765038e-18,-3.164645675060877e-06,0.9999999999949925,-4.266288537296196e-17,-8.45880524682984e-17,0.14173422142709224
305.14,-4.82218008839634e-07,3.083285603051107e-06,0.35108730556146694,-9.769685858566181e-18,1.9092574952733455e-17,-3.164645675488335e-06,0.9999999999949925,4.560303045289951e-17,4.423331777404893e-18,0.14209781991120218
305.16,-4.822180088379894e-07,3.0832856030526407e-06,0.35393246257040084,9.567737958826265e-18,-1.8372656228442258e-17,-3.1646456759089065e-06,0.9999999999949925,6.227145357965729e-17,6.359235662525922e-17,0.141890070880335
305.18,-4.822180088391787e-07,3.083285603050969e-06,0.3567490282907301,-6.454086694550949e-18,5.650210976624657e-18,-3.1646456763267203e-06,0.9999999999949925,-8.13999680323688e-17,-1.1589008489809688e-16,0.14080144872198885
305.2,-4.822180088388905e-07,3.083285603051218e-06,0.3595732217198563,-1.6339776091148797e-17,1.4845405024741308e-17,-3.164645676756455e-06,0.9999999999949925,5.046717538814224e-17,7.284833732553532e-17,0.1413688382909173
305.22,-4.822180088382682e-07,3.083285603052562e-06,0.3624179530564903,1.116307073416156e-17,-8.643117809101354e-18,-3.1646456771739214e-06,0.9999999999949925,4.562437708011052e-19,2.6671722474728987e-17,0.14255339791613975
305.24,-4.82218008839356e-07,3.083285603050922e-06,0.36528818120593426,-9.914814213481364e-18,2.103186741395316e-17,-3.164645677594397e-06,0.9999999999949925,-5.62455338170816e-17,-9.204386290271147e-17,0.14382528615233814
305.26,-4.822180088391874e-07,3.083285603050855e-06,0.36817048254881746,-4.217066348674741e-17,3.3515688724929193e-17,-3.1646456780239275e-06,0.9999999999949925,2.4905770255211218e-17,3.40160311926428e-17,0.1440960754093834
305.28,-4.822180088383419e-07,3.0832856030522185e-06,0.37106103968705284,7.456079702865421e-19,3.828247372157331e-18,-3.1646456784390083e-06,0.9999999999949925,2.221895537376934e-17,3.491262972576093e-17,0.14470849904803518
305.3,-4.822180088385636e-07,3.083285603051226e-06,0.37393804836491196,-2.5015608934448427e-17,2.6947886135319667e-17,-3.16464567886499e-06,0.9999999999949925,-1.3959850139691507e-17,-5.600222880972092e-17,0.1435768785831515
305.32,-4.822180088371895e-07,3.083285603052898e-06,0.37680995527326394,-1.4300360207884825e-17,2.550831088775746e-18,-3.1646456792880496e-06,0.9999999999949925,8.011559402754836e-17,1.1453284947862735e-16,0.14356017943640276
305.34,-4.822180088370612e-07,3.0832856030529673e-06,0.3796721645806692,5.441415446479145e-18,-7.236939367791302e-18,-3.164645679704384e-06,0.9999999999949925,-1.9745692379010886e-17,-5.78683494602724e-17,0.14313973923272827
305.36,-4.822180088372538e-07,3.0832856030520156e-06,0.3825165565687761,-3.5842983526204056e-17,1.6677578889176793e-17,-3.1646456801334774e-06,0.9999999999949925,1.0105213906800501e-17,-1.100078090348957e-17,0.14196283429865897
305.38,-4.82218008836414e-07,3.0832856030541514e-06,0.3853404697428285,4.777829351807875e-19,-8.430081144901286e-18,-3.1646456805531102e-06,0.9999999999949925,3.519990135822332e-17,1.1298956714445607e-16,0.14038683355516723
305.4,-4.82218008836658e-07,3.0832856030533548e-06,0.38811508148444157,-9.463419416371482e-19,-6.004778611100813e-18,-3.1646456809711587e-06,0.9999999999949925,-1.7290279702297747e-17,-8.91407511614052e-17,0.13863122542283612
305.42,-4.822180088368166e-07,3.0832856030537004e-06,0.39089192235085807,-2.057526841956784e-17,1.3628665510680227e-17,-3.1646456814014616e-06,0.9999999999949925,-4.6381573137632735e-18,7.374537386051624e-17,0.13890303355439948
305.44,-4.822180088369285e-07,3.0832856030559687e-06,0.3936570508813379,4.0980094738309777e-17,4.4255566466689086e-18,-3.1646456818185122e-06,0.9999999999949925,-3.440895860884999e-18,8.960809187537962e-17,0.13732289163651545
305.46,-4.822180088368849e-07,3.0832856030538994e-06,0.396377628069884,2.894150215587195e-18,9.996376280962635e-18,-3.16464568224225e-06,0.9999999999949925,4.28730218261641e-18,-1.2317671310003816e-16,0.13605518565909525
305.48,-4.822180088366906e-07,3.083285603054576e-06,0.3991156667250042,-3.536838599321561e-18,1.7305605743423488e-17,-3.1646456826701408e-06,0.9999999999949925,4.8588440063298484e-18,8.53804247276122e-17,0.1372280789263658
305.5,-4.822180088366677e-07,3.0832856030545355e-06,0.401887935177882,1.9455087517216606e-17,6.349017583172634e-18,-3.16464568308625e-06,0.9999999999949925,-5.790931991904174e-18,-5.753758342322123e-17,0.13909963344805876
305.52,-4.822180088364958e-07,3.0832856030525132e-06,0.4046986393099034,-3.382785696094146e-17,2.0305766859099943e-17,-3.1646456835125748e-06,0.9999999999949925,8.825886763611156e-18,-8.123063023188759e-17,0.14100274480651764
305.54,-4.822180088359079e-07,3.0832856030539502e-06,0.40752265188308934,-1.6536615484065838e-17,9.086543640749262e-18,-3.164645683936273e-06,0.9999999999949925,2.714625223319892e-17,9.235247500843972e-17,0.14098313152026143
305.56,-4.822180088361273e-07,3.0832856030529664e-06,0.41034772272029696,-2.0854166560165195e-17,1.1992095361296284e-17,-3.1646456843534426e-06,0.9999999999949925,-2.5481209447720592e-17,-1.0824843902084025e-16,0.14135519539118513
305.58,-4.822180088357004e-07,3.0832856030532087e-06,0.41317957529144234,-4.2086387875703234e-17,2.2974093318610246e-17,-3.1646456847821145e-06,0.9999999999949925,3.7020697948733486e-17,7.391932573290482e-17,0.14179807627381358
305.6,-4.82218008835185e-07,3.083285603055304e-06,0.416033283450925,5.154199993898545e-20,5.616976534567722e-18,-3.1646456852009333e-06,0.9999999999949925,-2.8593020200584734e-18,5.3626536738448254e-17,0.14299724461490082
305.62,-4.822180088356917e-07,3.083285603053815e-06,0.4189116572146447,-2.847847136457459e-17,2.7081164699896022e-17,-3.164645685623169e-06,0.9999999999949925,-1.9206544601350946e-17,-9.542616259352575e-17,0.14421885141120971
305.64,-4.822180088351994e-07,3.0832856030540845e-06,0.4218127372861876,-6.145610154771149e-17,3.480102139385936e-17,-3.164645686053748e-06,0.9999999999949925,2.72433832942023e-17,4.4344375121417506e-17,0.1453199955875284
305.66,-4.822180088339229e-07,3.083285603056365e-06,0.42471724320619847,2.1128030178947722e-19,-3.50542798606111e-18,-3.1646456864687337e-06,0.9999999999949925,6.763831911832132e-17,9.472307172891485e-17,0.1446900205541557
305.68,-4.822180088336928e-07,3.0832856030554414e-06,0.4275865624410883,-3.506674228666874e-17,1.0124484951311927e-17,-3.1646456868946668e-06,0.9999999999949925,-1.2628498616385172e-17,-6.892524857116485e-17,0.14336054818424593
305.7,-4.82218008833003e-07,3.083285603057776e-06,0.4304621572363995,-1.0033950035342328e-17,-3.3244871643214843e-19,-3.164645687318767e-06,0.9999999999949925,4.673612680909237e-17,1.5490380315053966e-16,0.143981288325723
305.72,-4.822180088328464e-07,3.0832856030580143e-06,0.43335315813531916,1.2158318014573042e-17,-1.3184333915865541e-17,-3.1646456877336165e-06,0.9999999999949925,9.196252890859078e-18,-4.2116040783596453e-17,0.14465011910634873
305.74,-4.822180088323381e-07,3.0832856030581282e-06,0.4361943183846094,-3.4640236597392515e-18,-1.1112264994877551e-17,-3.164645688162044e-06,0.9999999999949925,3.156139993998156e-17,6.049425623491204e-17,0.14139671345474447
305.76,-4.822180088322285e-07,3.083285603060338e-06,0.43902152594002614,4.4300539191033053e-17,-2.5080747667136727e-17,-3.16464568858246e-06,0.9999999999949925,-2.942423141060237e-18,7.571903209932267e-17,0.14152298215720505
305.78,-4.822180088332473e-07,3.0832856030581706e-06,0.44186902391166033,1.7536978310279316e-17,-7.934204154190141e-18,-3.164645689004315e-06,0.9999999999949925,-3.9368330626069866e-17,-1.1873942263720228e-16,0.1426774337069059
305.8,-4.822180088328376e-07,3.083285603058528e-06,0.4447114556645251,1.0038520172360697e-17,-1.1672009482685192e-17,-3.164645689432238e-06,0.9999999999949925,2.68896358282109e-17,6.377256512096723e-17,0.14193992378730425
305.82,-4.822180088337219e-07,3.0832856030582667e-06,0.4475473562706501,2.0381173827979088e-17,-8.741219553385028e-18,-3.1646456898489504e-06,0.9999999999949925,-6.236133290765451e-17,-6.108756316498124e-17,0.14173110773702535
305.84,-4.822180088343239e-07,3.0832856030559962e-06,0.4503745428212789,-1.894923854332391e-17,7.798225474126986e-18,-3.164645690273767e-06,0.9999999999949925,-7.917677335114713e-18,-9.6768773419477e-17,0.14071798098964083
305.86,-4.82218008834069e-07,3.083285603057322e-06,0.4531530018439955,-7.254718116764403e-18,4.956871863896772e-18,-3.1646456906997323e-06,0.9999999999949925,6.303706903956759e-18,1.0015390584712659e-16,0.13878521017781642
305.88,-4.822180088344326e-07,3.083285603057209e-06,0.45594374396403964,1.4026017345318322e-17,-8.200988011242778e-19,-3.164645691116526e-06,0.9999999999949925,-2.945821284230637e-17,-5.716060908385534e-17,0.13988495601326423
305.9,-4.822180088350037e-07,3.0832856030564e-06,0.4587653878667064,-1.1689231221898351e-17,2.932998374590493e-17,-3.164645691546612e-06,0.9999999999949925,-2.1909476071116058e-17,-4.3866605746805775e-18,0.14148342755500587
305.92,-4.822180088345808e-07,3.0832856030573883e-06,0.4615964767531021,-2.0886966357534166e-18,1.8588786500399612e-17,-3.164645691969806e-06,0.9999999999949925,2.031532410168001e-17,4.060172082442163e-17,0.14154547268694362
305.94,-4.82218008834707e-07,3.0832856030559704e-06,0.4644236581488769,-1.3165331145054437e-17,2.1647168729524452e-17,-3.164645692388673e-06,0.9999999999949925,-1.7137663778385275e-17,-9.875015280905027e-17,0.14117957779371526
305.96,-4.822180088337044e-07,3.0832856030564287e-06,0.4672557995820824,-2.6119835883366114e-17,1.9314314381118602e-17,-3.164645692817412e-06,0.9999999999949925,6.390246788266294e-17,7.071839466343667e-17,0.1418104614413107
305.98,-4.822180088328473e-07,3.083285603057802e-06,0.4700629749865663,5.647686260404072e-18,-6.8976094849291446e-18,-3.1646456932355796e-06,0.9999999999949925,2.1147930557577555e-17,2.498086777782606e-17,0.13998058993353601
306.0,-4.822180088332309e-07,3.0832856030565316e-06,0.4728667657403974,-1.3397288371564979e-17,1.1617839403075833e-17,-3.1646456936589135e-06,0.9999999999949925,-9.134163559455066e-18,-5.691753793478808e-17,0.14027105530021178
306.02,-4.822180088323321e-07,3.0832856030580007e-06,0.475679732806323,-7.114629266349049e-18,2.3603442369874994e-18,-3.164645694086014e-06,0.9999999999949925,4.1304578118348333e-17,9.629024457524868e-17,0.14090225594545203
306.04,-4.822180088327432e-07,3.083285603058102e-06,0.47851803853189734,1.0647268714397624e-17,1.7066937024408076e-18,-3.164645694501869e-06,0.9999999999949925,-3.4312870776162634e-17,-3.288285426722858e-17,0.14226622129211997
306.06,-4.822180088324188e-07,3.0832856030575188e-06,0.48136690603656773,-4.111209750688687e-18,6.969462616975203e-18,-3.1646456949278735e-06,0.9999999999949925,3.4403987869422143e-17,-7.486631409787824e-18,0.1423189772964517
306.08,-4.822180088316998e-07,3.0832856030587648e-06,0.48422225022424936,6.3430479787518256e-18,-9.737958436855085e-18,-3.1646456953510706e-06,0.9999999999949925,2.0817074489148267e-17,6.101231191773164e-17,0.14299413109727377
306.1,-4.822180088320237e-07,3.0832856030577665e-06,0.48708152519541925,8.554263065309326e-18,-1.2541485785605726e-17,-3.1646456957687527e-06,0.9999999999949925,-1.3638939554579256e-17,-8.652580909044524e-17,0.1427871615277576
306.12,-4.822180088316814e-07,3.0832856030574735e-06,0.48994432511596686,-1.3921717995276473e-17,-8.451452949262716e-18,-3.1646456961969334e-06,0.9999999999949925,3.545191514328261e-17,3.7919233788785577e-17,0.143341522133833
306.14,-4.822180088316319e-07,3.0832856030592726e-06,0.4928263335268007,2.891828280988966e-17,-2.3662242953563465e-17,-3.1646456966162744e-06,0.9999999999949925,-2.4441227372689002e-17,6.424753599911591e-17,0.1443604033610546
306.16,-4.822180088328743e-07,3.083285603058057e-06,0.4957286718346766,2.4747483276035517e-17,1.4206253360427963e-18,-3.164645697037132e-06,0.9999999999949925,-4.459799805876787e-17,-7.599733017013435e-17,0.14536217626827108
306.18,-4.822180088326787e-07,3.0832856030576666e-06,0.4986433035501938,-6.156382158688368e-18,4.130537297956286e-18,-3.164645697465529e-06,0.9999999999949925,2.249135254172338e-17,2.3723787580720968e-17,0.145798608200165
306.2,-4.822180088325012e-07,3.0832856030581693e-06,0.5015669513464113,2.6884044548616527e-17,-1.8838407031192147e-17,-3.164645697880145e-06,0.9999999999949925,-7.38245814978376e-18,-1.1943403927160888e-17,0.1463088017967018
306.22,-4.822180088333335e-07,3.0832856030561297e-06,0.5044638611429155,-1.2053544317338877e-17,8.255863082635582e-18,-3.164645698305199e-06,0.9999999999949925,-2.0587220054529598e-17,-8.805958258877431e-17,0.144404852384028
306.24,-4.822180088325169e-07,3.083285603057353e-06,0.5073512698990459,-1.3610681330054766e-18,-1.2124438295542911e-17,-3.1646456987294297e-06,0.9999999999949925,3.8153321119286205e-17,7.904768900258623e-17,0.14447441393553584
306.26,-4.822180088334877e-07,3.0832856030565638e-06,0.5102519555363673,5.1554339823485954e-18,-2.4452046421219503e-18,-3.1646456991464033e-06,0.9999999999949925,-6.73741098341629e-17,-8.031496439034882e-17,0.14523785783169263
306.28,-4.822180088344151e-07,3.0832856030554397e-06,0.5131567071753833,-3.3981978155769607e-17,3.557280179350995e-17,-3.164645699576445e-06,0.9999999999949925,-3.391478716625108e-17,-3.054602541552958e-17,0.1448450556470693
306.3,-4.82218008833038e-07,3.0832856030568395e-06,0.516034014623212,-1.3582253066195157e-17,-4.902356366427721e-18,-3.164645699995235e-06,0.9999999999949925,6.850156992105613e-17,7.111049010697814e-17,0.14379861753707202
306.32,-4.822180088336791e-07,3.0832856030562194e-06,0.5189067469956701,-9.31308658590712e-18,1.0294021086534658e-17,-3.1646457004153815e-06,0.9999999999949925,-5.406076999500141e-17,-6.891290098295029e-17,0.1435353229245151
306.34,-4.82218008832968e-07,3.083285603056579e-06,0.5217853818980329,-3.098284073223458e-17,9.239971232223017e-18,-3.1646457008440704e-06,0.9999999999949925,6.670713776173694e-17,6.666467600893323e-17,0.1441259957349783
306.36,-4.822180088326754e-07,3.0832856030587427e-06,0.5246647588696779,2.456019446397335e-17,-8.39185140034018e-18,-3.164645701261443e-06,0.9999999999949925,-2.822304531675141e-17,7.717494129696442e-17,0.14374866144539755
306.38,-4.822180088337755e-07,3.083285603057206e-06,0.527529183518398,-3.939992581042528e-18,2.751297176110815e-17,-3.1646457016888252e-06,0.9999999999949925,-3.7738960539388895e-17,-9.705272062056352e-17,0.14264879407058784
306.4,-4.822180088327264e-07,3.083285603058165e-06,0.5303470408465634,-7.35671189588891e-18,1.2282402752285305e-17,-3.1646457021147435e-06,0.9999999999949925,5.5193010045905594e-17,1.0683620159831092e-16,0.14072445431264624
306.42,-4.822180088332026e-07,3.083285603058726e-06,0.5331608600286583,2.7995319249453123e-17,1.6578139957461096e-17,-3.1646457025311385e-06,0.9999999999949925,-5.047459023141434e-17,-3.5097612063290514e-17,0.14066946313869844
306.44,-4.822180088327939e-07,3.0832856030567505e-06,0.5359626952983301,-2.3936156497051772e-17,2.537646885814864e-17,-3.1646457029602602e-06,0.9999999999949925,4.79354444348249e-17,-6.71280376881193e-17,0.13920647122634966
306.46,-4.82218008831542e-07,3.0832856030585196e-06,0.5386673520242157,3.578834379771926e-18,-5.209880828100445e-19,-3.1646457033827196e-06,0.9999999999949925,3.5894846566218424e-17,1.0133780861486848e-16,0.13462963828587693
306.48,-4.822180088319125e-07,3.0832856030577276e-06,0.5413590313421276,1.0151947874478815e-17,5.6408611430685745e-18,-3.1646457038007515e-06,0.9999999999949925,-1.55126760560295e-17,-7.626939537763163e-17,0.13467259763642048
306.5,-4.822180088312076e-07,3.0832856030576395e-06,0.544078856357908,-9.554106049497423e-18,7.4833132724852e-18,-3.164645704230222e-06,0.9999999999949925,4.4892404878784803e-17,4.76600755014387e-17,0.13651609484236493
306.52,-4.822180088303901e-07,3.083285603059391e-06,0.5468426042730512,3.4959799805543486e-17,-2.1874440753274894e-17,-3.164645704646147e-06,0.9999999999949925,3.882154689321863e-17,7.130537094032822e-17,0.13874090228357394
306.54,-4.82218008830175e-07,3.083285603058497e-06,0.5496488417090623,3.945608675390496e-17,-2.91393804173345e-17,-3.1646457050655987e-06,0.9999999999949925,1.5733333249824086e-17,-5.924057116520021e-17,0.14081633346147981
306.56,-4.822180088298343e-07,3.0832856030577276e-06,0.5524683151243795,1.0578952107050414e-18,-3.3041396189465937e-17,-3.164645705494468e-06,0.9999999999949925,2.4532780654451968e-17,-1.2228773388562038e-17,0.1402909950887654
306.58,-4.822180088314456e-07,3.0832856030575057e-06,0.5552279764715123,2.0496190727648746e-17,-1.542936995579196e-17,-3.1646457059126643e-06,0.9999999999949925,-1.0119955589736336e-16,-1.9632206114195464e-17,0.13775109726018586
306.6,-4.822180088322439e-07,3.0832856030560598e-06,0.557997620566625,-3.1284152438916444e-18,4.750109047136815e-18,-3.1646457063387587e-06,0.9999999999949925,-4.075764436105318e-18,-6.30731503060198e-17,0.13884680011906347
306.62,-4.82218008831774e-07,3.083285603057228e-06,0.5607993179517299,9.205335070726098e-18,-1.174666733473792e-17,-3.1646457067616666e-06,0.9999999999949925,1.0556158109008806e-17,9.693018658986436e-17,0.14046257536455276
306.64,-4.822180088331057e-07,3.0832856030563406e-06,0.5636264234546202,1.7233085090976568e-17,6.080449014047605e-18,-3.164645707179434e-06,0.9999999999949925,-7.096652355034646e-17,-1.0571664428533717e-16,0.1416908459790589
306.66,-4.82218008833073e-07,3.083285603054427e-06,0.5664811415583483,-4.205913032475584e-17,1.7951285088469158e-17,-3.164645707610665e-06,0.9999999999949925,1.481932769980232e-17,-6.64964867497071e-17,0.14308046084153814
306.68,-4.822180088319942e-07,3.0832856030559674e-06,0.5693620100292144,-1.2326765572393445e-17,-1.8386664121654046e-17,-3.1646457080279143e-06,0.9999999999949925,5.55897299560501e-17,1.004883380371502e-16,0.14434501622415663
306.7,-4.822180088324144e-07,3.083285603056255e-06,0.5722356874573581,1.6415380882780512e-17,-1.2351249818837293e-17,-3.1646457084472554e-06,0.9999999999949925,-3.831797392965726e-17,-3.153833366688767e-17,0.14345349494666593
306.72,-4.822180088324594e-07,3.083285603056112e-06,0.5751102379153945,-1.5990046267783753e-17,-7.043276553887474e-19,-3.1646457088753094e-06,0.9999999999949925,2.1250232026926745e-17,3.8851970273770265e-17,0.14390258484109353
306.74,-4.822180088328951e-07,3.0832856030571956e-06,0.5780017705293401,2.0574629064654927e-17,-6.7334538298191376e-18,-3.164645709290744e-06,0.9999999999949925,-4.5600237902713145e-17,1.8027091784844187e-17,0.14480245357280097
306.76,-4.822180088332715e-07,3.083285603055677e-06,0.580881653340363,-6.167830779759057e-18,6.39657025514081e-18,-3.1646457097131084e-06,0.9999999999949925,9.53467757880078e-18,-7.566364123376735e-17,0.14372811882576997
306.78,-4.822180088321869e-07,3.0832856030566963e-06,0.5837304489601484,-5.875240553416203e-18,-1.7495660261179137e-17,-3.164645710137311e-06,0.9999999999949925,5.531320851222012e-17,8.366564106600144e-17,0.1412772316256805
306.8,-4.822180088329662e-07,3.08328560305642e-06,0.5864945381238599,9.518124233629606e-18,-1.415125974402671e-17,-3.1646457105542685e-06,0.9999999999949925,-5.3490876268467576e-17,-7.120111186455413e-17,0.13781868685329712
306.82,-4.822180088332352e-07,3.0832856030550323e-06,0.5892393264700712,-3.215568769201668e-17,1.8485417055394044e-18,-3.1646457109814395e-06,0.9999999999949925,1.462631023048486e-17,-2.4412739385556055e-17,0.13717921631482
306.84,-4.822180088330339e-07,3.0832856030573278e-06,0.5919961129497343,8.219604691775894e-18,-1.0474775819723833e-17,-3.164645711403898e-06,0.9999999999949925,-1.5639403366036474e-17,1.0852015882590112e-16,0.13811146981447253
306.86,-4.822180088341838e-07,3.0832856030559115e-06,0.5947834341517293,-4.8653582116685425e-18,8.247141706885862e-18,-3.1646457118220955e-06,0.9999999999949925,-5.2194201250869207e-17,-1.0678077290499576e-16,0.1398126066015415
306.88,-4.822180088342048e-07,3.0832856030562813e-06,0.5975995776806682,-1.8647972577986355e-17,2.3534966014758908e-17,-3.1646457122527063e-06,0.9999999999949925,1.509199249171993e-17,7.607071603908543e-17,0.1411013546177342
306.9,-4.822180088337634e-07,3.083285603057863e-06,0.6004275527742214,2.0492692544467538e-17,2.510672146959119e-18,-3.1646457126702097e-06,0.9999999999949925,9.425757490814283e-18,3.8648888322889215e-17,0.1410273944565943
306.92,-4.82218008834105e-07,3.0832856030564685e-06,0.6032205125478507,2.593154665043594e-18,1.7675923651234142e-17,-3.1646457130934767e-06,0.9999999999949925,-1.2540198354200924e-17,-6.87919008089833e-17,0.13957570407429065
306.94,-4.822180088330408e-07,3.083285603057891e-06,0.6060211316617804,1.389424470298104e-17,4.69940562183484e-18,-3.1646457135222605e-06,0.9999999999949925,5.658947251645625e-17,1.0278693792432116e-16,0.14022168491356624
306.96,-4.822180088331016e-07,3.083285603057355e-06,0.6088405470795919,2.1334266994545096e-17,-4.554188757358087e-18,-3.1646457139376768e-06,0.9999999999949925,-2.751983032469799e-17,-7.870378592698366e-17,0.14108591715564778
306.98,-4.822180088329287e-07,3.0832856030559336e-06,0.6116631022523397,-7.674631187109814e-18,4.162787207143439e-18,-3.1646457143622414e-06,0.9999999999949925,3.4984567517037714e-17,-2.7758330753041343e-17,0.1413051157910461
307.0,-4.822180088320955e-07,3.0832856030575527e-06,0.6145011298544274,1.7003085302776995e-17,-1.6204661952422275e-17,-3.164645714784951e-06,0.9999999999949925,2.5320378898270903e-17,8.450307855439323e-17,0.1420837607345793
307.02,-4.822180088330636e-07,3.083285603056041e-06,0.6173594673688756,8.896245624637785e-18,-3.1432864706921762e-18,-3.164645715202642e-06,0.9999999999949925,-5.229852088125971e-17,-1.1817872405423674e-16,0.14321166346568104
307.04,-4.822180088326376e-07,3.0832856030557726e-06,0.6202196909000496,-8.880196772905602e-18,-1.4978512937130219e-18,-3.1646457156321962e-06,0.9999999999949925,4.616847538045448e-17,6.021633061563357e-17,0.14291897136425868
307.06,-4.822180088326058e-07,3.083285603057421e-06,0.623065469174948,3.113638716947333e-17,-1.3623199089772752e-17,-3.1646457160518617e-06,0.9999999999949925,-2.0256665046093258e-17,3.6874575720954813e-17,0.14212646989283373
307.08,-4.822180088335014e-07,3.083285603055203e-06,0.6259171132250829,1.999662702070562e-18,4.706095092526598e-18,-3.164645716473098e-06,0.9999999999949925,-3.82320668194719e-17,-1.1187409247421274e-16,0.14281417578227984
307.1,-4.822180088328978e-07,3.083285603056121e-06,0.6287763684463843,5.349328075443052e-18,-5.595484920145767e-19,-3.1646457169006103e-06,0.9999999999949925,5.483065105153404e-17,9.225634107904823e-17,0.14299044132333183
307.12,-4.822180088323973e-07,3.0832856030567137e-06,0.6316205292476671,3.824223316957657e-17,-3.0834575307718075e-17,-3.1646457173132195e-06,0.9999999999949925,9.591319217662013e-18,-7.936622859987903e-18,0.14124601045760743
307.14,-4.82218008832508e-07,3.083285603054802e-06,0.6343892623259405,6.600785742287998e-18,-2.633237769415917e-17,-3.1646457177376644e-06,0.9999999999949925,1.1749278949928731e-17,-8.517616955879162e-17,0.13743714131301266
307.16,-4.82218008832678e-07,3.0832856030554368e-06,0.6370904830830094,5.368492335601224e-18,-2.5688051421787815e-17,-3.1646457181628897e-06,0.9999999999949925,-1.4939959583773484e-17,6.30409914993789e-17,0.1348720515728763
307.18,-4.822180088340488e-07,3.083285603055019e-06,0.6398013557703899,2.657165912578871e-17,-1.4559841512303058e-17,-3.16464571858e-06,0.9999999999949925,-7.479969769378682e-17,-6.306740578627609e-17,0.13587547085738283
307.2,-4.822180088342291e-07,3.083285603054028e-06,0.6425429599513575,4.792130387484558e-19,-5.918480612942262e-18,-3.16464571900874e-06,0.9999999999949925,2.6297918588349713e-17,1.1220534279551414e-18,0.13731403419233734
307.22,-4.8221800883421e-07,3.0832856030555486e-06,0.6452916544411316,3.376826244936075e-17,-1.975771555119126e-17,-3.164645719428802e-06,0.9999999999949925,-2.6231650628667515e-17,6.420526916535225e-17,0.1376918983592379
307.24,-4.822180088356171e-07,3.0832856030531943e-06,0.6480709940822108,7.441922458405644e-18,2.9807538098472425e-18,-3.1646457198486848e-06,0.9999999999949925,-5.884650079584462e-17,-1.4797932100806052e-16,0.13942521286175458
307.26,-4.822180088351656e-07,3.0832856030521867e-06,0.6508869445579136,-3.5647935975007833e-17,2.9701622174293083e-19,-3.1646457202809803e-06,0.9999999999949925,4.217434625870296e-17,-8.850403814072165e-18,0.14124612860877406
307.28,-4.82218008834169e-07,3.083285603053785e-06,0.6537095523226542,1.2462922308758052e-17,-4.434883272112286e-17,-3.1646457206961272e-06,0.9999999999949925,4.8006503475676563e-17,8.048865664794006e-17,0.14033643878438307
307.3,-4.82218008835199e-07,3.0832856030529465e-06,0.6564828405966499,6.863926625491379e-18,-2.1567348508494623e-17,-3.1646457211199334e-06,0.9999999999949925,-6.320524558387989e-17,-7.158041690838861e-17,0.13856332731317922
307.32,-4.822180088352215e-07,3.0832856030536546e-06,0.6592703106903226,-1.249551271680818e-18,-2.3976665259449424e-17,-3.164645721546101e-06,0.9999999999949925,2.958681932899639e-17,8.405276372317276e-17,0.13973561239745136
307.34,-4.822180088360987e-07,3.083285603054114e-06,0.6620895835413892,3.4340579902290524e-17,-2.7879012382254e-17,-3.1646457219593587e-06,0.9999999999949925,-6.683303876467965e-17,-2.056730963722981e-17,0.14137554833690835
307.36,-4.822180088371624e-07,3.0832856030531227e-06,0.6649350450210024,1.31154904776915e-17,5.77180233505884e-19,-3.164645722385894e-06,0.9999999999949925,-2.4471079956452117e-17,-1.2718094594939115e-17,0.14249768905651994
307.38,-4.822180088371352e-07,3.0832856030541603e-06,0.667801801180759,2.872896251983156e-17,-1.110370676073457e-17,-3.1646457228073675e-06,0.9999999999949925,-1.38472975544144e-17,5.693221824828807e-17,0.14362589644412171
307.4,-4.82218008838041e-07,3.0832856030532794e-06,0.6706696156516294,4.468274296731075e-17,-4.379874420567745e-18,-3.1646457232249246e-06,0.9999999999949925,-3.22500774677017e-17,-7.374154135933549e-17,0.14328699051618932
307.42,-4.822180088373101e-07,3.0832856030516497e-06,0.6735129200280733,-3.566595758376895e-18,-1.431620128226519e-17,-3.164645723652406e-06,0.9999999999949925,4.637011164369576e-17,-4.803999167597651e-17,0.14138993083603335
307.44,-4.82218008837931e-07,3.083285603052449e-06,0.6763330629208272,2.660627213122076e-17,-1.427313774010612e-17,-3.1646457240718945e-06,0.9999999999949925,-4.892790675572716e-17,4.346021715832108e-17,0.1411108955735485
307.46,-4.822180088382311e-07,3.0832856030503436e-06,0.6791718947564731,3.0878137230545037e-18,-1.4180901018663974e-17,-3.1646457244925696e-06,0.9999999999949925,7.568836667062683e-18,-1.266922715188928e-16,0.14225718925149344
307.48,-4.822180088384158e-07,3.08328560305082e-06,0.6820365893352077,-3.896143258037409e-18,-3.857947022209718e-18,-3.1646457249234726e-06,0.9999999999949925,-2.2853128634170997e-17,7.326956035615927e-17,0.14355666563905523
307.5,-4.822180088395396e-07,3.0832856030506608e-06,0.6848905813659867,1.1358868637760046e-17,5.1473386873192575e-18,-3.164645725340112e-06,0.9999999999949925,-5.607167736732122e-17,-6.114939640202484e-17,0.14150331927006432
307.52,-4.82218008839482e-07,3.0832856030488587e-06,0.6876575341143434,-2.6117695178258152e-17,9.8012086058121e-18,-3.164645725763797e-06,0.9999999999949925,1.823343846792174e-17,-5.210966966816314e-17,0.13794543946954452
307.54,-4.822180088392975e-07,3.0832856030505905e-06,0.6904269919932298,-6.364434408800114e-18,8.633804949202932e-18,-3.1646457261893146e-06,0.9999999999949925,-1.3404974689209795e-17,8.935065451604894e-17,0.138799044284732
307.56,-4.822180088401119e-07,3.083285603049975e-06,0.693216571011037,8.586872588913101e-19,1.9401379588340378e-17,-3.164645726607306e-06,0.9999999999949925,-3.0667376716763733e-17,-7.339395986259455e-17,0.13962102922787656
307.58,-4.822180088386463e-07,3.0832856030498985e-06,0.6960285884487873,-1.515156505861928e-17,-4.068728416063953e-19,-3.164645727034165e-06,0.9999999999949925,8.994512585103422e-17,3.9054140607009357e-17,0.14097104702343044
307.6,-4.82218008838148e-07,3.0832856030519716e-06,0.6988708639634217,2.674471696090985e-17,-1.73577421777992e-17,-3.1646457274552824e-06,0.9999999999949925,-1.3275410704485341e-18,9.03506044510747e-17,0.14248985174464268
307.62,-4.822180088386858e-07,3.0832856030511106e-06,0.7017413519487538,3.2322752537365054e-17,-8.48924673630632e-18,-3.164645727874566e-06,0.9999999999949925,-1.0660687002734472e-17,-6.391458530209746e-17,0.14383827642894254
307.64,-4.82218008838194e-07,3.083285603050635e-06,0.7045976608878455,1.027478962703599e-18,-1.0280671958294777e-17,-3.164645728302227e-06,0.9999999999949925,2.3782725895890346e-17,2.4677566183649786e-17,0.1425005512546207
307.66,-4.822180088386307e-07,3.083285603051424e-06,0.7074461203471623,3.8183307901503806e-17,-1.726699619366499e-17,-3.1646457287201335e-06,0.9999999999949925,-3.223817290592552e-17,1.3273831550300717e-17,0.14247866764734995
307.68,-4.822180088388985e-07,3.0832856030492085e-06,0.7103041195642654,2.6461530177336098e-18,-1.0498213572548825e-17,-3.164645729142608e-06,0.9999999999949925,5.663007587323247e-18,-1.1051255409969641e-16,0.1429147001054787
307.7,-4.822180088385895e-07,3.0832856030503084e-06,0.7131580584332147,1.3768352382677846e-17,-1.8187781368483905e-17,-3.1646457295683607e-06,0.9999999999949925,6.014472187135427e-18,9.562721419685748e-17,0.1427942896126133
307.72,-4.822180088395627e-07,3.0832856030500463e-06,0.7160002117231975,3.847245063015499e-17,-1.461470030591458e-17,-3.164645729983512e-06,0.9999999999949925,-4.663917625171422e-17,-5.23157004846474e-17,0.141168026814531
307.74,-4.82218008839846e-07,3.083285603048312e-06,0.7187846396569484,-1.319689516446519e-18,-1.2026712041478845e-18,-3.1646457304110526e-06,0.9999999999949925,-6.291885218715329e-18,-5.830525400688797e-17,0.139034845165098
307.76,-4.822180088402617e-07,3.083285603048951e-06,0.721539230027964,6.408529562141126e-18,1.5309244223520668e-18,-3.1646457308344696e-06,0.9999999999949925,-2.6577437283036018e-17,3.286871359162538e-17,0.13744690462688114
307.78,-4.822180088404673e-07,3.0832856030475234e-06,0.7242959567950579,2.8830673558903646e-18,-5.744826058253354e-18,-3.164645731251788e-06,0.9999999999949925,-1.4119576922428382e-18,-9.355870934867173e-17,0.13805610312420669
307.8,-4.822180088401883e-07,3.083285603047785e-06,0.7270811046696845,-6.586855901426914e-18,-5.174094968202347e-21,-3.1646457316803052e-06,0.9999999999949925,1.0262058413958181e-17,5.589647424632357e-17,0.13969591225881928
307.82,-4.82218008840644e-07,3.0832856030486554e-06,0.7299015384617421,1.8963971894495832e-17,-1.965282594040705e-18,-3.1646457320959236e-06,0.9999999999949925,-2.2480483148011988e-17,1.675867186978076e-17,0.1414560488938288
307.84,-4.822180088405037e-07,3.0832856030471905e-06,0.7327431220293749,4.02366257112217e-18,-6.249287412245855e-18,-3.164645732515078e-06,0.9999999999949925,1.2732759597948227e-17,-7.831487586932279e-17,0.14216441670007463
307.86,-4.822180088403259e-07,3.083285603047787e-06,0.7356006609724528,-4.801397341211645e-18,-2.2254775700932516e-18,-3.1646457329446256e-06,0.9999999999949925,5.046209877806846e-18,5.845853597617983e-17,0.1431517947581895
307.88,-4.822180088402718e-07,3.0832856030478414e-06,0.7384808793624693,1.7599489676120214e-17,-2.2164742800229933e-17,-3.1646457333568113e-06,0.9999999999949925,1.8813293360594443e-17,-1.9782372075297043e-17,0.14429438565368713
307.9,-4.822180088401774e-07,3.083285603046994e-06,0.7413827953951804,1.3882585809395606e-18,-1.8370222691013424e-17,-3.1646457337829582e-06,0.9999999999949925,5.734161178704983e-19,-2.8532664519302565e-17,0.1453527415849809
307.92,-4.822180088404218e-07,3.083285603047439e-06,0.7443038364220251,-6.6724641287949646e-18,-1.8622082032022115e-17,-3.1646457342074242e-06,0.9999999999949925,-3.821228281047417e-18,2.909556319114556e-17,0.14627270496919698
307.94,-4.822180088412252e-07,3.083285603046848e-06,0.7472348284538276,7.242322108884328e-18,-1.7475078546461466e-17,-3.1646457346240505e-06,0.9999999999949925,-5.2559386314505357e-17,-6.292935311302433e-17,0.14658353792176282
307.96,-4.822180088414637e-07,3.0832856030464095e-06,0.7501726937613901,-1.9501713958632606e-17,-4.349391544594218e-18,-3.1646457350528525e-06,0.9999999999949925,2.408288475241795e-17,2.13843038056046e-17,0.14701294619408056
307.98,-4.822180088407901e-07,3.0832856030483657e-06,0.7531139439073478,2.5430234810122624e-17,-3.995636757762311e-17,-3.164645735470073e-06,0.9999999999949925,1.449566419022856e-17,7.615913389803067e-17,0.14705414172700992
308.0,-4.822180088426783e-07,3.083285603046392e-06,0.7560433359670701,-1.2670739650993662e-18,-2.0596720987812678e-18,-3.1646457358922892e-06,0.9999999999949925,-9.521282381509683e-17,-1.167003847613531e-16,0.14580474001159027
308.02,-4.822180088425353e-07,3.083285603046874e-06,0.7589300707485767,-1.304823462936298e-17,-2.2991690365167617e-18,-3.1646457363206537e-06,0.9999999999949925,3.491782110220012e-17,7.091557087436776e-17,0.14416792232183617
308.04,-4.822180088429062e-07,3.083285603047653e-06,0.7618191158724253,1.9729746666060422e-17,-1.3592206161987109e-17,-3.164645736736321e-06,0.9999999999949925,-4.559596163170305e-17,-5.907284023679077e-18,0.14461505085473503
308.06,-4.822180088436608e-07,3.0832856030462117e-06,0.7647177230334512,-6.349026409201379e-18,8.66510375547537e-18,-3.1646457371620077e-06,0.9999999999949925,-8.193204763635642e-18,-5.3242992750041045e-17,0.1450006111026081
308.08,-4.822180088429043e-07,3.0832856030477597e-06,0.7676272801786042,1.0263207170456583e-17,-9.9128826923592e-18,-3.1646457375867223e-06,0.9999999999949925,2.3364880782231813e-17,9.935373310555046e-17,0.14565706434076509
308.1,-4.822180088444462e-07,3.0832856030472883e-06,0.7705514446585855,2.596097830435897e-17,1.5279192143869764e-17,-3.164645738001927e-06,0.9999999999949925,-1.001925750280744e-16,-6.066916299701169e-17,0.1463894723018444
308.12,-4.822180088449027e-07,3.083285603046888e-06,0.7734834438829974,1.3132205239392863e-17,4.303319864827817e-17,-3.16464573843263e-06,0.9999999999949925,6.397299680877728e-18,1.5772229880435826e-17,0.146463378561279
308.14,-4.822180088434578e-07,3.0832856030473963e-06,0.7763892994203989,1.9660631942232167e-17,6.2190802799314684e-18,-3.1646457388514492e-06,0.9999999999949925,6.143803349178179e-17,2.46734810955957e-17,0.14465949924195032
308.16,-4.822180088436768e-07,3.0832856030458996e-06,0.7792572884455868,1.571276013986811e-17,1.4087826113279196e-17,-3.164645739271333e-06,0.9999999999949925,-2.260199018344625e-17,-9.751560621776836e-17,0.14328849191865833
308.18,-4.822180088424402e-07,3.083285603045662e-06,0.7821196254875112,-6.0422590150097664e-18,3.22054150474975e-18,-3.1646457396990925e-06,0.9999999999949925,8.061290585371946e-17,4.0169831214612157e-17,0.14302324237617237
308.2,-4.822180088420005e-07,3.0832856030465417e-06,0.7849890120390213,2.7415675723697395e-17,-1.659090771718069e-17,-3.1646457401157463e-06,0.9999999999949925,-1.5752049659246368e-17,8.184417928512955e-18,0.14368206449989485
308.22,-4.822180088429821e-07,3.0832856030440463e-06,0.787877539141673,-1.5827766342681087e-17,1.4537974492739748e-17,-3.1646457405416946e-06,0.9999999999949925,-4.059279224318936e-17,-1.2888977594366036e-16,0.144677594568976
308.24,-4.822180088429124e-07,3.083285603044187e-06,0.7907853664645446,-3.82610840592353e-17,2.3736170382174754e-17,-3.1646457409728212e-06,0.9999999999949925,2.1444014554041827e-18,4.2719722747876806e-17,0.1456149636985482
308.26,-4.822180088431578e-07,3.083285603045057e-06,0.7936804568765069,1.7269178073078738e-18,2.0794107101285756e-17,-3.164645741390073e-06,0.9999999999949925,-2.2046474576470853e-17,6.141788443211019e-20,0.14446461629368246
308.28,-4.822180088427328e-07,3.0832856030437024e-06,0.7965637167298556,-4.157442585995736e-17,3.042899678421019e-17,-3.1646457418168235e-06,0.9999999999949925,2.753566702631333e-17,-5.438483006014462e-17,0.1438645957408502
308.3,-4.822180088419707e-07,3.083285603045522e-06,0.7994165903904963,-2.296407969423994e-17,1.999333038528993e-17,-3.164645742240073e-06,0.9999999999949925,1.6182248065182305e-17,9.887671770988519e-17,0.14254357448875155
308.32,-4.822180088421122e-07,3.083285603045274e-06,0.8022654569408165,-1.2925768629715192e-17,2.478268008494259e-17,-3.164645742659231e-06,0.9999999999949925,-1.4688624265842857e-17,-6.477899466822428e-17,0.14237628113877854
308.34,-4.822180088408363e-07,3.0832856030452758e-06,0.8051225136353402,-4.222362139092158e-17,1.8093403783686138e-17,-3.164645743087356e-06,0.9999999999949925,8.239739495052335e-17,4.698590584367297e-17,0.14304120641913665
308.36,-4.822180088399077e-07,3.0832856030476373e-06,0.8079521115402911,4.059885103714125e-18,-6.138745490084362e-18,-3.16464574350544e-06,0.9999999999949925,1.9116966592989687e-17,8.837321077866784e-17,0.1410596744306547
308.38,-4.822180088404033e-07,3.083285603046177e-06,0.8107723685889114,-2.244507028849229e-17,1.3300543440115913e-17,-3.1646457439282306e-06,0.9999999999949925,-2.424900256299074e-17,-9.852933670706694e-17,0.14092799304966652
308.4,-4.822180088394064e-07,3.083285603047564e-06,0.8135801018242254,-2.2156915052306747e-17,4.282401279919842e-18,-3.1646457443552033e-06,0.9999999999949925,6.285819932929603e-17,1.2134584652040976e-16,0.1404601373891312
308.42,-4.822180088396709e-07,3.083285603048578e-06,0.8164063005437169,9.787754651209975e-18,9.605107028059568e-19,-3.164645744772666e-06,0.9999999999949925,-3.8096326636605034e-17,-1.8960532498707646e-17,0.1416415531324433
308.44,-4.822180088391156e-07,3.083285603046216e-06,0.8192523110014304,-5.29316481553911e-17,-2.2283664343485155e-18,-3.164645745198299e-06,0.9999999999949925,6.021833292770533e-17,-1.200623462140949e-16,0.14226059817643577
308.46,-4.822180088380617e-07,3.0832856030483242e-06,0.8220609645277452,-3.2226722978522995e-17,-2.5939496426589713e-17,-3.1646457456224006e-06,0.9999999999949925,3.094377769419161e-17,1.5303361624217808e-16,0.14019623549349491
308.48,-4.822180088390425e-07,3.0832856030488147e-06,0.8248687725287055,-7.162006522386151e-18,-1.665288817935536e-17,-3.1646457460391057e-06,0.9999999999949925,-5.291491980707494e-17,-5.186005734428337e-17,0.14053743011271935
308.5,-4.82218008839268e-07,3.083285603048687e-06,0.8276980119029058,-3.399602291837004e-17,-1.630531125386973e-18,-3.1646457464670983e-06,0.9999999999949925,1.4662644760307312e-17,5.2448848106299484e-17,0.141804763561848
308.52,-4.822180088385161e-07,3.083285603052171e-06,0.8305550318612334,3.676691974192618e-17,-3.49946156698079e-17,-3.164645746887065e-06,0.9999999999949925,3.403168857368981e-17,1.721647530358047e-16,0.14319448982107463
308.54,-4.822180088390952e-07,3.0832856030514845e-06,0.8334320065235878,4.1872545814103974e-17,-3.368427195734216e-17,-3.1646457473057664e-06,0.9999999999949925,-2.974416746104627e-17,-8.893305142461666e-17,0.14400700946605172
308.56,-4.822180088396225e-07,3.0832856030513287e-06,0.8363252324920291,1.9423381146178486e-17,-1.7753801664820955e-17,-3.1646457477341224e-06,0.9999999999949925,-1.1204477847509887e-17,5.509270511053218e-17,0.14489018221800487
308.58,-4.822180088398407e-07,3.0832856030532053e-06,0.8392365254975224,9.038472764463731e-17,-3.986213286623365e-17,-3.1646457481493002e-06,0.9999999999949925,-8.158645914973438e-18,8.383077984096477e-17,0.1457841892176237
308.6,-4.822180088405065e-07,3.083285603050901e-06,0.8421639007344112,6.488806527716118e-17,-3.1571444640430826e-17,-3.1646457485734147e-06,0.9999999999949925,-1.9883302077083453e-17,-1.3240303605635956e-16,0.146537405297531
308.62,-4.82218008841122e-07,3.0832856030492738e-06,0.845066375886284,2.1792454427580378e-17,-2.4201756924630914e-17,-3.1646457489992927e-06,0.9999999999949925,-2.907362361776659e-17,-1.845715780174446e-17,0.14468850643940545
308.64,-4.822180088422918e-07,3.08328560304864e-06,0.8479529575247239,5.401669047663224e-17,-2.3709768519608245e-17,-3.1646457494164404e-06,0.9999999999949925,-5.911923215793957e-17,-6.476473963988071e-17,0.14428016556420342
308.66,-4.822180088430641e-07,3.0832856030460957e-06,0.8508466428120629,5.223190211454028e-18,-3.5302968813773736e-18,-3.1646457498439874e-06,0.9999999999949925,-1.5908137011286213e-17,-8.475581398046829e-17,0.14486519830753108
308.68,-4.822180088432876e-07,3.0832856030473705e-06,0.8537562286117564,4.12145367099399e-17,-1.1374171744320707e-17,-3.1646457502654867e-06,0.9999999999949925,-2.227112789785887e-17,8.624865403402004e-17,0.145685300547016
308.7,-4.822180088442222e-07,3.0832856030462422e-06,0.8566817576163939,5.811704015077132e-17,-3.368839453544418e-18,-3.1646457506828037e-06,0.9999999999949925,-3.730032824972284e-17,-8.433737979399065e-17,0.14646711366183007
308.72,-4.822180088445749e-07,3.0832856030436757e-06,0.8596215656835015,-1.1405750714480557e-17,1.641331377581529e-17,-3.1646457511140684e-06,0.9999999999949925,-2.019908645599679e-17,-1.0914956064291906e-16,0.1471561109133379
308.74,-4.822180088447349e-07,3.0832856030433835e-06,0.8625618118385627,-3.551942039963887e-18,7.073282711535373e-18,-3.1646457515315723e-06,0.9999999999949925,-1.5399487949110646e-17,3.8342346314486184e-18,0.1468537374101908
308.76,-4.822180088450862e-07,3.083285603042204e-06,0.8655002129440652,-7.536462265915209e-18,1.9807886330608587e-17,-3.1646457519541252e-06,0.9999999999949925,-1.4368229156770673e-17,-8.734275241289912e-17,0.14699310270822608
308.78,-4.822180088441734e-07,3.083285603042683e-06,0.8684465313014694,-2.0805336402573943e-17,1.0373560837402316e-17,-3.164645752381883e-06,0.9999999999949925,5.891601795298982e-17,6.854868951660326e-17,0.14742980888716728
308.8,-4.822180088432341e-07,3.0832856030437486e-06,0.8713881311052173,2.4942102133646184e-17,-2.590129379392782e-17,-3.1646457527963873e-06,0.9999999999949925,3.423404311434623e-17,2.3721097065747883e-17,0.14652350790704816
308.82,-4.822180088436031e-07,3.083285603042695e-06,0.8742858110843744,1.1993312400372563e-18,-4.9703042752825624e-18,-3.164645753222288e-06,0.9999999999949925,-1.05388150163943e-17,-3.981719945731387e-17,0.14466808093983596
308.84,-4.822180088433516e-07,3.0832856030435656e-06,0.8771657720707375,3.484638337289134e-18,-1.3410272949684345e-17,-3.1646457536467143e-06,0.9999999999949925,6.677195587043528e-18,5.518830109642975e-17,0.14367356492321903
308.86,-4.82218008844379e-07,3.0832856030426123e-06,0.880039996497476,8.196046328033621e-18,-1.8622076258320282e-18,-3.164645754063615e-06,0.9999999999949925,-6.017500850655014e-17,-8.247364628564906e-17,0.14377530838648456
308.88,-4.822180088442753e-07,3.0832856030416047e-06,0.8829216929321201,-3.198446273410832e-17,7.540945841291671e-18,-3.164645754491597e-06,0.9999999999949925,3.7709101434490686e-17,-1.6679081729846727e-17,0.14425851387277477
308.9,-4.822180088438969e-07,3.083285603043459e-06,0.885814703321092,7.761764117229879e-18,-1.2764614381921707e-17,-3.16464575491087e-06,0.9999999999949925,-1.8072937518194696e-17,9.322105203582882e-17,0.14461238950492783
308.92,-4.822180088448419e-07,3.0832856030424962e-06,0.8886807807300835,4.470927191066827e-18,7.300046039914006e-18,-3.1646457553329655e-06,0.9999999999949925,-2.5645810260443652e-17,-8.211394472752988e-17,0.14314202820855382
308.94,-4.822180088434107e-07,3.083285603042944e-06,0.8915392667141347,-1.0933887216433889e-17,-1.9359733220142752e-17,-3.164645755758302e-06,0.9999999999949925,7.51410236042323e-17,6.589583770348315e-17,0.1428251191726293
308.96,-4.822180088442828e-07,3.0832856030436605e-06,0.8944046787099081,1.842917799077229e-17,-1.402268100350037e-17,-3.164645756175827e-06,0.9999999999949925,-7.275901229188509e-17,-1.1194165335675299e-17,0.1434785013239459
308.98,-4.822180088451603e-07,3.083285603042074e-06,0.8972596253151632,-1.1411294436609094e-17,1.1356452104380221e-17,-3.164645756601282e-06,0.9999999999949925,-1.2305933894464996e-17,-5.238835416494033e-17,0.14251912689604573
309.0,-4.822180088442621e-07,3.0832856030437134e-06,0.9001170405921985,5.825646684594716e-18,-9.921409460370877e-18,-3.164645757026246e-06,0.9999999999949925,4.159001235102928e-17,9.237076140475471e-17,0.14307734477412293
309.02,-4.822180088454233e-07,3.083285603042731e-06,0.9029943020538379,5.003568454592389e-18,5.194345647995709e-18,-3.164645757442639e-06,0.9999999999949925,-8.150109659429013e-17,-9.667409524829316e-17,0.14413277605183072
309.04,-4.822180088459835e-07,3.083285603041746e-06,0.9058809546774205,-2.808926053798084e-17,3.4292504922833186e-17,-3.164645757873017e-06,0.9999999999949925,6.2002116349618205e-18,1.7532619052635845e-19,0.1442908536375298
309.06,-4.822180088449146e-07,3.0832856030433894e-06,0.9087742852192665,-2.3030146102565502e-18,5.437271566055025e-18,-3.164645758293764e-06,0.9999999999949925,3.4419021582109656e-17,6.288655129620266e-17,0.14482111478575366
309.08,-4.822180088452893e-07,3.08328560304221e-06,0.911644372563865,-1.0342982636473452e-17,1.4600891422262686e-17,-3.1646457587124287e-06,0.9999999999949925,-2.3797308290534986e-17,-8.935040924353737e-17,0.14311723553107614
309.1,-4.822180088444572e-07,3.0832856030426686e-06,0.9145082579695867,-2.5852614832198338e-17,1.3782574516972284e-17,-3.164645759141451e-06,0.9999999999949925,4.8351708706642275e-17,6.805138306233696e-17,0.14329996408285472
309.12,-4.822180088442228e-07,3.0832856030440916e-06,0.9173405445798695,8.574315415268022e-18,1.0949662966178872e-18,-3.1646457595598314e-06,0.9999999999949925,-3.734324095255293e-18,2.8987768939914434e-17,0.14116635508970576
309.14,-4.822180088442293e-07,3.0832856030425026e-06,0.9201561494733985,-2.057137249025909e-17,9.229652777417467e-18,-3.1646457599836134e-06,0.9999999999949925,1.2250218156342536e-17,-7.452060543877816e-17,0.14068725902345314
309.16,-4.82218008843064e-07,3.0832856030442513e-06,0.9229797882946806,-7.521139259091544e-18,-8.455054417868032e-18,-3.164645760410673e-06,0.9999999999949925,5.4334843315042696e-17,1.1736223594723266e-16,0.14133264696751802
309.18,-4.822180088437828e-07,3.0832856030449763e-06,0.9257605879286176,2.6823152236906004e-17,-2.517660172917997e-18,-3.164645760828885e-06,0.9999999999949925,-5.822849652555662e-17,-3.4290919289111672e-18,0.13849252084594532
309.2,-4.822180088436886e-07,3.0832856030432382e-06,0.9285085848498795,-1.8994314057704306e-17,6.6876610337833465e-18,-3.1646457612567967e-06,0.9999999999949925,4.768097343136405e-17,-7.893564517102961e-17,0.13644755601172065
309.22,-4.822180088428166e-07,3.083285603045019e-06,0.9312056252179091,6.639088725819916e-18,-1.5959511869586716e-17,-3.1646457616795716e-06,0.9999999999949925,4.6777071083686365e-18,1.2670432459007437e-16,0.13483960241938986
309.24,-4.822180088441036e-07,3.0832856030438214e-06,0.9339265696485404,1.5915449292543635e-18,5.7947281350924946e-18,-3.1646457620975946e-06,0.9999999999949925,-5.825225795958361e-17,-1.215282523885569e-16,0.1365499189813657
309.26,-4.822180088431018e-07,3.0832856030434818e-06,0.9366853713450269,-2.4427661015775847e-17,-7.102684459855521e-18,-3.164645762525643e-06,0.9999999999949925,7.041381971164933e-17,4.680874733247633e-17,0.138331843698547
309.28,-4.822180088428371e-07,3.0832856030452084e-06,0.9394790699624062,1.3637100158755571e-17,-2.6302244798173096e-17,-3.164645762941876e-06,0.9999999999949925,-2.5912649778600586e-18,5.492816827283834e-17,0.14014481105965038
309.3,-4.822180088432845e-07,3.0832856030442864e-06,0.9423023622969559,1.1826587600872455e-17,-2.181225755176469e-17,-3.164645763361968e-06,0.9999999999949925,-2.0264294111083803e-17,-6.190795572340981e-17,0.1414444784424762
309.32,-4.822180088436982e-07,3.0832856030445422e-06,0.9451511601749932,-7.771494892861423e-18,-6.403952423838971e-18,-3.1646457637911278e-06,0.9999999999949925,-9.652589062354676e-18,5.282563563398145e-17,0.14277771836644915
309.34,-4.822180088440664e-07,3.0832856030452648e-06,0.9480123415710839,2.7474730246894606e-17,-1.994455869825635e-17,-3.1646457642073466e-06,0.9999999999949925,-2.9034558816725133e-17,6.621766638680821e-19,0.143111544436203
309.36,-4.822180088448018e-07,3.083285603043671e-06,0.9508868336889552,-3.2669411839993975e-18,1.0916884614834572e-18,-3.1646457646335325e-06,0.9999999999949925,-1.1035952540606179e-17,-6.575938942025724e-17,0.14396396733843408
309.38,-4.822180088443238e-07,3.0832856030446905e-06,0.9537776323285952,2.1548545149351856e-18,-1.4182497523167098e-17,-3.1646457650586118e-06,0.9999999999949925,1.954262769397124e-17,6.984971085993994e-17,0.14461130088593288
309.4,-4.822180088452916e-07,3.083285603044288e-06,0.9566522806176748,2.0909177830759675e-17,-6.996315077869841e-18,-3.1646457654765742e-06,0.9999999999949925,-4.5297179670516546e-17,-5.508039236238687e-17,0.14364628946879066
309.42,-4.822180088450134e-07,3.0832856030432797e-06,0.9595269625538405,-1.299868856727739e-17,-4.589370588561746e-18,-3.1646457659048265e-06,0.9999999999949925,3.1429701995601386e-17,-1.3142314586999791e-17,0.14379672697437673
309.44,-4.822180088450815e-07,3.083285603044796e-06,0.9624142773855701,1.8521272479553125e-17,-1.4019266223343676e-17,-3.1646457663237368e-06,0.9999999999949925,-2.459373647879506e-17,6.971419559651301e-17,0.14458417009336477
309.46,-4.822180088462914e-07,3.0832856030432116e-06,0.9653018628540664,6.394165374776346e-18,8.157003477761647e-18,-3.1646457667429656e-06,0.9999999999949925,-5.28933775080125e-17,-1.0566485713294844e-16,0.1437692894793785
309.48,-4.822180088457176e-07,3.0832856030437744e-06,0.9681454655933368,9.855225394893283e-19,4.517637636828472e-18,-3.1646457671711602e-06,0.9999999999949925,4.365148311750642e-17,9.511176600651623e-17,0.14202646913967776
309.5,-4.822180088460738e-07,3.083285603044347e-06,0.9709954640392349,2.6422426206159093e-17,-2.7767667618773716e-19,-3.1646457675895458e-06,0.9999999999949925,-3.830347685478936e-17,-3.176013567978242e-17,0.14273686861957513
309.52,-4.822180088462886e-07,3.083285603042418e-06,0.9738483179326686,-3.4609972810633246e-18,1.0347663603065432e-17,-3.164645768013825e-06,0.9999999999949925,7.864081370374536e-18,-8.417858926113852e-17,0.14209004656251523
309.54,-4.822180088456467e-07,3.083285603043374e-06,0.9766673365361587,-9.353010333156851e-19,2.531520222557918e-18,-3.16464576844072e-06,0.9999999999949925,2.4500515430845795e-17,8.080759864772989e-17,0.14081501507797745
309.56,-4.822180088462718e-07,3.083285603042588e-06,0.9794953798561195,3.0794335400748333e-18,6.183660493630394e-18,-3.164645768857912e-06,0.9999999999949925,-4.4661852762789715e-17,-8.903900620018843e-17,0.14168220033038414
309.58,-4.822180088459791e-07,3.083285603041775e-06,0.9823421190051796,-1.993727688050151e-17,1.3816435001440759e-17,-3.164645769285603e-06,0.9999999999949925,3.1085913443950866e-17,3.004196478797787e-18,0.14253580862743087
309.6,-0.0002308599863563979,6.101917872745374e-05,0.9850594342280325,0.0016043821029956618,0.0064229066220467266,0.00014338135086518962,0.9999780755948504,-0.020990425436512496,0.005250276764785831,0.1303095135799623
309.62,-0.0009141633440028899,0.0002279008776993697,0.987156296914261,0.006421107934558681,0.026154297699206644,-0.00023403533784293598,0.9996372678688078,-0.04134063272964464,0.008123990022981337,0.09510353041284698
309.64,-0.0016190869563012895,8.71972657845975e-05,0.9888647743924438,0.0035935937701040413,0.05016511413046881,-0.0002779977133736056,0.9987344342343284,-0.03866105947402477,-0.010135808628705851,0.08032676904108683
309.66,-0.0017750095264505855,-3.976458893104913e-05,0.990457113702902,0.0016837860770094616,0.06591252107378591,-0.00012863230492044837,0.9978239764025891,-0.0098485561599038,-0.00281729677913651,0.07793671751654943
309.68,-0.0015740954030808042,-4.137377404285107e-05,0.992083332198506,0.002986347438906791,0.07995342797376044,-0.00017402670613909024,0.9967941115390502,-0.0004305461316659601,-0.0003739633781899447,0.0836061827786377
309.7,-0.0009545431941523881,-0.00013663192737480966,0.9936187160488232,0.0016841945159720804,0.08975238974573764,6.926166151721705e-06,0.9959626860358725,0.023743908345625696,-0.005287466946628721,0.07999506809521136
309.72,-5.3003976682243145e-05,-0.0002179727366069324,0.9951161710188606,0.0006581899179363552,0.0984966971148973,0.00015155344200016167,0.9951371485755329,0.03142529938915193,-0.00299155692290385,0.08286887649650806
309.74,0.0012274057041068713,-0.00023078241870412062,0.9964380192394164,0.0012226463203652551,0.1019562293168468,0.00029186560065731706,0.9947880916325532,0.055002308932895594,-0.0004061254356368762,0.07605591675658231
309.76,0.0026173747664563073,-0.00029592511259064806,0.9977240798194864,0.0001599223240287736,0.10673109787927218,0.0004943509276469145,0.9942877867033748,0.05353243123719166,-0.003937440683047331,0.07800911488525489
309.78,0.004124800318018117,-0.0003455556128426145,0.99905350127624,-0.0006902112049030952,0.11184289931214506,0.0005050601323513158,0.9937255327283327,0.06264145768852378,-0.001786918665869715,0.0824910110594869
309.8,0.005930851562633997,-0.00034717427199279207,1.0003664592320787,-0.0005231126995840529,0.11188444618499131,0.0006400515741323143,0.9937208800206242,0.07581990131145479,-0.00022220183945915545,0.08447317061936577
309.82,0.00784572607497713,-0.00035338476988221336,1.001632325209536,-0.0007030724973496873,0.11099475993422547,0.0007378121166994406,0.9938204689930106,0.08214524458174058,-0.00010232549804053731,0.0811536771639365
309.84,0.009877259406704291,-0.0003249751959731995,1.0027146557990243,-5.329297132160653e-05,0.10735856471745517,0.0009124092476555406,0.9942199471198674,0.08653995638935771,0.0012750621251357039,0.07331725221419051
309.86,0.011846578229714059,-0.0002870215460888255,1.0036341309756767,0.0008540379224707363,0.10474792692815225,0.0010686322102089463,0.9944978634711493,0.08401547231535958,0.0011774337913307642,0.06390065832335964
309.88,0.013610448662723028,-0.0003050974175178621,1.0044738126505381,0.00034815828344255333,0.10669233432084614,0.0011006293580951216,0.9942914126140256,0.07732207805729621,-0.0012368022054358577,0.05798946285382317
309.9,0.015378274628778487,-0.0003180491011528287,1.0052188092013725,7.320919590834712e-05,0.10771200432116824,0.001211463357959192,0.9941813974934668,0.07854721654436678,-0.0006410612875500154,0.05457115624297314
309.92,0.017123238014831624,-0.0003276507584591236,1.0059264798242364,-0.00014060063589528408,0.10911751079830867,0.0012855817149760016,0.9940280158769652,0.07725108249879546,-0.0008085535835021836,0.05300992759361375
309.94,0.018921822014184846,-0.0003297942182962884,1.0065618041742646,-0.00019904580758605927,0.10892411821236281,0.0013966439894163693,0.9940490663131235,0.08259732179029211,-9.342168502459267e-05,0.04953563833284156
309.96,0.020683805144860776,-0.00033783965311034666,1.0071854391971728,-0.00048477392738671324,0.10981338947550964,0.0015318624755719485,0.9939509232771482,0.07746021758041506,-0.0009179184768269861,0.04971846982820838
309.98,0.022408106098237915,-0.0003493136111665492,1.0078411779034837,-0.0009463399164540547,0.11194583392006888,0.0015595249610452229,0.9937126358211406,0.07772574755510121,-0.0007100478062775101,0.051543933994430934
310.0,0.024239713072613175,-0.00033823325576443314,1.0084901689400867,-0.0009010695804530019,0.11157186744440017,0.0016557772988315912,0.9937545797983106,0.083420570695876,0.000481994415596275,0.051904852730395044
310.02,0.026085782252022932,-0.0003237093214257837,1.0091301104268617,-0.0008580490003771123,0.1111456678824142,0.0017946313809424545,0.9938021350153619,0.08169643683762691,8.377322573899638e-05,0.05164936816649003
310.04,0.027915609002608442,-0.00030701296170267556,1.0097304908207214,-0.0008043737734479053,0.11111761632533386,0.0018476224025776704,0.9938052196564807,0.0840619914676704,0.0007986854553221071,0.04839785183260661
310.06,0.029797264659048965,-0.00027579606932600585,1.010243844082743,-0.0003668586310791798,0.10936909257827943,0.001978937009783026,0.9939991704280541,0.08647014958463842,0.0011778630330876129,0.04480686878302372
310.08,0.03155576297356839,-0.00027558986095890353,1.0107698290508893,-0.0007513338555735911,0.110750404167763,0.0020687597126239103,0.9938458148562915,0.07801396148376066,-0.0008181439497192616,0.04502095577692437
310.1,0.03335371353448925,-0.00026310393674580223,1.0112699470800672,-0.0007816746091985894,0.11078784770180126,0.0021350277445009187,0.9938414780250108,0.08486522215928713,0.0008349581817631383,0.04354893131633012
310.12,0.03517264136873462,-0.00024404116698412172,1.0117635660858018,-0.0006645511317870095,0.110284710490745,0.0022912026212350118,0.9938971734512149,0.08145049913321847,0.00012725558792398884,0.04437930453155964
310.14,0.03694970734909524,-0.00022953764358702152,1.0122456917458391,-0.0006786316100840426,0.11078639227965095,0.002327998099196574,0.9938412826853427,0.08284004836097311,0.0006522712353776202,0.04215982467147981
310.16,0.03879634983040857,-0.00019769646818378308,1.0126469916925758,-0.0002082460155451572,0.10907923011895618,0.002461346445852958,0.9940299894690936,0.08618885685904146,0.0011457172122782287,0.03903693032615124
310.18,0.040520638986866975,-0.0002000989669105481,1.0130742930544505,-0.0006355355554650103,0.1105694486412089,0.0025613549814585143,0.9938648965439899,0.07726473031880193,-0.0010571344275281346,0.03996207768382316
310.2,0.042261270739831394,-0.00019509138631609063,1.0135127060765905,-0.0008418471451056278,0.11152564722352126,0.0026087452982145685,0.9937577751910814,0.08218912106453316,0.00034286753943446846,0.04058254064789175
310.22,0.04406524697598521,-0.00017465585365084593,1.0139492810048236,-0.0006760815572270774,0.11097031369503345,0.002746793774864213,0.9938196956772954,0.08232345437224695,0.00026059555662419186,0.04154400061244443
310.24,0.04580264663283236,-0.00017313345751090043,1.014419427005756,-0.0010590224924039095,0.11245523977158862,0.0028003205353674373,0.9936522810944352,0.07915280026207018,-0.0005264567289895818,0.04243593335738874
310.26,0.04763923074915032,-0.00014635894685580673,1.0148441473937346,-0.0007877903005305015,0.11127929026026313,0.0028939837737109965,0.9937846465927777,0.08711562802295934,0.001253127113746253,0.04041835221995256
310.28,0.04944318433082942,-0.00012948622265279128,1.0152733206540323,-0.0008223906796657838,0.1111211987985829,0.003033024833634173,0.9938018935439268,0.08097177044558657,-0.0002053360511150687,0.04104673322983122
310.3,0.0511991039604041,-0.00011855996173769622,1.0157093512116386,-0.0010212143794746352,0.11218998281751202,0.0030513002242606806,0.9936815659171397,0.08214957558013833,0.0003656102944792255,0.04045840749240737
310.32,0.05301591651719095,-9.272743134434476e-05,1.0161113105653345,-0.000837020988984167,0.11157339322765189,0.003160826592439718,0.993750817103958,0.08393620991903682,0.0005644343402144236,0.0396820701188952
310.34,0.05483668595676652,-6.579684782563361e-05,1.0164696764996997,-0.000628104773176179,0.11070067286706894,0.0032431781799371275,0.9938483024619327,0.08564426284926012,0.0009260254054040823,0.03662628955731563
310.36,0.05662301698465295,-4.310429416860579e-05,1.0167864586331135,-0.0005079679406793057,0.11045265939567799,0.0033322742599826345,0.9938756702672875,0.08306328469497637,0.0004403229801150776,0.03445794586962951
310.38,0.05834768046184993,-3.410859932871589e-05,1.017081885724437,-0.0007207579705786135,0.1115598285314348,0.0033858832334328114,0.9937516897901177,0.08045646855703026,-0.00029546381080645343,0.03321890946391369
310.4,0.060086093959049874,-2.2961537188302337e-05,1.0173608214341447,-0.0008615695774702893,0.11216375277181102,0.0034556031622241267,0.9936833545293956,0.08220160559715581,9.186307397012004e-05,0.03281046601823006
310.42,0.06184191822064318,-4.271730727436039e-06,1.0176234096789187,-0.0008231496522455368,0.11233991663759646,0.0035351913821398944,0.9936632065123472,0.08253338138254578,0.000279541559530044,0.0322449347282586
310.44,0.06358327255369031,1.0171526557944533e-05,1.0178738194980177,-0.0009245857940589777,0.11296752948717528,0.0035911015230528126,0.9935917604391276,0.08204524735734087,3.3718060718539454e-05,0.03151153887937306
310.46,0.06538867978503428,4.0528176934879165e-05,1.018063334476946,-0.0006044668453044582,0.11174327381642259,0.003678443027623529,0.9937301164971873,0.08744185947850756,0.0011491023871817978,0.028578488986695204
310.48,0.06713941322058577,5.4942850260506706e-05,1.0182594429769192,-0.0007141926759040876,0.11199643331610941,0.0037945001700678926,0.9937011072861655,0.08114288076606266,-0.0003789599696047067,0.029253152475636868
310.5,0.06890914896204563,7.835293540597352e-05,1.018424063899771,-0.0005543813523693808,0.11147596369110264,0.0038462847732841305,0.9937595324191355,0.08723188657569109,0.0011033587095828482,0.026649991329948823
310.52,0.0706756752692696,9.89732583368085e-05,1.018582246007272,-0.00045878856700642484,0.11094273799784811,0.004005075796510561,0.9938186241797121,0.08202517051668057,-0.00020697870890487227,0.02767999203201822
310.54,0.07234141948826335,9.515665252765278e-05,1.0188141405977436,-0.0010049931315481678,0.1132085981006112,0.004026189987435433,0.9935625763378394,0.07885027724927703,-0.000806492686586012,0.03078871840738793
310.56,0.07420899757440204,0.0001457492876347991,1.018994980631278,-0.00010866163585087583,0.10998486558891145,0.003954394441154334,0.993925389704198,0.09558757111873066,0.0034168584110866596,0.027292488928729836
310.58,0.07622720960836851,0.0003128482497883106,1.0188535983531712,0.004025370892927737,0.10152104359630269,0.0038714490160755054,0.9948177149502354,0.09548536642714758,0.007967463880366827,0.009553208669736999
310.6,0.07770780466450537,0.0003429513644026763,1.0185213831582036,0.004863946141073147,0.10560028746322589,0.0034731649578085668,0.9943906970807785,0.07139783184209444,-0.0027422792663907595,-0.003063190440680299
310.62,0.07916227485350509,0.00020419286571751836,1.0182079876590575,0.0018233741603887726,0.10904574461895626,0.003774185571429217,0.9940278951872734,0.07698303818234066,-0.0070602544056966865,0.0022545391684863835
310.64,0.08075802211086139,0.0001900098351665158,1.0180430125418807,0.002331372128704511,0.10909565987205391,0.003988194345821951,0.9940205209184259,0.07888667531987724,-3.163714183081975e-05,0.01167658833983205
310.66,0.08234603866413127,0.0001666537683252441,1.0180155452432926,0.0024724842288907293,0.11015739392731741,0.004000771402545515,0.993903028073194,0.0784390525453824,-0.0028282520843168164,0.016730538997442396
310.68,0.08394272676870258,7.46522306773067e-05,1.0180609271191203,0.000771842074348073,0.1116923419108688,0.0042552645511381906,0.9937334238828227,0.07683009138335714,-0.005246220465785447,0.02095557753924661
310.7,0.08556540455322688,3.6615881768324956e-05,1.018184714555284,0.000374628666793107,0.11335672073357467,0.004339288820150622,0.9935448072887442,0.07840306020734654,-0.001749740089808784,0.025194114739346844
310.72,0.08726967373534521,1.681368876404228e-05,1.0183537223901544,0.00019589158701496033,0.11367679577119749,0.004393379687705334,0.9935080502666294,0.08177736563870959,-0.0020538300425556187,0.028079882255161077
310.74,0.08912167581751378,1.2331743018560347e-05,1.0184476515050755,0.0002654944557771851,0.1102890024031474,0.004632191574328331,0.9938887303228824,0.09026625892828591,-0.0007668449374964824,0.024479425166648302
310.76,0.09079827571545135,-5.932661535865316e-06,1.0186091862235267,-0.00017976007532578174,0.11192645625671285,0.004729981806452653,0.993705219543623,0.0764666523835157,-0.002125365470479882,0.027178152473921746
310.78,0.09246541120891819,-3.18212924539858e-05,1.0188715095347416,-0.0009572007637962224,0.11409270896183964,0.00474305614801958,0.9934583237090641,0.08061618766322157,-0.0017305151963777012,0.03302439884094107
310.8,0.09432391211556448,-1.3953428512489866e-05,1.0191590195331512,-0.0007192162828732412,0.1116266279779648,0.004950864366188527,0.9937376251286026,0.08807390724137656,0.00028281364703383236,0.03541593800474774
310.82,0.09608409566935107,-7.530513878184997e-06,1.0195249050600141,-0.0009518660241181309,0.112331631399551,0.005000687360894593,0.993657733660895,0.0797700402274544,-0.0008801447617991474,0.03776609332827775
310.84,0.09799875480439257,3.919312515838401e-05,1.0197273496642403,-0.00015531520026121782,0.10823560244873505,0.005067314352815416,0.9941123440361244,0.09414830904120233,0.0018786649109217434,0.028799294519966094
310.86,0.10000158170753183,0.00016874900701435136,1.0196544857278376,0.002933729572493648,0.10030592580354038,0.00500130962407686,0.9949397476136604,0.0971361624594532,0.006645585507290036,0.012685604717837851
310.88,0.10170264418694334,0.00030246060957126716,1.019228654701747,0.0064506835686191,0.09788282545429591,0.0044831040020704965,0.9951669422469217,0.09028755842321358,0.005644687756304892,-0.011871033094049304
310.9,0.10334177356178048,0.00037217659984283946,1.0182591009449034,0.008873243968982548,0.0934188470672795,0.004312356429079047,0.9955780171016814,0.084499269515328,0.0004099612502973366,-0.03759979856451547
310.92,0.10452912758913417,0.0003086201117474431,1.0170527688174065,0.008475425641998668,0.09818756276811934,0.004184410947017062,0.9951230378113403,0.06758964244273258,-0.006498206443886526,-0.04990723740249384
310.94,0.10570709599427291,0.00015690712186682346,1.0158352548542902,0.006309986098075578,0.10154813356760974,0.004338248135732198,0.9948011561349784,0.07364040854079128,-0.008346600643793773,-0.04766903800632453
310.96,0.1070257312854449,9.294578705833594e-05,1.0146192635511577,0.006710597043691531,0.10079234575728215,0.0045868685299774396,0.9948742792740952,0.07377743916359283,-0.0036899586502675296,-0.04489989076374628
310.98,0.10808157934172459,-2.565756046708049e-05,1.013649175457834,0.00561024234447315,0.10796517876040879,0.004472900904875736,0.9941287836661629,0.059416708821146136,-0.008864398898649954,-0.03273707952976235
311.0,0.10942953145236763,-0.00018068830196875965,1.0127202098967163,0.003514611617682281,0.10804128758640756,0.004890403509601909,0.9941281666039652,0.08030163111968625,-0.00789871028391576,-0.029711068109232512
311.02,0.11076692331215825,-0.00026691885187889365,1.0119879546164796,0.003001542053182728,0.11021819839616126,0.0051384062295392816,0.9938895996382232,0.06894643875409014,-0.004759867974006176,-0.01805952901709258
311.04,0.11204379085109956,-0.00037818739586162233,1.0115849181752306,0.0014352586702420305,0.11617016700662842,0.0050979530288441715,0.9932152048801495,0.068621526604505,-0.006730166769351388,-0.0005150269501772237
311.06,0.11363574200114987,-0.0004676794326697616,1.0114420425174815,0.00010351605715836263,0.11625257005333312,0.005398678817824035,0.9932050057804999,0.08159897594927648,-0.004451187915355245,0.015099532942295966
311.08,0.11535578212267647,-0.0004886573475297905,1.0115077578848457,0.00016010024526269371,0.11536533703975456,0.005575268180644009,0.9933074699016057,0.0836141080611825,-0.0012484805035380409,0.024659706814137712
311.1,0.11706814244674688,-0.0005209588298842375,1.011702857717407,-0.0004656454720737079,0.1162711464114534,0.0056942562486212295,0.993201076888379,0.08008515907734078,-0.0032201807158296738,0.030520503520577308
311.12,0.11890027353123624,-0.0005388350132252089,1.0119118878093354,-0.0009632863577487428,0.11475754129165384,0.005769883841155229,0.993376306963553,0.0925852315163605,-0.0005302360205420959,0.02969618080053572
311.14,0.12099159545773944,-0.0004324784824625011,1.0118757846463287,0.001656697407307179,0.10572826368354286,0.005586390377867169,0.9943779874145998,0.10391584786983796,0.005639581814870779,0.017463939507460877
311.16,0.1230462770412797,-0.00020283289119002972,1.0113164286296341,0.007722892616734614,0.0949824808997586,0.005112011206541105,0.9954358606124161,0.10058322662082649,0.010888147928810522,-0.016250586752166615
311.18,0.12435300721668902,-0.00016727731171764369,1.0103241457896686,0.009169007294252287,0.10071735433406438,0.004422753761096538,0.9948629971460157,0.066756616541032,-0.005049333546264147,-0.03984387426183825
311.2,0.12553389853518507,-0.0004266648914517144,1.0093222536734523,0.003623724255984607,0.10730047336099707,0.004737184508278938,0.9942087487655482,0.07076079056104606,-0.014358668193335214,-0.034357815188371006
311.22,0.12695665291149189,-0.0005045399542799419,1.0084635134842503,0.003265119468470138,0.10730161469107721,0.005071375665611397,0.9942082194532503,0.07938565691059563,-0.0017027716549892964,-0.023636598029066033
311.24,0.12829295899457943,-0.0005428396871151891,1.0079258174651584,0.0036424353912253076,0.11112187818386142,0.0049695635346113905,0.9937876857214459,0.068234234283232,-0.004846261012043774,-0.007566017974472809
311.26,0.12975055278509423,-0.0006863114196117564,1.0076171262053695,0.0010721317114229026,0.11328211500304261,0.005239258274117031,0.9935484704465947,0.07878567036455877,-0.007416780525077759,0.0032410989968430365
311.28,0.13145383810827435,-0.0007039531685678194,1.0074099786344601,0.0016230877300337423,0.11040244315034081,0.005363550728810108,0.993871167936889,0.08917526301924814,0.000749001873604064,0.00908195766977028
311.3,0.1332297821226823,-0.0006156393743386763,1.007105818676652,0.004743224936145912,0.10588512012509177,0.005193477924345161,0.9943534939549161,0.08599419006023108,0.00282056316459067,0.0023585213827650156
311.32,0.13466262922630537,-0.0006947704641748309,1.0067862374779897,0.003478456281898322,0.11026294396612972,0.005121770262034259,0.9938831676807893,0.07124470390108086,-0.007402792804339431,6.879300881052371e-05
311.34,0.13616732302694176,-0.0008250279571420077,1.006582256454756,0.0010694953540728166,0.11292528721431172,0.005454019125859593,0.9935879374079718,0.077744393392852,-0.00579970173748908,0.009504812025075481
311.36,0.13779986736746536,-0.0008482177981342058,1.0065687297417474,0.0013236626034221226,0.11349469268914661,0.005600293566081022,0.9935219370304221,0.07922958423835279,-0.0016955369368760163,0.02041272674231971
311.38,0.1394319883655196,-0.0009160747576692186,1.0067546692296823,6.916203416827318e-05,0.11565026128177056,0.005718933766023051,0.9932735303422975,0.07720376160790206,-0.005116506435071284,0.029849419109727954
311.4,0.14134255697777806,-0.0009316694944503529,1.0068895557386195,-2.078347490756521e-05,0.11100413489712657,0.005857174157345952,0.9938026841957502,0.1003439788180653,0.0003981249053141061,0.02480331697491903
311.42,0.14328845498652312,-0.0008112936088659176,1.0067488060252774,0.0033465179835895187,0.10473301067468786,0.005813411352116145,0.9944777531653749,0.09025430043539309,0.005205402456577478,0.009980208357762692
311.44,0.14479096678681955,-0.0008227364587723575,1.0064702403719998,0.003283619738261682,0.10882406222669443,0.005527168023804473,0.9940402364771417,0.07453981568004114,-0.004658824174604374,0.0013142501115854291
311.46,0.14638422904741624,-0.0009414700548814357,1.006185150978851,0.0006882290558948055,0.10946971881625049,0.005902957769816291,0.9939723648535835,0.08352684902413408,-0.005837791830188262,0.004484921628771465
311.48,0.14797549248900735,-0.0009514148583649649,1.006078859514047,0.0009649550742354194,0.11068682633036728,0.006048445126247738,0.9938364612199386,0.0759440201324543,-0.0007072264788014071,0.015032522464804101
311.5,0.1496010884858749,-0.0009703173687098471,1.006090331578899,0.0007761445811878175,0.11157347247998367,0.006086818640855911,0.9937372431770789,0.08109199929055347,-0.0027591268440288227,0.01936376916520432
311.52,0.15128873356596384,-0.001030836074487037,1.0061840971168883,-0.0006512883753420344,0.11155973802232426,0.006309701712778233,0.9937374846206307,0.08199548920498875,-0.0035071658471845374,0.02396230126105651
311.54,0.1530214030735992,-0.0010245189436151434,1.0063159601736469,-0.0004825881704686587,0.11084127040764213,0.006541597236063926,0.9938164757080046,0.08098254892465911,-0.0005743337247708674,0.026871851979977008
311.56,0.15468641127261026,-0.001028539527396913,1.0065378559439961,-0.00083636634017568,0.11247225340253515,0.006556679422799401,0.9936328812297063,0.07973751158295053,-0.00139594695053507,0.029601046747847286
311.58,0.15640611140495422,-0.0010415456883963977,1.006792875672422,-0.0015892597280739748,0.1130873576842796,0.006723365372640149,0.9935610299038355,0.08080507152254149,-0.0017903210675591045,0.032537117069802154
311.6,0.1581256142643842,-0.0010334779620446207,1.007113719592541,-0.00197459093883923,0.11437039984660001,0.006802346741681513,0.9934129255794687,0.08014486073451703,-0.0005068457745134156,0.03588354627723905
311.62,0.15989477299235788,-0.0010107141736229392,1.007480714994752,-0.002188709868134239,0.11497428299790442,0.006856653602291418,0.9933423931855567,0.08267919683219055,-0.00011441189874040142,0.03865171582428689
311.64,0.16176636363630048,-0.0009683679250577544,1.0078305222554478,-0.002040379984055877,0.11322321744293329,0.007005893279147107,0.9935427808306757,0.08808560193289443,0.0009139485654536407,0.038224983779905575
311.66,0.16356045023858728,-0.0009385303637323577,1.0082418275278282,-0.0023450348171467064,0.11397458916574524,0.007105130855045787,0.9934554901714211,0.08088494540228194,-0.0001226298144921834,0.0409637029080876
311.68,0.16543605633167976,-0.0008837436162783046,1.008625330068151,-0.0020551097855357908,0.11245645854083443,0.007168666126240015,0.9936286689111751,0.09106598109936168,0.0021089629305918603,0.03860796993313451
311.7,0.16729978707173,-0.0008344580742928149,1.009018112591028,-0.001962205466130952,0.11128237080369785,0.007375553307299494,0.993759520664546,0.08296573135766243,0.0003507344156635437,0.040602183265819665
311.72,0.16901804672399326,-0.0008143803385559897,1.0095292731431034,-0.0026631888267470904,0.11416379308864838,0.0073592100199631125,0.993431113767214,0.07839651484922325,-0.00021721545465825266,0.045639912278921016
311.74,0.17095885974243075,-0.0007394992080345955,1.010029677491248,-0.0019506774365533924,0.11113487444982163,0.007481729405131487,0.9937752554092244,0.09264388953895855,0.0029506358287455605,0.04569651750235
311.76,0.17283786634048495,-0.0006767407341839044,1.0105643661297015,-0.0015976004248294403,0.10996275647275233,0.0075566906721973364,0.9939056978848051,0.0824323995137429,0.0010407527074208379,0.046797026955495
311.78,0.17480120655771145,-0.0005789358847067954,1.010898511849402,-0.0001694508071771523,0.10532323200790158,0.007653267485657855,0.9944085757789032,0.09409272662979722,0.003706745811551429,0.03466837570354102
311.8,0.1767031026079753,-0.00046027308442111997,1.0110272208210882,0.0020417122938061268,0.10072357298988409,0.007405040397737262,0.9948847966632964,0.09563097317883773,0.005872143319525886,0.020749326101176836
311.82,0.17854472659583936,-0.00028746881039796296,1.0107312419962406,0.006185828775736722,0.09488254853590511,0.007154815219584774,0.9954435424095445,0.08728444500570988,0.00661827649375202,-0.0023467716587539005
311.84,0.1798756292182194,-0.0002982906483500853,1.0101829425877176,0.006129858412506456,0.099937226834347,0.006891209220379312,0.994950997167189,0.06783266074584113,-0.00517655710624786,-0.016291236860354563
311.86,0.18121848764881043,-0.00043971818831681057,1.009593672773888,0.0033147070839761933,0.10291725542515183,0.0072231514112606355,0.9946581711001984,0.07393328316101162,-0.007379406564716136,-0.014182079235434717
311.88,0.18257228448834806,-0.0004861742396297203,1.0091913038790588,0.0032615510782122306,0.10594103201700214,0.007371604034928445,0.9943397404678589,0.06801357319599445,-0.002849939740814527,-0.0023435879182771217
311.9,0.1839570165832481,-0.0005618365737569402,1.0089889348600394,0.002301814974461415,0.10926899521926782,0.0074102938325476455,0.9939819293512887,0.07204817336686563,-0.0055659398949594145,0.006721954627130905
311.92,0.18545230901229887,-0.0006627021667058279,1.0089305827141666,0.0005233238325070312,0.11117746990441772,0.007700984542427494,0.9937705928205443,0.07308654416506666,-0.005787337665409101,0.01593160258441746
311.94,0.18697094686847537,-0.0007112890955354599,1.0090456909151488,-0.00018352043089048375,0.1142566753051397,0.007751125866178056,0.9934210076882177,0.07321024992508682,-0.003064173310059341,0.02481611959631553
311.96,0.18867544604428377,-0.0007321638843739703,1.0092290247750413,-0.0005508516100580954,0.11385778751510334,0.007892329126470555,0.9934655564868008,0.0837286108868019,-0.0022456937500912604,0.028960453455946188
311.98,0.19040403261126118,-0.000760825772195489,1.009512188272727,-0.0014542647804493259,0.11426770920356186,0.008121710768054957,0.9934157304781914,0.0790485728716039,-0.002870243701421596,0.034800807942615405
312.0,0.1921658151751717,-0.0007488524338961721,1.009837082187085,-0.0015663900635553933,0.11459849291443927,0.008181533924519601,0.9933769648761491,0.08420291044551817,-0.00016962914970442821,0.03587668894464034
312.02,0.19399318696775944,-0.0007270408420227025,1.0101709716076115,-0.001687657249404749,0.11374447054676783,0.008301289177306216,0.9934739230755072,0.08510201729455413,-0.0006607860519992296,0.0372406315875984
312.04,0.1958262224834278,-0.0007007515798562629,1.010501370146415,-0.0018475388913161198,0.11295740457224486,0.008453712841145444,0.9935621500900418,0.08466953683256631,-0.00027217862240024287,0.036884625083838905
312.06,0.1976780617928322,-0.0006490189227811947,1.0107860161512032,-0.0014344136140057755,0.11145227511441436,0.008555008939711199,0.9937319279621876,0.08783833423060247,0.0011613848984310972,0.03383696758208461
312.08,0.19958352232884208,-0.0005790351314915335,1.0109771233433582,-0.0005912459574995209,0.10791995939653433,0.008464768984074375,0.9941233728658201,0.09635462335757497,0.0032738919807098815,0.026742161545136884
312.1,0.20158471867462363,-0.00039369590621004624,1.0107996202734522,0.0035177769460667065,0.09986255223705724,0.008388647156190896,0.9949596607425588,0.09497228928965104,0.008198587712486959,0.006961607502810896
312.12,0.20306304402726236,-0.00033226297459714615,1.0103929889445884,0.0047758270015804145,0.103472236076045,0.007957606550046913,0.9945890429397806,0.0727890459301804,-0.0017772386185982195,-0.007704177761340464
312.14,0.2044698920334632,-0.0004654714494594483,1.0099915736538363,0.0015094613965106365,0.10739314615008078,0.008285778965288565,0.9941809591584513,0.07424585930342617,-0.007815418923275074,-0.0026539960126684492
312.16,0.20597686635592746,-0.0004775454228260221,1.0097775142761636,0.0017324400687481346,0.10895110601759617,0.008459116332851152,0.9940096068448323,0.07550072858863725,-0.0003908736789838348,0.008668080648557588
312.18,0.20748053291373522,-0.000510887316516599,1.0097963690925968,0.001231539870356167,0.11188805975414497,0.008462971000726403,0.9936840159305379,0.07266226274819566,-0.004409496190885966,0.020178481117863488
312.2,0.2090765898840449,-0.0005919446643884862,1.0099889977398924,-0.0006370342540708819,0.11386398556983428,0.008709247234172983,0.9934579689096694,0.07691154636913505,-0.0047878869725526555,0.02950230795094263
312.22,0.21087068926143288,-0.0005758562470495829,1.0102184729864598,-0.0001680657619139739,0.11170134098806558,0.0089152767482547,0.9937018164499196,0.08630320323568172,1.9427258720683463e-05,0.03186682692132353
312.24,0.21262941153175896,-0.0005715232942610626,1.0105112629429793,-0.0002916967352015142,0.11137463343184649,0.009038197518434434,0.9937373480586076,0.08141724530989278,-0.0019115930260051508,0.033950415999530734
312.26,0.21431617709051565,-0.0006001990760743914,1.0108559467932052,-0.0014298810857905704,0.11341018946772831,0.009172031638355246,0.9935048858463653,0.07808686120645988,-0.0028986707428748986,0.03637646673608843
312.28,0.2160802508037159,-0.0005894856320416242,1.0112379831314977,-0.0017192292927791003,0.11385181057212487,0.009280375899337672,0.9934529098569568,0.0829030305522507,-0.0005345244661858962,0.039121961345583094
312.3,0.2178920659772983,-0.0005621204248763005,1.0116475525927218,-0.0018128504122356288,0.1135847335327011,0.00937538499604386,0.9934824226114239,0.08335817597578285,-0.0005501627634336029,0.04075627871371092
312.32,0.2198042837027189,-0.0005093763080352516,1.0119722380946339,-0.0013716809228409414,0.11053232326578925,0.009553593718279609,0.993825665221008,0.09075026998616263,0.0010363413901969165,0.03618397071924843
312.34,0.22161902086644036,-0.00046670637398953633,1.0122925510267706,-0.0012590415344969986,0.10988933981662526,0.009661606817977487,0.9938960716104956,0.0833691030761558,0.00021778166964943438,0.03503354262660347
312.36,0.2233233209503043,-0.0004480675389506695,1.0126338172396392,-0.0017844131014039485,0.11185459034169574,0.009698509182654705,0.993675654028521,0.07896648213441086,-0.0009452584463694548,0.035849151330528135
312.38,0.22508438400771094,-0.0004165964294061091,1.0129954764698483,-0.0020103555812118574,0.11226177017232572,0.00979645439631222,0.9936283424447363,0.08285234238783441,0.0001553367157441341,0.03762829526898935
312.4,0.22686858440287633,-0.00037056509809059516,1.0133782872208799,-0.001941341654317507,0.11230227326469121,0.009890292711573375,0.993622973125241,0.08219314082398857,0.00043212865291605927,0.0388199096334567
312.42,0.22868484866131406,-0.0003152880267013276,1.0137233229241023,-0.0016804848984438851,0.11145772610570295,0.009971970261700259,0.9937177220272123,0.08564385458927101,0.0009898020802177076,0.03639385245366729
312.44,0.23044819162539143,-0.0002781637601880054,1.0140711071697397,-0.001915003256859062,0.11205443944293725,0.010074692673543549,0.9936491513261555,0.08069439862770907,-0.00023598839579609763,0.03663293844723926
312.46,0.23218986495947833,-0.00024128510528280696,1.014443068976729,-0.002167180637409199,0.11328687426604564,0.01010727216013899,0.9935085457592173,0.08152174045575597,0.0002570574811262067,0.03804074177486415
312.48,0.2339990837067342,-0.0001873959376796283,1.0148150291402709,-0.0020196718316636162,0.11288932253431198,0.010196380003408896,0.9935531971758043,0.08437295580135522,0.0008267186057361617,0.03856343031522238
312.5,0.23579115152985988,-0.00013999530881209684,1.0151939591355394,-0.0020832419315571626,0.11315935066485863,0.01026845426560576,0.9935216053549903,0.08258535433663457,0.00037248072050495687,0.038498255516161255
312.52,0.23758013221096314,-9.074331074363098e-05,1.01556112109623,-0.0021164218009928114,0.11356048033335585,0.010273751877167303,0.9934757108694626,0.08361384043919591,0.0007067621065524509,0.03784399390952568
312.54,0.23969152872365784,5.602292655727313e-05,1.0156462823008783,0.0004489413653101084,0.10426918570493648,0.010074464352932244,0.9944979841769824,0.11130498968223841,0.007392981989218244,0.021416085082927146
312.56,0.2417297570732012,0.0003687453699637943,1.0150151590823455,0.0077959228629260685,0.09394195315695418,0.009544046369822746,0.9955014034157172,0.0965811393648425,0.013436063220859296,-0.023767171631185004
312.58,0.24297268055661522,0.000414794331796715,1.0137464218005385,0.00878088020188932,0.10060100040254866,0.008871255120770371,0.9948485491236687,0.07000042947664945,-0.005876805997741331,-0.05589573343499923
312.6,0.244185679902912,0.00020227657621391638,1.0123682636619706,0.0039239755466583485,0.1048759943601843,0.009320343323992468,0.9944338889152937,0.07483612818009436,-0.011831802757505928,-0.052757360121386786
312.62,0.24544538411887662,0.0001751352439976961,1.0112599900065151,0.004501951560727109,0.1077689469600236,0.009463111353242206,0.9941207351357221,0.07169993576061698,-0.000993501970529341,-0.03620773938423852
312.64,0.24677918849472724,0.00013119617705590283,1.0104475903790164,0.00452536314484438,0.10986444277213288,0.00946284113786585,0.9938912314435496,0.07607838173711123,-0.005494712777229687,-0.0225296541031808
312.66,0.24816674643737308,-1.4500499132764874e-05,1.0098962266915719,0.001853026205519286,0.112305347562744,0.00983603586412704,0.9936233328586707,0.07218534989695333,-0.008692033134216572,-0.007812975150301493
312.68,0.24961065294569784,-6.990480997225096e-05,1.009595356897655,0.0014099672835175174,0.11519123841108572,0.009910686630429323,0.9932928917877613,0.07467659740862634,-0.0030436621465540657,0.00484006055053878
312.7,0.2511928470630265,-0.0001168482731351898,1.0094996128535074,0.0007911759586954362,0.11647436032273185,0.010001782152253929,0.9931430218159878,0.0789147993137377,-0.00465428447569188,0.016247821056354226
312.72,0.25286991599272585,-0.00018348683750199084,1.009564798147715,-0.0006605589096945547,0.11716586058714042,0.010230256651550388,0.9930594476785592,0.08147912434482574,-0.004500659943891553,0.02442825491426507
312.74,0.2547801943722156,-0.00013984137763992482,1.0095892327843614,0.00048260552998982134,0.11247151859987319,0.01020671492273313,0.9936024091990855,0.100225002164852,0.002588030830346468,0.02019785965155379
312.76,0.2568010779063705,3.326285147473288e-05,1.009268260850679,0.004948015417203769,0.10381486357017003,0.009996533346157003,0.99453409220921,0.09664627957696763,0.006633145472905914,0.0007111921783150104
312.78,0.2582958128419752,4.610474172162167e-05,1.0087080162468136,0.005473774117354163,0.10725771163929267,0.009617991979407091,0.9941696612354949,0.07575292808863132,-0.00473868738592572,-0.014378247129035227
312.8,0.25974973881161556,-0.00010588322209996844,1.008161954411539,0.0021652981646196625,0.11037150269166932,0.009990394834415682,0.993837831282596,0.07795112069247981,-0.008608305216091605,-0.008456254664617616
312.82,0.26134588168441464,-0.00011766706245891782,1.0077694269374753,0.002726625350312442,0.10985729535178052,0.01019309795213601,0.9938913627385686,0.08232165773668626,-0.0009528665679192489,0.0007073063270342499
312.84,0.26293910697408585,-0.00014264670697955575,1.0075347213068957,0.002760863675768921,0.11015681974624347,0.010284116026904544,0.9938571776934061,0.08049437758400618,-0.003929217798503887,0.007034576390573805
312.86,0.2644836178041415,-0.0002429199468905377,1.007447338729011,0.0007328247560091129,0.11258070563403541,0.010500795188498818,0.9935868260938391,0.07517029848236352,-0.006671706958438893,0.014786140377863893
312.88,0.26626693409789254,-0.00024133116873677635,1.0072696975470747,0.0012437329731854684,0.10865403673923313,0.010749544621193647,0.9940207244916968,0.09148956170017072,-0.0004460788663156333,0.010087593566044897
312.9,0.26793249903331323,-0.00020387515372497926,1.007085599717164,0.0025038124218340493,0.10798065178956574,0.010693723938125286,0.9940923267135664,0.08010062039808903,-0.000570430247942392,0.008293181810266637
312.92,0.2694078038969212,-0.0002908309958093076,1.0070026645736287,0.0004399804443411418,0.11247697488797691,0.010802072566209494,0.9935955171826876,0.0722429881404994,-0.0070906444692307394,0.014267731138722001
312.94,0.27103597507800853,-0.0003370596994505741,1.0070736075399187,-0.0006189633345357381,0.1136788018693025,0.011048954226718146,0.9934559212669912,0.08059564463448878,-0.0025010078493601685,0.024179224576863383
312.96,0.2728358968625414,-0.00029012627000638496,1.0072312132677481,0.0004815392967992705,0.11133938353274357,0.011159246381147332,0.9937196692300395,0.08759566505916414,0.0007197656962792215,0.028368513896222285
312.98,0.2745334721515962,-0.0003129583680254325,1.0075051895197458,-0.0004605229877523199,0.11266191387801014,0.011329095834524924,0.9935686854301989,0.07646622925850008,-0.004308717471627449,0.03358101614856247
313.0,0.2762100323759233,-0.00034654619401813276,1.0079194221389294,-0.0017927392657233487,0.11533777632649016,0.011446314383907773,0.993258760507558,0.07890022112253561,-0.002586200189779601,0.0411490128064209
313.02,0.2780753425383606,-0.00030364202905642547,1.0084066557022486,-0.0013833217263475232,0.11390346469113251,0.011535930661823304,0.9934238820645107,0.08653582117816638,0.00031017204081092717,0.04600844999728013
313.04,0.2801336875921632,-0.00020055679738779607,1.0087679808446715,0.0004440053347731357,0.10724897362499615,0.01164654381609266,0.9941638791128892,0.09740312300510104,0.0033800021267161922,0.038058313004184906
313.06,0.28186995739008597,-0.00014986887297585227,1.0090853550606396,0.0009985523115334895,0.10864271789246786,0.01155294716350842,0.9940132253416228,0.07562249588426753,-0.0012013320975845568,0.033331779748608584
313.08,0.28349628914344116,-0.0002049438179227589,1.0094819033728317,-0.0010410822556103654,0.11245784388807858,0.011635235224589134,0.9935878274199267,0.0775427986407921,-0.004509417860379584,0.03911690579279377
313.1,0.2853439897329989,-0.00017690427242282516,1.0099580501531717,-0.0008937759895969434,0.11072838906064474,0.011897470510372184,0.9937790877332697,0.08540550320076963,0.00026678872119145015,0.04524676636650694
313.12,0.2871112811504589,-0.00015043642025457538,1.0105641176349465,-0.0009744686899467414,0.11194470078325014,0.01194004778931638,0.9936422241612469,0.0775332767931356,-0.001542387600001045,0.05008562491516627
313.14,0.2888882837231471,-0.00015363478018603577,1.0112365630451083,-0.0019516796703107741,0.11339559738563985,0.012034195367528394,0.99347511674016,0.08066493893229153,-0.0020096132422574606,0.053405254272248834
313.16,0.2907768871834978,-0.00010945860271285191,1.0119086968026347,-0.0018328687867813966,0.11231421765284902,0.012184287884689657,0.9935963467292852,0.08493645716967155,0.00029694879401061063,0.05400110092895001
313.18,0.2926269450463188,-6.603054882760432e-05,1.0125823488774015,-0.001900311990869636,0.11256762937377537,0.012233017734085649,0.9935669433453507,0.08190722561194988,-0.00042962784068786684,0.053159894304250374
313.2,0.29455489995446393,-8.542533915536986e-06,1.0131425854612421,-0.0016676852208964896,0.11034546895938056,0.012372155333236677,0.9938148852168338,0.08954623549348512,0.0007273391862036264,0.04728403473425043
313.22,0.2964773893554144,6.583148567242938e-05,1.0136125402841658,-0.001012660878051256,0.1076994183915865,0.012396226763296448,0.9941057002945376,0.09121763676562038,0.0022685969501051832,0.041246397794577574
313.24,0.2984101851420584,0.00018582936040345265,1.0138722823749169,0.0009753651426806586,0.10331501956192336,0.012428664986278488,0.9945705523905364,0.08834840377268574,0.0033481650989807023,0.030741655533687424
313.26,0.30019849641749863,0.0002842450577067657,1.013895077413068,0.002720893574089706,0.10070012023693092,0.012349928549861392,0.9948364497681211,0.08645631191137347,0.0019508711103419624,0.015869342562732598
313.28,0.30171866455610513,0.0002688259614869651,1.0138191873534186,0.0019142392414777866,0.10353821790479979,0.012431691544645011,0.9945459396963839,0.07202314738944449,-0.00387803129370837,0.011015559032495683
313.3,0.30317010344237716,0.00022034821955763703,1.013792471500679,0.000560732207822688,0.10742896396826082,0.01256665229363617,0.9941331814853722,0.07222668661996005,-0.0037131266712093756,0.015404436510020398
313.32,0.3047309606375199,0.00021805645559077542,1.0138549019745362,0.00042414054016932544,0.10877179963884523,0.012714163167147309,0.9939853448432167,0.07588547884926222,-0.0018525993145366826,0.02136573504250231
313.34,0.30629465103327613,0.00020073190001023702,1.0140288456877622,-0.00025176341865498943,0.11103147380041162,0.012823649068357453,0.9937341206104685,0.07391195388539289,-0.0031808748184571833,0.02681233210948263
313.36,0.3079170376175079,0.0001897655719666923,1.0142707019644,-0.0009222202943885722,0.11271466451679568,0.012870863976698932,0.9935436048674905,0.07800455147709821,-0.002093462762955892,0.03057537465875996
313.38,0.3098517336316883,0.0002865812338598999,1.014303467151717,0.0010976511279157427,0.10597148310034472,0.013005289232220617,0.9942835120746502,0.09643714791253924,0.003449899422242201,0.020017703861159752
313.4,0.3114919214887317,0.00036350460873130295,1.014233650137832,0.00265940005075772,0.10672926290891191,0.012782962048418044,0.9942023878021814,0.07539289684795238,0.00013199442893712675,0.011958413708390712
313.42,0.3131639716348065,0.0003608903369023356,1.0138510352466208,0.002377359003840698,0.10476359182055896,0.012968378483001102,0.9944097541519511,0.08828801071939689,-0.003116481345006475,-0.004141795566064452
313.44,0.3146848347167278,0.000341578576695519,1.0134296373893117,0.0019393349301076825,0.10600100987266074,0.013149554161521828,0.9942771817312103,0.07444754279307111,-0.002886258539250668,-0.004132184409199312
313.46,0.3161010514550745,0.0003058704755180346,1.0131218518102585,0.0011406691655719157,0.109859134439259,0.01309273787744488,0.993860276733598,0.07576301168257975,-0.0036442179375806723,0.000805949406340155
313.48,0.3177477503256658,0.0002972663762123009,1.0127897445424778,0.000992327500065755,0.10763748419805351,0.013441571369858693,0.9940988438987118,0.08274457428531722,-0.0024899363576527116,0.0029814735733424973
313.5,0.3192890028897477,0.0003074102021709491,1.012553881100161,0.001256442715604055,0.10882101875457457,0.01340311953754015,0.9939702025793234,0.08078262049554932,-0.0006387070058312043,0.0035137539233332194
313.52,0.3209631228227244,0.00034740444682932896,1.012167533564986,0.002259899361942501,0.10600054187588888,0.013566644802121164,0.9942709510619854,0.08357517485123242,-0.0009125537679100652,-0.0014185646138901394
313.54,0.322356466320216,0.0002996318091642909,1.0119021495275147,0.0010275916519520251,0.111017800781588,0.013583126123908095,0.9937250578755265,0.06799707498222853,-0.005461547308409083,0.004116157019077143
313.56,0.3239064845263988,0.00025795086884518596,1.0117617401793504,-6.0428094951059884e-05,0.11243700395314148,0.013754538431951516,0.9935636512891414,0.08163455668527693,-0.0031651953283841753,0.01197864138150172
313.58,0.32557564224633223,0.00026463351446011466,1.0117760027499052,-7.950192671154088e-05,0.11206495874986501,0.013999872970664143,0.9936022555613689,0.07884540066354569,-0.0020842512734009543,0.021869152738148396
313.6,0.32715966855603745,0.00024337243587471588,1.0120051189743327,-0.001060223128400391,0.11547308048438529,0.014013087239320028,0.9932111945585329,0.0746725462867774,-0.003450493652053991,0.03150087164792367
313.62,0.3289221272805644,0.0002503202708371399,1.0123517274168763,-0.0015424871361042988,0.11542808215915656,0.014129134850480219,0.9932141491797581,0.08415120650767278,-0.001528110216236071,0.03857145134463934
313.64,0.3308949519993092,0.00033131831395985664,1.012658212141101,-0.0002995273491973207,0.11042076325450588,0.014305327271279167,0.9937819292668392,0.09349361864650893,0.0018100910947920733,0.036441403690986376
313.66,0.33270133385873246,0.000384891438423339,1.0129580630096076,0.0001791834580318634,0.10990647578183864,0.014321837425236584,0.9938387290940465,0.08227060237571954,-0.0007987847510585293,0.03343933491242318
313.68,0.3344112349107377,0.0003744332078582142,1.0132423935141035,-0.0009445403917186135,0.11147304265352327,0.014384571071439775,0.993662896922344,0.0820212495965341,-0.002806083713533498,0.03223187687584998
313.7,0.33626677817205236,0.000420742448240908,1.0134386568688942,-0.0005599930415933242,0.1085866781564674,0.01469425580545947,0.9939782183634917,0.08719257060464797,3.72673617646377e-06,0.030145486134866777
313.72,0.33791197839186304,0.00043776239134716134,1.013754967801552,-0.0010067487662623127,0.11150365648842257,0.014692996472056654,0.9936548882289593,0.07435904057223518,-0.0022371289892240257,0.0346894229726471
313.74,0.33966661697606193,0.00045730741994812326,1.0141095813181873,-0.0014589894634876304,0.11153725683250747,0.014800285949089364,0.9936489637814,0.0854015143202482,-0.0009078141195065685,0.036859868342492295
313.76,0.34147673797031536,0.000505048662891354,1.014506635754868,-0.00128151598698389,0.11054168277918505,0.0150071128385475,0.9937573550164911,0.08157529240799247,-0.0004393715822233182,0.04025878081904591
313.78,0.3431983234973802,0.0005414619054897896,1.0149632191051694,-0.0014845348239697577,0.11222290558241514,0.014984893175525057,0.993568955128689,0.07965402850248794,-0.0007132514536736863,0.041430411773775225
313.8,0.3449973430453175,0.0005852292266706311,1.0153984330231005,-0.0015615403002939004,0.11194398597339641,0.015090011360042455,0.993598710321945,0.08348308467053221,-0.0004998024275166392,0.041188089352670314
313.82,0.3467814250175809,0.0006306744252778155,1.0158297786682857,-0.0016474053274005362,0.11227157430901796,0.015173875097899234,0.9935603319237214,0.08158186453053673,-0.00039597965689472354,0.040709260043099646
313.84,0.348603880489591,0.0006931957127322486,1.0161971643703114,-0.0013235078581432585,0.111420364719277,0.015234817425930896,0.9936557004268487,0.08654801987174825,0.000616872810926458,0.0371041492329982
313.86,0.3503930440001646,0.0007400229075059524,1.0165406856717925,-0.0014199442809903942,0.11136846535950735,0.015361480328551272,0.9936594354223296,0.08167237269114262,-0.0007707318511439104,0.03649405703239721
313.88,0.3521209017727613,0.000778282818106379,1.0169065112420939,-0.0017218362114705301,0.11291025395181944,0.01538070492782087,0.9934846469616527,0.08066418099903754,-0.0005519780574540256,0.03744526228897689
313.9,0.3539238735942281,0.0008363653272012958,1.0172661661838442,-0.0015402096734068163,0.11250056156089884,0.01546040114716388,0.9935301844428347,0.08458689130591782,0.00020931587701496606,0.037747179607875644
313.92,0.3557156425794933,0.0008885017748121066,1.0176270108662968,-0.0015424876282253554,0.11254882556560215,0.015542296664904073,0.9935234368700623,0.08263860603339437,-0.0003179239520451964,0.0374733547190579
313.94,0.3575111869318584,0.0009465477621559609,1.017947926424591,-0.001381142252372095,0.11237788147638392,0.015588724280260695,0.9935422969739499,0.08492995009334511,0.0003290223296055531,0.034969679062231175
313.96,0.35937235442181126,0.001023771932702123,1.0181755802952646,-0.0007037780299949089,0.1100639790823607,0.015593561057341346,0.9938019249622095,0.0916365985387939,0.001723875314016821,0.02948922061919576
313.98,0.36127645201680386,0.001142062185030709,1.0182198124020445,0.001197955875825002,0.10557333448845464,0.01571445561881239,0.9942866245863478,0.08883637335578676,0.0026495295781048247,0.020857860180916076
314.0,0.3628500909774517,0.001163948424373549,1.0182607068781215,0.0008587201672605465,0.10902930501240082,0.015611587109859357,0.993915565627231,0.07454818089999417,-0.0026865996143936735,0.018683499908657777
314.02,0.36448264220552373,0.0011520804622904316,1.018335476915606,-0.00011788055872195327,0.11037710420294437,0.015769526416791333,0.9937646617829275,0.08076013989298932,-0.0025816306824272077,0.022513557092415728
314.04,0.3661766436362525,0.0011861963119888497,1.0184827015541744,0.0001607733167217617,0.11042195343104065,0.01591136507221405,0.9937574124573625,0.08005671329361072,-0.0007623083106804826,0.02683355523283059
314.06,0.3678192516686154,0.0011960600918626172,1.0187137647619364,-0.00024844073845506473,0.11239051729386385,0.015933373258952707,0.9935363292382459,0.07734360294284758,-0.002556715926037608,0.030284278182753605
314.08,0.3695348233568716,0.0012054380597047016,1.0189756644367618,-0.0007263587099069865,0.11291045578263573,0.016015343157199293,0.9934758226356286,0.08200001153463368,-0.0018395739935867911,0.03232013585882375
314.1,0.37145784901914886,0.0012923153292665602,1.019095458402673,0.0007600060714039521,0.10770688912504006,0.016170200766410726,0.9940508905649407,0.09392043402743004,0.0018951027983294118,0.025274819069527894
314.12,0.373193784673294,0.0013593213277858594,1.019147532431599,0.0018059251958576377,0.10705982812606304,0.016109068683292958,0.9941204302004671,0.08310562763582915,0.000207998647359459,0.018657586941727013
314.14,0.3748564544095329,0.001362504355386148,1.0190671639471105,0.0013859754794334192,0.10717940387321903,0.016260214067304803,0.9941057589088986,0.08002782323389843,-0.003690407575809912,0.01324767572798459
314.16,0.3765096052051234,0.0013653502250772784,1.0189071915113324,0.0011539703434847036,0.1066279011527211,0.016449607198349606,0.9941622450441537,0.0831004684821912,-0.001943508525931472,0.009021150876310897
314.18,0.3780816801655638,0.0013776519066752016,1.0187691196943576,0.0012193754911018976,0.10792015482572931,0.016447287744196147,0.9940227562946745,0.07810564315256945,-0.001931180937619851,0.009724537480212318
314.2,0.3798045583166175,0.0014277359257655294,1.01845426256736,0.0023000072552378714,0.10427049505801546,0.016651267046262186,0.9944069132567092,0.08684794312886354,-0.0004588070499917156,0.0016513375224919153
314.22,0.38133138736726185,0.0014495193815919976,1.018103091929647,0.0027691600022672165,0.10535352731665826,0.0165711306833674,0.9942928963151123,0.07941320457654409,-0.0013889626464854816,-0.003795495274618174
314.24,0.3830031117925864,0.0014978725376625312,1.017489750142179,0.004081241252378623,0.10105198929395043,0.01660117407550235,0.9947342559442145,0.0897180543954792,-0.0001763298065542203,-0.01548243003762138
314.26,0.38452629522565873,0.0015814628685982134,1.0166897238849266,0.006643707951282581,0.09935058227405867,0.016449894335784167,0.9948943280182098,0.07678506114457698,0.0007194555941468057,-0.026467462259518633
314.28,0.385700549213467,0.0014969276632140665,1.0158984854490294,0.005177074410718786,0.10604125697142677,0.01634298663425311,0.9942139390032401,0.064799577490216,-0.009172272418841013,-0.02547708099123632
314.3,0.3870332120243239,0.0013726113826862437,1.0152655034595002,0.0029581443727361703,0.10877148920088964,0.0166889439693081,0.9939222764724011,0.0737321555207728,-0.007233079149752973,-0.013244090176473178
314.32,0.38844702110911217,0.0013410432260261506,1.0148946156296659,0.003102555533611323,0.11102952766267891,0.01679418901720536,0.9936703544694375,0.07186812232338656,-0.0038862697651664,0.0007971915066288377
314.34,0.38994491075704146,0.0012761366270815206,1.0146986977794041,0.002103448920576315,0.11275164301219724,0.01690223456930724,0.9934772050566901,0.07737193786168026,-0.006322347273087542,0.008472852778438145
314.36,0.39152699819966325,0.0012070731970326848,1.0146186363100829,0.0007778934298293367,0.1138127306755858,0.017162711933594147,0.9933536623665626,0.07712098127807819,-0.005643467949045073,0.015744085692554904
314.38,0.3931731988468034,0.0011959622632713603,1.0146103663084105,0.0006781961972542665,0.11438127490028353,0.01724825331929898,0.9932869483485309,0.08229407280395898,-0.0027587555439421993,0.018600031137219177
314.4,0.39486944388243334,0.0011764881091511205,1.0146561267589413,3.114179070730711e-05,0.11464022621436513,0.017424653223375552,0.9932542469195654,0.08109397676480709,-0.0043839417290792585,0.022582113602009728
314.42,0.39655579529815344,0.0011573132606687172,1.014789878405289,-0.000843572832754203,0.11608912979882852,0.017547199382585928,0.9930834295874915,0.08096374475852013,-0.0033771452625037113,0.02694836514326745
314.44,0.39838316723862705,0.0011941140255910783,1.014928111807258,-0.0005269567228828993,0.11431467937611074,0.017675980893279156,0.9932871871192186,0.08957084461957451,-0.0008869895163014349,0.027592197028480803
314.46,0.40019950643637425,0.001220814441457986,1.0151050564562396,-0.000689642775309279,0.1133233754812062,0.017799681600114615,0.9933984640099472,0.08564000313224224,-0.002002658279535744,0.029164310160854145
314.48,0.4020079885216824,0.0012595149369388258,1.0152565782667007,-0.0006141075683586605,0.112376953030998,0.017952196565759873,0.9935032772657711,0.08539976748444526,-0.0012938942880107865,0.02766119443764714
314.5,0.40372946505434987,0.0012832817237841767,1.0154500623519138,-0.0009937860018088094,0.11373689440446934,0.01799395815833393,0.9933474461186305,0.08111967006292406,-0.0020308505381024353,0.029287467019190973
314.52,0.40549546635452555,0.0013166138721115099,1.01567528548506,-0.0012039961293497828,0.11398274664631969,0.018075419756895316,0.9933175539880957,0.08444331346923041,-0.001202182864100091,0.03140919387518577
314.54,0.4072929686241571,0.0013650733817728434,1.0159231862343059,-0.0011138838180363199,0.11362742620771885,0.018173841306575778,0.9933565718151829,0.08438597330626951,-0.0008222304776240582,0.032684325836072184
314.56,0.40909296313881716,0.0014168332473094053,1.0161644769508078,-0.0010033766052271534,0.11327023942308258,0.018179628625588626,0.9933973762797349,0.08665237813099033,-0.00031883580243844057,0.031218753708898116
314.58,0.41098192672221096,0.0014894257280356079,1.0163077545292425,-0.0003552731429690216,0.11010236822649488,0.018421153354760942,0.9937494671198529,0.08864965645021892,-0.00023230238577635694,0.027867446560450593
314.6,0.41277251555880323,0.0015469673410642198,1.0164170357986826,-3.187260262767419e-05,0.10904093573295927,0.018378386136882936,0.9938673494192378,0.09070489879342007,0.0006031559471536441,0.02152968211882793
314.62,0.4146656456730295,0.0016720264260997781,1.0162532913533937,0.0022291328267793117,0.10359658512363355,0.01850696659015015,0.9944447046996597,0.09059589874741683,0.002961965807202188,0.009638101025574568
314.64,0.4161320378401334,0.0016895369297130847,1.0161012155737292,0.002014564027562485,0.1085522479093267,0.018316292133068218,0.9939199487122224,0.06933520590070384,-0.004143365328651581,0.008749817551814495
314.66,0.417789626617153,0.001654116295403439,1.0159385143115767,0.0006328488157548558,0.10758429054056894,0.01840959515540057,0.9940253048778351,0.0922841118022475,-0.003390911795270378,0.007632247913283841
314.68,0.4197048398985659,0.001813010551905812,1.0153762792476848,0.004505930115864966,0.09826183062401515,0.01870436230008735,0.9949746007145888,0.09464603486284345,0.006039085779317557,-0.014061464585405904
314.7,0.42102653040853233,0.001895309344958183,1.0145191465886187,0.006672054406386186,0.10279932321911413,0.01812367655628285,0.994514612855826,0.06891988084945189,-0.002499070270290416,-0.03208537106909103
314.72,0.42227898728576213,0.001733923209041046,1.0136739732682765,0.0028955149007304773,0.1078144700762152,0.018416249932300423,0.9939962262373412,0.07173464300073265,-0.011406930770122522,-0.02540994499919282
314.74,0.42373491299469157,0.0017087327016673327,1.0130083855034435,0.0029670114263809022,0.10780066136638852,0.018710205048953918,0.9939920233478693,0.07871935520002475,-0.001887877425180225,-0.013837542066022303
314.76,0.4251963355379686,0.0017296054907468266,1.0125414089904028,0.004096777005447288,0.10881150112973038,0.01869795472098831,0.9938780911808622,0.07648136399227713,-0.0028820590433371097,-0.005674388691339101
314.78,0.42661492322444106,0.0016238488259019534,1.0122478494010956,0.001849988780750032,0.11223503487519165,0.018965294054982505,0.9934989643223004,0.07103606306232238,-0.00896846296030598,0.0038727163802707723
314.8,0.4281631788781042,0.001582245597685919,1.0120892176745806,0.0012067074718805234,0.11348142997861432,0.019162329454364038,0.9933545761896749,0.08019388143079012,-0.003328769794803052,0.011050795428326926
314.82,0.429797927059698,0.001579958411178243,1.012062747375375,0.0012702929230269467,0.11395331499800644,0.019301651150443414,0.9932977774160785,0.07848268671322012,-0.004002958231061216,0.019261722446730335
314.84,0.4314418498548322,0.0015385133618951133,1.0121593769713821,6.47047968373687e-05,0.11551825791955682,0.0194492272728213,0.9931149256047913,0.08014570564294171,-0.004970713043006063,0.024495408343146466
314.86,0.4332695870722652,0.001570960112236482,1.0122372282982193,0.0005547594716320104,0.11284337476243975,0.019531377359287727,0.9934206512412561,0.09321287252807073,-0.00035068980694658475,0.022978371786122744
314.88,0.4351718442504636,0.001670525746797545,1.0121678195729433,0.0026689068190658477,0.10794030854631768,0.01959571774918149,0.9939606504149001,0.08947736816427997,0.0010013503166399357,0.01589308838027917
314.9,0.4367804698206405,0.0016634579985156032,1.0120461623552264,0.0021257457144492273,0.11020760524966441,0.019510463744887192,0.9937148015173927,0.08176560494267472,-0.004648937009269188,0.0086052898691131
314.92,0.43852411421142007,0.001646542659718941,1.0117134155937648,0.0014635404278732457,0.1074629705032204,0.019944837661423118,0.9940079333037033,0.08682124478620236,-0.003942561549790626,0.0024982185136658056
314.94,0.44003843377829577,0.0016511201882360184,1.0114998827012438,0.0014490799471049106,0.11069306321402006,0.019895147235322975,0.9936544313996132,0.07406839564642291,-0.0028126267911746106,0.007384563684969983
314.96,0.4416443215403009,0.0016357945524415305,1.0113637942697467,0.0008019359719679554,0.1115201407595474,0.019996288511541747,0.9935606491550633,0.08278085607169977,-0.0041508858577568915,0.01197723721853288
314.98,0.4432962395547296,0.0016224708659159277,1.0113495343278827,0.00010268244496444468,0.1119150717991565,0.020233147928897334,0.9935117643417175,0.07849756297909243,-0.0036829449875159003,0.01964037454951413
315.0,0.44497640572934716,0.0016555727307464622,1.0113868493331692,0.00048238590504065244,0.112053852612608,0.02030860436495905,0.9934944700436223,0.08274369419282236,-0.0014734241170679722,0.02076939306994485
315.02,0.44666233896377966,0.00166197716977449,1.0114763924016563,6.359806923130351e-06,0.11260525486649214,0.02042540638087688,0.9934298461945771,0.08098616245231652,-0.0033886309875334206,0.023647533508166736
315.04,0.4483762213939747,0.0016805339302575439,1.011584734502514,-0.00022771139428407467,0.11275966243331233,0.020583447033490236,0.9934090438402833,0.08177700097942502,-0.0022936963096742554,0.025112888606196093
315.06,0.45005857559920676,0.0017029027384347,1.011762701845427,-0.0004744495230458377,0.11429436566546966,0.02061505809784067,0.9932328993012669,0.07975060613634968,-0.002425062393500637,0.02856407045433601
315.08,0.45179926930692826,0.001726531156801503,1.011994790110713,-0.0008232741350309529,0.11484897939715212,0.02069769866557098,0.99316697459243,0.08301285597098544,-0.002233518100394678,0.03186377926304941
315.1,0.45364619064455436,0.0017815366610316344,1.0122157684823476,-0.0004762426852896173,0.11292580102603586,0.02085360776915999,0.9933844490923657,0.08819792078551199,-0.0008316440486443012,0.031689866799096064
315.12,0.45546592146152337,0.0018347318401509374,1.0124471682954894,-0.00023959129845170743,0.11191086213594909,0.02090595657200148,0.9934982851076332,0.0877918545641167,-0.0006638853029762954,0.03029904536545308
315.14,0.4573097562352208,0.0018946319586183866,1.0126002987535259,0.0001957851219309282,0.1097605447948378,0.021133165726177593,0.9937333514484237,0.08549826747963588,-0.0014178871825919926,0.027920709050141358
315.16,0.4589523161545149,0.001902261395292836,1.0128624280050997,-0.0006435161994938833,0.11299332692461532,0.021148269638635468,0.9933704468367778,0.07611682658603798,-0.0032140930309424625,0.03237732432322547
315.18,0.46075646071487636,0.0019514677149711835,1.0131685363434086,-0.0004465729055569263,0.11197288077322823,0.021172368531038543,0.9934855838686187,0.08932381358902255,-0.0001917567707014955,0.0348782783827691
315.2,0.4627245887890484,0.0020766895247610563,1.0133485510903937,0.001712843650613665,0.10624207766108365,0.02132593248538636,0.99411010039357,0.09119230251863072,0.0023457449617354997,0.028806710294042
315.22,0.46440720616424713,0.002132697118654696,1.013451176453296,0.0023043028563489915,0.10734624015237688,0.021194530165406754,0.9939930919300004,0.08296439920072338,-0.0014786045181258635,0.019101055104186686
315.24,0.4661809752001835,0.0021497017311684348,1.013298186082015,0.002129977689480372,0.10427155653483268,0.021431400124154017,0.9943156444417255,0.08796341282102234,-0.0029811337619091408,0.0096742904886104
315.26,0.46781056541189137,0.0021978572788855116,1.0130918645530906,0.0030988033629040473,0.10394168077147108,0.02154215897307468,0.9943452417560504,0.07726925282206767,-0.0012217311375396205,0.006646701400446588
315.28,0.4692146283797311,0.0021514119677274453,1.0130168954901573,0.0017787540711739524,0.10932586712143759,0.021461945683893646,0.9937726478926463,0.06933309060257219,-0.0065607864541284856,0.013315645038320962
315.3,0.4709726432252371,0.0021456143282494265,1.012803899035237,0.0015020104239401534,0.10470688792674572,0.021916507314452556,0.9942604680326569,0.09149946064949468,-0.00279842511416283,0.006920081193443793
315.32,0.4725148989806696,0.0022012537113097917,1.0125866158155254,0.002874642323846426,0.10590017818508045,0.021905464855188007,0.9941312988239311,0.07175995007567645,-0.000870648282253367,0.0052981466941027944
315.34,0.4739132475847543,0.0021537291429429865,1.012473528740399,0.0015524188533528193,0.11101037772934644,0.021836086817751392,0.9935781153711968,0.0710072729411505,-0.0068183709244224065,0.0119052948558099
315.36,0.4755804727105541,0.0021269805304750954,1.0124491045566406,0.0007128306362822874,0.10968269179938259,0.02218048385883299,0.9937188863697387,0.0839945856539102,-0.0036914426963929603,0.018619981679414345
315.38,0.47718440011264623,0.0021472536376659327,1.0126138975138046,0.0009660538361992664,0.11144736990624846,0.022255407075676942,0.9935206325672665,0.07313319104511366,-0.0027175374871254428,0.027895154493147785
315.4,0.47882650501953966,0.0021337029254622658,1.0128837220700455,0.00013314363583957173,0.11316264394964184,0.022307075778309808,0.9933260253599115,0.08056615426532983,-0.004286270737526349,0.03191872577819892
315.42,0.4806475037871817,0.0021594826643856696,1.0131544350107415,0.00014386957071420734,0.11084339241093913,0.022512263547773984,0.9935828700467499,0.08729176919429595,-0.001717288614707799,0.033464788043398655
315.44,0.4824583897553392,0.0022235019122852514,1.013415450489925,0.0010524396164709943,0.10908257596164538,0.02267005092062599,0.9937735923155142,0.08221871859277365,-0.0013466179303171393,0.03271472852017761
315.46,0.48407592020429746,0.0022055767653543167,1.0137815036826712,-0.0001763417194475121,0.11280367133564843,0.022684189018406957,0.9933583080668195,0.07438116186593105,-0.004999400302748136,0.03712195582499719
315.48,0.48585610947588337,0.0022276536806026667,1.0142084006495555,-0.0004512652370036217,0.11258575377030412,0.022783235868034647,0.9933806765641457,0.0846733368964137,-0.0017972831265121475,0.041605941827882006
315.5,0.487909665503045,0.002372651668640517,1.0144601984459858,0.002348330848618734,0.10472398181485691,0.022865353726448094,0.9942356604819762,0.09893112100064586,0.003721903378876014,0.03163385934394302
315.52,0.48978816643406675,0.002528223865324771,1.014422751789761,0.005657076111004933,0.09998654041014253,0.02245166016920146,0.9947193635304039,0.09560213432563705,0.0037456794804049515,0.00981427298226797
315.54,0.49156889749236726,0.0026564339863787575,1.0138246218257478,0.008816609119356058,0.09444946148304012,0.022223301006596696,0.9952425289956064,0.08725142991322048,0.0010141236887149776,-0.01870665013664178
315.56,0.4929680038803687,0.002684256267092581,1.0128010896663686,0.010176793554900953,0.09558176646535022,0.02197695047251009,0.9951269127303477,0.07583171446244238,-0.004897925077837356,-0.041693492966522215
315.58,0.4941347135939654,0.002535844472921195,1.0116668278459076,0.007636049735050112,0.10059838778068597,0.022138003421009356,0.9946514786219854,0.06793769340214097,-0.01196771996979821,-0.044323073350826046
315.6,0.49535673694019344,0.002427492440629589,1.0105988694398744,0.00654915339324241,0.1033635908548418,0.022446981076170467,0.9943687493661447,0.06909199219863843,-0.008072136622429872,-0.03679772440792548
315.62,0.49656204137760585,0.002333747121186425,1.0097752833202431,0.005828262059108414,0.10750277398109008,0.022521854513699334,0.9939325686468901,0.06806436091060585,-0.008386073493049992,-0.024874466990938017
315.64,0.49784338448583193,0.0021980743715676117,1.0091843133485898,0.0038145040207109176,0.11129708448696057,0.022764079880579272,0.993519101583341,0.06856670941086793,-0.010152398751703057,-0.011347415406815758
315.66,0.49937653173821545,0.0021439896877527118,1.0086722554255034,0.003602871663586611,0.10987602125871557,0.02286257044068044,0.9936757932751381,0.08911913704848612,-0.004292372261935811,-0.010329055355971515
315.68,0.5011253183406126,0.0022455370055592117,1.0078369601313741,0.007168873847269291,0.10250795984239819,0.02286909507383185,0.9944434272029834,0.08947729430674345,0.0012195755425165732,-0.026843881651058176
315.7,0.5023238490163817,0.002207575626629365,1.0069015264790466,0.007247371870797711,0.10936110640258635,0.022448291853244765,0.993722143358112,0.06328513911825653,-0.009065241821622431,-0.032922097351838556
315.72,0.503678351409883,0.0020079666807725364,1.0059973953585424,0.003194175566666352,0.11175329656844998,0.022727076904658125,0.993470924548828,0.08497397521535772,-0.013276796206339977,-0.030160130687991293
315.74,0.5053903226099415,0.0020003670530245815,1.0048206001672273,0.004046601453372598,0.10405584961141282,0.023437607478683502,0.9942870228128293,0.09325451816165006,-0.0020340927338774197,-0.042378184967214474
315.76,0.506807274998975,0.002122291432046103,1.0033770583905732,0.008142066029625469,0.10291023298167304,0.02293676252160309,0.9943928276257098,0.08028343797936435,0.0009388165310629578,-0.059954277644649535
315.78,0.5079112340266178,0.002006629441806374,1.001919910491942,0.006101046018375022,0.10915046149126886,0.02289427008841093,0.9937428270890027,0.06668489418374612,-0.013121130918217646,-0.057133953230927806
315.8,0.5091175449376124,0.0018461606382746399,1.0007288643857306,0.003123196118361244,0.1132269232945319,0.023266899462885703,0.9932917803327703,0.07400654243228588,-0.009221865999478857,-0.040119023316995496
315.82,0.5104717301762207,0.0018313338933413604,0.9999195191365646,0.0037686735670499367,0.11556510147607278,0.023335322496515848,0.9930186136948056,0.07433783524278162,-0.004094177949738245,-0.018415795889322174
315.84,0.5119526993949622,0.0017600207804406918,0.9994365407059577,0.0025475029409180836,0.1171285585186891,0.023497814346667086,0.9928354665950595,0.07883114615538551,-0.008235363718895997,-0.002883470858997991
315.86,0.5135486099228219,0.001688065543917109,0.9991970340356382,0.0010648325287645171,0.11800091535847869,0.023781913509515164,0.9927280950472152,0.08022125561752999,-0.006477615816679656,0.010095313856430501
315.88,0.5152212050143596,0.00168481855685509,0.9991600569790082,0.0010318324385944796,0.11885541618662467,0.023811662551238153,0.9926254732231432,0.08374317891214712,-0.00357159326846365,0.019581475196406416
315.9,0.517077258643374,0.001691839423302502,0.9991584895545881,0.0008803927383142015,0.11598254995262677,0.024111005921113947,0.992958172537285,0.08903423199923341,-0.004678274376104187,0.023157816550051353
315.92,0.5188367556052638,0.0016825640473071125,0.9992987061442692,0.00013789187786542037,0.11675060445691605,0.0242345399941055,0.9928655318904211,0.0836804598981852,-0.004105016478192281,0.027901525227762312
315.94,0.5206320157515532,0.0016997419869827137,0.9995071137337629,-0.00012611785612670636,0.11706998112854432,0.024302994277333862,0.9928262527159546,0.08556845237324154,-0.003349561625719372,0.031963912804786006
315.96,0.5224863768664745,0.0017182939156745831,0.9997777841832513,-0.000584215417386447,0.11636172992122766,0.024486695906159022,0.9929048334184323,0.08647095625672555,-0.0036115558185612186,0.035840142866545376
315.98,0.5244290631847617,0.0017745960600312775,1.0000349776682218,-0.00026442028379493706,0.11342186060278109,0.024448172683306204,0.9932460412565277,0.09813331831398793,-0.00042815416767520264,0.031795131391125095
316.0,0.5266575589849346,0.0020105131150210697,0.999759428602122,0.004742310861987655,0.1006153450006493,0.024537902841938134,0.9946114588934758,0.10888865684684881,0.007813393221459065,0.0020486063731978135
316.02,0.5282142249533288,0.0021559807329194496,0.9990235883565993,0.007964675131646521,0.10266715012466862,0.02380996403579096,0.9943988665761543,0.07731072281640969,-0.0006418214320370195,-0.02622029626522259
316.04,0.5295317629287701,0.0019954928275019374,0.9982179995312144,0.0039028218715688357,0.1084741469612767,0.024019481892063155,0.9938013845392343,0.07319891109589079,-0.0135114030108603,-0.023196869026001554
316.06,0.5309829830738809,0.0019357738101030374,0.9976483111098035,0.0029678680753638764,0.11045385292911475,0.024342506759265803,0.9935786735316312,0.07717847534827045,-0.0037449951010810113,-0.007781072830458996
316.08,0.5324566127444703,0.0019366872614497955,0.9974372194241155,0.0034719299107655874,0.11338464415530071,0.024274435225754808,0.9932485187338268,0.0729786949594334,-0.005113307223550256,0.010747672412668106
316.1,0.5340123399698377,0.0018320128117979915,0.997548139735212,0.0010231752771304831,0.11630855705958587,0.02454315473739848,0.9929093141987365,0.07533535336581926,-0.009178955257824101,0.027108265473881565
316.12,0.5357348506860126,0.0018102906022647316,0.9978936510486166,0.0004860216953813659,0.11698695333266063,0.02475226674109691,0.9928248293752685,0.08068922609581185,-0.003747552670032776,0.03957796702480785
316.14,0.5376169476066677,0.0018492656001053258,0.9983276903136676,0.001102982185572456,0.11498055270392944,0.024879781859044506,0.9930555132442715,0.08899960490911737,-0.002707887332474,0.043057085959951794
316.16,0.5394553149755914,0.0018233106570194693,0.9988645273522965,-0.00022205773654879028,0.11533834454162109,0.025137789805765892,0.9930081109902583,0.0804486942223423,-0.006321738626321074,0.04856603956626502
316.18,0.5413205034771975,0.0018359253681403088,0.9994487287061932,-0.0007211123964622946,0.11546581647230243,0.02527270891385054,0.9929896350956802,0.0865585110611113,-0.0027894728974632273,0.04987613239540785
316.2,0.5433064439800177,0.0019028708549633918,1.0000098278730838,-0.00010029025522160727,0.11254301612267816,0.0254597581061327,0.9933206230523217,0.09071822474965445,-0.0016064583277430814,0.04978036113418894
316.22,0.5451483653435513,0.0019178242766144905,1.000658499775821,-0.0009573506322693961,0.11376325274251131,0.025593608764907322,0.9931777147095072,0.07981398010928961,-0.004278568861149107,0.05318133331037023
316.24,0.546997622845177,0.0019497690326634265,1.0013942467925168,-0.0014898339352858777,0.11496759497241275,0.02564527143453753,0.9930370348351332,0.08349746511539399,-0.0022824547116687332,0.05802891817626869
316.26,0.5489619240172275,0.0020233732708089566,1.0021694355991333,-0.0011654542801675767,0.11347661123984536,0.025780514256287766,0.9932054497950176,0.0869599751169304,-0.0012799934667490826,0.060648620734209804
316.28,0.5508963390429729,0.002083113587127949,1.0029678661015708,-0.0013280360309280651,0.11301797101216729,0.025851048732993178,0.993255706164328,0.0858744900082333,-0.001766077788492516,0.05993555143011742
316.3,0.5528766291482999,0.0021644222444352555,1.0036766674587434,-0.0009752227829198963,0.11086403895185978,0.026049408348151625,0.9934936548023422,0.08758543547027023,-0.0010295074318924595,0.056185791893018276
316.32,0.5547390919433015,0.002231944299640774,1.0043797797019776,-0.0009467364426346094,0.11147307804607821,0.02607134424982271,0.9934249551778174,0.08257827258603576,-0.0013263667948210476,0.054207969608537965
316.34,0.5566065460054593,0.0023001964896494937,1.0050301228622314,-0.0008781980682726777,0.11139476128967261,0.02610654593516968,0.9934328785502847,0.08508952335977116,-0.0011976550598565296,0.05155979330124007
316.36,0.5585072269093319,0.002374783529229302,1.0056142037191587,-0.0006211271281370172,0.10994713720231468,0.026294339310818114,0.9935893764238392,0.08483408444914842,-0.0013769779872636492,0.04931952167911399
316.38,0.5604001983031109,0.0024579364963961043,1.0061152772710371,-8.704211766096535e-05,0.10805105365124147,0.026293743500754037,0.9937975655440311,0.09286864930344083,0.0003799677844474792,0.04113837641437725
316.4,0.5623996108189463,0.002623779592735265,1.0062785209371818,0.00276605203721534,0.10149779818060654,0.02642792853962329,0.9944808246083585,0.0918834840084803,0.003690905825950716,0.025180829777508962
316.42,0.5638921842885103,0.0026664919111184524,1.0063860928454105,0.0029299969242931297,0.10709039131889868,0.026121370821803835,0.9939017744181659,0.06735181902183925,-0.004497002016269883,0.02086962251010673
316.44,0.5654825373561653,0.0026017881818970762,1.0065575385823657,0.0006164171162422046,0.10934382329540676,0.026372854122479278,0.9936538737923363,0.08006798607415934,-0.006528587472251923,0.027093152066774623
316.46,0.5672031212154409,0.0026499641997354364,1.0068700255301428,0.0013234820559450827,0.10877649339734086,0.026611148590819513,0.9937090970953739,0.07834700286258624,-0.0011112357825102605,0.03631877899938377
316.48,0.5688071176658747,0.0026558809904343597,1.007392902751469,0.0008319485098305524,0.11249632459597232,0.026526257750554533,0.9932976605548942,0.07194278200245949,-0.004977046621323895,0.04538980044008398
316.5,0.5705667990237917,0.0026426886382222327,1.008027613852214,-0.00028970883446432355,0.11319255945130893,0.026720496129184465,0.9932136606190348,0.08088683671225708,-0.004455169742311989,0.05208280683411517
316.52,0.5724162162965772,0.0026918396230941007,1.0087278506033979,2.9120340505277846e-05,0.11262489791835395,0.026858746863407456,0.9932745034670998,0.08169077226290575,-0.0019144719878756143,0.05557348400282773
316.54,0.5742865800120097,0.0027407428458300566,1.0094076397165803,0.00016124454177237003,0.11198288761627692,0.02692449930079612,0.9933452965704924,0.08511750792550066,-0.0025762064915298708,0.05292584632649714
316.56,0.5761427372346251,0.002767561053785913,1.0100410954550003,-0.0003509916147247982,0.11180200136933628,0.027065774238667763,0.993361783621435,0.08229765079927416,-0.0034870802542960174,0.05107666306562456
316.58,0.5780404533156436,0.002832511812947877,1.0105608280302243,8.684531816854842e-05,0.11000367726757147,0.02722341887830873,0.9935582866194005,0.0875188023576656,-0.0014318760085444927,0.04511314961053657
316.6,0.579855096315648,0.0028829272037308104,1.0110467658918614,0.00013133742489160614,0.11005065828156335,0.027313283856421924,0.9935506126449996,0.08184799652099024,-0.0025619414516187488,0.042934547256773696
316.62,0.5816011785769478,0.002913591309299213,1.0115211661452108,-0.000306336310231744,0.11156107470560497,0.027367797129099286,0.9933806100628781,0.07997837803904248,-0.0030506315658494175,0.042397727196022285
316.64,0.5834425210787717,0.002975681447907622,1.0119371022004195,2.1882750975886276e-05,0.11019090625769107,0.02750183382510866,0.9935298751600327,0.08710309189872914,-0.0014099052923506703,0.03981644622781446
316.66,0.5853053023582736,0.0030498819582973273,1.0123011254363252,0.0006449899875932007,0.10793529941150981,0.027658829496318656,0.9937728836508658,0.08699051973802463,-0.0012512596501002375,0.03706848683440598
316.68,0.5869986355528728,0.0030782528942659743,1.012701804496123,0.00019464225836141782,0.10999308768325818,0.02773288857110221,0.9935453536038489,0.07564674639500715,-0.003663102781182591,0.03836262339630133
316.7,0.5887415096351298,0.0031145680145524325,1.0130985200165608,-2.2280191864405707e-05,0.11044330446739827,0.02782071374084845,0.9934929712327433,0.08387581914355462,-0.0022480551426221195,0.03801039543528738
316.72,0.59052772288428,0.0031702949519037066,1.0135038100836602,0.00021986996627299218,0.1098805945786403,0.02799425641165602,0.9935504658547551,0.08070959006534509,-0.00227713526270438,0.03996826366387769
316.74,0.5922124850479841,0.003198601336602187,1.01398491366632,-0.00024142073686961456,0.11237628529100883,0.027989905063273528,0.9932714016998428,0.07677480905490586,-0.0032628969683897563,0.04290620946147584
316.76,0.5940510879431979,0.0032569991843126498,1.0144401722602858,-1.1109523886125704e-05,0.11089226431148685,0.028130759644766763,0.9934342282981083,0.08740440552825711,-0.001620046231215607,0.04211807075605565
316.78,0.5958576350013557,0.003311532064683109,1.014917010416558,8.755600299410223e-05,0.11060788273830476,0.028247603428961404,0.993462612034603,0.08043297195901356,-0.0024944034220121046,0.043365704406585555
316.8,0.597754576448557,0.003394020167599302,1.0152259258984242,0.000921130702553698,0.10714691523098006,0.028431855737234783,0.9938361633861242,0.09127925085567329,-0.0008884662673989349,0.03345109267170487
316.82,0.5996986764212616,0.0035156571457621417,1.0153279266580848,0.0028557825248055483,0.10116052844536061,0.028270298496582285,0.9944642689477287,0.1007701570222967,0.0023789778997212255,0.019665661827574916
316.84,0.6016745142241244,0.003792407441027922,1.0147848786628977,0.009270799952678481,0.09102456582067185,0.028007805515081318,0.9954115447972386,0.09537692726374877,0.00856787503226654,-0.0183216175842548
316.86,0.6029946334446613,0.003862270215644602,1.0136125029824472,0.011109771033293935,0.09437825779616385,0.027481300062982317,0.9950950183725155,0.07116675618164214,-0.006824975426018873,-0.05212169295555961
316.88,0.6041687272445444,0.0036727085798042526,1.0121898906684594,0.0070310525877022734,0.0982523558394836,0.027854140137527045,0.9947467947918703,0.07300854779086824,-0.013957889511578805,-0.059507701705830286
316.9,0.6053057796323782,0.0036068507161707464,1.0109007671926737,0.006800034060780273,0.10209554597081362,0.028124816493144866,0.9943536864350233,0.06511364224516247,-0.005977504244496631,-0.04806739191357377
316.92,0.6063786464492368,0.003509362850524467,1.0099956597199395,0.005726686055631876,0.10881250389838816,0.028055745531968292,0.9936497970637487,0.06206766645339118,-0.010142924742027586,-0.0275358800951354
316.94,0.6077173798991011,0.0033855718882100424,1.0093870914193703,0.003757637177993298,0.11053206235548814,0.028394480823564057,0.993459761043718,0.07475349679690432,-0.009529320320012424,-0.011491322779639235
316.96,0.6091351989847462,0.0033330853163882988,1.0090774207560418,0.0033920757031499107,0.1128034760784997,0.0285643712941196,0.9932008589905684,0.07084039618984309,-0.006174221809451505,0.004299884766240055
316.98,0.6106145216510654,0.0032791188174553765,1.0089945865285488,0.0026051383478402565,0.11576932709606982,0.028588663978723006,0.9928612009993257,0.0738988240529386,-0.007433542569271941,0.015523042023306555
317.0,0.6122746163538062,0.003225004384362163,1.0090398948377195,0.0014281882892113467,0.11593009604245752,0.02883178392982052,0.992837802133471,0.08194762184066144,-0.006902981958605607,0.02289624339024967
317.02,0.6139907854462822,0.003216655667438144,1.0092087292922363,0.001106341643435961,0.11634586399781341,0.028955702874754918,0.9927859704940432,0.08087934918962644,-0.0048117499748551885,0.029444718476715002
317.04,0.6159156652577856,0.003267386571310164,1.009252024812682,0.001955990049716474,0.11145967060218301,0.029183474361666975,0.99333843213497,0.09553582972040695,-0.0027193069557892697,0.02232736276883432
317.06,0.6176326141349406,0.003285563017089727,1.0093213480280765,0.0019258199241504264,0.11237226062063543,0.029241088467185417,0.9932339729418653,0.07771516595077754,-0.004863906184350699,0.022946900777404074
317.08,0.6192650666225944,0.003249674326210636,1.0095379600423133,0.0004654674340221521,0.1158066892109698,0.029261397564221674,0.9928405535062769,0.07918752380538634,-0.0062582240030285285,0.03155822286625147
317.1,0.6211244254124144,0.0032790489037875666,1.0098680513009455,0.00046985073711437633,0.11394625502094559,0.029498819623053084,0.9930487650905332,0.08760735543968222,-0.0031629174433966756,0.03911614057978844
317.12,0.6229342494296264,0.0033102717363249034,1.0103430004405767,0.00033119357713910726,0.11443038581070669,0.029580647949197635,0.9929907161604951,0.0808702947939118,-0.0039251530494644705,0.04481184094804881
317.14,0.6247450314394947,0.0033283504092072127,1.0108993504612056,-0.00029920177194484813,0.11547480255408096,0.02962995465675228,0.9928683428533888,0.0830165463169752,-0.0040091855510950725,0.04863788946752367
317.16,0.6266594729570896,0.003381228373444623,1.0114682484891315,-0.00020872977068065588,0.1141604178204544,0.029763298797666905,0.9930163651620365,0.0872059968560613,-0.002559460596632163,0.049709565258750824
317.18,0.6285423308163062,0.003433907923860859,1.012048667309001,-0.00023914611224908663,0.11394427233479933,0.029827210325711003,0.9930392656564069,0.08430494044032508,-0.002892649476170915,0.04938308741804709
317.2,0.630496099988888,0.003503735350997523,1.0125181078719616,9.406725057236637e-05,0.11132862057636705,0.029984778458849788,0.9933311846774415,0.09156784181114809,-0.0019945093674747843,0.04331593199820016
317.22,0.6323950285926644,0.003573136425650566,1.0129270712984138,0.00043585292572213857,0.10960433285863774,0.0300617476450158,0.9935205038545342,0.08890417164503912,-0.0016498862395821156,0.03887617313109672
317.24,0.6343116009511809,0.0036694536851467584,1.0131622951000878,0.001568222310778639,0.1060350650154745,0.030237025840910692,0.9939013169999545,0.0883969842067072,-0.001080694365359417,0.030828300662465207
317.26,0.6361054150590567,0.003748514145760139,1.0132705859081104,0.0024995863011595953,0.10421911579654262,0.030327745200218713,0.9940887062239367,0.08559476607558433,-0.00183347975901669,0.02225598708877596
317.28,0.63772888131597,0.0037599855974203315,1.013332962709831,0.001972876155573743,0.10573855219546122,0.030403369481982065,0.9939271107397285,0.07935651068407379,-0.004385287870346545,0.0182450535725471
317.3,0.63938229044447,0.0037870429141542037,1.0132943181216705,0.002026062942003951,0.10532808939176698,0.03066624526749861,0.9939625093811278,0.07902520047146852,-0.0036992123555836766,0.01585442973577493
317.32,0.6408630359189571,0.0037812249216968865,1.0133823916385025,0.0013535087964144667,0.10960498455657483,0.030663744292153412,0.99350120793096,0.07005344393814296,-0.005131649992899745,0.0219326953312245
317.34,0.6425181840530697,0.0037992671477191787,1.0135310755080729,0.001184451520454535,0.10959369465321693,0.030751260552096607,0.993499964338857,0.08482753908658032,-0.0031654637714364246,0.02484091127882991
317.36,0.6443216451310808,0.0038854939688627564,1.0135953022204613,0.002689999942869826,0.10580545268187384,0.030965255132381794,0.9939009623990097,0.08387853971676654,-0.0008980042983191758,0.022024592192757295
317.38,0.6458679896150241,0.0039138371326707935,1.013674890967771,0.0028761113180378033,0.10888542637352024,0.0308348375660311,0.9935717914169159,0.07349474982204413,-0.004541435620456264,0.020095463714291207
317.4,0.6475070821713335,0.00389078731317256,1.0137195347806893,0.0017955837122076213,0.1092783662135092,0.031048312189607612,0.9935245426596241,0.08192247168152436,-0.005903286848225292,0.01985051536789072
317.42,0.6491420238549184,0.0039049437001007965,1.0138317188900747,0.0017283844780905013,0.11026325013078521,0.03121069695567011,0.9934107512772514,0.07618540824010658,-0.003865543784122389,0.024640442666500194
317.44,0.6507445224670793,0.003908468767779539,1.0140567943787138,0.0012839078339475175,0.11283883863241251,0.03114027476122498,0.9931243785974432,0.07720322655658625,-0.004937145105414939,0.029878927796488198
317.46,0.6527286709664388,0.003990171730327326,1.014009621908025,0.0026373140286877644,0.10465400459380772,0.031533081085882556,0.994005155265517,0.1001941789852755,-0.0007987235917971831,0.015514596525794002
317.48,0.654450327575006,0.004124562989001286,1.013706208045389,0.005608172128111115,0.10226385696409158,0.03130138163910732,0.9942489001611681,0.08309539194605142,0.001025482958893103,-0.0017263523788027095
317.5,0.6558233453542129,0.004072242418475852,1.0133138816654204,0.004122482035348168,0.10774684551046435,0.03123900741602617,0.9936788952373266,0.06899566175943529,-0.009852463349815207,-0.004062735073860865
317.52,0.6573059663221722,0.003997145013804933,1.013047712700566,0.0023063964483033203,0.11008801945242923,0.031553213353781716,0.9934181915162997,0.07727469198269148,-0.006603891305258416,0.00579879598461769
317.54,0.6589111591314387,0.004038453088108119,1.012950185860673,0.003434987017130672,0.11007739856890787,0.03166774525217274,0.9934124627258999,0.07891683199405905,-0.0029744987898805047,0.014964769276547385
317.56,0.6604563884397073,0.003991271185913712,1.0130375819856567,0.0021181856610297312,0.11302860317439753,0.03179720045762376,0.9930805537301632,0.07309326835428678,-0.008277537034191566,0.023444465974166353
317.58,0.6620953722623398,0.003959874821054339,1.0132548184736443,0.0010924085853514227,0.11471199562225994,0.03198289393314911,0.9928832052157505,0.07912510161435991,-0.005459734939144049,0.0308063476288153
317.6,0.6638603988547832,0.003993488034320991,1.0135460385829504,0.0014576131803493235,0.11424505351815081,0.03207455612281256,0.9929336160892005,0.08293518550218733,-0.003810230373798371,0.035225267727245116
317.62,0.6657522231848546,0.00403244350865195,1.013771414507139,0.001705138225965468,0.11078634871005691,0.032336140643623806,0.9933165917528005,0.08999723341533042,-0.004217989623314657,0.03149512159125495
317.64,0.667490254847867,0.004043779757919548,1.0140342300328473,0.0012508922638786296,0.11166511998592568,0.032448324845461535,0.9932152045059501,0.07940280902338367,-0.004855117259757316,0.0320458387435626
317.66,0.669193992517363,0.004056828265491755,1.0143423344277442,0.0007914775237990898,0.11345281187716234,0.03245434865694672,0.9930128641129217,0.08064952678252543,-0.004557067214851387,0.034935275204397556
317.68,0.6709994807750516,0.004087950768693159,1.0146764963941262,0.0006286402801023212,0.11280427717732154,0.032602048804553384,0.9930820239414496,0.08453262136113691,-0.0040124925541554736,0.03709528009835432
317.7,0.6727863553397854,0.004125437151740356,1.0150425836586052,0.0005267958103230065,0.11300902414519812,0.0326820568465907,0.9930561746991962,0.08265717474165635,-0.0036112694524370525,0.03778371264394603
317.72,0.6745878985940615,0.004172402160603456,1.0153715366120828,0.0005781122048548555,0.1127872313192856,0.03276917133082863,0.9930784901748196,0.08407551677516968,-0.0034299154622374614,0.03588348197997156
317.74,0.676418653908166,0.004226234440641587,1.0156351683035048,0.0007408079973731053,0.11154860654911772,0.03288909710552735,0.9932143106460178,0.08736547047460147,-0.002980291912219642,0.03221569426828243
317.76,0.6781790209070212,0.004268611991776989,1.015892149590289,0.0006246682352390772,0.11203747535165501,0.032986120825537445,0.9931561456988052,0.08106373782158792,-0.0037279502255532795,0.0321686469311335
317.78,0.6799034434147677,0.0043042362737153155,1.0161840451707806,0.0003387196618364399,0.11344086993064055,0.03300228152466788,0.9929964268377489,0.08155167695690435,-0.0036040974340918472,0.03412956093331421
317.8,0.6817045988397394,0.004358666399676297,1.0164865334047959,0.0004612971370008617,0.11292798954164016,0.03310431365327939,0.9930514391513563,0.08472815728991397,-0.0029731894543463407,0.03524882334182548
317.82,0.6834840148492942,0.0044093067005771215,1.0168086115493018,0.000458438300412241,0.11322949394236011,0.03316994187729292,0.9930149175575052,0.08240702431670316,-0.003273532719637462,0.03570922280876501
317.84,0.6853090531621965,0.0044708090360753485,1.0170763176424706,0.0007078764006121005,0.11215081083203703,0.03325920154591108,0.9931341903555866,0.0877796857355912,-0.002604826828429599,0.0324667082650048
317.86,0.6870964828930012,0.004522059887996963,1.017332081668765,0.0007202690368784688,0.11199923482098012,0.03338040892380291,0.9931472201602888,0.08225040266687475,-0.0034944707154440494,0.03247602680770382
317.88,0.6888470089757439,0.0045699993933943665,1.0175828423366624,0.0007001060504060455,0.1126309428166005,0.03340602584301927,0.9930749307122486,0.08365810159080447,-0.003066078288486296,0.0313780788350882
317.9,0.6906872992093916,0.004641464958488636,1.0177618279923148,0.001261176635820562,0.11051230241725911,0.033475239446258166,0.9933100466581143,0.09068293627755694,-0.0019425370375414357,0.02747332207622965
317.92,0.6925573803319489,0.004741031859757247,1.0178050777427088,0.0026395607201844,0.10681828842674561,0.03365838739632225,0.9937051871328156,0.0871120206554852,-0.001428592263670508,0.021329108306144866
317.94,0.6941695138224423,0.004770075271599735,1.0178439484308743,0.002503082518918232,0.10930693672521039,0.033594397809666374,0.9934370360508311,0.07795172984750395,-0.004555112508462522,0.018459007548015834
317.96,0.6958221869830926,0.004777713098919739,1.017859533009958,0.0019718324518776783,0.11009551729851991,0.033734687964426774,0.9933463946557092,0.08083444214546692,-0.0049444054120744,0.019174605068972346
317.98,0.697465329242385,0.004802308052861885,1.017921882463077,0.001960857830364989,0.11125018261640093,0.03381519180437959,0.9932150244069103,0.07864920209748158,-0.00409294130364967,0.021767168321687312
318.0,0.6991072858253418,0.004817039423408196,1.0180349381251945,0.0016662327107951364,0.11280717132874306,0.033850517040429545,0.9930387244521014,0.07911203608100285,-0.004906072662115487,0.024480706134121018
318.02,0.7008801767856694,0.004853204951773254,1.0181087192609777,0.001818189448891273,0.1110657909236567,0.03393617851076337,0.9932318058045242,0.09024174720744846,-0.0032695460530713107,0.021428464307299968
318.04,0.7028276725143352,0.004984895986868223,1.017925851313776,0.004407156070842754,0.10375279375700848,0.034038614359353625,0.994010717998291,0.09564832953021375,0.0009060598239329974,0.008587054465321046
318.06,0.7043271135106848,0.005040337800535896,1.017664552110109,0.0054882652588001705,0.1074467169222485,0.03372104885085845,0.9936236575441817,0.07019708477428178,-0.0050245733074643865,0.0022804353722746555
318.08,0.7057911348651108,0.004936813026622015,1.0175026086044996,0.0027475081612566804,0.11160937377772391,0.03388442273373836,0.9931705013641159,0.07629747741347229,-0.01028255135497654,0.01060512704006931
318.1,0.707480756575299,0.00494772510027583,1.0174887160040678,0.0030226075475482707,0.11043164844972839,0.034178417875560516,0.993291271790814,0.08223071396129042,-0.0036025306952837005,0.02048596969608446
318.12,0.7090861080120411,0.004953845711818361,1.017680363449828,0.0030598607176278857,0.11280301834845251,0.03413273732033219,0.9930262194659759,0.07437485587254908,-0.006172992008351452,0.029138002807321928
318.14,0.7108147420556222,0.004916814483373478,1.0179225615487044,0.0018032802557112532,0.11266038835581511,0.034355165203630425,0.9930378178597568,0.08475034859648042,-0.007176148411268979,0.031124601238388838
318.16,0.7125919180131173,0.004937361338136456,1.0181979060007347,0.0019129053274802806,0.11191908169210751,0.034557542673302966,0.9931144124373517,0.08134078792043055,-0.004309320128935806,0.034040356426823265
318.18,0.7143380017030748,0.004960272997920517,1.018478409934889,0.001918762690867273,0.11228468108410389,0.034576989101408585,0.9930724548431792,0.08375740617166297,-0.004966452097731787,0.03216353555676249
318.2,0.7161129692625535,0.004963823096821071,1.018716902860116,0.0012890460633124753,0.11190755276823554,0.03477096620911322,0.9931092678565415,0.08269352459170111,-0.005744287522994029,0.03134936904371654
318.22,0.7179043634990442,0.005008542159876107,1.0188905357017097,0.001650083014832144,0.11081937512264435,0.03488217392618163,0.9932268508581785,0.08752533938959046,-0.0031869430040058987,0.02676012450562006
318.24,0.719642814200945,0.005040347637709163,1.0190414435330277,0.0016071043929633982,0.1109481776477556,0.03501323801073223,0.9932079300207565,0.08051854825574122,-0.0049550438360563805,0.026698860800723416
318.26,0.7213081607455495,0.005048299942144348,1.0192471865552473,0.0009513149775041113,0.11304111200103562,0.03503650595317959,0.9929719257098741,0.07958148385185414,-0.004974666609145124,0.02935389965869198
318.28,0.7232271754225613,0.005134348607926528,1.0193058787515736,0.002141025639740388,0.1077933563889883,0.03528170546861354,0.9935447697949159,0.09525335209315222,-0.0017057706852285155,0.02232608191824597
318.3,0.7249408666434655,0.005209209432658,1.0193363135368705,0.003200733969882287,0.10767291884778984,0.03526167594361172,0.9935556914730542,0.07862554298070215,-0.0030353771808416937,0.01906262355484785
318.32,0.7265022077757148,0.005185197316224906,1.019413509643194,0.0018993959017551715,0.111183110873223,0.0352561927019658,0.9931725474598675,0.07722320484013503,-0.007095115456214269,0.021410984454781616
318.34,0.7282865019296693,0.005213755232132963,1.0194388614316277,0.0019274290873996726,0.10841592898179678,0.03562758396429005,0.9934651209886508,0.0865215353497422,-0.003945640711772893,0.021445875112468156
318.36,0.729885364495589,0.005243621381659186,1.019611198535631,0.002053854036181249,0.11116633603720363,0.03559281345732401,0.9931621111610398,0.07313779969677134,-0.004575922060404583,0.027340458794177826
318.38,0.7315316134777332,0.005241289468635281,1.01990211518547,0.0012525691820764212,0.11322076410026684,0.03561851466677305,0.9929304160211473,0.0794886364120317,-0.005691933772554141,0.034156003977561376
318.4,0.7333348786396826,0.005279915122694618,1.0202488328096326,0.0013581416723233825,0.11188318788038885,0.035818448867514105,0.9930746932842689,0.08392542153072087,-0.0038475253987533577,0.03793291900637413
318.42,0.7350756520592309,0.005319176445153422,1.0206584239836376,0.0014211007347901688,0.1129266828572974,0.03582696077785748,0.992956179120192,0.07923691881978319,-0.004249385117721263,0.03968849527733495
318.44,0.736846828384348,0.00534670102308871,1.0210727977942682,0.0010992224610865556,0.11348461309472867,0.035871711763814394,0.992891360923165,0.08283518632221167,-0.00463207093666236,0.04012534822961844
318.46,0.7386793225472652,0.005394097633343002,1.0214546088661411,0.0012140920193274322,0.11259789833155502,0.03598803192168369,0.9929879661054757,0.08494803360155798,-0.0037705926806765227,0.03883563956531476
318.48,0.7404700020739134,0.005440896532207417,1.0218100138112491,0.0012964059150241505,0.11286430532891453,0.03601827924149708,0.9929565204352135,0.08276306995554408,-0.003977028806774781,0.03682426669651634
318.5,0.7422590069809185,0.005481840519896975,1.0221197400855992,0.0012119260300034044,0.11300145335005596,0.036065725774613755,0.9929393064031775,0.0841409730996476,-0.004141334087215873,0.03459496276517521
318.52,0.7440606009938029,0.0055310763296583295,1.0223747062802189,0.001331814614554745,0.11258213578682136,0.03612722191387139,0.9929845481216191,0.08486047666729195,-0.003756852280775688,0.03195943900272543
318.54,0.7459591501955585,0.005611453548199729,1.0224699314398409,0.0022285773175456315,0.10878442363143084,0.03631646217986654,0.9933992637369203,0.0925064514966645,-0.0027135656677634372,0.023800016962200726
318.56,0.7477400358763173,0.005671817681130422,1.0224980404223596,0.0027707006553865654,0.10734634471235929,0.03642392358865192,0.9935503929268921,0.08527101706173731,-0.003500957532149452,0.019102029390263994
318.58,0.7493490691753875,0.005683458738750304,1.0225223584489562,0.002299425902754859,0.1097257046683376,0.036463629549646846,0.9932901822204933,0.07652192202007761,-0.005674652401648659,0.018777903558984323
318.6,0.7509845351205363,0.005696929450358133,1.0225821668524067,0.0019536078911733517,0.11109616812427905,0.036541716663307765,0.9931357046182601,0.08036614061675441,-0.004767331670100013,0.021565044034080726
318.62,0.7526785941454447,0.005733587445951543,1.0226749561632513,0.0021653514447177824,0.11112973835338191,0.03665396382831893,0.9931273732217344,0.08109109908493935,-0.004299149799613737,0.0237874067880535
318.64,0.7543368591092932,0.0057521694217241345,1.0228076820400687,0.0018986640047644213,0.11251060505821106,0.03670572600466749,0.992970517438913,0.07895315399499798,-0.005176619896423675,0.025216895437916727
318.66,0.7560340703095557,0.005777402460009649,1.0229478888538075,0.001760273940681402,0.11315810403827743,0.03677255966825867,0.9928947193844675,0.08187235636535325,-0.0046104432238860665,0.025984654558405595
318.68,0.7578246204610256,0.0058286515109656645,1.0230312046415713,0.002202300469088941,0.11139663481683304,0.036910225111810996,0.993087898882231,0.08763190929203434,-0.0037873851695867113,0.023238507494138978
318.7,0.759563380335315,0.005864045131583339,1.023103054929435,0.0022584167426122556,0.11105905042120544,0.037029798217565184,0.9931211310395742,0.08234152960635013,-0.004763156106934214,0.02246429180355553
318.72,0.7612742238290261,0.0058964577367791905,1.0231273201316873,0.00229725854574287,0.11111349127371603,0.03710201885156581,0.9931122569263144,0.08450314889970437,-0.004409557584370888,0.01896965507498536
318.74,0.762969058995629,0.005925481328256942,1.0231234559194813,0.0022795529618960596,0.11136350841246516,0.03721515482183426,0.9930800596547832,0.08120847453019744,-0.004969041829077172,0.01862898090724232
318.76,0.7646142422937813,0.005941851555708128,1.0231508926264619,0.0019754873935268207,0.11297147152916664,0.03724690376836397,0.9928978861039854,0.08000200405832911,-0.005161752294035695,0.02018546708697018
318.78,0.7663215859825713,0.005972757827837164,1.0231927533445044,0.0019891130068846953,0.11309450858001269,0.03732883160618121,0.9928807752642855,0.08328359754859786,-0.004593458239815405,0.021497248214845766
318.8,0.7680935526916051,0.006019921476689314,1.0232035143350668,0.0023548973593101744,0.1115729308545549,0.03746137385771198,0.9930471192383796,0.08714628919891322,-0.004065384281911993,0.01969993422749414
318.82,0.7697834785664144,0.006043538878359124,1.023239244763016,0.002162038050498165,0.11238466553131381,0.0375545966534674,0.992952498770751,0.07981750960054824,-0.005372509089627294,0.02089452533594267
318.84,0.7715447903656326,0.006079824733832145,1.0232108340772346,0.002270891262756177,0.11094359497190791,0.03769574405522672,0.9931089530699564,0.09022108808624958,-0.0042775892363234695,0.016324378521799764
318.86,0.7733066931624173,0.0061283215102278165,1.0231413063577712,0.0027015112177662783,0.10922779114009884,0.03785325488288652,0.9932920630784112,0.08454953587232042,-0.004110182326152995,0.015626280650058468
318.88,0.775036132749221,0.006184876095373005,1.0229885587777143,0.003439822167528957,0.1075937830366149,0.03803183141940472,0.9934612852417609,0.08410966110889315,-0.004349623184272654,0.01080313643054215
318.9,0.7766165663851884,0.006179500238880463,1.0228615308070503,0.002748884742291051,0.10955284453069214,0.038092673868553535,0.9932469814127056,0.07944561848731888,-0.0063815536879826785,0.009957805486772778
318.92,0.7783570174096107,0.006223282728372313,1.0225616892197233,0.003315055307047079,0.10623169904830466,0.038430969216588534,0.9935929232491018,0.08689386440684863,-0.004110435272684215,0.0035694843003809588
318.94,0.7798903637551784,0.0062598173683938016,1.0223033720864687,0.0038839702423812085,0.10819429626567967,0.038388884541706525,0.9933806936791021,0.07585167422402463,-0.004586710601853313,0.0035776633945725166
318.96,0.7814014327294769,0.006240636102474474,1.0220852550640551,0.003070173270660388,0.11061694881974339,0.03843487990863305,0.9931149101067346,0.07680361483852166,-0.007197408522865931,0.0067252495005106815
318.98,0.7831754274343172,0.006295556594891152,1.021711881494937,0.004077822107441253,0.10550035107677723,0.03873628042989272,0.9936561517285512,0.09243512112135345,-0.0032233898858097408,-0.0008648492124424514
319.0,0.7847039846884671,0.006359549718009712,1.0213114523132172,0.005574058413561062,0.10671782444437929,0.038637380802988015,0.9935227167122782,0.07478911486272478,-0.0037093361350226785,-0.004556061940380293
319.02,0.7861709977198335,0.006320130842526444,1.020851648097259,0.004538494259779452,0.1089241760530506,0.03874392115919079,0.9932843673964814,0.07677644430365302,-0.009129391792087469,-0.006378372228678877
319.04,0.7877129475799683,0.006297385840922638,1.0204182263589119,0.004057997804659911,0.10913535129425415,0.03898042366019299,0.9932540129911225,0.08051523791214585,-0.006320320767148434,-0.003754225346395359
319.06,0.7893430076366437,0.006345920695404372,1.0199683972942948,0.005370376526914147,0.10704496880743142,0.038999295779350615,0.9934745032650258,0.09025689272863127,-0.003118229273178422,-0.007376699165095134
319.08,0.7910730082735874,0.0064664192724621814,1.0192109969356657,0.008571709754048125,0.10110877486751378,0.03898529347318955,0.9940742871282267,0.08768373376562404,-0.0013515206757452418,-0.02287356951103386
319.1,0.7922991546881616,0.006427396972112299,1.0184012896410088,0.008260335903933018,0.10781907919702537,0.03868962522549805,0.9933830710817304,0.06367209112842225,-0.010645837474603435,-0.026179325150928596
319.12,0.7936310871816852,0.006271003654520634,1.017743447274075,0.005151671353652265,0.1117047737516026,0.03891921839113405,0.9929656581388857,0.07587851884153787,-0.01281376279047613,-0.014282286979305125
319.14,0.7953845493583646,0.006315422611077752,1.0170243468370996,0.007076569591933488,0.10447966508144516,0.039213265536578314,0.9937284546359922,0.09503485494654684,-0.00284814634755435,-0.017700808795651207
319.16,0.7968303095513029,0.0063758426289184725,1.0162309481545073,0.00957514762105445,0.10539729492512466,0.0388625705773395,0.9936243894845892,0.07221385189141348,-0.00533653743067976,-0.025463347563371264
319.18,0.7980528109603751,0.0062020542941454,1.0155435595630427,0.006256337667063115,0.11233360638318447,0.03893396337299735,0.9928877910479178,0.06764142876107083,-0.015969588314932975,-0.01709164059311098
319.2,0.7995521268334672,0.006100467369992396,1.0150562252324562,0.00477736695341879,0.11292355228268891,0.039291965177588005,0.9928149825507945,0.08046232500990969,-0.008686791370627677,-0.0034372818168798363
319.22,0.8012958169060879,0.006180147960969327,1.0146076771437456,0.007649733632802216,0.10788701524193028,0.03928418443158953,0.9933572501225727,0.09079779383748512,-0.002611557988508986,-0.0032662233739908396
319.24,0.8028233013810857,0.006157600748603691,1.0141500771351384,0.007904914596481058,0.10904162458109841,0.039197712219886396,0.9932325889693028,0.07498960592811006,-0.009871584556816578,-0.0066289616464667135
319.26,0.8042311347826118,0.006003256063823148,1.0137929041203448,0.0049528603866463685,0.11371349606284381,0.039458330331284895,0.9927173566300849,0.07300587932565272,-0.013272894721992098,0.0007721189661450613
319.28,0.8058389857930539,0.005961269381825845,1.0135956257577161,0.004747067355358198,0.11401617517726173,0.039684477583221786,0.992674629165276,0.08166245449503233,-0.007175933279324011,0.01119812815681979
319.3,0.8074799260624094,0.0059227073434201345,1.013589713389376,0.004280944397383555,0.11504144023153279,0.03980485112436785,0.9925536329949571,0.07839034498402045,-0.009226612822269081,0.020510427170617615
319.32,0.8092359736772866,0.0058688020131208996,1.0136007692133027,0.003083930047007583,0.11379905955576752,0.040118335051531374,0.9926886634853755,0.0871474617290002,-0.009141697834901225,0.02034346799395869
319.34,0.8110158204083774,0.005874947473386126,1.0136319302276446,0.0032037587913155345,0.11239921379484741,0.0403324478767685,0.9928390837976591,0.08537622199757187,-0.0060500664086614725,0.021762721651208378
319.36,0.812687022977034,0.0058611538359513715,1.0137512975517582,0.002621485958913952,0.11434218551784356,0.040366477190485944,0.9926175194613484,0.07854648157952045,-0.007870927127917957,0.025782934560749572
319.38,0.8144763505344433,0.0058535868991648875,1.013873540837774,0.0019235176379483881,0.11326449181477842,0.04060045099742375,0.9927331254434105,0.08795562100983398,-0.0068921878521227015,0.026158747070656234
319.4,0.8163933306602204,0.005928878069155024,1.0139306350693038,0.003126599734182073,0.10858927202817677,0.040771290583950036,0.9932453353721888,0.09546002859946726,-0.0027431130540914858,0.022019645738382103
319.42,0.8181154978725362,0.005990516768786204,1.013960781832611,0.004069522061410067,0.10865461125656607,0.0407575692842949,0.9932353371628055,0.07822450197598317,-0.00504679080046073,0.019780791631596285
319.44,0.8196711600073857,0.0059403725826544275,1.0141054484672944,0.0022987272209485073,0.11299472029396443,0.040787221710736586,0.9927554137772161,0.07523989491657135,-0.009008511672793701,0.02635513067782518
319.46,0.8214918557449573,0.005969255367980389,1.0142949320913364,0.0024091640096241466,0.11041506632910686,0.04107893292752609,0.993033348043181,0.08934448005054076,-0.004639929792290709,0.030118156150382713
319.48,0.823222237605633,0.006007551675833719,1.014610541242049,0.0027030140990729422,0.11100322560928237,0.04117304625852326,0.9929631201010984,0.07684898072758467,-0.005581869839684003,0.03575579019246002
319.5,0.8249542000060478,0.0060022002028780105,1.014942534225793,0.0017765134423840124,0.11168977150121709,0.04131185675240536,0.9928824549933711,0.08459362311357746,-0.007048471440316983,0.034142488361951155
319.52,0.8267613547483526,0.006039893932027458,1.0152434132934298,0.0018485092735666035,0.11042505720226332,0.04156640329552555,0.9930131539271855,0.08249457369579574,-0.004797106224139332,0.03521602476207594
319.54,0.8284677940863397,0.006081763842035493,1.0155876868287883,0.001991911487451215,0.11200703695893316,0.04151370818584575,0.9928378860584274,0.07962101937122694,-0.00492222502727574,0.035603152378150066
319.56,0.8303088475896729,0.006125179253751765,1.015835776651212,0.0020050937669281225,0.10968370834926049,0.041725886288268905,0.9930883214171832,0.08971155887772271,-0.005131276554627255,0.030912027336037123
319.58,0.8320428961627513,0.0061595167245538495,1.0161020946774875,0.0018524331977714849,0.11024556486740734,0.04188929819018502,0.9930195217695611,0.07771189267811489,-0.005304010051033823,0.03252425896723156
319.6,0.8337441540009848,0.006190753785436466,1.0163785078789989,0.0016121696707581225,0.11147751996854693,0.04192441921803696,0.9928809125589257,0.08292995356981606,-0.005233263692655256,0.03152975834338981
319.62,0.8355268018377912,0.006236116434839276,1.0166341372185523,0.00162371275022123,0.11052618315083924,0.042132760586602286,0.9929784271978742,0.08259112057877808,-0.004927743433731869,0.032682470368527686
319.64,0.837233987362388,0.006284680018831282,1.0169201468203233,0.0017433559638237713,0.11172174340167347,0.042136050535881445,0.9928442808449428,0.0802550812627155,-0.004404242247015583,0.03252252007770107
319.66,0.8390242480574819,0.006343366078877575,1.0171272842608212,0.0020402405919017863,0.11044026064101566,0.04226755131991161,0.9929814904384121,0.08661068284775665,-0.004445538241896252,0.028873082759193886
319.68,0.8407404505764094,0.006380295610591813,1.0173461190988267,0.0018458112329824343,0.11120292617552147,0.042391004875142455,0.9928914869695326,0.0787408841848519,-0.005359922686926865,0.029949638483329866
319.7,0.8424131817149679,0.00641288027779652,1.0176271852732002,0.0015883136937327766,0.11329086898920092,0.04237062200012056,0.9926567315314014,0.07940465441273628,-0.005025872631409354,0.033326135772386675
319.72,0.8442171751330649,0.006471881258668436,1.0179181842911684,0.0018791871891790605,0.11216210335741021,0.042419973425246,0.9927822908777891,0.08624462390591722,-0.004244866688448078,0.0343698528684381
319.74,0.8462954782862819,0.00663495720820174,1.0178983037514973,0.004736447474486501,0.10258344211550262,0.042608915032957675,0.9938001226749628,0.10322984716478348,0.0006718179998122126,0.01641301562107155
319.76,0.8480670559034379,0.006799974643447416,1.0175206625032043,0.008177961079907769,0.09901513060193179,0.042291011180650685,0.9941532051136666,0.08511931128849537,-0.0007924692188417178,-0.006451032679222241
319.78,0.8494506570402157,0.006757732913486976,1.0169003002935346,0.007013159646033471,0.10329559515719271,0.04227223750299239,0.993727273224093,0.07275569741789446,-0.010825846291692004,-0.01851278441062735
319.8,0.8508368539604155,0.006691888563747796,1.0162759619898978,0.005763146277919749,0.10610236719329369,0.042521201762561224,0.993428921071672,0.07382421042542622,-0.008404512346853705,-0.014380239698938499
319.82,0.852281567944795,0.006695388213442462,1.0157514276896984,0.006438269996685481,0.10731767296233954,0.04263049969203504,0.9932895379723907,0.07613817779445924,-0.0066563610477736205,-0.008750064679845349
319.84,0.8537087658945789,0.006625449065363583,1.015371743484175,0.005189455235281662,0.10987814235985989,0.04281553211391723,0.9930089091220227,0.07262262131475869,-0.010518200592999748,-0.0013736503885694183
319.86,0.8551673802590719,0.006566488507544194,1.0151334555832794,0.004194340365403597,0.11270377806461247,0.04296840162556339,0.9926902751516234,0.07422678805903406,-0.00859133458845992,0.006376673229111729
319.88,0.8567526114285856,0.0065510399578788125,1.0149840995939634,0.004041931979504542,0.11335023157373163,0.04312526397661661,0.9926104973225911,0.07897049470775165,-0.0077191544454037085,0.012191117960756736
319.9,0.8584319920449149,0.006536150073644044,1.014877184007208,0.0036118804886391236,0.11253184237615405,0.04334291383148011,0.9926957895505355,0.08471715131694703,-0.007828555027610259,0.013451311530281942
319.92,0.8600704364941756,0.00652144675127827,1.0148483564813937,0.0030561587148741375,0.11371152875677903,0.04350361783890879,0.9925561864985941,0.07747955458341334,-0.007729179005749054,0.018364148810362455
319.94,0.8617471236079175,0.006515091119519853,1.0148938248474932,0.0025009577829452913,0.11455577527175421,0.04360213115884207,0.992456333407401,0.0851690332681266,-0.007301139790075545,0.02087863961954515
319.96,0.863598270099003,0.006546641985323222,1.0148688400688644,0.0025991516859312984,0.11093125922829965,0.04399489272666405,0.9928504165031642,0.0878300602591183,-0.0060726954728131735,0.020084492860248538
319.98,0.8652844965628618,0.006587082760853171,1.014892378751625,0.002947016757715994,0.11185856737345437,0.04399556341122011,0.9927453683586328,0.08238367875817913,-0.005196797773181527,0.018886774558744174
320.0,0.8669733023843554,0.0065978362044712665,1.014896089951873,0.002431975158018613,0.11250315839934816,0.04412252386700521,0.9926682868585092,0.08144960308828846,-0.007201039743773395,0.01938190925663905
320.02,0.868644359326351,0.006616026772349408,1.0149505516185588,0.002092933809786619,0.11381524392053569,0.044209924845610246,0.9925155880007741,0.08058598458354152,-0.005893856002964616,0.02221078439499618
320.04,0.8703834107196805,0.00666221943764736,1.0150244666414483,0.0023305269612329707,0.11356041130389101,0.044291538670171285,0.9925406093610492,0.08501019734473372,-0.0052299852581646,0.023409029310523126
320.06,0.8721175126074903,0.006691087761854817,1.0151449059064288,0.002040576715190701,0.11389525652933886,0.044418302067673214,0.9924972146198752,0.08169749726984489,-0.0062633530908055065,0.026169185863827344
320.08,0.8738921724234131,0.006734977532865991,1.0152670090418514,0.0020684272997761664,0.1133106172859089,0.04449583881180458,0.9925606006422105,0.0890925175595407,-0.004957305522803405,0.024492025569192877
320.1,0.8758298494575069,0.006841375213188215,1.0151848386714932,0.0035795715679162485,0.10760344816157368,0.044791323628899836,0.9931779407229607,0.09260007665490323,-0.0028379636055153087,0.015769380570776207
320.12,0.8774697619170505,0.00689516706847009,1.0150508708902604,0.004074564622153631,0.10910215059207153,0.04475527347056502,0.9930141409647195,0.08256562611934651,-0.005603021425639588,0.007796174943515995
320.14,0.8792540281111016,0.006927953226081538,1.0146431102239324,0.004044403654800533,0.10491713430509371,0.04502070787573494,0.9934531562135437,0.09386697517294894,-0.006054583179351011,-0.00333719088478984
320.16,0.8809029856682479,0.007037188588423238,1.0141065533175595,0.006390677486943122,0.10290581537545847,0.04506514301911823,0.9936491761622088,0.08025054848226096,-0.0018579189116174795,-0.010615073357440446
320.18,0.8822592917240442,0.007020518264783106,1.013583086350272,0.005891928533092328,0.10773704552450038,0.04493389646633586,0.9931459908533917,0.07220391931589251,-0.009575971189341144,-0.011256176768178873
320.2,0.883736575707618,0.006958497657525731,1.013137500687182,0.004372643708806109,0.10919659197654566,0.045243480167054866,0.9929803682802983,0.07683398387653266,-0.009126889090211282,-0.0033891923262690483
320.22,0.8852050993078955,0.006963719099614462,1.0129044384914982,0.0046810763276614025,0.11192899148241635,0.04525634571031868,0.9926740913124972,0.0729373078862148,-0.00621349222835066,0.007497869720934197
320.24,0.88676648682111,0.006936505409931638,1.012815860153628,0.003931460790070472,0.113465802671401,0.04535172010972507,0.9924985021264666,0.07865404012316723,-0.00912652939257739,0.014601616485054597
320.26,0.8884081481502906,0.006909476281495142,1.0128370960432438,0.003033097285814828,0.1142247171106417,0.04557339084524928,0.9924044439484916,0.07870164888230155,-0.008083740754347176,0.02125715921664993
320.28,0.8900573581482152,0.0069209410539814815,1.0129783835003698,0.0029635505126386643,0.116039489736129,0.045555295687638005,0.9921949250147118,0.07888213444613798,-0.006607895677546699,0.02721915075258883
320.3,0.8918098424424039,0.0069285116094028945,1.0131898440715694,0.0024927789765159082,0.1162077533922766,0.04564991812868696,0.9921721771342604,0.08362052934508549,-0.0075073566249730965,0.03141622147241137
320.32,0.8936112639263846,0.0069488980974253415,1.0134498035411792,0.0021664772701911915,0.11597791538405919,0.04578444597567419,0.9921936373642528,0.08425177879410717,-0.006556241369022613,0.03395617410179523
320.34,0.8954980152519947,0.007006174817097091,1.0136523403121052,0.0025881794821878685,0.11362671653404302,0.045946145874457514,0.99245716396021,0.09198802480302884,-0.0053274868261848395,0.029923453619895467
320.36,0.8973097687638635,0.007038018571298747,1.0138623659676085,0.0023177670918371257,0.11336772345904127,0.0461135426881174,0.9924796866506506,0.08247606007367574,-0.006858684997307579,0.03115987761383889
320.38,0.899121090761343,0.0070708958690145025,1.0140334330720417,0.002038958871833412,0.11269034567342168,0.04627406127778061,0.9925499684608245,0.0892624438949434,-0.006110343123967745,0.02719652168015766
320.4,0.9009252223953952,0.007125182810197216,1.0141910870735247,0.002266596172920865,0.11192018342621567,0.04644520883538075,0.9926286202099298,0.08336208895488112,-0.005382269549707797,0.028417047816514385
320.42,0.9026504507680233,0.007164324854678027,1.0143969565669748,0.0021196955766783995,0.11313972515494812,0.04643963832341799,0.9924909417596289,0.08275908139256437,-0.005929796646463528,0.029438184686414966
320.44,0.9044521853271916,0.007212184912708971,1.0146002462346075,0.0021047343912706322,0.11221449224096368,0.04656246193035281,0.9925902553235295,0.08558162191120196,-0.005607141022694545,0.03038622671087692
320.46,0.9062314251790567,0.0072659873468934036,1.0148329451064704,0.002244601289963412,0.11195528975985966,0.046594101832190905,0.9926177333365984,0.08358566552562037,-0.005332729069688153,0.031344549652088355
320.48,0.908023096184523,0.007316339457308244,1.015071424159156,0.0022713190849599657,0.1112682650887646,0.04661593144248879,0.9926938950298324,0.08520473075281189,-0.005603120633036011,0.03150060898067719
320.5,0.9098719437204806,0.007377890750152453,1.0152694610853654,0.002553784500378562,0.1087131730699256,0.04672932966310824,0.9929709431473968,0.08838626772396865,-0.005214229074905924,0.029337818328378402
320.52,0.9116538763417624,0.007429366581103615,1.0154675867393705,0.0026698663796817686,0.10754163746146995,0.046773706925322296,0.9930961123507052,0.08351115065458163,-0.005672761811878681,0.028637053750081642
320.54,0.9134090372752508,0.007473217737421431,1.0156653009465604,0.0026630491893265933,0.10648745785648557,0.04678384765137177,0.9932092433557048,0.08406119290898832,-0.005706053117311621,0.028254875997970063
320.56,0.9152433408289857,0.007542017402488243,1.0157979280043012,0.0032873418845078277,0.10247160591965292,0.04690806352610651,0.9936238709591333,0.08942069140042916,-0.00470532625904097,0.024483661557054715
320.58,0.9169808858378864,0.007590427572958007,1.0159166724470774,0.003540874452492405,0.10020257624749128,0.04695596067470241,0.9938521236474737,0.08240041888437843,-0.005688511243418689,0.022442423709783867
320.6,0.9187170206453021,0.0076485768151413405,1.0159174603168295,0.004187974762502122,0.09644614596828426,0.0471167904681411,0.9942135635019442,0.08380531001738731,-0.00543680073400553,0.016170412919095566
320.62,0.9203208012274858,0.007679916697033099,1.0158873469165095,0.004402834300584486,0.09492654346050561,0.04715909204873284,0.9943568707631588,0.07818358070501112,-0.0058103690209707105,0.012659689396320608
320.64,0.9218434816906098,0.007694108397764336,1.0158211443664908,0.004385477479588626,0.09429773168879542,0.04719445187685703,0.9944150989891831,0.07426419711911098,-0.006698927593800541,0.01077593988499273
320.66,0.9233428978232128,0.007701222516908232,1.0157424796011831,0.00430503828401094,0.0933294276623486,0.047242575453249364,0.994504511624827,0.07460548688044358,-0.006498615896257366,0.009845200398816015
320.68,0.9248475681913927,0.007720490311073295,1.015647846820191,0.004596034715829784,0.0914541330151445,0.047343430571751284,0.9946726183026438,0.07359849531991337,-0.006261245401570514,0.00926892590967105
320.7,0.9262956203970463,0.007727832384925625,1.0155535403974987,0.004678970377276827,0.09043622276336614,0.047373323417643234,0.994763874030853,0.0717797625531196,-0.006430957667451968,0.007999993485799406
320.72,0.9278772477765215,0.007787434431534579,1.0153141218756494,0.006061810780124914,0.08465817098688519,0.04729028445557773,0.9952687463852825,0.08697463621888916,-0.003067001703764036,-0.002250686702215045
320.74,0.9295132083940463,0.007964742482040035,1.014687978750022,0.010690512829149117,0.0752442647489888,0.04720959406134738,0.9959895922078688,0.07977340392254377,0.0007104208975345025,-0.023388410987268526
320.76,0.9305494773832954,0.007938935405669326,1.013858207067275,0.010987027804814921,0.07971022537584559,0.04678191327102344,0.9956590871283456,0.05246925659725402,-0.011159758239144234,-0.03411577356938221
320.78,0.9317404735868908,0.007802146017319098,1.01283767944791,0.008735913647695997,0.07775232448161266,0.04709528621946665,0.9958214166537857,0.07029382259741103,-0.01273835926061286,-0.042156416272562044
320.8,0.9328519264487307,0.007753505117199993,1.0118906588038632,0.00917456577734297,0.07709366957742124,0.047320619322643316,0.9958579981306602,0.05657059207687012,-0.008035118908669618,-0.03623741369353267
320.82,0.9338279968199419,0.007662684490894158,1.011118562034107,0.008648640466273196,0.07977549305923586,0.04717535871532672,0.9956583536812822,0.05727966901582078,-0.010353046743194198,-0.030014689888002634
320.84,0.9350073995236025,0.007579750702572,1.0103764609774093,0.008127912767052138,0.07689237728985683,0.04749113753553272,0.9958745358750503,0.06187591524716214,-0.01054934066398632,-0.025377867391208453
320.86,0.9359955869759323,0.00747487746909202,1.009865621583721,0.007207986940543829,0.07971042131615051,0.04749688038222492,0.9956597511257665,0.0499668990010489,-0.01041639234265868,-0.014638021221487945
320.88,0.9371235814206004,0.007399793424263244,1.009511224731204,0.006821759219795862,0.07918372997860262,0.047544914143575576,0.9957022053038262,0.061787562114257656,-0.00888034717820259,-0.007149487114071569
320.9,0.9384009386141463,0.007350730606387613,1.0092477547247227,0.006805017097803443,0.07518199210895493,0.04777576956201153,0.9960014235168468,0.06426686034231308,-0.008722376009672166,-0.0020490869159792363
320.92,0.9394994440384254,0.007269319126089251,1.0091346519524187,0.006022987961482469,0.07631719332009745,0.047813772495284436,0.9959182962369594,0.051776772601186107,-0.009507491523451924,0.004350369132439033
320.94,0.9406999252370417,0.007230478655530529,1.0090510428859394,0.006153799324750294,0.07444722781177908,0.047807092152855564,0.9960593471098498,0.06307946641801844,-0.007058453571590256,0.004739832746033304
320.96,0.9420892419650865,0.007241741374761321,1.0088774431911112,0.007286967177618538,0.06698272507806535,0.04800993100688719,0.9965717541527969,0.06871050174506989,-0.005889288878542311,3.0036973750917947e-05
320.98,0.9431276865493219,0.0072120730274261875,1.0087020041868637,0.007770081280449843,0.06814899124823225,0.04786332644972918,0.9964960826866858,0.04780258913608874,-0.0073916010951865455,-0.002002981369366779
321.0,0.9441651063413116,0.007130562869011394,1.0085240473053183,0.006999311913139741,0.0682946339314531,0.0478626885450885,0.9964918542838909,0.05426113387954891,-0.00958798236143706,-0.0011216845643035544
321.02,0.945296601342206,0.007063406783931208,1.0083938836677537,0.0065653645524653215,0.06550464716288179,0.048073854932918415,0.9966719328145286,0.05607818716869166,-0.008331315744165868,0.0019527627572844797
321.04,0.9462865230970933,0.006998876512641134,1.0083725133061516,0.006312650516726017,0.06629511733804351,0.048085532487238423,0.9966207349970236,0.04651429529048494,-0.008080191363162736,0.006619138675347301
321.06,0.9472801509352086,0.006919630529686945,1.0084457072730564,0.005581421701637157,0.06680855219397905,0.04808630906046923,0.9965907745742351,0.0497153184979833,-0.008570515018304557,0.01138555604108189
321.08,0.9483610936310399,0.006867985035169491,1.0085732237676253,0.005370967018498811,0.0650023875706314,0.04821787151519755,0.9967050111191111,0.05216795032106282,-0.0072819659958827596,0.014071533241395756
321.1,0.9494078126057831,0.006830320911523823,1.0087274424165364,0.005434489162517676,0.06401433489713625,0.04824953250462313,0.9967670810516893,0.05016725054993678,-0.006673196711497716,0.014212932130470663
321.12,0.9504355304521472,0.006785615607202695,1.0088605579381043,0.005228699148811086,0.06319706289825558,0.048225310897969095,0.996821504249903,0.049942968429222946,-0.007065222055767495,0.012677748658824298
321.14,0.9516269562198929,0.006795858959704595,1.0088703096263143,0.00624914375718388,0.05718983514839496,0.04840309034447663,0.9971697006042181,0.059575655080660796,-0.0048070050183097795,0.006564558492264219
321.16,0.9527350642426698,0.006785488457548559,1.008812597804541,0.006812145521248618,0.05243374055788072,0.04829870982817001,0.9974324699714966,0.056859927485667615,-0.006531722416951384,0.0011906182368741141
321.18,0.9541567295500236,0.0067136360268529515,1.008562881325926,0.005392612709230613,0.037306093670418455,0.04865708677519929,0.9981040341616564,0.0740789568699276,-0.012364008593925061,-0.007619994268499783
321.2,0.9553568120031433,0.006605616815350943,1.0083181759056916,0.003240886451526029,0.02554656856069437,0.049090173069298866,0.9984623299843657,0.05283007863840966,-0.009941936308196654,-0.00848842661350135
321.22,0.9561678104875092,0.0065483390582717176,1.008153835023541,0.002631530480140145,0.02050611355238754,0.04895846550520586,0.9985868229701833,0.03893045181303626,-0.006475663236581265,-0.005167837088614095
321.24,0.9569607084428162,0.006485649389278921,1.0080798336079106,0.0015128872809003304,0.012525783430639918,0.04910665615139536,0.9987138490294167,0.038478116391970685,-0.007179474434679635,-0.0015370332833312236
321.26,0.9575357173226873,0.006437749315473104,1.0080882752001818,0.0007247353199916227,0.007413818490584826,0.04921881299412172,0.9987602407492773,0.024410039122637235,-0.004325051574259141,0.0016114575452202853
321.28,0.9578952269974166,0.0064121083151278775,1.0081470056897543,0.00045523026616853875,0.005289479454992343,0.04912717869950804,0.9987784211152775,0.01671975301535037,-0.002897485082162414,0.0036982135225663453
321.3,0.9582109373779008,0.006387833413864179,1.0082299815053297,-8.205238478955085e-06,0.0021699194048394248,0.049173583910655565,0.9987878904090859,0.01486385967788544,-0.002598754327665175,0.004335679860033249
321.32,0.9584090381647726,0.0063779436054503275,1.0083165070831885,-0.00015241134575001572,0.0005309394288649636,0.04920037993444483,0.9987887752114613,0.007921741417228933,-0.0010823563057737848,0.004263469934582426
321.34,0.958510092940249,0.006373484768877872,1.0083954871706744,-0.0002018778525910721,0.0001441060598907765,0.04915254375993032,0.9987912524250021,0.004598260589158906,-0.0007169809475233519,0.003922320024565171
321.36,0.9585949806441354,0.006370148133302267,1.0084646300424718,-0.0003161756125695537,-0.000746693109612313,0.04917162679518125,0.9987900147682182,0.003935197147097489,-0.0004724627449059775,0.0032133474085497167
321.38,0.9586315291761001,0.006373666155385329,1.008511677266612,-0.0002618346832638972,-0.0009833479499106895,0.0491780735791055,0.9987895081289431,0.0010984778686101806,0.00012791671643925254,0.002012356121093955
321.4,0.9586350623442409,0.006376343956989919,1.0085317277178152,-0.00023790391648250718,-0.0007917372744627744,0.049156430538464746,0.9987907498022456,0.00014067371212252324,7.422640730141977e-05,0.0006796846808374652
321.42,0.9586399037955114,0.006378978339555946,1.0085220021673893,-0.00023858823312736564,-0.00090147841804837,0.049164816077712774,0.9987902438812473,0.00021067753548473467,0.00015300339555825946,-0.0008849659611021262
321.44,0.9586304760405459,0.006384031508491115,1.008482519515543,-0.00016593133511413877,-0.0007749676046558089,0.049165359844138695,0.9987903380006237,-0.0006780623331560797,0.0003251250393845156,-0.0023235354502032764
321.46,0.9586103062892998,0.006378971462368149,1.0084136643836945,-0.0003594517902535532,-0.00042464131253461805,0.04902072030451108,0.9987976068528563,-0.0012228125184072813,-0.0005745204290882142,-0.0039030272456457233
321.48,0.9583912704575714,0.005898562474422173,1.0081206315020261,-0.013429179402844344,0.006141438151932651,0.047542843804519674,0.9987600401903208,-0.018528484888814804,-0.03312142735475742,-0.020581949100870144
321.5,0.9580432314125208,0.00494665451900873,1.0075517759009853,-0.040378385652278866,0.0174066825345838,0.04573211919615889,0.9979855543288612,-0.01807272134736378,-0.04262110843342906,-0.03302862106368063
321.52,0.9579712709437652,0.004613661461378996,1.0068132776116567,-0.05456368603362033,0.021878427095913516,0.04441350991996511,0.9972820958639649,0.0008232945100720534,0.0017700521658645142,-0.04298954765641951
321.54,0.9579470510683173,0.004778542783754062,1.0056319508254112,-0.059712236394075364,0.026197502881989396,0.04296658663895792,0.9969463436415037,0.0016478941242106895,0.012243716886799863,-0.06258344671647115
321.56,0.9579137743088124,0.004577139484427325,1.0043285635840056,-0.07872003804991765,0.03295199505255062,0.04214577765797011,0.9954602227397543,0.003350487150259023,-0.0026123241324871585,-0.06418144660052497
321.58,0.9580491154812121,0.004700360990415005,1.0032136263396891,-0.0937999418432816,0.03680268258348125,0.041735693721398216,0.9940348411069152,0.014155860396399092,0.02302755056666172,-0.04910608302959375
321.6,0.9583073623901622,0.0053848710015666525,1.0024114430689746,-0.10003933789499621,0.03901032252784593,0.04137376902787622,0.993357205060814,0.019646649199896615,0.042891064588230866,-0.02507847342706284
321.62,0.9586473256636697,0.006252751361040298,1.0020695672584978,-0.1078499884483269,0.04111502752767707,0.04120460110828269,0.992461644271758,0.022114958003619064,0.04424680552872828,-0.0002611043979129185
321.64,0.9590814472570661,0.007394308913371677,1.002090478344936,-0.11403060056053507,0.04237321340090263,0.041217281356662104,0.9917170305280892,0.02707677599409803,0.05768517412735284,0.02007572442179349
321.66,0.9596093250907568,0.008926506754203027,1.0023170096651568,-0.11464620293953305,0.04223790270964408,0.04118767132661886,0.9916530559913223,0.03160635070411567,0.07215412499187188,0.03376808398110441
321.68,0.9601617991764795,0.010524925040792277,1.0027886671729185,-0.11758896239504128,0.0426383969132599,0.041262407437366866,0.9912881603065768,0.03072639765330077,0.06858694383067707,0.04657087841133502
321.7,0.9607562979530954,0.012265355810469513,1.0034422804832595,-0.11984636729294676,0.04265345630283776,0.04141570466038719,0.9910107316873967,0.03367744881409899,0.07698377842094592,0.05713124727376591
321.72,0.9614021067992038,0.014237977500942061,1.0041801584411398,-0.11835339114412019,0.04163388652847102,0.04152946150596797,0.9912287314864544,0.0360503149442087,0.08502444185185047,0.06301422436467637
321.74,0.9620510104151617,0.01621907792532082,1.004993230117238,-0.11826248180716793,0.04082507757083358,0.04165683390642402,0.9912678783391689,0.03558622855329231,0.08303770778754746,0.06569778825915819
321.76,0.9627183454327999,0.018279691586895658,1.0057793127748038,-0.11662577862979025,0.039346351568377125,0.041777290446994,0.991516490220995,0.03791151200734479,0.0900251056674908,0.06412989462201457
321.78,0.9633649368480414,0.020340715362849274,1.00654929598791,-0.11512420346349678,0.038159953057984745,0.04189007731606631,0.9917335615889793,0.03563151101385176,0.08659691630914217,0.0633083542815038
321.8,0.9640044165179231,0.022395680702509677,1.0072566642110614,-0.11328279950787881,0.03665588391479881,0.04197473115853214,0.9919987275466897,0.03678649568805872,0.08996978382765146,0.058905072936181614
321.82,0.9646538328719265,0.024528439579392415,1.0078375858269333,-0.10841330573221035,0.03407081528096555,0.041653437998809655,0.9926483394380832,0.040098363254136155,0.09989530734994742,0.05078139032173519
321.84,0.9654425517416922,0.02692889912257142,1.0078772890743637,-0.0936701030937319,0.026056392663799634,0.04111037191220851,0.9944128486242519,0.04950484681733174,0.11134326252511258,0.018458775040841067
321.86,0.9660840693897891,0.0285280755298065,1.0072480223763987,-0.09593157384544941,0.021143412104449522,0.04139745131592089,0.9943019361786752,0.03442273284576903,0.07189505166772692,-0.02392808077625367
321.88,0.9663176139464431,0.02974102121701864,1.0063715735604009,-0.10383523647629418,0.025407685718691918,0.04129242522099574,0.9934121142766987,0.015810004192398742,0.0688082134298433,-0.029476010931813762
321.9,0.9665903890534732,0.03115757138239474,1.0056606210209516,-0.10522106357909401,0.027023365184628795,0.040874686021644104,0.9932409201981232,0.023501907189979507,0.0755011272699915,-0.015145582714556783
321.92,0.9669994928751195,0.03272374127724077,1.0050617552840106,-0.10295919719146876,0.0245712732311978,0.04081858560122375,0.9935439091026634,0.028225175626149533,0.08119484517278955,-0.01193289245595124
321.94,0.9673435942828655,0.03423600256864672,1.0044007508779225,-0.10180535098228063,0.023619575379277332,0.04058797636799616,0.9936953267197287,0.02395259317914205,0.07996596451001398,-0.01852256983360639
321.96,0.967618753676179,0.035666978601631254,1.0036250537778557,-0.1020378062532004,0.024100960539906843,0.04012832401241769,0.9936785936146771,0.02152566164715032,0.07874454803396679,-0.02552779312980157
321.98,0.9679092417120164,0.03710349802586836,1.0026761403578217,-0.10117578645197402,0.023736042799319,0.039785268867254975,0.9937893101101529,0.02204934081852316,0.07415718310970094,-0.031904288017352164
322.0,0.9681345565797811,0.03821869954699195,1.0018972288748835,-0.10903276538606518,0.025474839233334805,0.039757957431742194,0.9929160052386903,0.01592096406382518,0.05959467689075291,-0.02213740468237973
322.02,0.9683227197674151,0.039539032712696986,1.0014478990372184,-0.11298128800025813,0.028306979873936915,0.0394349402122402,0.9924106150896796,0.01645498113036292,0.07194201975322947,-0.0014644650441328609
322.04,0.9686188175535072,0.04109832778725129,1.0013231875104718,-0.11346626804894712,0.028779729958137785,0.03928405665345801,0.9923476689403916,0.021603536932334303,0.07547147387846855,0.016701316181116123
322.06,0.9689337673274084,0.042640302576910226,1.001532090928113,-0.11730899388275978,0.02974579185648618,0.03931815336608217,0.9918708941374006,0.019936209144831088,0.07054570128012125,0.03255277576446311
322.08,0.9692645794899981,0.044368624972862196,1.0019660918886883,-0.11869536999269062,0.030871879834363847,0.03919222545167882,0.9916765125997165,0.02197191472083463,0.08025573607654665,0.045165243228936065
322.1,0.9697055243952689,0.04642807147965351,1.0023755515581227,-0.11281872710176988,0.029191993311239738,0.039000013362789014,0.9924206574328022,0.029205440040542686,0.09497073533990749,0.0445567128784446
322.12,0.9701482040602422,0.0482610138358171,1.0028331303451057,-0.11373832057237702,0.028035605455008578,0.039138785043443654,0.9923435668988183,0.025505309392572294,0.07776349957723033,0.04387475299868397
322.14,0.9705237353480888,0.050200905210171835,1.0030697249670617,-0.11069418493846149,0.028266031345623447,0.03898900375117837,0.9926871040157963,0.02493498923507754,0.09336847578227492,0.03183734690321123
322.16,0.9709022394389377,0.05198161919329778,1.003319584875809,-0.11158254396229442,0.028427446887715136,0.03892638099282711,0.9925854890180241,0.024168075486116013,0.07721955625529422,0.03383213628820826
322.18,0.9713025543988194,0.053722647058247315,1.0036632002675838,-0.11341671403618883,0.028072490301790844,0.039039083727776626,0.9923832597374791,0.02566307778056085,0.08481173556969193,0.036935860567990586
322.2,0.9717163372439691,0.055847671637778186,1.0036602474524015,-0.1038177043979134,0.026573504792113335,0.03869240560405299,0.9934881130870075,0.02805783209344665,0.10049563814431126,0.01959805757617208
322.22,0.9721146343528988,0.05748779017481634,1.0034565341677772,-0.10560456598827252,0.025579490183464528,0.03866210773485241,0.9933270391718335,0.025764016219871132,0.07451118694741343,0.0054678941042511225
322.24,0.9724513747659106,0.059057955944297406,1.0031365972413917,-0.10729226278169157,0.025828521367175096,0.03873249132752887,0.9931369754201747,0.02329054381228437,0.08644489486915628,-0.0017338074958537677
322.26,0.9727481390707198,0.06085239690389191,1.0024783988429513,-0.10116081066963886,0.026300518206488054,0.038327466587821546,0.9937835671974513,0.02249189269024956,0.08900595085355956,-0.016071201111501197
322.28,0.9730613619142436,0.06220717083446935,1.0017217698606053,-0.10544373944072119,0.026488432684975517,0.038247071246375705,0.9933363691558492,0.023483844185863495,0.06958168172605168,-0.023168410187254608
322.3,0.9733944432774978,0.06353088986284915,1.0010887362514462,-0.11004415057774794,0.02617388706422491,0.038454630236967005,0.9928375768336477,0.022587847932175754,0.07109708345996754,-0.012454200029517967
322.32,0.9736964458576493,0.06498216759996857,1.0007208311463234,-0.11248670902239877,0.026717198551831543,0.03839728475322472,0.9925515503581827,0.021220470049400503,0.0733190610651366,0.002875332211493043
322.34,0.9740351574352468,0.06651202001887163,1.0006013249918857,-0.11479983031373325,0.026469145526354893,0.03845407368095938,0.9922911203434112,0.023036194487804102,0.07497987985094606,0.01508311187695178
322.36,0.9743826598334995,0.06812468191923327,1.0006747687556852,-0.11688904796736531,0.0261931616969053,0.03857822811242147,0.9920496908226466,0.02251713251684965,0.07628034695462486,0.02554340284915374
322.38,0.9747334505975779,0.06990733041978044,1.0008227667026321,-0.11597828238125216,0.025768445548777986,0.038566604342637194,0.9921681522097817,0.023866133920091518,0.08641718738438825,0.029106099638191142
322.4,0.9750942486425062,0.07168808997897123,1.0010940014865206,-0.11657242306965399,0.02518483974269154,0.038648002639689226,0.9921103395886806,0.023054224700280432,0.07915090955193142,0.0366170088741193
322.42,0.9754433670795087,0.07351336437996815,1.0014337569811633,-0.11681011190385854,0.02486514308685579,0.03872958859049836,0.9920872650043892,0.023009196451267692,0.08586590617298577,0.03877208948276405
322.44,0.975802896497315,0.07543186012684096,1.0018058724628482,-0.11522136034917695,0.02407690680921799,0.03875545029640754,0.9922914671355932,0.023762448437691226,0.08663468932462112,0.041937601565642274
322.46,0.9761518097669889,0.07725854168802009,1.002293698935235,-0.11674165095081468,0.023618900891423145,0.038897932548627466,0.9921191890581503,0.022118689821973087,0.08063250543649488,0.046835581479417965
322.48,0.9764872291612169,0.07915633253467894,1.0028659087816074,-0.11690453258741876,0.023330491827515874,0.03898189539805292,0.9921035380658506,0.02203748398515851,0.08560882283193162,0.05167644513458519
322.5,0.976832067452735,0.08114064525565111,1.0034765238621917,-0.1152953026535574,0.022565973658486522,0.03902536163528057,0.9923078106959073,0.0228748191844615,0.08845776812404946,0.05345035742386067
322.52,0.977170626349633,0.08312337510479262,1.004079479936314,-0.1137766211730638,0.0217828473811169,0.03909743654749242,0.9924977473474823,0.021953804947847343,0.0863094929684285,0.052718597674327385
322.54,0.9774835637245888,0.08499472867645705,1.004735707757549,-0.11518523576392987,0.02159280975957214,0.03920335054719134,0.9923352303201619,0.02051117231921479,0.08184327427392195,0.054447207774888304
322.56,0.9777963574546918,0.08693897856690114,1.0054114270747263,-0.11463701370116912,0.021115205571392875,0.03928380581294629,0.9924058070085072,0.0211049311854952,0.08654558220805471,0.05598696212381662
322.58,0.9781053504802044,0.08889124198535184,1.0061031124834583,-0.11398854324979558,0.020548697095276583,0.039358605810568104,0.9924894272505498,0.020581497350234727,0.08484548048848783,0.05649429248250052
322.6,0.978398287716529,0.090828398857206,1.0067585831751724,-0.11349879802832304,0.02019721162354651,0.039411944805393735,0.9925506506448002,0.02004598768324218,0.08632600685816473,0.05337534349267333
322.62,0.9786855927171,0.09274602480771477,1.0073656649873535,-0.11317276695848175,0.019769762582707413,0.039464826058653424,0.9925943828223817,0.01983192807655206,0.0844891979533375,0.05117155600942427
322.64,0.9789585123840226,0.09479367328069399,1.0077433402058555,-0.10818024004364574,0.019240465901785537,0.039381643422286325,0.9931646018144934,0.02024728655671208,0.0956777648932593,0.038744190217674404
322.66,0.9792219890781906,0.09655547954235812,1.0081098472151453,-0.11002584999602917,0.019022084871453994,0.0394086683011023,0.9929649689100457,0.01838145198572817,0.07531838560261969,0.03768428567183817
322.68,0.9794834533486443,0.09829738962952222,1.0085027742770147,-0.11165412790699446,0.018684960209990702,0.039558379555416905,0.9927836433937806,0.018762261499197182,0.0835584324331272,0.03873592388261471
322.7,0.9797351669545533,0.10015575690326686,1.0089230621512941,-0.11018991660971632,0.018307631803558915,0.03953494834060921,0.9929551856730466,0.018245325463749927,0.08257712535943232,0.04271377504735861
322.72,0.9799762220856699,0.10202030607105762,1.009286482155446,-0.10825165631218435,0.018027949998747246,0.039508054826464745,0.9931745493760603,0.018395114016605058,0.0906993524859271,0.03473150938188331
322.74,0.9802058763583908,0.10382886050679782,1.0095184206002714,-0.10700191370197576,0.017872752934167044,0.03941386783166671,0.9933165166195602,0.01733540106082695,0.08053409882210506,0.030236596825903156
322.76,0.980421355595338,0.1056903830882922,1.0094275762744471,-0.10242211437462162,0.01771402896519754,0.03925186868976462,0.9938084395240431,0.017814448783151127,0.09204144634986927,0.011310782794479545
322.78,0.980632671607516,0.10721298570022436,1.0092471279339847,-0.10557178588835947,0.017816400440202246,0.03922137741288487,0.9934781615383061,0.016306688851611566,0.06922817829632347,0.006946901778006347
322.8,0.9808491575707353,0.10878139213520757,1.0088803012722531,-0.10585764186032354,0.017504875874337324,0.039250035927814717,0.9934521496579797,0.017677958815668374,0.08321096567490296,-0.0028333270608429965
322.82,0.9810618079069234,0.1102746708097305,1.0085748964571948,-0.10804604031749894,0.017275761421095916,0.03925896903114164,0.9932201843446611,0.01634700085136411,0.07068590517262884,0.003411148927334484
322.84,0.9812723798446011,0.11168693125765466,1.0085189223699378,-0.11328871919681345,0.01722904555395666,0.03942793999521828,0.9926299731721678,0.015930267047412662,0.07017476565918866,0.016862320850713396
322.86,0.9814774307435744,0.11343853588270808,1.008528841060711,-0.11055172627332878,0.01695377816809618,0.03937624374307401,0.9929453140291765,0.016899001629671246,0.08694480865126439,0.021294698630927224
322.88,0.9816807300500292,0.1151904841347701,1.0085785929150612,-0.10876665633050824,0.016712893376748514,0.03929055401677885,0.9931499111567765,0.016716271029758402,0.08644447508863277,0.019269781380630926
322.9,0.9818678021136472,0.11700325478259402,1.0083471855912753,-0.1043862585651146,0.016631507438753666,0.03907993088099748,0.9936295391067177,0.016045423889533346,0.08600979147032117,0.005620137644867861
322.92,0.9820596536641811,0.11846681347744177,1.008056533863314,-0.10845824031270185,0.016670214237317113,0.039122051773436216,0.9931910083818675,0.015832631763469746,0.07246123221101404,0.0007526681009608916
322.94,0.9822638760297853,0.12009345184836326,1.0076745812829002,-0.10730837058848602,0.016075979713084554,0.039177709642578155,0.9933235039729356,0.017533652123819233,0.0900214347971138,-0.003696706292940203
322.96,0.9824277701209421,0.12191028127698071,1.0068791579988547,-0.09953695832246093,0.016051055078874776,0.03879317220580533,0.9941477995494323,0.0154380747916758,0.09101240871277458,-0.025711130303867253
322.98,0.9825884683165892,0.12318815002692385,1.0058312141621921,-0.104304354212197,0.0164075865649682,0.03870109508221241,0.993656690228032,0.015495100169361875,0.06921113460439846,-0.040599985988403496
323.0,0.9827865856956741,0.12443138626407871,1.0048419288545323,-0.10894288318706108,0.01570202485627339,0.038903343901749994,0.9931623353971724,0.016219952094915006,0.07162173704770335,-0.031570731147192506
323.02,0.9829497221705256,0.12578281835142538,1.0041377493635386,-0.11175085804408247,0.0158625038437756,0.03889887412937768,0.9928479260640496,0.014131669031686977,0.0722777222177413,-0.014906439385175099
323.04,0.9831212072396442,0.12720839962925626,1.0037095599803547,-0.11449281769419667,0.015808427673606552,0.038919640279235786,0.9925355156927467,0.014984326968627077,0.07436346157051785,-0.0016006457538587202
323.06,0.9833056894391221,0.12873132697218287,1.0034980862978522,-0.11672251728248467,0.015440502529055308,0.03901322735956508,0.9922778909820984,0.015180210379339431,0.07577407723394008,0.01044384678297132
323.08,0.9834820706238712,0.1304095690501107,1.0033957542489014,-0.11652288972986218,0.015183990353892741,0.03902995430497896,0.9923046534572366,0.01524638554786415,0.08368447846364155,0.0160318177821874
323.1,0.9836624746429843,0.13210094176880302,1.003447659250272,-0.11767991985679341,0.014849541639023118,0.039080069768752924,0.9921711927497587,0.015100979943252695,0.07954686722561449,0.02444301495920234
323.12,0.9838345266482421,0.13402229182002318,1.003366820953266,-0.11291909602959535,0.014386175065518675,0.0390145826991661,0.9927336893929072,0.015892525489620175,0.09618133742692248,0.016673512116523816
323.14,0.9840067465164861,0.1358104422487116,1.0032629048119452,-0.11173577307038206,0.01392967861570885,0.03893956354783322,0.992877027360756,0.015327456343518,0.08364059578606217,0.014835454192772681
323.16,0.984174864497918,0.1374863997543204,1.0031762194087839,-0.11312119891030525,0.01358704051471907,0.03904062273155872,0.9927209156978001,0.01487821068549047,0.08655139947851362,0.012606099106802198
323.18,0.9843150332702703,0.1393582187671097,1.0028703371738954,-0.10819186599143892,0.013531755814886534,0.038875550816196404,0.9932774553298762,0.013962157628117769,0.0910644866376418,0.0047811095914224834
323.2,0.9844528555594931,0.14092633133069846,1.002580779067843,-0.11079819956551487,0.013733771049904345,0.038845692092754174,0.9929884967670191,0.013396822449888324,0.07693184570788249,0.0027408644399357024
323.22,0.9846154951607028,0.14248756719413963,1.0023717176931461,-0.11331364747077481,0.01323426480913476,0.03897459998001628,0.9927063272127504,0.014332151173540045,0.07842890020599225,0.0095236866766264
323.24,0.9847600878027747,0.1441276121154602,1.0023261056420956,-0.11451783722688436,0.013139284506774622,0.03900957417129385,0.9925680214889563,0.013096807495833867,0.07941380216928744,0.018937384412806544
323.26,0.9849026245293346,0.14579100639275888,1.0024560013972013,-0.11635984188950342,0.013082350602941353,0.03904707827831167,0.9923530445240136,0.013197851427964803,0.07866741426242427,0.027698175340151114
323.28,0.9850528354157452,0.1475863889263222,1.0026627255915679,-0.11574952448636217,0.012687335918062393,0.03910780859017647,0.9924271552087626,0.014088625164664487,0.08811966615443437,0.030544768079799816
323.3,0.9851873213855468,0.14954747614338562,1.0027305669554742,-0.11076237322749814,0.01242414370075148,0.03897151558418613,0.9930048128299213,0.013450127427813093,0.09103269880056372,0.024744820579593957
323.32,0.985323441251006,0.15118236613472807,1.0028920187167911,-0.11463018430232076,0.012419345970373767,0.039040537012698634,0.9925631048765837,0.012713246272329864,0.07527163334305739,0.027048545114981764
323.34,0.9854638528472417,0.15299972232553677,1.0030125427344991,-0.11325812260524798,0.012013118727196438,0.039084205195695165,0.9927238828327853,0.013700260030692421,0.08850352032342398,0.027465109856351606
323.36,0.9855984081036075,0.15475954245561083,1.0032862616015785,-0.11414143258498938,0.01179512758863866,0.03911199423640346,0.9926242291217082,0.012505001653163561,0.07884950630985593,0.03531781380146347
323.38,0.9857287320235054,0.15650804093351645,1.0037193865337322,-0.11606769112949329,0.011681967740867098,0.03921549425416576,0.9923980893351072,0.012485159219328025,0.08181764240229823,0.042873906140144795
323.4,0.9858509238073909,0.15852758247097992,1.0040672910347253,-0.1108776610539619,0.011391633119984926,0.0391155656874264,0.9929986643973974,0.01303138674268881,0.0934981899966239,0.03963880474962708
323.42,0.9859688775564186,0.16039887979710002,1.0043817520429075,-0.10946297825793166,0.011293931161550353,0.03905557304330783,0.9931590837947769,0.012576167097936495,0.09002568412564049,0.031861022073047134
323.44,0.9860754929507078,0.16231506049903266,1.0043845692650866,-0.10502924174687699,0.011253206239435333,0.0388938755374284,0.9936445492091666,0.012148726163845276,0.08930838768281565,0.018246083548087867
323.46,0.9861751472490076,0.1640970845823147,1.0041127364605298,-0.10193705684394232,0.011355154607951657,0.038736812718964495,0.993971506757714,0.011920096624916604,0.08785607181429704,0.0017433556750578564
323.48,0.9862786038910711,0.16566793756977338,1.0036627431192495,-0.10239307773864217,0.011443759699637025,0.03865427293415137,0.9939268308980684,0.012030694431325617,0.08409837798217977,-0.010889777403194429
323.5,0.9863790164337122,0.16723520468643893,1.0029295310959614,-0.10071618072995685,0.01145724701511994,0.03850020720368274,0.9941039766922164,0.011577180442399878,0.07889156225740931,-0.021421004149830638
323.52,0.9864918193925567,0.16846765138890823,1.0022805848869125,-0.10717820653366351,0.011474969218276315,0.0385746335416234,0.9934249618228829,0.011405234396163533,0.06497100417218725,-0.016925658871326257
323.54,0.9866116521706813,0.169862711337285,1.001804212428395,-0.10963566945022926,0.01117154415569544,0.038645273432894214,0.9931574696022148,0.011983582488128855,0.07540715850552124,-0.005044023019135593
323.56,0.9867257523028873,0.17132631815698546,1.0016083477331277,-0.11210151883904128,0.011026672670408251,0.03865339402380319,0.99288346601917,0.011176030672731232,0.07089953376379668,0.0106172703979374
323.58,0.9868423913491582,0.17281208638268625,1.0017101356270477,-0.11621294182872292,0.010885892541644078,0.03875982364552425,0.9924080438841947,0.011239883844981641,0.07184380992891229,0.02571052784241982
323.6,0.9869559544872378,0.17452935104869713,1.0020010792222516,-0.11638765852932195,0.010644459877609086,0.038805378232464764,0.992388407346746,0.011755839470934877,0.08203517757171613,0.03630462835191002
323.62,0.9870504996760927,0.17660765958223615,1.0020537630036834,-0.10729130297973012,0.010430781027549902,0.03858684409160096,0.9934237920319392,0.012068176066425889,0.1018837091819688,0.021541957573300043
323.64,0.9871258808985425,0.1782458297263507,1.0019311887587665,-0.10931336012875337,0.011106559079939259,0.03844450942510317,0.9932015169832497,0.00972893013748953,0.07264330681390588,0.009748728843418117
323.66,0.9872460696493556,0.1797114546342734,1.0019010018758177,-0.11538131976245615,0.010778506083239292,0.03862392267299469,0.9925115452496449,0.01193334649132688,0.07457898537261272,0.017801265437409373
323.68,0.9873591556189498,0.181509342565162,1.002024184198174,-0.11343454926106802,0.010349744547498343,0.03863554039738547,0.9927400368877756,0.012018235042598828,0.08652858257214373,0.029772457287888094
323.7,0.9874695565711045,0.18325218955584782,1.0023970558249502,-0.11458052469814722,0.010090712118566767,0.038664558868328563,0.9926099600428937,0.011347291878347982,0.07873066774747783,0.03963194976825788
323.72,0.9875764424438195,0.18509094581847635,1.0027655631426156,-0.11361459872245075,0.009758639255934991,0.03868231326493651,0.9927236123702722,0.011679026108460059,0.0851835782909778,0.03933655925424205
323.74,0.9876813554109326,0.186869698895966,1.003220061650982,-0.11493437606488424,0.009482467704169904,0.038746519283732135,0.9925718509247633,0.011070418589300964,0.07948447513949339,0.04346192267623919
323.76,0.9877773669006061,0.1887128993561992,1.0037258988817856,-0.11501595592252595,0.00929605616683596,0.03880958621153252,0.9925617004705855,0.011091050287156064,0.08647293345730488,0.04573383078056252
323.78,0.9878694655058494,0.19068552190108556,1.0041795475702957,-0.1117793297416788,0.008954477736303035,0.03875117679780604,0.992936828336907,0.011254794493679013,0.08792207785862456,0.04497208397666487
323.8,0.9879602821178637,0.19249511925410526,1.0046862109721375,-0.11295740787114135,0.008741653502240584,0.03881157230215536,0.992803036536711,0.010574068215838405,0.08257495955301782,0.044141137090853835
323.82,0.9880412057653652,0.19434282804979613,1.005151018429517,-0.112755974923921,0.008628619596795803,0.03882608683882752,0.9928263554235421,0.010310953321630551,0.08413729375152287,0.04350950103403057
323.84,0.9881208480182657,0.19615197034489393,1.0056415013548252,-0.11361892792821641,0.008504004368586995,0.038866077378938615,0.9927274798026476,0.010096199950491673,0.08152982748455695,0.044597240031743285
323.86,0.9881954807561232,0.1980347903782518,1.0060852433938705,-0.11234213691422447,0.008345668950504755,0.038872536054015194,0.9928738691415157,0.010327625155393193,0.08828356789337133,0.04188400079377991
323.88,0.988268846601477,0.1998614469519683,1.0065480471937915,-0.11261266227168894,0.008211234601806396,0.0388798933798061,0.9928440551331168,0.009775376147593821,0.08083028974927371,0.04357763051939759
323.9,0.9883390501754241,0.20166392539543318,1.007039394030378,-0.11349468946354306,0.008132178645376903,0.03893697611566101,0.9927420284369056,0.009729377451902829,0.08361536265186092,0.044200771890146665
323.92,0.9884052025893938,0.2035279089476616,1.007532726495984,-0.11282877489104505,0.008034071856082396,0.0389342186832617,0.9928188393969573,0.009672138985365617,0.0840555313728117,0.04549159801301542
323.94,0.9884712101383581,0.2053323966580935,1.0080728405414194,-0.11399333834452532,0.007971108463262338,0.03898166034436342,0.9926844465386442,0.009382164783290646,0.08092250835358061,0.04711293235488388
323.96,0.9885332941367343,0.20718135114615793,1.008628155438202,-0.11414884158633797,0.007929675433901263,0.0390167616616349,0.9926655300358975,0.00941609235529953,0.08418536907728039,0.04824661570631742
323.98,0.9885944827879063,0.20905876221998243,1.0091838395655466,-0.11376165727508498,0.007847163187031166,0.03902938938652811,0.9927101360054993,0.009468037186801986,0.08433120490861075,0.04835803081335964
324.0,0.9886553686504405,0.2109092249325003,1.0097362823085319,-0.11418270589303646,0.007772698474712196,0.03906933639410011,0.9926608090315091,0.00934031356077987,0.08330014007030023,0.0477408639142614
324.02,0.9887104850981286,0.2128603580869387,1.0101823118050939,-0.11154911079197898,0.0076862565145893605,0.039064015714919055,0.9929610868601726,0.00989175136607752,0.0947750717926126,0.040395406325820137
324.04,0.9887489095621536,0.2148911550561607,1.0103271729241148,-0.10539649792880212,0.007847540207063661,0.03886437370408044,0.9936395497330167,0.008863726010529772,0.09245413243272475,0.025830459255666304
324.06,0.9888009742225328,0.21648605391176196,1.0104129341163555,-0.10951504089447868,0.008071677881538659,0.038887072439912115,0.9931913710011331,0.008864402609575517,0.07395634584569781,0.02082063056415755
324.08,0.9888751073486193,0.2181739215588784,1.0105206933782092,-0.11023999914175411,0.007612987232721597,0.038998349776101573,0.993110423734119,0.010121070328429632,0.08425396582610797,0.024516234537078848
324.1,0.9889309377327117,0.21995978888101822,1.01066547072084,-0.10835159029508012,0.0075127363873178695,0.038927316781334056,0.9933217785192809,0.008938194168472937,0.08189482664960021,0.027888648828275492
324.12,0.9889900072910945,0.22153069444888623,1.0110015267736014,-0.11278269520875477,0.007554390475436134,0.039006823076741824,0.9928249909220928,0.008587465970080662,0.07154611597297769,0.03597901436481556
324.14,0.9890505075064993,0.22328541587431738,1.0114582630698437,-0.11307953293593526,0.007367778147796921,0.03907539928468321,0.9927899315801396,0.009262973582667165,0.08303190027843785,0.04358325786107646
324.16,0.9890935875983354,0.2253325572813449,1.0117482405117557,-0.10556511264224498,0.007264347163525368,0.038913779089487496,0.9936241513017346,0.009352147159641102,0.09729296693070258,0.03350084534925862
324.18,0.9891140523359815,0.22717164324548594,1.011776923866425,-0.10235764174543269,0.007910322857961241,0.038720763603124084,0.9939622942720652,0.007913194050076377,0.09195147751675896,0.013414442022268727
324.2,0.9891246103368344,0.2289260198053398,1.0113305455148534,-0.09847485815046943,0.008812408226638094,0.03846672770740184,0.9943567542049365,0.0072645426825047685,0.08428937511150503,-0.008835555935635673
324.22,0.9891859253376901,0.23017868962472268,1.0108494510481858,-0.10619257839537116,0.008964158615801921,0.03851934467276923,0.9935587754330562,0.009304348477183564,0.06264901199760713,-0.00929171396507986
324.24,0.9892815425546313,0.23160085231786662,1.0105386670095522,-0.10909593796001554,0.00819960570474573,0.03869901863570842,0.9932437911930505,0.010418203627210586,0.07633995077295543,0.003554911519348436
324.26,0.9893495009382868,0.2331623095433593,1.01048426081646,-0.10977433701864926,0.008107861568712734,0.038652432565076264,0.9931716100300596,0.009026047655878808,0.07417200436889694,0.01794267101672651
324.28,0.9894194327380129,0.2348067992474478,1.0104928033137615,-0.10925111394657644,0.007862799015005403,0.03862689533019373,0.9932322656107342,0.010083208190270806,0.08539922657586863,0.0159485642078149
324.3,0.9894909338062974,0.23646024151106337,1.0104513745178656,-0.10892602667983249,0.007509095449549053,0.03858711243350581,0.9932722531870695,0.009462700313790087,0.07604270256451404,0.016675770604740816
324.32,0.9895586000322505,0.23800840669261833,1.0104515982998612,-0.11172005916314054,0.00731167909367907,0.03866311311814648,0.9929603876355939,0.009289375025011825,0.078460027684419,0.016351769798107783
324.34,0.9896175185606261,0.23975210467959227,1.0103815503169045,-0.1093811133706274,0.007023957949147081,0.038615264103960954,0.993224696345551,0.009593440789325381,0.08602340410633486,0.0158153647270761
324.36,0.9896768437301959,0.24132059879136958,1.0104522159350835,-0.11249213992460615,0.006855417315436711,0.03866336436419878,0.9928764605753605,0.008534097937676868,0.0719296705413965,0.022709590875230598
324.38,0.9897281271544659,0.24294437330798918,1.01069969894804,-0.11506371701757037,0.0068048673606626205,0.03875625060354093,0.9925784542520857,0.008462036400238281,0.07883995495950588,0.033029061494126224
324.4,0.9897749188509141,0.24476157991031913,1.011069396553689,-0.11381896425272817,0.006629043560126373,0.03874293330842211,0.9927236696465807,0.008839858474408397,0.08386880532427483,0.04047632230774955
324.42,0.9898221188931107,0.24653065800989557,1.0115667052103798,-0.11508585562703737,0.0064824728068475475,0.03879586182316261,0.9925764980525679,0.008348209085831207,0.07915925138023445,0.0453856563639698
324.44,0.9898607579147577,0.24835888255420746,1.012116218338146,-0.11550437506346008,0.006467394365186504,0.03884390203773584,0.9925261021382801,0.008262441877210328,0.08388369355707229,0.04829062079060821
324.46,0.9898979997656004,0.2502859959373725,1.0126508200248043,-0.11374829964793062,0.0063372125152422595,0.038842476543372376,0.9927297850274861,0.00868765788805494,0.08843467153011053,0.04739776946565879
324.48,0.9899351634577028,0.25221216429375887,1.0131226971125162,-0.11191581024305065,0.006157390799053677,0.038824516219045126,0.9929398747640998,0.00851456316100573,0.08602276544024741,0.04424401788308048
324.5,0.9899707351689593,0.2539959269608326,1.0136267921452617,-0.1137249897083659,0.00613324957786867,0.038895822961547755,0.9927316479903275,0.007917491629791504,0.0805308903071422,0.04499235513034153
324.52,0.9899995073101082,0.2558713480873427,1.0141292471857128,-0.11293343674992003,0.006143528461787765,0.03891436233093962,0.9928212166982872,0.008116711718775586,0.0871142321288366,0.04553432364282297
324.54,0.9900184859757052,0.25799288192215675,1.014339310054113,-0.10439331199454148,0.006058210403607531,0.038741239968118506,0.9937627739170192,0.008664645195684478,0.10188370932021866,0.028830385447744876
324.56,0.9900304582755874,0.2596620348369868,1.014390907983475,-0.10646322496782579,0.006602250752706684,0.038642027353337494,0.993543549994902,0.0065883759583559,0.07302677913919395,0.01822835992053341
324.58,0.9900756395663082,0.2612187039151656,1.014416613016272,-0.11004434755203052,0.0063790504986198145,0.03875828705546211,0.9931502124407517,0.008686626415852468,0.08019750656798104,0.018032350702273176
324.6,0.990115373249572,0.26296777016878453,1.0144737468047937,-0.10828525659393567,0.0061142715301204225,0.03873130293879022,0.9933462664452437,0.008210010546428658,0.08253439710834758,0.023680842464545764
324.62,0.9901491496786936,0.26453834170818347,1.0147317630884414,-0.11201206134908233,0.00621645849139733,0.03877673448917211,0.9929305205393328,0.007239869452059619,0.07182074638404604,0.03188169041862028
324.64,0.9901858445766346,0.2662604481209896,1.0150732700957532,-0.11231784248660495,0.006076841053941073,0.038822639855949415,0.992895048278807,0.008239404957190524,0.08322663081128562,0.036657353251482463
324.66,0.9902208935284325,0.2680515665613583,1.0154821937795566,-0.11170481852048164,0.005905298373746271,0.03881542275827714,0.9929655200088872,0.007910914428661832,0.08046991090098057,0.04092160889241994
324.68,0.9902516112188243,0.2697630610199023,1.0159798032689409,-0.11394442776481885,0.0059292173664183,0.03887899443110192,0.9927083839450517,0.007490221837117753,0.0777971665571502,0.04436634824237665
324.7,0.9902786917574853,0.2716530775315257,1.016429787659205,-0.11167233523588216,0.005820403112290093,0.03886536232183588,0.9929677215610624,0.008294378591166607,0.08964073348388038,0.042222403700236215
324.72,0.9903093968179283,0.27347529573334733,1.016895975475023,-0.1115422677431737,0.005664771198278208,0.0388669949452372,0.992983176885645,0.007748190533990987,0.0800315941244075,0.043232441591328954
324.74,0.9903357886167259,0.27521756449749535,1.0174231448195308,-0.11367487870952823,0.005691640413019159,0.03895183121302017,0.9927378213934106,0.007415319333301422,0.080053852315801,0.04605626596097732
324.76,0.9903563774047147,0.27713361569166145,1.017917972892485,-0.11123079587537028,0.005643512724309443,0.03892272286538845,0.9930160534743667,0.007988352436646026,0.08903731162603558,0.04518130614880479
324.78,0.9903822205410484,0.278984974611121,1.0184078380278507,-0.11057502084087077,0.005503570829045605,0.0389251853831933,0.9930899785100314,0.007795232842765387,0.08382085836574585,0.04310139928191721
324.8,0.9904019963365529,0.2808303246635449,1.0187573415510747,-0.10925972947734663,0.005474499677659029,0.038897132775066165,0.9932368068238788,0.007541969342669768,0.08475865050713918,0.03612509505010157
324.82,0.9904221607018524,0.2826038585746121,1.0190196944148346,-0.10910460568559407,0.005460380355961339,0.038901842143704894,0.9932537520404268,0.007687321103415873,0.08626329896450216,0.029258069647060535
324.84,0.9904346317885506,0.28448788968298594,1.0190034192071415,-0.10449249454732557,0.005448238227513357,0.03876948666151737,0.9937547797054843,0.007496888833843983,0.08881770741395645,0.017228241120983506
324.86,0.9904549869975487,0.28598793247415727,1.0190310415891728,-0.10942083823544238,0.005623910597368341,0.03881411642162131,0.9932214839379255,0.006692102501186672,0.06936130224671708,0.018339399775038994
324.88,0.9904782108147799,0.28774222697415053,1.0189960718250661,-0.10679189530368956,0.005440727246292537,0.03884343330503623,0.9935074621126679,0.008484136348864108,0.09707791178720537,0.013145117745493595
324.9,0.9904416126290854,0.28972502185755705,1.0183039468384254,-0.0958616528058557,0.006518175446195462,0.03830754757247925,0.9946359076110034,0.004828541079514295,0.09688751587287159,-0.024914722324759976
324.92,0.9904150231053718,0.2908524373506022,1.0171681856676602,-0.10501575432403615,0.008220679312963417,0.038126333200418965,0.993705436481092,0.005139880760290346,0.059589793624527244,-0.04718077421903056
324.94,0.9904677523619115,0.2919995123704359,1.0159837410624608,-0.11161861103616204,0.007942461932393095,0.03821247116209788,0.9929843956560931,0.00904958964781865,0.07459043626759247,-0.04379308995700056
324.96,0.9905206522337932,0.2934999248396513,1.0149124009157007,-0.10919638822125385,0.007504727119954715,0.03816778692348617,0.9932588020811352,0.009332252329467872,0.08476507111125708,-0.032938801990736684
324.98,0.9905731671575322,0.29481691520362124,1.0141404059919308,-0.11327352988416829,0.00741648112257815,0.03818481223946464,0.9928021068418297,0.008274357536695372,0.06817408788983186,-0.019433763809560477
325.0,0.9906404263416898,0.2962546507273644,1.013613980093677,-0.11565221491635477,0.006890257657528365,0.03832144460747896,0.9925263504902779,0.00982165220976449,0.08261733844438855,-0.007820601426834922
325.02,0.990690392123357,0.2979969300114504,1.0130699191563561,-0.11097419244843387,0.006469506681020939,0.03822201680788907,0.9930669421166226,0.009044621762142812,0.08810611825611223,-0.0062371650369466925
325.04,0.9907356025246621,0.29942458024259244,1.012717940107843,-0.11592906692733516,0.006474173842234889,0.03827744807770076,0.9924985508720287,0.007934463947018924,0.06981459926878257,0.001594919773866951
325.06,0.9907897182267587,0.30102033993881055,1.0125922847756599,-0.11769327964265493,0.006042399049885825,0.038417387881099774,0.9922882069485008,0.008996227109975111,0.08301844819695724,0.015986214855802178
325.08,0.990829090751247,0.3028587631073563,1.0126363373041556,-0.11472300873558203,0.005701853697253332,0.038390167834621444,0.9926390658969151,0.008631446494371612,0.08806418414499714,0.025573457505142283
325.1,0.9908640346111045,0.30459044801518537,1.0128584439367903,-0.11598417534478139,0.005539522545240473,0.03843417273333247,0.992491712371376,0.007949866899290671,0.0811090260531035,0.03129617392118193
325.12,0.9908921993726476,0.3064509182044989,1.0130240489590066,-0.1139436041472544,0.005321040196796739,0.03843101283646139,0.9927293683867329,0.008224104747295862,0.08875635806985589,0.02947905414426889
325.14,0.9909165438885733,0.3082922336602187,1.0131808484758171,-0.11247811635052077,0.005136303387268879,0.03842063583406057,0.9928978529898527,0.007846071579123797,0.08685242402775126,0.02789182562255845
325.16,0.9909337112868782,0.31010854851026187,1.0132669172732314,-0.11115312919481071,0.005074610834534404,0.03839683906006893,0.9930482933600333,0.007623637204596223,0.08871664819719019,0.022570660098279977
325.18,0.9909521512899776,0.311837810470061,1.0133326057463756,-0.11167501374176604,0.004994735828912136,0.03839604696596551,0.992990174924789,0.007243908414097046,0.08126904970157871,0.022408270465213525
325.2,0.9909611050311037,0.3137416503260333,1.0131260358470704,-0.10607187338094505,0.004881580083849228,0.03828762128437936,0.9936090709679163,0.007737711649750329,0.09698659104451439,0.007204275174902916
325.22,0.9909577957969264,0.31543582894828326,1.0127529613588107,-0.1046663656581609,0.005243171728604522,0.03813100178597983,0.9937622893594494,0.006301849670934058,0.08370740039773444,-0.003437973171705744
325.24,0.9909786673030441,0.3168978353367555,1.012330260530071,-0.1080683987199847,0.005170940875436459,0.0381464188196976,0.9933978726068389,0.00715573845959242,0.07456277848754131,-0.005031104198804129
325.26,0.9910012997496456,0.3183853220953318,1.0119864066266797,-0.11042563225895224,0.005047769540381888,0.038193280232487456,0.9931374391835002,0.006761020822712629,0.07664542646277492,0.001200451433556909
325.28,0.9910094505080053,0.3199789573599232,1.01171544631039,-0.11035669769369975,0.005194323874580396,0.03811954826891965,0.9931471785759656,0.0067305764723460115,0.08169576292178994,0.005015606722440948
325.3,0.9910273694543068,0.32161633050902577,1.0114784575157092,-0.10960262319158527,0.005039705639053541,0.03806748964245714,0.9932334733530261,0.007334472676375785,0.08288794594951202,0.006126803750554843
325.32,0.9910442583134838,0.3231696416374189,1.0113168431560562,-0.11158790737253026,0.005023406602686708,0.03807322339301638,0.9930122526810982,0.006625896356715741,0.07669088928128251,0.009653665405423303
325.34,0.9910550644193672,0.3248339366741196,1.011101055922642,-0.11061702428979205,0.005029471839986487,0.03801158067355917,0.9931232038800523,0.00703379277267562,0.08391047185156093,0.008086437216198986
325.36,0.9910738290939737,0.32638816951709343,1.0110192007235053,-0.11335165087951116,0.004959030424490838,0.038038432616492895,0.9928141260599684,0.006670488919861317,0.07408372018324513,0.015309173395194654
325.38,0.9910866648014395,0.32799853151024755,1.0111086437511998,-0.11561007479893243,0.005019713031186556,0.038095756995775526,0.9925511706632503,0.00654767826989752,0.07940225171234568,0.02514163960818741
325.4,0.9910949425651492,0.3298016870967146,1.011288003424394,-0.11389761495677843,0.005011084167786213,0.0380467000331701,0.9927510619280177,0.007119746931176879,0.08632833928378059,0.030480670813239064
325.42,0.9911110556997814,0.3315370832360986,1.0115991542818927,-0.11515500460781902,0.0049042622843520674,0.03807956176934336,0.9926052690272574,0.006853269969302481,0.07881750998730654,0.036225586454392736
325.44,0.9911203556871128,0.33330898419327465,1.0120093965220043,-0.11624269461338539,0.004964931927662009,0.038134576669618676,0.9924760649316445,0.006679792358900723,0.08308872268053724,0.04162061234258631
325.46,0.9911224167133202,0.3353228339641098,1.012329204409983,-0.11104639477680853,0.004943241783421275,0.038051243097015484,0.993074199376117,0.007580001276237053,0.09812230885659204,0.036025955507521065
325.48,0.9911267063428888,0.3371586277340791,1.0126056419793994,-0.11039605546108995,0.005052274911695775,0.03797910797971271,0.9931489177429103,0.006494767870058013,0.08059352937356469,0.033142940739268226
325.5,0.991137346040992,0.3389849960042466,1.0126597297471642,-0.10845271440997502,0.00496981669503122,0.03794224195303045,0.9933648352618004,0.007541126688852438,0.09102330006228064,0.019611156576648112
325.52,0.9911521554664228,0.3408197336674446,1.012546677122142,-0.10488642766965309,0.00472578801597943,0.03786009924727279,0.9937520400498876,0.007633342823725473,0.09078217149216049,0.01139767918160455
325.54,0.9911590145590822,0.34254685759995696,1.0122623040197551,-0.10252993830441137,0.004748974164523417,0.03776774369954883,0.9940013362825643,0.007083765013722017,0.09129194243446162,-0.0014351620892731007
325.56,0.9911421067448014,0.34427882058133613,1.0115484801597343,-0.09734463908048427,0.005303593373658292,0.03751921060626634,0.9945291358100574,0.005474639166002872,0.08687684156790447,-0.02254858959367851
325.58,0.991100441782364,0.3458010358627232,1.0104084872438306,-0.09459650811388373,0.006692872450089935,0.03726392058012938,0.9947955098079326,0.0042947005286055944,0.08328247764289298,-0.04652028862771349
325.6,0.9910907257806608,0.34695885419851114,1.0090921186092792,-0.09917868863110658,0.007674146231169958,0.037094097807969705,0.9943483912134868,0.00626179534704163,0.06597882408548186,-0.05443599973356174
325.62,0.991179497599725,0.3480364336882758,1.007911500219137,-0.10514782366721985,0.006339807083084005,0.03729689342888984,0.9937367275917453,0.010089215567646779,0.06589349413798615,-0.0434817742104324
325.64,0.9912432561168193,0.3495471742223438,1.006534386174389,-0.09888650926104776,0.005289926868937123,0.03719789353392123,0.9943891550477233,0.009366218134449681,0.09065844509889885,-0.055257718121096054
325.66,0.9912283855954688,0.35093362203051004,1.0049333105964657,-0.09511117668175617,0.0063571404404165624,0.036878296338666794,0.9947630080048162,0.004509116877782542,0.07764579848227307,-0.06867365159098457
325.68,0.9912208492507901,0.3518286672502502,1.0032987774078976,-0.1035702133428435,0.007649408570188316,0.036722642209181686,0.9939145561897264,0.005828720810553261,0.056738070295103096,-0.06992375137542135
325.7,0.9913109412384684,0.35290949767967533,1.00182715688389,-0.10727578517826826,0.006269039554491051,0.036850264171336244,0.9935263776508166,0.011022655107881536,0.0761212753567704,-0.05937274215026021
325.72,0.9913846296430461,0.3543541793837222,1.0001880457305492,-0.10150946014412023,0.004974119361391127,0.036662559299725575,0.9941463395212106,0.009379263301078926,0.08431372759563213,-0.06727900578075367
325.74,0.9914148882601564,0.3553375087522584,0.998556531242497,-0.10841950718291468,0.005197381200797953,0.03659680611473017,0.9934177728796019,0.005960767262803333,0.060184754165101675,-0.06889834365110373
325.76,0.9914311001132982,0.3565591945379802,0.9966819479254353,-0.10805018100986914,0.005356948879539634,0.03647586502852807,0.9934616111118019,0.007213180783333943,0.0845213761631321,-0.07958150115108065
325.78,0.9914278778033615,0.3579236079102762,0.9947242876142279,-0.10388417925710051,0.005820641771951074,0.03632990729626659,0.9939086151479349,0.006321473816874387,0.09169036463390338,-0.08392551345425645
325.8,0.9913713690730401,0.3592371166567928,0.9925031672919368,-0.10009774145295067,0.007728365246768536,0.03592902105113307,0.9942986573323621,0.0031629308219418375,0.07973471118735173,-0.09945220115246842
325.82,0.9913532897618128,0.36007797354347804,0.9902345315077451,-0.10805351781540411,0.009161814078621216,0.035733679197582746,0.993460418245996,0.006685578937066913,0.06307322659363132,-0.10092749029979897
325.84,0.9914599287558726,0.3611161670787364,0.9881966917044559,-0.11117054895394947,0.007391673471109088,0.036010101806069665,0.993121213536641,0.01227315609241938,0.07920482608997784,-0.08514245255749334
325.86,0.9914818156520053,0.3627488981888891,0.9857158600391421,-0.09754100956489951,0.007401048302298485,0.03562827318042951,0.9945660370670556,0.0072037584959525475,0.10566923371325801,-0.11320906415878844
325.88,0.991396003367921,0.3636648422271152,0.9826626237868834,-0.10128064023247868,0.01088983347215467,0.03517819398112819,0.9941761102084852,0.002207577738682635,0.06338189504036999,-0.14740228396089766
325.9,0.9914058264990677,0.3641970351081103,0.9794983507270314,-0.11319439937827877,0.012137148931161404,0.03496588204782271,0.9928832281078331,0.009025728489448165,0.06418173299386937,-0.14823705267338388
325.92,0.9915087045467992,0.3650672629866496,0.9766021027917464,-0.11660079542563791,0.010942384572456717,0.03505408586969129,0.9924997379293443,0.013310812109769777,0.07637052902273363,-0.122890242014519
325.94,0.9916500951766828,0.3660335389016945,0.9743852112377728,-0.12114389149333792,0.009090157282281882,0.03527811189083264,0.9919662198965505,0.01308939558912105,0.07040408465360251,-0.08715383104162235
325.96,0.9917437000719327,0.36712547698531894,0.9729127936333702,-0.1270837505787692,0.008655861566820482,0.03546218772027593,0.9912200712462703,0.009506698336128095,0.07189231155581863,-0.04775003879764293
325.98,0.991813788336302,0.36861454739081845,0.9720360596530762,-0.12751246511282802,0.008534336837622917,0.03544634828530869,0.9911666321708114,0.010277016788911394,0.08858409481414178,-0.018082219842180416
326.0,0.9918925970984767,0.37042777887987444,0.9713474660509079,-0.12264796617465196,0.007878361799859604,0.03536653556490564,0.9917885943943437,0.010808393660139465,0.09362430845827852,-0.008507251331956884
326.02,0.9919778384038752,0.37199452552295703,0.9709927278582001,-0.1271066105611787,0.007321709460536565,0.03549919087511938,0.9912265682322262,0.00997253708903027,0.0765974643836521,0.0070944646867747456
326.04,0.9920599829428841,0.3737683188939774,0.9710465152129387,-0.12885329787922792,0.006628597362822906,0.03568867578118598,0.9909990957330052,0.010203428601305466,0.08880276979308194,0.03121190623899957
326.06,0.9921282298202907,0.37582934010063995,0.9714810180261401,-0.1262607710932268,0.005939030840924818,0.03573678519744122,0.9913353760354597,0.009953514292544503,0.09334615434711666,0.05211020662420257
326.08,0.9921832950201446,0.37806751895326407,0.9720192788980888,-0.12049051388592254,0.0052570576845653956,0.035720349257618966,0.9920576878674552,0.009908834139256802,0.1025395072362955,0.05365409336506201
326.1,0.9922242370391536,0.38016831656109396,0.9726345289958328,-0.11873318645092507,0.004883363201717051,0.035716934986019154,0.9922715776208924,0.008497944521955961,0.09190228093642754,0.05493064123422238
326.12,0.9922610708653096,0.38218262657927027,0.9733282648399527,-0.11900257563611306,0.0045004029074314405,0.035804609686078,0.992237956989587,0.008348825494582067,0.09144873039533877,0.05762225736061064
326.14,0.9922829503592933,0.38441718466300423,0.9738849185793964,-0.11238691142334187,0.004075278998463379,0.03574297577202362,0.9930130985665633,0.00821634483976206,0.10250867247516685,0.05145726373085011
326.16,0.992287005367321,0.3864023023097092,0.9744267546321415,-0.11140352354719188,0.004190779900881504,0.035653982875026066,0.9931266212373123,0.006445523900898401,0.08646767744354641,0.04761739592436752
326.18,0.9923092256188135,0.38818604246642285,0.9750899919459579,-0.11499381869661646,0.0039012338082398804,0.035758069548676524,0.9927147437700797,0.006993221586864262,0.07882881367106712,0.054922582634198046
326.2,0.9923167384885201,0.39026887532572685,0.9757290927048463,-0.11009046603267049,0.0036084311139732922,0.0357355438030319,0.9932723893387487,0.007283823220601648,0.1013223950082878,0.05179227074254452
326.22,0.9922824519707962,0.39242763339936915,0.9760918652581846,-0.10175239371818662,0.004236423801340827,0.03550298491322237,0.9941670086802549,0.0051220561204201095,0.10349165627191403,0.03411816040701556
326.24,0.9922003410503472,0.39443088222725686,0.9758284817462577,-0.09387201916224772,0.006226376792769296,0.035051162216638905,0.9949475826784544,0.0020455644416784444,0.09311909099693727,-0.0027404571516016817
326.26,0.9921668167285709,0.3956567945958872,0.9752837623669036,-0.10330419106045159,0.007803349210705446,0.034886353412688184,0.9940071902134343,0.004635366783040372,0.05941747718044745,-0.015179974743814833
326.28,0.992234678120414,0.39698922357275274,0.9747474017028315,-0.10793099738464157,0.006916300730196376,0.03499918311878599,0.9935180530663666,0.009161315302906753,0.0769157606700801,-0.011158828585895512
326.3,0.9922914799124648,0.3985086215216735,0.9744083536943995,-0.1082633531717751,0.006422604389365269,0.03496707535274053,0.9934863361688157,0.007875383577014939,0.07448543044147739,0.0038541597948569496
326.32,0.992347425695056,0.3999041828966119,0.9744185114552719,-0.11371549596385067,0.006190511596265701,0.035037898946550135,0.992876029110021,0.0077364970901096924,0.0672682550064911,0.0200636777503339
326.34,0.9924128707383183,0.4014834980086515,0.9747394175143483,-0.11661805050409912,0.005575482577154687,0.035157535672240316,0.9925387105680616,0.00844495161898813,0.0748389691378243,0.038188652248477784
326.36,0.9924644000123676,0.40322684696610245,0.9753565882036668,-0.11803859999975427,0.005155915576080541,0.03521757408965879,0.9923709124716976,0.007761784156528407,0.0772997980276487,0.054158284420217896
326.38,0.992505417579246,0.4050503053569852,0.976223298247482,-0.11998967688343301,0.004866538899743828,0.03528889539116547,0.992135821398773,0.007526158338087364,0.07866197263415861,0.06659267655626172
326.4,0.9925416095146848,0.4070189442543247,0.9772505078550299,-0.12025313143654305,0.00447118384010975,0.035368967176256025,0.9921029326917941,0.007711024472794983,0.08453004703324918,0.07529815256789871
326.42,0.9925646344419693,0.4092273659295319,0.9782090861988393,-0.11498874628423987,0.004047492389430257,0.035333914345800785,0.9927299333304802,0.007922080902804371,0.09757436289404847,0.07152187140734571
326.44,0.9925767797040618,0.4112978953635945,0.9791666150041723,-0.11354819983401808,0.003901587149904495,0.03529802018533808,0.9928975947715661,0.006791615026678506,0.08721717016326909,0.06934334430520595
326.46,0.992590962896137,0.413251060445974,0.9801432810009071,-0.1147806616271161,0.0036836240829077596,0.035371012499621775,0.9927541095884765,0.006814745671068621,0.0851631122033653,0.0695768458226747
326.48,0.9925967797649308,0.4153311441455191,0.9810608674032281,-0.11206431706157154,0.003433058475661952,0.03534772081922045,0.9930661315259487,0.0066363622608058195,0.08957531372027375,0.06879981752671953
326.5,0.9925959880691136,0.4172639725378074,0.9820712276388768,-0.11323681705479621,0.003404650579263349,0.035371467803894815,0.9929323697428389,0.005776297643944177,0.0815711959045842,0.07119764993010559
326.52,0.9925885518084154,0.4192873796926321,0.9830406130573427,-0.11154829300422894,0.0033743732526931246,0.03537136463711725,0.9931235867185424,0.006201297103707879,0.09296025344189772,0.06746969675462933
326.54,0.9925561509453852,0.42171528910084705,0.9835959086068645,-0.09712330921090255,0.003525358379204133,0.035236019659127045,0.9946421756465001,0.006450168572956186,0.12153404768604445,0.04574048357869197
326.56,0.9925217687815654,0.4240614942806025,0.9833649486801361,-0.08076598373956094,0.003703175495509809,0.03504553682984805,0.9961099099547892,0.006224271207317149,0.10622768626297359,-0.005855279866117583
326.58,0.9925023573592667,0.42516152464977247,0.9824304502423682,-0.09245398600485351,0.004633890064784184,0.03505684417187896,0.9950888428735348,0.0029112311190704573,0.050834415458108274,-0.04215193566706447
326.6,0.9924943945548671,0.4260813717209655,0.9812693425181593,-0.10421090782141092,0.005425069875717619,0.03507252637873714,0.9939218144307397,0.004259772823465125,0.06349372598465901,-0.04907233057595888
326.62,0.9925117789963165,0.4274061287281359,0.9801444200285208,-0.10427193864463365,0.005259485476445147,0.034989827150486215,0.9939192183572023,0.0068811793892938344,0.07692989422074534,-0.037195800596741456
326.64,0.9925145649308214,0.4287926116506519,0.97917421098401,-0.10342746111344504,0.005597037269032025,0.03487117432725723,0.994009775939087,0.0050619249654688895,0.07575995666476033,-0.031975846421246526
326.66,0.9925193573263622,0.4299226627978983,0.9784712195834112,-0.1107053633295351,0.006267122623900912,0.034800287546266094,0.9932240360013393,0.005370320750555097,0.05922787491368551,-0.017709519150260613
326.68,0.9925860024749404,0.4312889789073409,0.9780646605646655,-0.1136842345543628,0.005250953094247739,0.03491772744786034,0.9928892559672844,0.009259896740077435,0.07972360941071502,-0.0031045858709920645
326.7,0.99263315889249,0.433033969211333,0.9775447657852574,-0.10775665801262724,0.004414732505345166,0.034753077267096234,0.9935598806369564,0.007912558049755877,0.08789833897962947,-0.007377748039003191
326.72,0.992652419550163,0.4343913073758771,0.9770731397549407,-0.11298570022056549,0.004615307176455407,0.03471370169064201,0.9929792995829614,0.005783037978715889,0.06697763577421713,-0.006865396516947965
326.74,0.9926858584673731,0.435835575665016,0.9768225821983403,-0.11700601527138309,0.004276739994233022,0.03480807069060842,0.9925118135821518,0.007100488038394274,0.07706742053542208,0.00844501462428286
326.76,0.9927085779648434,0.4375180873008096,0.9768898614779075,-0.11715760381845755,0.003966178458785212,0.03481499056972656,0.9924949781875877,0.006581762351452611,0.08042279552542249,0.027572600532436514
326.78,0.992708952750947,0.4394705671990432,0.9769230431940181,-0.11115745741596064,0.003904198765456058,0.034669748478664844,0.9931902060699375,0.006423783642293536,0.09648034615120635,0.022155912153832873
326.8,0.9926964452814049,0.4411271798997208,0.9769816386736123,-0.11350349742533684,0.004424096232180622,0.0345645811325362,0.9929263181001283,0.004707627221608545,0.07346718009699373,0.02207844280239362
326.82,0.9927163330606295,0.44269980937037234,0.9772906604943922,-0.11889939991868517,0.0041969035640768955,0.034686389105357464,0.9922913751062649,0.006469973066024455,0.07585773707002774,0.03775071426462582
326.84,0.9927293096205679,0.44460249394631124,0.9778666033083265,-0.11745834181237774,0.003896068571127313,0.034701522847260975,0.9924636834164043,0.006519885527065544,0.08663017193012643,0.0545479401442351
326.86,0.9927338900962399,0.4464898609360605,0.9787659200589819,-0.11884326792612337,0.0038517408909153443,0.03471594107907578,0.9922984657832254,0.005796493997649995,0.07903227643587515,0.06913945345182801
326.88,0.9927383672014919,0.44845123079463767,0.9798867049703115,-0.12008936600952524,0.0037415228955199773,0.034795192348961564,0.9921460778369541,0.006129619060601001,0.08385049174850255,0.08030183062099899
326.9,0.9927373520645288,0.45061722761224565,0.9810859145564067,-0.11720859390849622,0.003557072031553817,0.034791034981935844,0.9924913483942523,0.006472484176284765,0.09222123362866183,0.08460554920964611
326.92,0.992732292473461,0.45282799371042176,0.9822733781804841,-0.11356016862889848,0.0033940523848397337,0.034767178100535,0.9929168202001166,0.006575774829514375,0.09790483830682946,0.07997752729164424
326.94,0.9927084218346603,0.45520727870328254,0.9830898727532807,-0.10353710842511617,0.003476962482803519,0.03460640072054279,0.9940172910669252,0.005985630485008984,0.10948594515629498,0.05974324960131318
326.96,0.9926426779894902,0.45728893404334314,0.9834335807154595,-0.098052317579307,0.004907729826753985,0.03428423598246595,0.994578427459782,0.002486705945343385,0.08965214879690839,0.030638869288312515
326.98,0.9926326589869505,0.4587273223383231,0.983645080620234,-0.10657679900641867,0.005537112076654529,0.03425083016450047,0.9936989518644158,0.0053939800969073125,0.06527954122850108,0.02569396380549461
327.0,0.9926783365460913,0.46044633439813293,0.9838491875596996,-0.10593866072358346,0.00462863861556897,0.034335102658279854,0.9937689251501605,0.008520998774573468,0.09074226679003529,0.026877665794743405
327.02,0.9926912947939492,0.46234416611289564,0.9837917378440243,-0.09936491229293448,0.00446067130109293,0.03407386568207432,0.9944574844074737,0.005938645317090428,0.08769256815388585,0.01237890211662083
327.04,0.9926930885681743,0.46364551434188933,0.9836954973156543,-0.10766169776530402,0.005129651377048476,0.03403129744879048,0.99359172515928,0.004702200316933693,0.05947681096584673,0.009858631405996486
327.06,0.9927252617701227,0.46512105053294023,0.9836607046951591,-0.11094914094407461,0.00484764600559326,0.034077041864765206,0.9932298543991332,0.007116286792459435,0.07915834086597326,0.01528601705086336
327.08,0.9927556305083604,0.4668221194141304,0.9837499867805745,-0.10944231039024553,0.00444561674514683,0.034020679635251204,0.993400830755318,0.006890285249295082,0.08040561794371763,0.0252114258499671
327.1,0.9927813395536953,0.4683921050218595,0.9840522873352264,-0.11287538015778623,0.004292064268570001,0.034037478199154016,0.9930167052050997,0.00609018463186421,0.07017071156196791,0.03490963188334094
327.12,0.9928063481437418,0.4700697921678049,0.9845156065258307,-0.11478424112097498,0.0040236350094168686,0.03410320821721887,0.9927967362662339,0.006626246240901812,0.08019017342319343,0.04309802576519957
327.14,0.9928221024024091,0.47195349919566154,0.9850515187518828,-0.11255406789273881,0.0037434468887709888,0.03405708281064872,0.9930547233242568,0.006597020347619274,0.08571230018152534,0.048619275083661116
327.16,0.9928346646721152,0.47369540389224063,0.9857887950474121,-0.11558470019112703,0.0036332879421451716,0.03410172553586563,0.9927054188508961,0.005718161333878524,0.07371930042709263,0.058122584731769934
327.18,0.9928402769174833,0.4756150115900679,0.9865630029541077,-0.11461680321637936,0.00347090756606697,0.03412098931439558,0.9928175559030634,0.006281188776400102,0.08847260240337829,0.05981505753070645
327.2,0.9928412880815328,0.47762511794021967,0.9873656834881672,-0.11195605680238593,0.003273834703338095,0.034064376526480235,0.9931237292520294,0.006136736145543846,0.08780962613760938,0.06194689005767958
327.22,0.992840020982359,0.47946139947577804,0.9882862965834743,-0.11444177025878782,0.0032549718300915317,0.03411299937763195,0.9928387530973405,0.005254940118545263,0.07690760099745621,0.06693174962960775
327.24,0.9928309183302491,0.48137956842153456,0.9893159028220274,-0.11527888880543996,0.0033277439084671845,0.03415500213048851,0.9927402176530016,0.005296746954356028,0.08384779620715069,0.07355112325031754
327.26,0.9928209624198308,0.483475955079622,0.9903487834732346,-0.11184728713967557,0.0032209746077261734,0.034099097453547486,0.9931349662734289,0.005957083148007839,0.09143003757574981,0.07369331195480605
327.28,0.9928144203330803,0.48541522244785734,0.9914612493014778,-0.11297443578733858,0.0031700788542121487,0.0341247021126292,0.9930066626988536,0.005153379013694489,0.07872234143086845,0.07659939524443252
327.3,0.9928008247409167,0.4873771857274577,0.9926024303094965,-0.11344429324332972,0.0032703452343290774,0.034162393293970375,0.9929514731632144,0.005197711848469534,0.0854691080087923,0.07772049359507323
327.32,0.9927887704354728,0.4894588373872319,0.9937071928402619,-0.1106951070748831,0.0031955393115825135,0.0341153384881234,0.9932635730147508,0.005677100248364203,0.08860808862980299,0.07681602517867805
327.34,0.9927777827768901,0.4914179385089694,0.9948109424170833,-0.11100958389669849,0.0032114152946831455,0.034127022581513955,0.9932280228752146,0.005103308105625186,0.082214462699889,0.07447581217791906
327.36,0.992762930085923,0.49334291418773213,0.9958653161469767,-0.11171047862980815,0.003352038038699703,0.03414178851411398,0.9931484637667944,0.005002719383186721,0.08245498872956605,0.07224668641384172
327.38,0.9927508248066514,0.4953890731439937,0.9967638825040577,-0.10839362335594792,0.0032885617731280414,0.03407721701098406,0.99351836976375,0.00577744328416606,0.09093464408950559,0.06455266087185586
327.4,0.9927441405743151,0.49727175378413885,0.9976393051268982,-0.10890141346123486,0.003243416208273914,0.0340723436851536,0.9934631537169589,0.0051493732601528485,0.07955802229739713,0.06241342252350433
327.42,0.9927335148417678,0.4990699470309029,0.9985286256242363,-0.11114346641124379,0.0033834518948765414,0.03411575757400739,0.9932128660123767,0.004871744508404498,0.07864623945739847,0.06361144230171481
327.44,0.992722655087028,0.5009929973854179,0.9993895692069839,-0.1098871055368903,0.003409378008588438,0.03408181509279429,0.9933537285671703,0.0054361922814766435,0.08523732072031288,0.06294993128019435
327.46,0.9927172566352339,0.5029579723235099,1.000165821888449,-0.10716749948807519,0.003251543472369853,0.03402140174164619,0.9936534097672358,0.0057447394609925085,0.08673866700455368,0.057954105925448175
327.48,0.9927077411196398,0.5048784934032396,1.0007918541778449,-0.10463864202882715,0.0032262411933988095,0.033951026837715094,0.9939253864042259,0.005643992576415353,0.0907420319863383,0.046506660883016915
327.5,0.9926944619230793,0.5066452414278837,1.001278050891548,-0.10493677152870404,0.003414778590224863,0.033864040708116834,0.9938962923842866,0.004602526844428527,0.07599211291732935,0.04149854885896145
327.52,0.9926873336217693,0.5083944975072281,1.0015421724445581,-0.10399641598142259,0.003427053564580021,0.03379342970749935,0.9939974873587402,0.00552872594178236,0.08472598830455205,0.028432668224299417
327.54,0.9926880882877739,0.5099757956071707,1.001814755435474,-0.1069289188555965,0.0034002181971610275,0.033788010973696325,0.9936865779223478,0.004845680176833832,0.07014839901542386,0.031070275917037326
327.56,0.9926844437157752,0.5116119229144614,1.0021297759580015,-0.1082531530525835,0.0034537538422903416,0.033813005197495555,0.9935421516564282,0.005380270757623384,0.0839252339343201,0.030951785182940984
327.58,0.9926572583996673,0.5135347519892439,1.0020944186369123,-0.10094901967397923,0.003836302857352668,0.033545092524425786,0.9943185128392094,0.004307093744578222,0.09090234761046376,0.01411655348583383
327.6,0.992629936436548,0.5149903784936031,1.001874728462162,-0.10490119360665764,0.0046889675474049465,0.03340430987045568,0.9939104110760267,0.004131196114971189,0.06978014949522202,0.0018838398159342219
327.62,0.9926648259308917,0.5164546018611315,1.0015940110296506,-0.1075259750682772,0.003965205158286693,0.03352576031569229,0.993628937395104,0.007125132983076893,0.07742231183263615,0.0020803843026715777
327.64,0.9926741477104182,0.5179655645003243,1.0014474142074454,-0.10938774423559648,0.003965145110473002,0.03351616743352915,0.9934260241990182,0.0049503367912428434,0.07281318112504262,0.011995589262461604
327.66,0.9926754702538436,0.5194896694084539,1.001456964298,-0.11191567382205149,0.004169901597893149,0.033487049658611615,0.9931445571409944,0.00545236948996978,0.07649988153592564,0.018274598314231307
327.68,0.9926938473973438,0.5211095019319923,1.0015787922408512,-0.11315928532171705,0.003863536423272906,0.0335178564946898,0.9930038280529364,0.006119356688855817,0.07656581731610235,0.02621986823692816
327.7,0.9927005816061731,0.5227685791845782,1.001811953209859,-0.114654633074165,0.0038537071864016615,0.033537305417070604,0.9928316640805289,0.0054706251983725135,0.0791417099461788,0.031112572833092718
327.72,0.9927022666303961,0.5245410464420432,1.0020711218626015,-0.11409379813762235,0.0038529752089291,0.03350656336992538,0.9928973109137259,0.005937093218329044,0.08600682469905374,0.03219210876421403
327.74,0.9927008252988468,0.5265882276661326,1.0020970605214665,-0.10584199349225008,0.0036424640850760324,0.03341816352073772,0.9938145859343566,0.006802179468129381,0.10609835117837714,0.01871115016790229
327.76,0.9926180101929386,0.5285623384600675,1.0014989261493097,-0.09697285754402112,0.005636805926647659,0.032880435483739985,0.9947277860204228,0.001086461437109712,0.0938877127405103,-0.0201193679622863
327.78,0.9925645175313842,0.5297935459683041,1.0004497252110947,-0.1045037309185663,0.0075630471744644965,0.032637083500263585,0.9939600551944396,0.004266204666170562,0.06791079393311963,-0.04247099075087225
327.8,0.992650484791193,0.5310975122972496,0.9993876327590107,-0.10797040570655779,0.005987741632602068,0.032877452359505496,0.9935922763226629,0.010261733024556347,0.07755209851730219,-0.035040669869737126
327.82,0.9927072180520093,0.5325134667198822,0.998589589204165,-0.10894036150056816,0.005343319485720162,0.03292256900629785,0.9934885761915054,0.007170752440250295,0.07476071736020115,-0.019280653215810944
327.84,0.9927409140255151,0.5338167555210437,0.9982017697373031,-0.11476572117362988,0.005450191868250356,0.03297338082095109,0.9928302376586504,0.006372253177344333,0.06695620469724553,0.0008441577635077442
327.86,0.9927938349728324,0.5353768590091863,0.9981133604375905,-0.1160136802366231,0.004820995974321554,0.0330771802816191,0.9926849873652706,0.008047926619285745,0.08023923587627821,0.017234567270605516
327.88,0.9928335144456463,0.5370612069343266,0.9982985604494773,-0.11659823458815029,0.004419179017573058,0.033119628078253936,0.9926169516906788,0.006864387219596408,0.0778506059376777,0.03200054922476851
327.9,0.9928575642810085,0.538809893720186,0.9986416940261003,-0.11735052972432256,0.004293911476685457,0.03314830941680786,0.9925278862986465,0.006719674626611991,0.08357867962442556,0.03771344739713597
327.92,0.9928838721634559,0.5406550574183889,0.9990579833106964,-0.1168759928846674,0.0039285327631957846,0.033180474199814916,0.9925843163426606,0.006916011366516708,0.08377529026026384,0.043183531052148214
327.94,0.9929004944611084,0.5424856687791487,0.9995864380428181,-0.11791989429942046,0.0037581786853125264,0.03325415340315155,0.9924590348738946,0.006222688595259977,0.08323643987727326,0.048196589176075624
327.96,0.99289992769128,0.544610896058714,0.9999014618832204,-0.11073314399443698,0.003643146288926918,0.033146637409169344,0.9932905912846903,0.0066106514346219005,0.10227727950172674,0.03670102855738836
327.98,0.9928771348624605,0.5465933217933243,1.0000121296509816,-0.10616690702891042,0.0041667961657522725,0.0329947049530421,0.9937920180332953,0.0047690093891718304,0.0937394303775187,0.022768276659181918
328.0,0.9928745521471013,0.5482089305279957,1.0000766205840839,-0.10986121950620786,0.004459955401652746,0.032959667579038274,0.993390296690834,0.005659036040359807,0.07371244811083122,0.02108859084701037
328.02,0.9929143081054378,0.5498456150932091,1.000288079438948,-0.11252014925668402,0.0036758557931250505,0.03314806361357536,0.9930895780210928,0.007157337609585994,0.08003856807410416,0.031173709955612437
328.04,0.9929137155699548,0.5517704257238627,1.0005158238829674,-0.10759701794801128,0.003684493758379068,0.03307594199323493,0.9936374028264535,0.005726480872180323,0.09472280827008181,0.030967266261713245
328.06,0.992879871558829,0.553629812798957,1.0006147755285033,-0.10383715344288233,0.004578667541823248,0.032881170807196373,0.9940400947521024,0.004077202466489583,0.09146755961169686,0.01959527435100217
328.08,0.9928291317795563,0.5554774523382011,1.0002385861247067,-0.09780788406485559,0.005929563725036345,0.03257373795616466,0.9946544172145165,0.003275754814256493,0.0891563424595679,-0.005571591036387395
328.1,0.9928264831072083,0.5567418586641191,0.9997408905918352,-0.10538845247236453,0.006684465949784298,0.03251352501328099,0.9938769856937312,0.005629461507895459,0.06174426999836331,-0.011153531567174753
328.12,0.992900132217682,0.5580909217063468,0.9994027031643025,-0.11015953708845488,0.005616832957870917,0.03272982168534599,0.9933589916784497,0.008631821840373671,0.07371973446336351,0.001682473977182248
328.14,0.9929457211785339,0.5596669700702169,0.9993377221022838,-0.11041231268007297,0.005254363364676089,0.032726535684809335,0.993333019050681,0.006897322723011194,0.0758726904656027,0.01849051497636296
328.16,0.9929910439931579,0.5611721918389654,0.9996137808464549,-0.11482240319352649,0.004986192742513374,0.03280552808026542,0.9928316830833778,0.007029729454110592,0.06927786751230387,0.034099446932448825
328.18,0.9930420701340205,0.5628719745417896,1.00010942545874,-0.11618083496599128,0.004370726089628109,0.032940169843790626,0.9926720785590359,0.007635014615002496,0.07978153291379027,0.046312281981694785
328.2,0.99306868555607,0.5649173181407918,1.0004915244446162,-0.10923291059575346,0.0039621468672416576,0.032850946772268984,0.9934652927662587,0.007313605127208358,0.09693713192123776,0.03947193585710465
328.22,0.9930746655062972,0.5666833733697925,1.0008040975449173,-0.10977275986894014,0.00421820689834578,0.032756905945848035,0.9934078382186108,0.0055337109660453625,0.07721108515036298,0.03321797161694151
328.24,0.9931118899392768,0.5683038496297901,1.0011954102780516,-0.11399833679096828,0.0036812407088990997,0.032922213927724826,0.9929284745165854,0.007143154722022736,0.07631559049266459,0.03932221085434197
328.26,0.993129069951826,0.5702385950434944,1.0016093609689138,-0.11011633425359137,0.003307821693285612,0.03295340799595618,0.993366762151648,0.006697218285189041,0.09543704133325501,0.04054165059415432
328.28,0.9931059083166177,0.5722047084151062,1.0018412480251,-0.10488473366370815,0.0038442017527544575,0.032735167651833125,0.9939380380868736,0.00417114798638227,0.08760806103502378,0.029461801740494148
328.3,0.9930987972516657,0.5737677581759018,1.0019992964362863,-0.10931873070881941,0.004259418553954733,0.03271102452185332,0.993459239900926,0.005299408813375221,0.07411393398558273,0.02330529257069463
328.32,0.9931323676137155,0.5754419515027712,1.002152395662387,-0.1101202605536056,0.0035219318104218974,0.032842215684395784,0.9933692732719632,0.00695915502741178,0.08105637226251947,0.027097774809295355
328.34,0.9931391618580815,0.5771876893599752,1.002361193540739,-0.10922724932812129,0.003417255109634345,0.03281009455592602,0.9934692889400051,0.005474035284617342,0.08217355181772948,0.02998184755911889
328.36,0.9931440064270943,0.5788046990182172,1.0027146562706042,-0.11242215303337896,0.0034236688810481207,0.032829478460046316,0.993112160504932,0.005268455750610328,0.07312695745123148,0.036925397743325705
328.38,0.9931533233196113,0.5805590809634156,1.0031516048942435,-0.11263842924912407,0.00315253966716192,0.03289287262536427,0.993086453779523,0.006023345191128094,0.08558486163637355,0.04078579786551576
328.4,0.9931423885951552,0.5825275754849741,1.0034298175343053,-0.10711942779852332,0.003155673901379633,0.03274520235150147,0.9937017770102378,0.005057351959634046,0.08999632370572902,0.03369702932317801
328.42,0.9931295098648727,0.5841465863239761,1.0037260682851918,-0.11076679767164124,0.0034922972292982346,0.0327247844852494,0.9933013686057348,0.004555789614377132,0.07310765262146486,0.03195659094398745
328.44,0.9931390005265932,0.5858799103299773,1.0040088731507957,-0.11098138680842148,0.0031247270786595453,0.032795246052374,0.9932763158855282,0.006087054484053215,0.08518752932075813,0.03290980134429981
328.46,0.9931346244416324,0.587643422771217,1.0043730326547144,-0.11088974244410742,0.0030954006511139946,0.03276554346590621,0.9932876233382113,0.004838876854503513,0.07886513936570473,0.038836666008446
328.48,0.993123504081593,0.5894353754871046,1.0046939500293983,-0.1099584427463333,0.003178840189275497,0.0327068575190145,0.9933928212520379,0.0051864163463727405,0.08569366488356381,0.03411048319167549
328.5,0.9931214855183328,0.5911817314610704,1.0050067528390763,-0.11023154046208418,0.003045755505830761,0.0326947768880565,0.9933633687754924,0.005206099294290481,0.0797594587586444,0.03450811159435787
328.52,0.9931134109731522,0.5928521640063448,1.0053810971824524,-0.11268259931764135,0.0031433556274679066,0.03273299019086497,0.9930867547599171,0.004632323698078804,0.07778658088445647,0.03763403911475728
328.54,0.9931030144635568,0.5946547974102976,1.0057597499555968,-0.11186279882892693,0.003168399495281788,0.03269915926077486,0.993180467219546,0.005172870092365895,0.08450130982848189,0.039046483234714865
328.56,0.993097683980531,0.5964365577222142,1.0061863232189951,-0.11209069932464173,0.0030898593154244,0.03269526604282879,0.993155147735092,0.005032197702530808,0.08003128844149507,0.04134226585570241
328.58,0.9930871898057907,0.5982450274845645,1.0065816158469694,-0.1116203052836967,0.003123036735384633,0.032685420184760755,0.9932083454126175,0.0051418833963732,0.08668606914368829,0.03788650420105322
328.6,0.9930792342859937,0.6000390040526093,1.0069671146687893,-0.11160040355049791,0.003093392427027566,0.03265913542935716,0.9932115392622386,0.005008781971485883,0.08038618539463475,0.03933887305493347
328.62,0.9930719791530862,0.6017506779109024,1.0074497297027598,-0.11410797277676153,0.0031363427958692844,0.03272308473001694,0.9929243342915899,0.004797036890102437,0.07856407310748731,0.044105005414751666
328.64,0.993058975629796,0.6035970820018111,1.007986252057254,-0.11353250334464317,0.003216319388135233,0.032712839689107626,0.9929903806650732,0.0049910835112462176,0.08490049994328777,0.047837312423380275
328.66,0.9930500959182903,0.6054699883648723,1.008554396027036,-0.11278048446703484,0.0031786387200525117,0.032706602509149335,0.9930764002490327,0.005252509965635132,0.08521582703495093,0.048233308394769414
328.68,0.9930408310209353,0.6073850967086476,1.0090236207011607,-0.11062038658379474,0.0031099927127191634,0.03266145269458609,0.9933210395059887,0.00526754496198587,0.08637087530680301,0.043719693004314615
328.7,0.9930309115298862,0.6091923145447629,1.0094552505936438,-0.11092429080089142,0.003152896497517402,0.032663506941120295,0.9932869455843576,0.0050064626715121486,0.08382067205588882,0.03945302494527657
328.72,0.9930206704316606,0.6109757165200913,1.0098205833546259,-0.11128787933730827,0.0032132899297551997,0.03265972598170095,0.9932462056203548,0.004962654933630915,0.0823685823492095,0.036982244695865904
328.74,0.9930068453402463,0.6129422453371499,1.0099076455401603,-0.1054282117316693,0.0031716597497447995,0.03254836251146177,0.9938890465455974,0.005539237192377769,0.09653763798085238,0.022062237484891258
328.76,0.9929607083852543,0.6147213928785639,1.0097981566251253,-0.10301275576818855,0.0041746275618410955,0.03238312676325058,0.994143992455217,0.0026629423706905687,0.08365231821756292,0.01053482014347043
328.78,0.9929561914418961,0.6161833546754119,1.0096703969894014,-0.10771693471154585,0.004405897083446571,0.03236571975527039,0.9936448612215342,0.005684620732374011,0.07307550656912029,0.008503663543890544
328.8,0.9929857052208838,0.6178206352239302,1.009449310995511,-0.10675334696101056,0.0036977979547979977,0.032431108158799474,0.9937496024786625,0.006593546269543338,0.08206029267743384,0.007640546178933623
328.82,0.9929891019676376,0.619299535994363,1.0094201625289307,-0.11059486018760042,0.0038876574055624388,0.032445489164270244,0.9933282203042825,0.0045244458799533005,0.06963297925463616,0.017050599353971633
328.84,0.9929954258558294,0.6209008459611223,1.009506672125708,-0.11188004555892517,0.0038871130613686512,0.03245345529033391,0.9931840307805494,0.005809550949164301,0.08109037766430545,0.0228077813221286
328.86,0.9930123073593239,0.6225968599093672,1.0097009060845488,-0.11184703902248258,0.003542114134565587,0.03246424164579162,0.9931886861537059,0.005923326616146419,0.07809346234324234,0.03033142995962703
328.88,0.9930166360254262,0.6242863918575443,1.0099538631568707,-0.1127956445864056,0.00352931209934695,0.032479962766955056,0.9930809325211616,0.005347802352081108,0.08102139181461876,0.030990772698529394
328.9,0.9930177709759882,0.6260802439073014,1.0101528688860135,-0.11125263723811898,0.0034558061281054603,0.03243044785595302,0.9932568520596426,0.005759283421489389,0.08600738864341533,0.029105949662392654
328.92,0.9930234313353461,0.6277845726086173,1.01039256703966,-0.1124941779425274,0.0033214873367717066,0.032453035326241705,0.9931167243325532,0.005429840019709042,0.07893306822306867,0.030872495907305918
328.94,0.9930169116867446,0.6297517585596368,1.0103044746374836,-0.10551258403097212,0.0032009567143697296,0.0323442361190335,0.9938866629938727,0.005919590074316932,0.09971849168534777,0.01289660862113588
328.96,0.9929616761530758,0.6316302551983275,1.0099040873328364,-0.09903097925648353,0.004421377789638607,0.03209073579583783,0.9945569371544422,0.0023472753420928994,0.09152133431179586,-0.0052104744665714625
328.98,0.9929235342815886,0.6329451418736776,1.0094088901197626,-0.10570089381689887,0.005733868144426675,0.03194342344107401,0.9938682314579107,0.003882283151822682,0.06405761240095831,-0.010703429443053651
329.0,0.9929820407604908,0.6343226111081831,1.009051367743902,-0.11001423442256222,0.00465187803915699,0.03214754601235914,0.9933990958021401,0.008020825270637497,0.07515564354255727,0.000624558530689463
329.02,0.9930066235164267,0.6360395252686076,1.0087464174249305,-0.10572838679007615,0.004316055226420366,0.03209150567714431,0.9938677050580849,0.00618947461424375,0.08767522104416234,0.003988839112691419
329.04,0.9929984499983259,0.6376083465780493,1.008446691913803,-0.10564549978460355,0.004964477068325361,0.03190138096266173,0.9938796125463961,0.004723725817834955,0.07769415105398106,0.0005077529871517803
329.06,0.9930418924258576,0.6390880881680314,1.0080927134339703,-0.10759512128275449,0.004302085685394797,0.031922820855998256,0.9936728412528445,0.008041311099784343,0.08032423658157142,-0.004450229752376441
329.08,0.9930909512073155,0.6407693110434454,1.0074302481311148,-0.10304368623322072,0.003253955813566716,0.031835811704874685,0.9941619041142769,0.007597316407501646,0.08609882986120582,-0.01699252761573687
329.1,0.9931055943196931,0.6421096588420274,1.00672736629572,-0.1069884308830715,0.0033001877962328735,0.031825281274916385,0.9937453073546865,0.004847022538339737,0.07019986340287888,-0.020811649624243568
329.12,0.9931107339703537,0.6434408326856006,1.0061415767730544,-0.11115293974609873,0.0034620045804537344,0.031835324673491344,0.9932872447650873,0.005049714437011045,0.07267868327996364,-0.011163281175580327
329.14,0.9931229138733175,0.6449780764663204,1.0056870972480303,-0.11080162880590315,0.003191711481298878,0.03181301850700427,0.993328114917348,0.005769014080177177,0.08086404404111903,-0.0030527038335147636
329.16,0.9931251812195651,0.6466123621778047,1.0052803545926094,-0.10871143156068011,0.003056894565032974,0.031724652316037716,0.9935622911921891,0.005253020822096973,0.08351873742694507,-0.0016996056548121165
329.18,0.9931180117982342,0.6481388100679467,1.0049240751448796,-0.10999038656369209,0.003227163346753976,0.031658351181582736,0.9934230967119531,0.0046732520664293925,0.07904210004783507,-0.0016543450306361039
329.2,0.9931173389077781,0.6496927456945627,1.0045445464170375,-0.11059689508505519,0.0031682446320344696,0.03160323234675132,0.9933577023050328,0.005037854729038961,0.0775896060206607,3.782038218512033e-05
329.22,0.9931172792420143,0.651146404507029,1.0043793549930276,-0.11493363236049489,0.0032094617202647934,0.03166025634858003,0.9928633277928192,0.004485610446527701,0.07242811125968551,0.011482701979172845
329.24,0.9931086401707376,0.6528085018107621,1.0043839931856948,-0.11509269681861335,0.003313177817294263,0.031635779825746245,0.9928453411416033,0.004896259437663243,0.08350949436965802,0.021433865709398855
329.26,0.9931059828251146,0.6545347189408575,1.0045680141816224,-0.11527366075597502,0.003238578721509454,0.03161861612947646,0.9928251396181695,0.005077051539245251,0.08058813328716424,0.03068799676589583
329.28,0.9930974647770826,0.656489266278637,1.0045633573448034,-0.10928173602881477,0.0031115231098853948,0.031503169968970915,0.993506603338081,0.00560231647074075,0.09747918687386992,0.018827276347976075
329.3,0.9930720524003488,0.6582705336637357,1.0043946301443718,-0.10716916585811456,0.003578623320603518,0.03135037273334055,0.9937399647160648,0.0042200738445244464,0.08913430140959033,0.006365442580879345
329.32,0.993050109002988,0.6599638216613446,1.0039610891673991,-0.10548926371038182,0.0040231596603706584,0.0311965911766952,0.9939228350969419,0.0042683839696576785,0.08267568904395237,-0.00463718538034475
329.34,0.99306079218434,0.6613463639260675,1.003660050993386,-0.11150327975869491,0.003960804573392628,0.03127543600581157,0.9932639013539312,0.005426846602573567,0.06928334934542799,0.003182675737352535
329.36,0.9930773985604837,0.6629247758704233,1.0035861089565037,-0.11291249489203194,0.00367970901837819,0.03135079992750061,0.9931033962194988,0.005588812069502578,0.08041113974460391,0.0175282200112084
329.38,0.9930792660225122,0.6646027004135996,1.0037607228153171,-0.11337091777234508,0.0037468217342367873,0.03129758812040522,0.9930525954390298,0.005040109517884013,0.07818499773114859,0.03032005272887218
329.4,0.9930839871856965,0.66642905525621,1.0039059728174444,-0.1104649871067434,0.003606636513014235,0.031220655059289188,0.9933829822854018,0.00588568264271792,0.08904490545074507,0.026546808128236156
329.42,0.9930898312585,0.6681991864673548,1.0040262397910706,-0.10921544775927185,0.0034809457112297353,0.031160800839252552,0.9935234639799675,0.005545459769612215,0.08398163574241418,0.024197706219385027
329.44,0.99309562811512,0.6698038350507387,1.0042115623347603,-0.11242744288163481,0.003489604318891438,0.031198273464265035,0.9931639142063324,0.004968164402448321,0.07428027607815535,0.028124685717249066
329.46,0.993099013962412,0.6714897613034666,1.00452156470158,-0.11401863550039645,0.0034867383420641913,0.031241696681337788,0.9929811427226768,0.005163123379092445,0.08060862548293116,0.03602434116259462
329.48,0.9931003238459624,0.6732853418216824,1.0049453697367707,-0.11374404767515839,0.0034438382218389086,0.031226544514563595,0.9930132599892375,0.005266839674304048,0.08203631101789596,0.04252222203779272
329.5,0.9931018470419667,0.6750551770163374,1.0054777359009512,-0.11515560759434192,0.003430341806740706,0.031263091376951296,0.992849453800637,0.0050962234228335585,0.07979183885312449,0.0470897017853532
329.52,0.9931001007737146,0.6769924319288109,1.005939056747189,-0.11230459384160488,0.003339760846826765,0.031224548516876945,0.9931775026496902,0.00567705015556807,0.09126966657313217,0.04348627959807368
329.54,0.9931003216718336,0.6788875151761739,1.006378768203883,-0.11062171915241537,0.003215443525298259,0.03118585064567618,0.9933679775864558,0.005414692739211506,0.08584006988996448,0.04170922635939922
329.56,0.9930972689200928,0.6806283819126255,1.006853603051793,-0.11284778956779686,0.0032971839416418036,0.031227326427539802,0.9931159846925761,0.004763601280919373,0.07841410358237136,0.04312520711101252
329.58,0.9930921648532659,0.6824686226542719,1.0073319156467324,-0.11228461266105938,0.003327719606075039,0.031226876507133888,0.9931797290648795,0.0052109509005107205,0.08630726566945776,0.0439818632567445
329.6,0.9930899141961509,0.6844495248377637,1.0077146522841767,-0.1076859076628535,0.00314200658420258,0.031169197072232212,0.9936912771275214,0.006047772150789288,0.09821450814942041,0.03623594638632528
329.62,0.9930633824355273,0.6864535210550463,1.0076791978948176,-0.10051915328545986,0.0035375253294737444,0.030899548777881168,0.9944488944247668,0.003930106927379187,0.09199360240082674,0.01323543894201088
329.64,0.9930381388904806,0.6879648479040912,1.0073529451138674,-0.10394238312321699,0.004306454131876653,0.030789195565723262,0.994097309562747,0.004196357708914448,0.0770344375650235,-0.004853032985604468
329.66,0.9930647830933624,0.6894443934510222,1.0069161275249907,-0.10624517806012157,0.003772208523958822,0.03086457093281651,0.9938536667150542,0.006255706519448384,0.07581133417372392,-0.004956687610531195
329.68,0.9930689851767046,0.6908772116785276,1.006619700543457,-0.10966970315079218,0.003961589023900067,0.030888514672349727,0.9934801264668353,0.004252666006664462,0.07265005033071796,0.0030903148594350173
329.7,0.9930606725227604,0.6925388179306057,1.0062534184653256,-0.10686395856100614,0.004280552200220441,0.03074078185265353,0.9937891001437983,0.005156824952776714,0.08720118748772623,-0.0007378450509471853
329.72,0.9930624308672626,0.6940883228112712,1.0058963267771592,-0.10727239522243134,0.004487774879733511,0.030641742881218636,0.993747239841738,0.004992809776389429,0.07622357183742441,-0.0009831508065514258
329.74,0.9930913995474926,0.6955378304642122,1.00559713267488,-0.1104771626071235,0.004125848680116616,0.03070127124369913,0.9933957951687579,0.006532731651095275,0.07771704999332657,0.0001942727723868429
329.76,0.993115677398906,0.6972036267806831,1.0051679969647755,-0.10770073712338118,0.0037052672438708644,0.030633099572471675,0.9937044004271668,0.006134537520933076,0.08383658655345827,-0.0024950114789424683
329.78,0.9931255118213466,0.69866979314873,1.0048269470080688,-0.11066845866263449,0.0038092172033933145,0.030613602649928715,0.993378472413373,0.005086092108765592,0.07413668410776687,-0.0003526058193966936
329.8,0.9931412925612836,0.7001761342709952,1.0045734568265077,-0.11302600578488743,0.003682416103860633,0.030647546426604846,0.9931124255218952,0.005666266123996654,0.07760766505320707,0.006069156389237627
329.82,0.9931515049791072,0.7019449859612491,1.004206152121637,-0.10847936365717227,0.0034311463535517247,0.03054626957043536,0.9936233593825006,0.00591117853056995,0.09058143820014929,0.0007590464367835811
329.84,0.9931454232627257,0.7035420824289219,1.0038117515139162,-0.10852325203728458,0.003721335440287301,0.030422139615983963,0.9936213307145627,0.004618251624611812,0.08001706829749054,-0.003173551775468191
329.86,0.9931575901645875,0.7050346421066271,1.0034207599566352,-0.11103764088099408,0.0035886929354276204,0.030439085193026353,0.9933434580663479,0.005592688837336604,0.07773569318223265,-0.0025842519456180154
329.88,0.993165516250207,0.7065538263960809,1.0031261457709026,-0.11323187692377387,0.0035610393676663455,0.030458707110340315,0.9930952261531155,0.004916037514586473,0.07660615648499047,0.004707946905766135
329.9,0.9931669806373113,0.7081071091725267,1.003009232823199,-0.11568173925654684,0.003686677391775997,0.03046795922519418,0.9928120905151393,0.0048246985194808105,0.07733048268025747,0.01449748374380892
329.92,0.993170956120614,0.7099311259229653,1.002866396777086,-0.11164453522558736,0.00351730199579571,0.030423741864854276,0.9932761560975244,0.0062738950724995825,0.09991588955140215,0.009528741971108319
329.94,0.9931304717710656,0.7120117388828547,1.0021157824945917,-0.0989580147220353,0.004267959296428917,0.029933031891752882,0.9946321478051495,0.00311870597364674,0.10505664963523839,-0.024474361312265585
329.96,0.9930634338721587,0.7132658267572942,1.000931064077537,-0.10568357687829355,0.006452342006702424,0.029672209313438804,0.9939360687968305,0.0018473236973288974,0.06439708946072639,-0.048809295664891485
329.98,0.9930969939167439,0.7143821076546093,0.9997525931767662,-0.11403325517141917,0.006241857901014721,0.02972476681932056,0.9930125347459067,0.006997175317209885,0.07198345333572961,-0.04299118516402646
330.0,0.9931426245361017,0.7158602537160438,0.9987761377516472,-0.11333082370527153,0.005707826126582286,0.029741275665528633,0.9930956659058483,0.007326370469100373,0.08333074698726424,-0.025849433707920404
330.02,0.9931811031372872,0.7174007224064551,0.9980707712243704,-0.11270126496334706,0.005462369669612879,0.029700250197053867,0.993169916243684,0.007217646614841401,0.0873337213088171,-0.017844383992937446
330.04,0.9932061239232349,0.7191183346064585,0.99718267865274,-0.10714891310368206,0.005415598029460521,0.029553471180223535,0.9937888981367636,0.006559255712435265,0.09151353814121069,-0.0265145342033963
330.06,0.9932092841564201,0.7205247827288395,0.9962851719849551,-0.10957852050558096,0.006208496041528264,0.029426779165443017,0.9935230581565072,0.004874495003572165,0.07224758560774311,-0.0280489968643578
330.08,0.9932762269617397,0.7218049725354166,0.9956577341944757,-0.11593391767145245,0.00547763170486268,0.029599625394168397,0.9928006771053189,0.008528931890463724,0.0712256951012363,-0.011098435337407465
330.1,0.9933396289181945,0.7234008683238455,0.995350017296541,-0.11580880863308761,0.004687919127230648,0.029741871556652942,0.9928150705612546,0.007480308924763318,0.08316749245876062,0.007941888033329113
330.12,0.9933510382142655,0.7253453044853582,0.9949424453299672,-0.10707615520868166,0.004892354571002105,0.029526794457134405,0.9938002466600439,0.0059836140297123315,0.10052225969195001,-0.0017093757062068286
330.14,0.9933323788359792,0.7268896786618604,0.9943783139253776,-0.10851129035846974,0.006153027294156934,0.02931276085380248,0.9936439010888081,0.0038991338057478412,0.07419941573616681,-0.013049949168754882
330.16,0.9933949253901021,0.728343073376466,0.993723458777526,-0.1112587710993204,0.005318695175797716,0.02935997919175303,0.9933434395801665,0.009345205008192088,0.08679621538376837,-0.020196681584711874
330.18,0.993471068357134,0.7301054019870455,0.9926697830455546,-0.10414759829905974,0.003828995949911909,0.029232072421138587,0.9941247922170127,0.00896373872139583,0.09376574613273704,-0.03612430626963305
330.2,0.9935076679453148,0.7313364795189736,0.9915994881275128,-0.1104363364778119,0.0036988990376995465,0.02925626067417685,0.9934456225393683,0.005350878893760083,0.06492770833937207,-0.037836405104408444
330.22,0.9935230498880993,0.7325866835256244,0.9907812853655693,-0.1163769464095294,0.003945308835225332,0.029307115664522525,0.992764792815506,0.005132650811270927,0.075332884095593,-0.021819587754968943
330.24,0.9935430073200799,0.7341887125668072,0.9901904036136644,-0.11463630076116287,0.0036933815867750915,0.02923536472238172,0.9929703776698477,0.00606214962021797,0.08392607998820756,-0.005924209970911237
330.26,0.9935617833105772,0.7357057498656975,0.9899437878790059,-0.1175465825133239,0.0035425205389689276,0.029260616118642484,0.9926298745413754,0.005230367301579598,0.07469206919215489,0.009005581766076175
330.28,0.993572989376977,0.7373564612369019,0.9899282897866082,-0.11880029957969078,0.003463004878724113,0.029298975655699958,0.9924797561877584,0.005494710731585411,0.08517115106285458,0.02033377148380551
330.3,0.993577565038268,0.7392311127287935,0.989972292488908,-0.1154934894270221,0.003336958409829983,0.029210313458627613,0.9928730413281399,0.005302547623483108,0.08813914475044732,0.025862997996705123
330.32,0.9935806292379891,0.7409604681642524,0.9901741808664468,-0.11723797784467553,0.0033590536521441476,0.029220197293194472,0.9926681990371204,0.0050605281608725235,0.08187875940253564,0.0305089026379201
330.34,0.9935860915315305,0.7427620994786454,0.9904583123759092,-0.11773713436545367,0.0032437555446413018,0.029252780138825207,0.992608543231181,0.0052186140821399935,0.08460595490906063,0.03651179960947483
330.36,0.9935858546132046,0.7446002589611488,0.9908740288074105,-0.11828377030847775,0.0032441673529541052,0.029269542653871723,0.9925430564628571,0.004906875261262313,0.08414684403835905,0.043434586125818145
330.38,0.9935841474186657,0.746477751319943,0.9914067703877318,-0.11876052967449134,0.003248008070536314,0.029295405098314346,0.992485348141288,0.004989408124446312,0.08527998846724158,0.04942964951975451
330.4,0.9935825640741766,0.7484238929223012,0.9920170292887115,-0.11822518206349618,0.00319494773296999,0.02931950786601121,0.9925487217731589,0.005127932423928544,0.0880244600872411,0.05332773365281059
330.42,0.9935746527457563,0.7506157640705525,0.9924024190592855,-0.11050678853787513,0.003069640995970633,0.029196048927330867,0.993441703230861,0.0055941409540366605,0.10395768836138368,0.040542576413909084
330.44,0.9935516933121341,0.7524904390712229,0.9926865389228591,-0.11020050141126325,0.003593207108243451,0.029083442807747977,0.9934772728682987,0.003709353128349303,0.0821817480464336,0.03300210435114419
330.46,0.9935628082458449,0.7541835851546319,0.9930301330279909,-0.1136904285004489,0.00337632324085781,0.02918704478892052,0.9930816700177519,0.0057350675272998895,0.08082783714917068,0.03692966690535504
330.48,0.993572078723293,0.7560549945812051,0.9934707859185684,-0.11240809449167215,0.003106143094287075,0.029212700908666313,0.993227763543413,0.005204299671618878,0.08588525464669047,0.04470679039033761
330.5,0.9935664998345525,0.7578770756594428,0.9940609551241746,-0.11304181615946714,0.00326054368953725,0.029175534481012178,0.993156435231613,0.004504373974559,0.08109696263742161,0.05013997460314416
330.52,0.993568814723199,0.759741061412083,0.994658356691279,-0.11268139602676895,0.003155682483305547,0.029177281290250705,0.9931976796761219,0.005260951810170543,0.08582423475309586,0.04952034191592184
330.54,0.9935710828906371,0.7615824374296163,0.9952937290013736,-0.11320243502627848,0.0030701546131981215,0.029190567493461547,0.9931383053856003,0.004783571906967421,0.08058319993546643,0.052499814425761515
330.56,0.9935664831965412,0.7634588049375469,0.9959443689871482,-0.11293188670640492,0.003124012214106407,0.029198478260237845,0.9931687059004146,0.004951600927746944,0.0887228831054234,0.05116392496295339
330.58,0.9935591590356653,0.7654641965844433,0.9964496009126338,-0.10876366983035028,0.003112517735241276,0.029083368259671803,0.9936372245689342,0.004786199881094352,0.08869319904985229,0.04618239969749058
330.6,0.9935553016959713,0.767211898106322,0.9969735798725581,-0.11105164390303586,0.0032225052304394445,0.029092801811276298,0.9933834892574182,0.004601307647316385,0.07917502569462057,0.043865824487637296
330.62,0.9935580693371432,0.7690040378638431,0.9974802006797653,-0.11166530398930508,0.003121991408364138,0.02912017439225264,0.9933142143843443,0.004939569725581637,0.08212698207997451,0.04509099072619439
330.64,0.9935559284438975,0.7707888830129094,0.9980487846776874,-0.11271433802781228,0.0031656979787771174,0.02912614644499881,0.9931954107588917,0.004534168114350168,0.07981961955445573,0.04844369150856319
330.66,0.9935536682035504,0.7725798657190656,0.9986804174687466,-0.11404669687620467,0.0032141796410871796,0.02914962044693059,0.993042456095741,0.004656773325769763,0.0805197877137592,0.05179552117511095
330.68,0.9935528380368397,0.7744334971351949,0.9993481967832998,-0.11425363604227125,0.0031863808489154665,0.029165535313215765,0.9930182904549641,0.004846621994378424,0.0830101927887205,0.05405075862001919
330.7,0.9935505896402108,0.7763020298655301,1.0000439159928376,-0.11458361977215935,0.0031955019383371566,0.02917975320097336,0.9929798209683828,0.004753096341074801,0.08281608486972344,0.05537562881487355
330.72,0.993547352029463,0.7782440686478082,1.0006858354872503,-0.11304624088729315,0.0031684625530287117,0.029176748324581538,0.9931561939712736,0.005205450764875949,0.09120060875299733,0.05099783670353427
330.74,0.9935399214496603,0.7802856995005123,1.0011183207027115,-0.10804451342705419,0.003144732153187858,0.029060960908772263,0.993716234308897,0.004902245766598269,0.09148184282560985,0.04188284246419322
330.76,0.9935258798967274,0.7822231333219123,1.0013046363423725,-0.10403516118948028,0.003351093162848148,0.02892471706563741,0.9941472809164473,0.004593213055510928,0.09153316951171661,0.026143115745312844
330.78,0.993513471149339,0.7840499031388432,1.0012139149702979,-0.10062317602376662,0.0035845368820951536,0.028793700261450433,0.9945014079263461,0.0050054946097652115,0.0968259143783373,0.00673072966897652
330.8,0.9934783386951879,0.7858800441489542,1.000504234758246,-0.09353117118678198,0.004402401319010378,0.028445241143230143,0.9952001844530369,0.0029946976652167863,0.0895458795519265,-0.024953081395949952
330.82,0.9934567454473221,0.7869912760952343,0.9995831191187112,-0.10281771558692232,0.005498851866993798,0.028357637030614842,0.9942807070499112,0.0035265336544041577,0.05770883059685143,-0.034292108374007174
330.84,0.9934961179686623,0.7881718530380257,0.9987980725459339,-0.10906904940162175,0.005109391755060032,0.02845806453235659,0.9936135944830828,0.006438489644599757,0.07092502988260348,-0.022294072494837346
330.86,0.9935320610149548,0.7897363894048057,0.9981499929433525,-0.1059083489705319,0.004676391612394883,0.028391278145385307,0.9939595003344427,0.006520954129131127,0.08564047774068112,-0.013677909622455572
330.88,0.9935428727926768,0.7912512342172032,0.9975214120456496,-0.10474611153743985,0.00500222121057345,0.02824819303453837,0.994085141972774,0.005076762866453502,0.08233657932719989,-0.018008528533731465
330.9,0.9935384122799497,0.7927866910345766,0.9965987656259663,-0.10197825175841,0.005699481168338613,0.02803468416688348,0.9943751850113584,0.004361741537991748,0.08029431105220183,-0.03185958911163365
330.92,0.993564782808844,0.7939183901731471,0.9957625804177023,-0.10985230323992756,0.0059753775107353494,0.028044658468516503,0.9935342286342587,0.006027776378492184,0.06086844019565195,-0.025891342921586586
330.94,0.9936371817243307,0.7952293485261848,0.995232203138844,-0.11416236211640113,0.005060166343599553,0.028239670799738468,0.993047768632356,0.00778593937784018,0.07385054342480794,-0.005983127822373249
330.96,0.9936807565475386,0.796891198279589,0.994925049991797,-0.1112695983387767,0.004693906192864546,0.028204189527006516,0.993378863990625,0.006687584687552017,0.08658527469983246,0.005539737226517747
330.98,0.9937018761659218,0.7984873173001079,0.9947567618449359,-0.11177620214944478,0.004933472321701319,0.02809661356114715,0.9933238755764874,0.005516730520402977,0.07890282466042411,0.009153379068125661
331.0,0.9937481550743442,0.8001122774530064,0.9945483729261221,-0.11187919569139296,0.004414819914789527,0.028075573091269537,0.9933153160664361,0.007317630131859203,0.07998029842556417,0.00886137490817553
331.02,0.9938031629373459,0.8019069368409324,0.9941440302885511,-0.10697150810553949,0.003440260758936068,0.028031023286284727,0.9938609172278889,0.0077912554761386185,0.09312882081937829,-0.0028009976146567785
331.04,0.9938302532625847,0.803390632023514,0.9937359054923349,-0.11012218778573932,0.003310379000084329,0.02801340840870102,0.9935176868569001,0.005048373206910618,0.070322779998378,-0.0030728862635132663
331.06,0.9938478628177497,0.8048476612891349,0.9934594620554872,-0.11402020590290586,0.0032961185854975656,0.02807226263385303,0.9930762691348259,0.005288167281081564,0.07819993893231851,0.005006431441138624
331.08,0.9938666266592892,0.8065051305844243,0.9933913362498569,-0.11391798040120878,0.0029979535047345205,0.028059142326804797,0.9930893165007755,0.005452354272181847,0.0799803266007403,0.019390703042358733
331.1,0.9938753813126221,0.8081284527165362,0.9936100517146101,-0.11665474598853254,0.0029484060464184366,0.028105373914318218,0.9927703989832053,0.004662520010912322,0.07746550668133015,0.03150584360929788
331.12,0.9938770405148863,0.8099535152291968,0.9938866201611659,-0.11516803616990942,0.0028595383282083342,0.02805871765248312,0.992945544755106,0.004986837183558956,0.08565209653213317,0.036353354389826786
331.14,0.9938795634303706,0.8117016431239754,0.9943657603094969,-0.11729778348202877,0.002786921929797149,0.028100686804147543,0.9926952273772125,0.004515920507023161,0.07781654142805841,0.04583904267746354
331.16,0.9938745788005038,0.8135997653520389,0.9949121618832869,-0.1163289273788672,0.0027661155816759786,0.028107293403063813,0.9928091001381006,0.0047512812852926216,0.08906442589351554,0.04913421256713725
331.18,0.9938690037164649,0.815569473550341,0.995509561605058,-0.11424648209506433,0.0026776904106850623,0.028072127446878748,0.9930521270122595,0.004829170203743169,0.08930768164985095,0.05142272676707758
331.2,0.9938605073874441,0.8175846233949996,0.9959931739128964,-0.11053135983543003,0.0025933964298727576,0.02798602202703129,0.9934751508512887,0.0046038565961130816,0.0899118175378262,0.04561376678984762
331.22,0.9938511762258359,0.8193206625524647,0.9965990318888708,-0.11419155551883269,0.002742801590766732,0.02804125965269756,0.993059138946273,0.003908237918528483,0.0757093307143627,0.050648757138298736
331.24,0.9938427952362804,0.8211926669294979,0.9973300221494007,-0.11447526102124327,0.0027655165988244297,0.02808267501829279,0.9930252413186066,0.004431676000663887,0.08571100534987387,0.058723252248001304
331.26,0.9938333292477426,0.8232876320198286,0.9980497217088138,-0.1091159351190016,0.002643293192762457,0.028014005753991565,0.993630686515779,0.005181069705887843,0.09981321107978947,0.05539586608703643
331.28,0.9937982495126229,0.8254396519297631,0.9983403829319288,-0.10041538988605139,0.003134722347047262,0.02770741237899152,0.9945547859666152,0.0030257614479900627,0.09611819432401744,0.029887981691461923
331.3,0.9937640250814932,0.8269924239482509,0.9983462675688758,-0.10509124478238573,0.004092186499698456,0.02760878080250048,0.9940708422956283,0.0032027157333254655,0.07286559468538173,0.013169817925327666
331.32,0.9937980311588531,0.8285589757108356,0.9983136497871985,-0.1075222766042024,0.003325469999564933,0.027752619343883775,0.9938096867120408,0.006396977490487332,0.0786528031334153,0.016532227992860454
331.34,0.9938117079587268,0.8303335254424736,0.9982308730597081,-0.10367208073932453,0.00300335912433927,0.027695985013100506,0.9942213093287144,0.005019488768051935,0.08789833679618006,0.013867148619888475
331.36,0.9937876141581938,0.8319022323586601,0.9981460412773437,-0.10487716288582498,0.0038198890497198965,0.02753245270085311,0.9940966518407268,0.0028309983703083603,0.07345163648674963,0.011902573361738014
331.38,0.9938097337627138,0.8334526430998362,0.9979870235776936,-0.10586378367694005,0.0034065553924481516,0.027505118971302974,0.9939943275071215,0.006484530706917164,0.08569269224487659,0.0038421375729843074
331.4,0.993834914119119,0.8352262762897591,0.9973815871350926,-0.09925967522392093,0.0027183229256764413,0.027286717240696652,0.9946836495374496,0.005578907165728877,0.08845398417577131,-0.016366445428191313
331.42,0.993826899193327,0.8364997028147376,0.99659897291409,-0.1045648027547039,0.0032411981587523995,0.027215997856790373,0.9941403251654289,0.0031813915574255953,0.06658874656297094,-0.026787301430842396
331.44,0.993842882011759,0.8377850742378022,0.9959146189881665,-0.10895492303932955,0.003052804680085997,0.027266823616257423,0.9936679653983814,0.005155472474128259,0.07318387013118165,-0.01685282020383467
331.46,0.993848519364403,0.8395361797839422,0.9949710380266029,-0.10024005780623457,0.0027443283136261588,0.027030559602694793,0.9945922522927045,0.004848700040308894,0.09767877404536944,-0.032618786564933853
331.48,0.9937961087313396,0.8408511043918169,0.9937540173041125,-0.10214137437026218,0.004300484066724225,0.026752259263039327,0.9944008055622586,0.0008555798940112554,0.06814060096551133,-0.049679871831340115
331.5,0.9937982063846136,0.8418437621342776,0.9926630198003534,-0.11207855821578831,0.0046913145767323245,0.026727043363763737,0.9933287741270983,0.004507784931566444,0.061359193335751114,-0.03859727302106171
331.52,0.9938331043218186,0.8431883150251565,0.991872883714563,-0.11409187859043873,0.004171675215990528,0.026793400042432754,0.9931000725404077,0.005923116710602272,0.07751688915175359,-0.01769183499114031
331.54,0.9938549736843736,0.8446369663815949,0.9915441387109811,-0.1166075176505459,0.004081967789067264,0.02678196962549253,0.992808516517322,0.004873795841356678,0.0718209174630427,0.0064408001173376665
331.56,0.9938781457219682,0.8461636484813732,0.9916199044339801,-0.12027335756234095,0.0039867546363385395,0.026857138731075682,0.9923694470041542,0.005335591211832099,0.07598120721973883,0.02601616273377304
331.58,0.9939049675364162,0.8479949087638671,0.991876794263948,-0.1184076978583599,0.0035950363187716807,0.02685735338439313,0.9925952726922166,0.0059892505542611454,0.08630949458847921,0.037384445998658575
331.6,0.9939236759401523,0.8498524252434779,0.992314428639599,-0.11796193445071544,0.0033962638267637287,0.026867835658484614,0.9926487630676284,0.0053876142415063225,0.08542608998999,0.043964260335937755
331.62,0.9939353961036158,0.8517118837371371,0.9928451451013142,-0.11863493673278348,0.003334020928106882,0.026895298816151873,0.992568022350332,0.005111032190077037,0.08363962665816034,0.04888549783404402
331.64,0.9939479308053261,0.8537207894570689,0.9933370463204464,-0.1156827650484065,0.0030730425126536376,0.02688458331845993,0.9929175562252203,0.005736122522782687,0.09386251192445613,0.04686380332476807
331.66,0.9939565068293487,0.8556214346839928,0.993926038168888,-0.11613731348257364,0.002950511735313968,0.026907138358746415,0.9928642529585268,0.004811578153661375,0.08229649984024097,0.05190461158604559
331.68,0.9939583151601217,0.8575009519378363,0.9946610945701847,-0.11761704025392582,0.0029775010267354862,0.02698369066633066,0.9926878899067753,0.004639338963832839,0.08459178410143478,0.05955228867809731
331.7,0.9939578758633978,0.8595980943085311,0.9954044167477251,-0.11357555562435585,0.002846828641893125,0.026930908020689166,0.9931602161406203,0.0051750990503228326,0.09458361301366022,0.06043296447340759
331.72,0.99396061769029,0.8616060101503606,0.9961820894938315,-0.11199748819825367,0.002668790701289239,0.026921297510374333,0.9933401652675847,0.005059325629637558,0.09008419669924243,0.0582761134532664
331.74,0.9939493455120364,0.8637898836156973,0.9965683895258739,-0.10364587720786393,0.0026469376712202875,0.026747286784011833,0.9942510289199961,0.004538678829268418,0.10143268534592298,0.03769361870909257
331.76,0.9939236765786209,0.8654643996092946,0.9968264077841148,-0.10702099251494751,0.0033558373852356172,0.026665659983298853,0.993893449064946,0.002881963636307988,0.07193725484351983,0.029128838914728318
331.78,0.9939334929856605,0.8670532480792361,0.997192045503787,-0.11152411821729392,0.003221355619967096,0.026772676056235956,0.993395801149075,0.004902966182204198,0.07719412689678277,0.03786427909464665
331.8,0.9939424877796413,0.8688951007276015,0.9977105903235786,-0.10978138473176552,0.0029885311725997704,0.026755659708159005,0.9935910883866601,0.004789786421521001,0.08378687536593174,0.04819778902346618
331.82,0.9939393422420179,0.8708284236331089,0.998207057915633,-0.10570005381210651,0.003006288594650994,0.02663343864022587,0.994036780405635,0.0044675960265657426,0.08888036814257255,0.04363853064868415
331.84,0.9939344512296265,0.8725463746748479,0.9986739051032972,-0.1069467503428692,0.0032247968932232816,0.02656176535066646,0.9939046563416198,0.004027818207008343,0.07652659544421377,0.03984217054736926
331.86,0.9939489171341256,0.8741806875045656,0.9991502814857978,-0.11000696142341963,0.0030038629176007197,0.02663077904944381,0.9935694474233687,0.004867502518306482,0.07539236356376525,0.04165279695740158
331.88,0.9939565230826625,0.8759688753708663,0.999605858227961,-0.108975290564251,0.0028477017431309207,0.02660688960435725,0.9936842305616008,0.004602040782395884,0.08221179725851407,0.04250780137703344
331.9,0.9939535339252525,0.8778524258083005,0.9999681152999034,-0.10528876856096359,0.002865053725745278,0.026530445339835406,0.9940835991767163,0.004895529115587245,0.09671340328286297,0.031953781052475906
331.92,0.9939052141020083,0.8799574361303427,0.9995045883363961,-0.092737476297704,0.003856151497549053,0.02604256258877502,0.9953424915672848,0.0020237686853856835,0.10134948253990309,-0.015350556321981918
331.94,0.9938451284119688,0.8811153867339093,0.9984352403469667,-0.10194445803939878,0.005883616765944025,0.02584360986891294,0.9944369353346386,0.0014299801842357779,0.058471278771453805,-0.04562527609613824
331.96,0.9938725487491045,0.8822362431775257,0.9971741380448009,-0.10901004144276491,0.0057524043783775585,0.0258626035625964,0.9936874993907684,0.006193079253561114,0.07558041099820574,-0.05095996963106451
331.98,0.9939150178922427,0.883649568105179,0.9959792798653281,-0.10802420805419621,0.005258880013893463,0.02581291801518753,0.9937991788680469,0.006482128804135026,0.07989030978100274,-0.03954766659576956
332.0,0.9939565215643391,0.8849033276771636,0.9951078242338767,-0.11269857339897178,0.005067712135278305,0.025847981192020406,0.9932800369059309,0.005898274770956121,0.06833269113359806,-0.02490141745745843
332.02,0.9940087749901704,0.8863595091639616,0.9943974217069554,-0.11319785379003981,0.004487008174010024,0.025895790882045137,0.9932248087263872,0.00716152823491237,0.08495921977288369,-0.01792200923744929
332.04,0.9940496325686188,0.887895117065801,0.9938150902898355,-0.113103530049145,0.004131672029930789,0.025849355309664708,0.9932383055474321,0.005871166944579708,0.0769417452541903,-0.008471884239673613
332.06,0.99408624853762,0.8892797546504343,0.9935743966715826,-0.11906832266095911,0.003966717423463695,0.025973200723832204,0.9925383582188386,0.005638695256464757,0.07045671734363236,0.009352894764191636
332.08,0.9941200794406928,0.8909721559377005,0.9936496795835684,-0.1193350609644849,0.0036141285305625295,0.026037383674048155,0.9925059878665607,0.005967682216934996,0.08427029602468246,0.028150524122460892
332.1,0.9941459854328395,0.892910267386029,0.9938972539400026,-0.11531119314230678,0.003227166144178727,0.026009362478959904,0.992983598655191,0.0063011230073621955,0.0968214216762657,0.033463444696554455
332.12,0.994144634350527,0.8949867926949178,0.9938422126285366,-0.1071313874832819,0.0033449032560615927,0.025764296417189293,0.9939053669581636,0.004380617466944707,0.09690477585473645,0.015631200497290543
332.14,0.9941383263965594,0.8964913784968073,0.9937271227528903,-0.1132200047399298,0.003942668534811101,0.025738196936165563,0.9932286902370421,0.003969567140612691,0.06963102820319902,0.011495047775402974
332.16,0.9941661617384463,0.8981436973265388,0.9936732553573699,-0.11473412551421656,0.0035365775929692253,0.025824654813606577,0.9930542081201685,0.005985496238996118,0.0869239699683578,0.01743378870829269
332.18,0.9941848433588757,0.8999459098578224,0.9937887151956376,-0.11318168068086779,0.003288075354771727,0.02578335334246219,0.9932342696509888,0.005039270785217614,0.08299461286510075,0.02916194965927859
332.2,0.994198735376221,0.9015876104044503,0.9942095330880735,-0.11736456681656968,0.0032808376378385914,0.025867815680492477,0.9927465188416795,0.004628047698246568,0.07449460799256653,0.042899797411183514
332.22,0.9942120696968145,0.9034666424248085,0.9948217951495182,-0.11665950360300877,0.0031018889949184793,0.025926665535198002,0.9928286591945202,0.0051858678013524,0.08797942195163597,0.0537881222467126
332.24,0.9942104013109985,0.9057543096539138,0.9951605300464942,-0.10477896597264408,0.002953026358655999,0.02570510999555628,0.9941588883298006,0.005108909994473465,0.10949336980527784,0.03641170298787856
332.26,0.9941747999646858,0.9075150648339353,0.9952330480758111,-0.10536473568083395,0.00406374019067801,0.025524326896751704,0.994097715130177,0.0023416372368247314,0.07624817958874099,0.018540615659215644
332.28,0.9941927982591567,0.9090707935537407,0.9952773648677847,-0.10950785851925827,0.003924452992560636,0.025605530955068557,0.993648320270177,0.005581032227206411,0.08062435863509784,0.018619643502240418
332.3,0.9942161080985067,0.910966707614656,0.9952114898029086,-0.10346165635395166,0.003473125818629421,0.025541263890872152,0.9942993849441936,0.005588884928241504,0.09251915860509112,0.017415261935650357
332.32,0.9942168692011126,0.9126335338880653,0.9952271790949726,-0.10309359111555687,0.00380612432330223,0.025472691487827156,0.9943381551951529,0.004023798102566753,0.07847159927575821,0.017699247041357023
332.34,0.994240587142376,0.9142341492686625,0.9952887855830779,-0.10373182531409628,0.0035683451713612747,0.02553196686243844,0.9942711370636679,0.005499471866199592,0.07893026215070037,0.02011866495400095
332.36,0.99426048459753,0.9158924920780626,0.995430648392994,-0.10264112430396721,0.003407268884716852,0.025560751907637458,0.9943841501564076,0.0047508601935809065,0.07883897152593607,0.025469009626183627
332.38,0.9942695532314245,0.9175082488512782,0.9957043658971109,-0.1028790487867876,0.0035506549701775935,0.025574353802584698,0.9943587112292972,0.004348417529880129,0.07579094514246462,0.031382632823444834
332.4,0.9942863511426677,0.9192949186044928,0.9959470493995948,-0.09829285400082297,0.003344964713605893,0.025555178490894094,0.9948237325856959,0.005662586544844198,0.09210756553949848,0.02635039197558029
332.42,0.9942842903861444,0.9211695584658658,0.9958736318724732,-0.08986488906685468,0.0035407441537874604,0.025328390375043103,0.9956255508396964,0.0038658640829069926,0.08701353218739376,0.009942377689928894
332.44,0.9942839100732364,0.9224976935907447,0.9957623661363267,-0.09435774025241718,0.004073520548044637,0.025343902923543517,0.995207370284909,0.0037385427792531664,0.06234986428585285,0.007526515507074791
332.46,0.9943101073848986,0.9239792513749139,0.995737063733106,-0.09357387559694488,0.0038476293255491323,0.02540113390787919,0.9952808186389078,0.005313477021802829,0.07769714243560814,0.014271010380756868
332.48,0.9943319923477036,0.9255403501635726,0.9958908822854905,-0.09082732210020747,0.0037445864088145172,0.025345149975785863,0.9955370404989646,0.004666747671559916,0.07176929884711654,0.024512315895287413
332.5,0.9943493048110958,0.9270754100725692,0.9960696337060841,-0.08831375967535399,0.0037924716479495833,0.02529352378920458,0.9957642967415171,0.004632172936135591,0.07500335290400405,0.021522745763807805
332.52,0.9943667033462971,0.9285965256017632,0.9962041069312305,-0.08537192624826784,0.0038541807066617075,0.02531188544170254,0.9960201242721589,0.0043977215039739765,0.07617614531897428,0.017278488096832374
332.54,0.9943432435853649,0.9302205509737389,0.9960388486207,-0.0778492860147998,0.004931351300574888,0.02509040891844553,0.9966371665865373,0.0023082056476579735,0.07769388551571511,0.001929185495189822
332.56,0.9943453385453082,0.9314343497344304,0.9957851953304477,-0.0795302141262564,0.005684244315582037,0.024976041741603405,0.9965033024262961,0.0045968331194515604,0.05812735568533215,-0.0035169628432801525
332.58,0.9944272446157688,0.9326531487484299,0.9955450933612703,-0.07961486157370078,0.004484115489166008,0.02515998169705343,0.9964980390577215,0.007244223287713183,0.0646714060912523,-0.0017658921517363954
332.6,0.9944599714281631,0.933885796111746,0.995427259343691,-0.07894717525170235,0.004670057372749091,0.02511078832698861,0.9965515452767656,0.004077216126927877,0.058997572708706335,0.006172935951941546
332.62,0.9944996861445914,0.9350166804279775,0.9955132988416974,-0.08115419586440809,0.004728035225363097,0.025147449085439415,0.9963730465950011,0.005230303033910618,0.05519068917249046,0.01580263840544272
332.64,0.9945539027287356,0.9363306767081213,0.9956952795784131,-0.07871895582151595,0.004298295188412293,0.02518913942388572,0.9965692940824172,0.005727964394552557,0.06583428231823303,0.0201562616049787
332.66,0.9945939446868546,0.937596567770256,0.9959984616261278,-0.07797776138016137,0.0042668660329647935,0.025169881077647577,0.9966281852681733,0.004700191515457333,0.05709466545437716,0.026339779355898495
332.68,0.9946279668153019,0.9389211359338796,0.9962524002095987,-0.07525679933721939,0.004305233991067418,0.025123858185507452,0.9968383373765648,0.004990259482097158,0.0657599638696522,0.021361903715359395
332.7,0.9946722737509064,0.9401703587813497,0.9965201009460128,-0.07421540073292106,0.0040920641801255936,0.025125705489705576,0.9969172624789091,0.005046415596466296,0.05695870830613231,0.022993381607528222
332.72,0.9947051205171396,0.9413614495258218,0.996827061363996,-0.07421673856123275,0.004205928451311075,0.025154028400594754,0.996915974763379,0.004295199343567495,0.057110344344840656,0.02452985955804533
332.74,0.9947378356909296,0.9426460712496013,0.9971316115610807,-0.07127494257707476,0.004228145348363758,0.025103245680216463,0.9971318029247019,0.004770302567225751,0.06224671903644251,0.02426618145499098
332.76,0.9947770637143337,0.9438924559649677,0.997449496973466,-0.06889101929787966,0.004106156570709141,0.025131082109762184,0.9972991505312278,0.004721969889375567,0.06015879622480298,0.02344277493024222
332.78,0.9947921990361871,0.9452219403163394,0.9976325946953023,-0.06311094749900022,0.004550642336796534,0.02498034827729492,0.997683457896364,0.0036237987329202233,0.06181982344006988,0.017029638644277936
332.8,0.994823768991285,0.9462499480691642,0.9978354648678526,-0.06429145256113175,0.004786640174719485,0.024963010599524035,0.9976074104101401,0.004489000162772163,0.04751595074737587,0.016637288749105226
332.82,0.9948863735163905,0.9472851007527655,0.9980808886120451,-0.06431287285388555,0.004252874733588029,0.025047917523759698,0.9976063197822592,0.005559340716203518,0.05082092349053537,0.019634285712594374
332.84,0.9949281386494633,0.9483499005271835,0.9983863323121519,-0.06317302798309478,0.004271521318947239,0.025026239144292212,0.9976796128995328,0.004243866478695768,0.04983596596233022,0.022682472105159272
332.86,0.9949673261130495,0.9493730851827672,0.9987265116282398,-0.06284722290345003,0.0043574270674464856,0.02501501585527336,0.9977000994208813,0.0044323513518728175,0.04861767773302132,0.02325665286383177
332.88,0.9950164094901882,0.9503953616411707,0.9990596896250257,-0.0622238282370845,0.004168150474301337,0.02503687503718828,0.9977394332236837,0.004800379054612216,0.04827773496061354,0.022798349043716425
332.9,0.9950546464553114,0.9515886946021221,0.9992911880291734,-0.05638862158409184,0.004127002339551768,0.025011715679987202,0.9980870229024515,0.004833410258057677,0.06493835635506928,0.015902196060006042
332.92,0.995114373924177,0.9532267861498973,0.9993310599486328,-0.03714432405853503,0.003106974623474491,0.02471935270566711,0.9989992990491717,0.007760640608868712,0.08154597018280842,0.008342930582420692
332.94,0.9951776198268348,0.9544300764248259,0.9993577876559744,-0.026755750050685798,0.002188897582723716,0.02459579286803409,0.9993369729674723,0.005490688665399538,0.051352729943196285,0.004380224042677738
332.96,0.9952288535773892,0.9553035777281976,0.9994523923757647,-0.02109334031066491,0.001574321720883511,0.024633120297904463,0.9994727619550453,0.004516938502321755,0.04357474261084461,0.008102375383864267
332.98,0.9952726084428237,0.9561785328132361,0.9996472517449739,-0.011753380601564646,0.0008922333336456045,0.024535360223871438,0.9996294703853013,0.004133600239514757,0.04115802146673298,0.01229636705756998
333.0,0.9953064696964752,0.9567354300332074,0.9999413576414041,-0.0076644422373570425,0.00043394642849314146,0.02452025002325117,0.9996698581804319,0.002694893086219939,0.02312563070556392,0.015980595144815396
333.02,0.9953276762983998,0.9571228999028788,1.000301561582378,-0.005094106188790526,0.00018654905164075723,0.024548578022225393,0.9996856418888267,0.0018195202619041592,0.018930774888608577,0.018888131018275283
333.04,0.9953408493469482,0.9574654259445535,1.000692626106775,-0.001455246366755071,-1.2636460137467214e-05,0.024511007608838294,0.9996985008512974,0.001370097047748035,0.015406776495970272,0.01988818535970795
333.06,0.9953508644227531,0.9576419465618817,1.0010888239807032,-0.0004558764179895316,-0.00016734722767359797,0.02451851095022745,0.9996992581733671,0.0007748125035863805,0.006844701983316745,0.019681079494566177
333.08,0.9953533548219865,0.9577498217874698,1.0014725595730622,0.00014465188944266536,-0.00018925426404498442,0.0245323912979104,0.9996990072196034,0.00029581315580193415,0.005374963769904484,0.018939186984875133
333.1,0.9953526460229478,0.957837347826628,1.001828314592659,0.0011529264588456382,-0.00019212447651343814,0.024515492602846963,0.999698766864902,0.00017319030487438847,0.0036859808259554023,0.017392762476278
333.12,0.9953525632739221,0.957857738870013,1.0021478250786022,0.0010360853796117502,-0.00021511291707630882,0.024522346467718815,0.9996987220044028,-1.5009034207707615e-06,0.0003798346914655441,0.015474175218611113
333.14,0.9953492448032507,0.957862182831724,1.002428323027195,0.0009606446605728934,-0.0001695690180466788,0.024526511965951132,0.9996987039198202,-0.00018483467485485257,0.0003933265482950936,0.013509244473203513
333.16,0.9953458407343629,0.9578646902996121,1.0026671513057501,0.0010810920620310895,-0.00013537861170512293,0.024518685956017663,0.9996987781084735,-0.00013989523595909248,-9.595393672848962e-05,0.011435535830560667
333.18,0.9953438092269771,0.9578462481224275,1.0028646072135117,0.000783224006782133,-0.00012574597883680685,0.024522663077901765,0.9996989595591623,-0.00015483044213248387,-0.001047194115050099,0.00936566451362156
333.2,0.9955451605424749,0.9577738370195732,1.0029174984710587,-0.0010610888644001358,-0.005736368939327109,0.02552640371550355,0.9996571266565186,0.017843452609472277,-0.006613202475214959,-0.002170118289702689
333.22,0.9964687861296401,0.9574360230324511,1.0025604252065639,-0.010786813667188647,-0.03158453804501709,0.027845587580827436,0.9990548958188787,0.048698181261582305,-0.022326117485834976,-0.024705474282249673
333.24,0.9970633876635692,0.9571834213262208,1.0018693605158415,-0.01911483163131663,-0.05105326431662918,0.02964023585882793,0.9980729651846882,0.01560559092559827,-0.008328565937995653,-0.039593486511669954
333.26,0.9971551653839433,0.9571334848513492,1.0011556348995572,-0.023656075141084917,-0.06224316244564817,0.03045886576310064,0.997315615206194,-0.0009366218307674528,-0.0003458920545300695,-0.0336550542097974
333.28,0.9972261678641794,0.9570825194021597,1.000720240432342,-0.030601186669872188,-0.07883779837607481,0.03141403096563149,0.9959223501760062,-0.00039248903863067753,-0.001596542073851882,-0.017349190913211666
333.3,0.9969040683584709,0.9571766540259683,1.0006551114288496,-0.03592191121950016,-0.09144330433010268,0.03207700813757258,0.994645064300061,-0.02228807585150109,0.00902465773528145,0.005751787817777171
333.32,0.996128412755303,0.9574479389878131,1.0009469414252228,-0.03890840787808106,-0.09903131531197185,0.032249024748436494,0.993800248936751,-0.03661722559525633,0.0154205802995237,0.02819920019405814
333.34,0.9950956194229513,0.9578302536533582,1.0015450797799663,-0.041255489606279644,-0.10618387655089735,0.03257210267215078,0.9929562060158972,-0.045848312205151995,0.021270944043646753,0.0450520675743343
333.36,0.9937521635058997,0.9583507651033736,1.0023098246173785,-0.041677389834248554,-0.11038851731835737,0.03310123317238189,0.9924624319254237,-0.059466686969578034,0.028581441094554315,0.05616223891363642
333.38,0.9920402518637657,0.9590520962188505,1.003059616973401,-0.038119271096378506,-0.10866234052122802,0.03340229484325963,0.9927858296846976,-0.0745741503791287,0.03667193579129279,0.057582657600667976
333.4,0.9902615259715336,0.959723189796735,1.0036599102161403,-0.035506087499114034,-0.10690333557594733,0.033812964782507754,0.9930597555061118,-0.07800365923774837,0.035530411651232316,0.047828558299867194
333.42,0.9885714431294891,0.960295363475834,1.0040889598132308,-0.03508735045689208,-0.10776776564376031,0.034099031177746424,0.9929714208368767,-0.07578263239361739,0.0315849014240355,0.03925859313362542
333.44,0.9869514314221393,0.960773517876115,1.0045034151403618,-0.036770017478426675,-0.11076324807911864,0.034076439019086906,0.9925816162882417,-0.07179229126937829,0.02564595177174161,0.04014811213227762
333.46,0.9852628903322682,0.9612690325328664,1.0049867884905404,-0.03783748706880269,-0.11275035212855655,0.034076698478538454,0.9923177219459539,-0.07682610382136582,0.029272630901765885,0.045470734327523674
333.48,0.9834694540348551,0.9618192914219246,1.0055483613788752,-0.0376134641647051,-0.11315763715612664,0.033975022506443006,0.9922833639200345,-0.07868896770177677,0.029852337575697545,0.05074843122689506
333.5,0.9816794199815031,0.9623330291878008,1.0061965843878433,-0.038698237153857486,-0.11473785408583405,0.03393006758376264,0.9920617026146725,-0.07787442795496645,0.028005963135620003,0.0545718712996938
333.52,0.9798055937123141,0.9629022023979544,1.0068679166660304,-0.03849389316056165,-0.11494113176726864,0.034176811464635,0.9920376514908663,-0.0827732920181738,0.032309699916529065,0.056405634850552985
333.54,0.9776929824451281,0.9636713579655591,1.007387242060158,-0.032619811603166037,-0.10892503085107096,0.03474906652132789,0.9929067367688486,-0.09643725566595589,0.04452530967732186,0.0487433897539586
333.56,0.9757470177690823,0.9643035126955106,1.0076267934501524,-0.029763407785268408,-0.10597583758406844,0.03496103077550009,0.9933081031243415,-0.08601160613511204,0.03260364692242966,0.028999267567253316
333.58,0.9741427998901484,0.9646849087265938,1.0077177072589818,-0.032715474014707945,-0.11017630636515385,0.034963626514043396,0.992757988684408,-0.07393399748348503,0.022544495997836415,0.02279671624496051
333.6,0.9724555252906398,0.9651398148306238,1.0078694495176888,-0.0329576417980364,-0.11162235310209154,0.03491167551095133,0.9925902573812028,-0.08071781583575453,0.02901684541824398,0.029255909382838518
333.62,0.97070444882278,0.9656055996563417,1.0081567009221017,-0.03289533413504677,-0.11198774296653513,0.03476943725433839,0.9925561589403501,-0.0789908900097257,0.026174047023381487,0.03677010035356606
333.64,0.968997184861359,0.9660217506579364,1.008589314862359,-0.03436793374939132,-0.114346880501664,0.03472566610796853,0.9922387636867921,-0.07659977499281449,0.024617889608024374,0.04323124819959221
333.66,0.9671758544997873,0.9665171813920984,1.0090885157296907,-0.033840673127072014,-0.11456749523139602,0.0348147736222355,0.992228315165589,-0.08270876011422001,0.029709696515482848,0.047481688551287995
333.68,0.9652817341143732,0.9670356390725664,1.0096395859392258,-0.03285106181199232,-0.11370470408190032,0.03474602464444452,0.9923632206903276,-0.08290290120514018,0.028324511459697062,0.050829213926655424
333.7,0.9633879876066219,0.967537277134407,1.0102380717325243,-0.03234603472372727,-0.11333091576838505,0.03494541611715748,0.9924155659103445,-0.08491212292821408,0.030147598787923485,0.05241680142953178
333.72,0.9614773440567608,0.9680499990826732,1.0108727455803292,-0.031432640479154235,-0.11282618953561041,0.03496569646541185,0.9925017078766523,-0.08294168212533011,0.02826840343869036,0.054227428399848863
333.74,0.9595991310055212,0.968522741813351,1.0115164964193486,-0.03143859771601148,-0.1132049453393349,0.035126324247332474,0.9924527173972775,-0.08244345917639173,0.027058030956112967,0.0536275092472393
333.76,0.9575824201268208,0.969109451787589,1.0120763882000032,-0.027884205139214257,-0.10963305928337919,0.03540764992373306,0.9929498284116876,-0.09112572799256306,0.03502333821244234,0.050417924835649844
333.78,0.9556229347720833,0.9696498802248548,1.0125331748825466,-0.025074998276293687,-0.10679488387639695,0.03600300440446678,0.9933125796611673,-0.08901688222032969,0.032232054640367595,0.04221927533403341
333.8,0.9537403019200666,0.9701448055140602,1.0127904727557937,-0.02244700805204414,-0.10436758016011062,0.03612648544772203,0.9936289131714263,-0.08473579545098921,0.027832566003096665,0.03029204459057074
333.82,0.9521202395202616,0.9704478043776135,1.0129406400896814,-0.024166677614106714,-0.10726077679038418,0.036151992193265946,0.9932794827821007,-0.07439789366686414,0.018502850942303913,0.024376240080848773
333.84,0.9504803879178085,0.970769576335189,1.0130995967103453,-0.024665133719232735,-0.10889656638010595,0.03617575938284015,0.9930883563119197,-0.0786415871610863,0.0226388514534989,0.02707808840324811
333.86,0.9487636177837276,0.9711313825375285,1.0133229343183319,-0.023850805642210992,-0.10871892674327079,0.036159555628024934,0.9931283001580372,-0.0795703994069396,0.022668330904318863,0.03135616695694639
333.88,0.9471293597450676,0.9713998387323283,1.0136586766673434,-0.025610018728051492,-0.11125408388448453,0.03606274480987094,0.9928071989044757,-0.07359394617404627,0.016631038264836338,0.03607204824572222
333.9,0.9454432115647387,0.9716967073302545,1.014074387471367,-0.026655573007611406,-0.11313643783796781,0.036000568780003794,0.9925691844443327,-0.07785528269828126,0.02047894644038275,0.040979556596771494
333.92,0.9436219873732543,0.9720774639049752,1.0145154505090683,-0.025626911439055454,-0.11230506241013738,0.03613277006547804,0.99268588047506,-0.08368929176914011,0.024801443400677487,0.04323149946543495
333.94,0.9417472013041562,0.972483989327296,1.0149561776251677,-0.023973804045827003,-0.11057094679727032,0.03624051846392925,0.9929178955308405,-0.08349649624898273,0.02382888957438101,0.04302886557551045
333.96,0.9398626599440619,0.9728940492915541,1.015353897046089,-0.021957477345914824,-0.10840537383132413,0.03648039825067806,0.9931945049468238,-0.08627711992819051,0.02601255728421023,0.04003793130126628
333.98,0.9380987387036425,0.9732095073915302,1.0157274522239204,-0.022191421671795573,-0.10899164612313209,0.03648258585884957,0.9931250589974085,-0.07851246892120761,0.018747976094065404,0.03738841188910928
334.0,0.936414332254503,0.9734632804970984,1.0161183390639066,-0.023815425442969565,-0.1113535428025088,0.03659236168615139,0.9928213399612894,-0.07746644908520439,0.01802641446384417,0.03868163189829309
334.02,0.9344829158411139,0.9739074482353519,1.016431564376973,-0.019873500297368833,-0.10704444674903196,0.03684425339261038,0.993372554179984,-0.09132119149950893,0.02974582615280148,0.03613897748101004
334.04,0.9327018178952058,0.9742348847062502,1.016613137356503,-0.0188855582887508,-0.10604032491260201,0.03688577636389421,0.9934979741713542,-0.07969332846667433,0.018445322757006118,0.025350595171630234
334.06,0.9311294544833051,0.9744288057278767,1.016720633128006,-0.02106031641936289,-0.10949574970927596,0.03693973164202323,0.9930773384254296,-0.07534492542370434,0.015758424386007396,0.02245166488884764
334.08,0.9294546961192411,0.9746952995299104,1.0168289004894746,-0.02092373942275958,-0.11002253466660421,0.036833727969200605,0.9930259389754102,-0.07990184624238619,0.01898870951353277,0.024911008322903792
334.1,0.9277300477934078,0.974977193473729,1.0169892717918174,-0.0203611957752832,-0.10956617467789444,0.03681846971374577,0.9930886543310178,-0.08089679502107545,0.019355625993151694,0.0281033487512742
334.12,0.9259447611775009,0.9752894201977872,1.0171683901354238,-0.018929344754032604,-0.10770846496571952,0.03741952449697546,0.9932977125053353,-0.08847575853462292,0.024781820361130337,0.027705048732443692
334.14,0.9240033047084814,0.9757189389532552,1.017072738968185,-0.013725761984252773,-0.10076495476128174,0.037663785413998827,0.9941023421248925,-0.09215991965036055,0.027178938954878988,0.01052529868415962
334.16,0.9224795130990039,0.9759288148831617,1.0166163432412934,-0.01401293691372079,-0.10265197257171849,0.03780475292462175,0.9938998997799001,-0.07311800593118428,0.012823582882806708,-0.011237610849257389
334.18,0.9211330580202199,0.9760093454091958,1.0160741424056092,-0.017089205562676693,-0.10742823241647638,0.03800828870044505,0.9933390679537233,-0.07374968053571397,0.011705551160207153,-0.011705636868415546
334.2,0.919572345973607,0.9762186728083012,1.015552109871084,-0.01617990699224654,-0.10628761024005678,0.03780090109247573,0.9934848999334499,-0.08031681763887738,0.017334620237932707,-0.007120634739794965
334.22,0.9181667555612948,0.9763506086719108,1.015184203294927,-0.017663965630774266,-0.10988362043310808,0.037739385055293576,0.9930706485917081,-0.06914753073975435,0.010374065801568128,-0.0008097051941721785
334.24,0.9167183915230656,0.9764655161021328,1.0149874796327183,-0.019743935336787373,-0.11330388893391789,0.037690671675927344,0.9926488901109418,-0.07474710403758145,0.01286897334823619,0.009315686317749896
334.26,0.9150888845211866,0.9766640965636038,1.0149390575305752,-0.019850438111738967,-0.1135450943918782,0.037486251308633915,0.9926269453370372,-0.0789866134469525,0.015824729868143442,0.018790400957158764
334.28,0.9134656124870777,0.9768436194520931,1.0150608559334127,-0.02103885348067474,-0.11561901016749772,0.03740490737687572,0.992366103832771,-0.07632551600065933,0.01401890584946073,0.026586612456670315
334.3,0.9117340707889415,0.9770726499823613,1.0152740165889667,-0.021221954613620878,-0.11615143048824732,0.03739518484008509,0.9923003950360431,-0.08263656955220613,0.01814368980777787,0.03200426123125976
334.32,0.9099192031499986,0.9773247475827918,1.015554329957249,-0.021108366726760242,-0.11564471231382899,0.03731012260895445,0.9923652009814156,-0.0835054240242429,0.017618176420186964,0.03592387360292185
334.34,0.9080557419203993,0.9776087982659764,1.0158697074571248,-0.020299620529920206,-0.11453861630067905,0.03736627259778613,0.9925082329403696,-0.08646660181158096,0.020564339564431895,0.037753496120629434
334.36,0.9062233430655564,0.9778640533404099,1.016238830666136,-0.02040395160504194,-0.11470248515187696,0.03731981641114021,0.9924889167955083,-0.0827666845370788,0.017203988904252475,0.03967042780653067
334.38,0.9043922767373678,0.9781094950044069,1.0166284765951077,-0.02078273262969465,-0.11506597181861285,0.037449820207345504,0.9924340840178345,-0.08452493714590636,0.018478874145629987,0.040544863451932714
334.4,0.9023276846541632,0.9785206983791761,1.016894635724873,-0.01631867765779792,-0.1089507894191476,0.03771196656512262,0.9931974797703811,-0.09791908609534414,0.028636636880190414,0.03470091955485518
334.42,0.9004179950898161,0.9788498196587135,1.0169403445949736,-0.013730860304400483,-0.10559415529406566,0.037987412375657385,0.9935885941092699,-0.08823351442628662,0.020680004105686822,0.01846409371069223
334.44,0.8988375831190364,0.9789868205156583,1.0168342901304463,-0.01576294698933449,-0.10901040306622549,0.03796597477078781,0.9931902367045572,-0.07517849160020643,0.011037211200576427,0.011298559722776434
334.46,0.8972336745675619,0.9791449866926302,1.0167716711670443,-0.01665396998702062,-0.11098511582921361,0.03788688093435495,0.9929599859013017,-0.07993095852873941,0.015248823893894137,0.016214521620443505
334.48,0.8955251567156993,0.9793539213140919,1.016795991382111,-0.01604202743373991,-0.1104784466345152,0.037749631111761855,0.9930317877771917,-0.0815203187710424,0.015909734316858597,0.02179632515661
334.5,0.8938244993268533,0.9795371685172122,1.0169087012504812,-0.01619919136187549,-0.11062735892460933,0.03797793271923099,0.993003952803291,-0.08323914165403255,0.016639235680651787,0.024508767925986517
334.52,0.8920206136939103,0.9797805515133681,1.0169796831124231,-0.014519677584150693,-0.10806426644548667,0.03786060168329842,0.993316600143494,-0.08442808290512213,0.01756481743753204,0.022907692937696282
334.54,0.8903876611620102,0.9799401536125636,1.017057062407246,-0.01513607249622102,-0.10984389061213626,0.037901650946646874,0.9931106100833365,-0.07701721107208347,0.013077288567403197,0.02149354176916381
334.56,0.888707235927122,0.9801127004102078,1.017120392983957,-0.015159729748601662,-0.11013921328254882,0.03791342105967235,0.9930770910634292,-0.08231744056888748,0.015502663331134998,0.021926273509957264
334.58,0.8870335958011886,0.9802664434902625,1.01724831028671,-0.015700498990055923,-0.1109599837176662,0.0377604693325885,0.9929831435128298,-0.07755049988651663,0.012375095020800066,0.025911695038867248
334.6,0.8854030319324773,0.9804010667656349,1.0174730880901566,-0.016898827462394756,-0.11347336959286186,0.037726390523383266,0.9926806855589139,-0.07698468557713589,0.012545586774418388,0.030644543988063287
334.62,0.8835630135875675,0.9806385757041958,1.0176872932448409,-0.015287530583705891,-0.11093967014841631,0.03805501446087128,0.992980612535006,-0.09150278778708634,0.02125146740253097,0.030558186443628278
334.64,0.8815233460681599,0.9809996153089566,1.0176308428606793,-0.009985461467906357,-0.10248116165115388,0.03841019742614872,0.9939429353839119,-0.09824670899723002,0.02518283491442202,0.013665650249870273
334.66,0.8798040255723485,0.9812433971900195,1.0170984967770162,-0.007410325645781529,-0.09994659702845797,0.03866335653672276,0.9942137142876117,-0.08282864285710195,0.016124810958623798,-0.016014222369269953
334.68,0.8785152350634555,0.9812611465069162,1.0163341535567956,-0.010363166936538815,-0.10605358227262518,0.03869672647373408,0.9935531217898749,-0.06878092328584456,0.004637033446949436,-0.02417834461288259
334.7,0.8771299741689744,0.9813056134164012,1.0156843497587316,-0.011907401857600194,-0.10879294703303677,0.038639301974353786,0.9932418199007748,-0.07643651725849562,0.010572653420633701,-0.013955053448009735
334.72,0.8754574819417893,0.9815294992596476,1.0150497170604666,-0.008268682461252907,-0.10416179191812609,0.038767351131419533,0.993770115510128,-0.08897292219578343,0.019391983648042795,-0.014042993189686107
334.74,0.873933989615294,0.9816782791176488,1.0142531723571053,-0.006625835445240208,-0.10287853493341896,0.03899451512272511,0.9939072055000655,-0.07888701673373402,0.011845937692096605,-0.026852443731851767
334.76,0.8726549582589651,0.9816807235603473,1.0133323727154804,-0.008679776451612055,-0.10692995293366381,0.03912015863005359,0.9934587358492117,-0.07255235853196894,0.0058146872986646865,-0.03257097594178647
334.78,0.8713044096694084,0.9817036337961798,1.012451891756532,-0.009815603662240052,-0.1089046699002901,0.038891583672636204,0.993242604562495,-0.07413552466425485,0.00743932020447083,-0.025845572934257367
334.8,0.8699746992278985,0.9817237161853992,1.0118109723262652,-0.011251201343724029,-0.11264453496736462,0.038852013531453546,0.9928117345473214,-0.07172169910299124,0.0069610355381551706,-0.013491645412742944
334.82,0.8685405544985,0.9817495664972747,1.0113877492849124,-0.012783319430829226,-0.11530021130784777,0.03873978345879216,0.9924926585089993,-0.07534788481148463,0.0074979347730479914,-0.0012959705892322342
334.84,0.8669893615513591,0.9818038567038078,1.0111545270953848,-0.013926504203081953,-0.11684713510560113,0.03859749796073945,0.9923018858439531,-0.07824864201871809,0.009322778925819095,0.009162070450959582
334.86,0.8653349562190857,0.9819026729832417,1.0110655898598155,-0.01430860733288301,-0.11749975587301104,0.03852311254543759,0.9922222739516523,-0.08168433338214649,0.011616051539943235,0.016955322817664802
334.88,0.8635806722193383,0.982025950264364,1.0110792484758706,-0.014390019195723731,-0.1169650910601443,0.03845761724001774,0.9922868065721014,-0.08542440493835866,0.012870321970175087,0.022569381126788118
334.9,0.8618146924005159,0.9821395839019367,1.0112036644849778,-0.015090777916543369,-0.11729705776230363,0.03843771457111777,0.9922379809101896,-0.08305674356928924,0.011665030644465753,0.028017999059485245
334.92,0.8598869572450116,0.9823451682432488,1.0113103202181797,-0.013325543571416429,-0.11377359624914875,0.038483280065976906,0.9926716656782472,-0.09348669148033215,0.01818289488328435,0.027470891743831778
334.94,0.8580386143955789,0.9825103618251246,1.0114185126913686,-0.012786900122225046,-0.11238548233833905,0.03844471029724086,0.9928383568310626,-0.08517091245366427,0.013190917345387684,0.025684812069362167
334.96,0.856310979216402,0.9826238114683626,1.011546435929806,-0.013617783782515795,-0.11380964008573692,0.03847968540318806,0.9926637072038442,-0.0828432857712775,0.012498746941449593,0.0259984640381493
334.98,0.8545262188478863,0.9827711663759073,1.01169404886001,-0.013416378332448853,-0.11361800331310948,0.03837410303666677,0.992692489309612,-0.084297135242872,0.013463084585886242,0.028256742172847422
335.0,0.8527745097256522,0.9828912860388488,1.0119091170724348,-0.014048558986532457,-0.11454788415954609,0.03830387313662911,0.9925795854880888,-0.0815783579983371,0.011675667553684682,0.031217240763462956
335.02,0.8509940216570062,0.9830279988143374,1.012168535881641,-0.014296814371067147,-0.11501852745922447,0.03839593868535827,0.9925180559226221,-0.08393949087994015,0.013540020488640522,0.033651184543671255
335.04,0.8489687273442388,0.9832945275159582,1.012292794906894,-0.010756837486442392,-0.10873026640713541,0.03855934673283245,0.9932649175289847,-0.09814038771705184,0.02177255766799223,0.026647027906584908
335.06,0.8470611300028673,0.9835304510755754,1.0121554099473713,-0.00780922030437881,-0.10414186739680403,0.03881115410249492,0.9937742106990785,-0.09049147917977,0.017505459359564275,0.008532248558869058
335.08,0.8455461294277791,0.9835956673843137,1.0118233128713103,-0.009157077593166084,-0.10784032869747232,0.038848279816110116,0.9933667110346023,-0.0735155836862317,0.006844511351114855,-0.0013139296752488045
335.1,0.8440502133435128,0.9836202420291855,1.0115631127700935,-0.011082882661131051,-0.11107343205875976,0.038745443855874646,0.9929947900079934,-0.07758438958154137,0.008632326771835784,0.00599685007812738
335.12,0.8423972613999745,0.9837338773417372,1.0114459060680714,-0.010437694725106441,-0.11071083828605603,0.03857696243603532,0.9930488320239005,-0.08123993063133539,0.012154572827746889,0.014847743466186222
335.14,0.8407861763373249,0.9838001742247149,1.0115006064011545,-0.011290968872731172,-0.11242091707940645,0.03850378801220147,0.9928501950111365,-0.07651796373352962,0.008386650066700472,0.022230716645449684
335.16,0.8391541860028799,0.9838603900379653,1.011673189833079,-0.012425055878118145,-0.11449909799657446,0.03842783470187242,0.9926020733730723,-0.07793319012476244,0.009347172993512787,0.028442432470381585
335.18,0.8373750288043251,0.9839848506396104,1.0118940268972485,-0.01191097214125495,-0.11360783349078572,0.03834235100024126,0.9927140842316857,-0.08467219787474586,0.012869225483433394,0.031998275348532494
335.2,0.8355744921162375,0.9840954185180868,1.0121851115793445,-0.011975041005147805,-0.11296866491161468,0.0382650243176085,0.9927892359685339,-0.08344480556335462,0.011363513509863327,0.03521185122276692
335.22,0.8338269807591934,0.9841870724897227,1.0125402897651323,-0.012731075404189069,-0.11425633425645926,0.03824149047843884,0.9926333654513717,-0.07993368838403153,0.01033200242647557,0.0377655500871988
335.24,0.8319488829164414,0.984344082388473,1.0128708617393842,-0.01166813375460469,-0.11225358439229656,0.0382249982445155,0.9928755395088414,-0.08876816366133966,0.014911266873981924,0.03747404668384029
335.26,0.8301406125253863,0.9844523162332981,1.0132564068477705,-0.012076348235957742,-0.11239734625229607,0.03809512081233243,0.9928593858845366,-0.08049619732802557,0.00999989477077842,0.03962090635015196
335.28,0.8283425281097434,0.9845695720179999,1.0136741185593676,-0.012276002814050098,-0.11284719525026202,0.038429693790736366,0.9927930141344714,-0.0861368002210075,0.014058441488850248,0.04030054295532244
335.3,0.8262628468383362,0.9848315822298267,1.0138622432877102,-0.00812581085590104,-0.10510405726855636,0.03842200290600724,0.9936854925157723,-0.09787276368580496,0.020561425275089952,0.02831801160206665
335.32,0.8245678882889853,0.984968274113206,1.0138182083845206,-0.007368005909624371,-0.10598039695393438,0.03854839897555945,0.9935934223246565,-0.07694004129020666,0.010014786051680864,0.012099357376673076
335.34,0.8230715798536141,0.9849617966162613,1.0137373322512842,-0.010059367747965163,-0.11054751301725504,0.038515587193783646,0.9930733135218814,-0.07527839346163705,0.005565517059213816,0.013587857993872174
335.36,0.8213906721619988,0.9850515781633329,1.013746643899172,-0.009763032511913421,-0.11025901598598009,0.03834358653525578,0.9931149993639146,-0.0820151569016382,0.011872570516801238,0.020956689190927018
335.38,0.8196221738625579,0.985195278355668,1.013817033325669,-0.00800353636345201,-0.10807890771764325,0.0383538710512788,0.9933699581161199,-0.08487277849881511,0.013401820542899321,0.022798498311456777
335.4,0.8179543540586669,0.9852574755560589,1.0138998598128446,-0.008436388631075993,-0.10853729240507008,0.03830710916224882,0.9933182012285254,-0.07855315346950276,0.007945554789965115,0.021835176728341427
335.42,0.8163818362367222,0.9852771163982791,1.0140380971278526,-0.009981879116049659,-0.11157961233808507,0.03826347152282255,0.9929684078291803,-0.07467891295152819,0.0068626047025034985,0.025108076846829815
335.44,0.8146274260813997,0.9853798572638112,1.0141735838196693,-0.009145479036484376,-0.11006506556645172,0.03821998390861572,0.9931471564602453,-0.0856497643109908,0.012286095362981416,0.026454750246395077
335.46,0.8128266923369803,0.9854910384304914,1.0142930660071023,-0.00810732398735518,-0.10753143047507967,0.03816629765157082,0.993435753575096,-0.08480973113074043,0.011543719642357383,0.02459535091814502
335.48,0.8112159815583692,0.9855342187144946,1.0144205188880322,-0.009043357309847698,-0.10988266900554024,0.03826763511753545,0.9931664537444348,-0.0757482207381736,0.00740557671815614,0.023421715198497894
335.5,0.8095057527866878,0.9856111106481883,1.0144979181829255,-0.008843559715085592,-0.10926079388343479,0.03809621230108732,0.9932434489992057,-0.082524691584629,0.010074566101900294,0.022986409316517326
335.52,0.8078841469730369,0.9856481778536729,1.0146760631618936,-0.009903368695803733,-0.11142449452634519,0.03798737397881641,0.9929972128491686,-0.07496063121893767,0.006891907826926748,0.02772152639763752
335.54,0.8062368028038739,0.9856974286877711,1.0149514910853152,-0.010753472398832637,-0.11352529982259123,0.03795303410785905,0.9927516992347916,-0.07844764106511905,0.008908649937464371,0.03329273068259693
335.56,0.804379460575033,0.9858260708195263,1.0152220375891086,-0.009462621411104842,-0.11068098077554181,0.03806719758182599,0.9930816017623428,-0.09130725166624136,0.015036003771915923,0.03321044083711985
335.58,0.8024636298575563,0.9860012046036791,1.015339952967656,-0.006843591402714419,-0.10605431220566565,0.03802781703501811,0.9936093463986977,-0.0881088058039235,0.014463471743584245,0.023555776345768074
335.6,0.8008352723904202,0.9860740425552271,1.0153109633437352,-0.006964595203333613,-0.10786213023331324,0.03816185223811024,0.993408741812222,-0.07844447303134054,0.008706366357898097,0.01404068286740803
335.62,0.7991996090914399,0.9861102476001348,1.0152015482725916,-0.007666773814608928,-0.10838247302004639,0.038215950768109,0.9933448551375418,-0.08337115474690786,0.009055886919779422,0.011558887622574617
335.64,0.7974925172387481,0.9861949450922004,1.015042741749897,-0.006784080987577436,-0.10654424193705703,0.03803013336252266,0.993557250344257,-0.08210417813003876,0.010333839794895626,0.010492707635667047
335.66,0.7959595088955069,0.9862366984767466,1.0149283887147411,-0.007163509155238544,-0.10912171022332734,0.03807827149058602,0.9932729643631746,-0.07464573406083325,0.0070441854382177205,0.011291503480586083
335.68,0.7942495819298403,0.9863003801953748,1.0147395876762637,-0.006659900235018688,-0.10658466480516769,0.038423831927453134,0.9935386072504885,-0.0927911047992655,0.012767371706178293,0.006621691140899168
335.7,0.7923989112699201,0.9865028374692567,1.0141824718435206,-0.002023407498674384,-0.09913750854707433,0.038495186120609065,0.9943267978218795,-0.0906246843584379,0.01744473863438454,-0.014641102979221044
335.72,0.7909957449836328,0.9866109082915484,1.013214565869428,5.328922263729139e-05,-0.1011107942114177,0.03895679931551178,0.9941121527480117,-0.07634203496784561,0.008774856235335905,-0.038852930680890435
335.74,0.7897410304274827,0.9865124147339013,1.012089931116367,-0.002815827221361982,-0.10475408304463724,0.03882977059760552,0.9937358311532668,-0.07208528517286507,-0.0009161994923807242,-0.04140520944994632
335.76,0.7885229043952289,0.9864455763535586,1.0111658651283646,-0.004458329733335737,-0.10942093609154122,0.03871962068444128,0.9932310773505291,-0.0690991982350261,0.003355539749205074,-0.028465942330961818
335.78,0.7872017434437073,0.9864075718785343,1.0105280650401212,-0.005391764833382302,-0.1128225078923604,0.03865842132959079,0.9928481943606301,-0.07235470876550158,0.003169853160386627,-0.012479583824624885
335.8,0.785762816719424,0.9863351769156397,1.0101582246395626,-0.007450297707997731,-0.11522445393370358,0.03846928442500818,0.9925663365415784,-0.07476074014345482,0.002336401136683676,0.0017275825080344744
335.82,0.7842257400236107,0.9863141512685597,1.0100106936465483,-0.00849331955394956,-0.11732792549376508,0.03835471135486441,0.9923159464299508,-0.07701661439062801,0.005767190005980955,0.013328365678190382
335.84,0.782528828931964,0.986346472737699,1.0099938469289633,-0.00846396054140316,-0.11711922226744467,0.038289136011337176,0.9923433837190269,-0.08431298451685257,0.008347264159101695,0.02062391649244836
335.86,0.7807623545745558,0.9863593665863453,1.0100984675542284,-0.009307686476090997,-0.11662934187509717,0.038124400844885976,0.9923998658033277,-0.08391215856783447,0.006703724784252249,0.027125241346034584
335.88,0.7790136550242464,0.9863851338496973,1.0103200636749936,-0.010175896747235505,-0.11780052944921535,0.03805016740311109,0.9922558496413459,-0.08206644273492564,0.007898977715344997,0.0325047500621385
335.9,0.7771817528300122,0.9864489080759422,1.0106112682452413,-0.010293141139844031,-0.11765513846870408,0.03800548978138786,0.9922736025834116,-0.08629140880564418,0.009807415747157931,0.0365407158284832
335.92,0.7751860477478861,0.986565362178292,1.0108737347131285,-0.00908550731223777,-0.11354823550937856,0.038231818552617355,0.9927550452250271,-0.09845024366185942,0.015250602890475112,0.03429870989415751
335.94,0.7731029681070571,0.9867717352584642,1.0108938163224042,-0.005276682332350127,-0.10619365284367675,0.038371878033211335,0.9935907928797874,-0.09703680975703073,0.017420500516307398,0.019290598257485827
335.96,0.7712412856113355,0.9869423747056902,1.0105279647076566,-0.002137731024460235,-0.10202570636289016,0.03873513298680806,0.9940250373203456,-0.09244825147067717,0.01449984216697402,-0.004544249902314306
335.98,0.769629041737739,0.9869950127190387,1.0098128782742075,-0.0016003256225133745,-0.10122070373396114,0.038897717688187936,0.9941019945921815,-0.08470421748750491,0.008179892817027934,-0.022826893607431186
336.0,0.7682772781153633,0.9869548804942337,1.0090115156631236,-0.003087265780896485,-0.10509646771293935,0.03882140335005721,0.9936991999122237,-0.07070904176922622,0.0022040167062331844,-0.024623507485559273
336.02,0.766978272543477,0.9868777014265093,1.0084072432302416,-0.005283531052536525,-0.10996256038096341,0.03872696063255781,0.9931669256143422,-0.0713749527196996,0.002194450460868297,-0.01196201437168787
336.04,0.7654701166931807,0.986865735971778,1.0080094728224755,-0.0055900146259487225,-0.11032420400114967,0.03855260956639623,0.9931319237863696,-0.079299936411777,0.0063145125596568,-3.9142857750771925e-05
336.06,0.7639735283096629,0.9868365891650646,1.0078519942997506,-0.006706222249460149,-0.11269203657350628,0.03847035367052939,0.9928623083612957,-0.07264584092713504,0.0034251458169308954,0.011714857126715944
336.08,0.7623202013227599,0.986851332682671,1.0077612814613228,-0.006717151535668463,-0.1119807656368535,0.038398416974154276,0.9929454917448943,-0.08388309175896765,0.00795427520902101,0.015020338023246305
336.1,0.7605290942363131,0.9869166786600662,1.0076851431767024,-0.005480204860081888,-0.1084163632081482,0.03860703689904499,0.9933405036770051,-0.0921848574341796,0.012339685938227492,0.014544701547444628
336.12,0.758689265863175,0.9870632385665264,1.0073622344003652,-0.001926802894825057,-0.10286349343595558,0.03868805760967052,0.9939409556644431,-0.08861346479408182,0.01360764326120568,-0.0010950414537065837
336.14,0.7572983181259941,0.9870427997319827,1.0068551552307057,-0.003017761097603373,-0.10769045561073226,0.03882319790162837,0.9934215712339861,-0.06944462971803607,0.001198726678100415,-0.011343383908973517
336.16,0.7558593447405133,0.9869418914056992,1.006377773249311,-0.005806850698676748,-0.11038010320876047,0.038709423002808316,0.993118368509704,-0.07960612675971707,0.002741960828341304,-0.006201575218949816
336.18,0.7542762098929047,0.9869634352122757,1.006057273463333,-0.005241997252805188,-0.1101195278107313,0.03858683912632023,0.9931552078631932,-0.07960992429541966,0.008359025308818548,0.004233923847630327
336.2,0.752671393130049,0.9870023921311422,1.0058535028193267,-0.004409102080154512,-0.11010584985666652,0.038533574702570975,0.993162839249853,-0.07885973532174755,0.006653324212557453,0.00879387041281603
336.22,0.7511567391735278,0.986930859962726,1.0057861858087882,-0.0067178069632302445,-0.11326365729966369,0.03840500859320233,0.9927997130940687,-0.07448866393935925,0.0018803727263320478,0.015282233199229894
336.24,0.7495423289818258,0.9869209121227008,1.0058501331819725,-0.007441859079918347,-0.11492980540733647,0.03827666822135036,0.9926080068346916,-0.07892549825998604,0.006650988876790243,0.02349361510139603
336.26,0.747841412854453,0.9869338712165563,1.0060492735052697,-0.00786436469704493,-0.11575023651317692,0.03816175749484887,0.9925138360647472,-0.0802398860277033,0.006236002385396804,0.031008166275940368
336.28,0.7461027303724043,0.9869270553917292,1.0063632270276825,-0.009130605904383401,-0.11686616042635259,0.03803492416174866,0.9923770841404143,-0.08115531845183692,0.005899751031122005,0.03675538740102158
336.3,0.7442653542915613,0.9869747676864602,1.0067332998232006,-0.009173369278711947,-0.11640580445638012,0.03794908295334751,0.9924340809786508,-0.08584014067459078,0.00943221280648081,0.04007142208918811
336.32,0.7424040754210738,0.9870263261023848,1.0071588955554711,-0.009431035950993283,-0.11611688279946306,0.03787513073209267,0.9924683368056906,-0.08470343298367869,0.008400646937867313,0.04282818478821602
336.34,0.7405230705201832,0.9870869062486081,1.0075994487949778,-0.009635829965807157,-0.11567046967205527,0.037870983310147675,0.9925186556684155,-0.08635072958125058,0.009627379991313231,0.04322616419977142
336.36,0.7385017671600937,0.9872201466753392,1.0079489556824128,-0.007816110496211084,-0.11126188304691564,0.037864826909846654,0.9930387488314103,-0.0950228711785343,0.014249614795635551,0.038780531391951444
336.38,0.7366037079801232,0.9873193822506292,1.0082306137026402,-0.006964388034956024,-0.10943176525227354,0.037878046982968115,0.9932479245434274,-0.086405487707363,0.010489184500492143,0.033053198935453075
336.4,0.7349056394821413,0.9873357760277253,1.0085152641230286,-0.008323728545876936,-0.1120211780011935,0.03792441142562016,0.9929469825928975,-0.07850669677473217,0.006180122435039325,0.03309271370472081
336.42,0.7330112654602308,0.9874298587491175,1.0087244564745133,-0.007209915989142498,-0.10865458404565069,0.0378581412426916,0.9933322503668873,-0.09195713554590614,0.012712223475379297,0.030566450952432683
336.44,0.7311886653866714,0.987538168327387,1.008893865158541,-0.005722331898900622,-0.10669938016080344,0.03787530194597085,0.9935531987233701,-0.08401591401294267,0.011235232111651394,0.02642889157281907
336.46,0.7295924008221126,0.9875454582253306,1.0090683729478525,-0.0069775985043162665,-0.11000419833273216,0.03792237154583315,0.9931829052116359,-0.07476652651022132,0.004877521127298746,0.02606508360500055
336.48,0.7278997342449542,0.9875734017575131,1.0092546113388947,-0.007386509985372972,-0.11046669621050054,0.0377748315065266,0.993134235943574,-0.08140216052201085,0.008339077378591965,0.028596102697737658
336.5,0.7261882147968528,0.9876246655579802,1.009522510066339,-0.007235713846660541,-0.11092744796265958,0.037676340818790524,0.9930877297983935,-0.07929743129017647,0.008168151641038016,0.03297135162015183
336.52,0.7245187304064497,0.9876388690337621,1.009879737118475,-0.008228449464011666,-0.11307440455365032,0.03761715257088856,0.992840078505453,-0.0770329700617533,0.006094817341134957,0.03707470094345038
336.54,0.7227500114285798,0.987684053688176,1.0102725144236375,-0.00840083966303356,-0.11319358779964032,0.03753932929474349,0.9928279993685221,-0.08287523598113346,0.008994589158031353,0.039626597709835565
336.56,0.7209075936959651,0.9877568286082201,1.0106847448987322,-0.007923106693600933,-0.11194057175052916,0.0374439590226189,0.9929775841927142,-0.08492478353694394,0.00982999804413483,0.04104769125722425
336.58,0.7191399163622499,0.9877929392658571,1.0111544404491986,-0.008626794020810962,-0.11310020389549819,0.03742248085000862,0.9928411153003032,-0.07927234053897284,0.007104728966106371,0.04316218736977923
336.6,0.7172658517397105,0.987876621888439,1.0115854541291756,-0.007956960742582243,-0.11142839971184144,0.037355525765185894,0.993038248612915,-0.08771587191098881,0.011150392576867656,0.041843777743854095
336.62,0.7153776797441092,0.9879627588076828,1.01201352034793,-0.007265359235577314,-0.10939330924551753,0.03748407439761154,0.9932649508635886,-0.08857859121446467,0.011588921942658361,0.040657788672287615
336.64,0.7134437151096378,0.9880911240293658,1.012300746984387,-0.00520391027128288,-0.10529526809412375,0.03753130085532666,0.993718887458109,-0.08866812758269016,0.012620216109341826,0.03256049951153761
336.66,0.7115473584653454,0.988237186651323,1.0123231547042664,-0.002280642392930953,-0.10032606159786847,0.03770901550933271,0.9942371498711227,-0.09160828470093355,0.01416392224655987,0.016097126336675153
336.68,0.7099958005963923,0.9882704247807165,1.0121105679416016,-0.002158480685991752,-0.10232246131479786,0.037755274499227644,0.9940321896795384,-0.07259754537313043,0.004739825799074148,0.0024533408378079576
336.7,0.7085978472711313,0.9881887825011495,1.0118728315017744,-0.004726041217498798,-0.10684200904895998,0.03781777556277712,0.9935453011756816,-0.07404928941478187,0.0020297937287202007,0.003461124462121034
336.72,0.7069794086197334,0.9882034462840255,1.0116393009714393,-0.004282108392088032,-0.10528494528923305,0.037592303026731826,0.9937220751278035,-0.08056068495455358,0.007778561159829759,0.007030917265849366
336.74,0.7053864472971573,0.9882694629670606,1.0114358036738011,-0.0025408136218154796,-0.10457340381916973,0.03763487581121315,0.9938015715435786,-0.0784743983053665,0.0087952608087574,0.0062155866945785895
336.76,0.7039452232672347,0.9882217235384567,1.011252725856477,-0.003922343517819589,-0.10780452024042037,0.037575637840741194,0.9934540110533162,-0.07070973735837004,0.0013136862464600849,0.006816687645178096
336.78,0.7024437677729146,0.988169411189784,1.0111226026512727,-0.005270466420924623,-0.109757394598745,0.037480022436975687,0.9932375266937536,-0.07746333069662675,0.004610251047939397,0.010832813561427346
336.8,0.7008333565620091,0.9881790659383072,1.0110799110710158,-0.00504597057635546,-0.10979778883519561,0.037434025771875525,0.9932359626304089,-0.07949702707021454,0.006988832608808263,0.016643769753946644
336.82,0.6991517846489337,0.9882039351636368,1.011054577415863,-0.004501791214918195,-0.10855996803428747,0.037277119403023286,0.9933805331217562,-0.0805319365832694,0.0064366306315722585,0.01734681493448425
336.84,0.6976309260505247,0.9881505076129486,1.0111304646427475,-0.006343624298661933,-0.1122155288849916,0.03721190100161547,0.9929666197469404,-0.07227271798175786,0.002232766621502873,0.021747328713485663
336.86,0.6959860621211275,0.9881444141541024,1.011285823767319,-0.006941698862287545,-0.11335554594075657,0.03708894298148633,0.9928377225558538,-0.0803056256633594,0.006590797299671801,0.02748521017160575
336.88,0.6942633408396268,0.9881579385507373,1.0115396650933761,-0.007272386865581683,-0.11360986101573922,0.03693064968743867,0.9928121871647857,-0.08007438049785814,0.00612170940854468,0.0331733914192361
336.9,0.692548859646795,0.9881612141394361,1.0118829676657777,-0.008196642955464656,-0.11508084451111346,0.03697327362445698,0.9926339664288949,-0.08001001065098096,0.006327877493443412,0.037100534672963405
336.92,0.6905634892962011,0.98827660286599,1.012099048879982,-0.005980447211363951,-0.10948346608660998,0.036963298646261626,0.9932831013653668,-0.09633079238869538,0.013940591578849753,0.031016090005989205
336.94,0.6887737535571941,0.9883553980857482,1.0122040739419855,-0.0049610183715342844,-0.10863655554524725,0.03697300273543721,0.9933813387439423,-0.08071988792446996,0.008244973295209299,0.022344646683369683
336.96,0.6871546098881763,0.9883469232142873,1.012250432200103,-0.00621337057913229,-0.11128138280307273,0.037055876851173,0.9930784006604277,-0.08063340899356752,0.005986364114876985,0.019482874245663702
336.98,0.6854278256521128,0.9883743828465099,1.0122975840982467,-0.006244292533052474,-0.11077717752569499,0.03685513284470595,0.9931420467049018,-0.08263930148241255,0.007526838724579427,0.022530413789986437
337.0,0.6837336504438107,0.9884039155152594,1.012425736788766,-0.006312258638971091,-0.11140723949463287,0.03681394129660077,0.9930726640610297,-0.08060249394486166,0.0073170586447243585,0.025661961025317974
337.02,0.6820178544108666,0.9884267159863327,1.012584997132868,-0.006580165525270012,-0.11164023010738808,0.036760824959263166,0.9930467270937173,-0.0824137767722361,0.00726615097195641,0.02706593636262178
337.04,0.6803141845254149,0.9884408688864947,1.0127918346920148,-0.007176208923177681,-0.11254616973970512,0.03673772142845955,0.9929411873452815,-0.07969398961348431,0.006450167361440692,0.029712455311292706
337.06,0.6784581429125303,0.9885238512273973,1.0129193979773723,-0.005798471021421837,-0.10929765917895545,0.03671495232228186,0.993313853576898,-0.09049338016326415,0.011424773577503954,0.02582561794087281
337.08,0.6767152733887224,0.9885731131722578,1.013014180964142,-0.0054332792025245215,-0.108826675459637,0.036657291939408525,0.9933697585155183,-0.08048974455880493,0.0072654949354778505,0.0227731483057283
337.1,0.6751333175670772,0.9885496542464512,1.0131617298693738,-0.007079731236759618,-0.11235468125057596,0.036621936458202164,0.9929678427707255,-0.07555543600802485,0.0041967027366888,0.02587400533608421
337.12,0.6733938436243686,0.9885809712400891,1.0133621192291455,-0.007118753993747439,-0.11198502644571233,0.03648917311890285,0.9930142080749038,-0.08408075753352472,0.00857023596788126,0.030261231998022064
337.14,0.6716030823135193,0.9886355541122579,1.0136327377332819,-0.006660677288398003,-0.11089002887770696,0.036372498008888206,0.9931445404683825,-0.08338300550929828,0.008509692809031875,0.033792112893831765
337.16,0.669906045003344,0.98864554499703,1.013989503934975,-0.007611294361971664,-0.11274859914769982,0.03635852686459383,0.9929289396087735,-0.07748647252614851,0.005642712266409235,0.03704366777278708
337.18,0.6680497232327082,0.9887161429733999,1.0142968974428646,-0.006800698500260389,-0.11039446379505541,0.036298184221963604,0.9932015176616975,-0.0890289102120843,0.01069455096358105,0.03529796150889463
337.2,0.6661614649128139,0.9888112380288042,1.0145543958504342,-0.005327621284900258,-0.10705719733727978,0.03631887877763357,0.9935750157859581,-0.08907275586447003,0.01154476255352282,0.031496622189628135
337.22,0.6644521929927102,0.988854621629326,1.0147522432127762,-0.0052648771042187225,-0.10776136179116783,0.036350872673875184,0.993498054366408,-0.07866725478393463,0.006884899585595472,0.026786907134138456
337.24,0.6627920795056657,0.9888729449427199,1.0148876154456845,-0.0056716229446955296,-0.10891652956524074,0.036296421446302365,0.9933718297147497,-0.07922484903016735,0.006524963147948318,0.024251714783868623
337.26,0.6610813099778571,0.9889078322549256,1.0149822991405946,-0.00545761914829356,-0.10832206646217253,0.036194850146038585,0.9934417331346125,-0.08260023367365572,0.007796117283730315,0.023103931441905187
337.28,0.6593155630249915,0.9889641064561312,1.0150398839893104,-0.004590249003290219,-0.10600407805101111,0.03650919837517755,0.9936846297918897,-0.0903124957560468,0.011318047861664304,0.019440031925640665
337.3,0.6574053909799457,0.9891355624304601,1.014737896208223,-0.0002017188478202219,-0.09836616498350338,0.03656002684300376,0.9944784670032748,-0.09229548293713366,0.015495278858489064,-0.0014384079588475643
337.32,0.656030459639946,0.9891674852092389,1.0141100796263707,0.0003422366248892664,-0.10268363512383179,0.036842097070941396,0.994031495394016,-0.06798743756853201,0.0028525745090679272,-0.020473730713501677
337.34,0.654763384650484,0.9890145733941434,1.0134848563513188,-0.00353118391417054,-0.10824730362980452,0.036732536209874954,0.9934388621252097,-0.07141112512975598,-0.002282371251583188,-0.01475939740832613
337.36,0.6531559609037983,0.9890454745955246,1.0129374849257347,-0.0019307343363825038,-0.10507223411488203,0.036926379610306884,0.9937769067410981,-0.09099905000723314,0.012226036908801186,-0.00993172977084944
337.38,0.6513652607397645,0.9892376000365178,1.0120219907033454,0.004194841894849207,-0.09622684813563627,0.03727089440434954,0.9946525410562516,-0.0915523613955924,0.01506548516359583,-0.03542032819464713
337.4,0.6501286063372427,0.9892467127667179,1.0105581693039651,0.0052274190933691645,-0.09939972742111355,0.03769073813615945,0.9943197556807277,-0.07078382522409374,0.001078260345274823,-0.06605066108452101
337.42,0.6490970068649866,0.9890439019599049,1.0090078122186412,0.0011039998000046194,-0.10584726651525402,0.037643002299288075,0.9936690302779826,-0.0673482033586708,-0.00649216682112422,-0.06252954586515656
337.44,0.6477722699462256,0.9889756872780383,1.007515142932808,0.001265467887614234,-0.10423205117752889,0.03757614492493299,0.9938420958235422,-0.0829365127569636,0.004663079233327107,-0.05776633266921016
337.46,0.646336253554865,0.9890547189591308,1.0059662538602185,0.005431684120059735,-0.09973478891099233,0.03787020925743864,0.9942782889811571,-0.08450502281568648,0.009508973546305043,-0.06406777265395404
337.48,0.6451699220769515,0.9890253540234821,1.0041945192445445,0.006530422775572777,-0.10134217608702753,0.038189347712383644,0.9940969221588108,-0.07197883831167966,-0.00018002370042793093,-0.07856583304876481
337.5,0.6442310526599506,0.9888130573137947,1.0024498387040326,0.0029066318115457362,-0.10830712988812095,0.03807996615871156,0.993383628455926,-0.06339931949254421,-0.008377320137108981,-0.07182563522120791
337.52,0.6431111937321438,0.988647877763037,1.0009979641722135,0.0009302000474701421,-0.11164796761924954,0.037872884278005274,0.9930254330533672,-0.0736281403379084,-0.0016305213751667883,-0.05366569430874637
337.54,0.6417961481994866,0.988561609662573,0.9998698743969331,0.000974046013234019,-0.11220995095438012,0.037775858834648214,0.9929657409148034,-0.0779674953367167,0.0015708076389989334,-0.036826077492685336
337.56,0.6404921062745046,0.9884196812020365,0.9990293420416958,-0.0008365163505615135,-0.11539904128178004,0.03762489633909837,0.9926060289395352,-0.07128213700228077,-0.0033508321095226806,-0.02240496652177617
337.58,0.6390767689766388,0.9882739548304851,0.9984279417501305,-0.002944441296595446,-0.1177820358348279,0.037452913536643866,0.9923285754061861,-0.07883292528016896,-0.0002736205875444375,-0.009613263307951737
337.6,0.6374980058158026,0.9881863230683217,0.9980768897188864,-0.0038474036268916823,-0.11832481023071045,0.037208172915360764,0.9922701187869656,-0.08089796483176648,0.0018691428102284545,0.005119921546084674
337.62,0.635893489026762,0.9880845849729719,0.9980117794637399,-0.005712611517819023,-0.1206656567408475,0.037037492416238285,0.9919855792845295,-0.07868453276321133,0.0006638855684164244,0.019368994149519113
337.64,0.6341489857367961,0.9880207507927146,0.9981723381700114,-0.00701241081574601,-0.12153678844678092,0.036877455172119065,0.991876851453154,-0.08449194425348515,0.003865373554839625,0.03165364582466795
337.66,0.6322420987610418,0.9880119690395965,0.9984827930423529,-0.007292057301412614,-0.12000989118023539,0.03669621618640928,0.9920674572007799,-0.0894009481374504,0.006318476221648897,0.03985481808762916
337.68,0.6303365797620785,0.9879965203238467,0.9989421265664744,-0.00829996138853069,-0.11995621327896394,0.03655605970056463,0.9920712031078663,-0.08600168685200682,0.005251093997368362,0.046513485974732635
337.7,0.6283524410420182,0.988029919155416,0.9994621143220314,-0.008322958816293718,-0.11854856178453037,0.03649322176238729,0.9922425165355306,-0.09153241775353092,0.008991460547133266,0.0494101535861725
337.72,0.626280383285922,0.9880992363146647,0.9999982562263742,-0.007607134487673642,-0.11507811237170511,0.036408725703462735,0.9926598431741367,-0.0947210877827493,0.010423258512917418,0.050117454900489765
337.74,0.6242841485892348,0.9881503274272081,1.000565769257009,-0.007595722563487472,-0.11341050802717274,0.03633265041463367,0.992854621876539,-0.08883114895057578,0.008479963458093693,0.05026536126444483
337.76,0.6224082797355955,0.9881790797410447,1.0011814386079345,-0.00835144616024685,-0.11451532620912168,0.036293203722295886,0.9927231722760494,-0.08326713692488495,0.007204706060995454,0.05178863219023756
337.78,0.6204949204239963,0.9882317103901633,1.001830637977572,-0.008517169356570582,-0.11441006126384165,0.036236416879177655,0.9927359758765237,-0.08623929283675345,0.008999560151098287,0.053863559058914136
337.8,0.618506738881659,0.9883190746819377,1.0024700443878765,-0.007796703354731054,-0.11219764965039111,0.036301359516216436,0.9929919990246653,-0.09141384476693305,0.011752420987855701,0.05284888319384442
337.82,0.6164920881006615,0.9884332714288295,1.00302855087679,-0.00627799356530268,-0.10868979046702917,0.03617778846019125,0.9933973444031129,-0.08884018675770532,0.01118813669060581,0.04825445334620679
337.84,0.6147003010199661,0.9884802420686647,1.0035628832584684,-0.006608080968135322,-0.11021364997058024,0.03624545066988589,0.9932248244641381,-0.08046761016346786,0.007749100109960853,0.044865447750581475
337.86,0.6129063113685694,0.9885172761926446,1.004070560768799,-0.0069945543420840695,-0.11093630900829583,0.036276079946480834,0.9931406031257045,-0.0821937049455185,0.007751025702182465,0.044507330958348704
337.88,0.6109281650845608,0.9886315131150446,1.004440668213476,-0.004957860432796299,-0.10602132890686865,0.03625688093006884,0.9936902616117224,-0.09342848464112988,0.013262832543040462,0.03754876354908649
337.9,0.6090450369787462,0.9887610526780923,1.00462567417302,-0.0023734637136941053,-0.10238325681026285,0.03660468875256389,0.9940684745812289,-0.09127993759290054,0.013940644691443968,0.024293667434112074
337.92,0.6072522466292233,0.988875775334296,1.004454086170529,0.00032219013202984987,-0.09869151496140627,0.03669101319584981,0.9944413761599038,-0.08478657194579262,0.010519181214564263,0.004458743198478465
337.94,0.6058923676244512,0.9888147495810831,1.0041119900202644,-0.0014690879432983606,-0.10426339683781506,0.03672702954717351,0.9938702687781218,-0.06671712701666496,-0.0006368791905752264,-0.0034841319750217653
337.96,0.6044618785895025,0.988722989617428,1.0038202959956286,-0.003507260355602674,-0.10700369146900758,0.036608236937569476,0.9935782536494678,-0.07692220066381378,0.002756950797803957,0.0023557370559677817
337.98,0.6029395433068191,0.9887076176669681,1.0037036791474703,-0.0034466931582845446,-0.10817552358478841,0.036392017893291925,0.9934595097119379,-0.07313258024411959,0.004463937964262753,0.013446989022590259
338.0,0.6014984766798419,0.9886325198002349,1.003843636428279,-0.00533380698971721,-0.11296654936875301,0.036350674555220855,0.9929193006916996,-0.06900633571460998,0.0005417805217275052,0.025933819592806783
338.02,0.5998515982877397,0.9885902658638123,1.004161526832236,-0.006433457989375412,-0.11405372749073134,0.036341036025817994,0.9927888430901806,-0.0796416366654236,0.004909927984656458,0.036294333855782235
338.04,0.5978219958972871,0.9887156662634448,1.0043368641757804,-0.002919476454442256,-0.10575542726215129,0.03636904650107333,0.9937225763352842,-0.09886403445106824,0.015023530296338804,0.02749667114727255
338.06,0.5961178685372152,0.9888069307716535,1.0042348269695298,-0.000641833621575294,-0.1052872870444829,0.03661833229076709,0.9937672126693745,-0.07759001825924991,0.007922750803914237,0.007941947600187979
338.08,0.5946280997262202,0.9887127158228478,1.0039331463096064,-0.0031641893674336065,-0.1086442186620271,0.036952052407205206,0.9933886286241955,-0.0814965192536638,0.0008256789002752515,-0.001705762976315957
338.1,0.5928595790960609,0.9887291619665609,1.00334872207703,-0.0020418640304471747,-0.10309321092895263,0.036660212818835615,0.9939937874291355,-0.09049927138746267,0.009838396398220334,-0.011833261157567408
338.12,0.5914023459455602,0.9888205669791992,1.0026731632031007,0.0008126920271506385,-0.1048907593001074,0.03702183483423788,0.993794069156494,-0.07412856006598076,0.008340130533378521,-0.019756182283781242
338.14,0.5901056488237656,0.988678885653775,1.0020661037238257,-0.0024756594952465368,-0.1101357297480751,0.03693569663121822,0.9932269360308796,-0.07032510357096786,-0.004375421601447689,-0.01294524056524837
338.16,0.588629992560683,0.9885878443679358,1.0016807729558261,-0.004033096427741374,-0.11155222883914406,0.03669347217418731,0.9930727181198897,-0.07844537337075339,0.003799305865830135,0.0008833507662102065
338.18,0.5871043723684906,0.9885707133675278,1.001581006807385,-0.003941571483120279,-0.11365129715689411,0.03658175349206886,0.992839172263184,-0.0735240170951505,0.003691909398572728,0.015914936674336917
338.2,0.5854657559843616,0.9885107751839097,1.0016590525387692,-0.005221049741625686,-0.1143657174440495,0.0365549359517416,0.9927522147901093,-0.08317419060239176,0.0037668978420903826,0.02343143518930314
338.22,0.583718901254501,0.9884835892608266,1.0018570343344164,-0.0058193429839116535,-0.113737432731929,0.036390367812785894,0.9928271112198919,-0.08081388820406984,0.0047505687889850285,0.031511684372531
338.24,0.5818510074215129,0.9885426863722873,1.0020456647537803,-0.004248923872404671,-0.11050748964256214,0.036476000739578726,0.9931966284421588,-0.0903967277783713,0.010189896599542132,0.029270727358517303
338.26,0.5799112905824148,0.9886300557371738,1.002053286421406,-0.0018544394972064807,-0.10473547361529581,0.036560021382703596,0.9938261449857451,-0.09352972134233824,0.011201413793246549,0.017591379363784337
338.28,0.5782588481510018,0.988657446076056,1.0018471042840276,-0.0010755727705055176,-0.10502804448886875,0.036679763159676484,0.9937920043895552,-0.07925342527600435,0.005828731451661693,0.004051611683011652
338.3,0.5768209963524632,0.9885527459368109,1.0016286265749619,-0.0036967258822299277,-0.1097296137737943,0.03658817665807714,0.9932809529069019,-0.07216566021176375,-0.0008674043879654657,0.006384963140491265
338.32,0.5752731981207048,0.9884962830764005,1.0015750182881291,-0.004830832277185239,-0.11184600244165432,0.03640444968993719,0.9930467515883147,-0.07740830775449566,0.004306231754933404,0.017234699793403817
338.34,0.5736013911223696,0.9884981885877651,1.0016852854711935,-0.004570132580464913,-0.11187728429449335,0.036270471471786456,0.993049364355217,-0.08065090583832547,0.005823701887843172,0.025971357013815026
338.36,0.5719105116086475,0.9884575749161645,1.001936426570978,-0.0057065990181466965,-0.11254838261801368,0.03614080508722191,0.9929723754996221,-0.07952780981992118,0.003472473982780504,0.032469686498735814
338.38,0.5702284658689335,0.9884279200500271,1.0023040698041115,-0.006817802945714976,-0.11451524219712302,0.0360413910529608,0.9927440732628401,-0.07735726816422371,0.0044720406759448696,0.03836290135378094
338.4,0.5684305462724327,0.9884491271271619,1.0027261814272757,-0.006779507982411438,-0.11431179326779364,0.03597374292685711,0.9927702362637842,-0.0842254765372369,0.007396785915470822,0.041864504071367416
338.42,0.5665294853807227,0.9884825975900609,1.0031749658062092,-0.0066179859103832695,-0.11207357162556024,0.036101124793294005,0.9930218656173888,-0.09047781508404001,0.009217726277677257,0.042586251185931505
338.44,0.5644073082802726,0.9886353953242194,1.0033847805567315,-0.003030497107885801,-0.10322520736330837,0.03632858390529675,0.9939897417194591,-0.10300744081649064,0.01662847322172421,0.028374872243886618
338.46,0.5625138924703785,0.9888144616820412,1.0031199857164994,0.0013995332399426843,-0.09793756313550862,0.03661708520125317,0.9945177042693372,-0.08813497731454967,0.01398595678440034,-0.0024251511485182064
338.48,0.5611262062944531,0.9887878415558595,1.0024653116864342,0.0005268893359976455,-0.10258695705660384,0.03683405905962582,0.9940416946600812,-0.07251361585932375,0.0006887520485509095,-0.021070557644828857
338.5,0.559778479943783,0.988664887907356,1.0018311980818686,-0.002204046101426852,-0.10641691342038394,0.036657241172294304,0.9936432103066459,-0.07330624855515422,0.00022117463431451357,-0.014391360979038047
338.52,0.5583615384037907,0.9886301745857035,1.0014177415444458,-0.0023430323383961805,-0.10886143264628641,0.036486644747022304,0.9933843281614442,-0.07270727012396808,0.003707638919307711,-0.0014822541831091053
338.54,0.556948481904641,0.9885366353281356,1.0012944065510971,-0.004278188093284261,-0.11291256664766443,0.036368062957681725,0.9929299136376047,-0.0702960464146508,-0.0003966194736377906,0.01320099652340195
338.56,0.555358707617169,0.9884728403036732,1.0013691316387439,-0.005509126593902912,-0.11409995747375774,0.03620413180365776,0.9927940924829289,-0.07927322783756155,0.0038406781825854907,0.02397497641226319
338.58,0.5536700207231143,0.9884537702878865,1.001622432835654,-0.0059270907855552704,-0.11468114719450141,0.036155225211170955,0.992726499980182,-0.07869509141765388,0.004706415199420067,0.0337285788236945
338.6,0.5517443104672014,0.9885183912011001,1.0018034725089717,-0.004148044069455463,-0.10967060833825303,0.036148586596557744,0.9933017824831417,-0.09392261405833079,0.010855951307374623,0.028756074593099833
338.62,0.5500070096999491,0.9885479744867245,1.0018991905502022,-0.0035931796321473255,-0.1095970527296667,0.03614270585393673,0.9933122771347677,-0.07861050351567168,0.005692892075662063,0.02199326630807738
338.64,0.5484538729654256,0.9884687756955034,1.002056482716458,-0.006066276063822511,-0.11413356730118618,0.036104013210903084,0.9927906271414382,-0.07518175073232365,0.0010429772377678116,0.027033838432051937
338.66,0.5466897184715758,0.9884577716653744,1.0023405057773376,-0.006597568095855896,-0.11380239841552123,0.03587272514422776,0.9928336385320665,-0.0840813221263732,0.006769380891809158,0.036112545435383954
338.68,0.5449141202261587,0.9884729827642414,1.0027999452889513,-0.006806634159976906,-0.11449815429408178,0.03575046784503176,0.9927566400903709,-0.079435436192892,0.0057571714682094705,0.04439240871319715
338.7,0.5431232329285376,0.9884686520258305,1.0033798362608115,-0.00784502708310114,-0.11577114692419936,0.035873602871896865,0.992596887818469,-0.08222516645100522,0.0059646520896536786,0.049862567992925856
338.72,0.5409674182375989,0.9886108166839704,1.00375657992443,-0.004688289756274685,-0.10719932087037072,0.03588116205853726,0.9935788180881381,-0.10298115138478325,0.01614726836090235,0.03891055585163397
338.74,0.5391226971252041,0.9887398797429245,1.0038633877671403,-0.0020906923665836826,-0.10561011495684026,0.036094350850594425,0.9937501348230879,-0.08189652156751207,0.010370621695283001,0.01980707864931338
338.76,0.5375728073719653,0.9886883194372161,1.0038196829764847,-0.0041363150907032555,-0.10974844232237027,0.03618585156364778,0.9932918777740496,-0.07754257358681092,0.0019429713712388076,0.014022360748845355
338.78,0.5357690424680478,0.9887077790400783,1.0037058195339588,-0.0036265071720732248,-0.10607997652031155,0.036325865325369605,0.9936872337589651,-0.09544135405625331,0.01093078431507591,0.012422512421341942
338.8,0.5338584295234581,0.9888922534023249,1.0032654780580665,0.001635442064445653,-0.09817182363125938,0.03648805923462741,0.9944989893948898,-0.09218051864449342,0.016018147695340684,-0.008865539524420853
338.82,0.5325348663284843,0.9889014521696841,1.0024785588960143,0.0020209541734630913,-0.10333916053655023,0.03685966677360883,0.9939609140248767,-0.06754655803912091,0.0007039759901895374,-0.02858170932148521
338.84,0.5312637278764173,0.9887110407968347,1.0016707856316054,-0.0022933396870057636,-0.10804953428861838,0.03674290860726522,0.9934636366773425,-0.07441610009053774,-0.003623902248694909,-0.02424346520888045
338.86,0.5297608254421758,0.9886994891643426,1.0009973717626184,-0.0013753912947729883,-0.10703225941571494,0.036607703585158545,0.9935804344799541,-0.0817033739394443,0.00781967913788602,-0.014761045249141413
338.88,0.5283138084442924,0.9887076389172603,1.000451214732925,-0.00020038260230879738,-0.108319688420273,0.03669260892870973,0.9934387033920877,-0.0739955549850546,0.004027001696542487,-0.010406915971690562
338.9,0.5269551257732542,0.9885708867201413,1.0000462315300456,-0.002982352051447927,-0.11265302010028529,0.03656955142433536,0.9929567314576949,-0.07142059905934205,-0.0023280142952033806,-0.0023111271397311
338.92,0.5254571289412568,0.988492689215004,0.9998440766035792,-0.004172857295487867,-0.11487422846497183,0.03649511639482832,0.9927006625241553,-0.0768940963143554,0.0032576351604485876,0.010151880619622175
338.94,0.5235591266546445,0.988574935125125,0.999563443358517,-0.0009564118877734251,-0.10735425993538798,0.03681587538335054,0.993538494206331,-0.1016693816929535,0.013448054426514866,0.004587391068099471
338.96,0.5216202418203528,0.9887547522374459,0.9987427230999117,0.0049950860868313894,-0.0973156637788091,0.03720169265549895,0.9945454965771253,-0.09620596752625002,0.015327828013762668,-0.0315459478726154
338.98,0.5203116083683289,0.988782104286378,0.9972575445906612,0.006685360409561316,-0.10042794222053687,0.03774801953159603,0.994205522715995,-0.07563795283798137,0.0020929045808750157,-0.06717577792813065
339.0,0.5192060068853067,0.9885618333627505,0.995654315738264,0.0023663247236402713,-0.10599176939988077,0.03755690036891318,0.9936546807424923,-0.07020755142813595,-0.007878971465728643,-0.06398634185373461
339.02,0.5179961956016829,0.9884411730506222,0.9943309264374071,0.0012961137507467994,-0.10883033786445867,0.03736757283988486,0.9933569057239743,-0.07442045871586304,0.0009388488011831681,-0.04708799982397608
339.04,0.5167589132683278,0.9883276352664867,0.9934088826814418,0.00023860896920651535,-0.1127713830650934,0.03730312312004657,0.9929204576565217,-0.06925450414479054,-0.002296771589222906,-0.02599652987609293
339.06,0.5153403638808407,0.988180563393333,0.9927405316253228,-0.0017513603750836364,-0.11379256293270257,0.03710234188140529,0.992809952400236,-0.07927567735675907,-0.0011738737043348632,-0.013233165563279234
339.08,0.5138254553818373,0.9880860446543126,0.9923333200232362,-0.0026214395445644714,-0.11457913068164885,0.03689776174977422,0.9927251916038037,-0.07747236143069568,0.0015588128065545876,0.0007731267593765152
339.1,0.5123434887802883,0.9879726030224312,0.99223973322959,-0.004571844452246768,-0.11861795367648542,0.03679774335486445,0.9922473509099922,-0.07303666469039823,-0.0008507776209749057,0.016811249236887753
339.12,0.5106023620437439,0.9878989773227973,0.9923567042864557,-0.0057326980478652105,-0.11799191811971581,0.03684949514817308,0.9923140420949645,-0.08964967488789151,0.005068092334474219,0.02755069346211202
339.14,0.5085300671280005,0.9879944780621693,0.9923261329162194,-0.0024227649964975984,-0.10939739382980991,0.036796828569266485,0.9933138143810651,-0.09959710976165112,0.013458075124048691,0.0188346517414618
339.16,0.5068708208692332,0.9880301763565776,0.9921185076869081,-0.0012782771829068522,-0.11105662440436354,0.037066245987242646,0.9931217878950018,-0.0774048770179255,0.004781584552830293,0.005278403819494766
339.18,0.5053000294032134,0.9879053505735572,0.9918610794805164,-0.00426691743772261,-0.11379820110150433,0.037045695421191877,0.9928037969772283,-0.08360746294840267,0.00015410481894480416,0.005247347567496994
339.2,0.5036002731942367,0.9878655556910562,0.9917291654515612,-0.0048210043088217375,-0.11348335684544907,0.03672810531453654,0.9928490982604291,-0.08210610093947965,0.005199722425499015,0.015988381583224624
339.22,0.5019470174482433,0.9878549840630122,0.9918419076744006,-0.0050043196459067605,-0.11554411608707534,0.036758438508966,0.9926093547921663,-0.07910193995586011,0.0048559918696860355,0.026899217231356205
339.24,0.5000760519699977,0.9878492234234272,0.9920032682031629,-0.0050701233571343275,-0.11245419815042623,0.03686073254075225,0.9929600362371325,-0.09541419081272667,0.008392805340282826,0.027911291683958107
339.26,0.49814373711492144,0.9879382489566851,0.9920226387016375,-0.0026019326660052943,-0.1075803294449079,0.036964454995356236,0.9935055771005128,-0.08985998867921,0.011659732360007669,0.01939443562022684
339.28,0.4962696221497101,0.9880730247269518,0.9917143356067691,0.0012697071665379207,-0.10232340619169146,0.0373062444464261,0.9940505784487753,-0.09446675270124164,0.013104295471892593,-0.0008835055981357692
339.3,0.4947366868591618,0.9880520122475767,0.9911098360786488,0.0011515812476493362,-0.10366429519699405,0.03739975920379771,0.9939082682891005,-0.07558121800058973,0.001806781109490542,-0.01718040335881562
339.32,0.4933713340557481,0.9879231491367927,0.9904477810097437,-0.0014571516443537423,-0.10763073444461554,0.03755608159610459,0.993480267769393,-0.07865362682004248,0.00015849488359178895,-0.01892395800456564
339.34,0.49174618557130084,0.9879174308201448,0.9896727654913533,-0.0002496824841008971,-0.10381566790433515,0.03738196717238012,0.9938937736431178,-0.0863991570524031,0.007631935824766801,-0.020990739734960816
339.36,0.49041458672581795,0.9879076455109096,0.9889592766232393,0.0004868422272127534,-0.10773195428828501,0.037596168404205946,0.9934687298205189,-0.06795750816512477,0.002313481567154809,-0.020205177215681082
339.38,0.4890867832341632,0.9877649728561445,0.9883671369128882,-0.0022214838323612947,-0.11179356292763885,0.03752594357141353,0.9930201749494326,-0.0745021061727967,-0.001979358372219935,-0.011710775461257214
339.4,0.4875670969184206,0.9876793757817269,0.9879989368484475,-0.0032734592827562427,-0.11228344098886865,0.037278118157610694,0.9929713264997386,-0.07856667306585924,0.002908445458707511,0.0025953318303603167
339.42,0.48608176454002194,0.9876097663125837,0.9879573692825628,-0.00437583659506372,-0.11595853896748666,0.03719045908768832,0.9925479026462483,-0.07117617717969979,0.001037597851153016,0.01902530064624621
339.44,0.48446609113901556,0.987517911968196,0.9882007202320364,-0.006392585632376249,-0.11847030159208155,0.037063594761126806,0.9922450364869542,-0.07863438843736589,0.0018356186786846716,0.03424993408083431
339.46,0.4826572765512581,0.987484329955336,0.9886676844098815,-0.007204281414833269,-0.1183546746274713,0.036814733378463006,0.9922625382071995,-0.0823496438396226,0.004773120164893132,0.0470947064604553
339.48,0.480802161348589,0.9874770189144364,0.9893303685975665,-0.007894060784673536,-0.11913701158833433,0.03680632333405487,0.9921639737647997,-0.0831782747540617,0.0059954938244841886,0.05582027849191967
339.5,0.4788030855252107,0.9875001783955598,0.990062949492843,-0.008070415205198342,-0.11738174821512029,0.03660078385878291,0.9923793509567298,-0.08830744831280583,0.007022243926847182,0.06050777242368092
339.52,0.4768539451715384,0.9875058024593176,0.9909210759465985,-0.00918140271772336,-0.11802543864985328,0.03648250292666226,0.9922976996122942,-0.08353265810645946,0.00608996695236786,0.06574331362691006
339.54,0.4748148779281229,0.987570581671628,0.9918251563999819,-0.008954017588001227,-0.11684142875267248,0.03645598784245855,0.9924408632490394,-0.09038463382169357,0.010341877113822685,0.06822894848050522
339.56,0.47275208774902333,0.9876309470544536,0.9927795514833175,-0.009118684692104032,-0.11543816695939597,0.03630324003091324,0.9926091647581129,-0.08735737263539597,0.008166356522818458,0.07090960064324496
339.58,0.47076364095808537,0.9876801971003037,0.9937967095477594,-0.009847410394672108,-0.1161593677370219,0.036264639265327046,0.9925194737305711,-0.084694330103916,0.008470071602367315,0.072961421823937
339.6,0.4686887347984897,0.987782173695286,0.994810040806862,-0.00923945046375325,-0.11454944524375321,0.03622350199452657,0.9927139140017777,-0.09001653040043543,0.011492247851967365,0.07314628253639241
339.62,0.46664661622494946,0.9878627040603524,0.9958406601239762,-0.00936644684757056,-0.11374593317289283,0.036150797637405925,0.992807761951053,-0.08579352711458965,0.00910348807013609,0.07338564365206346
339.64,0.46455221808184366,0.9879838478238919,0.9968005531544244,-0.008312911282481867,-0.11094615753868382,0.03619474435566621,0.993132310477531,-0.09281172498864698,0.013241171529441376,0.06916733813852699
339.66,0.4625614030185774,0.9880748086060959,0.9977494046472754,-0.008095869234229844,-0.110297365183129,0.0360893735008986,0.9932102019488696,-0.0827448859990989,0.008882442953408214,0.06798875820535842
339.68,0.46070069975864764,0.9881204424410854,0.9987430321899867,-0.00909602618587385,-0.11255719705221044,0.03610058482346318,0.9929475753909567,-0.07996169666333429,0.007875581266268212,0.06977686083704873
339.7,0.4587202027137787,0.9882174794570848,0.999736549970405,-0.008568489900113392,-0.11148656399763579,0.036029314780227445,0.9930756343327027,-0.08602376051024815,0.011026157645962138,0.07068429348701485
339.72,0.45675033891489136,0.9883059736683696,1.0007356585039338,-0.008308278869620852,-0.11068960697695741,0.035921329615863674,0.993170902457447,-0.0829570981177212,0.009233799719645592,0.07046969313367707
339.74,0.4548725127030272,0.9883655441434875,1.0017470692044679,-0.00888183951729312,-0.11219351659502143,0.035914786409505815,0.992997409804271,-0.07987334623788833,0.008346965803076374,0.07015654875855368
339.76,0.4529128926529351,0.9884623774024338,1.0027162486590657,-0.00834867440137668,-0.11136438430472305,0.03588103890310057,0.9930965837175173,-0.08560653859640763,0.01094949970885617,0.0686494005934059
339.78,0.450978478169481,0.9885404611815464,1.0036695509469225,-0.008349303807630437,-0.11115541567222081,0.03583409810080934,0.9931216844405146,-0.08196385547914058,0.008787915834689946,0.06760585385191034
339.8,0.4490037690195595,0.988643679616431,1.0045387960959813,-0.007522423514022335,-0.10939671607097337,0.03581782002879379,0.9933241441874588,-0.08748517332977347,0.0115140917200727,0.06315409558478681
339.82,0.4470744644976509,0.988727604661416,1.005369973060805,-0.007139232393434957,-0.10836361412448377,0.03575741947947767,0.9934423815435303,-0.08354591901597894,0.009414208586694488,0.060844937856648885
339.84,0.44515586660272005,0.9888182659226792,1.0061111032850603,-0.006409161187915668,-0.10678924383129013,0.03609450091436952,0.9936056396068569,-0.08980345233657896,0.012535813871388222,0.05412107240427934
339.86,0.4430882271791984,0.989009719325641,1.0065042209061583,-0.0024288432994015743,-0.09949900055800182,0.0360833094761127,0.9943802312925558,-0.0934999762694544,0.01628042063218026,0.035202874104547935
339.88,0.44151292593401653,0.9890642888555559,1.0066195664912418,-0.0020757801052399744,-0.10298291493691852,0.03627332749172173,0.9940193439167713,-0.07029462443551945,0.004788306414164395,0.018362103643788007
339.9,0.44000906086842445,0.9889829159552282,1.0066735593988532,-0.004771906082764926,-0.10651985169275191,0.03631262094775527,0.9936358204430816,-0.07761534906149346,0.002338591796767621,0.018473116016952815
339.92,0.4382994427847979,0.989018379560832,1.006718673949755,-0.0038645733215142775,-0.10432482006976576,0.03602153442047567,0.9938832154979015,-0.08088912184541644,0.008859052650468144,0.021068836974928645
339.94,0.4367969892645612,0.9890381951712729,1.0068771067733315,-0.0036659533990780553,-0.10795890859758991,0.03612251662125744,0.9934921230855532,-0.06931528814526981,0.004423138060954814,0.024730498524307292
339.96,0.4351968225189285,0.9889870006066429,1.007085688565092,-0.005206534439806875,-0.10923168268652408,0.03607238667674052,0.9933479322050464,-0.07996823732011941,0.0037893386545260347,0.027906443683781517
339.98,0.4334980354404987,0.9889911668964506,1.0073690082381268,-0.0052480828298129,-0.10881239285592366,0.035896503925152895,0.9934001015671032,-0.07845830904552767,0.006634260919281797,0.033614961368334424
340.0,0.43184280844541917,0.9890087270265163,1.007749309987533,-0.0051796579226703054,-0.11037197325064807,0.03583233639785069,0.9932307095196129,-0.07509103131900301,0.005290725149783967,0.03775128308685435
340.02,0.43015123027681157,0.9889865648831491,1.0081802167886775,-0.006267724682561625,-0.11157835719192388,0.03577700352763095,0.9930916331599209,-0.07966565601172974,0.004948678741540655,0.04006344119919153
340.04,0.4283732279079867,0.9890060165123382,1.008632266977822,-0.00630930458430989,-0.11118873373528056,0.03562071516822082,0.9931406863163506,-0.08127004328485582,0.007033327515996885,0.04233373146819698
340.06,0.4266495071612728,0.9890149806312096,1.0091478949024568,-0.006921228891722873,-0.11292795507389865,0.035572949622230635,0.9929420621610457,-0.07734462399035318,0.005446172733157729,0.04499468781953481
340.08,0.4248517606080347,0.9890367673973544,1.009677781017472,-0.00728628504153829,-0.11317920322300028,0.035519391301742004,0.9929127609461236,-0.08311930630851093,0.00741150070205007,0.046250179384040226
340.1,0.4229656649757107,0.9890949449442071,1.0101923327440714,-0.006771031554590039,-0.11149326401134933,0.03554859490327237,0.9931060882968069,-0.08756102480895879,0.009818108802313572,0.04557803023147595
340.12,0.4210352229909982,0.9891812836202537,1.0106245581935258,-0.005480910109272592,-0.10841503686594235,0.03540441677628956,0.9934599471938772,-0.08669007827227514,0.009695369888079107,0.04121189229900428
340.14,0.41934812360357104,0.9891805636640875,1.0110800248524656,-0.006710763255423571,-0.1114381435101995,0.03540983956289774,0.9931176411129045,-0.07532318983326126,0.0043326684595165615,0.04105432395315425
340.16,0.417527818293065,0.9892180423009983,1.0115139066276229,-0.006692497297864714,-0.1105832916730865,0.03533285100339392,0.9932160569194576,-0.08665543316974475,0.009046408310253879,0.04137466935633057
340.18,0.41568674946408163,0.9892743369872722,1.0119806330449825,-0.006229853412516684,-0.1093762894688482,0.03518113239656102,0.9933580946223678,-0.08225804681835655,0.007948720679057128,0.043339363534184494
340.2,0.41398609147128507,0.9892822392851676,1.0125211035002966,-0.007255889757611274,-0.11202201652664598,0.03520401885573143,0.9930554349750745,-0.07629658107951595,0.0053684213706883584,0.045849194798986095
340.22,0.41210180375634103,0.989348955619984,1.0130162291460445,-0.006526333379574591,-0.10972328779803918,0.03512062509778145,0.9933200636150206,-0.08855903955154769,0.010178398603343422,0.044714144188251974
340.24,0.410298525595825,0.9893936941514382,1.013543517575904,-0.0065455779287392326,-0.10979662641670548,0.03499441068466467,0.9933162877240673,-0.07853634426967168,0.006634321500596081,0.045604329536262714
340.26,0.40855915022015815,0.989425704714713,1.014087800354253,-0.0069542291592230715,-0.11146177763710614,0.03506277652194941,0.9931256277658679,-0.08069961542211404,0.007923792613472596,0.045538394828171
340.28,0.4067031886389026,0.9894896912750376,1.0145918294627572,-0.006391213915078728,-0.1100056841094765,0.03496918414546601,0.9932950508325803,-0.08518109926154034,0.009012164855071215,0.04486024051945576
340.3,0.4048947441757347,0.9895289723929014,1.0151009111002842,-0.006535638285621624,-0.10983668840566618,0.034836381334216716,0.9933174788796446,-0.08027199982360542,0.006778017339527832,0.04464782370064977
340.32,0.40313236618683734,0.989571170548117,1.015597143811032,-0.0066121943824047,-0.11071635734574316,0.03487116466823307,0.9932180873182989,-0.0816457375079925,0.008435087793699916,0.042973329303666555
340.34,0.4013089063082058,0.9896304104651371,1.0160400743183113,-0.006149080244231812,-0.10977699718162447,0.03477083094973123,0.9933288423362129,-0.08361948468902378,0.00829008004308698,0.0413172114300199
340.36,0.39957283321636206,0.9896484093029514,1.0164947999004919,-0.006864212343796771,-0.11113501802052478,0.03470854051939405,0.9931753156283589,-0.07828316247093388,0.005968022465355391,0.04125604772407411
340.38,0.3977799127194832,0.9897028113537074,1.0169123431958649,-0.006526127065794532,-0.11084895948345265,0.03468543367659697,0.9932103697292046,-0.08419676425690195,0.009131721546367457,0.03979918590236847
340.4,0.3959425911457995,0.9897634818258437,1.017299042995622,-0.005993735619620555,-0.10932934584567526,0.0345830689535898,0.9933857159291299,-0.08474134707773362,0.008492751147438,0.038723160639195654
340.42,0.3942252608712379,0.98977987992682,1.017714973084644,-0.006739345257057684,-0.11096032786349176,0.03452153197500423,0.9932022204445736,-0.077420206891224,0.005716818054253838,0.0392708412677403
340.44,0.3924908488951726,0.9898139970790075,1.0181468133893885,-0.0069895424499388185,-0.11215523638672345,0.03451280978252356,0.993066571387988,-0.08091079755620371,0.0077493263769329145,0.040627521918012305
340.46,0.3906576627076269,0.9898749718089708,1.0185549771520273,-0.0064840860039626184,-0.11088676712509067,0.03441353474707674,0.9932158829436081,-0.08488114116154122,0.00866523196264974,0.04013904645558797
340.48,0.38889787243881213,0.9899035642951208,1.0189811988662247,-0.006965197600894175,-0.11174598189511631,0.03436346272026988,0.9931180564175386,-0.07945603521451548,0.006447712155353195,0.04022735403071298
340.5,0.3870750016026128,0.9899699451900924,1.0193505981290654,-0.006344213485071959,-0.11073555244350282,0.034350521358379536,0.993235838088163,-0.08624299995218704,0.009771055790422261,0.03758531935799221
340.52,0.3851288294027727,0.9900727937545106,1.0196156880086251,-0.004596065266346607,-0.10600683570226829,0.03462586385824437,0.9937517177446941,-0.09683897922737397,0.013538242253797716,0.031196132556602363
340.54,0.3831305113750836,0.990273448469872,1.019494486957252,0.00021163229693684475,-0.09806356225816505,0.03472539649578319,0.9945740997066134,-0.09355405759123994,0.016413695565793883,0.007336436085044454
340.56,0.38171118218112654,0.9902999089836471,1.0190148956558585,0.00038677588388654133,-0.10269447046512166,0.03500444548862494,0.9940967683964865,-0.06912284685878389,0.0021523888920246793,-0.012813206500201988
340.58,0.38032154219837844,0.9901740983412712,1.0184367975223183,-0.0027663322138739028,-0.10585536623254573,0.034930376435044895,0.9937639848817033,-0.07827827872762713,0.0001743311938332389,-0.01363869255623824
340.6,0.37883554840789607,0.9901707605584085,1.017961041686483,-0.0022745617375202285,-0.10645458014521059,0.034683743280786675,0.9937098604155248,-0.07497885217910756,0.005950992255165885,-0.005098089447569131
340.62,0.377471689569438,0.9901158864530842,1.0177318275071916,-0.003446895917008443,-0.11125400966641702,0.03471595842234377,0.9931794734450063,-0.06864062387643918,0.0005026095372016606,0.00665670277560902
340.64,0.3759234226912028,0.9900441082246267,1.0176702948804097,-0.004992732059428428,-0.11243979809310141,0.034547890803807164,0.9930452193492367,-0.07911674874341615,0.003007144369482707,0.01640165350749362
340.66,0.3741970379555662,0.9900677741275847,1.017697428414493,-0.004084286822556421,-0.11035743254925805,0.03442195169155531,0.9932873123744365,-0.08469909754769282,0.007979603770145966,0.021176734844537432
340.68,0.37256221297105424,0.9900538875906912,1.0178013856690151,-0.004546107011672913,-0.11164092837046459,0.03443025091710464,0.993141577946168,-0.0761694707026976,0.0032659210368551363,0.023637627031912942
340.7,0.37079126106678634,0.9900575254013714,1.0178095199697341,-0.004432647125476706,-0.10921519039241527,0.03433249625048476,0.9934151566833577,-0.08857756319873285,0.007041618038525944,0.019010491694116328
340.72,0.3690656518863548,0.9900859448172213,1.0177944596480073,-0.0037721972315814963,-0.10800740461435587,0.03424150372144296,0.9935530637562401,-0.08200113643019169,0.006994613530923327,0.0173635013010885
340.74,0.3674704155404494,0.990075031557845,1.0177841325672419,-0.004304895998938061,-0.10996226097205171,0.0342676794713226,0.9933355400749555,-0.07801812057105631,0.004548148552373067,0.01658386593417755
340.76,0.36585183994650355,0.9900535523979773,1.0177752922178607,-0.005085212261971003,-0.11120272332915916,0.03416754055940871,0.993197197998741,-0.07903608714635747,0.004444211048720621,0.01780203150958683
340.78,0.3642251122108945,0.9900480889471123,1.0178014276444107,-0.005544460182705082,-0.11259795756679046,0.03410286578264305,0.9930397542185714,-0.07884039971303068,0.005307915085587613,0.01992478312153414
340.8,0.36256863588666677,0.9900490787554942,1.0178598552505684,-0.005981131480303943,-0.11371627715200591,0.034052880917526465,0.9929114943831199,-0.08031417307400093,0.005534033168278598,0.02199365585301231
340.82,0.36087078094780095,0.9900566638812013,1.0179394379499922,-0.006378953853555075,-0.11429502755948524,0.033982153130439126,0.992844987342702,-0.08187990219648958,0.006087839789011491,0.023478765233634163
340.84,0.359149750727193,0.9900781979305591,1.0180340209133745,-0.006561252144500032,-0.11477313259916849,0.03396941882160227,0.9927890796078452,-0.08264962314038267,0.006826518762232232,0.024410249082568763
340.86,0.35730283621985537,0.9901434876142869,1.018064110536829,-0.005540494119960975,-0.11198133840264178,0.03391287432933905,0.9931160051721964,-0.09050272406398663,0.009635236846186295,0.02183790468597147
340.88,0.3555810293976638,0.9901608058092594,1.018138378065007,-0.005973862871087249,-0.11266186006927181,0.03381552032569638,0.9930398425205464,-0.07974880745808596,0.005306400766978613,0.023342850172562178
340.9,0.35390728951429534,0.9901638700569615,1.0183012715993145,-0.006832508248741392,-0.11476031939694804,0.033816776957740956,0.9927939421245134,-0.08102025712840702,0.006197229170637791,0.028248284051271916
340.92,0.3520927447795855,0.9902118101495422,1.0185131822523859,-0.006444774760259009,-0.11357415568232676,0.03369051196100444,0.9929372213000889,-0.08614911456647513,0.008269694294296007,0.03176975945763274
340.94,0.35031640368409733,0.9902402890404016,1.018791622362328,-0.006744424132971462,-0.11391974564264072,0.033623530793314566,0.9928979114052067,-0.081961316122003,0.006533747507993225,0.034072261608925646
340.96,0.3485386128094481,0.9902758352611223,1.019093967746969,-0.0069154351905324745,-0.11445483919399115,0.03364248782273368,0.9928345529615196,-0.08396085449859433,0.007807396985465316,0.03510138312503041
340.98,0.34668375346573715,0.990333439753588,1.0193774613796842,-0.006472426778934501,-0.11305842474235996,0.0335372260196441,0.9930010849728588,-0.08655350959419941,0.00835435264395286,0.03485774356219191
341.0,0.3448508049325942,0.9903832910747372,1.0196506091443698,-0.006271627939547036,-0.11219254044301134,0.0335211473046517,0.9931011193404784,-0.0861896569365168,0.008407725257780604,0.033300983861743474
341.02,0.34306967987936965,0.9904241067256923,1.0199078834312914,-0.006322537428983809,-0.11246325505275714,0.033480098804262594,0.9930715607484963,-0.08264205105889176,0.007243206297163865,0.03215650652793623
341.04,0.3413104600094206,0.9904590899569838,1.020152540693159,-0.0065189398084739125,-0.11307794275414346,0.03352570316400568,0.9929989473879733,-0.08323253677419483,0.007427878642153329,0.03152574105883469
341.06,0.339382065205107,0.9905573959545209,1.0202707356652534,-0.004764844720965497,-0.10863955319063547,0.033490650417823224,0.9935054705797625,-0.09373210325888091,0.011692872564901386,0.02558244383882379
341.08,0.3374715675930656,0.9906772743607448,1.0202293239842315,-0.0022781234435456143,-0.10362495058040559,0.03387543402151386,0.9940367874181713,-0.0967996385261288,0.013985490915240373,0.014114095308860217
341.1,0.33558230322424065,0.9908527942300916,1.0197518621939963,0.002240600267037902,-0.09659398179812297,0.03404450118195214,0.9947389377771935,-0.09180524695826002,0.014184468410590637,-0.011866397232098277
341.12,0.3341508766607748,0.9908986156549912,1.0188226587710427,0.0035860970750927488,-0.09829884593987513,0.03433543810452993,0.9945579693938543,-0.0755492946810407,0.004199684746410424,-0.03699923346406725
341.14,0.33296212954703447,0.9907521336752514,1.017797840172948,0.00040114440685388433,-0.10392033575931832,0.03420947951457695,0.9939970394373301,-0.06792300369659818,-0.00386768364954468,-0.03653452236673175
341.16,0.3315899593671791,0.9907079798049647,1.0168624684017022,0.0005839819089183016,-0.10414808456530852,0.03440195208272185,0.9939664688204555,-0.08372193092774585,0.006407883796559588,-0.03187126075059664
341.18,0.3299666491478739,0.9908188243698988,1.0156419319579015,0.005264286386197573,-0.09694428447937961,0.03454159217952621,0.9946763148910949,-0.08794181569584322,0.0108780007226899,-0.04902434418351195
341.2,0.3288642449664073,0.9907847055531037,1.0141109556356458,0.005767745731128249,-0.10203154797268195,0.03488257802951485,0.9941526553188369,-0.06380334620541761,-0.0022099045577753723,-0.0673901724917676
341.22,0.32788213239023456,0.9905374483237853,1.0126493948512525,0.0009536363387875779,-0.10935375492006123,0.03475857746889977,0.9933945279469557,-0.066469621961459,-0.008818447518300746,-0.05709875287959635
341.24,0.3266556305304139,0.9904215583966167,1.0115012175593656,2.292773082767268e-05,-0.11175598135630355,0.03448338569482584,0.9931371990900505,-0.07351976971626117,0.0011355774587480409,-0.03723819418079018
341.26,0.3253716215970111,0.9903236175823534,1.010766637946679,-0.0008239504201757922,-0.11546393739787772,0.03439340486133088,0.9927157165917787,-0.07020208013958293,-0.0016543029950224781,-0.016107255569009504
341.28,0.32392653026757545,0.9901780896054019,1.0103409399682945,-0.00315994647594584,-0.11757976061204228,0.03422120901109924,0.9924686007559648,-0.07889041489360245,-0.0009953478938632243,-0.0006577814026576673
341.3,0.3223038308223539,0.9901066693668266,1.010139412129205,-0.0038133231132934974,-0.1176209288855418,0.03396257718271972,0.9924703113977988,-0.08068138912090582,0.0024840395792169886,0.012381190109223821
341.32,0.3206702375987005,0.9900381283256802,1.0101689387483428,-0.004961080409663658,-0.11967483458479918,0.033897540073663406,0.9922218897127921,-0.07934008021201602,0.0017550782209945523,0.023304995897703053
341.34,0.3188683812604262,0.989993489071736,1.0103220038141443,-0.005767822712891537,-0.11894883104252636,0.03375723246198831,0.9923096074669823,-0.08793946145791258,0.004408409103034828,0.030267140794471813
341.36,0.31700005173924073,0.9899784367102261,1.0105784124707382,-0.006183005842844066,-0.11784977882055454,0.033635509994620165,0.9924423673635138,-0.08672293514978788,0.005107736603291257,0.035622239496031154
341.38,0.315027918556637,0.9900196448837596,1.0108139017025086,-0.005297860520115187,-0.11434619395998841,0.03357533656502514,0.992859293845467,-0.09430178646729295,0.008773240569513053,0.03380042350293046
341.4,0.31315081778351195,0.9900281106673374,1.011070910284537,-0.005564872835661625,-0.11332437705736101,0.033464914177569714,0.9929787093759724,-0.08574890093076745,0.005401288734664967,0.03373925180064453
341.42,0.31138414195161085,0.9900141291608952,1.0113893948628547,-0.0066199070229710595,-0.11500789450920043,0.03342857686595254,0.9927798805779078,-0.08248603503452714,0.005070416299624336,0.03648441658189679
341.44,0.30952492086605593,0.9900439483228706,1.0117456009514185,-0.006560898130454552,-0.1142646829464452,0.03332928836340571,0.9928694251431348,-0.08705764294157249,0.007614919039396861,0.03912971865977184
341.46,0.3076738929002008,0.9900724347864239,1.0121478424246704,-0.006738360053562091,-0.11396251076450017,0.03323757566808243,0.9929060399694164,-0.08429686519295423,0.00663326152324562,0.040940756041996686
341.48,0.30583523006307656,0.9901092699450308,1.0125584575356226,-0.006816556084100543,-0.11398465209165622,0.03323094745257147,0.9929031865101958,-0.08543830037406476,0.007900662515098635,0.04064281588879924
341.5,0.3039799223405753,0.9901562931434599,1.0129545256169445,-0.006689561619566487,-0.11349342300950682,0.03316050721319611,0.9929626747568545,-0.08508318281823185,0.007632289688958548,0.04020509535416981
341.52,0.30211848499863675,0.9902074806296346,1.0133201953210633,-0.00647460000192069,-0.11262284476231096,0.03314178788197865,0.9930638430073091,-0.08710524491063569,0.008574508835180485,0.03819336679005644
341.54,0.3002982806183615,0.9902498727902398,1.0136827604115848,-0.006537030340411184,-0.11265921036431768,0.03307138216783698,0.9930616563113923,-0.08297936593447351,0.007158328727129628,0.038062093891082956
341.56,0.2985123104078837,0.9902867753092578,1.01405754788499,-0.006784046291212699,-0.11344917626953996,0.033178216205205606,0.9929664984726938,-0.08328437742199282,0.007558384364815244,0.03845017797109497
341.58,0.29647906448634676,0.9904208329475095,1.014250150505165,-0.004081981191462564,-0.1069229315633225,0.03319494531692843,0.9937046441175887,-0.09858946083453456,0.014137842225078209,0.029084978968493425
341.6,0.29470693059314246,0.9905141051209825,1.0142745383466512,-0.0024836562622724758,-0.10615450324203306,0.03327628750418117,0.993789586171513,-0.08019255428769001,0.00822885186457235,0.01693026915054708
341.62,0.2931921414358435,0.990460504713966,1.0142811890777172,-0.00462650072043477,-0.11086648783455501,0.03330218175985865,0.9932664204816085,-0.07462562221228447,0.0014315023824355705,0.017884540754153976
341.64,0.2914934455205538,0.990460276414075,1.014366010411678,-0.00490941134269715,-0.11060165630978079,0.03309435505427967,0.9933015327509279,-0.08317417079766479,0.006924566313940837,0.024604707840007525
341.66,0.2897836661383636,0.9904934169790431,1.0145791771766122,-0.004398020254416082,-0.11077614151744886,0.03300176811043237,0.9932875652045249,-0.07946857656507944,0.006331352682422754,0.03048261013513446
341.68,0.2881313215205311,0.9904670468219082,1.014895465257717,-0.005604860429082566,-0.1130644516755539,0.032942430974870984,0.9930255845386576,-0.07701316864955662,0.0033433291406965077,0.034914097191181395
341.7,0.2863831876956638,0.9904722062492284,1.0152562285143352,-0.0059603765569901076,-0.1134497491054435,0.03284058773544081,0.9929829425203646,-0.08220613179442511,0.006387370250997425,0.03786445034595777
341.72,0.28456620786292075,0.9905085194748017,1.015627730067507,-0.0056016013164494755,-0.11260329398142385,0.03274713505549566,0.9930844603521303,-0.08419917308809505,0.00712049134483457,0.038667673479009075
341.74,0.2827265851440486,0.9905385688175162,1.015978057223141,-0.005487275104253682,-0.11132006569169674,0.03270244502364654,0.9932312333368307,-0.08659727654235401,0.007384499421652575,0.03692193666895474
341.76,0.28095171157861765,0.990554292219674,1.016334784751806,-0.005854456327116955,-0.11176874245406167,0.03260481641031938,0.9931819568931973,-0.08050462847418678,0.00563880753162228,0.037166557392782844
341.78,0.2791747454160049,0.9905873552075275,1.0166803274422656,-0.0057840300881405035,-0.11201480923956328,0.03262346636214385,0.99315403485536,-0.08439096435392192,0.007792774155775254,0.03626298103004347
341.8,0.27737011559043445,0.9906190195348537,1.0170164952367424,-0.005771738934963594,-0.1115123535660102,0.032500876207058,0.993214667167984,-0.08281513569816437,0.006346706234906184,0.036614116184402655
341.82,0.27563540405237774,0.9906311035618703,1.0173806640485485,-0.006387418486899933,-0.112935246470561,0.032469807051296505,0.9930511278981352,-0.08017202795518123,0.005885721600293359,0.037357648967381474
341.84,0.27384604776034654,0.9906715484118429,1.01773989560155,-0.0062526219228787195,-0.11299574150512691,0.03243277254084715,0.9930463143207923,-0.08373592913051794,0.007661224106174728,0.03760293623436259
341.86,0.2719933199161471,0.9907254189516487,1.0180625142552044,-0.005755920444956106,-0.11139210319717163,0.03236334041158608,0.9932327435815564,-0.08704619012182864,0.00827441336988758,0.03596738936671682
341.88,0.27022442393577784,0.9907496866405918,1.018401635526561,-0.006139901515914214,-0.11202228261795803,0.032290359532480134,0.9931619417233528,-0.08045175913073677,0.005941837550403449,0.0362412463065652
341.9,0.26847789525357363,0.9907784943713036,1.0187609846019003,-0.006420500511845839,-0.11320815015063403,0.03230086416718383,0.9930253501732481,-0.08187642634525989,0.007015405038528109,0.03741409257796288
341.92,0.2666316076709428,0.9908347325915002,1.0190954728070418,-0.005900935910146466,-0.11176902296372741,0.032215892825621276,0.9931943418639507,-0.08649672246908131,0.008308473284046769,0.03686008855662879
341.94,0.2648266436425479,0.9908736482717763,1.0194336787369112,-0.005897674757258581,-0.11145405272678505,0.03216553301291844,0.9932313879702088,-0.08309041775431261,0.007040416088352491,0.03621781381981213
341.96,0.2630656764948123,0.9909101143801776,1.0197504469983363,-0.005976145447480515,-0.11209496197500018,0.03230333810833425,0.993154318085801,-0.08259927163230425,0.007337224382243214,0.034551675551208756
341.98,0.2610501223985265,0.9910466981599233,1.0198247870948192,-0.0029738764198514915,-0.1049579568548906,0.032338118053525516,0.9939462910402366,-0.09926695244218114,0.014324353910848997,0.021936663430771924
342.0,0.2593240846937037,0.9911467791703549,1.0196573185756472,-0.0009238228118994493,-0.10399427886945083,0.03249026394053488,0.9940466383741305,-0.0799570597820364,0.008395290253754777,0.005568669924087306
342.02,0.25786887365540934,0.9910892999999119,1.0193882774761611,-0.0028079606710601575,-0.10836384934737607,0.03250801369222438,0.9935756742982766,-0.07415274334211067,0.0006308661921480602,0.0026465943797950838
342.04,0.25630156383309893,0.9910575435388461,1.0191827811156189,-0.0035273790723322814,-0.10932015674472714,0.03232295715180654,0.9934746536108261,-0.07965172633530146,0.004904165561954532,0.008588417560209971
342.06,0.254706251993009,0.9910686823409084,1.0190966114259998,-0.0031104112806999893,-0.11012375391712498,0.0322310444724809,0.9933902777544577,-0.0778903789710252,0.005212761413153073,0.014593145550466969
342.08,0.25313003347598506,0.9910258612711208,1.0191105835704075,-0.004234112142778172,-0.1120924456147181,0.032196449913748815,0.9931670275152238,-0.07744534471657355,0.0026988084451103653,0.018957531767087053
342.1,0.2514481041590297,0.9910148701041107,1.0191511561206517,-0.004475678754198872,-0.11186803814321097,0.03203824899926105,0.9931963858888833,-0.08151520883871642,0.005086477574663472,0.021566449986642935
342.12,0.24971817479512065,0.9910336878087603,1.0192138439225553,-0.004029723231797339,-0.11090862000476197,0.03194664534618119,0.993308839782693,-0.08367387429451019,0.0062584619848754545,0.022474258114583943
342.14,0.24804244349606483,0.9910168094998005,1.0193218598578773,-0.004700544019403064,-0.11176269719755318,0.03186914640396552,0.9932126468730311,-0.0796406698872788,0.003967902394152807,0.024059749161239596
342.16,0.24632036868416213,0.9910264662576556,1.0194138275055924,-0.0046913487257137865,-0.11148538356533716,0.03196850961289874,0.9932406631283042,-0.08624635456149485,0.007364085736968664,0.022664193382477205
342.18,0.24446137849596394,0.9910987198216111,1.0193708061133024,-0.002894366914567031,-0.10721788112919216,0.03182117451914873,0.9937219739235679,-0.08878204407709436,0.009004757217155651,0.016656936705970987
342.2,0.24280156473138556,0.9911239824083558,1.0192419846726266,-0.002438197539685228,-0.10747622124352642,0.031896818949351126,0.9936928650246425,-0.0818825440636585,0.006094444544751108,0.0096563051076517
342.22,0.2412453035823822,0.9910827392347509,1.0190899805116558,-0.0036407571475120808,-0.10972436347794767,0.03179796734287573,0.9934466257527947,-0.07629130184123127,0.0022454755008072657,0.009844417980195249
342.24,0.23965879815471208,0.9910641002112506,1.0189810970436837,-0.004132435971928004,-0.11111248574329352,0.031724050509924565,0.993292768071996,-0.07981324257326115,0.005023899765528162,0.012872939793688077
342.26,0.23803203574782822,0.9910597931492077,1.0189388923289848,-0.004322133375230305,-0.11193618284883464,0.03160544983991791,0.9932032549648312,-0.0789710886931042,0.004357020194427723,0.017048401200575512
342.28,0.23632891755741076,0.9910650540185575,1.0189041485033081,-0.0043156156942540476,-0.11111129348364043,0.03176911468536511,0.9932906821639272,-0.08807589212157246,0.0073891507770296435,0.01587608987060768
342.3,0.2344615720307644,0.991160047450026,1.018665483727811,-0.0017232727737713331,-0.10545338615744594,0.031665738838581876,0.9939184547349358,-0.09069464066604149,0.010583455788116742,0.005693907084778285
342.32,0.2329766405726513,0.9911589117136618,1.0183415344896787,-0.0019247992740225289,-0.10912140936242284,0.031790844407433745,0.9935180699808009,-0.07186513779205471,0.002142942441088874,-0.0006816570439849483
342.34,0.2314744255309214,0.9910765249846817,1.0180686258496503,-0.004008162446463025,-0.11177596857925856,0.03170280760074551,0.9932195122288937,-0.07971786215415058,0.0018102971312301563,0.004880795458180277
342.36,0.2298101630150844,0.9910846108547403,1.017912602168221,-0.0035446098489546043,-0.1108519524537869,0.03160792724710238,0.9933278508696632,-0.08230394487286019,0.006414745867046772,0.012758441572076173
342.38,0.22795038083300848,0.9911920980334269,1.0176597056587693,-0.0002883474400053184,-0.1046782795505069,0.0317014760042656,0.9940006997307651,-0.09465525085898373,0.01179539957947716,0.004785968585160591
342.4,0.22623610679985712,0.9912633387343552,1.0171254194994794,0.0020998512811999845,-0.10098120858317397,0.03195102732121215,0.9943729270202389,-0.08756987405839113,0.008259269961612341,-0.013901077722459599
342.42,0.22486439633068764,0.9912048302329202,1.0163609914696945,0.0012118309862878662,-0.10436583499205138,0.031963986915253484,0.9940244501482618,-0.07068175995438726,-0.0009222784756676095,-0.024979698770710913
342.44,0.2235885747861413,0.9910656261941092,1.0156844580963016,-0.0015059249847079396,-0.10946838222113657,0.031842109823523986,0.993478980917973,-0.07152284675745472,-0.001832250520238221,-0.01650270279720966
342.46,0.22211073986392116,0.9910163081974941,1.01519167260956,-0.0016347519238267768,-0.11004482254384393,0.031626074980305625,0.9934219929107577,-0.07849893438751483,0.0032131104471121315,-0.005010680704601324
342.48,0.22065185696273387,0.9909359162134503,1.014942868381881,-0.002914286674377597,-0.11275401188551874,0.031474702152821304,0.993120024398507,-0.07232604554394816,-0.0003860414524939115,0.006857029640554846
342.5,0.2190935543770595,0.990868691875257,1.0148416767324648,-0.0040128667353607214,-0.11424530535671662,0.03137748426324249,0.9929488207283519,-0.07970290934924622,0.002764621902524058,0.014279370703870035
342.52,0.21731449630428049,0.9908825369286247,1.0147717075185099,-0.003089274191000833,-0.11103867618185068,0.031504865216338405,0.9933117900460334,-0.09239754424762509,0.008343159799603856,0.015664422474266724
342.54,0.21537174371508294,0.9910100598935706,1.0144213880833048,0.000952485420639034,-0.1030036834192118,0.0316447272754731,0.9941770190510638,-0.09502233876271048,0.012525689253238442,-0.0017769323476155472
342.56,0.21366099210338702,0.9911135660511203,1.013593540577984,0.00444450043718087,-0.09861647468693756,0.03203859449876009,0.9945997012862655,-0.08976777308822903,0.00910986144425232,-0.030784648755306298
342.58,0.2123352413065797,0.9910529863000237,1.0123942305619191,0.0038210588949857366,-0.10140202393288773,0.03212636791371795,0.9943193277493441,-0.07281063316811816,-0.0014612997946973107,-0.048657337643539036
342.6,0.21118534966723512,0.9908870628198688,1.011249903711849,0.0008119535383938448,-0.10728625783943131,0.03209868286497483,0.9937095522176469,-0.06924008800752073,-0.004125343989641916,-0.040863398477981094
342.62,0.20971446935462923,0.9908474355073787,1.0101305168623385,0.0016726304791150283,-0.10438138358682558,0.03198722188926967,0.9940214015319725,-0.08632125544928393,0.00485462712278987,-0.03880579518013498
342.64,0.20832164905594228,0.9908593604927146,1.0090033071578364,0.0037571183406919853,-0.10372287846710758,0.032151265242454256,0.9940793452675601,-0.0767615324500291,0.004380634526028328,-0.042148208468586676
342.66,0.20706540370714413,0.990765363275647,1.0077952972313085,0.002973393225765666,-0.1061107263112704,0.03239065593587569,0.9938221762983875,-0.07795405925316216,-0.0010005921892503003,-0.04822496050401505
342.68,0.20569825519541013,0.9906797606067552,1.0064636494910824,0.0027413292050950592,-0.1050084949548393,0.03220739577298569,0.9939458661109422,-0.07826886359408439,0.000611532131258876,-0.05049609665393674
342.7,0.20458468572990776,0.9905656140261051,1.0053165865671425,0.0014966134206329548,-0.11130144514204571,0.03226112959428478,0.9932617821978565,-0.06453310145230293,-0.0035667599600689194,-0.04048671447487124
342.72,0.20331712065330215,0.990389324585783,1.0044880496850155,-0.0013625675324114856,-0.11506274259765437,0.032081250572254416,0.9928391118591903,-0.07522712257926194,-0.0034781651630160213,-0.021250983596927484
342.74,0.20172998061777953,0.9903284179262202,1.0039160282739434,-0.001197296902275737,-0.11276789924495433,0.032202302588995875,0.9930986754033934,-0.08867160422021045,0.005139168247980777,-0.00795291479666039
342.76,0.1997920927576475,0.9904736895336422,1.0030464622152553,0.004575853238515839,-0.1013346630849392,0.03243724489811929,0.994312914915632,-0.1014966394749685,0.01457797436974169,-0.029316228909042442
342.78,0.19845463249284895,0.9905127588966075,1.0016551181937563,0.007020961102818866,-0.10384668951483496,0.033019794777954685,0.9940202534832094,-0.07238513951370168,0.001515298363420776,-0.061476163820120465
342.8,0.19734067986185752,0.9902597238580918,1.0001050723805474,0.0019875420329099427,-0.10984673041690507,0.03308257502120673,0.9933958368763931,-0.07575233778435274,-0.010208676044486081,-0.06338737211447322
342.82,0.1959854784177008,0.9901087883992106,0.9986177978906626,0.0002631646466103572,-0.1090939363873383,0.03258803676537906,0.9934970878908818,-0.08128370324162333,0.00015925607661944143,-0.054476321239874614
342.84,0.19479108545119173,0.9900532472680424,0.9975024099268174,0.0005573266889011493,-0.11423111650517052,0.032694554504322695,0.9929159116031467,-0.06785192850577562,0.00013446209717392325,-0.036021497320862864
342.86,0.1934569588695161,0.9898893867187966,0.9967676517158238,-0.0022411021514087246,-0.11767723001768023,0.03257943698813947,0.9925147995279712,-0.07773602582952996,-0.003358603170467269,-0.01558395427149301
342.88,0.19189887286773422,0.9897867526387472,0.9963863529151665,-0.003552245847526179,-0.11811434170189415,0.032244393843060916,0.992469990931444,-0.07934745949747884,0.0011845246884315233,0.004871085199619285
342.9,0.19032570319760034,0.9897223279508784,0.9963886938748977,-0.004463950813547515,-0.1212518708283242,0.032230052179903046,0.9920883431934105,-0.07650372589174412,0.0014654790817177899,0.023258469617650122
342.92,0.18850294025373648,0.9896687186773048,0.9966073713927416,-0.0053982154197441505,-0.12017500112324822,0.03224378814693053,0.9922142744897622,-0.09125534131049551,0.004409038169916452,0.034064727836004324
342.94,0.18629670543778953,0.9897517319523074,0.9967156991263,-0.002698760145242015,-0.10976167509243713,0.03262915872372948,0.9934185569917457,-0.11112391448807697,0.013702828459459854,0.027476151770047856
342.96,0.18400042123394064,0.9900371430054873,0.996155073526935,0.005657394481712956,-0.09463816040626012,0.03306811228498272,0.9949462862046901,-0.11060967184734419,0.02307680544108425,-0.019170696291522824
342.98,0.18261715033682813,0.9901557185261609,0.9946725551567263,0.009211257821700805,-0.09894721600506433,0.033966546649506386,0.9944701478088199,-0.07417032971048725,0.003043019275738617,-0.06985806940443984
343.0,0.18151663931314235,0.9898567635411443,0.9929100072297564,0.002430762555876063,-0.10580792511288474,0.03400859979813052,0.9938018864524628,-0.0749583223293922,-0.01306769259351567,-0.07399391421086028
343.02,0.1802677691344693,0.9896999647350969,0.9912926125556578,0.00034928528012883475,-0.10737250381920689,0.033562683130301196,0.9936521371810572,-0.0772297447814833,0.00057041399741306,-0.06139704474116479
343.04,0.17908066306010373,0.9896696518578143,0.9901012180363753,0.0013116947686068266,-0.11183105187260385,0.03367944738585351,0.9931554712720887,-0.0696396166092629,0.0016143660578174107,-0.03960306781936564
343.06,0.17775514335422496,0.9895034703332948,0.9892897403484884,-0.001489072437726457,-0.11447136521538602,0.033680564791418635,0.9928543240397012,-0.07884175992041537,-0.003469684204010025,-0.02133525609919442
343.08,0.17617458031557842,0.9894418784024859,0.9886290305411296,-0.0014180561631455283,-0.11222022162184074,0.033396758108362616,0.9931209732573946,-0.08244506074596095,0.004398613950225857,-0.011769512667169125
343.1,0.17475732189561602,0.9894117485339841,0.9882222940568431,-0.0010811362656000718,-0.11624978354189835,0.033562601274370794,0.9926521902290523,-0.07187940306096444,0.0016323724820533237,-0.0005784845894241205
343.12,0.17322939677558957,0.9892576769830227,0.9881083552253767,-0.004194677380062651,-0.11927869285323885,0.0334663733817963,0.9922877606650049,-0.07858200721879127,-0.002648527926267374,0.01684975857604879
343.14,0.1712536818676586,0.9892602263065675,0.988025151597477,-0.00295040972143552,-0.11196659296235095,0.03340186180142712,0.9931460581259322,-0.10184176576016143,0.010085148618561707,0.01799117501862915
343.16,0.16938138173944037,0.9893952750681063,0.9877603218271401,0.001483629578095027,-0.10744958340509003,0.03370305603079961,0.9936380074672729,-0.08771833118394372,0.012004202402539181,0.002649987133938595
343.18,0.16791281143890893,0.9893202416013364,0.9873379073960331,0.00010498954354335652,-0.11213206073422054,0.03389190310319495,0.9931151639345441,-0.07508558533736376,-0.00241535721368805,-0.004827781710021203
343.2,0.16637060489696187,0.989161033432426,0.9870662008871285,-0.0030536866100365104,-0.11461434672064875,0.03361243488914522,0.9928365579211462,-0.0798548497019647,-0.0008012109383168398,0.008092323844746886
343.22,0.16463825969059115,0.9891645063119445,0.9870035135563684,-0.0018148365590329458,-0.11327513175827816,0.03350766997517122,0.9929968212165856,-0.08564253580555166,0.006958631667868667,0.01898692757532058
343.24,0.1629150133282438,0.9891264847675952,0.9870881323481209,-0.001969913139858571,-0.11318602087147285,0.03344994199313041,0.9930086331458353,-0.08208434464894662,0.0023297032514137716,0.024637466136063234
343.26,0.16127089638688324,0.9890078505393047,0.9873420772419603,-0.004475670110394917,-0.1161171670218588,0.03335267716667571,0.9926652864010589,-0.07669009763779042,-0.0007233326252663388,0.03360257880471741
343.28,0.15936260432183083,0.9890034957533559,0.9875913991413664,-0.0038903684817269187,-0.11259643858555052,0.03321201631537872,0.9930779773125541,-0.0928736084813964,0.00739042992988352,0.0339749115640151
343.3,0.15752431539817668,0.9890230658156731,0.9878625651296937,-0.0030463380627463277,-0.11137792404441238,0.03318260175573215,0.9932193075049865,-0.08304417883272598,0.005793641161304547,0.033244368487748366
343.32,0.15586752208356786,0.9889431170726651,0.9882303927578512,-0.005169061360875833,-0.11506643584970182,0.03317514734771314,0.9927902123530185,-0.0768065419073656,0.0002978925091137051,0.03831625626829273
343.34,0.15402149093288273,0.9889183245275256,0.9886849288042334,-0.005793261534323432,-0.11425934583865799,0.033052986050528185,0.9928840517011341,-0.0862947134425746,0.005727202338534533,0.04508483745761854
343.36,0.15192879159953218,0.9890375889820715,0.9890634901802925,-0.002555650158565481,-0.10704875428416391,0.033091556139512444,0.9936996436402407,-0.09868245741412791,0.013635468015091698,0.039072427956404004
343.38,0.15004269667795064,0.9891349324798159,0.9891909670717719,-7.39950471473546e-06,-0.10395591662425828,0.03337772563766692,0.9940216772160022,-0.08762930164849954,0.00956010150701329,0.020939469431076135
343.4,0.14849959500553211,0.989061696472593,0.9891442567148646,-0.0018736833540195289,-0.1079179515678634,0.03335701243324329,0.9935982662835184,-0.07282685065482072,-0.0010080520864170026,0.013614027522148731
343.42,0.14696776778352333,0.9889615255156646,0.9892309799711247,-0.004138867428809612,-0.11165956368095728,0.03319531785627575,0.9931833075960378,-0.07552232692926969,0.0014848739721694103,0.024114016883650433
343.44,0.14529319465922347,0.9889433369678176,0.989536038385148,-0.004264833376759252,-0.11274032482786295,0.033001938585220325,0.9930671187807971,-0.07797235868638412,0.004270465058477835,0.036735826040199634
343.46,0.14358744364651135,0.9888928977689576,0.9900528107939713,-0.005597950285868553,-0.11453679785916827,0.03296952358092314,0.9928559791851042,-0.0782965191025677,0.002540498596950254,0.046313955566847
343.48,0.14172612843117874,0.9888829346250297,0.9906430597866837,-0.005993139724412023,-0.11336227310295993,0.03269678811569295,0.9929974810441823,-0.08343488387043843,0.005003418405148405,0.05160045566527329
343.5,0.1399471418407745,0.9888645340088495,0.9914078079744845,-0.007111757019149092,-0.11572984529168205,0.03262325296763651,0.9927193708126549,-0.07660638050078546,0.0037071542832641186,0.05941478472197094
343.52,0.138067941642503,0.9888711102105717,0.9922943917358703,-0.007855726181594792,-0.11658874552173636,0.03258157140415202,0.9926146247102466,-0.08319895546910144,0.0060514771179885725,0.06640930695397093
343.54,0.1360459650626614,0.9889176862245123,0.9932378085128455,-0.0077700842487505905,-0.11470267393093135,0.03238269500201326,0.9928415198047815,-0.08699165600426832,0.007485486817034199,0.070164208007824
343.56,0.13409823001178223,0.9889505063453928,0.9942684067683457,-0.008450757213622742,-0.1155525853349763,0.032325366953784164,0.9927392685777181,-0.08177470431736564,0.006394464547904382,0.07309510063850656
343.58,0.1321057131491595,0.989009825639688,0.9953287049214242,-0.00861747296679942,-0.11558008719175694,0.03230625672748332,0.992735255937186,-0.08580213531955191,0.00847526603689643,0.07484143074282741
343.6,0.13001897697270992,0.9891016644620282,0.9963604616241952,-0.008019654251014892,-0.11325005934358155,0.03232517475431116,0.9930081531797574,-0.09108200104733326,0.010569022132149997,0.07331693333016462
343.62,0.12791317727249288,0.9892104092682487,0.9973251912147,-0.0069618618535565654,-0.1100068339792755,0.03216591239730438,0.9933858178155338,-0.0889942150640064,0.01010038539866842,0.06969887171353731
343.64,0.12603371382986547,0.9892510121152673,0.998318373829702,-0.007875404828562518,-0.11220769002904717,0.03225742751813912,0.9931298357551461,-0.07908647214541609,0.006251892468535554,0.06938667765707801
343.66,0.12396237420969744,0.9893593032895198,0.9991977836844409,-0.0066416473594626425,-0.10840275086819744,0.032203428713819864,0.9935631189328809,-0.0937324299273862,0.012026052654785763,0.06459638981438802
343.68,0.12199715826747667,0.9894598172938496,1.0000200264935883,-0.005605944467449393,-0.10671458894476864,0.03215005545551924,0.9937539654397279,-0.08307702109381665,0.009292613342966506,0.0598191790849232
343.7,0.12026098370615237,0.9894731921728138,1.0008523905329056,-0.006900338493021638,-0.11024544995985451,0.03219911769822184,0.9933587181432935,-0.07510692125253966,0.004602762102044633,0.059922955011161474
343.72,0.11834447761744117,0.9895336178378118,1.0016524215294667,-0.006610958653228548,-0.1085280781103666,0.03207051884043009,0.9935539408148211,-0.08696435614578359,0.009333016977744309,0.059999635777819284
343.74,0.11650072096059114,0.9895924835833901,1.0025090732379844,-0.006480408945995505,-0.10894515656384994,0.03194832325813996,0.9935130909062871,-0.07717170429332124,0.006768837153298494,0.06227144532467662
343.76,0.11465183696096776,0.9896480296792067,1.0033493310255819,-0.006445536555516954,-0.10902834148324081,0.032331027568859055,0.9934918119784717,-0.08683160564763712,0.009831217786624024,0.05911944274953074
343.78,0.11251832643495659,0.9898326021868743,1.0038252021165917,-0.0024516030018516,-0.10028981019382835,0.03224822817333228,0.9944324991640648,-0.09685436291621727,0.016138145650937238,0.040172408860955654
343.8,0.11089771688086322,0.9899248169030145,1.0039892854343346,-0.0009989715976098212,-0.10314744742804667,0.032537721269817195,0.9941332419949517,-0.07116451118323511,0.006194258245467417,0.020360341069422576
343.82,0.10941687668621793,0.9898278781622548,1.004072793651668,-0.004074647319645764,-0.10777024340094145,0.03251521164599973,0.993635613742854,-0.07463543703528533,-0.00021158037226382567,0.020538188300193938
343.84,0.10768216535465373,0.9898559720156023,1.0041773303269728,-0.003240279340391536,-0.10544385539468414,0.032346796585873396,0.9938937461821225,-0.08529090499746247,0.009103317283328102,0.024162477461747933
343.86,0.10607462028069232,0.9898964502466617,1.0043403062438057,-0.0022477535733010125,-0.10679254884604926,0.03236143615100666,0.9937519995275894,-0.07264771901402495,0.005026360179137424,0.02501847496930292
343.88,0.10458769245622085,0.9898009008313773,1.00462106846803,-0.004929167125352026,-0.11163819603335796,0.032290100344916584,0.993211944107391,-0.07084052059770167,-0.0007006152525236683,0.03214141634057972
343.9,0.10283361245403594,0.989797863053625,1.0049759359829606,-0.00494531695044793,-0.11033361805802294,0.03211599193084961,0.9933632767667544,-0.08483328730132833,0.007099495950251023,0.037755684406255215
343.92,0.10099437863614376,0.9898593756751489,1.0053615527788973,-0.0034418977003184375,-0.10766081533032462,0.032222209978552956,0.9936594141690241,-0.08707906569425047,0.009555505801452011,0.03765827931590855
343.94,0.09908288307269127,0.9899524306208263,1.0055387743511086,-0.000959059609923778,-0.10235332120971789,0.032370296868337645,0.9942208214087355,-0.09117370528324173,0.010390675560823357,0.024845001377106272
343.96,0.09733931426915002,0.990014589447109,1.0053933222669713,0.0009353756154954119,-0.09959813853381538,0.03242469656570675,0.9944988561711264,-0.08208966446260121,0.007252819232210259,0.005646182011130934
343.98,0.09590888878115336,0.9899566430099596,1.0050390558391504,-0.0001817626119905412,-0.10302024537411374,0.03250612735033672,0.9941479506039803,-0.07351049710940187,0.0006147881381923191,-0.00464408759666062
344.0,0.09446670139489764,0.9898613979371526,1.0046782691694431,-0.0019314334253874,-0.10506621595638266,0.03247816664241214,0.9939328591615622,-0.07499001927165352,0.0006248864313249912,-0.0015470660197251821
344.02,0.09275866214103817,0.9898945211510579,1.004185425365098,8.532364839329939e-05,-0.0993950551220064,0.03244399175531906,0.9945189807822419,-0.09048913828464486,0.008805237535055615,-0.008932536588553478
344.04,0.09130222114994381,0.9899066476791307,1.0035492163174584,0.0013096839017273094,-0.09959561682567851,0.03255864725397982,0.9944943098510826,-0.07192732884451795,0.0031911742479903875,-0.019307302711623633
344.06,0.09007678491406756,0.9897433188607375,1.0029642556994136,-0.0021941669348812527,-0.10511123786816294,0.03250547453154276,0.993926660992029,-0.06731008099450242,-0.005194267338909601,-0.01340841537724182
344.08,0.08862527043749602,0.9896463047912105,1.0025934168721213,-0.0037248881588483065,-0.10534754412318496,0.032208894939971804,0.9939067397106046,-0.0767969934603254,0.002235941561394015,0.0006978879653340511
344.1,0.08712563000202085,0.9896091350458899,1.0025006074909009,-0.004110212468875607,-0.10600385347303976,0.03206850379368249,0.9938399771928887,-0.07284276175399287,0.002199717171772487,0.014468909175079028
344.12,0.08552944501780327,0.9895576868421564,1.002555676837964,-0.005211953427619667,-0.10521017003332826,0.03196357848833764,0.9939225248042457,-0.07961598854359488,0.0027955699313763852,0.020814163671682616
344.14,0.08388980883542456,0.9895181647192145,1.0027325846371116,-0.006356810599729032,-0.10422691548534896,0.03174721352576101,0.9940263857065158,-0.07710084640296373,0.0030421873071082525,0.027237042437133048
344.16,0.08222880742533085,0.9895256637575585,1.0029847930244224,-0.006646757749172172,-0.10317927570663962,0.03171158508344152,0.9941349169240424,-0.08006371992833347,0.006225001279946944,0.0299171255612601
344.18,0.08052516802326774,0.9895349389936403,1.0032783181691531,-0.007234101521485539,-0.10116286981198905,0.03156729415441885,0.9943426207733167,-0.07961953372775747,0.004804401448541349,0.03225874948604863
344.2,0.07878611380677884,0.9895693083547368,1.0035718260040332,-0.007378892942832577,-0.09791882094019713,0.03145410328465991,0.9946698426267773,-0.08273088160180317,0.007459277158335292,0.031489141045565626
344.22,0.07713204204282263,0.9896039255623995,1.0039086298408355,-0.007856721016205498,-0.09650320120203029,0.031339842995155485,0.9948081314171456,-0.07571394738092514,0.005917985746948776,0.032851637174407713
344.24,0.07552347774275538,0.9896372355563328,1.0042894305228782,-0.008621649297324443,-0.09568723851918329,0.03129913214845239,0.9948818944350734,-0.07574797221356938,0.006557447290760535,0.0345678660993961
344.26,0.0737220009016514,0.9897706540578358,1.0045895955887487,-0.0067057028374105715,-0.08887956048391629,0.03160560789793575,0.9955182282746229,-0.09154022756466926,0.015195753154725674,0.028759268815328365
344.28,0.07182043078713703,0.9900355405569808,1.0044755865940997,-0.0009817772880770584,-0.07727190836969912,0.03165329545130615,0.9965069779872762,-0.08883764821701666,0.018428870334789925,0.002082809381326989
344.3,0.07046298228235734,0.9901450601161911,1.0038224563920828,0.0007174661405966691,-0.0764186214583402,0.03200430605048644,0.9965617913260425,-0.06789986853137617,0.0067549099864389565,-0.028563789047476938
344.32,0.06935492506910063,0.9900478352437636,1.0029861653276957,-0.0024340898722429796,-0.07870980472025772,0.03193370950836979,0.9963829986729138,-0.06024633531461432,-0.001953929232841013,-0.03208914879512267
344.34,0.06817932818897847,0.9900438181989912,1.0022298977377597,-0.0025085226775267023,-0.07761574623649899,0.03182061158396221,0.9964722534664728,-0.06504314932091274,0.005763818593406198,-0.026660732266507205
344.36,0.06705530385875175,0.9900459790641116,1.0016144302553496,-0.0024763917608821694,-0.07740162990997954,0.03166901919109833,0.9964938175395767,-0.05731140306537007,0.002198030998386506,-0.020085480527491668
344.38,0.06606045788885412,0.989948278444314,1.0011946810339516,-0.005288596661450507,-0.08054427504474085,0.0315823937455399,0.9962365195615804,-0.05262275280572998,-0.0016307329389146352,-0.010058721141205828
344.4,0.06484316746945461,0.9899685815900252,1.0009029105426535,-0.004956796939149873,-0.0781675490010431,0.03175291057520854,0.9964221079027082,-0.06813241762564683,0.00861972950467811,-0.004679215040966913
344.42,0.06341680539761457,0.9901294854921784,1.0004245838197927,-0.0008755647423731509,-0.06998402697202447,0.03167346218892124,0.9970447638637534,-0.0706229767436603,0.012012348977786871,-0.017187384303562467
344.44,0.06242451099138687,0.9901230076957597,0.9997052829181675,-0.0015468375427916872,-0.07197886820115304,0.03177532144274943,0.9968986802946963,-0.04930425380401361,-0.0004502571410971777,-0.030890526917666167
344.46,0.06151960766039361,0.9900025232338827,0.9990331900061415,-0.005024289909680272,-0.07512805028722215,0.03173436507189403,0.9966561406244522,-0.0522611864281892,-0.0016001573708100043,-0.02409132798140376
344.48,0.06042068299847247,0.9900202402570701,0.998543085759337,-0.0047286011120235795,-0.07338080394035912,0.03150821345510784,0.9967949289745898,-0.0583650237966318,0.0058872092213179935,-0.013378493605144606
344.5,0.0593964178318706,0.9900075516435884,0.9982757682948477,-0.005715990114200556,-0.0742587715682668,0.031429616658403305,0.9967272151892373,-0.05045220198784326,0.0012068656652417403,-0.003243008769865237
344.52,0.058284960366783496,0.9900065746220065,0.9981188108471253,-0.006547870312911847,-0.07310337826289556,0.03136719543618231,0.9968094705265322,-0.058346005275174584,0.004790164580456964,0.001612412601362273
344.54,0.05714292763175184,0.9900371211005301,0.9980854552139407,-0.006843365969511593,-0.07158480895237743,0.031186650684865497,0.9969233552728711,-0.0550546867641585,0.004710873487349651,0.008205733130014568
344.56,0.05608652298917026,0.9900446718085683,0.9981904938854698,-0.008159855707808802,-0.07259099565749157,0.031193724023341293,0.9968404665170035,-0.05120619945388265,0.0034718621601513263,0.014392538111031755
344.58,0.05486026708080478,0.990129126994521,0.9983332954037989,-0.007529212106667545,-0.06911212386028558,0.03109562242310876,0.9970957263807186,-0.06134530637596349,0.00883837638308981,0.016303067080883214
344.6,0.05371723089944962,0.9901869987009755,0.9985540607784947,-0.00795919004500604,-0.06786099768672794,0.030941676507546506,0.9971831070278375,-0.0517132590402626,0.0049150448288771825,0.019572000921084735
344.62,0.052595375008630034,0.9902627024323052,0.9988043030796361,-0.008046506271706057,-0.06671947579119043,0.031062871571444203,0.9972556659637006,-0.056772744196730396,0.008858526065254127,0.019559329181193585
344.64,0.051425982195968355,0.9903572855350214,0.999073034064792,-0.007713626835426298,-0.0639224146765687,0.03083736453617537,0.9974484857933384,-0.05358959893939731,0.0067474498327676855,0.021711660096781576
344.66,0.050374018181542496,0.9904240027079315,0.9993902922517355,-0.008284921320443329,-0.06372115568873829,0.03088416267518509,0.9974553337830513,-0.05019477678187336,0.007031189767691283,0.022452084757261785
344.68,0.04930198548584125,0.9905222393382896,0.9997075664407122,-0.008045737843921475,-0.062436663480748826,0.03082143526229614,0.9975404594723517,-0.0505880490207218,0.007585357682420986,0.02265185241180766
344.7,0.04819350867359238,0.9906253659487514,0.9999997944378605,-0.007668622233623825,-0.05959383780534754,0.03073732834960044,0.9977198922416034,-0.05307879076384098,0.008199330925629552,0.0210749430835115
344.72,0.04700073605737584,0.99077844586266,1.0002249751840224,-0.005832284229893842,-0.05364634281246308,0.031248028637908074,0.9980539139093408,-0.06300691116486999,0.014056759384835818,0.015585472483431537
344.74,0.04540853489830771,0.990990613317075,1.0002601958921866,-0.0017582065962750812,-0.0351979669902995,0.0312311625456713,0.9988906978820858,-0.07960708247787437,0.014058121743722184,0.006951745620381131
344.76,0.04417483649091945,0.9910758162297958,1.0001860120658064,-0.0007336515841608139,-0.023192539537918368,0.03128907484860532,0.9992409927841499,-0.05337957216121807,0.006570548591530908,-0.002377912638804938
344.78,0.04337560673416178,0.9911144923314297,1.0000959095088937,-0.0005471457045401205,-0.01852602341190478,0.03157687910970881,0.9993294690910552,-0.03837658175188927,0.004097051500474647,-0.002074195474830045
344.8,0.042598967314305604,0.9911481021662631,1.0000895086039103,4.1094983166381766e-05,-0.010655028326423245,0.0315060745805487,0.9994467649390288,-0.03781004557770431,0.003921894626390729,0.001815803995825261
344.82,0.0420600418048704,0.9911559771193814,1.0001857957398979,0.00010445322401016786,-0.0060019612696839,0.031456213028706055,0.9994871045753086,-0.022599369598113973,0.0016266844308840847,0.006217161178399605
344.84,0.0417357135800778,0.9911568322543594,1.0003603778618269,6.574190080155353e-05,-0.0042696839078586665,0.03155785247881844,0.9994928050887883,-0.01522774520838698,0.001044919673146878,0.009790812867133314
344.86,0.041445734452883756,0.9911600461392853,1.0005858270446535,0.00021949455216847423,-0.0013219444356503869,0.03150538832813744,0.9995026837339377,-0.013717989891164045,0.0009192296478467817,0.011753173115698125
344.88,0.04127425791478142,0.9911546865169827,1.0008358006759934,0.00014098330063689788,5.121062879901567e-05,0.0314816068788509,0.999504320115479,-0.006703917134928237,0.00011101766333652629,0.012612878078250112
344.9,0.04119507657305044,0.9911502955857165,1.001089517998639,7.308305554208351e-05,0.00022449889320855479,0.031524270260276425,0.9995029587968567,-0.0036414114356882873,7.718216059566305e-05,0.012699658571073039
344.92,0.041126045622493584,0.9911490796570973,1.0013348444351478,0.0001062109247582879,0.0009824632861562446,0.03150034542957809,0.9995032524824259,-0.003238603756069895,0.00012354632619621366,0.012064224728886016
344.94,0.04110079240982439,0.991145374243615,1.001560995888408,4.618981355457998e-05,0.0011324991158865962,0.031490528136919126,0.9995034076729862,-0.0005964732198832024,-0.00016238724358947588,0.010995735333260839
344.96,0.041105974856579366,0.9911430451727749,1.0017622312305985,1.6602802322690934e-06,0.0008656903834671017,0.031509200658331314,0.9995030869643557,0.00025713224389102834,-9.210316695121632e-05,0.00975901410395173
344.98,0.04117656776898232,0.9913087306584112,1.0018668370021082,0.004548973835349694,-0.0011689496558063026,0.030697216913792767,0.9995176943243652,0.007358837928947408,0.014807110842280818,0.0018554641603434005
345.0,0.04155188293357865,0.9922354401028656,1.001641593463757,0.03018128592470624,-0.012423330973885966,0.02934840905101284,0.9990362464463534,0.024119235302795475,0.05129174629024402,-0.017444650547787828
345.02,0.04189932146379278,0.9928234943400522,1.0009246720065594,0.048899309214328196,-0.02350362107323322,0.028193747591599774,0.9981290247014905,0.012599980567503638,0.014699838455617167,-0.043683494641346986
345.04,0.04190519075904058,0.9929969581675185,1.0000753607597779,0.06161332854177669,-0.02722083167880514,0.02739321661413278,0.9973527138140491,-0.0042324212979664814,0.0037020374360653254,-0.041280143085095415
345.06,0.0418418824430784,0.9929940352954068,0.9993089523470234,0.07489074443326948,-0.03143738424159074,0.026654915341112924,0.9963395920861698,-0.005526602154697579,-0.008679964275988005,-0.03578199300231343
345.08,0.041727378679084035,0.9927203552602322,0.9987468442541567,0.08650555714650168,-0.03632466049042075,0.0260636527463097,0.9952477046587692,-0.01030415406358946,-0.021010048167005257,-0.021226753860859978
345.1,0.04145239190318926,0.9921824644309963,0.9984969846558772,0.09712977415771282,-0.039067605630779094,0.025705345008343004,0.9941724017494912,-0.017219529698911724,-0.03002360774905787,-0.0010731038162483167
345.12,0.04107605077138137,0.9912852330908406,0.9985111033621118,0.10396242012079866,-0.04104855941306938,0.02547346408882888,0.9934072345217008,-0.021423692033856252,-0.046979080017196584,0.015034218080390372
345.14,0.04063599441265635,0.9901391827762361,0.9987975699285276,0.1097190769747352,-0.04312125281693094,0.02536214254353736,0.9927028978646691,-0.02372637679453559,-0.0524679568661344,0.03215628124709565
345.16,0.04007924082993354,0.9887435642341346,0.9992776151192987,0.11354025530439243,-0.043526183188673774,0.02531768760904081,0.9922565678777694,-0.03003535905080465,-0.0648650646134075,0.04360286107909205
345.18,0.03946611917528062,0.9871229637079315,0.9998920995563962,0.11525457720065947,-0.04357084179128002,0.025381419402891944,0.9920553148534565,-0.03077981657532387,-0.07072691895615293,0.05315098141916624
345.2,0.03883363361079157,0.9854083755946321,1.0006367149121072,0.11754522208633793,-0.043941327743024505,0.0254559638347635,0.9917682563916315,-0.03209521309012442,-0.07409692875851656,0.06029292912562181
345.22,0.03813803474438809,0.9835308921049363,1.0014338821282325,0.11774153258039982,-0.043092569517061974,0.02555940747816998,0.9917795514364071,-0.03543920735964588,-0.08163610695050269,0.06432513349871934
345.24,0.037428183964645055,0.9815636571668167,1.0022523576266016,0.11708452985964576,-0.042095886132334344,0.025668052033397074,0.9918973234882177,-0.035471736350946866,-0.08417246448944496,0.06577391180136768
345.26,0.03671800220352529,0.9795613150066352,1.003052624854376,0.11621885254661303,-0.041007679601476596,0.02573341484696085,0.9920430131233048,-0.03627168743338984,-0.08679422936889046,0.0644063479179722
345.28,0.035991210151321174,0.9775041582383079,1.0037861300840707,0.11395233024048035,-0.03909682497450285,0.025641583048209453,0.9923854160196326,-0.03851676122736583,-0.09199983531446812,0.06050660763796364
345.3,0.03523487391282119,0.9753727149601302,1.0043703719493735,0.10892239932992763,-0.035687950482873904,0.025661244438033217,0.993077933320661,-0.038716119687778786,-0.092393955161049,0.05315912278247829
345.32,0.03461765434236449,0.9735489145750217,1.0049575427550501,0.11110207524956887,-0.0354443410554788,0.025713126696808343,0.9928438259252338,-0.030775876661101237,-0.07852147420984074,0.05029648685000131
345.34,0.03404512503160283,0.9717019746114859,1.0055636867070035,0.1118765517590409,-0.03562707860945668,0.025785268868222574,0.9927484416233832,-0.030621446845570298,-0.08326778578077373,0.05260410654738916
345.36,0.033438523243869034,0.96977965502784,1.006191821176195,0.1105623612141142,-0.034404999588179816,0.025856844103513688,0.9929368982463607,-0.03208171864170804,-0.08449762881825526,0.05430637200622064
345.38,0.032878048038996854,0.9679609097497716,1.0068880749610365,0.1121076168420816,-0.03421397379103006,0.02593737067048095,0.9927681194750957,-0.028415524330781355,-0.07797297228468343,0.056342628332360124
345.4,0.03232796424709849,0.9660886741248155,1.0075899069850045,0.11221966399762631,-0.03393899298189686,0.02597349911854859,0.9927639543774609,-0.02948901414631077,-0.08359228609521903,0.056827711306129035
345.42,0.031746873149553795,0.9641366672990423,1.0082587621536139,0.11026070331724439,-0.03248729605399442,0.025918065395273287,0.9930334368918566,-0.03184522711126901,-0.08782618454033464,0.05507712306563933
345.44,0.03108337644863482,0.9619885525917433,1.0087357909252592,0.10219849138644443,-0.028053752713779627,0.025526867057108066,0.9940406603229355,-0.03882235210544206,-0.10335686435492433,0.04438561407083787
345.46,0.030371032930100295,0.9599197079705823,1.0087286991022102,0.09371302835035862,-0.021140397182402838,0.024832458279889613,0.9950649732254435,-0.03801628453781218,-0.0916721244971121,0.011769717107250555
345.48,0.029908844514072976,0.9584016788559757,1.0081336391030729,0.09555953830720808,-0.019576073887668126,0.02455190201895181,0.994928317054505,-0.02332688308383902,-0.07584642706472072,-0.020290324746218148
345.5,0.02969675554707292,0.957104144753691,1.007368582670576,0.0999320573712385,-0.02310644825270887,0.024324568111090506,0.9944284747255105,-0.0150060383335389,-0.07018914086014742,-0.024206602862137935
345.52,0.029401231836203506,0.955798702184704,1.006712157094376,0.10320002531966477,-0.023514847439748826,0.024095251855198146,0.9940906525875497,-0.0207712936607783,-0.07084501976275348,-0.016550322927650997
345.54,0.02909077859282542,0.9543995153482622,1.0061474591141093,0.10418453119978972,-0.023334860962547457,0.023927292847933993,0.9939962537049664,-0.018577518326099697,-0.07203150593130607,-0.010503170287342848
345.56,0.028859859451972978,0.9530774120027351,1.0057689063540147,0.1082053416746836,-0.025423330156115708,0.023750173264814024,0.9935195959752023,-0.014454973270761038,-0.06613419290807696,-0.0012231623293576573
345.58,0.02859701143703841,0.9516881596827174,1.005590587692301,0.11197605216728491,-0.02693487793466346,0.023591120639049116,0.9930656247794846,-0.01766148321996657,-0.07120248656504721,0.009955104891627212
345.6,0.02826631510539217,0.9501033609850327,1.00555944843779,0.11245023733432832,-0.0270760250126511,0.023458585723787968,0.9930113432125572,-0.020613889216976808,-0.07909129803435744,0.018685306626313267
345.62,0.027906962063051738,0.9484111388877836,1.0056101764979424,0.1116221372248927,-0.026875218462825454,0.023412132904622542,0.9931113196146638,-0.020583279039517642,-0.07862491127378105,0.023993042574687602
345.64,0.027585388426108068,0.9468487320420104,1.0058680138058982,0.11583230489759734,-0.028232466318910784,0.023359341569224045,0.9925926385729011,-0.018191209074332172,-0.07201251471710138,0.03380457307792544
345.66,0.027208042761537158,0.9450632100971273,1.0062517451866033,0.1155661768488479,-0.028382111823644224,0.023336778580891625,0.9926199218545019,-0.022337414928605324,-0.08475552018468051,0.04196323706527967
345.68,0.026796181495700892,0.9432053500149492,1.0067659140914051,0.11497343105927689,-0.02803531715065507,0.023376248046168342,0.992697679140031,-0.022346442976913954,-0.08157062426985073,0.04900382463087938
345.7,0.0263735871321376,0.9413414014386798,1.0073317991556032,0.11503321395140836,-0.0276208577397726,0.02336897012645047,0.9927025431321096,-0.023536585207382985,-0.0846903083363834,0.04987352269016397
345.72,0.02592713129041091,0.9393590210903625,1.0078384397721731,0.11207348837639873,-0.0264856155408397,0.023381346484036124,0.9930716781829806,-0.025171337544261308,-0.0910489333203878,0.04747024954941697
345.74,0.025505637365749356,0.9374759781409495,1.0083693534540377,0.1117587999260559,-0.02598466590935143,0.02341606612798278,0.9931195575678475,-0.022640639737770578,-0.08229148684653001,0.04788695651355044
345.76,0.025113573758499954,0.9356788122569907,1.008948016465758,0.11356151897917938,-0.026156602438775038,0.023452196711145165,0.9929096676059828,-0.021569317483744056,-0.08057744865041556,0.04998150944557092
345.78,0.024704591221153524,0.9337861022746822,1.009539012079146,0.11286996062231672,-0.025686469686832872,0.023515152330103307,0.992999302555161,-0.02284874773026955,-0.08519664060005243,0.05136381961372285
345.8,0.024281391878982324,0.9318595339936071,1.010115134051879,0.11130807267120928,-0.02467178181195079,0.02356332451197361,0.9932001741232166,-0.02360935997079911,-0.08665750764304009,0.05003023576162842
345.82,0.02389309226679894,0.9300259876361247,1.0107034559919708,0.11211662156022557,-0.024464568365261813,0.023628975175452774,0.9931127929881783,-0.02089513204845534,-0.08017544375892607,0.04989842234261528
345.84,0.02349559681616075,0.9281104422720556,1.0112212610083928,0.11029755090422022,-0.023638104007216318,0.023526654213259314,0.9933389083515277,-0.024107409400519735,-0.09246326564735292,0.04493065726760569
345.86,0.02303750970069439,0.9260985828149761,1.0115293371007876,0.10495163063529707,-0.020690226835112527,0.023501110827697094,0.9939842893780404,-0.026078391590420368,-0.08929251161292026,0.0352961881662263
345.88,0.022686182604432645,0.9244739508895276,1.0118088057292567,0.1088120757427396,-0.020330695501081446,0.023473941480710962,0.9935771580830343,-0.018107243517508365,-0.07323415457607423,0.03126342957974361
345.9,0.02242184774876309,0.9227821464323781,1.0121231841775464,0.11017207744621715,-0.021720274913510213,0.023455006395847303,0.9933983116976981,-0.016452179557697535,-0.08073381113327938,0.03556585696776304
345.92,0.022094210033633155,0.9210217077285209,1.0125226070303641,0.11013839006631959,-0.021186498268449754,0.023488876725324542,0.9934127742257509,-0.019559267776203405,-0.07928541127573083,0.040663958748406406
345.94,0.02175449605138125,0.919235306383079,1.0129221204553467,0.109585327027892,-0.02023553586625424,0.023531237236575926,0.9934927579315873,-0.019371910620233624,-0.08289960372821933,0.0391563412683705
345.96,0.021468569779775463,0.917482216629992,1.0133186298254688,0.10997577836678926,-0.020587799335100427,0.02352742474999195,0.9934424648543014,-0.01659962843397362,-0.07928422596476684,0.0389808784517155
345.98,0.02115105642118051,0.9156497258613138,1.0136103618747914,0.10790090190051935,-0.01978022423501632,0.02331038244521612,0.9936914833933743,-0.02111813860997496,-0.09235015161041696,0.031053139735586426
346.0,0.020732860720875067,0.9136529587650593,1.0134893236601765,0.09986682721930466,-0.015704089028170515,0.02313525379517339,0.9946078415339272,-0.025514852900686093,-0.09301872795581635,0.009986598222054416
346.02,0.02044980696530234,0.9122577279894751,1.0131962088101465,0.10603543266133958,-0.015054328785167808,0.022999005361644103,0.9939823438862109,-0.013910000368606467,-0.06523937980210504,-0.0008353630810461517
346.04,0.020320384557242832,0.9108241141747394,1.0129620347259929,0.1100309730309227,-0.01783121022606033,0.0228821797737042,0.993504725084157,-0.01044109622896183,-0.07671136253011665,0.006681602310245072
346.06,0.02004740571274442,0.9090281952765782,1.012781206966675,0.10481662825382689,-0.016242101493530055,0.02255242815031208,0.9941031418143179,-0.021091013984911828,-0.0953214006301558,0.010012056699952957
346.08,0.019622379943478683,0.9071371333557958,1.012216024323851,0.09601783392169809,-0.01018637791926399,0.02201789857737847,0.9950839288301804,-0.025304686302679874,-0.09027397548680292,-0.016530428927258794
346.1,0.019428478710218213,0.9059273551146843,1.0112667843727154,0.10286334218429528,-0.010141474491952183,0.021748341571635334,0.9944060000667178,-0.008359641275471091,-0.06379250453016863,-0.03754232799659527
346.12,0.019432044991957994,0.9046907007701064,1.0103018289380856,0.10724209340857176,-0.014497186373307344,0.02140083261290495,0.9938968605202851,-0.004745321761056316,-0.07558583963673525,-0.03243599065398907
346.14,0.01924914020757096,0.9030881396168711,1.009324882698734,0.10180559808470165,-0.013325144626501771,0.021034474500238372,0.9944926402954413,-0.01753173051625517,-0.09182716452262357,-0.031202209475131172
346.16,0.018893954662348847,0.901491683561779,1.0080908221812943,0.09577108290383894,-0.007435262569589264,0.02045334308125661,0.9951654522272906,-0.02152425435946874,-0.08261362039894911,-0.05035445844060356
346.18,0.018789631574723423,0.9005129639455873,1.0066837687913348,0.10461886780204582,-0.0083240599950292,0.020073885652974632,0.994274932621661,-0.0034003004951328416,-0.05755677026986097,-0.05928538809229907
346.2,0.018855209912111252,0.8994565645322007,1.0054340320745903,0.11101381896250632,-0.013146054733053735,0.019653264126896147,0.9935375495941127,-0.0015016334700552838,-0.06946163579701027,-0.0454979479986294
346.22,0.01875621336487969,0.8981321443103991,1.0045229605703425,0.11244642188852322,-0.013579279389010214,0.019498890833615785,0.9933736450258797,-0.010445254485456693,-0.0737420894473366,-0.023867768578652224
346.24,0.018653353656597916,0.8968078830035973,1.004062178567028,0.11702944388247316,-0.0146032822937801,0.019315756095488627,0.992833195948477,-0.006735244697256294,-0.06890819789284877,-0.001747359328744092
346.26,0.018580442572331556,0.8952387258791704,1.0038825674249814,0.11784900485061393,-0.016882557584657572,0.019102860825424534,0.9927042218170552,-0.007687020950951388,-0.082249118247478,0.012684844678024379
346.28,0.018402134777024477,0.8935054003961201,1.0039059377717316,0.11690638757202985,-0.016908053408625813,0.018948462612489256,0.9928181958643851,-0.013091219274267577,-0.08377285226164945,0.023808088051274413
346.3,0.01809917803302363,0.8914468882611261,1.0036776287011095,0.10741369731296731,-0.013705793018071493,0.0187624473559085,0.9939428652777386,-0.02011705325293729,-0.10419286570134581,0.007947248896897244
346.32,0.017797548158350558,0.8896981318827343,1.0031635177431881,0.10487566754814219,-0.010542629168524815,0.018487668833178438,0.9942575890721987,-0.017636833658822175,-0.08571062393473348,-0.011118353782335713
346.34,0.017685591810091283,0.8882519284063,1.0024959509541933,0.1082901418424856,-0.012151219036228622,0.018337085126764557,0.993875920004465,-0.006560496906203965,-0.07706075169974745,-0.01791529359274996
346.36,0.017597019382686034,0.886797194864427,1.001925088409409,0.1107985378048382,-0.01396462221508743,0.018140715933399915,0.9935791804240482,-0.009108727308148873,-0.07684178513374061,-0.00912251113518858
346.38,0.017398676393118272,0.8851512624318093,1.0013781079757313,0.10823867228228237,-0.012742006055928509,0.018026549013920253,0.9938798089481887,-0.014087126249420693,-0.08720948897094027,-0.008208606354861038
346.4,0.01723119012240916,0.883650611768289,1.0009395618009134,0.11001774242977652,-0.012532695734311438,0.01789473616076987,0.9936894918967509,-0.009949922593150645,-0.07398548017631622,-0.0036488449667562116
346.42,0.017153108545797602,0.882209870237591,1.0006931751928878,0.11409394633826632,-0.01480888634727251,0.01767697296740248,0.9932022920436824,-0.0065437049809648025,-0.07563366767956478,0.006583489835361847
346.44,0.016961393236168614,0.8802421320225261,1.0002070454153538,0.1038462345884758,-0.013779905168496686,0.017429233015041998,0.9943451591936524,-0.016775123588460172,-0.10769191987845964,-0.005676215904645869
346.46,0.016619269837109336,0.878549863769468,0.9992826575622284,0.09961105100628749,-0.008760107560856337,0.017006287424549852,0.9948425429287685,-0.0202787793616487,-0.08100993399743532,-0.03610400039853767
346.48,0.016469823396915644,0.8773933038419883,0.9979962189447309,0.1067671348449599,-0.008799545636705696,0.016855010606084582,0.9941022359551629,-0.007619517477062987,-0.07172507968047244,-0.05492005074183853
346.5,0.016443050931593556,0.8760780832615904,0.9966566943675205,0.10809098431433192,-0.011401353634475352,0.016611961984363904,0.9939368143721665,-0.0054318191729083014,-0.07969602932496933,-0.0485778381786241
346.52,0.016323557978794898,0.8747383366533995,0.9955543730552517,0.10945153813761378,-0.0113554993765628,0.016456867249092823,0.9937910167402224,-0.010310423533825653,-0.0737509453103021,-0.03534082469466725
346.54,0.016234806268751633,0.8735151485986978,0.9948674983582192,0.11577306663137642,-0.012477740779295648,0.016255521014713007,0.9930642784152252,-0.005691059081970119,-0.06692603891362549,-0.013783370514699961
346.56,0.016169900157929407,0.8719721305166288,0.994478882920355,0.11583902549774311,-0.014426719145031828,0.016096071109869454,0.9930327821584087,-0.007089519906906544,-0.08418338318459033,0.002126692837495856
346.58,0.01599407224700205,0.8702488407999802,0.9942889325474672,0.11343981943572752,-0.013767600956836367,0.015947551730416374,0.9933214666582458,-0.01350500148050448,-0.08794784345190731,0.011428275801658451
346.6,0.015756822125733785,0.8685076221029072,0.9941125497691081,0.11146370005271623,-0.011765333024279203,0.015878698597495522,0.9935719840254332,-0.01370775801446843,-0.08264046083208049,0.011378142367184051
346.62,0.01565194138313143,0.8669998214060068,0.9941181377352228,0.11652079888045826,-0.013522012876293385,0.01575599988413297,0.9929712015278611,-0.005679776607605067,-0.07228372375825538,0.02060331196433009
346.64,0.015530313736417532,0.8652783028596045,0.9943491024627068,0.1172851473559895,-0.014852319121786865,0.015668130696921023,0.9928635920945297,-0.009709825719967459,-0.08381048719710733,0.034913637153133066
346.66,0.015304782724797366,0.8633455221168065,0.9947326101245234,0.11411029565061094,-0.01366503978749522,0.015634062186933213,0.9932510675623114,-0.014574591472502141,-0.09302620226995537,0.04118287691382627
346.68,0.015029321134769638,0.8613081097876593,0.9949726205556236,0.1080916972821134,-0.011146670907249571,0.015571971395590566,0.9939564630370952,-0.015994008289248553,-0.0921711253611802,0.03243303177108044
346.7,0.014848725996529125,0.8596025215203956,0.9951191927867971,0.10993344822481181,-0.011078089372546483,0.015510449679533906,0.9937561767596693,-0.009412135153803172,-0.08081043330841559,0.023595613284143363
346.72,0.014737736271472218,0.8578851103040395,0.9952029266744992,0.11035919665465349,-0.012507473309392437,0.015378899242190987,0.9936940677508611,-0.008515186627651865,-0.08478042542310095,0.02274030431672893
346.74,0.014552918112744702,0.8560900558570111,0.9952638541902779,0.10827603278276558,-0.011813919666143324,0.015353354471272283,0.9939320935222018,-0.012384784894487924,-0.08468037806078864,0.023367012923615697
346.76,0.014387395797598986,0.8544629125290901,0.9954395524270856,0.11071534251030622,-0.011762891820070549,0.015335987965474309,0.9936642062497661,-0.00875824631023801,-0.07441376530151503,0.02808901074123673
346.78,0.014286214577673002,0.852768952229123,0.9956782478563235,0.11147396704956385,-0.013412931557496299,0.015272936495905165,0.993559452346994,-0.007504500586971957,-0.08359762596419498,0.030479059858365028
346.8,0.01410201054738456,0.850972501006294,0.9959592301370406,0.11002499533336832,-0.01291294016069148,0.015234024879542214,0.9937281725221783,-0.01271621484220017,-0.08503992602134514,0.03388608762572644
346.82,0.013880412672037882,0.8491774967497153,0.9962232434869468,0.10867526576136947,-0.011549594287392448,0.015281962782714015,0.9938927281638598,-0.012309705154887874,-0.08112637415528087,0.03295546157224722
346.84,0.013749314468221745,0.847560185211316,0.9965876726186992,0.11224815019749386,-0.012677162002412515,0.015247168540573893,0.9934823431708792,-0.0075060628489220585,-0.0747242381374144,0.03681608132347482
346.86,0.01359500396388194,0.845820374531735,0.9970388672344406,0.11310090609040328,-0.01312888152299048,0.015234834010311648,0.9933799461153638,-0.010420617573884567,-0.08074978454105394,0.043360904267520185
346.88,0.013400460943625321,0.8440278653939547,0.9976024555016836,0.11361381274665583,-0.012656342008433638,0.015265600987002699,0.9933270760362063,-0.01127330713379995,-0.08054489596243342,0.04900255981163078
346.9,0.013190634733206794,0.8419887052805552,0.9979556603791204,0.10720506303380621,-0.01163846958354395,0.015335670207195696,0.9940505207005158,-0.013262915168673358,-0.09719544839766472,0.03704085894395488
346.92,0.012954442897247625,0.840156868920822,0.9981630601334767,0.10546891837719989,-0.009771070687199858,0.015290573995929424,0.9942570250095517,-0.014176747391389518,-0.08362944218659402,0.027224091590664596
346.94,0.012822722192007335,0.8385968985277542,0.9983862296690875,0.10997032512691403,-0.010547270200260526,0.015248404638427424,0.9937619276460465,-0.006582432730560042,-0.07199489355423741,0.029085617645918667
346.96,0.012712241224984386,0.8368408043704534,0.9986504465356825,0.10897198281562007,-0.01154068756339368,0.01509278789792492,0.993863233672151,-0.009206941957590082,-0.08981654225916466,0.03116298631230645
346.98,0.012459894233487919,0.8347890631947146,0.9985198226973326,0.09888348639274558,-0.008409168686262652,0.01507643061128573,0.9949492666668209,-0.017016566386832917,-0.09755035110328866,0.008626899314411112
347.0,0.012172829566547843,0.8331653887061841,0.997934500202419,0.0975877980634278,-0.004106283793217897,0.014861296771074695,0.9951074826172414,-0.015629434663826415,-0.08113601009542629,-0.018924592590856236
347.02,0.012142330059437505,0.8319173074544601,0.9972057016200222,0.10376371831456252,-0.006208789881130424,0.01472293804976074,0.9944736179431464,-0.00017609684241857697,-0.06551485590274572,-0.022223024903025645
347.04,0.012140791257689744,0.8306259240529047,0.9966940666364847,0.10844372633697898,-0.008477022610839961,0.014549485446975617,0.9939599643743373,-0.004549177053626554,-0.07045381236589285,-0.007094890246981081
347.06,0.012015074895701269,0.8291152175012239,0.9963987677560563,0.1085417677303746,-0.007388951714741147,0.014555233749679758,0.9939578629001407,-0.00877086646769276,-0.07740696651417096,0.004809514733230648
347.08,0.011955018590872888,0.8276458389743528,0.996336622232754,0.11146309135617474,-0.008261061920463483,0.014480868497656074,0.9936287226971777,-0.003755403494767936,-0.07074106254829837,0.0155723525778514
347.1,0.011918416248967058,0.8261315636247791,0.9964816104203293,0.11492871362042624,-0.009876439014000723,0.014359980131809986,0.9932208403515156,-0.0043894324074667266,-0.07407910419582933,0.02689451284838615
347.12,0.011806014366544843,0.8241990746701399,0.9964367512575782,0.1077502828856969,-0.00951119403592985,0.014425325868736025,0.9940278284332105,-0.00937449927093827,-0.0976269664689888,0.01660393295190194
347.14,0.01165473745909046,0.8225878342206586,0.9962976439771278,0.1092523833667562,-0.008387791352852786,0.01434829258156683,0.9938750868116668,-0.009243435013133872,-0.07249893219301147,0.00954428934162993
347.16,0.011581179083827633,0.8211624592603561,0.9963021532658468,0.11576141622270554,-0.009498240157309582,0.014245057489269155,0.9931294760932006,-0.004977711864958401,-0.0721142184429164,0.01949302956812691
347.18,0.011491501854994384,0.8193966424845203,0.9964920384109891,0.11450054276583725,-0.010143089856528122,0.014236448625649621,0.993269382879096,-0.0072633180595795595,-0.08542737723305822,0.033076580076635276
347.2,0.011366968040457804,0.817653000445413,0.9969701786140471,0.11596905744956253,-0.010138812489876312,0.014223994657309062,0.9930992197014072,-0.007858724007789438,-0.07673213230619291,0.04634406225812031
347.22,0.011251943001928945,0.8158411904243896,0.9976119449892186,0.11707446338673082,-0.010605529303929115,0.014184020286618611,0.9929652090276886,-0.007328707347824319,-0.08345439248876636,0.05368931684010705
347.24,0.011112489546030686,0.8138277765127913,0.9982692437813154,0.11373991571828343,-0.01050806327967683,0.014226225433806399,0.9933531228563257,-0.009297461716768837,-0.09123090936175947,0.055506617382363635
347.26,0.010964496153397544,0.8119470477238643,0.9990331400884123,0.11471354955367544,-0.010389176420748407,0.014240382801941811,0.9932422051341502,-0.008607736989196068,-0.0800613081307338,0.059561354460600555
347.28,0.010826931467731388,0.8100251961954872,0.999820175114874,0.11470706339748872,-0.010602324651022657,0.014239693394705067,0.9932407117364569,-0.00853182644381791,-0.08638844293986776,0.06063704647183584
347.3,0.010664856440130929,0.80798318249243,1.000562857169334,0.11146140507525411,-0.010137588529925013,0.014317755518791548,0.9936139020536862,-0.01014128353727921,-0.09080101790421934,0.05897749088004772
347.32,0.010511909614167321,0.8061164589978771,1.0013754960023105,0.1129343109656796,-0.009995841761906259,0.014336673125131448,0.9934487326268433,-0.008701038835971784,-0.07913477162504139,0.06114604306148051
347.34,0.010371197745896071,0.8042280535832496,1.0022477175042348,0.11378845485350107,-0.010139668214298892,0.014337192463655118,0.9933497971927194,-0.008658555323983417,-0.08400218744778255,0.06472759502191103
347.36,0.010183678035159308,0.8020296612129368,1.0029577997960633,0.10588070802337851,-0.008788900651016581,0.014241328425015413,0.9942380074501806,-0.013303260945395173,-0.10894049096096454,0.05370850400377532
347.38,0.00985083500936721,0.799758675840649,1.0029111667482054,0.09310539477771027,-0.0030688349495769135,0.014198154922869055,0.995550290096952,-0.02051280704107119,-0.10239398895022486,0.006518613632656496
347.4,0.00966180417926865,0.7982774920473238,1.0020900557083974,0.09650678515358894,-0.0008340836126524919,0.01407481928434224,0.9952324573615751,-0.006723907959640049,-0.07539312803106432,-0.033815501545662
347.42,0.009734568373684672,0.7969976445816654,1.0010852156120753,0.10114450802389356,-0.004668597467309688,0.013921990366780244,0.9947633743149775,0.0012823116596927917,-0.07334554833529616,-0.03539797024588622
347.44,0.00966915873874093,0.7956765613419433,1.000280077350238,0.1037008316888528,-0.004197510880340322,0.013851496249982978,0.9945032199350017,-0.007052857704522091,-0.07155897125381859,-0.02225337321699565
347.46,0.009641968980077423,0.7944212224077926,0.999834983163336,0.10902778526261594,-0.004807913518673546,0.013729666262968081,0.9939322523555785,-0.0012867021763121552,-0.0648516828349128,-0.003699448846557906
347.48,0.0096803278491979,0.7929612207521428,0.9996354788849414,0.11054098020957047,-0.007150435863462874,0.013604096422307371,0.9937527315795426,-0.0007455381821482133,-0.07995009810736484,0.0070469023759650905
347.5,0.009628525519100309,0.7912498520256591,0.9993475080032307,0.10629691298009851,-0.007211788453351412,0.013689931460378574,0.9942140323767391,-0.006366900915916076,-0.08346283163156935,0.003734649837642159
347.52,0.009543896429184053,0.7899025623685129,0.9991890535629566,0.11275571352471672,-0.006854939650474845,0.01357795578278747,0.9935063150210375,-0.005117353397890679,-0.06389105612748971,0.009386205558631278
347.54,0.009506971572070248,0.7883481143420566,0.9991602154487694,0.11464989260842286,-0.007924898486260785,0.013523879902140108,0.9932822875604156,-0.003984406053048851,-0.08190317350894324,0.017945153320118607
347.56,0.009429301844382022,0.7865982103443767,0.9992910730524998,0.11316755090522032,-0.008048258363322675,0.013540379593185495,0.993451050168001,-0.0067478348071237275,-0.0823207507819417,0.028768879178247553
347.58,0.009327152594626008,0.7849143346107694,0.9995997871944627,0.11496801915508197,-0.0077894760428114055,0.013542195914658101,0.9932463378056544,-0.006433165130482588,-0.07690612755203495,0.036089182377474174
347.6,0.009256245485412663,0.7831052368616476,0.9999450191729744,0.11421908022206557,-0.008467478073268829,0.013548329864052239,0.9933271094086775,-0.005616986634380584,-0.08794853479019019,0.037000210578266
347.62,0.009154776069268226,0.7812838621958366,1.0003564512516543,0.11400251410959089,-0.008444243879489744,0.013577065819457475,0.9933517930752077,-0.007335423285956695,-0.08082712954814865,0.042300190907437155
347.64,0.009042080512075303,0.779485643392273,1.0008625163898124,0.11504384778909259,-0.008275884515220152,0.013581911675070633,0.993233081656376,-0.007391602102325838,-0.08586542540394151,0.04466961781718669
347.66,0.008929579023519504,0.777475171066534,1.0012359958764105,0.11023287997549325,-0.008064845264711313,0.013702279539821486,0.9937786061183735,-0.007933137428049308,-0.0914829710220518,0.04053624488776268
347.68,0.008801071769976848,0.7756519507821806,1.001583247129521,0.1100403655713023,-0.007447492634076448,0.013755868455214391,0.9938040193526299,-0.008489003423698346,-0.08569185861493081,0.034648034674780934
347.7,0.008702373944145898,0.7738980234199926,1.0018670683702116,0.11085891396651025,-0.007565418199320585,0.013802156466350775,0.993711510509219,-0.006456634513012667,-0.08108521312708625,0.03298010119165363
347.72,0.008601469214053272,0.7719484883767669,1.001868475038325,0.10494289831013316,-0.007399589367052828,0.013959659769664666,0.9943527352356322,-0.008152897584678666,-0.09682025377078272,0.017661638395084726
347.74,0.008472094266750682,0.7703389387984936,1.001793686227914,0.10708039471992811,-0.006456870158306347,0.01396781960905014,0.9941312780059545,-0.008273339506850335,-0.07229479643390437,0.012951129197139175
347.76,0.00839600625238523,0.7688353125006467,1.0018054106158123,0.11134634335232893,-0.0068744922858086175,0.013952085718184952,0.9936599380482187,-0.005375052381741104,-0.07859809355245372,0.01724248059451289
347.78,0.008315822189182632,0.7670216175852058,1.001718397444399,0.10705305110295055,-0.00694040534112818,0.014093008307343953,0.9941291979114681,-0.0069886443486114145,-0.08786663326748462,0.01581789495139844
347.8,0.008212705625223186,0.7655185788795662,1.0017929967501202,0.11165615328014197,-0.00647447055701886,0.014056301788974953,0.9936263910775041,-0.006630697856221698,-0.06822844215462635,0.022169777489489468
347.82,0.008146908649078875,0.7639051989867276,1.0020319356512672,0.11400187922645082,-0.006969318824610333,0.014024567720534639,0.9933570916987561,-0.005076336055620154,-0.0803939530012309,0.03201209832851414
347.84,0.008068406461470824,0.7621062760915835,1.0024248874038426,0.11288445757617965,-0.007087033977182062,0.014082580907516008,0.9934830416781764,-0.006315726085108048,-0.08155360151032336,0.04204815047937671
347.86,0.007973607575679179,0.7603956119615151,1.003024047707174,0.11566885328098186,-0.006890397947706808,0.014052599773177663,0.9931645197228905,-0.006307124279355235,-0.07592326530376406,0.050778078731590494
347.88,0.007893327962938517,0.7585391061178838,1.0037289742651003,0.11574687745228505,-0.0070963224345425065,0.014049293080327966,0.9931540262879136,-0.005834166423750094,-0.08444103072088495,0.0569707364593897
347.9,0.00779382466735438,0.7564899476125296,1.004382004292884,0.11124201780370506,-0.006731338720089176,0.01415185688711173,0.9936697778943678,-0.007508468665711537,-0.09289736866747411,0.05432905197022282
347.92,0.007677233614413217,0.7545593377923008,1.00500704862868,0.10980576103776397,-0.005917530475458806,0.014230950360767543,0.9938335664123138,-0.007883862672427893,-0.08636209386129721,0.05013224190276554
347.94,0.007602091122673333,0.7527632377861875,1.0055977163458398,0.11129215320518292,-0.006155712225937402,0.014247476976656487,0.9936665302010254,-0.0050655230105230604,-0.07971651001391997,0.048427859072786184
347.96,0.007530803416512717,0.7508231000950946,1.0060585679730891,0.1080809237832788,-0.006307697990791573,0.014299867719641405,0.9940192355500023,-0.006601500328739235,-0.09769102076993068,0.0392905114617385
347.98,0.007388455876287181,0.7487243862265254,1.0059984843038805,0.0984373275579808,-0.004315818202499245,0.014493907697255254,0.9950283377352371,-0.01077776110507194,-0.09744553023670041,0.011188533210125652
348.0,0.007273747507068664,0.7473442694121091,1.00568645000105,0.1055262598909032,-0.00308095441392801,0.01438899295583982,0.9943076350280399,-0.0058063480210821675,-0.064175178073812,-0.002794085888788184
348.02,0.007251820536978109,0.7459127731391862,1.0053290323958914,0.1093256865931246,-0.003933775427659768,0.014375054372619234,0.9938942486369517,-0.003238749560298952,-0.08016892876235535,-0.001911194936329208
348.04,0.007215340666916286,0.744284927542524,1.0050689598803306,0.10814961531928162,-0.004083181731501317,0.014428251409994102,0.9940215359309319,-0.004537988600676977,-0.07937673481487065,0.007705802959872582
348.06,0.007180361018823737,0.7428482751106981,1.0051045192968193,0.11339469426349441,-0.004312594991608098,0.014319501504197273,0.9934374649236852,-0.0031750764327945318,-0.0683044425438996,0.021159938077313516
348.08,0.007165093565945499,0.7411382325077284,1.0052279902348826,0.11234460362823914,-0.005004588180803489,0.014322607401052796,0.9935534746806484,-0.0032601475630273102,-0.08619230043400702,0.02620793254322685
348.1,0.007120977966098654,0.7393805524345157,1.0054631232057163,0.11138406503076895,-0.005005412673178267,0.014368681526345808,0.9936609466474906,-0.0049038747972236976,-0.08226085738396882,0.03140383604764209
348.12,0.007069620864543794,0.7376338814518482,1.0056801588240292,0.11103119142934742,-0.004922243347849051,0.01443107550106394,0.993699949738394,-0.00443711352569927,-0.08068708900945634,0.03036481883006132
348.14,0.007038895056356034,0.7359940722998769,1.0060041975928178,0.11407563139219097,-0.005501784021124943,0.014377847046148725,0.9933527863802343,-0.0035242005954790713,-0.07614998051178293,0.035790780534206604
348.16,0.006987864658381734,0.7342211820371454,1.0064187059325727,0.1143467195708979,-0.005586510846791818,0.01438093445048124,0.9933210998183135,-0.005051335853921117,-0.0832687637728203,0.041665633659990806
348.18,0.00692558062994004,0.7323283572424903,1.0068515189496636,0.11211719606374931,-0.005444809319156381,0.014468007861556552,0.9935747405941834,-0.005519941546213529,-0.09039853451336942,0.04096025789812553
348.2,0.0068535364218239,0.7303879472210828,1.007135397391414,0.10823440475940023,-0.005038107268869099,0.014584775573504134,0.9940056415448537,-0.006201675532740322,-0.08745203524247828,0.03412223745550717
348.22,0.006793461853911074,0.7287730971507929,1.00751502825598,0.11286891195731732,-0.00505413886375736,0.014507109695520923,0.9934911213303315,-0.0044037845060921664,-0.07278705481841782,0.037899856739450746
348.24,0.006752007664232994,0.7269147034606299,1.0079021210828336,0.11080692997711893,-0.005455749450251861,0.014553549555123826,0.9937204100059174,-0.004713700957056621,-0.09156400769260685,0.03915927397375983
348.26,0.006677909587583374,0.7250609168007467,1.0083322083196167,0.10923702038821224,-0.0049933277716061,0.014639132460581237,0.9938953847640466,-0.006272505259431936,-0.0817442010006775,0.04169940563844836
348.28,0.0066151216346124475,0.7233344018813495,1.0087595749907163,0.11078417865057028,-0.004879282814790332,0.014644042696815412,0.9937246149580001,-0.004678961806520976,-0.07925092774330052,0.039461716417653406
348.3,0.006573500625816987,0.7215274275037782,1.0091098802411704,0.10974904395183144,-0.0052476007888602105,0.014689902555341488,0.9938369166017804,-0.004615513686549685,-0.08609967889425418,0.03588311664119419
348.32,0.006509387947325666,0.7197937808400738,1.0094802535970886,0.11070563260124518,-0.005027306766795506,0.014721669487279942,0.9937314836234876,-0.005520005582573648,-0.0779416250628567,0.03760282375729392
348.34,0.006442671064531706,0.7179453992241843,1.009689879171197,0.10786512827836543,-0.004671055926968292,0.014812315392886662,0.9940442096057501,-0.00580315568968663,-0.09042528063728775,0.028255446549717123
348.36,0.006324910623151778,0.7160290995657164,1.0096918057398236,0.10208203978143937,-0.0027537786637401567,0.014829599266172774,0.994661629320613,-0.00963576427294945,-0.09173312660318915,0.017304833351100852
348.38,0.006231146397083341,0.7144626347933798,1.0095776108245869,0.10421757862088735,-0.0013883701733692461,0.014826986521363082,0.9944430246149631,-0.004936174111204407,-0.0746720364823692,0.008373660222871077
348.4,0.006275799115184161,0.7130021666229195,1.0094643027554457,0.10805835024597484,-0.003423369860687294,0.01475432207774874,0.9940291663029517,0.00036424573027934255,-0.07318362594812286,0.01132965363018265
348.42,0.006250128939725297,0.7114461282655041,1.009469367362254,0.10968175951989496,-0.003357911671623321,0.014741637050625759,0.9938517596678557,-0.004680730287589471,-0.07620531895217328,0.019090457571359676
348.44,0.006217224272913362,0.7098703727282942,1.0096255918799903,0.11185677423422535,-0.0031846825609735817,0.014736036196904796,0.993609968293446,-0.002939182816232097,-0.07470648684324967,0.02684473146970513
348.46,0.006230163364417655,0.7082154849593164,1.009872941198553,0.11299827613351615,-0.004251527842803086,0.014700387452530678,0.9934773337679128,-0.0016590797282577774,-0.08031959727800278,0.03106672711077841
348.48,0.006205490698656623,0.706411700263872,1.0100810110627458,0.11081451741929964,-0.004345193475320042,0.014777187327038756,0.9937217401050916,-0.004240567240761088,-0.08387971383088438,0.030979221622928866
348.5,0.006160982888159712,0.7046907716933049,1.0103068071285561,0.11125598178284898,-0.00407992496316465,0.014816575811717267,0.9936729491190978,-0.004429932538392487,-0.08280821857024785,0.028645841066553
348.52,0.0061373558027523045,0.7029828405337071,1.0105057091166076,0.11204392434101737,-0.004448131747135141,0.014825230821344924,0.9935827019797187,-0.0033291639855605438,-0.07972238517989656,0.029024917051721815
348.54,0.0061019440351868,0.7012827978605166,1.0107435582278288,0.11331438889137745,-0.004551665892762646,0.01481443999948345,0.993438304060839,-0.004395606512754511,-0.08168395850322345,0.03093827670267433
348.56,0.006033334702973442,0.6992193183249928,1.0106084069420118,0.10371597976578356,-0.0036378829928606585,0.015041233949591337,0.9944865623173736,-0.007100594929089678,-0.10439004378035377,0.010373889379497377
348.58,0.005930577091491053,0.697579417796113,1.0101849467927912,0.10378362982518488,-0.0018343257244942761,0.015011637513737132,0.9944849139974933,-0.007407587069497667,-0.07645871721949474,-0.007527649403642987
348.6,0.005920550494184066,0.696259005676536,1.0097850283203862,0.11081221031558139,-0.0024404737515736786,0.014914130938103015,0.9937264547304778,-0.001333870972082378,-0.07014668166240157,-0.0032406909847890937
348.62,0.005936757157928346,0.6945805711264941,1.009392022302152,0.10786170152745711,-0.0033953855286182437,0.014989087868831791,0.9940471075082781,-0.0024794231068386748,-0.08942448480425633,-5.9208691342488946e-05
348.64,0.005888477764678031,0.6930037023598062,1.0091186847372604,0.10826887959602945,-0.002626125326032182,0.015009582242363905,0.9940048619688447,-0.0052786629901192626,-0.07526627403901766,0.0047871311299434605
348.66,0.0058823760206315225,0.6915787406492266,1.009052299736811,0.11342921484803845,-0.003094053562836637,0.014897688120293403,0.9934295641565024,-0.0012580670040486844,-0.07148274237237578,0.015450750505929816
348.68,0.0058973796128393,0.6898914728509673,1.0091148721937213,0.11270140707091367,-0.004036621466762965,0.014876954880409417,0.9935093229280018,-0.0023356797537218144,-0.0831681248909005,0.02443743288584994
348.7,0.005851792873873715,0.6880762524808054,1.0092292837656618,0.10965946113373243,-0.003420395669182989,0.014974138817341892,0.9938505313395997,-0.005693229888782373,-0.09310388295195722,0.022546799555032436
348.72,0.005766691997739711,0.6861248091806181,1.0089382421737483,0.10177227625962523,-0.00169098643986997,0.015119153973646455,0.9946913870808954,-0.007419841726881991,-0.09344426031541661,0.0008662494869773722
348.74,0.005714032010809248,0.6846877355030457,1.0084250636255554,0.10581333283506203,-0.0008624543612276688,0.015027066050954567,0.9942720865299958,-0.0031778109570118965,-0.07155753013499606,-0.012200460545011883
348.76,0.005765140236572884,0.6832616051906765,1.0079164731224808,0.1088125016989951,-0.002574314285338972,0.014926559617238967,0.9939468849983683,0.0002900242079725169,-0.0778630318794203,-0.007991798616046774
348.78,0.005747434838407089,0.6816533362165766,1.0074868355582463,0.10707699295457614,-0.0022530296017033227,0.014915931682962773,0.9941362866425552,-0.004670550145683326,-0.08419363192491222,-0.0027927581035613663
348.8,0.005713470335375504,0.680201513243454,1.0072395228972537,0.11034047460807049,-0.0016258552083756506,0.014873864298459608,0.9937812155695731,-0.002688142756075652,-0.06955415117866096,0.00608300514890078
348.82,0.005761119309782765,0.6787384192000426,1.007242450000926,0.11451222475798381,-0.003182983715059855,0.01474514724522916,0.9933073037224499,0.00044034775230994763,-0.07403152671576915,0.020176744803254522
348.84,0.0057637756494989525,0.6769704851163946,1.0073656941329385,0.11208589977189136,-0.003500281759464781,0.014780079728873852,0.9935824315793522,-0.0033022625697017457,-0.08708289553061932,0.027240891560173015
348.86,0.00572655193290441,0.6752142932522845,1.0075822164388801,0.11125158173100166,-0.0029513356746211908,0.014870349549759434,0.99367663144725,-0.004359677870647055,-0.08423676514596498,0.028890213097534024
348.88,0.005715540651262498,0.6734488792108415,1.0077178786312269,0.11013533590427695,-0.0031860503745724847,0.014944244277283237,0.9937991378700445,-0.0024425743961039264,-0.08167752250054558,0.026367880233275003
348.9,0.005714484741936235,0.6718195318405777,1.0079296714062478,0.11287480181097774,-0.003765113557347682,0.014891648539855896,0.9934904840207571,-0.0025909233687500892,-0.07768501318777754,0.02906979973077383
348.92,0.005688498438266079,0.6700697483402186,1.008171013903279,0.11270909779584276,-0.0037250666362256945,0.014916934269041598,0.9935090680132799,-0.003929130390160491,-0.08403895941504236,0.031969276704075025
348.94,0.005632694000467225,0.6680189700651702,1.008118712977774,0.10366918188469465,-0.0028046038349634297,0.015049502569505453,0.9944940157673636,-0.006591318985269376,-0.10271724352152718,0.01503325287390619
348.96,0.005475650030899851,0.66604069560646,1.0076631819189223,0.09434400394104742,0.0009984548415327638,0.015002034990957216,0.9954261152664375,-0.011819675904468651,-0.09642372280292141,-0.009776103294718468
348.98,0.005346134803475498,0.664592537770793,1.006733209322856,0.09568623164963024,0.0042009528081247026,0.014909216361607728,0.9952910189164172,-0.007147119022844502,-0.08143793191801187,-0.04141951223548119
349.0,0.005338291196922859,0.663111713114641,1.0051440690431621,0.09169228341325525,0.004760033109679854,0.014914897050098384,0.9956643074315976,-0.00030742053235967276,-0.08380608354980358,-0.06955650470328065
349.02,0.005417115221660435,0.6621714247644668,1.0034764019779108,0.0997902882718982,0.003433088026727885,0.014650601112338372,0.9948947040567958,0.003678867883108184,-0.056073755335914965,-0.07130156274393874
349.04,0.005501254866660444,0.6612425757197019,1.0021181376145094,0.10786748279200817,0.002362637526647638,0.014364791395249068,0.9940586888449819,0.002462831261159123,-0.06347752069248228,-0.051263364061956904
349.06,0.005590877457308638,0.6599979389697146,1.0011520043219482,0.10962721864852601,0.00131835324285523,0.014228440736886283,0.9938700550626889,0.0030426105553021765,-0.07224698130753564,-0.027777487591411586
349.08,0.005656890373442914,0.6584456056287038,1.000234318450248,0.10472378250116515,0.0009353413678798429,0.014219259075790282,0.9943992493895546,0.00015243729525840372,-0.08717949893008389,-0.029285387427357
349.1,0.005689393433944149,0.6571931155217049,0.9993540806658485,0.10881594578474547,0.0011837601121517996,0.01403924727683431,0.9939620657705546,0.00039649725199025304,-0.06418832937696327,-0.028794267474770114
349.12,0.005780638417291735,0.6559504635585788,0.9986073487705243,0.11393858217582328,-0.0002979004820147199,0.013888910952283699,0.9933906627805728,0.002867303815404755,-0.07705874983858961,-0.023072854312853865
349.14,0.005844053135937015,0.6542565458698019,0.9976191439682496,0.10715123545221368,-0.001031253922145055,0.013980869153731043,0.9941438952959066,-0.0005012713326556122,-0.0936099129190423,-0.031169433209839236
349.16,0.005825460414772626,0.6528734856459055,0.9966059693264028,0.10896855349497425,0.00012741859867503857,0.013872615990597269,0.9939483832872263,-0.003007617514996731,-0.07149175034013092,-0.03481666551119655
349.18,0.005879612642081145,0.6516925769423161,0.9958316871497019,0.1167449674957766,-0.0009087751277161093,0.013692637251032978,0.9930671167535903,0.0018792119926869597,-0.06812227637873583,-0.019898389148499066
349.2,0.00594079727719208,0.6501449231503316,0.9953400723356336,0.1166339351905008,-0.0020747835214159635,0.013554143824880176,0.9930803117676292,6.42693500140632e-05,-0.08486198372070639,-0.0015586925897765288
349.22,0.005893772582811402,0.6481752940184384,0.9947114883982913,0.10605143461278066,-0.00032376595303010384,0.01360960757333042,0.9942674524361534,-0.006798151396946429,-0.10392118420844432,-0.013112571932096723
349.24,0.005820530906483345,0.6467216914543895,0.9938657969954641,0.10860031280625826,0.0018923188535562817,0.013421181987522034,0.9939930900473087,-0.003977085632848372,-0.07106420913351305,-0.028638170587000095
349.26,0.0058950355023686596,0.6455140807369784,0.99311355765211,0.1169629851829384,0.00024193621869478718,0.013237030457744891,0.9930480263253246,0.0029919455379655707,-0.07035302290177822,-0.019996863472858888
349.28,0.005955948557121374,0.6438882141558396,0.992533421831499,0.11512708822140122,-0.0007037606729499447,0.013135246684331118,0.9932636727340424,-0.00031623023118901425,-0.09063715828628248,-0.006380690273278929
349.3,0.005946060429305414,0.6421760379397361,0.9921102057509689,0.112525193450508,0.00020505417995619145,0.01310764210991062,0.9935623928621834,-0.0031035431060195346,-0.08362918708659509,0.0002202133093047721
349.32,0.005997424044278254,0.640728656228415,0.9919617647200665,0.11833939345677405,-0.0007089693315772578,0.012892412466274377,0.9928892541565596,0.002272463525274544,-0.07109794090949759,0.01345260006962832
349.34,0.006084491675660705,0.6390242303185685,0.9920970719719676,0.11911051728078577,-0.0025652813795578096,0.012729602776653387,0.992796082394414,0.0014591616878794568,-0.08503216849426408,0.03092014131419052
349.36,0.006100649241916517,0.6371442557574637,0.9924974162711507,0.11759177215094457,-0.0027680125944169226,0.012733985378755036,0.992976514749997,-0.0019492837077232505,-0.08637630356627549,0.0442637026264638
349.38,0.006112447557649958,0.63525026707884,0.993032590536353,0.11711272853038845,-0.0031971003517776526,0.012729490998751718,0.9930318964788698,-0.001069857212956,-0.08461160106179397,0.04950574789959446
349.4,0.006131904397040554,0.6333260781746946,0.9936068760454659,0.11644387410248655,-0.004075498681900914,0.012683498169085646,0.9931079213100119,-0.0014476375835557756,-0.08895260921588817,0.04988976557903335
349.42,0.0061160055619893456,0.6313932363481424,0.9942153264069213,0.11593860509503659,-0.004271956935364022,0.01267243481063607,0.9931663504310493,-0.003116369545063683,-0.08543309376211665,0.05276326759833331
349.44,0.006092337127567772,0.6294941904095233,0.9949051946940433,0.11670142958629927,-0.00453050742370631,0.012627096162338461,0.9930764357679145,-0.002996497286847237,-0.08522993501752943,0.05631909768266238
349.46,0.00606373828409244,0.6274948575001302,0.9956056471187814,0.11495443723227658,-0.004818241870011321,0.012648001718399454,0.9932785560749935,-0.0035911464614221352,-0.08909739300977308,0.057684507382704454
349.48,0.006015925169700708,0.6255017267189317,0.996307260666637,0.11335291642206734,-0.0047470495184227576,0.012699890338351637,0.993462276407552,-0.0045805156289445365,-0.08955957846001451,0.05593388711386359
349.5,0.005964566839731168,0.6235558647951306,0.9969785974209366,0.1126022277729145,-0.004696764822211439,0.012746459119700492,0.9935472844714998,-0.004510594000339355,-0.08777711513830751,0.053281782672104296
349.52,0.0059129467245865805,0.6216096540708744,0.9975609904060269,0.111052920062043,-0.004673071424482183,0.012819979160133001,0.9937208156637803,-0.004545620077660499,-0.08625289872269051,0.04995118380873896
349.54,0.005861034658757508,0.6198175456962266,0.9982196726077618,0.11337027919799202,-0.0047109054055067545,0.012793525846355418,0.9934592658288756,-0.0043384169364259475,-0.07912762908951967,0.0531847250468626
349.56,0.005807416139768914,0.6179120480273588,0.9989079244616076,0.1125821709356882,-0.004689989589578666,0.012833284957779764,0.9935484716823078,-0.004699585047983392,-0.08719095050716465,0.05524507600848598
349.58,0.005749983558646682,0.6159973931441302,0.9996386580244456,0.11179791890134777,-0.00458075523322861,0.012896434441121414,0.9936367163050723,-0.0048119832664995765,-0.0842201287206327,0.05704270280821511
349.6,0.0056905064848288625,0.6141070895444761,1.0003327192786415,0.11142263391180914,-0.004407649947519219,0.012953546421470603,0.9936789093611688,-0.004825909288083681,-0.08339591426097581,0.054532617540928044
349.62,0.0056367096045197036,0.6122566194909737,1.000994255708033,0.11180837836213874,-0.004360270787377347,0.012980808661043208,0.9936354327283196,-0.0045739895474717655,-0.08332465638490047,0.05202218067856749
349.64,0.005584135264644971,0.6104179879715798,1.0016263001814427,0.11229076482138767,-0.004304738990880347,0.013005543075139661,0.993580952518399,-0.004547277114717365,-0.08196818809149446,0.05118809161878348
349.66,0.00553222283811197,0.6085933656370962,1.0022583989312,0.11312582305270659,-0.0042358780679935745,0.013017789043533097,0.9934863575631318,-0.004485075970746861,-0.08201562696933377,0.051321630502384696
349.68,0.005477093413981932,0.6066045071356426,1.0027280469341768,0.10899399488225728,-0.0039777582228914055,0.013150979948884605,0.9939474524568744,-0.005144885674215717,-0.09317293399439598,0.043111253353049536
349.7,0.005408851246462652,0.6047706341519855,1.0031627847980427,0.10850569847049181,-0.003332681608723465,0.013207874548255267,0.994002494304035,-0.00546853550227891,-0.08194747322219291,0.040251224831425216
349.72,0.005377695540732086,0.6030771325725469,1.0036279967585686,0.11119914077532338,-0.0036325340649177294,0.013189042274233582,0.9937039825576757,-0.0029173199024862023,-0.07790185329986564,0.04179387304030397
349.74,0.005348952321743734,0.6010592806786292,1.0038029685743635,0.10392543650478214,-0.0037865611920979026,0.013409766212377027,0.9944874779361268,-0.004553466060592711,-0.0993834059257478,0.026367455691115732
349.76,0.005275311804662802,0.5994048887082699,1.0038296882658224,0.10526459034724585,-0.002769130114261356,0.01344636643835369,0.994349482408998,-0.0057488141768237255,-0.07259241285477025,0.01678462290920159
349.78,0.005243924065362029,0.5978873988626955,1.003787713536814,0.10886715999741885,-0.0028506264495462967,0.013465147501017353,0.9939610179507632,-0.003295995080667095,-0.08238901950201469,0.010612731108240256
349.8,0.005216365860606291,0.5960853556041454,1.003445985849581,0.10354005272924947,-0.0027841893083007463,0.013659647484555126,0.994527586244503,-0.0042280603156552524,-0.0889997541155089,0.0004732684298021371
349.82,0.005174640214207867,0.5947094150140855,1.0031623823230904,0.10927966220117659,-0.002374182360212371,0.013592665197361397,0.9939152670827376,-0.003486611528130777,-0.06526730811830608,0.002207453501598076
349.84,0.0051649370573863835,0.5932080367448521,1.002961145393545,0.11158142814612629,-0.002708182399581973,0.013584983671232079,0.9936587436638464,-0.0025503633556611185,-0.08170929971883688,0.007327030875928837
349.86,0.005149983373507583,0.5915313430248401,1.0028691624297899,0.11024243004929851,-0.0028001542912862447,0.013645350041323006,0.9938071091389014,-0.0032777254989658786,-0.08074943144374289,0.016185488285916046
349.88,0.005098164966914701,0.5896899927194234,1.0025933621315544,0.10419459211940957,-0.0018089401270372494,0.013793117321312665,0.9944596344866126,-0.0056128887109322375,-0.09396553244949926,0.0028333899551100635
349.9,0.005011816031739753,0.5880577997526976,1.002110467562549,0.1026120013918844,0.00018552170788998563,0.013763110032689554,0.9946262210269121,-0.006926309283154017,-0.08254555724718238,-0.01031090692995441
349.92,0.005017420102920814,0.5867174082496942,1.0016100855948187,0.1077137346463616,-0.00016855279892170725,0.013679399182903151,0.9940878215713549,0.0006827753465932187,-0.06792990600592211,-0.00901470335577574
349.94,0.005093559918321101,0.5851679462394102,1.0010350356781437,0.10644318349863029,-0.002079587377210514,0.013635495333712364,0.9942231124199546,0.0005460703607708244,-0.08663496297446638,-0.012282020711321878
349.96,0.005057886348289464,0.5836293190670142,1.0004564258531308,0.10558347617797675,-0.000969841844780107,0.013677070505636015,0.9943159089079057,-0.005045292878665515,-0.07599924582047922,-0.011682825006525168
349.98,0.005055974599671463,0.582338283472115,1.0000483489672833,0.11178120205266344,-0.0009439733873592455,0.013550268417338964,0.9936400062435709,-0.00032218778033634267,-0.06782947354315096,-0.0033863806526899707
350.0,0.005118750094689945,0.5808306397485663,0.99984837546017,0.11343896606551132,-0.0025539326957455277,0.013444131297011911,0.9934507203376733,0.0006068919453035969,-0.07794421710137502,0.010856107714528027
350.02,0.005115494922643518,0.5791642623296136,0.9998397173255297,0.11274198974001771,-0.0024615766098290527,0.013485948805164938,0.9935297245552748,-0.0030247139885057834,-0.08112163341278446,0.020590974088570285
350.04,0.005114723141326545,0.5775651762638602,1.0000546412444098,0.11566288957912073,-0.0026706057046390393,0.013451912657319782,0.9931938430564491,-0.0014307615329279756,-0.07465309383939929,0.0310112642689022
350.06,0.005125680167246892,0.5756438185114288,1.000093636553248,0.11014281643608526,-0.0032033527868597467,0.013594847988523825,0.9938176284543451,-0.002433063342156405,-0.09675633852392163,0.02123018713220879
350.08,0.005091728204883029,0.5739533321218689,1.0001030572287213,0.11097900021397292,-0.0027014250823064923,0.013622153778585782,0.9937257170570077,-0.004066286318661936,-0.07578268951109571,0.01895907245780907
350.1,0.005076894591487745,0.5723076285068281,1.0000989960286861,0.11259120101605317,-0.0028162598222599687,0.013644415059773379,0.9935437182490023,-0.0028781339306925115,-0.08910654375102306,0.014542548230804017
350.12,0.005049259113753274,0.57032387604973,0.9996415132779611,0.10358807094537222,-0.002444011484401729,0.013926688117284746,0.9945197764367306,-0.004837952306331718,-0.09861575075921389,-0.00602601857627572
350.14,0.004997875519559849,0.5689310742166875,0.9990518702275711,0.10906246657891513,-0.001561356708026251,0.01386268435558925,0.9939370033012206,-0.003948341782663567,-0.06714172904386413,-0.014556250881984076
350.16,0.004989935461943605,0.5675758579659164,0.9986059581565503,0.11487236500150878,-0.001754210234588666,0.013819976525121238,0.9932825734675195,-0.0023218787534642956,-0.07547823593060214,-0.003318026510716894
350.18,0.004975867839427731,0.5657833814764529,0.9982594685841432,0.10976978633715814,-0.001498835544874786,0.013809708982197959,0.9938599697328246,-0.004212254939454168,-0.09826874426351283,0.0029379221889285247
350.2,0.004867149269320093,0.563884559099535,0.9976096901989918,0.10123206373459134,0.0014873101511845932,0.013894350262043657,0.9947646979116948,-0.008752718063494567,-0.0927212770670405,-0.01827330550324213
350.22,0.004830316063320071,0.5626699311447507,0.9967978233589331,0.1094623903748119,0.0025341903016782245,0.01370322451802499,0.9938932460836807,-0.0006685524876039886,-0.062441528839678684,-0.027178701463532202
350.24,0.004910846544286928,0.5613730950975591,0.9960941634816202,0.11481420419432478,0.0009227330684149097,0.013557783195831634,0.9932940317920587,0.002182771936648865,-0.07654078571828302,-0.01647665493567821
350.26,0.004961257101209746,0.5597768113985415,0.9956524824622067,0.1138179174884425,0.00045398406378168425,0.01353320760794356,0.9934093455614882,-0.00020881548350280414,-0.08223009918479614,0.0012160101574042411
350.28,0.005011432404559275,0.5582362844807651,0.9955596407250318,0.11661729206422662,-6.299451923758912e-05,0.013435827149001189,0.9930860394608916,0.0010243893518502214,-0.07401428993142017,0.017018029733405528
350.3,0.005091188226913253,0.5566092743972924,0.9957614143376232,0.11929047969902945,-0.0014592870491641206,0.013275322945285557,0.992769569303563,0.0016942205425210966,-0.07911147609789879,0.03271543595246535
350.32,0.005132865474204075,0.5547409093351956,0.996142327770311,0.11764157052529296,-0.0019962013280543185,0.013251835228580495,0.9929656917173297,-0.0008441893055193075,-0.08875420878161416,0.04218049394961503
350.34,0.005150567455791153,0.5527819956068374,0.996575265597309,0.11480055520464055,-0.002161015115636782,0.013306327919159627,0.9932970875703221,-0.0014999928514312405,-0.08753238257451046,0.044845579556075495
350.36,0.0051714600199692954,0.5509348093228911,0.9970662074479202,0.11540017835077368,-0.002677214882034129,0.01326124807579038,0.9932269482130242,-0.0011130196688350596,-0.08495705615160185,0.04466212138523387
350.38,0.005181735592320644,0.5489983174883949,0.9974917410572258,0.11337072429410687,-0.0030738263001835655,0.013286312723191009,0.9934591608914417,-0.0020765867692165403,-0.09080909267468826,0.04200948819321343
350.4,0.005175984880177669,0.5471641795101752,0.997980290462143,0.11417965388516323,-0.0032711879483803283,0.013272680043493664,0.9933660664289544,-0.002448465350643169,-0.08107616932222148,0.04557125089264149
350.42,0.005166966260614737,0.5453489208105603,0.998587139031262,0.11577241486689265,-0.0035643037653435078,0.01321716045173288,0.9931814287249584,-0.0025105097083673216,-0.08284976756299217,0.05195341347738093
350.44,0.00514898610914802,0.5434092697198751,0.9992696633318648,0.11460144523153223,-0.0037337984326899333,0.013240004743847959,0.9933162989574323,-0.003189782690129006,-0.08684232868271632,0.056487435927580286
350.46,0.005118277725256835,0.541503493357845,1.0000320536770428,0.11490638598073895,-0.003703449966276736,0.01324415709915559,0.9932811279904222,-0.0036206013166565918,-0.0831166583605306,0.05941395539661361
350.48,0.0050878168752216185,0.5395873375690502,1.000828743010895,0.11520425132323185,-0.0037659727008013803,0.013237200986265352,0.9932464822171381,-0.003526804856934402,-0.08493516639109067,0.06101950418972295
350.5,0.005054209476319235,0.5376204995343262,1.0016211291802999,0.11431176172357647,-0.0037817558409478564,0.013263430058076222,0.9933491837604269,-0.003872644090458296,-0.08674320065076613,0.060939469905927045
350.52,0.005012499028305187,0.535618561354229,1.002342551450191,0.11221678413055124,-0.0035967387221130056,0.01334037376465301,0.9935876867482716,-0.004352704712572568,-0.09048472131886631,0.05621550836563316
350.54,0.004973123316809733,0.5336742591736193,1.0030000582306071,0.11111141845074488,-0.0034857376303384447,0.013408934186751525,0.9937113780203038,-0.004143007925299947,-0.08766628678531903,0.05189371151254183
350.56,0.004929837701282365,0.5316847638875496,1.0034510705982465,0.10742531820808544,-0.0032000756337316146,0.01354412010986081,0.994115746447203,-0.004621051885475623,-0.08966801458816487,0.04245818053169599
350.58,0.004892974607176967,0.5299945837178789,1.0039775736367764,0.111103870619992,-0.003123806230670762,0.013500141666423025,0.9937121906985321,-0.003430477415527685,-0.07412994421166794,0.0452215811418845
350.6,0.004873448252438967,0.5281419319741473,1.0045275743268802,0.11000808471329411,-0.003409040298041925,0.013536138000788542,0.9938326683652448,-0.0033896056216535394,-0.09107642222006097,0.045926780345743524
350.62,0.004822272732266044,0.5261425636114885,1.004896232087919,0.10434213722070299,-0.002749438098096503,0.013722046978164532,0.9944429920398101,-0.0056315728262995675,-0.08923119703728614,0.03720807362561607
350.64,0.004775263165820901,0.5245926144345965,1.0053048098346866,0.11008516431790533,-0.00228991970777616,0.013641926958040026,0.9938258955640586,-0.0032517539505639917,-0.06797007607508546,0.03747909892869823
350.66,0.004777649391959678,0.5228885122865001,1.0058100821379925,0.11158579234255865,-0.0029939633032979355,0.01360292946784245,0.9936571880889882,-0.0019944623951815284,-0.08192280161280982,0.04544393753595456
350.68,0.004742181620135095,0.520927816141576,1.006342584196132,0.10682658926762381,-0.0025424238599301087,0.013669046410699319,0.9941804529745015,-0.005219827659213002,-0.09403264712695289,0.04572293925976109
350.7,0.004649764958116491,0.5190183146033578,1.0066965112755852,0.10280883136052288,-0.0005073498846602542,0.013736888657643657,0.9946061455070472,-0.007162100603103867,-0.08355466318487695,0.034453672135978386
350.72,0.004648199099026019,0.5175368041901065,1.007064985641119,0.10935557679452027,-0.0008643367354406891,0.013604389557036604,0.9939092168456464,-3.0809348270936656e-05,-0.06694136992460481,0.034787083736009874
350.74,0.00469648339269058,0.5158368225997453,1.0075172496581941,0.11001728481201621,-0.002232748583218855,0.013537480482210857,0.9938349704546271,-0.0005442878775674009,-0.08195231885312414,0.04259543288997901
350.76,0.004679131104915177,0.5140599268051231,1.0081160774109512,0.10976511482145265,-0.0018336520460319043,0.013589962512525143,0.9938629534333773,-0.0033337033118902176,-0.07765579967773516,0.05043202307737231
350.78,0.004686922036009818,0.5123706410732317,1.0088584936429243,0.11284489911384915,-0.002234371399372094,0.013512339830384764,0.9935182197628502,-0.0008728592082951075,-0.07465100580882673,0.05636088207233547
350.8,0.004705735871699966,0.5104334812048504,1.0095261663828619,0.10964259739239063,-0.0029063690997669844,0.013566184815950962,0.9938742437981002,-0.0018644141097793794,-0.08997998815746798,0.05307236192963407
350.82,0.004678994433083281,0.5085884343785165,1.010203497382717,0.1092879513869001,-0.0024990812827487456,0.013604096288938968,0.9939138930705004,-0.0037321806701867367,-0.07946495025210233,0.05292983636932459
350.84,0.004663236091043075,0.5067390910714312,1.0107550823596894,0.10817522218365903,-0.0024710597689126222,0.013660629021491396,0.9940349100428373,-0.002918476647321898,-0.08927381316898,0.04336740702864596
350.86,0.004655833677533863,0.5049239176466139,1.0111942965646254,0.10730783192366435,-0.0026817397903074894,0.013720402802037046,0.9941275511857065,-0.0026152719313801585,-0.07940253246972026,0.04084152678927241
350.88,0.004639235576828844,0.5032386803163464,1.0116139589843927,0.10931734978742602,-0.002701469157135298,0.013695851759599234,0.9939088704425701,-0.0029662102707035667,-0.07956254786802575,0.037761595243029675
350.9,0.0046260216346837605,0.5014560978935368,1.0119588110709552,0.10826446914583662,-0.002812283243679455,0.013759164722156825,0.99402292788933,-0.0028755147416904036,-0.0833298684915307,0.035833784658198746
350.92,0.004609180433397026,0.4997896798025928,1.0123539387364273,0.110433429757322,-0.0028913619386095094,0.013749285598869369,0.9937842093551775,-0.0029175963413442993,-0.07524449508552962,0.03798723853998187
350.94,0.0045721887074831975,0.49782877677447884,1.0124828544271856,0.10377530940438652,-0.0023204097661988035,0.013843388519091965,0.9945017151573196,-0.005461407565755546,-0.10507109131388348,0.020799659069872394
350.96,0.004441325314077836,0.4958676708059166,1.011869840731377,0.09447797698151333,0.0009237082972489487,0.013978790973800215,0.9954283761433431,-0.009712876839095776,-0.092210909504917,-0.023217992409638594
350.98,0.004389834842274869,0.4947803458730816,1.010801396322899,0.10515130152787798,0.0019745876629029156,0.013819819492416684,0.9943582439844062,-0.0015056437555913138,-0.05882537060188318,-0.0440585190998089
351.0,0.004426538657055905,0.4935701183844643,1.0096444324208684,0.11014884474742381,0.0012104705260809836,0.013762756427954133,0.9938190747301131,-5.176014100547175e-05,-0.07844093034295706,-0.04240836142119171
351.02,0.004456074277612818,0.49209279256477123,1.0086066626889276,0.10836956806142277,0.0010553388587519852,0.013798648554983856,0.9940143461118305,-0.0007014637755876179,-0.08109902375451057,-0.03155559520262652
351.04,0.004496180615468455,0.4907675140921866,1.0078012762297932,0.11179004129165711,0.0006916410564470855,0.013707376387115755,0.9936370645931243,0.0006703742750463552,-0.07291450435125345,-0.023042448377939857
351.06,0.004568200691003709,0.4893046020214126,1.0070707638304903,0.11224759272249596,-0.00046704713286126686,0.01365519956873064,0.993586330078931,0.0013736995386191386,-0.08269665401572165,-0.018565366298908894
351.08,0.004613593068034052,0.48785122353267935,1.0065410907075518,0.11447567322042176,-0.0010130306266067839,0.013589332000221327,0.993332584820144,-0.00015463897382501796,-0.07369659606722452,-0.005985472757740584
351.1,0.004650853145279299,0.4863857724461671,1.006318449872732,0.11835377012207751,-0.0015397865358304382,0.013447203897414195,0.9928792408257189,-1.0946892090516112e-05,-0.07587909251159014,0.010343586245983489
351.12,0.004688470542993485,0.4845886766432113,1.006215578066545,0.11510385679957287,-0.0021832971084127222,0.013482661448143026,0.9932595598351291,-0.000893717846798699,-0.0925650271963854,0.01658432441712837
351.14,0.004691650207970878,0.482863596717868,1.006262616964419,0.11535321451210478,-0.0021338690166758413,0.013486802608696584,0.9932306825003636,-0.002266876662487081,-0.0787744514714309,0.02393867837811347
351.16,0.004706818571959354,0.48120891323845466,1.0065321819186288,0.11872563015822708,-0.002623889882716675,0.013367718188543532,0.9928336436965898,-0.0009642098964672748,-0.0796195102894447,0.035491628711461255
351.18,0.004719224391917177,0.4792641486869875,1.0069063698831116,0.11555576737132904,-0.003108372470486345,0.013406666442269215,0.9932056503779636,-0.002202165513837743,-0.09230724847802999,0.04225149200116378
351.2,0.004699927962251799,0.47738571752297154,1.0074279919881781,0.11534807602372885,-0.002942788092359037,0.013436062273294573,0.9932298996639477,-0.0032989545954172604,-0.08297464021924414,0.04789943593401617
351.22,0.004670700307850091,0.475322018017895,1.0077133207461337,0.10934249246808339,-0.002544198787026857,0.013595738835668895,0.9939078942633022,-0.00419952939304151,-0.10001727698636839,0.03375462437953483
351.24,0.0046389117940079565,0.47353361826158596,1.007937404830557,0.10989853411923854,-0.0021571105668890425,0.013608222215275514,0.993847309882451,-0.003534275344934198,-0.07841831958480375,0.029963004037440157
351.26,0.004634737055038688,0.47181312489009486,1.0081210524640187,0.11110991041073004,-0.0024846483892267592,0.013587052859334757,0.9937121345367074,-0.002355794217081709,-0.08719845933351711,0.02606116416425929
351.28,0.004626035052920063,0.4699998391962788,1.0082781683549935,0.10936355553566737,-0.0026280941842580104,0.01366678112338532,0.99390438420166,-0.0029359869848633166,-0.08336496844270233,0.02881466741493155
351.3,0.004604505605214413,0.4682814042255626,1.0084486055308064,0.10980596299413788,-0.002469475705661167,0.013705882639286557,0.993855472874073,-0.0032718935210105313,-0.08263750366180726,0.02614367499485006
351.32,0.004593176239552458,0.46654376167940326,1.0085591799756823,0.10921530988540543,-0.002584326360688183,0.013768146845178039,0.9939194008954377,-0.0027783018984820357,-0.08392957259396103,0.023631147476351543
351.34,0.0045810615997514985,0.4649102826977319,1.0087227568104784,0.11140307476379704,-0.0027121977486714867,0.01375728057964865,0.9936763739505919,-0.002750049838150978,-0.07593893498688152,0.026927254153287804
351.36,0.004567251181235213,0.46325409656311173,1.0089902021669952,0.11340695817057911,-0.002817329029802374,0.013727143143744276,0.9934497924086277,-0.0028298382933471585,-0.07925042433858462,0.033131893978594014
351.38,0.00455088256642707,0.4614530252730388,1.0092995799227973,0.11219149155927922,-0.0028486399608074198,0.013789258578895161,0.9935868411064642,-0.003159451565951364,-0.08490415454061559,0.03593677192957533
351.4,0.004529760102885954,0.45965055577825015,1.009627888529853,0.11139456309205145,-0.002782541977855082,0.013855569754703001,0.9936757680251869,-0.003413966703745823,-0.08436921435835526,0.035484385589332514
351.42,0.004509655764092589,0.45792437516292234,1.0099777601483493,0.11281674435075996,-0.002782031328583365,0.013859632912026722,0.9935152505479349,-0.0030582137768854177,-0.07899204841947034,0.036711346945648676
351.44,0.00449426669057052,0.456174076445481,1.010371063098839,0.11387043783292648,-0.0029069191731195924,0.013849989211624378,0.9933948112445004,-0.003010354219959655,-0.08201931931143006,0.039601649772057525
351.46,0.0044728086852783375,0.4543524203406813,1.010791120142745,0.11346959739205215,-0.0028624843728969978,0.013885437899872136,0.9934403108718859,-0.003412082718707421,-0.0839063166006207,0.04148827546845105
351.48,0.004449968500904341,0.4525435039748233,1.0112306600980816,0.11376555649387673,-0.002799347456543451,0.01390361639534394,0.9934063877691683,-0.0033637488701572576,-0.0833922958445751,0.04158638976766315
351.5,0.004429641580464525,0.4506984371212211,1.0116238114345806,0.11307671458457189,-0.002786659001131883,0.01394372849531699,0.9934845059617284,-0.0033115595427701252,-0.08519083310643767,0.03971516671227725
351.52,0.004408915774327978,0.44890272960905636,1.0120216156388755,0.11375706538908519,-0.00276869739604746,0.01394877434289802,0.9934068129840481,-0.003295856093356119,-0.08244701997026421,0.0396286687412975
351.54,0.004388630711235252,0.44708935902127434,1.01241860680501,0.11397615595826191,-0.0027486342767864998,0.01395762383995798,0.9933816314082582,-0.003301589964536792,-0.08442670959096851,0.039886036335915295
351.56,0.0043676215462378504,0.44519677304902433,1.01275212734096,0.11191778690869186,-0.0026714650170061656,0.014030279017160092,0.9936148265393508,-0.0036418509653410027,-0.09154987365609142,0.03541686857895844
351.58,0.004336945036631112,0.4432926227924834,1.0129556295747084,0.10888319996032539,-0.0022961219990922143,0.014147297520900114,0.9939512214203573,-0.004094045958208134,-0.08644348979815093,0.03033179045912222
351.6,0.0043191189920530485,0.44163250025116435,1.013210783643833,0.11187676918348789,-0.002297443383519759,0.01410542459553921,0.9936193170766879,-0.002693320254880249,-0.07809812926931377,0.03097160275989838
351.62,0.0043083965853499395,0.4396804245313688,1.0132929984593906,0.10605730987687506,-0.0023185954325537156,0.014206409597630674,0.9942558267685662,-0.003948033221084643,-0.10444103192060897,0.01985363867018749
351.64,0.004212146965266303,0.4375872832913735,1.012793543290056,0.09397515377100647,0.00015188309027328595,0.014393121859640349,0.995470484468714,-0.008973521166436047,-0.10435321023353838,-0.012102412827016275
351.66,0.004096659971452661,0.4361288231789125,1.011869413353095,0.09544236123597062,0.003156701598891725,0.014224699893982265,0.995328312080815,-0.006255864480513945,-0.07006651115302134,-0.03680467665269953
351.68,0.004154372160991309,0.4350859802603421,1.0109204782152343,0.10521464707081538,0.0018031753999498898,0.014062457431865696,0.9943484670331713,0.00314292220195246,-0.061989951633664254,-0.03406544522603767
351.7,0.004226170868110221,0.4337155755846586,1.0100971077193153,0.10577552797123331,0.0006469761771899691,0.014012539673562105,0.9942910880804121,0.0006499776544184199,-0.07887202140247496,-0.022629914092458576
351.72,0.0042491095718736865,0.4323738013044774,1.0095844076990184,0.10873673912715612,0.0008726875475504395,0.01395393312745847,0.9939722570226552,-0.0006594991551852288,-0.06710292105890794,-0.006828902711606022
351.74,0.004322371241120393,0.4310520169428257,1.009410907961086,0.11424537562559352,-0.0003020080309795443,0.01376503525953085,0.9933571496413665,0.002394674450902489,-0.06881443701810017,0.010659336691298876
351.76,0.00439084897866257,0.4292863999110425,1.0092240796606073,0.10926605995344928,-0.0013065682412706382,0.013854123594642682,0.9939151293149252,0.00010078055731049806,-0.0918371527086363,0.010056754118633708
351.78,0.004376230504030473,0.4276342882228292,1.0090209246009203,0.10822476553982543,-0.0002966186968261944,0.01385641157756693,0.9940298345620173,-0.0038356281288725565,-0.07876740675481647,0.007132148946745026
351.8,0.004412100723799674,0.42620393030462544,1.0089378068103958,0.1135432702597462,-0.0008862506600272962,0.013713534042182455,0.9934380098036131,0.0013794644914534625,-0.07062800352621683,0.014288334477676268
351.82,0.004481070273765346,0.42452502877851817,1.0089791255520475,0.1131369073351516,-0.0023387770586203323,0.013646912051350699,0.9934829299549993,0.0002469175030062403,-0.08459448307431153,0.022959649684524477
351.84,0.004473636406078144,0.4228197668239235,1.0092095042738485,0.11365152430131535,-0.0019445530147314382,0.013664143822725459,0.993424803853393,-0.0030024101266259502,-0.07787161660699346,0.03273993086516697
351.86,0.004481475966147068,0.4210869079338374,1.0095303479101931,0.11439314281269966,-0.0021637890592075787,0.013636567452156185,0.9933396050306579,-0.00131647544725239,-0.08377597406385454,0.0352194514845545
351.88,0.004501180145393686,0.41927058991800853,1.009872833721674,0.113599628963599,-0.0027824662559549434,0.01363411912178218,0.9934291585093726,-0.0015950149841702417,-0.08334885871293926,0.03813407436346292
351.9,0.004487749595563831,0.4175189817933959,1.010301208701649,0.11523371951830744,-0.002666742485029645,0.013586416769692307,0.9932419079206509,-0.003038474298219269,-0.0803384886539121,0.04172691244469148
351.92,0.004476712469197528,0.4156185052635163,1.010703363141771,0.1131257499453538,-0.002693131933467703,0.01364239660779279,0.9934833651121119,-0.0028307541694790345,-0.09069131544775073,0.04047201998030171
351.94,0.004468779341810764,0.4137751180560343,1.01114204323225,0.11286844100366343,-0.0028855650054403154,0.013669840191667263,0.9935117130709312,-0.002709438371541831,-0.08181113402568241,0.04266355643440724
351.96,0.004449054751756932,0.4119502584457607,1.0115763565408453,0.11295731100215599,-0.0028179437858406246,0.013678946549048542,0.9935016816821651,-0.003378417125063962,-0.08680457700400115,0.04065741788374814
351.98,0.004429133587749199,0.41002593307122087,1.0119277161944042,0.11001413484323769,-0.002751528702573751,0.013778765436484373,0.9938307023067556,-0.0034788020610417012,-0.09161435348543491,0.036768006649662524
352.0,0.004394211042620127,0.40810493784167456,1.0121049747374846,0.10610461204381122,-0.0022619065214384516,0.01391478021138816,0.9942550346734933,-0.004517102157392253,-0.08757930946877786,0.027824393194926057
352.02,0.0043723305261551245,0.4065376764025964,1.0123559913385596,0.11097051688929914,-0.002196377045931926,0.013831871190134364,0.9937250120876365,-0.002404477572465301,-0.07179042543809327,0.0305788764199967
352.04,0.004378386296112961,0.40476289334297627,1.0126379344387286,0.10992615437744147,-0.002752710887235654,0.013851977048021233,0.9938394165550184,-0.002283305148720189,-0.08799188950779667,0.033537371320140535
352.06,0.0043282366281399975,0.40281314169636995,1.0128668404064096,0.10413826527693189,-0.0016965852511905755,0.013891773691085824,0.9944643593047026,-0.006546269139158113,-0.09748920659426549,0.028677463395263964
352.08,0.00420863925845049,0.40095007666690585,1.0127812789093265,0.09908150461285371,0.001321323136845657,0.013909830768801396,0.9949812189970243,-0.00849855353677046,-0.08483629354537518,0.009827753463744095
352.1,0.004212962745558912,0.3996322412788826,1.012616635653786,0.10684730305797979,0.0011228249722786746,0.013755553241583155,0.9941796506911292,0.0010316626404401055,-0.06354470542681125,0.0059293873769068455
352.12,0.004309623541491175,0.3980071607568486,1.01233783776496,0.10510669385978429,-0.0010578405307596994,0.013789176183834786,0.994364783416754,0.00198933073412811,-0.09156568433501827,0.0006687712292391364
352.14,0.0043030571101735715,0.3963029670589359,1.0118484233626528,0.10057623331453687,-0.00034559311493619196,0.013932114374843832,0.994831743586173,-0.004400331554597832,-0.0830403505641411,-0.009392709554522333
352.16,0.0042878439231893205,0.3950797285617745,1.0113880430515996,0.10833445299464793,0.0003546182909341884,0.013791043930326144,0.9940187763053221,-0.0007904746044793092,-0.061240078023637734,-0.008277293264160358
352.18,0.0043514902864726646,0.3936467830404738,1.0109812360279338,0.11038421651863976,-0.0009334577706960034,0.013726816801850382,0.9937937552131452,0.0009709523126285333,-0.08005709277828035,-0.0028081850011515094
352.2,0.004376948455452033,0.392084759926406,1.0107501056830028,0.1104558314675115,-0.0011725561009405137,0.013753972861246229,0.9937851692581968,-0.0014542935232512645,-0.0759767251011365,0.008816283265533388
352.22,0.00437602194079146,0.3904149405960095,1.010469582009457,0.10810348891451205,-0.0007815852800566945,0.013847156733087302,0.9940428969915581,-0.0023964197005407538,-0.08622425803795683,0.0032712559954352774
352.24,0.004384186021627197,0.38885274826876426,1.0101978881351643,0.10891756065513829,-0.0007177147565732735,0.01384185758033683,0.9939541502731342,-0.0014789220854208437,-0.0768418740216394,0.0037150648150881017
352.26,0.004423143490250666,0.38739394768050417,1.010046801373533,0.1129479784605434,-0.0015364432381633408,0.013744957724898253,0.993504639969534,8.731752093669077e-05,-0.07307170959155296,0.011016979053738767
352.28,0.004446891914904026,0.38572596640787965,1.0099723462203276,0.11218656547849562,-0.0019511518034012064,0.013761825934379737,0.9935899454401353,-0.0015880685926528582,-0.0851690037821389,0.015917699316565594
352.3,0.004453010537695897,0.38407926584685254,1.0100515675274804,0.11330525677862885,-0.0020522503061386602,0.013771694751603308,0.9934626553014857,-0.0017924551394360843,-0.07632571817517037,0.024458172711687456
352.32,0.004466283803332516,0.3824524412022115,1.0103205155256585,0.11622126380432966,-0.002488088518663067,0.013688313315253164,0.9931259020556412,-0.0013968084721170434,-0.07793193599562495,0.034141561417246
352.34,0.0044697172866604825,0.38059653708952357,1.0106616091420506,0.11416795529896152,-0.0027185369046089465,0.013732003680833466,0.9933628338199805,-0.002447130972829622,-0.08827715843247244,0.03876030215430243
352.36,0.004457930794934069,0.37879039470729897,1.0111137994226782,0.11455766287027316,-0.002691236505808318,0.013746240824665792,0.9933178443916937,-0.0028122518491726315,-0.08046537913976586,0.04357783715938245
352.38,0.004449067621426789,0.37696485819691516,1.0116055429534918,0.11488125627213853,-0.0028307960563001095,0.013731711217685556,0.9932802845411042,-0.0026615306728012553,-0.0856563908539554,0.04471439789353243
352.4,0.004436586402977216,0.3750619306176599,1.0120902383652233,0.11343128548235444,-0.0029145220263061137,0.013774944421904058,0.9934460729910569,-0.003063327408128346,-0.086288938859023,0.045451309749457366
352.42,0.004411656906185826,0.37314713975731456,1.0125043102961482,0.1114251579386655,-0.0027058287400833943,0.013854811541796483,0.9936725601858563,-0.003787341022401823,-0.090723788028661,0.0394568227196829
352.44,0.004392058318404078,0.3713186224310637,1.012869422340211,0.11123936610306684,-0.002682776960254752,0.013906960836170792,0.9936927103370894,-0.003100760390466382,-0.08251350167460093,0.03771387159326221
352.46,0.004369576894136746,0.3693835333274692,1.0129910721777236,0.10676719157776278,-0.0025128066596877873,0.014052711181739987,0.9941815598338821,-0.0039692553052040865,-0.09500299948921939,0.02393280782121702
352.48,0.004334902117458651,0.36771140754591936,1.0130834743675234,0.10843736667918592,-0.002054973978255947,0.01406930386347355,0.9940015942031631,-0.003670622596391103,-0.07501908483049621,0.022556249007377592
352.5,0.0043350207885542,0.366133187953113,1.013304877649545,0.11222616945891549,-0.002510041713648272,0.013986874432460243,0.9935810756665936,-0.0017863539337103853,-0.07711520987533513,0.030452229093360907
352.52,0.004327047595517419,0.3643377517051473,1.0136301433365293,0.1107556535813944,-0.002650252522149674,0.014037859425358078,0.9937449873403543,-0.0031310987003982764,-0.08438875210257497,0.037470725607026925
352.54,0.004292385788398452,0.3624562836646694,1.0139229830481062,0.10715742539960971,-0.002063949614179209,0.014175689917413956,0.9941388615827683,-0.00433565631962535,-0.08839532607705372,0.03361322103428438
352.56,0.004269294459520631,0.36074888617068945,1.0141887761250499,0.10788061897386181,-0.0018137250316704267,0.014224395603701293,0.9940604352960817,-0.00300626884087522,-0.0789383373357178,0.029956118373548703
352.58,0.004273917015968771,0.3591187612699975,1.0144275742737716,0.11015261491762242,-0.002254364754624838,0.014205503035643614,0.9938106071832135,-0.0018539746468495418,-0.07710744982758591,0.029537591417732555
352.6,0.0042644414728818195,0.35737316236104766,1.0146099030667253,0.109105828516127,-0.002241580995050979,0.014271187937337088,0.9939251615153474,-0.0031632971671399154,-0.08519940401439625,0.027151286382369143
352.62,0.004251595266947314,0.3557062294408692,1.014835293477031,0.11042239618835158,-0.002184814994419314,0.014299524681476668,0.9937794748319904,-0.0026466689754181837,-0.07602579365587855,0.030016252378705106
352.64,0.0042511252368941915,0.35407183232152356,1.0151593488471018,0.11304400849263999,-0.0024799926616019606,0.01425034967144187,0.9934846900252444,-0.002192888621606318,-0.07763878477212491,0.03541748129463089
352.66,0.004236880519551936,0.35219027277830356,1.015438290687834,0.10938487403347046,-0.0023397058768299555,0.014327546257194627,0.9938934533074155,-0.0037844594245813336,-0.09493085769291079,0.03182922170649356
352.68,0.004173914747743258,0.35018938198749194,1.0153463849066517,0.10139329041624091,-0.000808840180062779,0.014525162227305587,0.99474004950962,-0.00657879999881326,-0.09331385603003947,0.011049146321291921
352.7,0.0041109584044617155,0.34862279016175063,1.0148969133119436,0.10269847441442807,0.0007167790943723902,0.014578838776384086,0.9946054328428994,-0.005062023532980603,-0.08482194802695511,-0.014153009270074814
352.72,0.00410624192700105,0.3470018025739924,1.0139501383916976,0.09926568424704413,0.0009942180483589272,0.014683469626518073,0.9949521250699279,-0.0018170865599296392,-0.08509492174314363,-0.03330400014147862
352.74,0.004132870000410064,0.34578368306112317,1.0129903712116355,0.10499469973024331,0.0006088541141788812,0.014550652384178093,0.994366140232268,-0.00019772300678597984,-0.06628134748678727,-0.03365597002723207
352.76,0.004178829612616717,0.34449930453702404,1.012206883908885,0.10864446687266079,-0.00010036432519670099,0.014435568397979706,0.9939758468443711,0.00036061665627339074,-0.07470665778926752,-0.02163271328024839
352.78,0.0041835351271496185,0.3427552176504736,1.011173339908964,0.09946866980170087,0.0005117891048619915,0.014627356354743909,0.9949330441018952,-0.0035986004284722568,-0.09798145381058779,-0.03726063139916067
352.8,0.004141292484364733,0.3415044066753076,1.0098689381843942,0.10254146094092222,0.00223489537393772,0.014527448475459486,0.9946201321467215,-0.003119742646859814,-0.06497766414462755,-0.05462361115571303
352.82,0.004185298660403774,0.3404552644607875,1.0084744759516333,0.1095778239616054,0.0016763392306281004,0.014408972359181881,0.9938723619752063,0.0014425523469571064,-0.07077930547538178,-0.056821444875629845
352.84,0.004253247500556379,0.3391306211075448,1.007187596481097,0.10963216143961244,0.0007539394228855677,0.014368681814121292,0.993868080650722,0.001140510623848723,-0.07908016572976773,-0.04475155997671368
352.86,0.004301557029427496,0.3379026117324426,1.0062764802805404,0.11437302935373808,0.0003363062837860484,0.014240818313287492,0.9933357419061797,0.0005949027818382503,-0.06719209889428543,-0.025783906617130897
352.88,0.00436490384959316,0.3364863482398127,1.0056668061502503,0.11627086357101231,-0.0005255148589836523,0.014142901862893081,0.9931167043431908,0.0009529728209865318,-0.08334019618337543,-0.011788690260784948
352.9,0.004401672143330913,0.3347426669621929,1.0049928879440544,0.11064538278393937,-0.0007076309672155446,0.014284406470931005,0.9937570398536973,-0.0014440568365787407,-0.09000642975601823,-0.013558003574687333
352.92,0.004414937316761741,0.33336582827228545,1.0044627887478679,0.11593403601447524,-0.0005392325523340944,0.014167322529459663,0.9931557257016621,-0.0007694467503403308,-0.06884900123510082,-0.007949311175126029
352.94,0.00446029236944273,0.33182319108420566,1.0040862839857507,0.11768300888081577,-0.001287062613028361,0.014102703736412656,0.9929502337166304,-7.567964714173352e-05,-0.08528324161747616,0.0015754910675740137
352.96,0.004490687100440089,0.3300939323488902,1.0039062712111093,0.11625279008455992,-0.0016932337020017481,0.014134541673577274,0.9931176347688442,-0.0012371252805281948,-0.08360390593258069,0.014875040517173244
352.98,0.004505092713686404,0.3284102380446687,1.0039308469406234,0.11759477100233187,-0.0018495699175389824,0.014093491877281152,0.9929599299119448,-0.001591619506680035,-0.08332674251221148,0.021708168245566248
353.0,0.004526304882644548,0.32662629268865634,1.004034447827869,0.11722261665876228,-0.002305644945989481,0.014084555788214022,0.9930031054499803,-0.0013629199708857906,-0.08536801377106765,0.027401107703033473
353.02,0.004533229800586975,0.32483765814639215,1.004250571754845,0.11771715763696808,-0.0025160005882811556,0.014062268110831035,0.9929444058730036,-0.002287267196650912,-0.0848516473748424,0.032362748095116425
353.04,0.00451473361649886,0.3227509326076145,1.0042018461319964,0.10957386339260641,-0.002049725843531591,0.01425861081216493,0.9938742672505874,-0.004283410911747587,-0.10449730081080737,0.01757454354399407
353.06,0.004453461556451142,0.32093900592146124,1.0039778332873335,0.10757787904255194,-0.000508391084426879,0.014267644656844129,0.9940941483557568,-0.0059284109523493455,-0.08522341725746713,0.00600258540739181
353.08,0.004470599172714001,0.3194394304834164,1.003814497936961,0.11270530182273081,-0.0010956992867441648,0.014155874981798926,0.9935270130135466,0.0004103664099264186,-0.0744446488825717,0.010738239333128724
353.1,0.0045199521803443695,0.31772574731163516,1.0037865637590528,0.11204639926775985,-0.0023323942756967838,0.014124214969541263,0.9935998545186924,-0.0008894644904045479,-0.08657732700895707,0.02000673142872881
353.12,0.004500512064653097,0.316026726601866,1.0039849505645067,0.11291889271622588,-0.0018090989762219358,0.014152083630157169,0.9935017711899464,-0.0034904385661601533,-0.07742000093751085,0.03139415995913206
353.14,0.004507440910343286,0.31430943995207183,1.0043134420162227,0.11409580172224891,-0.002098469021476667,0.014121362255423686,0.9933671685661724,-0.0014033435884244871,-0.08302379157084556,0.03580985314787048
353.16,0.004523837029949436,0.3124954265673556,1.0046969379004635,0.11343834697418903,-0.002654889293232141,0.014125094702444328,0.9934410776177172,-0.001867942109845893,-0.08276125390510289,0.04051826075879376
353.18,0.004508309674154216,0.3106852014102985,1.0051125661904188,0.11338264661450455,-0.0024517297130295683,0.014152284266520933,0.9934475714994446,-0.0033250496472749655,-0.08501860299585066,0.03999272952430384
353.2,0.0045013664955112255,0.30887489593955847,1.0055297674618242,0.11355169313046069,-0.002568213776382101,0.014180112460978243,0.9934275724358563,-0.002406187207888466,-0.08225216529788315,0.04115278952560821
353.22,0.004496198455559483,0.3070362280567877,1.0059202251850707,0.11295687216197518,-0.002759905163744524,0.014207382538970352,0.9934944782112589,-0.002881097894432534,-0.08715098688414938,0.03879488568183252
353.24,0.004478562666022749,0.30521745719788235,1.0063150297694197,0.1129581975499651,-0.0026746436945885095,0.01424475891951109,0.993494025513337,-0.003234337607312658,-0.08231372078562739,0.04011377427269862
353.26,0.0044598244641786645,0.30332317449495044,1.0065943570816573,0.11038455756252101,-0.002560412865120639,0.014351255646750587,0.9937820360617555,-0.003471051337825074,-0.09094829151995192,0.03308099103611851
353.28,0.004446520639471092,0.301582484953027,1.006915427729877,0.1117752800833047,-0.0026458105484229912,0.0143671489166393,0.9936261225837653,-0.002813785544867335,-0.07765018558466372,0.03578996687024614
353.3,0.00443428271870904,0.2998726302201003,1.0073608265516476,0.11415101742462522,-0.002776231775020986,0.014317012599422103,0.9933563614878007,-0.0028755770784986067,-0.08029649665547092,0.042773912694051903
353.32,0.004417647259632396,0.2980021342360974,1.007884880675281,0.11285560596527218,-0.002767153626604776,0.014372181843764282,0.9935035960941802,-0.0032740271757438814,-0.08545647179243113,0.04783555909756529
353.34,0.004398025122784498,0.29618366270833735,1.0085017080399385,0.11365812806309042,-0.0027238768000585074,0.014381583910608222,0.9934120899529029,-0.003217980885762593,-0.08041501013181425,0.051148520129097784
353.36,0.004379588664867858,0.2942891142048151,1.0090817951789326,0.11249466349184929,-0.002693759299494265,0.014427063748255938,0.9935439367125621,-0.003419391717125161,-0.08847374535264374,0.04844439340611771
353.38,0.004360702008936864,0.29241372565112067,1.0096468487297328,0.11189369651115225,-0.0026555754515732105,0.014478311338244605,0.9936111548794548,-0.003291586733164503,-0.08267798788322701,0.04859826373915867
353.4,0.004342260299838046,0.2905947318848541,1.0102087891754108,0.11262719577993313,-0.0026362788698434648,0.01447756783219948,0.9935283412334713,-0.0032606064194680277,-0.08376139449127165,0.04710509312572268
353.42,0.004325177701865636,0.28872895512312824,1.0107302192831917,0.11190712375619795,-0.0026260494211371344,0.014519632421586246,0.9936091182106749,-0.003262223677499699,-0.08459580652426729,0.04611105451135569
353.44,0.004304039737829468,0.2868327132628939,1.0111575476822958,0.10990548514829004,-0.0024775092974928356,0.014608370312646632,0.9938315962972843,-0.0037060103443454216,-0.08976510934610579,0.03960597019728272
353.46,0.004286149155049437,0.2850485922919775,1.01155448612367,0.11045316539445964,-0.002428674092038744,0.014648146466697801,0.9937704119169523,-0.0030812400766979096,-0.07942456451829341,0.039001096552431495
353.48,0.004275373780087323,0.2833356278414394,1.0120158245504198,0.11273108475108083,-0.00256576513599445,0.014607873620813906,0.9935148360283251,-0.002802619762629536,-0.07967407420893867,0.04258173792233028
353.5,0.004260293916732618,0.2814945033273783,1.012507985404392,0.11180598107104314,-0.002539248872378469,0.014654169347426672,0.9936187549219482,-0.0032692929030998753,-0.08474554661802419,0.04512487880311297
353.52,0.004242682791870021,0.27969515895508634,1.0130487141621933,0.1123958705292396,-0.0024654081227814145,0.01467313770610512,0.9935521068774502,-0.0031715708673710403,-0.08050460149730765,0.046616841097451935
353.54,0.0042272448327515325,0.27781634166042496,1.013501344799202,0.11061981377187637,-0.0024097787438178467,0.01474449716141365,0.9937504966393417,-0.0034039191747304515,-0.0898182653585967,0.040895028347042575
353.56,0.004212217885975296,0.2760015357456486,1.0139214805894166,0.11037015752652474,-0.002367657070925339,0.014800940274417296,0.9937775177043188,-0.003091268779863039,-0.08038506146357782,0.04058038466396987
353.58,0.004199337028512122,0.27424036222321835,1.0143216649480493,0.11115555632510876,-0.0023766944041432214,0.01480486077582808,0.993689896154315,-0.003091295201437101,-0.08412187677132123,0.03778450953399441
353.6,0.004187084275638436,0.27243008240996175,1.0146789696820264,0.11036628407206246,-0.002370329032123756,0.014863795545975833,0.993777003387768,-0.003067764476504952,-0.08281371481004458,0.03756064593111217
353.62,0.004171837250212642,0.2706601998726454,1.0150008489718096,0.1103788465387796,-0.0022809611019746043,0.014902544488743728,0.99377523697312,-0.003278391782952087,-0.08404857401461796,0.03373496293816908
353.64,0.004159444903869115,0.2689199626853606,1.0152796191049778,0.1108799796995649,-0.0022606939726719307,0.014934211342550012,0.9937190189868371,-0.0029450239954418064,-0.08040735612960923,0.03262924943036534
353.66,0.00415044989198319,0.2672209020919864,1.015576654688382,0.1124456376094046,-0.002325842380442051,0.014921728165913271,0.993543109818783,-0.0028232143739562385,-0.07995724658430042,0.033738390240858965
353.68,0.004139149112798201,0.26545877181388977,1.0158781974902462,0.11249231917936209,-0.0023002638292998192,0.014947051505524327,0.9935375043566576,-0.0030597849699189345,-0.0830030424712169,0.034561544462846525
353.7,0.004125307307675909,0.26359208409915236,1.0160765817823687,0.10952883557822064,-0.002162124019019273,0.015069104356582834,0.9938670341099436,-0.0033900808369154148,-0.08948264249651393,0.029058288139408077
353.72,0.004115439648622657,0.2619098519880643,1.0163200745090677,0.1115032804055653,-0.00217763278308152,0.015073041743834465,0.9936473618879328,-0.0026952908377610315,-0.07623001913798047,0.03099046178433601
353.74,0.00410756878759253,0.260111076242526,1.016454658624802,0.10970889586578067,-0.0021779172010565717,0.015149942417728436,0.9938459106367123,-0.0031615417562201667,-0.08967997347754947,0.024831701971397398
353.76,0.004079253015296906,0.25828531549955686,1.0165231842976241,0.10677786488327942,-0.0015805598244488792,0.015239696598065785,0.9941648460135816,-0.0045511945866164956,-0.08725604004565073,0.022083626546740447
353.78,0.0040684683064681725,0.2567010159504613,1.0166603326443482,0.11001734527092259,-0.0014969391948760904,0.015220350513128091,0.9938119962260684,-0.0019996143589034827,-0.07288770827706778,0.02476548322813974
353.8,0.004089820406621673,0.2550640920687516,1.0169006934996356,0.11194030395846627,-0.0021759488378365545,0.015174384242357064,0.9935966846055831,-0.0015770455834474295,-0.07984842322737026,0.03142698680462116
353.82,0.004079683719179709,0.25329661686908905,1.017219635116905,0.11111589769447672,-0.001971355111819773,0.015237903695770834,0.9936886722356918,-0.0033064547089325033,-0.08198926865011744,0.036315727008487106
353.84,0.004073719518671402,0.25159607877814594,1.0176262999936128,0.11282134105854434,-0.001947937151016732,0.015227092240763374,0.9934966966248547,-0.0023280993344290115,-0.07773286620324421,0.03941963027290601
353.86,0.004076908376782852,0.24965115574922972,1.0178664906028212,0.1077434349219695,-0.0020754589578137303,0.015323948045515352,0.9940584597082951,-0.0032791290840358373,-0.1025924632896511,0.027313647078301268
353.88,0.004002918483354744,0.2476044060230682,1.0174653488002612,0.09773705724690795,-9.667842878606777e-06,0.01560168219500122,0.9950899733491105,-0.007760487685672221,-0.09646554139850665,-0.008696925734063023
353.9,0.003955354126394767,0.2463142452217028,1.016661140631109,0.1049264116794473,0.0012018929334489164,0.015488159776411261,0.9943586478188803,-0.002387761021266857,-0.06663581553878141,-0.02948055737525903
353.92,0.004008269756987415,0.2449784734599471,1.015811605529528,0.10866491657479672,5.7395085135182224e-05,0.015422300274237433,0.9939587945512872,0.0006303199597475829,-0.07863212377068671,-0.025301850335375835
353.94,0.004025657320872575,0.24342405690432015,1.0150920956131506,0.10666588106814613,0.00017795747009543116,0.015432541616753037,0.9941751328645985,-0.002574281139566109,-0.08330157291079421,-0.01643764077575295
353.96,0.004031690577856829,0.2420632821919149,1.014625751801438,0.1108649073076109,0.0005664482221787508,0.015351249283496517,0.9937167557254544,-0.0007771955638971262,-0.06791208557586283,-0.004979640106642822
353.98,0.004108308422973744,0.24063401432269368,1.0144289825843291,0.11459925689099813,-0.0008675409147852328,0.015208025259375918,0.9932950083738982,0.0017995155671378968,-0.07524022832121698,0.010273243984250908
354.0,0.004147131562925719,0.23896534440299974,1.0144392996766463,0.11394970088808143,-0.001255656752182888,0.01520672714776334,0.9933693393914929,-0.0013900681010228697,-0.08141322691222211,0.02233661366187764
354.02,0.004157153563339816,0.23724852794630694,1.0145689840407728,0.11359458360106067,-0.0010385876573598646,0.015255752977528963,0.993409509675274,-0.00191607387376251,-0.08315182537605295,0.025900319177640758
354.04,0.00419089564217698,0.23544006087144329,1.0146341869812618,0.11121709408046271,-0.0015439875723759235,0.015321729889707933,0.9936768180247845,-0.0010286764732058697,-0.09255019210277822,0.020094400587820076
354.06,0.004200236832481757,0.23353935365275882,1.0143900688988021,0.10535699517058776,-0.0014241955319323524,0.01550215493556261,0.994312605988713,-0.003096288536436383,-0.09082456976622406,0.00531008757551271
354.08,0.004190558053583099,0.23207153336200628,1.014092397560071,0.11005163951597105,-0.001018634371170778,0.015430986553088635,0.9938055562723842,-0.0023769398661179987,-0.07377157200143877,-0.0002357949329029079
354.1,0.004214589248197867,0.23042359333398774,1.0136190309968378,0.1085017622563434,-0.0014609772620276268,0.015488512429574068,0.9939745163309907,-0.0011452856792733784,-0.08661795349123196,-0.004906558195049563
354.12,0.004223304281248783,0.22874930084918324,1.0131286296439634,0.10588606244494196,-0.0014627087779769767,0.015502000602619671,0.9942563503645592,-0.003204200607196673,-0.09280078264471386,-0.010063411622458452
354.14,0.004152071376451597,0.22692225683959905,1.0121257555115244,0.09699119938248678,0.0007783739245288467,0.01567007809863462,0.9951615698110348,-0.007224677599187932,-0.09421015959717245,-0.03790236454491781
354.16,0.004107934618969227,0.22579490130450813,1.0108849330449923,0.10465044841231882,0.0021336892164295924,0.01550256684851101,0.9943859418950651,-0.0017307537201663413,-0.06068223864727126,-0.050553604303559006
354.18,0.004165689703220652,0.22468846805050213,1.0097444262487016,0.11164663097851266,0.001069749308442329,0.015387810302487386,0.9936282507666836,0.0012217190486973337,-0.07147310359015156,-0.04060714834956044
354.2,0.004212444397347714,0.2232671066826583,1.008856261623367,0.11150972661467318,0.0006502395751345804,0.015387110207253639,0.9936439980688685,-0.00021794600084729666,-0.07879927525982473,-0.022569295476218686
354.22,0.004260414151370415,0.22191804824709674,1.0083836509599111,0.11587770662120876,0.00019353212472346233,0.015267566356252243,0.9931461227186477,0.0006322434313143319,-0.06926813273389487,-0.0030024214453593873
354.24,0.004328363631609614,0.22040779376631373,1.0082406512652842,0.11848049777376425,-0.0008034230761901084,0.015133433537226444,0.992840725065212,0.000958095173355477,-0.07826598579991387,0.014846737222344517
354.26,0.004373405405236021,0.21863992990819028,1.008293294655472,0.11665541045132509,-0.0012543880771965802,0.015143062182025149,0.9930562065617112,-0.0008497594306658935,-0.08768829454480094,0.02488772052846753
354.28,0.00439931055347861,0.2168094212621118,1.0084190678374183,0.11462702866812856,-0.00137905618655701,0.015201864283868207,0.9932913197169525,-0.0013594687211601559,-0.08457230325061982,0.028498810297931637
354.3,0.004431430167665896,0.21509924626727284,1.0086709807741232,0.11673069106136545,-0.0018857107123058776,0.015126921978339628,0.9930466082168081,-0.0007849473273473621,-0.08127254123702743,0.03289967519449921
354.32,0.004454951510067747,0.21325191988914435,1.008968810475313,0.11575383995905278,-0.00227164856258709,0.015119873843504904,0.9931602476753177,-0.0017487221734151538,-0.08747641209508118,0.0367939094270705
354.34,0.004459500752022694,0.21137441914356958,1.0093105319049254,0.11451833415986515,-0.0023079452291234373,0.015157625206826394,0.9933028092823247,-0.0025493174771212077,-0.08718777285874929,0.03822425409647736
354.36,0.004458097939138518,0.2094096415187475,1.009532153555377,0.11055045430362108,-0.002274968323213353,0.015265328731919065,0.9937506685839752,-0.003244819237600863,-0.10015601821190849,0.027924227256931927
354.38,0.004424424169453906,0.20739853907365854,1.0093553617723205,0.10344668045971987,-0.0013726121925943303,0.015459301351307948,0.9945139065087842,-0.005159057218187114,-0.09412399110965655,0.007903311836289919
354.4,0.004403164475689074,0.20596263993706804,1.0091138706325244,0.10996127578466561,-0.0009712765230476288,0.015355277784379125,0.9938167788349566,-0.002138025679201319,-0.06853773963714785,0.003966402068435331
354.42,0.004425503826893706,0.20439597300881823,1.0089773778061757,0.11214846899952859,-0.0015664270916996203,0.015313219567532196,0.993572228131254,-0.0013891589030242003,-0.08253428557019207,0.0132409513662746
354.44,0.0044068189287137394,0.20249932474747584,1.0088590289385961,0.10573448061515553,-0.0008513950913714946,0.015366388358533153,0.9942752983174511,-0.005099037612562587,-0.09742010099092083,0.013287793267527565
354.46,0.004340808957105591,0.2008582398535746,1.008682651392382,0.10583525364317692,0.001112460000461006,0.015333097725993297,0.9942648327448562,-0.0050727445968535645,-0.07459602165362318,0.007280719120288506
354.48,0.00439761515916499,0.1994783174654194,1.0086226534018095,0.11251547447245591,-0.0001308328719900137,0.01517443803923834,0.9935340896603353,0.0021724367494423626,-0.06973308410591499,0.014746741447700959
354.5,0.004459296373459982,0.19779107467921703,1.0087120982848616,0.11178671723914889,-0.001200028376879698,0.015131120418373355,0.9936162936343556,-0.0005208319866798927,-0.08368461795126325,0.026069168090564594
354.52,0.004466959723909795,0.1961095598479253,1.0090356294737988,0.11294960135611544,-0.0009218307175266439,0.015128388891646354,0.9934851129388733,-0.001972812308182435,-0.07577731882372699,0.036983256247463105
354.54,0.004506540675770884,0.19437564526413084,1.0094480097993683,0.11370636210824522,-0.001605579840233443,0.015071901753566394,0.9933987734575759,-0.0001793360844725147,-0.08320929701345796,0.03958115937099583
354.56,0.004538746415264734,0.19255310180156238,1.0098797399580108,0.11287406646939584,-0.0021683638802283177,0.01506516995874574,0.9934927196365656,-0.0013810486865524435,-0.08256443569691313,0.04238523435948851
354.58,0.004539105188855366,0.19071769956416854,1.0102792079037342,0.11194909219363905,-0.0020346650749435732,0.015100105146370306,0.9935971254586143,-0.002744688479255051,-0.08750204235390714,0.03823521132078185
354.6,0.0045493920666789325,0.1889166510810509,1.010645880222762,0.11190070461687142,-0.002314680724669865,0.015125586936641273,0.99360157567267,-0.001736525139118644,-0.08127475978464474,0.03812585041366458
354.62,0.00455645255299429,0.1871327760941037,1.010988484201929,0.11209401602697357,-0.0025977065582948942,0.015121432433904791,0.9935791492240206,-0.002463239826429843,-0.08546646737639149,0.03552175242778487
354.64,0.0045468269982956435,0.1852818321820576,1.01126417797942,0.11020276934321627,-0.002506169084031183,0.015202596604310288,0.9937896909316853,-0.003281174901049167,-0.08847500110201537,0.03252044371326234
354.66,0.0045312091218037715,0.1834504745931571,1.0114401736264742,0.10818681964195408,-0.0023171199197095094,0.015304159434936414,0.9940100732462559,-0.0033127611774470024,-0.08363480215992142,0.02829030175211881
354.68,0.0045223416761869546,0.1817520419584417,1.011569069605994,0.10895378487328498,-0.0023662996432535477,0.015329673384961127,0.9939257892326241,-0.002957217751776887,-0.08428891525052959,0.02221686574745463
354.7,0.004516017154517998,0.1800596631047991,1.0116406418340727,0.10923176875838635,-0.00248126702796778,0.01537387563663349,0.9938943142788169,-0.0027875373380424583,-0.079287670992027,0.022438687132216698
354.72,0.004504601276269803,0.17841233491431963,1.011728864181817,0.11049266247144669,-0.0024834812812995037,0.015384503985721887,0.9937547589308993,-0.0031238838808372612,-0.08123794591663105,0.02175975551690324
354.74,0.004494388405751069,0.17674046994739395,1.0118334196304275,0.11118990186152124,-0.002528579448417494,0.01541751965812226,0.9936763618490628,-0.0029025798892106888,-0.0790954314627775,0.024407348033822128
354.76,0.004483656295652052,0.1750736880819,1.011973017468062,0.11232080627798204,-0.0025737938694506217,0.015426340018969392,0.9935489117782781,-0.003047668208870212,-0.08060308952966361,0.025419660469320315
354.78,0.004470801581259163,0.1733744293013968,1.0121329569498254,0.11297998642523108,-0.002567247140279999,0.015450788967379987,0.9934738069168008,-0.0031383028975641657,-0.08083391279660343,0.027298360369626552
354.8,0.004451256678386775,0.17149777082628415,1.0121162945006608,0.10850006215473836,-0.0023098659739553347,0.015598755692164266,0.9939713677226605,-0.004028383295360866,-0.09322192750342205,0.01776934572246501
354.82,0.004423153652304088,0.16986480554832242,1.0121092229138218,0.11038284731100302,-0.0018777961232445016,0.015609559130149218,0.9937647823126948,-0.0035506944703682522,-0.0750046112783453,0.017678955227642946
354.84,0.00442755791063128,0.16826005708110778,1.0121701466095436,0.11281434954916736,-0.0022738368686317173,0.015561428860503443,0.9934916175456704,-0.0019109887000627885,-0.07993668797857655,0.022296465403612516
354.86,0.004427465959219311,0.16651974598489575,1.0123233415401585,0.11221824095915292,-0.00246806259399753,0.01559557040723079,0.9935581277644197,-0.002930215830080634,-0.08262615764997223,0.028574949819743806
354.88,0.004411181705423975,0.16483460363380095,1.0126088009276257,0.11399067264981672,-0.00228345873232526,0.015581510055806297,0.9933569997284163,-0.0031729165580843635,-0.07809095253973171,0.03414017113891439
354.9,0.004408146777825203,0.1630272833108307,1.0128980536591183,0.11292041433862277,-0.002432374370423294,0.015620439355169727,0.9934782662216961,-0.0027820500930297648,-0.08767914191499102,0.033998522978596964
354.92,0.004401083341755697,0.16123313801698833,1.0132226181371804,0.11270635574415351,-0.0024880749061392256,0.015656916031753187,0.9935018610141143,-0.003049811949774393,-0.0812146251133163,0.03666094907079386
354.94,0.004387739438058134,0.15945080161645386,1.013545967045912,0.11287680750987514,-0.0023984581549558555,0.01567313975178009,0.9934824741358947,-0.003296653472226242,-0.08571667162682096,0.03478539264869951
354.96,0.004380502733282091,0.1576356448509046,1.013845971291003,0.1121704122020775,-0.002471184444784992,0.015721353668175904,0.9935615385635134,-0.0029312812998678146,-0.08349093553600226,0.03523641187646355
354.98,0.004369850168423769,0.1558685549003963,1.01414413172348,0.11268811248598926,-0.002468811406676309,0.015732185508448022,0.9935027894342879,-0.0032156583780685345,-0.08343976367172966,0.03369716061822411
355.0,0.004357221912757299,0.15407849436477075,1.0144016603878518,0.11241413859290343,-0.0024100306919953795,0.015770636569104626,0.9935333614019634,-0.0032741290034985168,-0.08463940768055808,0.032067030053600835
355.02,0.004331724342208569,0.15205148182673722,1.0143204566838318,0.1044248683140572,-0.0018797234001197182,0.01599276421216567,0.9944024059757623,-0.004875843786159031,-0.10125165261568787,0.013328151876888492
355.04,0.004264822452490937,0.15035985902468046,1.0140117570452603,0.10370099804929966,-0.00024178597615805083,0.016002703290455247,0.9944797423932368,-0.006129667692841893,-0.08005767895438018,-0.0006524670083408549
355.06,0.004286549033668651,0.14896172911525796,1.0137274209911964,0.10930679166061426,-0.0009410613068490263,0.01589846850385048,0.9938804648445968,0.00043423215706394296,-0.07143224224629437,0.002887459037278943
355.08,0.004329022841515885,0.14737567226427,1.0135878569266794,0.10987660179779338,-0.0019285068467896306,0.015864380040541762,0.9938167510585844,-0.0014188739669684272,-0.08072141910125777,0.013102376546687309
355.1,0.004312561435313028,0.1457782375977179,1.0136561265799007,0.11132889468609761,-0.0013686995913557768,0.015890258582167,0.9936556262365711,-0.003364795519558505,-0.07522269272192596,0.02323024619113853
355.12,0.004332290554703282,0.14418307715500112,1.0138956156684886,0.11403226510334667,-0.0018483466629336085,0.015832776160945337,0.9933491578136315,-0.0008354724841010122,-0.07620977141479009,0.03155504398420876
355.14,0.004354814669587606,0.14241809331292454,1.0142019651621803,0.11331181100168967,-0.0023672662425941395,0.015829143141606168,0.9934305550794462,-0.002042085458450106,-0.08483984862469171,0.03528380011001033
355.16,0.004346197405097337,0.14059216594328933,1.0145076670906905,0.11169235718310215,-0.0021314374967039106,0.015918722087203824,0.9936130376601298,-0.003210844390186701,-0.08321585957452186,0.035862549482588234
355.18,0.004348929478070568,0.13889519235357942,1.0148999516745665,0.11407015874195654,-0.0023337085802032065,0.01587933053461199,0.9933430422319472,-0.0020684118836604313,-0.07863135755607215,0.03888971082114024
355.2,0.004347566059515372,0.13685614559140988,1.0150016654817646,0.10642812774120201,-0.0023237888509328648,0.016086555491330094,0.9941875458701457,-0.0037688085339676893,-0.10154387068924371,0.023579865122414938
355.22,0.0042637556192096065,0.134907067606075,1.0147746535293163,0.09954772361298411,-3.955798784673972e-05,0.016041170853446442,0.9949034777285127,-0.0093017198610728,-0.10129634031753627,0.0015546557519775215
355.24,0.004098063814704356,0.13307313656079658,1.0139226886029253,0.09208981391484769,0.004638313152174209,0.015905042618351822,0.9956128674557895,-0.010480638953509062,-0.08984359755175197,-0.033162210681633345
355.26,0.004099839453142937,0.1319854290609614,1.0127790001220278,0.10112897926275209,0.004954764847901364,0.015658258317435822,0.994737753784906,0.0025396945014561525,-0.059108168619707135,-0.046808312891642875
355.28,0.004239200025025215,0.1308464146502181,1.011703028193462,0.106909820140322,0.0023116719844375015,0.015411559526742929,0.9941465839418018,0.0047764323506105915,-0.0719886316442627,-0.03766765824379532
355.3,0.004297741285296432,0.12948348313516636,1.0109035074492874,0.10775334130389967,0.0022137216900291767,0.015364322058913178,0.9940564644333814,-6.094074499011755e-06,-0.07345737045951801,-0.01973710413814011
355.32,0.004376955691563402,0.1282083068903999,1.0104992648990219,0.11316179539705369,0.0014839911319772616,0.015170447348252136,0.9934596435487902,0.0031557243731023766,-0.06583166961231587,-0.0010207171971917616
355.34,0.004496680179913708,0.1267048376414124,1.0103456907230497,0.11467954960636634,-0.00033455616488968406,0.015005596555938729,0.9932891427204135,0.0031391921982263176,-0.07878808749453299,0.012548205139525958
355.36,0.00455351643586224,0.12499734565402529,1.0103307017007463,0.1128767697279327,-0.0006505618170014708,0.01501539521150366,0.9934953193305703,-0.00039453778019391173,-0.08380491104947183,0.020046549540568566
355.38,0.004605343119941514,0.1233907730020242,1.010498664876152,0.11552976293556598,-0.0012023954727248991,0.014930566331810217,0.9931910724076161,0.0007399836102295899,-0.07441914169065897,0.028540799308317606
355.4,0.004665471801123365,0.12165800576312823,1.0107734339798937,0.11603206802535268,-0.00219867521018939,0.014846473727014533,0.9931320693819896,0.00011297420098309744,-0.08471672272212896,0.03439180546657179
355.42,0.004685112477035972,0.1198121413236835,1.011125104926799,0.11473818354372753,-0.002362053352518383,0.014868212248504403,0.993281685226089,-0.0019287435362126224,-0.08450423826103867,0.03956635542075153
355.44,0.004692654801359566,0.11797346628513143,1.0114972486222484,0.11420038738653313,-0.0024639256073767275,0.01487632879462251,0.9933432918346816,-0.0021181071982278336,-0.08691965476465452,0.038079006305298244
355.46,0.00470291548781113,0.11613422373655874,1.0118410776369855,0.11371647378184643,-0.002811795475774721,0.014882109392518042,0.9933977955566713,-0.002075351726864941,-0.08463732302239244,0.037484226381997714
355.48,0.004693606475944308,0.11417158777816282,1.0119862561723345,0.10907543336168675,-0.002707759905385538,0.015001583861340448,0.9939165811852151,-0.003606110932737029,-0.09553964227838622,0.026394979551618257
355.5,0.004665357867236297,0.11240725835079159,1.0120719190557264,0.10895395044366588,-0.0022422339384694317,0.015062779406294852,0.9939301392684707,-0.003918256612085845,-0.0834683224179827,0.021229797412375052
355.52,0.004651656462553162,0.11062562539551862,1.011934344167235,0.10664435295684119,-0.002152784130373857,0.015176256839344293,0.9941790727687094,-0.0030108475500639454,-0.08653709920226442,0.011404342128165669
355.54,0.004648642183039496,0.10900738507729457,1.011766695975098,0.10768804443105202,-0.0023588664555781696,0.015201920490951431,0.9940657032857775,-0.002708192216010202,-0.08103854285317144,0.007592433200231471
355.56,0.004639398029184777,0.10745713159011852,1.0116001243628596,0.1099169418899537,-0.002406087326333894,0.015196638980700004,0.9938216835997437,-0.002816667659833996,-0.0761134316774568,0.009514154308622591
355.58,0.0046343580431854195,0.10590413216375631,1.011535907491087,0.1123187086165607,-0.0025858491135000426,0.015171379947085261,0.9935530435309287,-0.0025340240333030875,-0.07718572496679278,0.015696514632382023
355.6,0.0046268764783672315,0.10426634489300265,1.0115732150071095,0.11326815815266365,-0.0027048510892267266,0.015179930458363664,0.9934448036204968,-0.002878765721375288,-0.07967966263834249,0.02164238226385421
355.62,0.004612897370803458,0.10256772340207194,1.0116688421643645,0.11343093275353397,-0.0026738252197016222,0.015217143147969708,0.9934257459457008,-0.0032243180805558275,-0.08217039075661124,0.024342396479233593
355.64,0.004598648547350702,0.10081278209801743,1.0117588176749532,0.1125676998663396,-0.00264630311211747,0.015282000694852155,0.993523009537979,-0.0033112057444718798,-0.08550916174188039,0.023634138286280283
355.66,0.004585931441595575,0.09911823694002497,1.0118957968055138,0.1137689233928978,-0.0026963599934077104,0.015292212869364562,0.9933858816886643,-0.003023615279498347,-0.07925853966735574,0.026590492850478202
355.68,0.0045722946790987765,0.09733332530084497,1.0120091229084403,0.11263371933507946,-0.0026965647769096753,0.015343975730685265,0.9935144368432332,-0.003472210204564969,-0.08939792872907185,0.0244563858921855
355.7,0.004557524082457843,0.09555087089369958,1.012141985639431,0.11179079722334714,-0.0026788053239101563,0.015401402135225804,0.9936087954876779,-0.0032416439994009142,-0.08241332671062994,0.027276829746249915
355.72,0.004546094518853164,0.09382509036394888,1.0123466258984724,0.11259035675666523,-0.0027765122981386107,0.015377045915026909,0.993518620360883,-0.0030777776911511275,-0.08374150067186523,0.029584921589358548
355.74,0.00453312917704522,0.09197809075317319,1.0125546898044298,0.11015910163288423,-0.0027986662695183412,0.015402299049681418,0.9937906766409775,-0.003440438935411836,-0.08808227293416734,0.030916064624572553
355.76,0.004481683785219853,0.08996328817928433,1.0125734489160654,0.1022954693178107,-0.0016831156529036853,0.015505598592454033,0.9946317813598344,-0.006205030243025873,-0.09887951897478556,0.019380975352531266
355.78,0.004435811456792412,0.08830569495846656,1.0125418043983196,0.1027718796000171,-0.0007576716434817617,0.015484988820132087,0.9945841250585093,-0.0035534452502919466,-0.07539663461524862,0.014637699635508159
355.8,0.004464569242527372,0.08662551927375041,1.0123323708885106,0.10054941187497678,-0.0016338063487526258,0.015505603751787455,0.9948098927436857,-0.0010084962654080803,-0.08841776252843477,0.004519344945220414
355.82,0.004473492708580176,0.0850191537514456,1.0121304757888152,0.09929627420439875,-0.0018788544661228288,0.015530557443591516,0.994934933360223,-0.0024842146587055487,-0.07614007015651533,0.007126874096482978
355.84,0.004474363729532952,0.08356828061609112,1.012095333850345,0.10177451430553536,-0.0019942677233151965,0.015427331615582756,0.9946858642673791,-0.0018369578489982493,-0.07229460670059626,0.015097282606422624
355.86,0.004493612736292483,0.08194003062263627,1.0121756689826134,0.09956100064054887,-0.002594891988617413,0.015426590744677065,0.9949084852311877,-0.001560055908642734,-0.08031058375658692,0.021745329087710773
355.88,0.004490363774501287,0.08033954191185524,1.0123743052512184,0.09843315795898074,-0.0026958180884818724,0.015425774752771243,0.9950204477558906,-0.002780225216166491,-0.07467681829670204,0.026410112001338658
355.9,0.004478192955812464,0.07874377087471779,1.0125944201015757,0.09722115022629668,-0.002668206974696764,0.015406737747564316,0.9951399705831304,-0.0028465687046635543,-0.07755186243144432,0.025952986730431605
355.92,0.004475974833267744,0.07712566687707607,1.0127969770375407,0.09502113431835314,-0.0029737816330148484,0.015421323160666363,0.995351356781929,-0.0024399541599823145,-0.0766151811228003,0.025280996424892836
355.94,0.004462826869846924,0.07557694052352636,1.0130024191841045,0.09416760501633968,-0.003073731233300801,0.015400842262739321,0.9954324830943534,-0.003070508565792593,-0.07370483322189803,0.02449743301446849
355.96,0.004415163241627561,0.07388471123953412,1.0130752997676582,0.08844722455493646,-0.00220275015771307,0.015297369430549422,0.995960956488143,-0.00629394107080789,-0.08926798706789847,0.014853499707662185
355.98,0.0042935772223492655,0.07215297002577016,1.012803652792973,0.07974906282465145,0.0007780712237469926,0.015269882436852891,0.9966977035561612,-0.00869946327882509,-0.08111977068999408,-0.0034946649967390725
356.0,0.0042771378647378,0.07095810031531917,1.012379431768178,0.08301669046366525,0.0009949393764448885,0.015116083380712023,0.9964330099024844,4.549377788311097e-05,-0.059364149401976804,-0.012289908659351735
356.02,0.0043655869300927175,0.06970068978843856,1.0119895203920448,0.08279716209742646,-0.0011734199863886851,0.015056379264577466,0.9964519850336941,0.0019043709510367882,-0.06797065943377298,-0.007170941008679507
356.04,0.004363894234189179,0.06837882087129521,1.0117314546477476,0.08046925350642087,-0.0007920909198964377,0.01507453407243218,0.9966427796631012,-0.00295565320844264,-0.0655287418762066,-0.000321085815571175
356.06,0.0043874956602241045,0.06721056418119575,1.0116395433672551,0.0821331783493958,-0.001262070605025069,0.014997206277530782,0.996507717981092,0.0005855220644324963,-0.05715756890891147,0.006687344608026996
356.08,0.004425104095568636,0.06589093767095933,1.0115678395872227,0.07943258741707553,-0.0020949446283530094,0.014964072361743287,0.9967257154310736,-0.0008335054418745401,-0.06835877046056091,0.00706655901709415
356.1,0.00442752359892634,0.06464333509499501,1.0115772615993752,0.07871081111880536,-0.0021677808745477404,0.014950376359458931,0.9967830231227909,-0.0017124311722965379,-0.05824536795141165,0.011325599985712743
356.12,0.004413505277878647,0.06336446539127102,1.011541054391705,0.07656595485201248,-0.001914409641229046,0.014921878083310412,0.9969510154204126,-0.0026436887547424707,-0.06577724389216151,0.006928658486947253
356.14,0.00441576177656132,0.0620893070941756,1.0114842586108346,0.07398418710813233,-0.002183147178764922,0.01493802279955842,0.9971451395866023,-0.0016482641998308168,-0.06190346178921029,0.006841889783647377
356.16,0.004423585447169116,0.06097071576077213,1.0114880563732607,0.07507925620045008,-0.002721406353263997,0.014889045296723368,0.9970626938994356,-0.0012306856979458392,-0.05406382908049014,0.009232543020236196
356.18,0.004408131648383092,0.05975670222015941,1.0115008234620686,0.07310800220466258,-0.0026835761588663073,0.014862288577862657,0.9972096724414936,-0.0030309551858280844,-0.0624486786192307,0.009332946834186786
356.2,0.004396448954907579,0.05857191619784948,1.0115525439172435,0.07169588908926923,-0.002873762775185183,0.014894487397151285,0.9973111827410677,-0.001868931875073446,-0.0555633635108894,0.011741413494414156
356.22,0.004376513344609661,0.05743922715539203,1.011615594811565,0.07119511836621133,-0.002911602692729829,0.014834082039743832,0.9973478468922561,-0.003243322819178506,-0.05734673174670916,0.010548771251840892
356.24,0.004350972430194733,0.056270773853957255,1.011655009912098,0.0692635986988018,-0.0028540010950148004,0.014819546858908194,0.9974842302532595,-0.002687264429688874,-0.056674837132454484,0.01012263849332528
356.26,0.004306145453076318,0.05504718672320437,1.0116199821211023,0.06510783150124137,-0.002250178694277832,0.014840083450176029,0.9977653426012759,-0.004023930072609394,-0.06043034266917759,0.005830201989486648
356.28,0.004299193466210473,0.05403858004086263,1.011631896749239,0.06605188186585352,-0.002736367791051937,0.014826827714954164,0.9977022734128667,-0.0011015960306777497,-0.04689454373256206,0.007815084026240673
356.3,0.004297024005159948,0.053029992525855885,1.0117198160048408,0.06641481678597161,-0.0033341960999421732,0.014793778451761417,0.9976768511731507,-0.0020596163734796107,-0.05151095285885417,0.012046443566915902
356.32,0.004265433749620172,0.05192703799427647,1.0118575423479015,0.06411106639259126,-0.0031944402219579297,0.014835066762872197,0.9978273836249505,-0.0032209944405449616,-0.053098853751646656,0.014643950121113483
356.34,0.0042424266145675935,0.050919165190125744,1.0120423581907299,0.06416432647140319,-0.0034104539020430157,0.014820465342837368,0.9978234622515523,-0.0022919561686126,-0.04775426559900446,0.015810161107404505
356.36,0.004210638713810878,0.04987038102461587,1.0122112313048386,0.0627134875926763,-0.003417601464155007,0.01479900841127465,0.9979159923682146,-0.0034527265438092656,-0.05242208995443376,0.014517151838625657
356.38,0.004174806058373825,0.0488295251669033,1.0123630757870228,0.061127408144857585,-0.0033758861463278767,0.014823947675504826,0.9980141752207395,-0.003045665906322273,-0.04925464518788285,0.013793455396413773
356.4,0.004104481459127488,0.047671754214389385,1.0123898398924933,0.05557897972183934,-0.002309823671079578,0.014595004414307602,0.9983449441820368,-0.006826497342175298,-0.06467176290525048,0.004518708032476558
356.42,0.0040077452688356534,0.04605163726071334,1.0121550278440807,0.035903366590482,-0.00023708171276800203,0.014607918080658023,0.9992484679943621,-0.006215943320518594,-0.08186117910845847,-0.006357320998168386
356.44,0.003969508505290152,0.04488219105661186,1.0118530833038222,0.02542212035755128,0.0004020382039751183,0.014545945427084471,0.9995708927502045,-0.0028289387729125465,-0.05039507674864128,-0.012894309667153717
356.46,0.003970543065971604,0.044067071439449955,1.0115930730517517,0.020316472080498926,0.00021656036100674343,0.014458621753568714,0.9996890228069925,-0.0009708611211923547,-0.04157067739973727,-0.009826307021168598
356.48,0.003969067844450929,0.04323629205330915,1.0114383401543952,0.011239166974307529,0.0003578505529869514,0.01452290829058019,0.9998313048727214,-0.001272900452997858,-0.039835449234652154,-0.005227221496650675
356.5,0.003967682672595906,0.04271088016294419,1.0113903056145515,0.007260781371705313,0.0005241076913852399,0.014513213062691445,0.9998681778172546,-0.0004868890419032504,-0.021825697160535527,-0.0010504480414499197
356.52,0.003982388771935863,0.04235689446063032,1.011415788674642,0.005026325016804213,0.00029497239869147725,0.014488256318093914,0.9998823628192322,0.00027651641901967213,-0.017672957394046618,0.002220160335928744
356.54,0.003991844489569961,0.042032238656913565,1.0114788414957883,0.0014672106208024965,0.00025006943613164556,0.014525348934373732,0.9998933938158637,-0.00014361946120021544,-0.014852507132635421,0.0035765010587302326
356.56,0.00399579375607914,0.04186631310037533,1.011553031616119,0.0005054076793221632,0.0003002248389353864,0.014512373450592175,0.9998945171591623,9.67784682053685e-05,-0.006345077912884289,0.003633797338835345
356.58,0.004007195732962855,0.04176750446758803,1.0116246625570753,5.064743181830814e-06,0.00012874978456638188,0.014505143129932587,0.9998947865753783,0.0004554876409061737,-0.005019633085531492,0.0034905999436833043
356.6,0.004013398975064805,0.041681623837296365,1.011676558037684,-0.001023569658597433,8.602764969590978e-05,0.014522479410888084,0.9998940156317357,7.153439990376147e-05,-0.003663089228992908,0.002276327394060081
356.62,0.004015589314445624,0.041662462852369256,1.0117056627166157,-0.000880336172877906,0.00010317305762888862,0.014511607088119544,0.9998943082262559,0.0001407101954498461,-0.0002598540517535611,0.0011394406798592737
356.64,0.004021179367879812,0.041657474333266484,1.0117079468184969,-0.0007943553007121979,8.838858729003085e-06,0.014509687490091886,0.9998944133709672,0.00026859834017657484,-0.00047122752829374263,-0.0002638923598803457
356.66,0.004023241502735356,0.04165039260322152,1.0116756837904022,-0.0009904879517961434,-3.6741721486546956e-06,0.014518222321655058,0.999894114464495,3.465864848076333e-05,-9.775410164971528e-05,-0.002063962653198477
356.68,0.004023301604628384,0.04166621101361382,1.01160760651709,-0.000708955606413949,1.1736892248373444e-05,0.014511820421194718,0.9998944465853666,5.792985529230652e-05,0.0009560373190856307,-0.0037682730123280864
356.7,0.004025152736461177,0.04167903210817583,1.01151352791442,-0.0005845961467269501,-2.9269947257093816e-05,0.014512365525556176,0.9998945187555875,0.00011018304369144166,0.0005080783914173329,-0.00507107059297457
356.72,0.004025152904382546,0.04168944995985704,1.0113904335514812,-0.0005322580629893357,-2.66421557307342e-05,0.014515307321845064,0.9998945053578915,-2.0567691546452876e-05,0.0006106215305900604,-0.006496006553265871
356.74,0.004024287492973116,0.041704794190669345,1.0112385717744012,-0.00033818159897564014,-1.014388167144511e-05,0.014511294821321323,0.9998946483769761,-2.404376488615109e-06,0.0007687887035458607,-0.007942605693645442
356.76,0.004024607008624229,0.04171476266042775,1.0110259484576414,-0.00026532546501154995,-2.6006817350866417e-05,0.014512950188601754,0.9998946460517059,3.1757526944014554e-05,0.000429309974510218,-0.012489189396940506
356.78,0.004024103052724536,0.04172329561621215,1.0105685927962396,-0.00019322493614936588,-2.017811862348361e-05,0.014514470253980127,0.9998946406548112,-3.105312484612747e-05,0.0004664985948171986,-0.026796634571889938
356.8,0.004023126498017,0.04173246580880671,1.0097778807268813,-7.026396381614178e-05,-3.2546206166579675e-06,0.014512282326469443,0.9998946888118067,-3.1149300869391246e-05,0.00044026704450669216,-0.04396152243979364
356.82,0.004023061338884752,0.041737075885464776,1.0086445456515565,-3.7813288757356085e-05,-8.483073627638207e-06,0.014512459799434128,0.9998946879590683,1.1804985418649966e-05,0.00016943525384700974,-0.06071632654741569
356.84,0.004022801935282548,0.04174015751013163,1.0072111449575,-1.4950704837343514e-05,-6.216169038359153e-06,0.014513079426826659,0.9998946795854983,-2.0299034958598055e-05,0.0001745498618888493,-0.07472270394667173
356.86,0.004022256882828522,0.04174319923522482,1.0055762705176752,2.8422991762649022e-05,4.272042454014049e-06,0.014511636427345842,0.9998947002470229,-1.8830262174749945e-05,0.00012645245877173,-0.08425660511433969
356.88,0.00402233289768651,0.0417437574709332,1.0037465076887175,2.0808653451879214e-05,-6.042776235201447e-08,0.014511893796323996,0.9998946967083286,1.115284314266397e-05,-6.2144389111265785e-06,-0.09377704547022156
356.9,0.004022392687549814,0.04174388296835331,1.0017319585400084,1.4102742041799573e-05,-2.551461383356265e-06,0.014512489448155466,0.9998946881770199,-4.401353873529768e-06,2.1117404493651804e-05,-0.10300803487176784
356.92,0.004022169520903665,0.04174450941728185,0.9995695009652281,2.705489304306095e-05,2.575579511440909e-06,0.014511710609248378,0.9998946992141685,-8.48101291823997e-06,1.7516151906778737e-05,-0.10948108431787204
356.94,0.0040222363967997886,0.04174415681989459,0.9973123116240536,1.718938590631677e-05,4.357831870376461e-07,0.014511855586536246,0.9998946973315593,6.387593282199686e-06,-3.298002226911197e-05,-0.11370927376580078
356.96,0.004022321389537736,0.04174373900781117,0.9949786464100181,8.333893803278489e-06,-1.7419396271274425e-06,0.014512283074113166,0.9998946912387767,5.092623251666954e-07,-1.5090930335970604e-05,-0.11753982827357831
356.98,0.004022207382250249,0.041743853858248865,0.9925868464922765,1.4414241929682598e-05,1.2244680669880551e-06,0.014511949407051613,0.9998946960131039,-6.188487165572856e-06,4.593976473218694e-06,-0.12043669501534715
357.0,0.004022201860778793,0.041743655168089575,0.9901623523838349,1.1836939784534728e-05,1.3223032750014778e-06,0.014511843541033475,0.99989469758329,2.265003327346917e-06,-1.9986253563606728e-05,-0.12034100714915719
357.02,0.004022287436430001,0.041743261079704067,0.9878022035122904,4.312703844265413e-06,-7.52314921163575e-07,0.014512125102393168,0.9998946935582003,3.0686502178189946e-06,-1.8636505984711198e-05,-0.11775777647703178
357.04,0.004022260781449314,0.0417431936646346,0.9854549002555951,5.338096347733845e-06,1.1011269683533146e-07,0.014512067723644384,0.9998946943863024,-2.8217552358416168e-06,-7.290445309515222e-07,-0.11707284286890825
357.06,0.004022233326810384,0.041743126719357246,0.9831358390741839,5.661711328354461e-06,8.825036545168088e-07,0.014511920893876673,0.9998946965151561,9.900037537466392e-08,-8.085284292948701e-06,-0.11464184881590297
357.08,0.004022295217022268,0.04174288504025864,0.9809073296075284,9.663157128864981e-07,-6.432037601312839e-07,0.01451208746793461,0.9998946941133229,2.8891937071082486e-06,-1.2421686037957473e-05,-0.11101841153156385
357.1,0.004022290120091531,0.04174282618138529,0.9786834464536164,9.116085578265476e-07,-4.07740247827404e-07,0.014512116986503466,0.9998946936850764,-1.72507105246477e-06,2.4789789788637677e-07,-0.1113113705052475
357.12,0.004022249916050797,0.041742853841042434,0.9764135038944355,2.6480099799554538e-06,6.410365393488217e-07,0.014511973033104168,0.9998946957711415,-1.2927265638207197e-06,-4.3598716623903113e-07,-0.1144464821098498
357.14,0.004022275214503448,0.04174274900272718,0.9740781412553103,5.385877458645424e-07,-2.028111132265961e-08,0.014512025398197022,0.9998946950147058,1.7384427188144526e-06,-6.613083896471204e-06,-0.1173445360705166
357.16,0.0040222916053088064,0.04174268913441527,0.9716843585879668,-4.3957328897285585e-07,-4.0054200403150595e-07,0.014512096068893386,0.9998946939889888,-6.082268773363635e-09,-1.047114356909925e-06,-0.12035413611859869
357.18,0.004022266770092575,0.041742725953173285,0.9692459207724013,9.53443045836476e-07,2.603274671855202e-07,0.014512023231959763,0.9998946950458024,-1.261918374656908e-06,1.816686667591132e-06,-0.1226206526627189
357.2,0.004022267129093967,0.04174270285341564,0.9667662864915622,5.541131811379517e-07,2.414385267288115e-07,0.014512011255693714,0.9998946952199262,5.530168254195966e-07,-2.383504178400773e-06,-0.12366000758538902
357.22,0.004022282565441091,0.0417426667241994,0.9643437438728799,-1.9833101299021619e-07,-1.4010823537437517e-07,0.014512058341073057,0.9998946945367029,5.41352269142499e-07,-1.1943560253178567e-06,-0.1207732175731536
357.24,0.004022275882019297,0.04174267860955343,0.961933589135951,2.8790395213459424e-07,6.005890497754576e-08,0.014512040295796193,0.9998946947985906,-5.440404204998885e-07,8.863281121556695e-07,-0.12040400048899096
357.26,0.004022271150464844,0.04174267714633957,0.9594991406920097,3.369550411402252e-07,1.9263425674554493e-07,0.014512018022812004,0.9998946951218188,3.123071215771519e-08,-6.732845817678796e-07,-0.12236228680006193
357.28,0.004022280746887533,0.041742655093541546,0.9570004365681972,-1.7738641210697222e-07,-4.366907432355757e-08,0.014512041545683585,0.9998946947804769,4.855376786511449e-07,-9.96494825167129e-07,-0.12586000637564
357.3,0.004022281785463795,0.0417426564408999,0.9544253371616629,-7.392383010694442e-08,-5.118926028026049e-08,0.014512043403665192,0.9998946947535235,-1.3570347231923957e-07,3.9508333687929267e-07,-0.1297170985671027
357.32,0.0040222802588861985,0.041742655929433374,0.9517771361057473,-6.829546366505719e-08,-5.0723798377745e-09,0.014512036759262856,0.9998946948499592,1.6009165147352473e-08,-2.2832113780007335e-07,-0.13326555007918411
357.34,0.0040222819803178355,0.041742653919920596,0.9490796932459099,-1.1565505963464219e-07,-5.041875478594854e-08,0.014512043712359653,0.9998946947490395,2.86153038455421e-08,9.249142472882167e-08,-0.13490638526777027
357.36,0.0040222796311786884,0.041742659812530114,0.9464099375039073,3.946501403376144e-08,8.95123986655686e-09,0.0145120373668557,0.9998946948411424,-1.328964831826711e-07,2.897537770154192e-07,-0.1332947981378637
357.38,0.004022279079665819,0.04174265895774081,0.9437345222328688,6.3605752659349654e-09,1.9591606383968437e-08,0.014512035392491308,0.9998946948697981,2.684389693880737e-08,-1.6346884896305925e-07,-0.13403189517004066
357.4,0.004022280264612265,0.04174265715932981,0.9411034612114298,-4.41571493216019e-08,-1.256714481244248e-08,0.014512039847434915,0.9998946948051401,4.4421471249763837e-08,-7.658001569114494e-10,-0.13064923710165552
357.42,0.004022279772633863,0.041742659596383534,0.9385470240518565,1.9197451419865455e-08,1.3868165487574704e-10,0.014512037706654648,0.9998946948362114,-3.605318283810394e-08,1.0824553651209432e-07,-0.12595202013832146
357.44,0.0040222795754263204,0.041742658313002404,0.936123745732125,-1.9754296122633855e-08,5.090339924687506e-09,0.014512037558766807,0.9998946948383577,3.1907759784230553e-09,-1.0661172296240617e-07,-0.12025204490959798
357.46,0.004022280038428031,0.041742657481859374,0.9337202027761587,-4.3853181524323225e-08,-7.324975822769305e-09,0.014512039454430012,0.9998946948108441,2.0934590005944365e-08,1.6415715059970536e-08,-0.12047935735017754
357.48,0.004022279879658894,0.04174265946654825,0.9312693275250992,5.817139985657803e-09,-3.813048862813928e-09,0.014512038521190174,0.9998946948243898,-1.6252080251725987e-08,1.0742700716193863e-07,-0.12336111835828797
357.5,0.0040222796302325815,0.04174265944223266,0.9287903550233473,-2.3034253135002688e-10,2.174050107850744e-09,0.014512037812531397,0.999894694834675,-6.14047181514693e-09,-4.373479975534231e-08,-0.12401158675529
357.52,0.004022279846410144,0.04174265844258789,0.9262839952415884,-2.980875884690747e-08,-3.880875109122403e-09,0.014512039083633058,0.9998946948162262,1.0665612664965333e-08,-2.398645018089012e-08,-0.12580012661519566
357.54,0.0040222797322261045,0.0417426595214545,0.9238289081067214,-3.2098787087263937e-09,-1.4990016536557621e-09,0.014512038689490763,0.9998946948219471,-1.0730092366054675e-08,7.491350937563534e-08,-0.12176706086965798
357.56,0.004022279536912925,0.04174266011051358,0.9213993237166826,8.840593970972078e-09,2.997345708868536e-09,0.014512037855355837,0.9998946948340534,-5.116762544671488e-09,2.0592261815651937e-09,-0.12171319662549482
357.58,0.004022279670798483,0.04174265938316101,0.9189273887279273,-1.2944955477544263e-08,-6.428712718335629e-10,0.014512038538535017,0.999894694824138,7.806797136919309e-09,-3.534668380116539e-08,-0.12436029746184578
357.6,0.004022279709863433,0.04174265962838038,0.9163863829744836,-7.27615219581209e-09,-1.76334610620815e-09,0.014512038766401569,0.9998946948208308,-1.3859532781368316e-09,3.279965155168912e-08,-0.12798223313009657
357.62,0.00402227963563257,0.04174265996430728,0.9137711051204788,-1.5621030112430297e-10,-2.3123909888916282e-11,0.01451203836370034,0.9998946948266755,-2.0559459015119394e-09,9.60602116816804e-10,-0.13166835691174053
357.64,0.004022279687485911,0.04174265969963987,0.9111126279071057,-8.827491143201969e-09,-1.5183111349075753e-09,0.014512038755131152,0.9998946948209944,2.4246852878891365e-09,-7.974601607312975e-09,-0.13304032490515386
357.66,0.0040222796736831,0.041742659969281795,0.9084311826684465,-2.6869464097933397e-09,-1.4082718624571768e-09,0.014512038744946219,0.9998946948211422,-2.0382197438340505e-09,2.1154602366293315e-08,-0.13449206733066021
357.68,0.00402227961929901,0.04174266013999334,0.9057710942384866,4.784897422977651e-10,-2.6383919006298117e-10,0.014512038539896655,0.9998946948241183,-2.132421544893533e-09,1.1600746550040708e-09,-0.13237581034436507
357.7,0.004022279629737063,0.04174265996646596,0.9031307155051422,-5.194287635103953e-09,-7.344466670967142e-10,0.014512038718962905,0.9998946948215193,7.33238135890646e-10,-7.1085794743016665e-09,-0.13200692740994452
357.72,0.004022279614022716,0.04174266012668117,0.9005742141422224,-1.54299413203789e-09,-5.535967658944581e-10,0.014512038711577073,0.9998946948216265,-1.3968755619124024e-09,1.3781777195601648e-08,-0.12650065184428563
357.74,0.004022279580342324,0.04174266028458528,0.8980890581485946,1.8611188295904118e-09,1.1019749304893612e-10,0.014512038549307712,0.9998946948239816,-1.0169331198990579e-09,2.7777969212591393e-09,-0.12362410531784329
357.76,0.004022279593009151,0.04174266014832098,0.895612365167109,-2.354590527669353e-09,-3.191710134512971e-10,0.014512038665677846,0.9998946948222928,6.916856472303261e-10,-7.468108976204252e-09,-0.12416983612706381
357.78,0.0040222795900751685,0.04174266017395033,0.8930902458256417,-1.8969093375700798e-09,-3.3017274667569197e-10,0.014512038717338954,0.9998946948215429,-6.027641183226327e-10,5.659236343994309e-09,-0.1268559170480521
357.8,0.004022279568915294,0.041742660312561165,0.8905024003051965,1.4660815408189649e-09,1.0378114325098982e-10,0.014512038605565939,0.9998946948231652,-7.265347341384888e-10,5.2730218003614595e-09,-0.13025982603137587
357.82,0.004022279572166378,0.04174266026942871,0.8878464327675688,-7.81265966434787e-12,-3.5184305327163146e-11,0.014512038648991253,0.9998946948225349,2.696367576329627e-10,-3.5347543448818516e-09,-0.13361699216731804
357.84,0.004022279568015316,0.04174266029231579,0.8851365882863077,5.691472940511574e-10,3.912541162072309e-11,0.014512038645835001,0.9998946948225806,-3.4324553429689047e-10,2.5963665732895844e-09,-0.13584539194394507
357.86,0.004022279562391923,0.041742660326827254,0.8824163226647226,1.4801343945655815e-09,1.5743656991769056e-10,0.01451203859983796,0.9998946948232482,-9.114815817895856e-11,2.4651195126972334e-10,-0.13620375326742762
357.88,0.004022279566779051,0.04174266028660174,0.8797112185235815,4.738519660779e-10,5.1782317807839896e-11,0.014512038626458407,0.999894694822862,1.9100202033012263e-10,-2.339366672731076e-09,-0.13383808350119208
357.9,0.0040222795660020145,0.04174266029019986,0.8771371823290077,7.498599804487856e-10,8.370496907850108e-11,0.014512038623373729,0.9998946948229067,-8.573915774838095e-11,7.168900906835864e-10,-0.1276063495186608
357.92,0.004022279565233716,0.041742660293796384,0.8746232746638801,1.0037063704683947e-09,1.160723851832592e-10,0.01451203860244811,0.9998946948232104,5.50198181639969e-11,-7.268900652688533e-10,-0.12512552158675527
357.94,0.004022279569610758,0.04174266025839478,0.8721188724687824,2.2791340070016312e-10,2.957114272938614e-11,0.014512038620120805,0.9998946948229539,1.9626109051618753e-10,-1.962499361663384e-09,-0.12539704462414258
357.96,0.004022279569772337,0.04174266025621429,0.8696804446418727,3.598578178355097e-10,4.66301996093407e-11,0.014512038620248505,0.9998946948229521,-5.394617138272594e-11,4.372030349190927e-10,-0.12084286044344861
357.98,0.004022279568627224,0.04174266026303752,0.8672719657165272,6.799737921587272e-10,9.00759047028573e-11,0.01451203860180542,0.9998946948232197,2.027389591448765e-11,-1.9777190507855968e-10,-0.12062250731026403
358.0,0.004022279572008661,0.04174266024050851,0.8648802218409394,2.0148507077718623e-10,2.329474185642684e-11,0.01451203861213357,0.9998946948230698,1.6911165961400728e-10,-1.380474888093994e-09,-0.11923659759860428
358.02,0.0040222795732838485,0.041742660229595066,0.8624790328617673,4.0434288234334493e-11,1.000824691173397e-11,0.014512038618712737,0.9998946948229743,3.44564196429125e-12,-1.837373546658883e-10,-0.12047722451622445
358.04,0.0040222795728779995,0.041742660232579,0.8601254978470295,2.1110587767592653e-10,3.10439752849648e-11,0.014512038610163636,0.9998946948230985,8.090025737623911e-12,4.6959673987968436e-11,-0.11681481372747274
358.06,0.004022279574291204,0.04174266022472405,0.85780761578181,6.123584087999566e-11,4.450140857198898e-12,0.014512038612398163,0.999894694823066,7.129496089037697e-11,-5.471443348716172e-10,-0.11568572312495862
358.08,0.00402227957501022,0.04174266021825303,0.855466305949268,-5.883057489187142e-11,-4.969849924887832e-12,0.014512038616892277,0.9998946948230008,6.3964108739143144e-12,-1.6472589430084769e-10,-0.11777124856838794
358.1,0.00402227957455941,0.041742660221005,0.853076454675716,4.9083569945636824e-11,1.0492575348719257e-11,0.014512038613119064,0.9998946948230555,-1.4900352887496207e-11,1.661720180651836e-10,-0.11988869452145279
358.12,0.00402227957494543,0.04174266021984445,0.8506340235025882,3.395768605905073e-11,3.0229702070190125e-12,0.014512038612197091,0.9998946948230689,3.032266284338921e-11,-1.6637965252320772e-10,-0.12298995192572271
358.14,0.004022279575465438,0.04174266021636252,0.8481398387609307,-4.5344827625066775e-11,-7.24440638858449e-12,0.014512038615247583,0.9998946948230246,8.864537595557461e-12,-1.1565632762248926e-10,-0.12504214997669516
358.16,0.0040222795750629115,0.04174266021792356,0.8456023297594655,6.471166896010496e-12,4.36984160080435e-12,0.014512038613829726,0.9998946948230453,-2.1836322718069272e-11,1.2672796676845636e-10,-0.12757679849288994
358.18,0.00402227957514661,0.04174266021818138,0.843063312513766,1.521550680112646e-11,2.308268408747493e-12,0.014512038612740903,0.999894694823061,1.6609468679637642e-11,-5.4048414271747073e-11,-0.12660699036629586
358.2,0.004022279575573639,0.04174266021608165,0.8405191513851583,-3.9274965585349475e-11,-7.757024253617454e-12,0.014512038614859423,0.9998946948230303,1.055587424932737e-11,-8.363722690925215e-11,-0.12760616865938879
358.22,0.0040222795752992155,0.04174266021693465,0.8379296289603015,-1.4850622805584623e-11,-4.0300875806637377e-13,0.014512038614498448,0.9998946948230355,-1.8937668958128356e-11,8.975094610937745e-11,-0.1301729967134735
358.24,0.004022279575155197,0.04174266021800546,0.8353054790683424,1.1223253968267635e-11,2.5892990034473682e-12,0.014512038613223432,0.999894694823054,2.2761372400745044e-12,1.7292784217235045e-11,-0.13129401709316424
358.26,0.004022279575428331,0.04174266021691227,0.8326578334084825,-2.0650267987413824e-11,-4.546065967014169e-12,0.014512038614343118,0.9998946948230377,1.074517591898699e-11,-5.943425035994991e-11,-0.13284874215020448
358.28,0.004022279575368339,0.04174266021702497,0.8300032576047902,-1.8623967792832508e-11,-3.0360406802622977e-12,0.014512038614603281,0.999894694823034,-8.742022063991049e-12,3.958930995426445e-11,-0.131673796329157
358.3,0.004022279575182423,0.041742660218006385,0.8274340295651124,5.0191544773763686e-12,1.0874209991710798e-12,0.014512038613718966,0.9998946948230468,-5.4613796861102705e-12,3.9961876946572994e-11,-0.12787472504517394
358.32,0.004022279575259293,0.041742660217794436,0.8249023358148677,-3.5466090113790715e-12,-1.3728222730738442e-12,0.014512038613997916,0.9998946948230428,4.7490458060986304e-12,-2.19536680817618e-11,-0.12554203988532908
358.34,0.004022279575244185,0.041742660217717026,0.8224454513599321,-6.877294742650584e-12,-1.146782217897544e-12,0.014512038614284947,0.9998946948230386,-3.694774733299749e-12,8.991393011224775e-12,-0.12244936143935847
358.36,0.004022279575137445,0.041742660218171676,0.8199819192331782,4.170245670939693e-12,1.2801719550514532e-12,0.014512038613885945,0.9998946948230444,-3.396270291065963e-12,2.176281241800745e-11,-0.12365034082030268
358.38,0.004022279575178411,0.041742660218133366,0.8174647132066827,2.0017854440581e-12,-1.206460454828692e-14,0.014512038613895304,0.9998946948230443,3.56578181382988e-12,-1.125482960254424e-11,-0.12668266407573903
358.4,0.00402227957521628,0.04174266021792196,0.8148775876286134,-3.947351255867053e-12,-9.641855077198587e-13,0.014512038614169977,0.9998946948230403,-3.1349403190758356e-14,-4.965806139299058e-12,-0.1302584652723482
358.42,0.004022279575177425,0.041742660218086654,0.8122226016209838,3.5866067884140293e-13,-3.5745878181406015e-14,0.014512038613992927,0.9998946948230428,-1.3468281720071056e-12,8.807021568882273e-12,-0.1334841859127467
358.44,0.0040222795752011915,0.04174266021800362,0.8096024189796316,-2.3049437613549807e-12,-7.516965221110416e-13,0.014512038614067758,0.9998946948230417,1.4053354848353792e-12,-7.338584044848502e-12,-0.1300746168388267
358.46,0.00402227957520518,0.041742660217943525,0.8070231771677805,-4.188587451056023e-12,-9.2027375502531e-13,0.014512038614184777,0.99989469482304,-8.52819254903799e-13,1.7054429464877527e-12,-0.12853936300898372
358.48,0.0040222795751751785,0.04174266021808075,0.8045764578579726,-9.75167040649529e-13,-3.093950830394036e-13,0.014512038614084843,0.9998946948230415,-1.3072797590673708e-12,7.686096673760841e-12,-0.12058259120575343
358.5,0.004022279575171211,0.04174266021810929,0.8021964192322503,-8.437786985078192e-13,-3.767695692273311e-13,0.01451203861407056,0.9998946948230417,1.0992288702315514e-13,-6.790622135189334e-13,-0.11893447727158168
358.52,0.0040222795751733206,0.041742660218074296,0.7997878871543124,-2.247228852551284e-12,-5.478550312258651e-13,0.014512038614143763,0.9998946948230407,-3.1657025144207553e-13,-3.6447311605724013e-13,-0.12112465732726507
358.54,0.00402227957515634,0.04174266021813272,0.7973665179454761,-1.0761684899595787e-12,-2.3511972194271143e-13,0.014512038614111884,0.9998946948230412,-8.337871553925518e-13,3.8376474754719724e-12,-0.11973483132223794
358.56,0.004022279575153073,0.04174266021816027,0.7950442076700038,-7.858431684334613e-13,-2.7975210456654064e-13,0.014512038614105965,0.9998946948230412,-2.116299460004696e-15,6.758097461574538e-13,-0.1155548657887584
358.58,0.004022279575150704,0.0417426602181625,0.7927594605978929,-1.0884564142729663e-12,-3.134405045094257e-13,0.014512038614132732,0.9998946948230408,-3.5850703266371554e-13,7.871332343780953e-13,-0.11298036867765093
358.6,0.004022279575137421,0.04174266021820389,0.7905492806560336,-2.7624118425603687e-13,-6.052187493704601e-14,0.014512038614110507,0.9998946948230412,-6.325859666541267e-13,2.4239671082778498e-12,-0.11030649398365844
358.62,0.004022279575133859,0.041742660218222385,0.7883212025832664,-4.8617262885215096e-14,-4.927014300385329e-14,0.014512038614100156,0.9998946948230413,4.985755852897703e-15,2.811225889285814e-13,-0.11193093624590755
358.64,0.004022279575135797,0.04174266021821362,0.7860244707653083,-4.633126681161091e-13,-1.4858055402175547e-13,0.014512038614122626,0.9998946948230409,-5.44366196643677e-15,-2.677391085050104e-13,-0.11595474670452743
358.66,0.00402227957513023,0.04174266021822843,0.7836302200133459,-1.8314986765387286e-13,-4.2266754027820243e-14,0.014512038614117736,0.999894694823041,-3.3430387392481527e-13,1.1349300455441886e-12,-0.12099518448509539
358.68,0.004022279575128311,0.041742660218236034,0.7811355087743083,-9.431206135600189e-14,-2.916341433554588e-14,0.014512038614113378,0.999894694823041,1.4133843674059572e-14,2.7546894788908055e-14,-0.1259401579196684
358.7,0.004022279575127807,0.04174266021823703,0.778551423044716,-1.451316645867011e-13,-3.888507201861966e-14,0.014512038614120383,0.999894694823041,-9.424344941038891e-14,2.926292996057838e-13,-0.130230931449693
358.72,0.004022279575125622,0.04174266021824435,0.7758932813309756,-5.530077518684894e-15,-3.8325095368263694e-16,0.014512038614114086,0.999894694823041,-6.266202397794063e-14,2.65130373272394e-13,-0.13371113223240583
358.74,0.004022279575126283,0.04174266021824231,0.7732519329887182,-1.0584502084540365e-13,-3.025185466804499e-14,0.01451203861411883,0.999894694823041,3.4803620396130674e-14,-1.3661107268565055e-13,-0.13135721893028363
358.76,0.00402227957512569,0.041742660218243965,0.7706538748221836,-8.942241261917313e-14,-2.3175760605469064e-14,0.01451203861412081,0.999894694823041,-6.375934313452292e-14,2.2709171066462594e-13,-0.12939401324970623
358.78,0.004022279575124151,0.041742660218249336,0.7680633984526306,2.794515511718139e-14,8.377918784465537e-15,0.014512038614116221,0.999894694823041,-5.760178991626381e-14,2.274524305156985e-13,-0.12977700939121872
358.8,0.004022279575124285,0.04174266021824893,0.765474214492973,-4.642031223691567e-15,-9.806638680586442e-16,0.014512038614117186,0.999894694823041,2.1828610908896736e-14,-8.297420724593479e-14,-0.12840411850577604
358.82,0.0040222795751244005,0.04174266021824855,0.7629664135459496,-2.400818452307289e-14,-6.594016498410084e-15,0.014512038614118964,0.999894694823041,-8.958919409429296e-15,3.287616598019323e-14,-0.12488718956997769
358.84,0.0040222795751238,0.04174266021825057,0.7604727925085708,2.2717918352958314e-14,6.95694153783631e-15,0.014512038614117156,0.999894694823041,-2.6212086473791487e-14,9.670158252508285e-14,-0.12473044242773401
358.86,0.004022279575123848,0.041742660218250446,0.7579503863862924,1.4442214328828564e-14,4.3825440416460684e-15,0.014512038614116868,0.999894694823041,1.3943227930709547e-14,-4.8900400775829834e-14,-0.1267309585665677
358.88,0.004022279575124127,0.0417426602182496,0.7553943312646172,-9.916116532561007e-15,-2.881784296376848e-15,0.014512038614118188,0.999894694823041,6.198636599568715e-15,-2.0967748031307658e-14,-0.1279393434410414
358.9,0.004022279575123876,0.04174266021825037,0.7528085043878001,1.219467916731993e-14,3.702447631608493e-15,0.014512038614117461,0.999894694823041,-1.4074287200861321e-14,4.74606485969688e-14,-0.12985822823831095
358.92,0.0040222795751238315,0.041742660218250516,0.750170253467388,1.6303435269131763e-14,4.821103681331994e-15,0.014512038614116835,0.999894694823041,5.470379714248419e-15,-1.7653241444644822e-14,-0.13263027647326675
358.94,0.004022279575124039,0.04174266021824981,0.7474989035612087,-5.449998305777045e-16,-4.527304838360449e-17,0.014512038614117553,0.999894694823041,8.22456004675826e-15,-3.1299263723490384e-14,-0.1336016648535665
358.96,0.004022279575123996,0.04174266021824999,0.7448093699555334,6.082689007608262e-15,1.6693666766657665e-15,0.014512038614117399,0.999894694823041,-4.305605648851236e-15,1.9391354631542965e-14,-0.13486629312119414
358.98,0.004022279575123956,0.041742660218250155,0.742095571742214,1.0831948553188509e-14,3.2487049231760384e-15,0.014512038614116929,0.999894694823041,1.5252256438099372e-15,-4.538176983494238e-15,-0.1358716092599077
359.0,0.004022279575124096,0.04174266021824966,0.739357205460618,-1.0335133284310535e-16,8.417667776128886e-17,0.014512038614117258,0.999894694823041,7.415857898359465e-15,-2.7927753187735666e-14,-0.1373254599407847
359.02,0.004022279575124117,0.04174266021824963,0.7366265050478217,2.798610278289572e-16,4.0077114956700723e-17,0.014512038614117328,0.999894694823041,-1.58841291909202e-15,8.691628250459234e-15,-0.13569091520818644
359.04,0.004022279575124047,0.04174266021824985,0.7339313064474674,6.630301739917416e-15,2.0477911275416565e-15,0.014512038614116927,0.999894694823041,-1.844863430823023e-15,5.394754530708434e-15,-0.1346866728952456
359.06,0.004022279575124116,0.04174266021824967,0.7312483544008679,1.4921707724540581e-15,5.374478850416925e-16,0.01451203861411702,0.999894694823041,4.848160799635079e-15,-1.3480770032493023e-14,-0.13381208623355345
359.08,0.00402227957512417,0.041742660218249565,0.7285679751286661,-1.5389847421251877e-15,-4.772747953800837e-16,0.01451203861411717,0.999894694823041,1.242880351775667e-15,-2.7982297875362914e-16,-0.1342433139400634
359.1,0.0040222795751241325,0.0417426602182497,0.7258930576839061,2.1136539346410648e-15,5.868796311243661e-16,0.01451203861411697,0.999894694823041,-1.72243688161299e-15,5.924656391256199e-15,-0.13321969577170245
359.12,0.00402227957512414,0.041742660218249655,0.7232341115738972,9.472030130806657e-16,3.843771136640272e-16,0.014512038614116924,0.999894694823041,1.2163717202767036e-15,-5.329191263346354e-15,-0.1329704187631453
359.14,0.00402227957512417,0.04174266021824957,0.7205701648561899,-1.3701150935988124e-15,-4.240022772827994e-16,0.014512038614116998,0.999894694823041,9.662550293770694e-16,-2.4924469751703212e-15,-0.13342817482173697
359.16,0.004022279575124153,0.041742660218249635,0.7178762049233556,4.3571022662778775e-16,6.9239104510956714e-18,0.014512038614116924,0.999894694823041,-1.2225756654608768e-15,4.228726009702561e-15,-0.13518584678404721
359.18,0.004022279575124143,0.041742660218249655,0.7151397412616657,9.768124923640772e-16,3.186940030969283e-16,0.01451203861411683,0.999894694823041,6.73605718572096e-17,-1.0097307544339783e-15,-0.13738182779272634
359.2,0.0040222795751241585,0.041742660218249614,0.7123725266935107,-2.037644765384674e-16,-1.150832679995742e-16,0.01451203861411683,0.999894694823041,8.211396322948402e-16,-1.4073714230958195e-15,-0.13855006383479695
359.22,0.004022279575124157,0.04174266021824963,0.7095830957173266,2.1648006028472062e-16,-8.116051562844381e-17,0.01451203861411681,0.999894694823041,-4.334934713932144e-16,1.3955969529447385e-15,-0.13981937901388353
359.24,0.004022279575124147,0.04174266021824964,0.7067885109194832,6.066758539630266e-16,1.791618494654463e-16,0.01451203861411674,0.999894694823041,-3.072320528104388e-16,-1.682092566804472e-16,-0.13943693472342478
359.26,0.004022279575124154,0.041742660218249614,0.7040024008811375,-1.1473707829860856e-16,4.168469818724318e-18,0.014512038614116719,0.999894694823041,4.100661220535195e-16,-1.4135570760075475e-15,-0.13929457261500078
359.28,0.004022279575124157,0.04174266021824962,0.7012199739756131,-8.649235159844505e-17,-7.386755913892118e-17,0.014512038614116719,0.999894694823041,-9.022586868438745e-17,7.471730038133282e-16,-0.13918638127105032
359.3,0.004022279575124151,0.041742660218249635,0.6984227328808436,3.5970107325676123e-16,1.0282302170266507e-16,0.014512038614116688,0.999894694823041,-2.2245204285737176e-16,6.148111281391062e-16,-0.14014302854381544
359.32,0.0040222795751241516,0.04174266021824962,0.695599640291032,1.9417770291749098e-17,6.798109384311668e-17,0.014512038614116691,0.999894694823041,1.8028515671436854e-16,-7.378683448406291e-16,-0.14150739585773175
359.34,0.004022279575124154,0.041742660218249614,0.6927830567530656,-1.0001924866245187e-16,-1.078072306548187e-17,0.014512038614116712,0.999894694823041,-2.405410633932303e-18,4.059256193511367e-17,-0.1401695006811532
359.36,0.0040222795751241516,0.04174266021824963,0.6899947292408407,2.650797286602491e-16,7.318344818545457e-17,0.014512038614116679,0.999894694823041,-1.5923276672139056e-16,-5.2051840033423554e-17,-0.13933814801663225
359.38,0.004022279575124152,0.04174266021824963,0.6871997206630541,1.1125319061832656e-16,4.905774804255706e-17,0.01451203861411669,0.999894694823041,1.9171023053682926e-16,-5.68752600858957e-17,-0.13996546550635314
359.4,0.004022279575124155,0.04174266021824962,0.6843823504212228,-9.719095355812727e-17,-2.2733489356772502e-17,0.014512038614116705,0.999894694823041,8.297873793012477e-17,2.1981063030496526e-17,-0.14119666194206681
359.42,0.004022279575124154,0.04174266021824962,0.6815376138223153,5.818930020563626e-17,4.442832094277463e-19,0.014512038614116693,0.999894694823041,-8.85464274136961e-17,-5.8280653398406185e-18,-0.14258438349253888
359.44,0.004022279575124154,0.04174266021824962,0.6786879201544752,-3.8071045374299744e-17,4.582873336384489e-18,0.014512038614116693,0.999894694823041,1.6870844324342687e-18,2.5603032820076527e-18,-0.141726730580094
359.46,0.004022279575124155,0.04174266021824962,0.6759494782487577,-1.8424952341961256e-17,-1.9394677822334977e-17,0.014512038614116693,0.999894694823041,8.328500528962871e-17,8.347809490153633e-18,-0.1357967738881416
359.48,0.004022279575124155,0.04174266021824962,0.6732699327297254,4.280635912329251e-17,-3.028906502173557e-17,0.014512038614116693,0.999894694823041,-8.6365550937925e-18,-1.1443536473124987e-17,-0.13349825069289833
359.5,0.004022279575124154,0.04174266021824962,0.6706004302328727,-3.9852755386583283e-17,5.460688812462417e-18,0.014512038614116696,0.999894694823041,-8.739089904811157e-17,8.370782765017752e-18,-0.1336467747750758
359.52,0.004022279575124154,0.04174266021824962,0.66792638166477,-3.255965127038567e-17,7.734924864930461e-18,0.014512038614116693,0.999894694823041,8.99820857669607e-17,9.128865284293037e-18,-0.13348549093237239
359.54,0.004022279575124155,0.04174266021824962,0.6652489582354265,9.300363306082818e-18,-1.5058773433969124e-17,0.014512038614116696,0.999894694823041,8.345272716097265e-17,-3.9054928626108786e-18,-0.13413907717756413
359.56,0.004022279575124154,0.04174266021824962,0.6625849643323929,-2.8787920783542158e-18,8.708002967157278e-19,0.014512038614116696,0.999894694823041,-8.817312470798926e-17,2.608952189529136e-18,-0.1327761866565913
359.58,0.004022279575124154,0.04174266021824962,0.6599266760305015,-1.851662995161696e-18,1.738922147015356e-18,0.014512038614116696,0.999894694823041,1.347110209572989e-18,7.006746341254866e-19,-0.13313318599850188
359.6,0.004022279575124155,0.04174266021824962,0.6572387404953677,-3.664126068616093e-18,-1.255325863152456e-17,0.014512038614116715,0.999894694823041,8.359568873878154e-17,-1.6779921549409187e-18,-0.1348862723956401
359.62,0.004022279575124154,0.04174266021824962,0.654507898495071,3.661838666699022e-18,3.54331316173441e-18,0.014512038614116715,0.999894694823041,-2.7695873241779597e-21,-4.431975181433753e-19,-0.13710851409266533
359.64,0.004022279575124154,0.04174266021824962,0.6517468195702346,-1.5934246215676324e-17,-1.0227838517656246e-17,0.014512038614116715,0.999894694823041,-1.2904888604296532e-18,2.007854694500512e-18,-0.13826401221043172
359.66,0.004022279575124154,0.04174266021824962,0.6490103979461774,-3.896435000918876e-17,-9.79823602299617e-18,0.014512038614116719,0.999894694823041,-9.086772986305091e-17,1.415765371715422e-17,-0.13507223121543843
359.68,0.004022279575124153,0.04174266021824962,0.6464247768451246,2.5155289068604784e-17,2.423461764163298e-17,0.0145120386141167,0.999894694823041,-8.153736051655e-17,-8.26107486326375e-19,-0.12801384208025457
359.7,0.004022279575124154,0.04174266021824962,0.6439069781924066,-6.2916866875104605e-18,7.766128468291446e-18,0.014512038614116709,0.999894694823041,9.001467815237186e-17,-4.6227894756789594e-18,-0.1252341087609632
359.72,0.004022279575124154,0.04174266021824962,0.6414013734513061,-2.546206828005937e-17,-7.488857806203181e-18,0.014512038614116719,0.999894694823041,-1.672179158043635e-18,7.895079717278342e-18,-0.12555797717402895
359.74,0.004022279575124154,0.04174266021824962,0.6388972582332851,2.8376584143333077e-17,1.0622202178510445e-17,0.014512038614116717,0.999894694823041,1.2737884450590825e-18,-5.046319550784107e-18,-0.12461646503711954
359.76,0.004022279575124153,0.04174266021824962,0.6364028546278552,-7.84947306897825e-18,1.4483883865927748e-17,0.014512038614116719,0.999894694823041,3.979619171659615e-18,-1.47882659191649e-18,-0.12501862230731575
359.78,0.004022279575124154,0.04174266021824962,0.6338659501787692,-2.9538256557538516e-17,9.04771135557047e-18,0.014512038614116719,0.999894694823041,2.658892239189474e-18,8.148806437901124e-18,-0.127559319027859
359.8,0.004022279575124154,0.04174266021824962,0.6312660434817812,2.123769222398814e-19,-1.3878696759978146e-18,0.014512038614116719,0.999894694823041,2.841116463117371e-19,1.315465535170467e-18,-0.13083088550301936
359.82,0.004022279575124154,0.04174266021824962,0.628600307923,6.443726672029847e-18,-1.6277825099439713e-18,0.014512038614116719,0.999894694823041,-6.282233602081864e-19,-1.2560352693288893e-18,-0.13408013534351726
359.84,0.004022279575124154,0.04174266021824962,0.625899979580917,1.1429490952834468e-17,-5.047185531155511e-18,0.014512038614116719,0.999894694823041,-8.844314894138899e-19,-3.3916673212900626e-18,-0.13502957324738052
359.86,0.004022279575124155,0.04174266021824962,0.6231841217262769,-1.6965820794377686e-17,-2.0003467825377103e-17,0.014512038614116719,0.999894694823041,8.209665451168746e-17,4.944783730304562e-19,-0.13613990003887855
359.88,0.004022279575124154,0.04174266021824962,0.6204910123716453,-9.557223160635582e-19,-8.848436989351993e-18,0.014512038614116719,0.999894694823041,-9.017538876304967e-17,4.741204645468333e-18,-0.13279858082566598
359.9,0.004022279575124155,0.04174266021824962,0.617940006557669,1.4017272616732782e-17,-1.3132784536212003e-17,0.014512038614116702,0.999894694823041,8.425660766168401e-17,-5.808241158233841e-18,-0.1264516600771315
359.92,0.004022279575124155,0.04174266021824962,0.6154255802096238,-2.6643184731534926e-18,-2.5991605294149858e-17,0.014512038614116714,0.999894694823041,-6.333780112843562e-18,-1.0688079513429215e-19,-0.12579685754650072
359.94,0.004022279575124154,0.04174266021824962,0.6128819529470648,2.0214802565785164e-17,-3.520821818183375e-18,0.014512038614116715,0.999894694823041,-8.93355576359301e-17,-5.328027088413132e-19,-0.1277756486533499
359.96,0.004022279575124154,0.04174266021824962,0.6103271319620035,1.9067995819365298e-17,-5.107546618103532e-18,0.014512038614116715,0.999894694823041,-3.9543765588748696e-19,-6.586383720982231e-18,-0.12760552100875566
359.98,0.004022279575124155,0.04174266021824962,0.6077748550157156,-2.4378739760945144e-17,-1.944695947356524e-17,0.014512038614116717,0.999894694823041,-4.724749394496854e-18,4.9096940717744324e-18,-0.12717689587627978
360.0,0.004022279575124154,0.04174266021824962,0.6052719264284806,1.1931182364702497e-17,9.927562972441968e-18,0.014512038614116703,0.999894694823041,4.889235151048776e-19,2.731512560245721e-20,-0.124889090610103
360.02,0.004022279575124154,0.04174266021824962,0.602780618264918,1.9797599898424705e-17,6.525279944130431e-18,0.0145120386141167,0.999894694823041,8.949555621621617e-17,-8.492017868525076e-18,-0.12439834323850762
360.04,0.004022279575124154,0.04174266021824962,0.6003028779270114,5.063133629698006e-18,-3.473841838432305e-18,0.014512038614116702,0.999894694823041,-1.2931316309136554e-18,-1.0423667939966168e-18,-0.12298562022177162
360.06,0.004022279575124153,0.04174266021824962,0.5979014150719125,3.483222866109754e-17,1.4506910523726255e-17,0.014512038614116686,0.999894694823041,-8.401849029886258e-17,-3.933651508340825e-18,-0.11964787078939665
360.08,0.004022279575124154,0.04174266021824962,0.5955042721860936,1.9227093034885608e-17,3.817807665070381e-18,0.014512038614116693,0.999894694823041,8.854976776780681e-17,-9.336854250285279e-18,-0.12006552122274528
360.1,0.004022279575124154,0.04174266021824962,0.5930646526336469,4.3189754965480575e-18,-4.1935336504451954e-18,0.014512038614116698,0.999894694823041,-1.2673679313809397e-18,-5.047227127524449e-19,-0.12277004587323281
360.12,0.004022279575124154,0.04174266021824962,0.5905659368578781,3.3922063574033034e-17,9.055210804011523e-18,0.014512038614116684,0.999894694823041,1.4726607712297657e-18,-7.222327323098158e-18,-0.12557581456692501
360.14,0.004022279575124153,0.04174266021824962,0.5880113713626477,1.8619791066570428e-17,2.285807875010706e-17,0.014512038614116684,0.999894694823041,4.8947617527660384e-18,-6.323702587430921e-18,-0.12833045769962137
360.16,0.004022279575124153,0.04174266021824962,0.5855182450005203,1.6761108156028057e-17,2.525753541372318e-17,0.014512038614116684,0.999894694823041,7.002268491030508e-18,-3.671901021867373e-18,-0.12347989063561382
360.18,0.004022279575124154,0.04174266021824962,0.5830646168787977,1.6277799053008578e-17,-2.6099434168664707e-18,0.014512038614116684,0.999894694823041,6.2127651107631155e-19,-5.0650637045294724e-18,-0.12270754194314559
360.2,0.004022279575124154,0.04174266021824962,0.5806677932239823,-1.136629850498014e-17,7.222037706412645e-18,0.014512038614116684,0.999894694823041,3.0592494180259067e-19,1.7175398746365723e-18,-0.1189590605379598
360.22,0.004022279575124153,0.04174266021824962,0.5782945361647255,6.49532990189557e-18,3.5563527423769516e-17,0.014512038614116684,0.999894694823041,7.496156002864619e-18,-2.069342972675168e-19,-0.11866665334866466
360.24,0.004022279575124154,0.04174266021824962,0.5760102293853454,-6.153695972333791e-18,8.308522551524591e-18,0.01451203861411669,0.999894694823041,9.072731144377624e-17,-2.9102461805001366e-18,-0.11298717747525444
360.26,0.004022279575124154,0.04174266021824962,0.5737772384146773,-1.5135120617533652e-17,-4.999395539319954e-18,0.014512038614116698,0.999894694823041,-1.472636424112991e-18,4.317880615197744e-18,-0.11139072980381748
360.28,0.004022279575124153,0.04174266021824962,0.5715191131801384,2.912972967464448e-17,1.4385757896618997e-17,0.014512038614116683,0.999894694823041,-8.411713964514716e-17,-2.1935623623652518e-18,-0.1136915229232538
360.3,0.004022279575124154,0.04174266021824962,0.5692036896635305,1.0865849269797772e-17,-1.090694036621786e-18,0.014512038614116686,0.999894694823041,6.91551724369845e-19,-4.792998234609288e-18,-0.11630012525879474
360.32,0.004022279575124154,0.04174266021824962,0.5668245678595452,-1.313081331069766e-17,-9.22601508966847e-18,0.014512038614116686,0.999894694823041,-1.974156750691189e-18,3.488034637843663e-18,-0.11996631185082762
360.34,0.004022279575124154,0.04174266021824962,0.5643711967413498,1.4151945195471068e-17,-1.2451803235534621e-17,0.014512038614116686,0.999894694823041,-2.864310059503619e-18,-2.4045345032348072e-18,-0.1234687345462615
360.36,0.004022279575124154,0.04174266021824962,0.5618459683896442,-4.8088206927051916e-18,1.5022011224538555e-18,0.01451203861411669,0.999894694823041,-1.0483970316272626e-18,-7.470299672360449e-19,-0.12722800398794476
360.38,0.004022279575124153,0.04174266021824962,0.5592579199075363,-5.419398625494826e-18,1.747490854482179e-17,0.014512038614116683,0.999894694823041,4.632846860876409e-18,2.510808006684792e-18,-0.13001889979684655
360.4,0.004022279575124155,0.04174266021824962,0.5566179866162417,1.8268186307451106e-17,-2.3537843625425705e-17,0.014512038614116683,0.999894694823041,8.333237237729914e-17,-6.330996052559812e-18,-0.13257550581565747
360.42,0.004022279575124154,0.04174266021824962,0.5540331769309532,4.614251049991741e-18,2.4921084068410396e-18,0.014512038614116688,0.999894694823041,-8.976206132190265e-17,8.542390181627775e-20,-0.12809887405800247
360.44,0.004022279575124153,0.04174266021824962,0.5515115394799923,1.9905391054888724e-18,2.9479232905147877e-17,0.014512038614116676,0.999894694823041,8.103689414484691e-18,-1.7838483464835474e-19,-0.1254813477658323
360.46,0.004022279575124155,0.04174266021824962,0.5489984717434627,-6.768486808672458e-18,-1.6058942877879934e-17,0.014512038614116686,0.999894694823041,8.462967379005191e-17,-1.9153822551199492e-18,-0.12595911979187413
360.48,0.004022279575124154,0.04174266021824962,0.5464434741319699,-1.2252534020619917e-17,1.0444459462112148e-17,0.014512038614116684,0.999894694823041,-8.6932172997451e-17,6.1580840383114456e-18,-0.1284451211405191
360.5,0.004022279575124153,0.04174266021824962,0.5438274424548571,4.529157887439281e-20,2.7737068301153595e-17,0.014512038614116663,0.999894694823041,7.789276736548617e-18,-4.2939506070650674e-20,-0.13160817381130396
360.52,0.004022279575124153,0.04174266021824962,0.5411480212185219,-1.3592813624677e-17,1.5506455488728015e-17,0.014512038614116663,0.999894694823041,3.8531368011916826e-18,3.4884154635914176e-18,-0.13473337394340756
360.54,0.004022279575124153,0.04174266021824962,0.5384574217437839,1.456089604607507e-17,1.9895616086063026e-17,0.014512038614116655,0.999894694823041,5.948326343522791e-18,-2.3811953125575446e-18,-0.13322208420940562
360.56,0.004022279575124154,0.04174266021824962,0.5358688224591142,-1.6678958286872924e-17,-4.7671583929754195e-18,0.014512038614116653,0.999894694823041,6.26051267426243e-20,1.010346462236955e-18,-0.1286856898316202
360.58,0.004022279575124154,0.04174266021824962,0.5333036016514746,-4.0812423785982546e-17,7.381714772486187e-18,0.01451203861411667,0.999894694823041,1.838225423771653e-19,1.124724471354943e-17,-0.12823093226391746
360.6,0.004022279575124152,0.04174266021824962,0.5307457218537744,1.8786968782733416e-17,4.082865851335951e-17,0.014512038614116662,0.999894694823041,-7.732782629717126e-17,7.319964250647934e-19,-0.12802418140138716
360.62,0.004022279575124153,0.04174266021824962,0.5281578218140316,-1.932818992253567e-18,1.7723528013105526e-17,0.014512038614116669,0.999894694823041,6.668557743284002e-18,-2.618692505566346e-18,-0.12996556600770592
360.64,0.004022279575124154,0.04174266021824962,0.5255317527623654,-2.8834514564671453e-17,9.65593093882027e-18,0.01451203861411668,0.999894694823041,1.7968060363557357e-18,7.946727430057767e-18,-0.13168877436071647
360.66,0.004022279575124153,0.04174266021824962,0.5228897863034109,8.59240872243796e-18,3.3505527249381416e-17,0.01451203861411667,0.999894694823041,8.430502590141201e-18,-6.4599510767727275e-19,-0.13150557703145438
360.68,0.004022279575124154,0.04174266021824962,0.5203152727210487,-1.7102111982533508e-17,7.298404321665788e-18,0.014512038614116688,0.999894694823041,9.027301357998736e-17,-7.285720114703063e-19,-0.1282392168555746
360.7,0.004022279575124153,0.04174266021824962,0.5177684878719548,-2.4220535411968554e-17,1.856819633936815e-17,0.014512038614116688,0.999894694823041,-8.360152936971416e-17,9.811345158368636e-18,-0.12699729472129828
360.72,0.004022279575124153,0.04174266021824962,0.5152175172381046,3.3780179589322823e-18,1.9618167560569356e-17,0.014512038614116684,0.999894694823041,6.338128144658828e-18,1.3220904607798367e-19,-0.12793028891346925
360.74,0.004022279575124155,0.04174266021824962,0.5126353510410644,-5.757903697382058e-18,-1.4779517637545144e-17,0.014512038614116696,0.999894694823041,8.433375852887912e-17,-2.232703713642304e-18,-0.12945353697737527
360.76,0.004022279575124154,0.04174266021824962,0.5100128573208828,-7.135197808306083e-18,-5.600358122934323e-18,0.014512038614116696,0.999894694823041,-8.921801005584192e-17,4.9621979598155694e-18,-0.13175319051023093
360.78,0.004022279575124154,0.04174266021824962,0.5073364794884961,-9.424867374841556e-18,-6.629765888395569e-18,0.014512038614116696,0.999894694823041,-8.974671745204569e-19,1.5720982620950091e-18,-0.1345186737673365
360.8,0.004022279575124154,0.04174266021824962,0.5046061739223288,-3.972220346693918e-18,-9.777465769249146e-18,0.014512038614116696,0.999894694823041,-9.000785204193487e-17,5.314581738913558e-18,-0.13714256766621524
360.82,0.004022279575124154,0.04174266021824962,0.5018900100936187,1.737906246265946e-17,-1.2196466626409207e-17,0.014512038614116688,0.999894694823041,-2.3770293997544974e-18,-4.7511009700131756e-18,-0.13518093025837175
360.84,0.004022279575124155,0.04174266021824962,0.49922037786332407,-1.991302446636947e-17,-2.7164644762831812e-17,0.014512038614116688,0.999894694823041,-7.098668028308606e-18,3.862960211827258e-18,-0.13224173682950813
360.86,0.004022279575124154,0.04174266021824962,0.4966915055388007,1.1913536813435534e-17,-3.8161199276909744e-18,0.014512038614116684,0.999894694823041,-8.941668178136472e-17,2.4585616298762522e-18,-0.12515354772180132
360.88,0.004022279575124154,0.04174266021824962,0.4942312536445803,1.7284740329749806e-17,-3.4871772433488735e-18,0.014512038614116669,0.999894694823041,3.140348896603945e-19,-5.865544495211186e-18,-0.12193141246156225
360.9,0.004022279575124155,0.04174266021824962,0.4918518569268088,-3.847072234046356e-17,-1.2123648460611014e-17,0.014512038614116684,0.999894694823041,-3.4094287734397965e-18,6.967233689778569e-18,-0.11854424461574808
360.92,0.004022279575124154,0.04174266021824962,0.4894847763423723,-1.3960808292105816e-17,1.2087869510476727e-17,0.014512038614116676,0.999894694823041,2.32878695295065e-18,5.636401801394886e-18,-0.11787510686976921
360.94,0.004022279575124155,0.04174266021824962,0.4871504603964695,4.2698086618031785e-18,-2.5840509953112618e-17,0.014512038614116677,0.999894694823041,8.343350563459377e-17,-3.682197461568263e-18,-0.1167780530087148
360.96,0.004022279575124155,0.04174266021824962,0.4847781990708758,-2.2277206443514155e-17,-3.570134213571129e-17,0.014512038614116696,0.999894694823041,-9.63905066429002e-17,6.6309427834627094e-18,-0.11941795247349951
360.98,0.004022279575124154,0.04174266021824962,0.48232944326461114,-1.805708928754631e-17,1.1148871785100568e-17,0.014512038614116677,0.999894694823041,-8.646466595378311e-17,7.68560562604131e-18,-0.12350331571781004
361.0,0.004022279575124154,0.04174266021824962,0.47982375296401036,-2.078511767058303e-17,8.289103644413896e-18,0.014512038614116677,0.999894694823041,9.033226213685602e-17,1.8003390756905885e-18,-0.12572360852093345
361.02,0.004022279575124154,0.04174266021824962,0.4772684676760479,-2.254891946763714e-17,-1.1351862459746564e-17,0.014512038614116679,0.999894694823041,-2.6324270550206606e-18,6.6770701200522935e-18,-0.12852302932788717
361.04,0.004022279575124154,0.04174266021824962,0.4746487093129991,3.115094991476762e-18,1.6554936030433122e-18,0.014512038614116674,0.999894694823041,-2.432791987193827e-19,-4.738410290442458e-20,-0.13181943299271914
361.06,0.004022279575124153,0.04174266021824962,0.47202207307080546,-2.5635627603819553e-17,1.8498683380009797e-17,0.014512038614116677,0.999894694823041,-8.29383853804083e-17,7.516573216124544e-18,-0.1302140404326746
361.08,0.004022279575124153,0.04174266021824962,0.4694463384662323,-6.338479528406617e-18,1.418226907098047e-17,0.014512038614116676,0.999894694823041,4.9088829181157696e-18,3.655459622262978e-18,-0.12865191014710398
361.1,0.004022279575124155,0.04174266021824962,0.4668893047118472,7.202720225021814e-18,-1.2727263694893533e-17,0.014512038614116674,0.999894694823041,8.457161170184193e-17,-4.8672204608614965e-18,-0.12732758998068583
361.12,0.004022279575124154,0.04174266021824962,0.46433953985468623,-1.7703401856519624e-17,8.677382146773302e-18,0.014512038614116679,0.999894694823041,1.781827049678601e-19,3.7431813597936336e-18,-0.12777125756870955
361.14,0.004022279575124153,0.04174266021824962,0.4617638436346235,7.35767527807973e-18,1.9705217010404587e-17,0.014512038614116674,0.999894694823041,5.5284031301107756e-18,-2.3981599940664863e-19,-0.1290925338895743
361.16,0.004022279575124154,0.04174266021824962,0.4591513382544843,-1.3484671340102022e-17,5.6693130238957525e-18,0.014512038614116674,0.999894694823041,1.8398540743687246e-18,7.010409542406739e-19,-0.1311555943023346
361.18,0.004022279575124154,0.04174266021824962,0.45658058961297443,-1.3190211782886742e-17,1.0511655027837206e-17,0.014512038614116674,0.999894694823041,2.516654070250364e-18,5.7158338134129415e-18,-0.12760116210668304
361.2,0.004022279575124154,0.04174266021824962,0.45403861862980777,5.550248804499009e-17,4.718570535134928e-18,0.014512038614116663,0.999894694823041,1.8292070487868102e-18,-1.1142649743708523e-17,-0.12721707327093545
361.22,0.004022279575124154,0.04174266021824962,0.4514664378524117,1.637764002214839e-17,-1.7410646166411583e-18,0.014512038614116672,0.999894694823041,-1.243164473951683e-18,-8.739687846903312e-18,-0.12919344276505207
361.24,0.004022279575124153,0.04174266021824962,0.4488532469733868,-3.036197120534385e-17,2.981481742299146e-17,0.014512038614116667,0.999894694823041,6.114052739301426e-18,7.361205569775132e-18,-0.1310593099105195
361.26,0.004022279575124153,0.04174266021824962,0.4461983591301366,1.0577894358691129e-17,1.546579773479015e-17,0.014512038614116655,0.999894694823041,6.149314398443816e-18,-2.1787667457418284e-19,-0.13335906248652662
361.28,0.004022279575124154,0.04174266021824962,0.44350521100001106,6.028664905081321e-19,-5.3417774064462656e-18,0.01451203861411667,0.999894694823041,-1.1346384287579079e-18,-2.6167313236411514e-18,-0.13496978025641093
361.3,0.004022279575124155,0.04174266021824962,0.440779285297459,-2.5618087120998382e-17,-1.2834589637299644e-17,0.01451203861411667,0.999894694823041,8.403950649394108e-17,4.297830724766787e-18,-0.13678143475666094
361.32,0.004022279575124155,0.04174266021824962,0.4380258623664207,4.797272093928937e-19,-1.786017780097021e-17,0.01451203861411667,0.999894694823041,-5.0077196113273116e-18,1.4255819797041355e-18,-0.13784693287524075
361.34,0.004022279575124154,0.04174266021824962,0.4352952683778283,-7.832183051741353e-18,-2.5072043160862995e-18,0.01451203861411667,0.999894694823041,-1.5219809291886158e-18,1.389127380152246e-18,-0.13494695789075806
361.36,0.004022279575124154,0.04174266021824962,0.43268295990381433,2.657093138837133e-18,-1.2018446782363113e-17,0.014512038614116663,0.999894694823041,-1.910876846941197e-18,4.607003195410359e-19,-0.12972143870576547
361.38,0.004022279575124155,0.04174266021824962,0.43012214696022366,7.240252742564956e-18,-2.3412075473380922e-17,0.014512038614116672,0.999894694823041,-6.134090783491546e-18,-2.2474617823009455e-18,-0.12749876399503757
361.4,0.004022279575124154,0.04174266021824962,0.42756876353592377,-8.843703242797203e-18,3.994047925749291e-18,0.014512038614116676,0.999894694823041,-5.7447855915730425e-19,1.5490246436377767e-18,-0.12795271400284358
361.42,0.004022279575124154,0.04174266021824962,0.424976754244784,-1.0320988302942493e-17,1.2500987363387869e-17,0.014512038614116667,0.999894694823041,9.043055113610144e-17,2.0991443317568048e-19,-0.1302393778849109
361.44,0.004022279575124154,0.04174266021824962,0.4223290839837588,-3.4050621850975865e-18,-5.71460779283664e-20,0.014512038614116667,0.999894694823041,1.619076568286319e-19,1.4584609153649999e-18,-0.13310471499217158
361.46,0.004022279575124154,0.04174266021824962,0.41968534961969195,9.742746781714214e-18,8.700725414758754e-18,0.01451203861411666,0.999894694823041,1.7092270902259663e-18,-1.8477050747584106e-18,-0.1317063667806151
361.48,0.004022279575124154,0.04174266021824962,0.41704936560199857,-1.0461216187321186e-18,-7.653074762691933e-18,0.014512038614116657,0.999894694823041,-3.5795217507875328e-19,-1.2559401283836677e-18,-0.13201843749119924
361.5,0.004022279575124155,0.04174266021824962,0.4143825524803626,-2.2771833112263105e-17,-1.9570693981222716e-17,0.014512038614116676,0.999894694823041,-5.68977762754327e-18,5.832964428227261e-18,-0.13385643434934424
361.52,0.004022279575124154,0.04174266021824962,0.411670302356814,1.5047658798670655e-17,-5.759252373957831e-19,0.014512038614116665,0.999894694823041,-8.212798225459788e-19,-1.267065887482171e-18,-0.1362144695616685
361.54,0.004022279575124154,0.04174266021824962,0.40891066071952487,9.003594123694612e-19,-1.0924389339472983e-17,0.014512038614116665,0.999894694823041,-2.728034482188565e-18,-2.3486023604893645e-18,-0.1385528743515163
361.56,0.004022279575124154,0.04174266021824962,0.4061331071451345,1.504378908615129e-17,7.223375060154217e-18,0.014512038614116665,0.999894694823041,4.866679436306309e-19,-1.418659284648842e-18,-0.13869510156335751
361.58,0.004022279575124154,0.04174266021824962,0.40335471845056814,4.8128688179942166e-17,4.5914172496006435e-18,0.014512038614116646,0.999894694823041,8.912198633416199e-17,-1.5293303947960553e-17,-0.1390955060077137
361.6,0.004022279575124155,0.04174266021824962,0.40057555424763924,2.4695406278752896e-17,-1.8230992284942896e-17,0.01451203861411665,0.999894694823041,8.209989486304422e-17,-1.0777839835604317e-17,-0.13828343597439563
361.62,0.004022279575124153,0.04174266021824962,0.3978850529877004,3.7229459010112575e-17,1.438742615732253e-17,0.014512038614116644,0.999894694823041,-8.587607196355743e-17,-5.461903397682715e-18,-0.1337135336468065
361.64,0.004022279575124153,0.04174266021824962,0.39526354813523146,5.164111920062329e-17,1.9575669036735944e-17,0.01451203861411663,0.999894694823041,6.636307876546011e-18,-1.3994242001431096e-17,-0.12986840671342925
361.66,0.004022279575124155,0.04174266021824962,0.3926913850868651,2.344762734588778e-17,-1.829093155068624e-17,0.014512038614116646,0.999894694823041,8.300979689437021e-17,-9.851657089566741e-18,-0.1285177240968438
361.68,0.004022279575124154,0.04174266021824962,0.39012570635643784,3.187101098156994e-17,-5.52958350154008e-19,0.01451203861411664,0.999894694823041,-1.6625485472792336e-18,-7.108423354486024e-18,-0.12809404662483814
361.7,0.004022279575124153,0.04174266021824962,0.38754854829483554,3.171299187048028e-17,1.7927594915246742e-17,0.01451203861411664,0.999894694823041,-8.319124037539218e-17,-6.687423617558273e-18,-0.12927966850585504
361.72,0.004022279575124153,0.04174266021824962,0.38492644752889227,4.412147897907736e-18,2.0631360835476995e-17,0.01451203861411664,0.999894694823041,5.815190111494096e-18,-2.542289879073024e-18,-0.13177306278707723
361.74,0.004022279575124154,0.04174266021824962,0.3822649424266321,7.06180195960632e-18,-1.9066982044656182e-18,0.01451203861411664,0.999894694823041,8.572505894399338e-19,-1.3869714377721052e-18,-0.1329683913438351
361.76,0.004022279575124154,0.04174266021824962,0.3796294742690075,-3.959665034696904e-18,1.1594520368765878e-18,0.01451203861411664,0.999894694823041,-7.874374192935142e-19,-3.658822201884835e-20,-0.1316629825655724
361.78,0.004022279575124153,0.04174266021824962,0.3769944972527395,-1.2182936189691017e-17,3.457436462630042e-17,0.01451203861411664,0.999894694823041,7.631159525179202e-18,3.7139852238714665e-18,-0.13146219081493493
361.8,0.004022279575124153,0.04174266021824962,0.37439985633178197,1.6331554424606858e-17,1.6095378802923888e-17,0.014512038614116625,0.999894694823041,6.0989923967509676e-18,-3.2641715944613645e-18,-0.1295008497360972
361.82,0.004022279575124154,0.04174266021824962,0.3718150296469769,4.088136474772503e-18,-1.0694954603463946e-17,0.014512038614116625,0.999894694823041,-2.4514412286036685e-18,-2.03744070057558e-18,-0.1287193763794714
361.84,0.004022279575124154,0.04174266021824962,0.3692858264066574,1.490346782055129e-17,6.7773456095585636e-18,0.014512038614116625,0.999894694823041,5.475840563371127e-19,-2.4050217377705163e-18,-0.1261304692241283
361.86,0.004022279575124154,0.04174266021824962,0.3667735301924181,1.690608520885895e-17,4.838938807009735e-18,0.014512038614116625,0.999894694823041,1.6725210801481329e-18,-5.621550859370971e-18,-0.12538797237600097
361.88,0.004022279575124153,0.04174266021824962,0.3642489793334017,-1.7092935658398728e-18,2.186837661034938e-17,0.014512038614116625,0.999894694823041,-8.291419361422319e-17,2.88507043596811e-18,-0.126696936430859
361.9,0.004022279575124153,0.04174266021824962,0.36167415669040803,2.7198438170092554e-17,2.1334139462627853e-17,0.014512038614116611,0.999894694823041,7.098071868490982e-18,-5.1872078482006535e-18,-0.12949030932520866
361.92,0.004022279575124154,0.04174266021824962,0.3590367917692816,3.523956655817798e-17,-5.88072928193867e-18,0.014512038614116611,0.999894694823041,-1.7762055318294773e-18,-9.885792355968711e-18,-0.13265320151890636
361.94,0.004022279575124152,0.04174266021824962,0.3563997135970326,1.3405038752841372e-17,5.925621003866325e-17,0.014512038614116611,0.999894694823041,-7.5714647531884e-17,-2.583993882668713e-18,-0.1314061615735218
361.96,0.004022279575124152,0.04174266021824962,0.3537917053515689,-5.6994196963310615e-18,4.166735867995213e-17,0.014512038614116598,0.999894694823041,1.0212200815372285e-16,-2.344498675331574e-18,-0.12999553153083543
361.98,0.004022279575124156,0.04174266021824962,0.35118613622170447,-1.5650401641306832e-17,-4.1390348901382566e-17,0.014512038614116622,0.999894694823041,1.6585882060439302e-16,-9.03787076314634e-19,-0.13056247784598574
362.0,0.004022279575124154,0.04174266021824962,0.3485665575274941,5.505673827970057e-18,4.440146767656392e-18,0.014512038614116615,0.999894694823041,-9.017966421569783e-17,2.9239853171521404e-18,-0.13088338675251165
362.02,0.004022279575124152,0.04174266021824962,0.3459340541609913,4.634929891827719e-18,3.774586705449472e-17,0.0145120386141166,0.999894694823041,-7.645102358718598e-17,-2.6071627229018523e-19,-0.13201151105973752
362.04,0.004022279575124154,0.04174266021824962,0.34327443713327,-2.428181867570472e-17,-8.277859850541586e-18,0.014512038614116617,0.999894694823041,8.747849645915001e-17,2.8320674346586572e-18,-0.13322981310118776
362.06,0.004022279575124154,0.04174266021824962,0.3405837680742897,3.58893804398657e-18,-5.1079488905830445e-18,0.014512038614116601,0.999894694823041,-8.986146429713168e-17,4.370955256858681e-18,-0.13503168936931376
362.08,0.004022279575124153,0.04174266021824962,0.3378498580250855,1.5774735546067443e-17,1.973956867144764e-17,0.014512038614116596,0.999894694823041,-8.215341745164363e-17,-2.932635642275411e-18,-0.13726223270739135
362.1,0.004022279575124153,0.04174266021824962,0.335071672039406,2.7305875274099435e-18,2.464816700800963e-17,0.014512038614116596,0.999894694823041,6.966730838490474e-18,-3.829404478614826e-19,-0.13943906163896846
362.12,0.004022279575124153,0.04174266021824962,0.33225421373559916,1.3139162470549621e-17,1.4278835243370092e-17,0.014512038614116596,0.999894694823041,4.674361756594954e-18,-4.366748431259971e-18,-0.1413237312808735
362.14,0.004022279575124153,0.04174266021824962,0.3294428481624764,-1.3436199263890816e-17,1.9236774059220934e-17,0.014512038614116596,0.999894694823041,4.569017140607608e-18,3.033167850220266e-18,-0.13917335986924906
362.16,0.004022279575124153,0.04174266021824962,0.32675559962367995,2.5233171521278974e-17,2.5059589673421933e-17,0.014512038614116594,0.999894694823041,6.945077833922095e-18,-3.7066326817428986e-18,-0.133299617367999
362.18,0.004022279575124154,0.04174266021824962,0.3241329230795662,3.779824004510072e-17,7.8683109244339e-18,0.014512038614116584,0.999894694823041,8.989460049171192e-17,-1.3686599560734865e-17,-0.13043560850865
362.2,0.004022279575124154,0.04174266021824962,0.3215294188675396,-7.587095873634616e-19,9.89119178347977e-19,0.014512038614116587,0.999894694823041,-2.5097302017582e-19,-1.4042309260527716e-18,-0.13032208095823394
362.22,0.004022279575124154,0.04174266021824962,0.31889735262375707,2.4224325182687206e-17,7.185884101951648e-18,0.014512038614116577,0.999894694823041,2.4196111867209514e-18,-3.945431813555883e-18,-0.1321273100499898
362.24,0.004022279575124155,0.04174266021824962,0.31626287387131835,2.7982967561032303e-17,-1.6758973279834793e-17,0.014512038614116573,0.999894694823041,8.285401682682748e-17,-1.133400275074466e-17,-0.13041788406576993
362.26,0.004022279575124153,0.04174266021824962,0.3137268623504661,-1.4129428995152284e-17,2.2315785995284877e-17,0.014512038614116573,0.999894694823041,-8.405409011728761e-17,4.385396313662998e-18,-0.12612935214389998
362.28,0.004022279575124152,0.04174266021824962,0.3112263238956492,8.160116688194831e-19,3.825657419581759e-17,0.014512038614116558,0.999894694823041,1.0207320579620037e-17,1.3370091485746928e-18,-0.12466330077439691
362.3,0.004022279575124154,0.04174266021824962,0.3087203619504503,-4.6363188629997504e-18,9.417550002873931e-18,0.014512038614116565,0.999894694823041,9.018982104904705e-17,-2.9714557877061707e-18,-0.12572540283295464
362.32,0.004022279575124153,0.04174266021824962,0.3061896556403827,-1.649959956957915e-17,2.2942532068951126e-17,0.014512038614116568,0.999894694823041,-8.194470135907878e-17,7.229390490254158e-18,-0.12662279320418968
362.34,0.004022279575124154,0.04174266021824962,0.30364388312149215,5.966314956487147e-18,6.172640824868051e-18,0.014512038614116563,0.999894694823041,9.014872768980154e-17,-3.6739591815426246e-18,-0.12719763523936223
362.36,0.004022279575124154,0.04174266021824962,0.3011231418470126,-3.281829338234013e-17,-7.068868546399621e-18,0.014512038614116572,0.999894694823041,-1.9928553289239307e-18,5.813830149623401e-18,-0.1259906667460342
362.38,0.004022279575124154,0.04174266021824962,0.2986104907314603,-2.318458850827695e-17,5.6118842597850266e-18,0.014512038614116566,0.999894694823041,1.5845619753392215e-18,7.886160213704325e-18,-0.12474330615571683
362.4,0.004022279575124155,0.04174266021824962,0.2961756792183259,6.387426451960479e-18,-2.6985401025441392e-17,0.014512038614116563,0.999894694823041,8.191730857231704e-17,-3.542468724797366e-18,-0.12127415265688057
362.42,0.004022279575124155,0.04174266021824962,0.29374593412727934,-1.0136652195179167e-17,-1.4980311360255435e-17,0.014512038614116563,0.999894694823041,-5.388416212623219e-18,1.6928480148760262e-18,-0.12150924521426854
362.44,0.004022279575124154,0.04174266021824962,0.2913588173825352,-3.501049116130749e-18,-5.999220354474118e-18,0.014512038614116563,0.999894694823041,-8.492223028324887e-19,1.7570296472794445e-18,-0.11886905224034461
362.46,0.004022279575124155,0.04174266021824962,0.2889905455734594,-2.841453497813937e-18,-2.3374652663246933e-17,0.01451203861411657,0.999894694823041,-5.101898983354107e-18,2.6215900668717435e-19,-0.11862920576407587
362.48,0.004022279575124154,0.04174266021824962,0.28660135302846235,-5.160795286638732e-18,-6.519559599092534e-18,0.014512038614116573,0.999894694823041,-8.943530807647741e-17,4.034668952673529e-18,-0.11963739800574524
362.5,0.004022279575124154,0.04174266021824962,0.2841714436957986,-2.402440727515632e-18,-1.2008566139804878e-17,0.014512038614116572,0.999894694823041,-1.6817508717357559e-18,1.2866074306278066e-19,-0.12227515154600299
362.52,0.004022279575124155,0.04174266021824962,0.28168242940533894,-3.43976062374995e-17,-2.8127576899254767e-17,0.014512038614116589,0.999894694823041,-6.8735259430665095e-18,7.017131075165778e-18,-0.12509870814089163
362.54,0.004022279575124154,0.04174266021824962,0.2791390195051452,-6.378891769216902e-18,-2.0146870803923738e-18,0.014512038614116589,0.999894694823041,-8.879749335743294e-17,7.19042129128002e-18,-0.12766768706704568
362.56,0.004022279575124154,0.04174266021824962,0.27658610400974926,1.9641637149730953e-17,-1.6142591258914368e-18,0.01451203861411658,0.999894694823041,1.4166982829876167e-19,-5.098822605225179e-18,-0.1278560603379275
362.58,0.004022279575124154,0.04174266021824962,0.2740318883300291,-6.818158694702239e-18,-4.3668355012118e-18,0.01451203861411658,0.999894694823041,-1.638946663688871e-18,7.055506208988949e-19,-0.12674324744053056
362.6,0.004022279575124154,0.04174266021824962,0.27158776451845135,2.3895293408716938e-17,8.444225550809196e-18,0.014512038614116563,0.999894694823041,1.9843648894113386e-18,-3.5675355633200715e-18,-0.1213128369219385
362.62,0.004022279575124154,0.04174266021824962,0.26920730223314204,2.84721077541955e-17,-1.0901234489006229e-17,0.014512038614116563,0.999894694823041,-1.8840389298795385e-18,-7.599150332672859e-18,-0.11740421357849806
362.64,0.004022279575124153,0.04174266021824962,0.26693646762896106,7.507063305690522e-18,1.7655071990857243e-17,0.014512038614116566,0.999894694823041,-8.510101897325482e-17,3.6167176511532667e-19,-0.11294796090718373
362.66,0.004022279575124153,0.04174266021824962,0.2646731146475948,2.7882351743028043e-17,3.2839747061601476e-17,0.014512038614116566,0.999894694823041,7.870861869943913e-18,-4.920401479345521e-18,-0.11347860221251338
362.68,0.004022279575124154,0.04174266021824962,0.26235465753656717,1.0592549160751504e-17,1.046348267093424e-17,0.014512038614116573,0.999894694823041,9.005704856236952e-17,-7.131491372858089e-18,-0.11690826244529218
362.7,0.004022279575124153,0.04174266021824962,0.2599918285633568,-1.0240224266679954e-17,1.6432482876369556e-17,0.014512038614116573,0.999894694823041,-8.347364488632362e-17,4.986680071938145e-18,-0.11843323551603557
362.72,0.004022279575124153,0.04174266021824962,0.2575803953139587,1.1348547910650388e-17,2.0541029581907208e-17,0.014512038614116565,0.999894694823041,4.978829770125486e-18,-2.182171446800935e-18,-0.12141863959687083
362.74,0.004022279575124153,0.04174266021824962,0.25515261135574274,-1.456766761084062e-17,1.3376384342332469e-17,0.014512038614116573,0.999894694823041,3.8838955709413364e-18,1.3582535275291882e-18,-0.12125961219181525
362.76,0.004022279575124154,0.04174266021824962,0.25273014070213506,-1.5865761294799243e-17,6.8660450985655315e-18,0.014512038614116566,0.999894694823041,1.9470967993267963e-18,5.132109152468718e-18,-0.12113738121272144
362.78,0.004022279575124154,0.04174266021824962,0.25027695520526505,9.069954697449623e-18,-7.88428802575358e-18,0.014512038614116563,0.999894694823041,-1.2561203464706985e-18,-1.7211247652506736e-18,-0.1233408294271987
362.8,0.004022279575124153,0.04174266021824962,0.24775820792155448,-2.4417839937871397e-17,1.5038090136103413e-17,0.01451203861411657,0.999894694823041,-8.498706357784751e-17,6.5287606279471755e-18,-0.12685742708398173
362.82,0.004022279575124153,0.04174266021824962,0.24517748378106277,-1.4971456114625487e-17,2.4928816093337028e-17,0.014512038614116563,0.999894694823041,7.245098152628418e-18,5.55748033387859e-18,-0.12963298364168652
362.84,0.004022279575124154,0.04174266021824962,0.2425444384273621,-3.117210753377127e-18,9.231310577011615e-18,0.014512038614116563,0.999894694823041,8.945834487584505e-17,-2.109231777125158e-18,-0.13229499022038294
362.86,0.004022279575124153,0.04174266021824962,0.23994885674992586,-7.747210546579305e-18,2.8573886160059076e-17,0.014512038614116563,0.999894694823041,5.9400874632650915e-18,2.2272945102568065e-18,-0.12885110846738157
362.88,0.004022279575124154,0.04174266021824962,0.23738588655018908,1.8073933456445072e-17,9.615806705899687e-18,0.014512038614116563,0.999894694823041,9.180782128006484e-17,-5.691008074297842e-18,-0.1280918114132501
362.9,0.004022279575124155,0.04174266021824962,0.23490399386663982,8.267181848454492e-18,-1.409938801042598e-17,0.014512038614116582,0.999894694823041,8.297697608407294e-17,-5.981359719505451e-18,-0.12286341301036008
362.92,0.004022279575124154,0.04174266021824962,0.2325069453722335,2.384563803804703e-18,3.401721467652981e-18,0.014512038614116582,0.999894694823041,3.3835015688584104e-19,4.763838135229599e-19,-0.11800612654987719
362.94,0.004022279575124154,0.04174266021824962,0.2302475140658707,2.5525395083873718e-17,-1.2748885392896948e-17,0.014512038614116582,0.999894694823041,-1.8984887262066983e-18,-5.486098628622565e-18,-0.1119164037959891
362.96,0.004022279575124154,0.04174266021824962,0.22810889300097262,2.236750327063175e-19,8.441314841908121e-18,0.014512038614116582,0.999894694823041,-1.6898960197484281e-19,-1.19799617248074e-18,-0.10568100595820529
362.98,0.004022279575124153,0.04174266021824962,0.22599428702833546,5.9025392050561264e-18,3.3832232687296685e-17,0.014512038614116572,0.999894694823041,7.258104838585194e-18,-4.537982423131508e-19,-0.10618844649037118
363.0,0.004022279575124154,0.04174266021824962,0.2238548750540639,2.1172876086161507e-17,-6.624260452528029e-18,0.014512038614116577,0.999894694823041,8.718192521930456e-17,-6.782731739546894e-18,-0.10742383173774628
363.02,0.004022279575124154,0.04174266021824962,0.22164783080766964,9.952923429970535e-18,-5.0296967459306926e-18,0.014512038614116585,0.999894694823041,-8.882054693389889e-17,-4.3239668906842167e-19,-0.11145723319605505
363.04,0.004022279575124154,0.04174266021824962,0.21942886843036363,7.02322629977059e-18,-1.194189100282616e-17,0.014512038614116585,0.999894694823041,-1.1304253086695842e-18,-1.5340351270624193e-18,-0.11074504912827743
363.06,0.004022279575124156,0.04174266021824962,0.2171925085701289,6.114256413491349e-18,-3.8226218361050606e-17,0.014512038614116603,0.999894694823041,7.82646531226357e-17,-3.627385868259738e-18,-0.1123341725158572
363.08,0.004022279575124154,0.04174266021824962,0.21488851794447114,1.3677902878786533e-17,-1.6205969197051936e-18,0.0145120386141166,0.999894694823041,-8.905206961642841e-17,-4.2115310423328365e-19,-0.1163035173988608
363.1,0.004022279575124154,0.04174266021824962,0.2124881582326019,-6.1369041404946485e-18,-1.4801997871200736e-18,0.014512038614116589,0.999894694823041,1.055950643964501e-18,-5.36644158855747e-20,-0.12128633072988615
363.12,0.004022279575124154,0.04174266021824962,0.20998841186934847,-4.0458706011984965e-18,-9.117938019600697e-18,0.014512038614116589,0.999894694823041,-8.994000003209679e-17,4.850718759556488e-18,-0.12617950836597558
363.14,0.004022279575124154,0.04174266021824962,0.20740019788231523,9.723300732752417e-18,-2.8478220679418453e-18,0.014512038614116589,0.999894694823041,6.31265417179245e-20,-2.4720560407863464e-18,-0.13042705172346958
363.16,0.004022279575124155,0.04174266021824962,0.20476197021440387,-1.9169177121328106e-17,-3.145332432696411e-17,0.014512038614116589,0.999894694823041,-7.072489424891652e-18,2.6796554824258895e-18,-0.13209476393798436
363.18,0.004022279575124154,0.04174266021824962,0.20209569677357944,-3.4011206974980535e-17,-5.057460188954145e-20,0.014512038614116604,0.999894694823041,-8.99498614421451e-17,1.2656442660854521e-17,-0.1338034114132608
363.2,0.004022279575124153,0.04174266021824962,0.1993853808936167,1.1830957621222951e-17,2.971703086285368e-17,0.014512038614116582,0.999894694823041,8.575344757006781e-18,-1.0172873066102074e-18,-0.1361076983984938
363.22,0.004022279575124154,0.04174266021824962,0.1966283898002865,-1.2066512875934537e-17,3.091535302879479e-18,0.014512038614116582,0.999894694823041,1.2714723554948873e-18,6.968987356294903e-19,-0.1384023170250437
363.24,0.004022279575124152,0.04174266021824962,0.19389078024354026,-6.949238431881473e-18,4.2091527345704026e-17,0.014512038614116582,0.999894694823041,-7.783795516185563e-17,6.305540983964599e-18,-0.13619448318340777
363.26,0.004022279575124153,0.04174266021824962,0.1912004113556159,2.279991784867258e-17,3.209560353021949e-17,0.014512038614116568,0.999894694823041,9.76100793196005e-17,-8.166045296506816e-18,-0.1338993763358165
363.28,0.004022279575124154,0.04174266021824962,0.1885284458663226,-1.58010517752819e-17,-9.92389693315687e-19,0.014512038614116584,0.999894694823041,3.7385241440890876e-19,1.3684009558370897e-18,-0.13369783947092817
363.3,0.004022279575124153,0.04174266021824962,0.18583405372770462,-1.9531703335453494e-17,2.6889531914094343e-17,0.014512038614116577,0.999894694823041,-8.136228753692925e-17,8.936158118557233e-18,-0.1351440046405139
363.32,0.004022279575124153,0.04174266021824962,0.1831006465761174,5.930900486103789e-18,2.3912486500911027e-17,0.014512038614116568,0.999894694823041,8.018463419964044e-18,-8.495451462166726e-19,-0.1372024537352301
363.34,0.004022279575124153,0.04174266021824962,0.18034921444894197,-8.195116858648937e-18,1.6270470022873782e-17,0.014512038614116568,0.999894694823041,-8.325105266602731e-17,3.3873096084004924e-18,-0.13741800961725448
363.36,0.004022279575124152,0.04174266021824962,0.17760479701416976,-2.0758763720735087e-18,4.084024758734417e-17,0.014512038614116561,0.999894694823041,-7.581608461925883e-17,3.958943543066884e-18,-0.1368999763801504
363.38,0.004022279575124154,0.04174266021824962,0.17491488817362483,-5.657896309901854e-18,2.9038748077523782e-18,0.014512038614116566,0.999894694823041,9.057148297030704e-17,-1.677824983437203e-18,-0.13402692363227442
363.4,0.004022279575124155,0.04174266021824962,0.17224152832993958,2.9060626348579963e-18,-1.3502504999104864e-17,0.014512038614116578,0.999894694823041,-4.313824172541055e-18,5.342030980759541e-19,-0.1334858874459277
363.42,0.004022279575124154,0.04174266021824962,0.16968617012764037,1.9143106832449422e-17,5.519697189164816e-18,0.014512038614116566,0.999894694823041,7.686782686149907e-19,-4.773757561549782e-18,-0.1260586371206046
363.44,0.004022279575124154,0.04174266021824962,0.16722254256134506,-6.787974395614953e-18,3.3107122062322107e-18,0.014512038614116568,0.999894694823041,9.554580020950745e-19,3.1862965869188788e-19,-0.12240550182788246
363.46,0.004022279575124154,0.04174266021824962,0.16477397877637348,9.134069839905139e-18,-1.4884251576941576e-18,0.014512038614116566,0.999894694823041,1.3123426146855244e-19,-6.259508067101682e-19,-0.12273082328393692
363.48,0.004022279575124155,0.04174266021824962,0.16228030440942426,1.5863683559016013e-17,-1.4198941401393065e-17,0.014512038614116554,0.999894694823041,8.323674858545887e-17,-7.199247990883118e-18,-0.12545323325852953
363.5,0.004022279575124153,0.04174266021824962,0.15971835988906527,-2.136969822107705e-18,1.5097561867268833e-17,0.014512038614116554,0.999894694823041,-8.491738703373371e-17,2.6075515881243317e-18,-0.1290061781763996
363.52,0.004022279575124154,0.04174266021824962,0.15708461128164655,1.4806394910906012e-17,7.056834128299063e-18,0.014512038614116554,0.999894694823041,9.032766466410854e-17,-5.6907811482007366e-18,-0.1325548621340461
363.54,0.004022279575124154,0.04174266021824962,0.1544208157582234,-4.527587279926762e-18,4.9426263466394885e-18,0.014512038614116554,0.999894694823041,-4.930012015078978e-20,-6.280535292922305e-19,-0.13293983266561282
363.56,0.004022279575124153,0.04174266021824962,0.15177686236458895,-1.2090626774116083e-17,3.288071259504273e-17,0.014512038614116561,0.999894694823041,7.769670715853556e-18,3.894570767069823e-18,-0.13140950235133175
363.58,0.004022279575124154,0.04174266021824962,0.14919793821883787,2.556797313499097e-17,1.0277634703747698e-17,0.014512038614116556,0.999894694823041,9.140734004300231e-17,-7.271146484722965e-18,-0.12854432570802155
363.6,0.004022279575124154,0.04174266021824962,0.1466828339192113,8.685927997766824e-18,-2.2609405307139537e-18,0.014512038614116556,0.999894694823041,-1.5197510615028512e-18,-3.954048505539579e-18,-0.12358420768038558
363.62,0.004022279575124152,0.04174266021824962,0.14431442665933528,8.583798517738556e-18,5.936263020980648e-17,0.014512038614116554,0.999894694823041,-7.607746386105841e-17,1.4902448029674527e-18,-0.11744379800353588
363.64,0.004022279575124152,0.04174266021824962,0.14198857975093443,2.2073029979037522e-17,4.4821071983182756e-17,0.014512038614116549,0.999894694823041,9.988029350743202e-17,-8.132910819487745e-18,-0.11602262878998015
363.66,0.004022279575124154,0.04174266021824962,0.13964395210626263,-6.1082959008170304e-18,2.9231412149375837e-19,0.014512038614116561,0.999894694823041,8.772707189925529e-17,-2.3911454038829934e-18,-0.11785802523391065
363.68,0.004022279575124153,0.04174266021824962,0.13730528979169787,2.1601108420766574e-17,1.6887598855530086e-17,0.014512038614116549,0.999894694823041,-8.43115233152525e-17,-8.419292907475277e-20,-0.11659033180914935
363.7,0.004022279575124153,0.04174266021824962,0.1349831182314025,2.7708232350307125e-17,2.4814785809123014e-17,0.014512038614116539,0.999894694823041,6.028144954327908e-18,-7.95348702110681e-18,-0.1152224536730112
363.72,0.004022279575124153,0.04174266021824962,0.13275181404574812,-5.409860509916594e-18,1.8635815125255437e-17,0.014512038614116549,0.999894694823041,4.23166472100521e-18,6.201681075304708e-19,-0.11101259329266144
363.74,0.004022279575124154,0.04174266021824962,0.13053302994661367,2.386681964749628e-17,5.629635159074062e-18,0.014512038614116542,0.999894694823041,8.915986299530146e-17,-6.3031634053644346e-18,-0.11099848310325566
363.76,0.004022279575124154,0.04174266021824962,0.12827107123937204,6.377448893541756e-18,-1.1351821436821758e-17,0.014512038614116542,0.999894694823041,-2.436414517593921e-18,-3.423088156728584e-18,-0.11402964198491683
363.78,0.004022279575124154,0.04174266021824962,0.12591997064739066,-2.815049032240722e-17,-4.1802882133959264e-18,0.014512038614116542,0.999894694823041,-1.0435213631346542e-18,6.132913020060447e-18,-0.11880183217606866
363.8,0.004022279575124155,0.04174266021824962,0.12346831876334818,-3.316586413048795e-18,-2.3378671325785093e-17,0.014512038614116542,0.999894694823041,-4.758314743656829e-18,1.6521586973202034e-18,-0.12379684373250432
363.82,0.004022279575124154,0.04174266021824962,0.1209872298201862,-2.7403954485715675e-17,2.8979897281781663e-18,0.014512038614116552,0.999894694823041,-8.873818258255906e-17,7.788350743977994e-18,-0.12405432330889754
363.84,0.004022279575124152,0.04174266021824962,0.11849182100634625,-1.1510449254103984e-17,4.290976262037657e-17,0.014512038614116542,0.999894694823041,-7.665984869431515e-17,7.596874144251343e-18,-0.1250494361149268
363.86,0.004022279575124154,0.04174266021824962,0.11595519478029678,1.4660064629323143e-17,-4.123520718734794e-19,0.014512038614116535,0.999894694823041,8.991661481858041e-17,-5.775819106289093e-18,-0.12753416287639985
363.88,0.004022279575124155,0.04174266021824962,0.11338076087035323,2.9018389887170716e-18,-2.0492406676758674e-17,0.014512038614116545,0.999894694823041,-5.603797694037815e-18,-1.182624979985004e-18,-0.1288756911411365
363.9,0.004022279575124155,0.04174266021824962,0.11077656334801689,1.8666468722265596e-17,-1.2998103801736986e-17,0.014512038614116539,0.999894694823041,-3.1054947269279167e-18,-3.635860845498387e-18,-0.1307623445865186
363.92,0.004022279575124156,0.04174266021824962,0.1081216808982152,1.0160299292471298e-17,-4.2499807976635464e-17,0.014512038614116539,0.999894694823041,7.684125427951757e-17,-6.5250779782640625e-18,-0.13343444033830365
363.94,0.004022279575124155,0.04174266021824962,0.10541145838698264,1.077624143169302e-17,-2.275258480385887e-17,0.014512038614116539,0.999894694823041,-9.517369967689038e-17,1.0547501696701663e-18,-0.13618875578945144
363.96,0.004022279575124155,0.04174266021824962,0.1026505137686156,1.2203433259758452e-17,-2.4906299058743868e-17,0.014512038614116539,0.999894694823041,-5.67486929535167e-18,-4.195182420170314e-18,-0.13863396531515745
363.98,0.004022279575124156,0.04174266021824962,0.099876019153495,-1.0560272670457648e-17,-3.8018230241104135e-17,0.014512038614116542,0.999894694823041,7.607024951588149e-17,-4.486285705301416e-19,-0.13858535333276106
364.0,0.004022279575124154,0.04174266021824962,0.09709746592614625,5.05593114244314e-18,-4.017740536950338e-18,0.014512038614116539,0.999894694823041,-9.065242829363572e-17,3.2217674001108405e-18,-0.13913370467692754
364.02,0.004022279575124154,0.04174266021824962,0.09429619100973458,1.5673651050433823e-17,5.946045107421861e-18,0.014512038614116523,0.999894694823041,2.8015619482687596e-18,-5.639185787111885e-18,-0.14040740700522608
364.04,0.004022279575124155,0.04174266021824962,0.09147905703242493,-3.005157326109531e-17,-2.4008615267961943e-17,0.01451203861411654,0.999894694823041,-5.485961522462038e-18,6.467414485313685e-18,-0.14088598280976306
364.06,0.004022279575124154,0.04174266021824962,0.08865103876647239,-7.546798331980147e-18,-7.303308051732171e-18,0.014512038614116537,0.999894694823041,-9.074478187663239e-17,7.60982267219663e-18,-0.14162439763453216
364.08,0.004022279575124153,0.04174266021824962,0.08581507258008114,6.003676783536439e-18,1.2956868727881906e-17,0.014512038614116535,0.999894694823041,-8.357234445053204e-17,-2.1284607358991064e-19,-0.1417479007065528
364.1,0.004022279575124154,0.04174266021824962,0.08297355209057067,-2.4459860417551567e-17,4.482607236016801e-18,0.014512038614116535,0.999894694823041,2.551461437260619e-18,5.559528993502594e-18,-0.1422446436798494
364.12,0.004022279575124154,0.04174266021824962,0.0801392778705849,-7.887292347661012e-18,-8.210566279702428e-18,0.014512038614116535,0.999894694823041,-2.2828680462864485e-18,3.840579351038334e-18,-0.14128920211738533
364.14,0.004022279575124154,0.04174266021824962,0.07732031403577753,-1.3610142909899628e-17,1.1925143877415534e-17,0.014512038614116535,0.999894694823041,1.3902481965826288e-18,2.2416628746173782e-18,-0.14095842118280327
364.16,0.004022279575124153,0.04174266021824962,0.07449142378282216,-3.088979527454799e-17,3.3672215684474136e-17,0.014512038614116535,0.999894694823041,9.637285581389244e-18,8.90977576702608e-18,-0.14166017732662045
364.18,0.004022279575124155,0.04174266021824962,0.07164745437323715,4.587117512632016e-18,-1.3392920417402421e-17,0.014512038614116535,0.999894694823041,1.7327981085693434e-16,-4.4246626213924674e-18,-0.14220911810615827
364.2,0.004022279575124155,0.04174266021824962,0.06882167669386317,-2.2198317214112297e-17,-1.3637120403605297e-17,0.014512038614116535,0.999894694823041,-6.114352269583932e-18,3.3298542823453897e-18,-0.1411379132092508
364.22,0.004022279575124153,0.04174266021824962,0.06599759077142331,-3.522630176262662e-17,1.3477546016975677e-17,0.014512038614116535,0.999894694823041,-8.281086897217764e-17,1.3834183123029473e-17,-0.14122268751753236
364.24,0.004022279575124155,0.04174266021824962,0.06317765964814381,2.2194631907925314e-17,-2.878768749745818e-17,0.014512038614116535,0.999894694823041,8.161403037688595e-17,-5.2560857468993396e-18,-0.14102788854870457
364.26,0.004022279575124156,0.04174266021824962,0.060359731177035206,3.3278191236842707e-17,-3.91215460403748e-17,0.014512038614116535,0.999894694823041,-1.208720444352109e-17,-9.479593494380399e-18,-0.14077974089542894
364.28,0.004022279575124154,0.04174266021824962,0.057538932782560864,1.4862559007468738e-17,-4.192806925346704e-18,0.01451203861411653,0.999894694823041,-8.945113327163573e-17,-3.2584768013932663e-18,-0.14120234374217083
364.3,0.004022279575124155,0.04174266021824962,0.05472459134998796,-8.250350082363105e-18,-3.004963630553903e-17,0.014512038614116533,0.999894694823041,8.067133320063593e-17,-1.0716073434375074e-18,-0.14031575790420941
364.32,0.004022279575124155,0.04174266021824962,0.05192325746872194,-1.747087452311718e-18,-2.1623415531977447e-17,0.014512038614116544,0.999894694823041,-9.522323979043658e-17,4.388072099987425e-18,-0.1401098274882162
364.34,0.004022279575124154,0.04174266021824962,0.04914364034592693,2.168555365763269e-17,1.3647776526634177e-18,0.014512038614116535,0.999894694823041,2.785159553116853e-19,-5.341149043588674e-18,-0.1382360815603778
364.36,0.004022279575124155,0.04174266021824962,0.04641658690131699,-9.380418266259233e-18,-2.0848914516133962e-17,0.014512038614116544,0.999894694823041,8.222917309639774e-17,-2.1979718988245155e-18,-0.1352383632332893
364.38,0.004022279575124155,0.04174266021824962,0.04377619040126838,8.335644443834647e-18,-1.8247326059750374e-17,0.01451203861411654,0.999894694823041,-5.7396576097619526e-18,2.8159212383853824e-19,-0.13139279554949326
364.4,0.004022279575124154,0.04174266021824962,0.04117460074891967,2.6348837008233925e-17,-9.809994047439355e-18,0.014512038614116528,0.999894694823041,-2.541839215690293e-18,-7.323042121764776e-18,-0.12960303154865155
364.42,0.004022279575124155,0.04174266021824962,0.03857901141047086,-1.2262992352354771e-17,-1.6560127158747397e-17,0.014512038614116545,0.999894694823041,-4.139096786186415e-18,1.0537777674362479e-18,-0.13004176647282362
364.44,0.004022279575124154,0.04174266021824962,0.035972348680526275,-4.3224818067735505e-18,-1.2142527957807288e-17,0.014512038614116542,0.999894694823041,-9.015448325341592e-17,5.4401845134764456e-18,-0.13024752325758243
364.46,0.004022279575124154,0.04174266021824962,0.03335066302437138,1.9804493662387697e-18,-1.513748977804336e-18,0.014512038614116542,0.999894694823041,-1.3464752852107915e-18,-1.5070377094937164e-18,-0.13150063675906112
364.48,0.004022279575124153,0.04174266021824962,0.030699669089414093,-2.8354432987003715e-17,1.3033909179147688e-17,0.014512038614116542,0.999894694823041,-8.375876108421408e-17,9.065353490099013e-18,-0.1328235246830421
364.5,0.004022279575124154,0.04174266021824962,0.028015817704659184,-2.010379726394211e-18,-2.846991755738751e-18,0.014512038614116542,0.999894694823041,8.07326888586523e-19,2.784549957900347e-18,-0.13471113614594715
364.52,0.004022279575124154,0.04174266021824962,0.025316978578347818,2.598255337425646e-18,-8.16038135023023e-18,0.014512038614116544,0.999894694823041,-8.98531207751772e-17,9.314816673780598e-19,-0.13488340257444625
364.54,0.004022279575124153,0.04174266021824962,0.022629798336062885,-9.902917828682426e-18,2.8452899571047177e-17,0.014512038614116544,0.999894694823041,-8.114022705416225e-17,4.944274565599416e-18,-0.13402455540776487
364.56,0.004022279575124154,0.04174266021824962,0.01994535368068484,1.3587499905993288e-17,1.1864642925393025e-17,0.014512038614116535,0.999894694823041,9.272428097446075e-17,-4.476195957736263e-18,-0.13444205128316095
